index,cnt,n_systems,Q1_2022,Q1_2025,Q1_change,Q1_se,Q2_2022,Q2_2025,Q2_change,Q2_se,Q3_2022,Q3_2025,Q3_change,Q3_se,Q4_2022,Q4_2025,Q4_change,Q4_se,Q2-Q1_2022,Q2-Q1_2025,Q2-Q1_change,Q2-Q1_se,Q3-Q1_2022,Q3-Q1_2025,Q3-Q1_change,Q3-Q1_se,Q4-Q1_2022,Q4-Q1_2025,Q4-Q1_change,Q4-Q1_se,Q3-Q2_2022,Q3-Q2_2025,Q3-Q2_change,Q3-Q2_se,Q4-Q2_2022,Q4-Q2_2025,Q4-Q2_change,Q4-Q2_se,Q4-Q3_2022,Q4-Q3_2025,Q4-Q3_change,Q4-Q3_se
escs,AUS,36,458.88261978540993,469.1552101823525,10.272590396942576,4.265640262005602,489.21958075610536,499.71822579286055,10.498645036755192,3.8645871554025386,526.2693607478421,535.8725010013588,9.603140253516699,4.07165761116788,561.1137117098849,549.2075019908891,-11.906209718995797,4.224457209338364,30.336960970695465,30.56301561050798,0.2260546398125136,5.143420520298381,67.38674096243233,66.71729081900625,-0.6694501434260758,5.291609456085284,102.23109192447512,80.05229180853664,-22.178800115938486,5.838527345128901,37.04977999173687,36.15427520849828,-0.895504783238593,4.256218385691137,71.89413095377965,49.48927619802867,-22.404854755750982,5.130381988833115,34.84435096204278,13.335000989530396,-21.509349972512386,4.64840396917792
escs,AUT,36,429.3625491945937,449.09539256564506,19.73284337105133,5.406230582049503,476.6389795848189,489.3519043676405,12.712924782821574,5.529337904740166,517.2293613129957,521.7935238889729,4.564162575977207,4.598615526325039,553.1616102250653,546.9219108147981,-6.2396994102671215,4.8951955857645455,47.27643039022513,40.256511801995465,-7.019918588229665,6.040609621588654,87.86681211840177,72.69813132332777,-15.168680795073996,5.5974027526643315,123.79906103047134,97.82651824915317,-25.972542781318168,6.3827038396708105,40.59038172817664,32.4416195213323,-8.148762206844339,5.977349572921436,76.5226306402462,57.57000644715769,-18.952624193088518,6.025094810064238,35.93224891206957,25.128386925825385,-10.803861986244183,5.179170753939222
escs,BEL,36,432.74376177572924,449.422394509614,16.67863273388474,5.208082748649619,471.0465496570042,480.8713978533695,9.82484819636528,5.261265120302713,513.2198575291392,521.9669959555611,8.747138426421884,4.923800826830272,552.4653784004643,547.1941064175835,-5.271271982880762,5.03982411139883,38.30278788127501,31.44900334375552,-6.853784537519488,5.863251849961198,80.47609575340994,72.54460144594722,-7.931494307462714,6.033708847408072,119.72161662473498,97.7717119079696,-21.949904716765374,6.9165204011372445,42.17330787213493,41.09559810219169,-1.0777097699432403,5.230617060305459,81.41882874345997,66.32270856421408,-15.096120179245887,6.382156626852281,39.24552087132504,25.22711046202238,-14.01841040930266,5.4216421642561246
escs,CAN,36,479.3769274498794,480.3680385844929,0.9911111346135044,3.4628101283190214,505.84147179317733,511.5658842880066,5.7244124948292665,3.4755545587629535,530.0166322728173,538.4457376977898,8.429105424972477,3.590732365094316,551.8680160135266,538.8589149033791,-13.009101110147526,4.309372339082378,26.4645443432979,31.197845703513657,4.7333013602157585,4.0118847906807344,50.63970482293796,58.07769911329685,7.437994290358894,4.261945693104442,72.49108856364717,58.4908763188861,-14.000212244761066,5.091907519508578,24.175160479640056,26.879853409783188,2.704692930143132,3.7733801181056377,46.026544220349265,27.293030615372437,-18.733513604976828,4.59123833493105,21.851383740709206,0.41317720558924975,-21.438206535119956,4.275691946778717
escs,CHE,36,447.2590851407625,456.8502239527239,9.5911388119614,5.048171247913114,485.89081332009425,491.7912608703746,5.900447550280319,5.336458317059003,519.2978031059984,528.7094698075701,9.41166670157179,5.04674769035479,566.8719189649416,555.667416993058,-11.204501971883587,4.722752153187299,38.63172817933177,34.94103691765061,-3.6906912616811667,6.008322664238796,72.0387179652358,71.8592458548463,-0.17947211038951139,6.172815132724347,119.61283382417915,98.81719304033402,-20.79564078384513,6.627654294888554,33.406989785904024,36.91820893719567,3.511219151291648,5.823004283920699,80.98110564484736,63.876156122683426,-17.104949522163935,6.031635992445958,47.574115858943344,26.95794718548775,-20.616168673455594,5.919909798116359
escs,CHL,36,409.535391309993,415.27103868882625,5.735647378833278,5.398819099427538,436.27833505051393,432.8079354472429,-3.470399603271005,5.164945999706704,449.57714569696157,449.14380243723565,-0.43334325972591614,5.268035807059047,489.24113542694187,491.3828523485907,2.141716921648822,5.2259436605645,26.742943740520865,17.53689675841664,-9.206046982104226,6.1265083789367,40.04175438696855,33.87276374840935,-6.168990638559201,6.7674777783449365,79.70574411694884,76.11181365976452,-3.593930457184314,7.312468707651192,13.29881064644768,16.335866989992706,3.037056343545025,6.5674676627517865,52.96280037642796,58.574916901347876,5.612116524919919,6.377237132176177,39.66398972998029,42.23904991135517,2.57506018137488,5.962390507418206
escs,COL,36,375.5364602683963,377.34691056898095,1.8104503005846482,4.5268697684929196,397.6808596374439,406.1649996759499,8.484140038505984,4.9488859053114025,413.79952331582706,423.0690312024134,9.269507886586325,7.02769109824033,465.19805059686786,470.56584384022125,5.36779324335339,9.386303116974991,22.144399369047655,28.818089106968937,6.673689737921283,5.643799040612189,38.26306304743086,45.72212063343244,7.4590575860015775,6.931597475233797,89.66159032847153,93.21893327124027,3.5573429427687415,10.209896373483954,16.118663678383207,16.904031526463502,0.7853678480802948,6.21002828689887,67.51719095942387,64.40084416427132,-3.116346795152552,9.899683120852266,51.39852728104067,47.49681263780783,-3.901714643232843,8.642320948747965
escs,CZE,36,437.0857035929169,446.31382973817745,9.228126145260546,5.123470810896138,489.87847534195527,480.72181320032075,-9.156662141634513,4.953053468903274,509.72839209311405,504.9600210282576,-4.768371064856467,4.803663438999896,555.7146630464086,542.1408827816527,-13.573780264755896,5.692055078008439,52.79277174903833,34.407983462143406,-18.384788286894924,5.607119441940674,72.64268850019712,58.64619129008006,-13.996497210117063,5.9238344150007425,118.62895945349173,95.82705304347522,-22.801906410016514,7.6368217776029415,19.84991675115878,24.238207827936655,4.388291076777875,5.7671202466148745,65.83618770445341,61.419069581331804,-4.417118123121604,6.262612389032883,45.986270953294635,37.18086175339514,-8.805409199899493,6.366404286370911
escs,DEU,36,443.2585180359255,436.0031121842452,-7.25540585168028,6.288625708404497,481.4391337873899,485.4016054456306,3.962471658240702,6.85062303493364,506.9891931338242,516.116004147584,9.126811013759834,6.512479292023309,563.8897493132197,560.9146433365097,-2.9751059767099832,6.268434849513118,38.180615751464416,49.39849326138541,11.217877509920996,7.145197146357199,63.73067509789871,80.11289196333885,16.382216865440142,7.343032040245645,120.63123127729409,124.91153115226442,4.280299874970325,8.1617101067445,25.550059346434296,30.71439870195342,5.164339355519125,6.386839644047754,82.45061552582969,75.513037890879,-6.937577634950685,7.7111607322273095,56.900556179395394,44.798639188925584,-12.10191699046981,6.8403538576999106
escs,DNK,36,451.7493508256915,443.35710712485354,-8.39224370083798,5.00919766918194,482.5749731817224,473.77901277585335,-8.795960405869039,5.0638541269482955,513.3232008454459,506.8182238960624,-6.504976949383433,5.498207587579356,532.1134741644164,512.5661505264958,-19.547323637920613,5.880096330124724,30.825622356030788,30.421905650999786,-0.40371670503100177,5.717750811413792,61.573850019754126,63.4611167712089,1.8872667514547743,6.290920067045328,80.36412333872485,69.20904340164232,-11.155079937082533,7.441195524959813,30.748227663723345,33.03921112020912,2.2909834564857725,6.713203803752593,49.53850098269406,38.78713775064254,-10.751363232051517,6.3752160583326125,18.79027331897072,5.747926630433426,-13.042346688537293,7.460339810997404
escs,ESP,36,447.614767414193,443.1217173013579,-4.493050112835135,3.5273140385952764,472.5672766767836,469.05346088037305,-3.5138157964105403,3.194248703167989,495.2509242249677,497.934040876282,2.683116651314265,3.56883106949541,526.9220453490708,514.3322076023118,-12.58983774675903,3.2496240544361426,24.952509262590617,25.931743579015205,0.9792343164245878,3.643426954378741,47.63615681077476,54.81232357492413,7.176166764149372,4.070245871856477,79.30727793487779,71.21049030095392,-8.096787633923867,4.28456795509696,22.683647548184144,28.88057999590892,6.196932447724777,3.3937731932043524,54.354768672287186,45.2787467219387,-9.076021950348483,3.8879821976874407,31.671121124103042,16.39816672602978,-15.272954398073264,3.8123650106870115
escs,EST,36,490.3943306256767,491.86714285607576,1.4728122303990858,4.53277266844058,512.4139931098473,514.7416261978952,2.3276330880479463,4.379346938730768,536.1379288530865,548.2884103957192,12.150481542632747,5.004736424777717,566.6913895687169,559.9167597609284,-6.7746298077885285,4.96842273914332,22.019662484170738,22.874483341819477,0.8548208576487397,5.393822772499525,45.743598227409784,56.421267539643374,10.67766931223359,5.77829471358137,76.29705894304031,68.04961690485251,-8.247442038187799,6.400033304733613,23.723935743239046,33.5467841978239,9.82284845458485,5.639513162399844,54.27739645886959,45.175133563033036,-9.102262895836553,5.809021255181626,30.553460715630536,11.628349365209136,-18.9251113504214,5.63423458458481
escs,FIN,36,470.2099745380034,469.84602740191565,-0.3639471360877451,4.419618143826273,494.93161580161666,495.52309414185504,0.5914783402383819,5.000541750185101,527.1579180672234,530.5495115924944,3.3915935252709914,4.761522541502724,559.4602908856012,547.7189858598033,-11.741305025797942,4.68450130393449,24.72164126361318,25.67706673993938,0.9554254763262016,5.797984259151195,56.94794352921993,60.703484190578706,3.755540661358779,5.506393116877264,89.25031634759785,77.87295845788769,-11.377357889710154,5.719264483640028,32.22630226560675,35.02641745063932,2.800115185032574,5.357583579546175,64.52867508398467,52.1958917179483,-12.332783366036367,5.741360094437749,32.30237281837792,17.16947426730899,-15.13289855106893,5.342440918194594
escs,FRA,36,429.41697502944925,442.7258692153865,13.308894185937277,5.541065289337365,469.10772065995553,476.2054637351948,7.097743075239293,5.838698332029812,506.58874674016045,507.75788192623816,1.1691351860777104,5.3860422989375,550.7130680501969,542.7319336528259,-7.981134397370965,5.745418710033041,39.69074563050622,33.47959451980821,-6.211151110698012,6.747638425718073,77.17177171071113,65.03201271085157,-12.139758999859552,6.460936258863496,121.29609302074755,100.00606443743929,-21.290028583308256,7.392115203497042,37.48102608020491,31.55241819104336,-5.928607889161555,5.6205416274833215,81.60534739024132,66.52646991763109,-15.07887747261023,6.472671950767397,44.12432131003641,34.97405172658773,-9.150269583448676,5.61261731368465
escs,GBR,36,466.3999266563942,479.2002909067138,12.800364250319603,4.698195919783036,490.3082885599639,506.396068107753,16.087779547789125,5.159636171713088,507.0692178220732,530.7019699469972,23.632752124924025,5.017441171982933,558.025771027497,559.2245203590027,1.1987493315057236,6.4843314997922015,23.908361903569748,27.195777201039242,3.2874152974694937,6.136781516045137,40.66929116567909,51.501679040283555,10.832387874604464,6.389906469995503,91.62584437110286,80.02422945228905,-11.601614918813809,7.82452434019035,16.76092926210934,24.30590183924432,7.544972577134981,6.073287381152672,67.7174824675331,52.82845225124979,-14.88903021628331,7.8819984644533925,50.95655320542376,28.52255041200548,-22.43400279341828,6.874240119206378
escs,GRC,36,404.3215216373573,399.4254946314528,-4.8960270059045,5.443098018960087,426.0822387891323,423.94631615492864,-2.1359226342036663,5.182242348296416,449.59654753073835,454.88408872008904,5.287541189350691,5.422124821805727,485.9665449952392,475.41018224952825,-10.556362745710942,5.68636188587793,21.76071715177499,24.520821523475867,2.7601043717008764,6.067688107594542,45.275025893381084,55.45859408863631,10.183568195255226,6.423915869966577,81.64502335788184,75.98468761807548,-5.6603357398063565,7.055610704047166,23.514308741606094,30.937772565160447,7.4234638235543535,5.154546196469869,59.88430620610684,51.463866094599624,-8.420440111507219,5.950613354138353,36.369997464500756,20.52609352943917,-15.843903935061586,5.470174942113019
escs,HUN,36,423.7951025711477,430.54315563916316,6.748053068015452,5.534966500537585,468.06875290797035,469.69106723102396,1.6223143230536152,5.6938050539540495,506.0850770068535,498.8973734951642,-7.187703511689335,5.075947412256163,548.9457986692566,533.0366020014844,-15.909196667772221,6.310846406965765,44.27365033682265,39.14791159186087,-5.1257387449617795,6.628305115446793,82.28997443570566,68.35421785600116,-13.935756579704503,6.948114428901483,125.1506960981089,102.49344636232131,-22.657249735787587,8.357177480091467,38.01632409888302,29.206306264140284,-8.810017834742734,6.015855846376768,80.87704576128627,63.345534770460446,-17.531510990825822,7.667554451581149,42.86072166240324,34.13922850632016,-8.721493156083085,6.2840015024311775
escs,IRL,36,466.95032175617814,465.7538807690536,-1.1964409871245607,4.748288325010903,489.53997791911416,487.1655974076627,-2.374380511451477,4.902830942825777,517.7322339986436,517.2788283443538,-0.4534056542897815,4.078445408975062,545.0023814730662,538.2312364802668,-6.77114499279935,4.700399430018809,22.58965616293604,21.41171663860917,-1.1779395243268702,5.373356647903052,50.781912242465395,51.52494757530017,0.7430353328347721,5.761830285563333,78.05205971688808,72.47735571121336,-5.574704005674718,5.884586037787308,28.19225607952935,30.11323093669099,1.9209748571616387,5.492572916851753,55.462403553952036,51.0656390726042,-4.396764481347837,5.664468637554712,27.270147474422686,20.95240813591321,-6.317739338509476,5.276802630033487
escs,ISL,36,402.7164499077589,415.26691846963683,12.550468561877949,4.7178430846661605,441.48341161773425,446.0221515097778,4.538739892043566,5.173724397053695,460.52181433510276,466.3829454385908,5.861131103488049,4.807875509247707,486.2904308366681,481.00640700384463,-5.284023832823493,5.220524671231211,38.76696170997538,30.755233040140972,-8.011728669834405,7.177844459146295,57.80536442734389,51.11602696895397,-6.689337458389922,6.749795950433742,83.57398092890928,65.73948853420777,-17.834492394701513,7.411011949079639,19.038402717368502,20.360793928812996,1.3223912114444936,6.928146068312792,44.80701921893391,34.98425549406679,-9.822763724867123,7.337888377798841,25.768616501565408,14.623461565253791,-11.145154936311616,6.876165631086119
escs,ISR,36,406.77085403798503,414.13843947408867,7.367585436103639,5.635407227447756,447.30765817606425,447.019929465966,-0.28772871009823575,6.485224551270331,490.2558190815309,482.90782375219214,-7.347995329338744,6.45431988642742,525.957454747088,496.1368665872883,-29.82058815979974,6.359550173824414,40.536804138079205,32.88148999187737,-7.655314146201832,7.442876603928625,83.48496504354586,68.7693842781035,-14.715580765442354,7.347719440042267,119.18660070910296,81.9984271131996,-37.188173595903365,7.533802306117884,42.94816090546665,35.88789428622612,-7.0602666192405295,6.141838183394096,78.64979657102376,49.11693712132223,-29.532859449701526,7.359370652183111,35.701635665557106,13.229042835096106,-22.472592830461,6.743078122980926
escs,ITA,36,434.16906750310636,445.4707967621713,11.301729259064928,5.01781059504061,470.31846500851964,475.3756953044739,5.057230295954241,5.278902231209436,487.1924796687451,496.02669547733177,8.834215808586691,5.161496001882918,521.7196909369694,524.6843381896672,2.964647252697773,6.132951123788289,36.149397505413226,29.904898542302654,-6.244498963110573,5.51664141473011,53.02341216563874,50.55589871516046,-2.467513450478279,6.305609375129148,87.55062343386302,79.21354142749581,-8.337082006367211,7.2094912470533865,16.874014660225516,20.651000172857806,3.77698551263229,5.306335742158576,51.40122592844982,49.30864288519317,-2.0925830432566457,6.657789882241341,34.527211268224306,28.657642712335367,-5.869568555888939,5.400894047569565
escs,JPN,36,510.81515510106675,503.6185179305664,-7.196637170500367,6.990852577301247,538.0889218324553,532.7309683781899,-5.357953454265385,5.505802817148172,557.9714131942225,552.906763355354,-5.06464983886849,6.0608640660378255,582.0663745514214,574.8466176575878,-7.219756893833619,6.608252161977132,27.273766731388527,29.112450447623566,1.838683716235039,6.285953782059201,47.15625809315573,49.28824542478767,2.13198733163194,7.488313890487601,71.25121945035453,71.22809972702132,-0.023119723333209663,9.16386954118978,19.8824913617672,20.175794977164106,0.29330361539690486,5.966393271952307,43.977452718966006,42.11564927939774,-1.8618034395682628,7.283617866360032,24.094961357198805,21.93985430223364,-2.155107054965164,5.938683691779314
escs,KOR,36,486.1396916515264,488.46970131461387,2.3300096630874805,7.204615135595474,515.5655294537748,524.604216901617,9.038687447842108,6.7081163562461645,538.8404043645543,547.4175911245613,8.577186760007066,6.61025495015853,572.8769132968939,557.7290968710461,-15.14781642584785,7.082903401939909,29.425837802248303,36.134515587003065,6.708677784754762,6.812825016669743,52.700712713027826,58.947889809947426,6.2471770969196,7.874717232480579,86.73722164536754,69.25939555643214,-17.4778260889354,9.03193322167677,23.274874910779523,22.813374222944354,-0.4615006878351693,7.358987241142095,57.31138384311923,33.124879969429074,-24.186503873690157,8.771032164259891,34.036508932339714,10.311505746484716,-23.725003185854998,8.366847529999536
escs,LTU,36,444.3861012935381,460.6551979361904,16.2690966426523,4.1498460957731425,468.464358283118,480.64280788860253,12.178449605484559,4.190842254014822,498.88074278338524,511.18216474618873,12.301421962803488,4.57463684060047,532.1442867230609,522.8121119891973,-9.332174733863553,4.883367493439617,24.078256989579945,19.98760995241205,-4.090647037167894,5.021870163586909,54.494641489847254,50.526966809998335,-3.967674679848919,5.574174518810467,87.7581854295228,62.15691405300679,-25.60127137651601,6.220985895669745,30.416384500267306,30.539356857586284,0.12297235731897871,5.2570772722031975,63.67992843994284,42.16930410059474,-21.510624339348098,5.82537280482714,33.26354393967554,11.629947243008456,-21.633596696667087,5.192236046032147
escs,LVA,36,460.64228616841194,448.858861181014,-11.78342498739795,4.388219515432039,481.2712817716714,473.08909394924484,-8.182187822426556,4.791070213367988,503.31932640909343,490.67095800155386,-12.648368407539579,4.836280213608574,533.4242951012938,507.0412110358079,-26.383084065485832,4.29953280786665,20.62899560325942,24.230232768230866,3.6012371649714474,5.2094013890866835,42.67704024068156,41.81209682053982,-0.8649434201417421,5.516278517469402,72.78200893288182,58.18234985479396,-14.59965907808786,5.864902277699653,22.048044637422144,17.58186405230895,-4.466180585113193,5.875807254027499,52.1530133296224,33.9521170865631,-18.200896243059297,5.80748302281211,30.10496869220026,16.370253034254148,-13.734715657946111,5.886484209001309
escs,MEX,36,379.5051528896229,383.0085266211662,3.50337373154332,3.597961682994434,398.2439754800042,406.835380601519,8.591405121514754,4.003432278993124,414.4599969969604,420.2016716775972,5.741674680636777,5.251188840974476,447.4065402650332,450.86639106088194,3.4598507958487517,6.063299476454328,18.738822590381353,23.82685398035274,5.088031389971388,4.549986770353271,34.95484410733746,37.193145056430986,2.238300949093528,5.5343995795343215,67.90138737541031,67.85786443971571,-0.043522935694596754,6.730181773348855,16.216021516956108,13.366291076078245,-2.849730440877863,5.44042746941405,49.16256478502898,44.03101045936298,-5.131554325665995,6.902654518395677,32.946543268072865,30.66471938328474,-2.2818238847881247,6.465519499364215
escs,NLD,36,440.7565838473467,438.6222603296245,-2.13432351772218,7.161600657879798,465.46145510818303,473.70532288119176,8.24386777300873,6.977558003052744,511.56174651248165,512.7390826055598,1.1773360930781678,6.645295276326687,551.0566759943384,543.5488966376635,-7.507779356674973,6.087158747836582,24.704871260836292,35.08306255156727,10.378191290730975,6.6506911542342815,70.80516266513486,74.1168222759352,3.3116596108003478,8.496748155789241,110.30009214699166,104.92663630803895,-5.373455838952708,9.341167050715821,46.100291404298574,39.033759724367926,-7.066531679930648,7.105252328604689,85.59522088615537,69.84357375647167,-15.751647129683704,8.268604277140792,39.494929481856815,30.80981403210375,-8.685115449753066,6.969000243187534
escs,NOR,36,435.9029370008002,432.0633965706884,-3.8395404301118106,4.48501083579057,469.3110452781565,469.1784187311356,-0.13262654702089094,4.828175630177619,495.14756319769424,495.80806586650294,0.6605026688087037,5.002233977049015,525.7300373442574,508.7741088817929,-16.9559284624645,5.326127033464567,33.40810827735625,37.115022160447175,3.7069138830909267,5.860305800349107,59.24462619689393,63.74466929581454,4.500043098920607,6.2047150482714715,89.82710034345712,76.71071231110454,-13.116388032352575,6.547343155891617,25.83651791953769,26.629647135367367,0.7931292158296763,6.0197611442702295,56.41899206610087,39.595690150657376,-16.823301915443494,6.057441974831463,30.58247414656318,12.966043015290007,-17.616431131273174,6.109281319883093
escs,NZL,36,452.63233009579454,472.95969112150595,20.32736102571141,4.766791024053569,497.82256111365894,503.53359438091366,5.71103326725472,5.4716024390923685,528.5855378531309,540.713601225441,12.12806337231018,5.431126134090714,558.6491756701495,562.3145973945636,3.665421724414159,4.597867939095657,45.19023101786435,30.573903259407633,-14.616327758456716,5.625275304584497,75.95320775733616,67.75391010393503,-8.199297653401132,6.502594479656584,106.01684557435479,89.3549062730576,-16.661939301297195,6.573371429369576,30.76297673947181,37.1800068445274,6.417030105055588,6.822549774631747,60.82661455649045,58.78100301364996,-2.04561154284049,7.205540331010378,30.063637817018638,21.60099616912256,-8.462641647896078,6.9640123196754065
escs,POL,36,454.526278807555,458.63363096163846,4.107352154083458,4.58393656783416,487.0124293142758,483.4321788155168,-3.5802504987589714,4.971983723508496,512.7225162305934,517.8752432848612,5.152727054267757,5.307842843179323,548.881985886773,540.367575275728,-8.514410611045037,5.2561498101509265,32.48615050672086,24.79854785387829,-7.687602652842571,5.085713034750203,58.196237423038426,59.24161232322276,1.0453749001843349,5.992213787995289,94.35570707921813,81.73394431408948,-12.62176276512865,6.994477336664621,25.71008691631757,34.44306446934447,8.732977553026899,5.470765931569157,61.86955657249725,56.93539646021119,-4.934160112286065,6.299176949858588,36.15946965617969,22.492331990866717,-13.667137665312971,5.741570220485741
escs,PRT,36,444.68340688645776,442.2321073044518,-2.4512995820059587,5.336787315345482,467.93376695365316,469.501120493544,1.5673535398908598,5.893602844972097,492.1997098114434,496.90914720551353,4.7094373940701075,6.040025896957182,536.5954399054873,533.7627976971023,-2.832642208384982,5.469606235374925,23.250360067195338,27.269013189092185,4.018653121896847,5.356714010559574,47.51630292498568,54.67703990106171,7.160736976076031,5.918832685967746,91.91203301902954,91.53069039265041,-0.38134262637912286,6.788085984187601,24.265942857790343,27.408026711969523,3.1420838541791802,6.181396248358431,68.66167295183418,64.26167720355822,-4.3999957482759555,6.502203016739762,44.395730094043834,36.8536504915887,-7.542079602455132,6.167395209499527
escs,SVK,36,389.6756825142339,421.200213294718,31.5245307804841,6.386291905824482,453.37458419735503,467.4508854578452,14.07630126049014,5.435672074269293,479.4939583484537,494.16150477589815,14.66754642744445,5.86298689910425,527.4937869920557,535.6626196798519,8.168832687796225,6.038004980705641,63.698901683121164,46.2506721631271,-17.448229519994065,6.490412515931398,89.81827583421986,72.96129148118015,-16.856984353039707,7.962571953709707,137.81810447782192,114.46240638513386,-23.35569809268806,8.973458721766548,26.11937415109869,26.710619318053055,0.5912451669543657,6.284110011475498,74.11920279470071,68.21173422200675,-5.907468572693958,7.6833525460038485,47.99982864360202,41.5011149039537,-6.498713739648323,6.064392618695063
escs,SVN,36,455.1500942522809,450.1273700614811,-5.022724190799806,4.212368426200684,485.3625931426562,475.9541725718124,-9.40842057084376,4.137003322575064,516.7160398280936,513.409909629479,-3.3061301986145963,4.022343303169198,546.3405964008579,521.8038439865346,-24.536752414323246,3.992416556065387,30.21249889037525,25.82680251033134,-4.38569638004391,5.790342432512689,61.56594557581268,63.28253956799792,1.7165939921852456,5.5140343825810465,91.190502148577,71.67647392505356,-19.51402822352344,5.998845133706374,31.353446685437426,37.455737057666596,6.10229037222917,5.679345850902396,60.97800325820174,45.8496714147222,-15.128331843479536,5.991122331705267,29.624556572764313,8.393934357055604,-21.230622215708706,5.945449512434362
escs,SWE,36,440.4773547440294,439.1128748426155,-1.3644799014139153,4.730003349306751,476.4116333936139,480.10391230867634,3.6922789150624453,5.3694497320313355,515.3857069914495,521.0634528261046,5.67774583465507,5.610455007385191,553.0497597596077,531.7516206431312,-21.298139116476477,5.70303152457985,35.934278649584485,40.991037466060945,5.05675881647646,5.544362857204799,74.90835224742008,81.9505779834891,7.042225736069014,6.377807923950364,112.57240501557825,92.63874580051575,-19.933659215062505,7.102798595213919,38.974073597835584,40.95954051742816,1.9854669195925752,6.200711484316078,76.63812636599378,51.6477083344548,-24.990418031538987,7.005798107611917,37.66405276815821,10.688167817026635,-26.975884951131572,5.868388403571887
escs,TUR,36,446.690526522478,463.6881478686506,16.997621346172593,4.328202555142179,462.1938557548172,483.9469534997852,21.753097744967988,4.108623014952549,474.7485851755561,496.62693862171574,21.878353446159622,4.860677930875391,520.3708621377016,544.7795273227694,24.408665185067775,5.259248654521083,15.503329232339194,20.258805631134702,4.755476398795508,5.148108527856514,28.0580586530781,32.93879075306518,4.880732099987078,5.921030881425833,73.68033561522364,81.09137945411881,7.411043838895168,6.916259522473683,12.554729420738903,12.679985121930475,0.1252557011915716,5.015642078951927,58.17700638288444,60.8325738229841,2.6555674400996594,6.197566742472756,45.622276962145534,48.15258870105363,2.5303117389080967,6.304175186506596
escs,USA,36,450.91915351922796,456.90206717555776,5.982913656329799,7.945823338626592,480.37876706796726,485.0691146091564,4.690347541189112,8.987376248778249,510.30793567333313,512.6898061022699,2.381870428936793,14.041097747963109,559.1403354369678,561.3277753077996,2.1874398708317813,17.012681415900513,29.459613548739178,28.16704743359861,-1.2925661151405663,10.411107773886522,59.38878215410507,55.78773892671209,-3.601043227392985,13.881602517100106,108.2211819177398,104.42570813224188,-3.7954737854979186,17.932254401615136,29.92916860536589,27.62069149311348,-2.3084771122524117,14.192857739473467,78.7615683690006,76.25866069864325,-2.502907670357345,17.29614175184013,48.83239976363471,48.63796920552978,-0.19443055810493348,14.27475827823638
escs,OECD,36,441.6792331764144,446.68598766781696,5.006754491402546,0.8322379405639606,473.48653693006355,477.03035142563624,3.54381449557269,0.9814819001145241,500.9272322431537,505.63557727991275,4.708345036759056,0.8990358872939623,537.8488788851946,530.1455293094884,-7.70334957570617,0.9954153498975394,31.807303753649148,30.344363757819274,-1.462939995829874,1.0257471048155142,59.24799906673936,58.94958961209579,-0.2984094546435685,1.0813615461005837,96.16964570878022,83.45954164167158,-12.710104067108645,1.2464506269109827,27.44069531309021,28.60522585427652,1.1645305411863092,1.0317932655089972,64.36234195513109,53.11517788385231,-11.247164071278775,1.1589000472151874,36.921646642040876,24.50995202957579,-12.411694612465087,1.0722693089872068
escs_h,AUS,36,460.67709708073954,464.5233774114894,3.8462803307498348,4.256354774578598,492.86549754847346,500.87028433661743,8.004786788143974,4.071551563672735,529.2503978224876,534.1914947387754,4.941096916287847,3.884721949498095,553.3461067873861,554.4489841818862,1.1028773945000694,4.001327460589747,32.18840046773396,36.34690692512803,4.158506457394068,5.171110141582552,68.57330074174808,69.66811732728601,1.0948165855379273,5.113065327374797,92.66900970664668,89.9256067703969,-2.7434029362497796,5.602690421521425,36.38490027401412,33.32121040215797,-3.0636898718561483,4.649767713352322,60.48060923891271,53.578699845268865,-6.901909393643848,5.00601680853368,24.095708964898584,20.257489443110888,-3.838219521787696,4.053660000623489
escs_h,AUT,36,433.39474894859876,445.2223832476667,11.827634299067938,5.628382962639132,478.3427793136667,490.83293898001756,12.490159666350849,5.406828238260131,517.7137839619099,521.6508544507249,3.937070488814925,4.301756117822327,547.5097857336109,549.5682148685363,2.0584291349254045,5.0167327924644525,44.948030365067986,45.61055573235091,0.6625253672829245,6.228919100990125,84.31903501331111,76.42847120305821,-7.8905638102529,5.7971496456741285,114.11503678501222,104.34583162086965,-9.769205164142576,6.441143377239865,39.37100464824313,30.817915470707298,-8.553089177535831,5.486064478535239,69.16700641994424,58.73527588851876,-10.431730531425487,5.897197556315972,29.796001771701107,27.917360417811448,-1.878641353889659,5.249847870010849
escs_h,BEL,36,436.05709702855904,449.4323465198635,13.37524949130443,5.2961066605979115,473.3752087429554,479.581067232789,6.205858489833588,5.058909133126952,515.5743832488472,522.1174783935114,6.543095144664221,5.189924862879842,545.0595784393694,550.157964428945,5.098385989575604,4.757296904353873,37.31811171439641,30.148720712925417,-7.169391001470991,5.799615340540656,79.5172862202883,72.68513187364773,-6.832154346640564,6.57330406784396,109.00248141081042,100.72561790908144,-8.276863501728982,6.581142050431179,42.19917450589189,42.536411160722324,0.3372366548304342,5.57863789202823,71.684369696414,70.57689719615603,-1.1074725002579697,5.920438392233924,29.48519519052212,28.04048603543371,-1.444709155088411,5.217889858895206
escs_h,CAN,36,479.89090335862574,477.67050933450236,-2.2203940241233795,3.613272801164535,506.17973394158525,509.18179088033867,3.0020569387534124,3.44465145224489,531.61087574617,535.5072957059026,3.8964199597326115,3.6281891083327933,549.9651252356159,547.5470258058947,-2.4180994297212237,4.422458201877541,26.28883058295954,31.511281545836226,5.222450962876685,4.141474352716321,51.719972387544225,57.836786371400116,6.1168139838558915,4.6320249569037415,70.07422187699012,69.87651647139229,-0.19770540559783,5.214381280929609,25.431141804584676,26.325504825563883,0.8943630209792062,3.9215423532158704,43.785391294030575,38.36523492555607,-5.420156368474508,4.572847141684712,18.3542494894459,12.039730099992187,-6.314519389453711,4.4670889295366
escs_h,CHE,36,451.1566312800066,455.70627811017437,4.549646830167774,5.119345101498896,486.49720959563155,491.1350784355436,4.637868839912073,4.950356271727941,522.9442477257367,524.9094554688556,1.965207743118981,5.477008927351343,558.746166735182,561.1187731803291,2.3726064451470847,4.911636065799955,35.34057831562493,35.42880032536922,0.0882220097442854,5.984603499217065,71.78761644572997,69.20317735868123,-2.584439087048736,6.443611284805729,107.58953545517534,105.41249507015475,-2.1770403850205895,6.934179951218189,36.44703813010504,33.77437703331202,-2.6726610967930213,5.445165223430898,72.24895713955041,69.98369474478554,-2.265262394764875,6.277730940497171,35.80191900944536,36.2093177114735,0.4073987020281393,6.437075802043563
escs_h,CHL,36,412.79402998229017,413.89123676191537,1.0972067796251963,5.3360367493630765,432.6934536946827,433.25988492244625,0.5664312277635304,4.921400526448107,452.0883388955758,448.5894058647083,-3.4989330308675335,4.932378019169658,487.3890921299532,494.33316759027684,6.944075460323631,5.533368711061591,19.89942371239257,19.36864816053087,-0.5307755518616979,6.015959983700577,39.29430891328571,34.69816910279287,-4.5961398104928435,6.352119034376443,74.59506214766311,80.44193082836145,5.846868680698336,7.405637198665206,19.39488520089314,15.329520942261997,-4.065364258631142,5.711148952556841,54.69563843527055,61.073282667830576,6.377644232560023,6.347848847662991,35.30075323437741,45.74376172556858,10.443008491191172,6.199326811135267
escs_h,COL,36,377.9031336493495,377.6550779446762,-0.24805570467333382,4.359469242299195,397.35535807252256,404.182925372606,6.8275673000834445,5.26607707015558,415.5566356667176,423.82146148219016,8.264825815472534,6.584639580906313,462.4839595618665,473.34041436856677,10.856454806700242,9.976848594469134,19.452224423172986,26.52784742792975,7.075623004756764,5.845052256692118,37.65350201736816,46.166383537514,8.51288152014584,6.787905608265189,84.58082591251704,95.68533642389056,11.104510511373519,10.898624696729705,18.201277594195176,19.638536109584255,1.437258515389079,6.092683264520134,65.12860148934405,69.1574889959608,4.028887506616755,10.02372190934332,46.927323895148874,49.51895288637656,2.5916289912276866,9.418538831543977
escs_h,CZE,36,442.6848621491454,442.68195401977107,-0.0029081293743047354,5.101442247168063,488.5596005404239,481.4369000777456,-7.122700462678324,4.68048245655274,510.2935458357836,505.30531288495285,-4.9882329508307635,5.300667586536908,551.5117138022537,545.2085055417335,-6.303208260520137,5.600007739118836,45.87473839127854,38.75494605797452,-7.119792333304019,5.542178083475434,67.60868368663822,62.62335886518175,-4.985324821456466,5.861263801999976,108.82685165310836,102.52655152196235,-6.300300131146017,7.839143875386586,21.73394529535968,23.868412807207232,2.1344675118475536,5.448730365310378,62.9521132618298,63.77160546398782,0.8194922021580169,6.275862277238817,41.21816796647012,39.90319265678059,-1.3149753096895296,6.799065382896777
escs_h,DEU,36,447.17370810271115,436.64541191501814,-10.528296187693002,5.746435149397802,482.2510249710025,483.44305440402115,1.1920294330186607,7.82342568447184,512.6189696606889,517.764150103915,5.1451804432260815,6.036162438426958,555.2220386547699,562.9623472306424,7.740308575872518,6.616177617363563,35.07731686829145,46.797642489002996,11.720325620711549,7.723545343475151,65.44526155797783,81.11873818889678,15.673476630918955,7.062368397176175,108.04833055205879,126.31693531562435,18.268604763565563,7.878734388499261,30.367944689686368,34.32109569989379,3.9531510102074208,7.809068427292057,72.97101368376734,79.51929282662135,6.548279142854014,8.321774586160812,42.60306899408097,45.19819712672758,2.5951281326466074,6.9437056716290755
escs_h,DNK,36,454.8273471366177,441.3440108159938,-13.483336320623891,4.843048908617368,486.76623056965417,472.4177473282766,-14.34848324137755,5.448888570692689,516.0056430359191,504.57785172660687,-11.427791309312227,5.358081199685017,522.2453925940998,518.4545586494366,-3.790833944663177,5.397834288865737,31.938883433036533,31.073736512282824,-0.865146920753709,5.879095507671673,61.17829589930145,63.23384091061305,2.055545011311594,6.121427750722318,67.41804545748214,77.11054783344278,9.692502375960643,6.8381880523731065,29.239412466264916,32.16010439833023,2.920691932065317,6.680658808151516,35.47916202444561,46.036811321159945,10.557649296714338,6.803200327219216,6.239749558180688,13.876706922829715,7.636957364649027,6.421053197072441
escs_h,ESP,36,450.1931682359671,440.07256189354905,-10.120606342418057,3.528961595938828,473.25485865069624,468.2896444974516,-4.965214153244631,3.526398210058764,497.0205513993375,496.6251610788214,-0.39539032051607137,3.5461147177412724,522.1677841791177,520.0634934933498,-2.1042906857678645,3.1603111300842603,23.061690414729167,28.217082603902707,5.15539218917354,3.9418522504767495,46.827383163370314,56.55259918527243,9.725216021902114,4.100296093639765,71.97461594315064,79.99093159980092,8.016315656650278,4.337469509178221,23.765692748641147,28.335516581369724,4.569823832728577,3.6380696312218133,48.912925528421454,51.773848995898206,2.860923467476752,4.165781352337404,25.147232779780307,23.438332414528485,-1.7089003652518215,3.724718292245983
escs_h,EST,36,493.72676622936643,489.65845378912,-4.068312440246416,4.33335110563719,511.84340929157617,515.346667763464,3.5032584718878184,4.815016581956477,537.62177870256,547.1509543538489,9.529175651288824,4.502382359481885,562.4597926784589,562.6945632755652,0.23477059710626236,4.9545072335026346,18.11664306220977,25.688213974344016,7.571570912134245,5.443757621928518,43.895012473193745,57.49250056472889,13.597488091535148,5.458534576317036,68.7330264490926,73.03610948644526,4.30308303735265,6.1443790041192665,25.778369410983977,31.80428659038487,6.025917179400892,5.556355710373258,50.616383386882845,47.34789551210124,-3.2684878747816057,5.723396641147981,24.838013975898868,15.543608921716373,-9.294405054182494,5.402186949913185
escs_h,FIN,36,475.25372078799853,467.1528538734168,-8.10086691458173,4.457485747867813,496.23972022326745,496.571261332612,0.33154110934452774,5.112239367651118,528.7375079520017,529.556939633105,0.8194316811033104,4.842524894101913,552.2122331053218,551.4075647713223,-0.8046683339995298,4.515492977621474,20.985999435268912,29.418407459195084,8.432408023926172,5.6630200318516435,53.4837871640032,62.4040857596882,8.920298595684997,5.46949006760043,76.95851231732337,84.25471089790551,7.296198580582143,5.346516880482917,32.49778772873429,32.98567830049312,0.48789057175883244,5.879851536371882,55.97251288205446,54.83630343871043,-1.136209443344029,5.807612321353496,23.47472515332016,21.85062513821731,-1.6241000151028508,5.55773417394273
escs_h,FRA,36,435.1556815631463,441.47300119801196,6.317319634865669,5.334959756558364,472.23234256495954,475.65465547610364,3.422312911144104,5.45717156531218,503.7180030104013,507.6374846284231,3.919481618021848,6.326236237089763,546.4490457499772,545.9439772508815,-0.5050684990957279,5.691082609875841,37.076661001813264,34.181654278091756,-2.895006723721508,6.449147846174288,68.56232144725504,66.16448343041118,-2.3978380168438633,6.782122705834127,111.29336418683113,104.47097605286964,-6.822388133961482,7.279564047875308,31.485660445441777,31.982829152319418,0.49716870687764114,6.280371203747733,74.21670318501785,70.2893217747779,-3.9273814102399456,6.687529077012553,42.731042739576075,38.30649262245849,-4.424550117117583,6.360172786478314
escs_h,GBR,36,466.1730077993417,477.7223414401349,11.549333640793236,5.284551027742755,491.8316875632669,506.8110407594061,14.979353196139243,4.774414081402355,515.8280452815196,529.7627265731797,13.934681291660127,5.21929576522091,549.3243670717387,561.4798416767426,12.15547460500386,6.168374980663837,25.658679763925157,29.088699319271235,3.430019555346078,6.466529684647111,49.65503748217798,52.0403851330449,2.385347650866919,6.952685855928018,83.15135927239706,83.75750023660771,0.6061409642106526,8.004616897665734,23.996357718252824,22.95168581377366,-1.0446719044791628,6.152494092578239,57.49267950847191,54.66880091733649,-2.8238785911354185,7.17245171585918,33.49632179021908,31.717115103562822,-1.7792066866562557,6.5212038788934255
escs_h,GRC,36,407.22066114834325,398.5694856091601,-8.651175539183157,5.584546273600815,428.3914010716523,424.6201640136013,-3.7712370580509855,5.039997352671871,450.5337146457873,453.19493216423905,2.6612175184517355,5.831915973684371,480.98042698809485,478.9737274477226,-2.006699540372267,5.594918824218366,21.170739923309004,26.050678404441264,4.87993848113226,6.370569275926519,43.313053497444045,54.62544655507897,11.312393057634928,6.5274524804574305,73.75976583975162,80.4042418385624,6.644475998810776,7.3726940296308205,22.142313574135038,28.574768150637716,6.432454576502678,5.418417159230509,52.58902591644262,54.353563434121156,1.7645375176785336,5.7837736139516815,30.446712342307585,25.778795283483436,-4.667917058824148,6.142796822893688
escs_h,HUN,36,429.72901970139867,430.4908557280875,0.7618360266888544,5.660885451745711,467.008033471848,467.6170602114636,0.6090267396155582,5.029717289388455,505.93807760458805,501.32842816808824,-4.609649436499808,5.7621935749532245,545.5171196215836,533.6598738166209,-11.857245804962645,6.083875069603094,37.27901377044926,37.12620448337601,-0.15280928707325359,6.266027511819831,76.20905790318935,70.83757244000064,-5.371485463188705,7.34845495030754,115.78809992018478,103.1690180885333,-12.61908183165147,8.1332632075929,38.93004413274008,33.711367956624656,-5.218676176115423,6.0332170943830565,78.50908614973551,66.0428136051573,-12.466272544578203,7.30176023730393,39.57904201699544,32.33144564853265,-7.247596368462787,6.645307261151358
escs_h,IRL,36,469.2414062436725,463.6689371401761,-5.57246910349636,4.612099611094741,493.3666139020902,487.3754157878261,-5.99119811426408,4.607473763734072,515.5241183441838,518.5141474873619,2.9900291431781625,4.756216713135471,541.2725999788945,539.3463202308089,-1.9262797480855625,4.630521309691516,24.12520765841769,23.70647864765,-0.41872901076769153,5.410820145713106,46.28271210051115,54.84521034718573,8.56249824667458,5.603315105886418,72.03119373522199,75.67738309063279,3.6461893554107974,5.827987834406303,22.157504442093455,31.138731699535725,8.98122725744227,6.046951383295654,47.90598607680431,51.970904442982786,4.064918366178475,5.4950195425498585,25.748481634710856,20.832172743447064,-4.9163088912637924,5.581735493088477
escs_h,ISL,36,407.8460425590662,412.837327809164,4.991285250097803,5.028961177590869,442.49833508192853,444.76851664522246,2.2701815632939315,5.070010655790473,465.9854058949271,468.88149186102464,2.89608596609753,5.065045642820282,475.46072046569043,482.3532303106834,6.892509844992958,4.930166251076481,34.65229252286234,31.93118883605851,-2.721103686803829,7.0584549513737445,58.139363335860935,56.04416405186065,-2.0951992840002873,7.692729162948544,67.61467790662421,69.51590250151949,1.9012245948952824,7.39150311461046,23.487070812998592,24.11297521580214,0.625904402803549,7.346325431543171,32.96238538376187,37.58471366546097,4.622328281699097,6.653135425534516,9.475314570763278,13.471738449658824,3.9964238788955466,6.794206730202575
escs_h,ISR,36,412.67804547549486,412.7968927138685,0.11884723837363254,5.750042239290885,454.55931813916095,449.7531749857114,-4.806143153449568,6.313036237563588,497.7461300321191,482.95986073153836,-14.786269300580727,6.8556147023390785,516.7270418589633,504.5082978769965,-12.218743981966782,5.89509633867251,41.88127266366602,36.956282271842845,-4.924990391823172,7.093467997142816,85.0680845566242,70.16296801766985,-14.905116538954346,7.527755649176269,104.0489963834685,91.71140516312805,-12.337591220340457,7.596153299017425,43.18681189295818,33.20668574582701,-9.980126147131173,6.854813847629377,62.16772371980251,54.75512289128521,-7.412600828517299,7.3108037484446875,18.980911826844313,21.5484371454582,2.567525318613889,6.94092908384067
escs_h,ITA,36,439.6415087664417,443.87987265627163,4.238363889829941,4.987122849800315,469.30912057792364,475.05811190196107,5.7489913240374335,4.899869607883546,488.27976059578566,498.1552458029047,9.875485207119027,6.149918252507434,516.9792388794745,524.7197435523701,7.740504672895668,5.7652832356940795,29.66761181148191,31.17823924568949,1.5106274342075814,5.1780625524885275,48.63825182934394,54.275373146633044,5.6371213172891,6.825465656396122,77.33773011303269,80.83987089609847,3.5021407830657836,6.872539155076632,18.970640017862035,23.097133900943554,4.126493883081519,6.397051079960448,47.67011830155078,49.66163165040899,1.9915133488582129,6.413344885504292,28.699478283688745,26.56449774946544,-2.134980534223306,5.808408397426461
escs_h,JPN,36,514.7641635430798,500.61076277913116,-14.153400763948639,7.399923235618775,541.7099407352576,531.4529479431005,-10.25699279215712,5.344521152091927,558.2578777081128,552.8188684003719,-5.439009307740889,5.729808909952811,574.813618296728,579.2618735983617,4.448255301633708,6.703898634180385,26.945777192177864,30.84218516396934,3.8964079717914757,6.912485492073995,43.49371416503296,52.208105621240705,8.714391456207743,7.706347161251769,60.049454753648334,78.65111081923047,18.601656065582134,9.207337108459493,16.547936972855098,21.365920457271365,4.817983484416267,5.8317490007858535,33.10367756147046,47.808925655261135,14.705248093790672,7.109823640959393,16.555740588615368,26.44300519798977,9.887264609374402,5.940409015923391
escs_h,KOR,36,496.9475452565812,487.9284352824787,-9.019109974102491,7.070878522933559,513.9754757064977,524.6967887179017,10.721313011403936,6.66601902491295,536.5987205228523,548.3908504689068,11.792129946054501,6.009269645786733,567.9638498750714,557.157999058841,-10.805850816230418,6.830434086689504,17.0279304499165,36.76835343542291,19.74042298550641,7.7457040166459645,39.65117526627121,60.462415186428096,20.811239920156886,7.917112483682323,71.01630461849031,69.22956377636235,-1.786740842127955,8.811296724885942,22.623244816354713,23.6940617510052,1.0708169346504874,6.430137503500334,53.988374168573806,32.46121034093945,-21.527163827634354,7.37847932231919,31.365129352219093,8.767148589934255,-22.597980762284838,6.820699375735801
escs_h,LTU,36,447.0298271786266,458.6407109763122,11.61088379768563,4.278446993007552,472.39995282444227,481.7969852948022,9.397032470359932,4.6296296400661445,501.28376641292834,509.9583457128973,8.674579299968968,4.280699898553416,523.5591473733392,525.4280429421598,1.8688955688205624,5.0558881418998345,25.370125645815705,23.156274318489913,-2.2138513273257914,5.741776041764253,54.25393923430183,51.31763473658516,-2.9363044977166695,5.260606095860746,76.52932019471268,66.78733196584756,-9.741988228865125,6.365469720279311,28.883813588486127,28.161360418095246,-0.7224531703908816,5.508787360731078,51.15919454889698,43.63105764735764,-7.528136901539334,6.09570749414418,22.27538096041085,15.469697229262398,-6.805683731148452,5.58915965117324
escs_h,LVA,36,463.74763013694945,447.8149532831574,-15.932676853792032,4.435905496333283,480.9993198870908,467.37685317990724,-13.622466707183548,4.961514850416663,504.62007309469965,496.45667787259373,-8.163395222105919,4.57964676740801,529.7146192459966,508.2329671901719,-21.481652055824668,4.481733971461668,17.25168975014132,19.561899896749857,2.3102101466085365,5.334252563921154,40.87244295775016,48.64172458943628,7.76928163168612,5.7207698083708705,65.9669891090472,60.41801390701448,-5.548975202032722,5.91134331141528,23.62075320760884,29.079824692686422,5.459071485077583,5.285608949701502,48.71529935890588,40.85611401026462,-7.859185348641262,6.256251109514755,25.094546151297045,11.776289317578199,-13.318256833718847,6.184053348136251
escs_h,MEX,36,382.0578821860994,382.73872243715505,0.6808402510556562,3.6996591613815784,397.5027474346729,405.6359287156696,8.133181280996666,3.7487014652732156,414.39610372705977,421.7896916058361,7.393587878776316,4.971201344159804,446.30152222304577,451.58797823846214,5.286456015416377,6.1452557499237646,15.444865248573489,22.897206278514556,7.452341029941067,4.417582786241243,32.33822154096032,39.05096916868102,6.712747627720702,5.207737378227276,64.2436400369464,68.84925580130707,4.605615764360664,6.891276329706933,16.89335629238683,16.153762890166462,-0.7395934022203683,4.774662494710439,48.798774788372924,45.95204952279252,-2.846725265580403,7.028549164515435,31.905418495986094,29.79828663262606,-2.107131863360035,6.170018616522192
escs_h,NLD,36,444.1126180274109,444.63209596171356,0.5194779343026426,7.4577300838685145,468.303067600738,475.1698731936469,6.866805592908861,6.671409786473572,515.8628766247342,515.2618474629892,-0.6010291617450321,6.639755580154431,540.9553849605712,544.3708125271447,3.4154275665734986,6.174554761802459,24.190449573327065,30.537777231933283,6.347327658606218,6.97093311614401,71.75025859732332,70.62975150127556,-1.1205070960477599,8.96016439748533,96.84276693316035,99.73871656543116,2.8959496322708134,9.375126876435537,47.55980902399625,40.09197426934228,-7.467834754653971,7.2542987260710765,72.65231735983328,69.20093933349787,-3.451378026335405,7.737432473361779,25.09250833583703,29.108965064155598,4.016456728318566,7.298089235863932
escs_h,NOR,36,441.18729696618294,432.09804749016223,-9.089249476020711,4.532153300059029,472.6876636383296,464.9948442356746,-7.6928194026550045,5.245811844768217,494.820558154331,498.12349917787014,3.3029410235391197,5.2264802760172815,517.5947469279105,510.98039553437263,-6.614351393537845,4.946649969917106,31.500366672146555,32.89679674551239,1.3964300733658348,5.892193633447342,53.63326118814812,66.02545168770796,12.392190499559838,6.803271833349163,76.40744996172734,78.8823480442104,2.4748980824830653,6.510642221951515,22.132894516001567,33.12865494219557,10.995760426194,5.736805669275564,44.90708328958078,45.98555129869801,1.0784680091172305,6.49432822578673,22.774188773579215,12.85689635650245,-9.917292417076766,6.272959662409846
escs_h,NZL,36,456.18560687208503,471.1040192907668,14.918412418681783,5.183794740810224,499.2314455306566,504.79551002518093,5.564064494524359,5.722268944123931,531.224968731262,536.0923888088878,4.867420077625752,4.9679338841867215,552.4148298430815,568.116208293729,15.70137845064744,4.637067410494675,43.045838658571576,33.69149073441403,-9.354347924157544,6.244413196917242,75.039361859177,64.98836951812089,-10.050992341056116,6.803719043243683,96.2292229709965,97.01218900296217,0.782966031965671,6.534224264171486,31.993523200605438,31.29687878370685,-0.6966444168985895,7.288197051697056,53.183384312424934,63.32069826854813,10.137313956123194,6.852776413250606,21.189861111819493,32.02381948484128,10.83395837302179,6.868799203218719
escs_h,POL,36,461.1529424975562,456.08780223747027,-5.0651402600859115,4.728115006630931,486.3638295355487,484.81730408800206,-1.5465254475466281,5.096260272738712,513.4430707428294,519.2144147178125,5.771343974983097,5.14567238772426,542.3530463383607,540.4532263280337,-1.899820010327062,5.468462233711283,25.210887037992528,28.72950185053177,3.5186148125392407,5.537712602938226,52.290128245273124,63.12661248034222,10.836484235069094,5.9411741176480115,81.20010384080472,84.36542409056341,3.165320249758693,6.9681362104372395,27.079241207280603,34.39711062981045,7.317869422529846,5.730203456871104,55.9892168028122,55.63592224003164,-0.3532945627805617,6.675936477486318,28.9099755955316,21.238811610221195,-7.671163985310404,5.878261458322374
escs_h,PRT,36,445.3573764021098,441.0924048207742,-4.264971581335601,5.104559420136726,467.8068800203291,469.33748302853274,1.5306030082036273,5.55940510549335,497.1466506504642,496.646978832527,-0.4996718179372124,6.818596964202295,531.7849797230148,535.6330025639065,3.8480228408917583,4.813269120656203,22.449503618219325,28.245078207758503,5.795574589539179,4.8893112666847305,51.78927424835447,55.55457401175276,3.7652997633982963,6.377041071365758,86.42760332090488,94.5405977431324,8.112994422227516,6.209373451026784,29.33977063013515,27.30949580399427,-2.0302748261408787,6.281705257504777,63.97809970268556,66.29551953537388,2.317419832688323,5.960434189276286,34.638329072550405,38.986023731379625,4.347694658829219,6.273783239586793
escs_h,SVK,36,401.4123826452722,420.395748232275,18.983365587002822,6.163677957471262,450.97909827596203,468.3673311497293,17.388232873767265,5.53301638506449,479.9692842873671,496.7516691673071,16.782384879940025,5.384341866716755,522.4130100531545,536.4176607435913,14.004650690436847,6.334184656739943,49.56671563068987,47.971582917454256,-1.5951327132356141,6.302488563964328,78.55690164209491,76.35592093503206,-2.200980707062854,7.625633632191863,121.00062740788235,116.0219125113164,-4.978714896565947,8.618933750870859,28.99018601140504,28.38433801757779,-0.6058479938272505,6.477641429506405,71.43391177719248,68.05032959386214,-3.383582183330333,7.690650706852137,42.44372576578745,39.665991576284355,-2.777734189503093,6.142483457784928
escs_h,SVN,36,457.6986772773231,446.48019289998047,-11.218484377342634,4.46590708842039,488.0948568563059,474.94413279023274,-13.150724066073167,4.344210854171855,521.21092078882,509.5561463115764,-11.654774477243564,4.203101764976198,536.6809363988253,531.0820470063968,-5.598889392428532,3.825882998293655,30.396179578982736,28.46393989025221,-1.932239688730526,6.309779390396885,63.51224351149692,63.07595341159589,-0.4362900999010293,6.035415733274224,78.98225912150221,84.60185410641643,5.619594984914215,6.059952144239361,33.11606393251419,34.61201352134368,1.4959495888294896,5.951146305124947,48.58607954251948,56.13791421616421,7.551834673644734,5.9056615384635816,15.470015610005294,21.525900694820535,6.055885084815241,6.019704731046876
escs_h,SWE,36,445.6556303014402,437.9732314030899,-7.6823988983503,4.813936246222395,481.367110749552,479.4470366886418,-1.920074060910224,5.251128573536462,515.0451619017684,520.0686227207674,5.023460818998956,5.564635213865856,544.0594187882809,535.4142507332649,-8.645168055016029,6.1522639328792765,35.71148044811174,41.473805285551826,5.762324837440083,5.963190695693797,69.38953160032823,82.0953913176775,12.70585971734927,6.448684946752871,98.40378848684064,97.44101933017501,-0.9627691566656296,7.510742497905253,33.67805115221649,40.62158603212566,6.943534879909173,5.963221540669199,62.6923080387289,55.96721404462318,-6.725093994105727,6.732502421370134,29.014256886512406,15.345628012497514,-13.668628874014892,6.838609486173083
escs_h,TUR,36,450.0925011514679,461.7255972127312,11.633096061263302,4.287523997299762,463.78313662950023,483.95137694096167,20.16824031146143,3.985589349618977,472.18087476120263,497.003848835834,24.82297407463136,4.930739540424835,518.1258501873948,546.8958716368783,28.770021449483465,5.5613848294904775,13.690635478032306,22.22577972823048,8.535144250198176,4.952563005946958,22.088373609734713,35.27825162310284,13.189878013368126,5.783650180550101,68.03334903592688,85.17027442414715,17.136925388220277,6.864215819996951,8.397738131702408,13.05247189487236,4.654733763169952,5.201647316627815,54.342713557894584,62.944494695916674,8.60178113802209,6.697953313518986,45.944975426192165,49.89202280104431,3.947047374852147,6.777597965733619
escs_h,USA,36,455.4601513048357,452.42105001201014,-3.039101292825535,7.467479643175968,480.1707760366735,487.0265664446968,6.855790408023324,9.162500706236433,511.9192230017235,513.3392987291766,1.4200757274530815,12.984398616048956,554.3922583873157,565.0739377437842,10.681679356468521,17.636597449238177,24.710624731837804,34.605516432686585,9.894891700848781,10.14536149491617,56.459071696887825,60.918248717166286,4.45917702027846,13.4641795737608,98.93210708248007,112.65288773177403,13.720780649293957,18.858730778587198,31.74844696505003,26.3127322844797,-5.435714680570328,12.607881521403034,74.22148235064226,78.04737129908744,3.825888948445183,17.94147216224134,42.473035385592226,51.73463901460775,9.261603629015525,13.103997947134047
escs_h,OECD,36,445.730022749275,445.13441511809,-0.5956076311850325,0.8781207820473537,474.744339971959,476.7227318828308,1.9783919108717782,0.9580495903863245,502.73805683814453,505.6576467257787,2.9195898876341744,0.8873032622652742,531.8376819131532,533.2888017691226,1.4511198559694094,1.005161873563056,29.014317222683985,31.588316764740732,2.5739995420567467,1.095901023167459,57.00803408886945,60.52323160768869,3.5151975188192424,1.044067300417206,86.10765916387817,88.15438665103254,2.046727487154371,1.2742036678939106,27.99371686618548,28.93491484294795,0.9411979767624707,0.981863273572182,57.09334194119418,56.56606988629183,-0.5272720549023546,1.1934284007804925,29.09962507500871,27.63115504334387,-1.4684700316648396,1.1031227870640132
escs_pca,AUS,36,460.7586055862236,465.47871400609074,4.720108419867131,4.092135434887705,490.9089421327335,497.83978934415984,6.9308472114263395,4.099635201258675,528.3979960013334,532.2436922698281,3.8456962684947484,3.889612924066764,556.0809407535468,558.466509020349,2.385568266802238,4.1543426320434795,30.150336546509806,32.36107533806907,2.2107387915592653,5.015399442168191,67.6393904151098,66.76497826373732,-0.8744121513724821,5.041802301669685,95.32233516732319,92.9877950142582,-2.3345401530649923,5.668010266572368,37.4890538686,34.40390292566824,-3.0851509429317616,4.588853243592683,65.1719986208134,60.626719676189126,-4.545278944624272,5.040125752988434,27.68294475221338,26.222816750520884,-1.460128001692496,4.344121696380574
escs_pca,AUT,36,435.7014226932154,448.40410124849734,12.70267855528192,5.3294725646403505,476.8591031811,488.70383260721536,11.84472942611535,5.973447079696664,515.4854520562982,518.3593884013709,2.873936345072707,4.563862355529623,548.9293689613515,551.8079650764288,2.8785961150772437,4.890246879422496,41.15768048788463,40.29973135871812,-0.8579491291665136,6.77690308359106,79.78402936308274,69.95528715287362,-9.828742210209114,5.568489263290888,113.22794626813621,103.40386382793149,-9.82408244020472,6.535791893477865,38.62634887519809,29.655555794155497,-8.970793081042594,6.1217351868453305,72.07026578025156,63.104132469213354,-8.966133311038206,6.154611933452279,33.44391690505347,33.44857667505786,0.004659770004387553,5.350085126070036
escs_pca,BEL,36,436.42619451624716,450.5465771694861,14.120382653238948,5.510337737041763,472.57091941786473,476.30337219875645,3.7324527808917196,5.1256837312153545,513.6717295615482,520.6728536147896,7.001124053241369,5.540412028082147,547.4149102162744,553.8219572082281,6.4070469919537345,4.608160550139527,36.14472490161762,25.756795029270258,-10.387929872347364,6.101549333906234,77.24553504530108,70.12627644530335,-7.119258599997735,6.931923264382817,110.9887157000273,103.27538003874187,-7.713335661285427,6.750519918271024,41.10081014368347,44.36948141603308,3.2686712723496143,5.949961803506711,74.84399079840968,77.51858500947164,2.674594211061958,6.09220116580993,33.74318065472621,33.14910359343854,-0.5940770612876705,5.596373288365762
escs_pca,CAN,36,480.2224534284507,477.5888143544915,-2.633639073959216,3.558639649624146,505.07894742697727,506.63659778080336,1.5576503538260908,3.542261078124899,530.2572910049454,534.1738579220864,3.91656691714104,3.5345892553996867,552.0863325349263,551.5054086369424,-0.5809238979838938,4.380346613382205,24.856493998526656,29.04778342631194,4.191289427785286,4.034688949176455,50.03483757649469,56.58504356759504,6.5502059911003485,4.566291378792073,71.86387910647561,73.91659428245097,2.052715175975365,5.127272508425295,25.17834357796803,27.537260141283106,2.358916563315077,3.829637827676563,47.00738510794897,44.868810856139035,-2.138574251809935,4.567499884217981,21.82904152998094,17.33155071485593,-4.497490815125012,4.471450140378705
escs_pca,CHE,36,451.95315411829927,456.8565792201201,4.903425101820858,5.128789691721791,484.170913032359,487.56556157666165,3.3946485443026404,5.051701259565876,522.4373771977334,524.3405621311148,1.9031849333813398,5.353263135798041,560.7858612398868,564.0990229488337,3.31316170894695,4.441475018522306,32.21775891405976,30.708982356541544,-1.508776557518214,5.869982204473429,70.4842230794342,67.48398291099465,-3.0002401684395466,6.401114142993498,108.83270712158749,107.24244372871365,-1.5902633928738368,6.698586456835654,38.26646416537445,36.775000554453115,-1.4914636109213362,5.457157815349543,76.6149482075277,76.53346137217208,-0.08148683535561929,5.912291017192278,38.34848404215327,39.75846081771898,1.4099767755657169,5.6915347224873125
escs_pca,CHL,36,415.4877088401113,417.21097114276347,1.7232623026521878,5.272406044307847,433.73268149080997,430.5699557581953,-3.1627257326146605,4.985221878280349,447.73263855429997,447.21105477800137,-0.5215837762985984,5.381859037880671,488.0126155689898,495.07300590352014,7.060390334530325,5.354541354228619,18.24497265069872,13.358984615431893,-4.885988035266827,6.073697153408878,32.24492971418875,30.00008363523807,-2.2448460789506797,6.669985583292499,72.52490672887856,77.8620347607568,5.337128031878237,7.474022201831172,13.99995706349003,16.641099019806177,2.6411419563161473,6.068180169856441,54.27993407817985,64.50305014532492,10.223116067145071,6.1948030657242,40.27997701468982,47.86195112551873,7.581974110828909,6.375208454215233
escs_pca,COL,36,379.4416696891642,382.7365519803008,3.2948822911366165,4.318307627462717,398.0437969223646,403.4226097899064,5.3788128675417965,5.418781660257329,414.08356269740705,420.3041565456791,6.220593848272074,6.387829402306658,461.7220048862173,472.5384667352838,10.816461849066513,10.003929519913548,18.602127233200434,20.68605780960546,2.0839305764050273,6.096157699367803,34.641893008242945,37.567604565378275,2.9257115571353296,6.876717878201007,82.28033519705309,89.80191475498286,7.521579557929769,11.153961707981976,16.039765775042515,16.881546755772813,0.8417809807302987,5.171813928582468,63.67820796385267,69.1158569453774,5.437648981524731,9.766550922929142,47.63844218881015,52.234310189604585,4.595868000794432,9.563784571254352
escs_pca,CZE,36,445.83828050516195,446.68494228443535,0.8466617792734041,5.110201970980447,485.55270000939106,477.86430719758255,-7.688392811808512,4.8468649372404435,509.57213287557244,503.0754683842235,-6.496664491348952,5.156401693251138,552.06881814684,546.9807577973726,-5.088060349467469,5.638657148466731,39.71441950422916,31.179364913147243,-8.53505459108192,5.679479367589681,63.733852370410474,56.39052609978821,-7.3433262706222635,5.863095451731263,106.23053764167803,100.29581551293728,-5.934722128740745,7.727747002927336,24.01943286618131,25.211161186640975,1.1917283204596636,5.635310338544794,66.51611813744884,69.11645059979003,2.6003324623411856,6.462324570244568,42.496685271267545,43.90528941314905,1.4086041418815043,6.686275246108335
escs_pca,DEU,36,448.62223546917403,439.84109184686724,-8.781143622306786,5.719020236103632,482.4452428994524,482.834925644749,0.3896827452965681,7.3532345237976955,509.10466550490037,513.0721195708602,3.967454065959828,6.427889764163413,557.0658043783818,565.078985755782,8.013181377400201,6.4191704946602846,33.82300743027838,42.99383379788175,9.170826367603368,7.43191113356842,60.48243003572632,73.231027723993,12.748597688266678,6.87505037228545,108.44356890920781,125.2378939089148,16.794324999706987,7.976321588844557,26.65942260544794,30.237193926111235,3.5777713206632953,7.064771436056547,74.62056147892942,82.24406011103302,7.623498632103605,8.267767041162397,47.96113887348147,52.00686618492178,4.0457273114403165,6.78305850063771
escs_pca,DNK,36,453.64257334573756,441.7608638776704,-11.881709468067186,4.801170993620078,485.95058069369406,472.99117274607113,-12.959407947622935,5.697493932722189,515.7920410707649,501.09660955060383,-14.695431520161037,5.883404139500287,524.4376111151403,520.9677877103866,-3.469823404753697,5.488387205071164,32.308007347956554,31.230308868400773,-1.0776984795557816,6.558509974508985,62.14946772502731,59.33574567293347,-2.813722052093837,5.995705291978062,70.79503776940274,79.20692383271617,8.411886063313432,6.994069497490943,29.841460377070756,28.1054368045327,-1.7360235725380555,7.77979641872427,38.48703042144617,47.976614964315395,9.489584542869224,7.001478715749166,8.645570044375415,19.871178159782694,11.22560811540728,7.104682019395986
escs_pca,ESP,36,451.1907327318662,442.2407955902553,-8.949937141610917,3.38796974700941,472.85063380723125,465.91907896544114,-6.931554841790103,3.4604445490617364,495.4620646419686,495.46573945685134,0.003674814882742794,3.4795466550480874,523.1260802629856,521.426662587657,-1.6994176753286183,3.2540127939965666,21.65990107536505,23.678283375185817,2.018382299820768,3.7773957132985374,44.27133191010234,53.224943866596014,8.953611956493674,3.9355984872961263,71.93534753111958,79.18586699740169,7.250519466282114,4.295136075438429,22.61143083473729,29.5466604914102,6.9352296566729095,3.356925927847081,50.275446455754526,55.50758362221586,5.232137166461335,4.0429488302256615,27.664015621017235,25.96092313080566,-1.7030924902115743,3.819357928546477
escs_pca,EST,36,494.56939451767994,489.230443703297,-5.33895081438294,4.405359601476584,510.62591238733694,514.0919590623055,3.4660466749685384,4.601570076299108,536.4492430170851,545.726437590801,9.27719457371586,4.9348089797694925,564.0036304430893,565.8182343608295,1.8146039177402145,4.791117234860771,16.05651786965705,24.861515359008553,8.804997489351504,5.40084887811261,41.87984849940508,56.4959938875041,14.61614538809902,5.8187710290473476,69.4342359254093,76.58779065753262,7.153554732123325,6.28561786023948,25.82333062974803,31.63447852849555,5.811147898747521,5.313416728499634,53.37771805575223,51.72627529852407,-1.6514427572281605,5.742380469580757,27.55438742600421,20.09179677002852,-7.462590655975692,5.528842718215398
escs_pca,FIN,36,476.42857846015914,468.91599678521436,-7.512581674944784,4.437636425179241,493.4154880560603,492.9277499088486,-0.48773814721170083,4.724213259351209,526.7844453019975,526.454452774323,-0.32999252767444887,4.928799157680243,555.8011909549746,556.3749704781333,0.5737795231586915,4.3862866256594,16.98690959590123,24.011753123634143,7.024843527732912,5.19076695312025,50.35586684183842,57.53845598910866,7.182589147270242,5.362182782174402,79.37261249481536,87.45897369291876,8.086361198103404,5.576314377300772,33.36895724593719,33.52670286547452,0.15774561953733013,5.253135677322161,62.38570289891412,63.447220569284625,1.061517670370506,5.326830391521657,29.01674565297693,29.920517703810106,0.9037720508331759,5.464666721766476
escs_pca,FRA,36,436.4979041524689,444.7230263343578,8.225122181888935,5.3004256660373565,469.9332407567079,471.70927315946255,1.7760324027546517,5.422239303875027,503.6242449155314,505.0682616815976,1.4440167660662269,6.685628509640404,547.5028188489862,549.2176271329431,1.714808283956927,5.355291974865368,33.435336604239055,26.986246825104672,-6.449089779134383,6.471289287105015,67.12634076306244,60.34523534723981,-6.781105415822637,7.059920219188057,111.00491469651713,104.49460079858511,-6.510313897932022,7.0564771117617475,33.69100415882339,33.358988522135135,-0.3320156366882543,6.313904088976022,77.56957809227806,77.50835397348044,-0.06122411879762524,6.490224434649906,43.878573933454675,44.14936545134532,0.27079151789064326,6.51199982842852
escs_pca,GBR,36,469.69394267851186,479.02433257491083,9.33038989639897,5.225252214380255,486.93223591902324,503.92139154313827,16.98915562411503,4.690498764269818,516.7265050917129,527.655879868249,10.929374776536179,5.379157065918661,549.7768754451191,565.152270582088,15.375395136968905,6.257282483963906,17.238293240511503,24.89705896822747,7.658765727715966,6.3958723016357135,47.03256241320112,48.631547293338244,1.5989848801371238,6.975141954441889,80.08293276660726,86.12793800717726,6.045005240570006,8.066282016360459,29.794269172689617,23.73448832511077,-6.059780847578846,6.000104644298892,62.84463952609575,61.23087903894979,-1.61376048714596,7.42216543958968,33.05037035340614,37.49639071383901,4.446020360432875,6.769339849244171
escs_pca,GRC,36,409.1807152109605,401.4934940787612,-7.687221132199284,5.482941312602591,427.18351720329235,421.6196838820265,-5.563833321265861,5.272614977266823,446.8379209472987,451.12247451382365,4.284553566524949,5.68319015972502,483.95720618053883,481.1178709062894,-2.8393352742494358,5.778660248390224,18.00280199233191,20.126189803265266,2.1233878109333553,6.563817084344552,37.65720573633818,49.62898043506239,11.97177469872421,6.634052996539703,74.7764909695783,79.62437682752827,4.8478858579499615,7.493633234058711,19.654403744006267,29.502790631797126,9.84838688779086,5.440522446728139,56.7736889772464,59.498187024263004,2.7244980470166027,5.863215415270154,37.119285233240134,29.99539639246588,-7.123888840774253,6.111355840176778
escs_pca,HUN,36,430.9488906614346,433.01299193254397,2.0641012711093936,5.503415891820136,465.25597635218753,464.87065120674936,-0.3853251454381734,4.899647394200166,505.1953134815156,498.1019428034192,-7.093370678096392,5.940584272939198,546.8058019286207,537.1148597170736,-9.690942211547053,6.139787669412368,34.307085690752956,31.857659274205247,-2.449426416547709,6.013310028813535,74.246422820081,65.0889508708752,-9.1574719492058,7.273040568022849,115.85691126718616,104.10186778452953,-11.755043482656632,8.093416320473024,39.93933712932804,33.231291596669934,-6.7080455326581045,6.055971168110895,81.54982557643318,72.24420851032428,-9.305617066108894,7.278485451041298,41.610488447105155,39.01291691365435,-2.597571533450804,6.8919555329893685
escs_pca,IRL,36,469.9374078019211,464.7963140589958,-5.141093742925307,4.533015468975711,491.6668462387602,484.84492427319117,-6.821921965569004,4.553681242907694,516.362861599948,517.0912635594971,0.7284019595490463,5.0247033052618235,541.3998008036294,542.1425586447848,0.7427578411553668,4.282164687783898,21.72943843683903,20.04861021419547,-1.6808282226435587,5.315956331683803,46.42545379802693,52.29494950050137,5.869495702474438,5.724118681275794,71.46239300170829,77.3462445857891,5.8838515840808014,5.733926947369905,24.696015361187897,32.246339286305904,7.550323925118008,5.705957472030064,49.73295456486925,57.29763437159363,7.564679806724378,5.356548175996989,25.036939203681357,25.051295085287723,0.014355881606366694,5.524143284082405
escs_pca,ISL,36,406.86510896268663,412.11071488928644,5.245605926599808,5.0799796943585465,439.5475451782539,443.47177619370416,3.924231015450232,5.094875636464961,465.90096475910497,464.73843198777047,-1.1625327713344973,4.929721960248123,479.5144453107446,488.48930370253345,8.974858391788871,4.9247977812461246,32.68243621556731,31.361061304417667,-1.3213749111496398,7.536901610523253,59.03585579641829,52.627717098483956,-6.4081386979343335,7.204814701604782,72.64933634805803,76.37858881324692,3.7292524651888925,7.365070684677228,26.35341958085097,21.26665579406629,-5.086763786784683,7.131566834262421,39.966900132490714,45.01752750882925,5.050627376338532,6.674260348264799,13.613480551639743,23.750871714762958,10.137391163123215,6.872318603225545
escs_pca,ISR,36,412.7636124073251,411.8675140470872,-0.8960983602379429,5.894725258869352,449.7738657961886,441.8992953818347,-7.8745704143539115,5.638952658054313,498.26782376630746,484.1760145598538,-14.09180920645366,7.105140724511364,520.9066750001555,512.0752053271528,-8.83146967300263,6.1230498295291165,37.010253388863454,30.0317813347476,-6.978472054115855,6.990131844118311,85.50421135898236,72.30850051276664,-13.195710846215718,7.35904195500741,108.14306259283028,100.20769128006555,-7.93537131276473,7.991982395146948,48.493957970118906,42.276719178019036,-6.21723879209987,6.829418375937777,71.13280920396683,70.17590994531795,-0.9568992586488747,6.894534012821118,22.638851233847923,27.89919076729891,5.260339533450988,7.182828898454204
escs_pca,ITA,36,440.42672852502176,445.96216493607517,5.535436411053411,4.954548299120991,469.6532200083355,473.4349182405188,3.7816982321833166,5.152467541117231,486.41408046315246,495.19028501692765,8.776204553775187,5.359750043726436,517.7216390846438,527.23205946516,9.510420380516166,6.033305531415509,29.226491483313747,27.472753304443632,-1.7537381788701154,5.4587534427872555,45.9873519381307,49.228120080852534,3.2407681427218336,6.318719493418944,77.2949105596221,81.26989452908492,3.9749839694628264,7.188886504152077,16.760860454816953,21.755366776408902,4.994506321591949,5.578337545189925,48.06841907630835,53.79714122464128,5.728722148332928,6.265639350791777,31.3075586214914,32.041774448232374,0.7342158267409751,5.453454496733148
escs_pca,JPN,36,515.6456950296571,501.6329399818633,-14.012755047793803,6.92110509094342,540.6391075233407,531.502412560873,-9.136694962467686,6.344424691995196,557.5554247231793,550.423026936835,-7.132397786344313,5.4690514793535705,575.7036229593925,580.5827604713131,4.8791375119205895,6.908649784387008,24.993412493683717,29.86947257900984,4.876060085326124,7.033284331658657,41.90972969352218,48.790086954971635,6.880357261449454,7.596707710078184,60.057927929735456,78.94982048944993,18.891892559714478,9.266881370366757,16.916317199838467,18.920614375961794,2.004297176123327,6.3923775211997516,35.064515436051735,49.080347910440096,14.015832474388361,7.613644653782572,18.148198236213272,30.1597335344783,12.011535298265027,6.251821713084533
escs_pca,KOR,36,496.5782695963271,489.5953716539467,-6.9828979423804185,6.660503552933745,514.2403686349874,521.2482637938954,7.007895158908013,6.704747029766385,537.3922863331518,542.83367781675,5.441391483598181,6.239357219695214,567.3196903065891,564.5104805803992,-2.80920972618992,6.9265333437109495,17.662099038660166,31.652892139948683,13.990793101288517,6.791288995355193,40.81401673682465,53.2383061628032,12.42428942597855,7.745541621260378,70.74142071026209,74.91510892645245,4.173688216190357,8.01335332085272,23.151917698164482,21.585414022854515,-1.566503675309967,7.145392697589766,53.07932167160193,43.26221678650376,-9.817104885098175,7.734347698735295,29.927403973437446,21.676802763649242,-8.250601209788204,7.550402784083707
escs_pca,LTU,36,447.78528618264363,456.9828597049139,9.197573522270261,4.220971622573038,470.33266588555364,480.0304250806574,9.697759195103743,3.924950279213518,500.05644968263766,507.96919786984336,7.912748187205693,4.563926462104016,526.0906515075249,530.8475772479121,4.75692574038726,5.0472634955633495,22.54737970290992,23.047565375743574,0.500185672833652,4.84874898481184,52.27116349999405,50.9863381649295,-1.2848253350645535,5.436431897801737,78.30536532488114,73.86471754299814,-4.440647781883001,6.40436421377577,29.72378379708413,27.938772789185926,-1.7850110078982055,5.112278570099841,55.757985621971216,50.81715216725457,-4.940833454716646,5.779229645172399,26.034201824887084,22.878379378068644,-3.1558224468184406,5.4601796114746906
escs_pca,LVA,36,464.73867944949734,446.6869913970107,-18.051688052486668,4.7439805820570164,479.0863605417515,469.4021354322692,-9.684225109482327,4.755114373440954,502.6502654981101,491.0181410268823,-11.632124471227826,4.811025964818468,532.6368279695891,512.7775231991106,-19.859304770478502,4.436322596146921,14.347681092254152,22.715144035258493,8.367462943004341,5.64941630830727,37.9115860486128,44.331149629871575,6.419563581258778,5.758111676177993,67.89814852009174,66.0905318021,-1.8076167179917348,6.008561993796953,23.56390495635865,21.61600559461308,-1.94789936174557,6.01953921521721,53.55046742783759,43.37538776684152,-10.175079660996069,6.189279102466016,29.98656247147894,21.75938217222844,-8.227180299250499,6.002171159069149
escs_pca,MEX,36,384.37119305933214,386.8160869697186,2.4448939103864404,3.567539783972543,396.083305066845,403.6541310497287,7.570825982883662,3.9433659160202286,413.90620111128027,418.7612652883865,4.855064177106215,4.896092976914236,445.89496716346065,452.5109670938059,6.615999930345254,6.01361124820596,11.712112007512843,16.83804408001011,5.1259320724972675,4.334433591456821,29.53500805194809,31.945178318667995,2.4101702667199056,5.298745770367906,61.52377410412853,65.69488012408735,4.17110601995882,6.756045084767138,17.822896044435247,15.107134238657887,-2.71576180577736,4.726937068587526,49.81166209661568,48.856836044077234,-0.9548260525384435,6.652082734518306,31.98876605218043,33.74970180541935,1.7609357532389183,6.1611008660182
escs_pca,NLD,36,447.10273195836953,445.5747480182487,-1.527983940120805,7.281380608409146,464.1946528221205,472.72189271837823,8.527239896257754,7.0047652127054185,511.8373704802708,511.6501267583111,-0.18724372195970318,7.65128517258002,546.0942309062036,549.5001602360153,3.40592932981167,5.922876712891369,17.091920863750907,27.147144700129495,10.055223836378588,7.131881619829876,64.73463852190116,66.0753787400624,1.340740218161244,10.060179561284604,98.99149894783409,103.92541221776665,4.93391326993256,9.158315883047702,47.642717658150254,38.92823403993292,-8.714483618217336,8.40774246361113,81.89957808408317,76.77826751763715,-5.121310566446027,7.785093433210319,34.25686042593292,37.850033477704244,3.5931730517713234,8.284537930493547
escs_pca,NOR,36,440.0789888527427,431.10595552069225,-8.973033332050477,4.652240994955688,470.87657479002894,462.70428384620334,-8.172290943825601,5.008848080687686,494.35770444125717,497.3974950236194,3.0397905823622295,4.4939610758649255,520.9986786783844,514.9873093998951,-6.011369278489269,5.166188733098472,30.797585937286208,31.598328325511055,0.8007423882248474,5.673316874084889,54.278715588514544,66.29153950292714,12.012823914412593,6.134931981726981,80.91968982564173,83.88135387920272,2.9616640535609946,6.507951379220268,23.481129651228333,34.69321117741608,11.212081526187749,5.558995301298877,50.12210388835553,52.283025553691665,2.160921665336133,6.0873863781812005,26.6409742371272,17.58981437627558,-9.05115986085162,5.736770211473119
escs_pca,NZL,36,456.61501530729083,472.1578272171655,15.542811909874672,4.956303047549269,497.52378960153993,501.45361912184217,3.929829520302235,5.537230958067593,530.3176970638569,534.6883958825181,4.37069881866114,5.223037003380362,554.5928059060246,571.7399859692258,17.147180063201176,4.647551468619977,40.90877429424911,29.295791904676612,-11.612982389572501,5.969183187531715,73.70268175656604,62.53056866535265,-11.17211309121339,6.580614824133716,97.97779059873383,99.58215875206038,1.604368153326547,6.409713911369581,32.79390746231694,33.23477676067603,0.4408692983590896,7.018728891089221,57.06901630448472,70.28636684738377,13.217350542899055,7.163027915395653,24.27510884216779,37.05159008670773,12.776481244539944,6.866075081326271
escs_pca,POL,36,465.1862432794586,461.8412166901795,-3.3450265892790867,4.618416824601242,481.6796439443216,479.3371698101766,-2.342474134144993,4.631095755937639,511.9157708364928,515.3875656227394,3.471794786246619,5.749696600104834,544.5422648094906,544.0177761041119,-0.5244887053786442,5.233330599318405,16.493400664862907,17.495953119997125,1.002552455134218,5.0396015546444675,46.72952755703414,53.54634893255998,6.816821375525841,6.153449907969128,79.35602153003191,82.17655941393245,2.820537883900542,6.887859329159834,30.236126892171235,36.05039581256285,5.814268920391612,5.935476191488391,62.862620865169006,64.68060629393533,1.8179854287663204,6.455565911498264,32.62649397299777,28.63021048137249,-3.996283491625281,5.758941195660259
escs_pca,PRT,36,446.2244809098479,443.1237010451837,-3.1007798646642186,5.059595977399788,467.4953039703595,466.77986027041,-0.7154436999495033,6.1082389585310715,496.2045722635923,496.0496988940261,-0.15487336956618947,6.181272490869233,532.1920931103882,536.7306830790669,4.538589968678707,5.19028768450077,21.27082306051158,23.65615922522622,2.385336164714637,5.424030284169988,49.9800913537444,52.92599784884241,2.945906495098008,5.825011180114974,85.96761220054039,93.6069820338831,7.6393698333427125,6.498295090783245,28.709268293232817,29.269838623616188,0.5605703303833707,5.879180238549678,64.6967891400288,69.95082280865688,5.254033668628082,6.573717142767917,35.98752084679599,40.6809841850407,4.693463338244712,6.309697367543695
escs_pca,SVK,36,405.2714513996676,422.99355417726383,17.722102777596206,6.312569844750499,449.93464981406896,465.925765245375,15.991115431306014,5.221620558825211,475.161741494288,493.35384845912387,18.192106964835887,5.8874213970686835,524.413830152851,539.6458148387007,15.231984685849739,6.190013993423015,44.66319841440133,42.93221106811105,-1.7309873462902772,6.147082729718453,69.89029009462031,70.36029428185998,0.47000418723966675,7.8863633919096605,119.14237875318345,116.65226066143684,-2.4901180917466093,8.782953814730066,25.22709168021898,27.42808321374892,2.2009915335299404,6.544215485276524,74.47918033878209,73.7200495933258,-0.7591307454562894,7.738196623851003,49.25208865856312,46.29196637957686,-2.9601222789862547,6.392287626452833
escs_pca,SVN,36,458.39898303020584,447.32121746866807,-11.077765561537774,4.155874975636467,487.100514234188,472.57508675366324,-14.52542748052474,4.344693441318507,520.296304040629,507.68984649383094,-12.606457546798083,4.077984135747437,537.9536297994241,534.4715787467727,-3.4820510526514,4.0063453744932405,28.701531203982093,25.253869284995176,-3.447661918986917,5.6218126216202124,61.8973210104232,60.36862902516275,-1.5286919852604512,5.977535833251401,79.55464676921828,87.15036127810467,7.595714508886388,5.649658259325074,33.19578980644111,35.11475974016757,1.9189699337264585,6.081576167893906,50.853115565236195,61.8964919931095,11.043376427873305,6.051945424985005,17.657325758795082,26.781732252941918,9.124406494146836,6.113867437404482
escs_pca,SWE,36,445.27831755865645,437.69039303978514,-7.5879245188713185,4.726656509958024,478.32047007082,477.2391784848397,-1.0812915859802956,5.994839739275358,514.707570823326,515.7107560993159,1.0031852759898356,5.065384827693338,547.8085671899441,542.2641469502529,-5.544420239691249,6.1929065775062435,33.04215251216361,39.54878544505459,6.50663293289098,6.663400457485318,69.42925326466954,78.02036305953071,8.591109794861168,5.8777413991071095,102.5302496312876,104.57375391046767,2.0435042791800697,7.639215431921284,36.38710075250594,38.47157761447612,2.084476861970181,6.42332946576455,69.48809711912399,65.0249684654131,-4.463128653710896,7.065441731841674,33.10099636661804,26.553390850936967,-6.547605515681074,6.597455282955819
escs_pca,TUR,36,451.19449199739,464.43126718141446,13.236775184024452,4.189886285020921,463.28872933447883,482.68376089943047,19.395031564951637,3.9468927793622606,471.99378867871894,494.55168047636215,22.557891797643208,4.931781233746828,517.6838980349378,547.9195053819207,30.235607346982874,5.51763027801666,12.094237337088742,18.25249371801606,6.158256380927316,4.8292219311685365,20.799296681328844,30.120413294947745,9.321116613618901,5.771526486337134,66.48940603754775,83.48823820050627,16.99883216295852,6.956867495464016,8.705059344240102,11.867919576931689,3.162860232691587,4.925902195598674,54.395168700459024,65.23574448249022,10.840575782031195,6.386997141123022,45.69010935621892,53.36782490555853,7.677715549339609,6.809803197859265
escs_pca,USA,36,456.4637658897488,453.76311085870987,-2.7006550310389343,7.772526904270554,477.0282033716937,485.0026572768039,7.974453905110238,9.251646448725335,512.2393487489077,512.253007612099,0.013658863191380988,13.634279582067299,556.1888443467672,566.8633519674213,10.67450762065414,16.686602218103488,20.5644374819449,31.239546418094072,10.675108936149172,10.98289730462477,55.77558285915893,58.48989675338921,2.71431389423028,13.91831512224661,99.72507845701838,113.10024110871147,13.375162651693088,17.821003731924034,35.21114537721403,27.25035033529514,-7.960795041918892,12.961472513381661,79.16064097507348,81.8606946906174,2.700053715543916,16.512001777014206,43.94949559785945,54.61034435532226,10.660848757462809,13.739269470531816
escs_pca,OECD,36,446.8758585500738,446.72789547184095,-0.1479630782328627,0.8411489815655506,473.0549069032284,474.32509635571853,1.270189452490115,0.9669294795218142,501.53202363139246,503.1966299233976,1.6646062920051463,0.881456430738505,533.5898620807227,536.5519753045471,2.962113223824417,0.9780402544645395,26.17904835315462,27.597200883877644,1.4181525307230238,1.0532137388907117,54.65616508131859,56.46873445155675,1.8125693702381582,1.0095363324141353,86.71400353064885,89.82407983270623,3.1100763020573794,1.218478599601717,28.477116728163963,28.871533567679098,0.3944168395151344,0.9780397645617778,60.534955177494226,62.22687894882856,1.6919237713343378,1.1731833491441983,32.05783844933027,33.355345381149476,1.297506931819207,1.0669984400307677
hisei_h,AUS,36,468.86364004357836,477.2402804419523,8.376640398373922,3.707488306486061,505.843199813119,509.64668413407736,3.8034843209583755,3.6510988142040253,525.8712572672235,529.3028849083369,3.431627641113323,4.4750468060032755,553.1046543304908,555.1967577652734,2.0921034347826435,4.045883914255356,36.979559769540664,32.40640369212501,-4.573156077415653,4.537937781868437,57.00761722364507,52.062604466384656,-4.945012757260415,4.876144896483035,84.24101428691249,77.95647732332108,-6.284536963591407,4.984234746186315,20.028057454104395,19.656200774259638,-0.37185667984475756,5.184443906225048,47.26145451737184,45.55007363119607,-1.7113808861757676,5.067737883760248,27.233397063267443,25.893872856936433,-1.33952420633101,4.470268959389126
hisei_h,AUT,36,448.11994144022674,458.78304381044063,10.663102370213892,5.200228797443047,490.2470084813138,504.24592393233263,13.998915451018831,6.162795349142022,515.7813349007272,521.3487621369046,5.567427236177423,4.991069047115695,544.8759550944199,546.0937919416365,1.2178368472166312,4.547929060153699,42.12706704108706,45.46288012189196,3.335813080804904,6.84917727912314,67.66139346050058,62.565718326463944,-5.095675134036632,6.527289905845291,96.756013654193,87.31074813119588,-9.445265522997119,6.002820851303035,25.534326419413514,17.10283820457198,-8.431488214841533,6.393339552174856,54.62894661310594,41.84786800930393,-12.781078603802008,6.622001679482024,29.094620193692425,24.74502980473195,-4.3495903889604755,5.7568710826749285
hisei_h,BEL,36,442.8584429657088,453.8235822952056,10.965139329496822,4.67841229876085,484.71890766254927,500.7859510439074,16.067043381358133,4.648525129128093,520.6135551043312,529.2508621479278,8.637307043596593,6.329218877495818,541.0022705979553,544.4692725617266,3.4670019637712812,4.464227583692737,41.86046469684062,46.96236874870182,5.101904051861197,5.560286115442363,77.75511213862254,75.42727985272225,-2.3278322859002856,7.048283369059108,98.14382763224653,90.64569026652096,-7.498137365725569,6.109772095628411,35.89464744178191,28.464911104020427,-7.4297363377614865,6.452207346885376,56.28336293540592,43.68332151781914,-12.60004141758678,5.320334094833264,20.388715493623998,15.218410413798711,-5.170305079825287,6.680864812200272
hisei_h,CAN,36,488.1845807237238,489.34688393200923,1.1623032082854365,3.770872808645091,520.1622673544241,520.9696149598826,0.8073476054585171,3.3611364407356934,528.3912034100348,531.3659782579193,2.9747748478845324,3.8637893113286372,549.727437481072,548.0993038470308,-1.6281336340412054,3.878396684440977,31.977686630700322,31.6227310278735,-0.3549556028268235,4.547178438894407,40.20662268631104,42.019094325910125,1.8124716395990816,4.710217981355704,61.542856757348275,58.752419915021505,-2.79043684232677,4.576485250759006,8.228936055610722,10.396363298036624,2.1674272424259016,4.365727382096511,29.565170126647956,27.129688887148006,-2.43548123949995,4.127653214421492,21.336234071037232,16.73332558911138,-4.6029084819258514,4.234871488740407
hisei_h,CHE,36,458.1370573473705,460.19430029952434,2.0572429521538425,5.293351681523385,493.72277697896095,502.9258915758992,9.203114596938235,4.895524579232185,528.846597949295,535.3624064983342,6.515808549039207,4.786519019404656,554.8863117543524,557.5439635272559,2.6576517729034776,5.634961339844436,35.58571963159041,42.73159127637488,7.145871644784471,5.950207614611557,70.70954060192443,75.16810619880982,4.458565596885393,6.411875810242106,96.74925440698195,97.3496632277316,0.6004088207496494,7.38437787539422,35.12382097033403,32.436514922434945,-2.687306047899085,5.130803609789757,61.16353477539153,54.618071951356725,-6.545462824034807,6.400210556105657,26.0397138050575,22.18155702892178,-3.8581567761357185,6.990901666380469
hisei_h,CHL,36,426.22690001821684,423.1358825726713,-3.0910174455455603,5.259809185589536,435.7424481829527,439.7958011404394,4.053352957486652,5.443150227355934,454.9589110269496,463.80043269996776,8.841521673018178,5.447741961234342,487.868052882084,492.13371214386746,4.265659261783469,5.17566356051256,9.515548164735964,16.65991856776816,7.144370403032195,6.438053258797877,28.732011008732762,40.66455012729645,11.932539118563689,7.259877489441387,61.64115286386711,68.99782957119619,7.356676707329079,7.226779983134745,19.2164628439968,24.004631559528292,4.788168715531491,6.49720875559143,52.125604699131145,52.33791100342803,0.21230630429688802,6.940238550746527,32.909141855134344,28.333279443899734,-4.57586241123461,6.4668686661152215
hisei_h,COL,36,384.2167150159624,387.8859993862869,3.669284370324533,4.484754290490632,400.8833390622063,411.30108691294726,10.417747850740966,5.42061036239285,420.17128340141545,437.6145670432246,17.44328364180916,6.590698919056659,453.9823605307073,468.68314030780414,14.700779777096841,8.787701592354601,16.666624046243946,23.41508752666028,6.7484634804163335,5.684143920533894,35.95456838545311,49.72856765693766,13.773999271484556,6.600884371572637,69.76564551474496,80.79714092151714,11.03149540677218,9.45738673579812,19.28794433920916,26.313480130277384,7.025535791068222,6.294186133190833,53.09902146850102,57.38205339485686,4.283031926355839,9.251421603660171,33.81107712929186,31.068573264579477,-2.7425038647123827,7.607439462695816
hisei_h,CZE,36,447.08011132345746,454.73663802124247,7.6565266977850115,4.36685379067427,496.3427136313306,492.0184384981452,-4.324275133185381,5.247880280470256,516.0629626578376,512.1976367523127,-3.8653259055248554,4.749442618766905,549.1139122163717,543.2018333332504,-5.912078883121239,5.685443763625905,49.26260230787305,37.2818004769028,-11.98080183097025,5.44833764300703,68.98285133438014,57.46099873107032,-11.521852603309824,5.460269753462197,102.03380089291424,88.46519531200796,-13.56860558090628,6.9237572860358885,19.720249026507084,20.179198254167527,0.4589492276604439,5.705705413990084,52.771198585041176,51.18339483510516,-1.5878037499360147,6.950822628915695,33.0509495585341,31.004196580937634,-2.0467529775964657,6.135372423777499
hisei_h,DEU,36,457.7609627024225,453.7044271548557,-4.056535547566796,6.200424625070132,494.62382198748855,499.3547707934479,4.730948805959372,6.0802682941778485,514.7271505134574,524.9481488477426,10.220998334285127,7.912669073686252,558.7627789431064,560.3018044862868,1.5390255431804007,5.73311103031801,36.862859285066115,45.65034363859225,8.787484353526132,7.041118722291959,56.96618781103509,71.243721692887,14.277533881851902,7.878493977217779,101.0018162406839,106.59737733143098,5.595561090747083,7.725555172629468,20.103328525968983,25.593378054294742,5.490049528325759,8.356734649076012,64.13895695561777,60.947033692838716,-3.1919232627790564,7.168901993212935,44.035628429648796,35.35365563854397,-8.681972791104826,8.153948980864316
hisei_h,DNK,36,461.19536847474455,452.12533428750066,-9.070034187243891,5.639539274388348,492.05485062552134,483.25905187110203,-8.795798754419309,5.479623622456573,512.282476882124,503.07736663229355,-9.205110249830454,6.659055883540884,526.5201604748171,520.1790153225427,-6.341145152274407,5.649943335121409,30.859482150776877,31.133717583601374,0.27423543282449714,7.485686951283845,51.08710840737935,50.952032344792926,-0.13507606258642113,7.136548617894763,65.32479200007253,68.05368103504206,2.7288890349695265,7.217092546931736,20.22762625660247,19.81831476119155,-0.40931149541091827,8.488866498914708,34.46530984929566,36.91996345144067,2.454653602145015,7.189788796111155,14.237683592693191,17.101648690249124,2.8639650975559334,8.08024862735202
hisei_h,ESP,36,457.4128924760457,449.49147361033374,-7.921418865711985,3.5714047417309347,478.6889995859145,475.93943080167656,-2.7495687842379084,3.350522459590048,499.8702977757827,500.6053910516488,0.7350932758660633,3.3130523562986163,520.9393480615472,514.8507373654637,-6.088610696083492,3.1174647631681407,21.276107109868747,26.447957191342812,5.171850081474066,4.01155949593126,42.457405299736976,51.11391744131508,8.656512141578105,3.941216331452831,63.5264555855015,65.35926375513004,1.8328081696285423,4.067300597352441,21.181298189868226,24.665960249972265,3.4846620601040392,3.558869751654168,42.25034847563275,38.911306563787235,-3.339041911845513,3.802727010983054,21.069050285764526,14.245346313814968,-6.823703971949557,3.6369495670319547
hisei_h,EST,36,495.4022854235467,492.834870106769,-2.5674153167776694,4.67425305281879,521.6139937324001,528.8154618310739,7.201468098673786,5.298915162301276,547.1627537149814,549.1971783405598,2.034424625578481,4.055694280325154,555.7109255538228,556.4784314143484,0.7675058605256027,4.610789453585518,26.211708308853417,35.98059172430483,9.768883415451413,6.024980148223475,51.76046829143469,56.36230823379071,4.601839942356023,5.494280526232763,60.30864013027603,63.64356130757932,3.3349211773032863,6.133387061440062,25.54875998258127,20.381716509485877,-5.167043473095394,5.837304849868862,34.096931821422615,27.662969583274492,-6.433962238148123,5.804768251744577,8.548171838841347,7.2812530737886165,-1.26691876505273,5.01615990336398
hisei_h,FIN,36,479.238469820305,477.1596813993309,-2.0787884209740923,4.474770412639602,503.2912085178914,507.38489450184596,4.093685983954572,4.750805281125885,530.7735108636859,536.2854919626385,5.51198109895256,4.688263310229206,556.7668883716666,549.9893857001344,-6.777502671532147,5.039164322496889,24.0527386975864,30.22521310251513,6.172474404928732,5.2479807656450195,51.535041043380964,59.125810563307695,7.590769519926731,5.321085322968094,77.52841855136157,72.82970430080351,-4.698714250558055,6.4837425463254945,27.48230234579457,28.900597460792568,1.4182951149979992,5.392489926486779,53.47567985377516,42.60449119828838,-10.871188655486783,5.976133009264822,25.993377507980597,13.70389373749581,-12.289483770484788,6.175000149123544
hisei_h,FRA,36,448.95860211025047,456.63093594340023,7.672333833149764,4.9377099729814375,483.9733783854017,491.7727753143589,7.799396928957208,6.5255944578601675,509.0197649917383,512.2182121169163,3.1984471251780064,5.669242028836448,546.61669159283,546.7835779199042,0.16688632707428042,5.008122882865915,35.014776275151306,35.14183937095872,0.12706309580741504,6.892796293450184,60.06116288148796,55.58727617351606,-4.4738867079719,6.9022985897977005,97.65808948257953,90.15264197650404,-7.505447506075484,6.312372922640916,25.046386606336647,20.44543680255733,-4.600949803779315,6.2206718499247105,62.64331320742822,55.01080260554532,-7.632510601882899,6.323462373075111,37.59692660109157,34.56536580298799,-3.031560798103577,5.498711378556141
hisei_h,GBR,36,473.64981608403076,481.44278362452786,7.792967540497102,4.586951028653094,504.33855923226486,519.3430976417533,15.004538409488418,5.50892862768639,524.511308209735,543.70591784289,19.194609633154982,5.011100004689812,541.1020701276483,550.4514610545057,9.349390926857382,6.052238891631739,30.688743148234074,37.900314017225334,7.211570868991259,6.836677409742883,50.86149212570426,62.2631342183621,11.401642092657838,6.112836346615149,67.45225404361757,69.00867742997768,1.556423386360109,7.348791233604091,20.17274897747019,24.362820201136753,4.190071223666564,6.309814947911013,36.763510895383504,31.10836341275235,-5.655147482631154,6.706066083266416,16.590761917913312,6.745543211615598,-9.845218706297715,6.541961264655176
hisei_h,GRC,36,414.3449187470845,404.9553397813769,-9.389578965707585,5.061992738064458,428.1164829118767,436.3127432614727,8.196260349596002,5.970870345105554,459.6080670739324,460.7717967308771,1.1637296569447244,5.069791057910983,484.4214660803741,478.13235414489566,-6.289111935478445,4.901952504449428,13.771564164792215,31.35740348009582,17.585839315303602,5.798626418138071,45.26314832684781,55.81645694950024,10.55330862265243,6.100133638530604,70.0765473332896,73.17701436351877,3.1004670302291686,6.16710168179986,31.491584162055595,24.45905346940442,-7.032530692651175,6.04544868973226,56.30498316849737,41.819610883422946,-14.485372285074426,5.835925407456072,24.813399006441777,17.360557414018523,-7.452841592423255,5.120108948875202
hisei_h,HUN,36,427.85801632478433,436.03710840710346,8.17909208231913,5.6529574228881625,481.02315239699465,477.85781139355186,-3.1653410034427907,5.078770603763868,508.3660782210163,504.03062467694235,-4.335453544073971,5.795768082712602,547.2457172328467,533.96887134538,-13.27684588746672,5.93932314383161,53.16513607221034,41.82070298644839,-11.344433085761949,6.142147903957128,80.50806189623198,67.99351626983889,-12.514545626393087,7.282222763681913,119.3877009080624,97.9317629382765,-21.455937969785893,8.346534451930673,27.34292582402164,26.17281328339049,-1.1701125406311519,6.09580513919556,66.22256483585205,56.111059951828096,-10.111504884023958,7.041923482899235,38.879639011830406,29.938246668437607,-8.941392343392799,6.360652074824809
hisei_h,IRL,36,474.54011357727205,470.7980205946434,-3.7420929826286624,4.27728035636317,501.0570399420144,498.7445400362446,-2.312499905769812,4.768765975686825,518.478890652083,521.2212220366753,2.742331384592262,4.8993414396090005,531.3842630778972,530.2949843609383,-1.0892787169589155,4.256837652129085,26.516926364742325,27.946519441601225,1.4295930768589002,5.423193867106878,43.938777074810915,50.423201442031825,6.48442436722091,5.473767892283119,56.84414950062518,59.49696376629489,2.6528142656697113,5.120533151701184,17.42185071006859,22.4766820004306,5.05483129036201,6.516961650735724,30.327223135882853,31.550444324693665,1.223221188810811,5.275819222988348,12.905372425814267,9.073762324263067,-3.8316101015512007,5.434671550762268
hisei_h,ISL,36,420.5010572713717,428.2512237643244,7.750166492952701,5.365356658846593,451.9040714842614,450.77233907947345,-1.1317324047879538,5.095566891665213,462.22156557099805,472.69007485167714,10.468509280679086,5.86821868797521,483.9133284901319,486.7379829253623,2.8246544352304,4.688361671489375,31.403014212889637,22.521115315149093,-8.881898897740545,7.323668178870505,41.72050829962633,44.4388510873528,2.7183427877264705,7.724694380753757,63.4122712187602,58.48675916103794,-4.9255120577222655,7.61680929937952,10.317494086736696,21.917735772203706,11.60024168546701,8.264839976019276,32.009257005870566,35.965643845888835,3.9563868400182685,6.890101316278334,21.69176291913387,14.047908073685125,-7.643854845448743,7.126651438374337
hisei_h,ISR,36,423.3276343743138,428.8815780957392,5.553943721425412,5.906410040479497,469.5321713761572,461.5033826239943,-8.028788752162882,5.957117643127213,499.10252483741897,492.2850317691383,-6.817493068280669,6.5181528154382695,514.1553973087115,504.67791118431325,-9.47748612439824,6.569921841071605,46.20453700184346,32.621804528255026,-13.582732473588436,6.796175329496708,75.7748904631053,63.40345367339902,-12.371436789706273,8.024062247715563,90.82776293439773,75.79633308857399,-15.031429845823737,8.122145777300263,29.570353461261835,30.78164914514399,1.211295683882156,7.0871806758979705,44.62322593255426,43.17452856031896,-1.4486973722353014,6.763298171798807,15.052872471292426,12.392879415174969,-2.6599930561174574,7.2905285112911145
hisei_h,ITA,36,445.9558453781007,456.6157665732229,10.659921195122195,4.9973174612047755,469.0834066749534,478.7222729768091,9.638866301855728,5.1064215656582075,493.915016951228,504.85873812033185,10.943721169103867,5.974775045697103,514.5824143511273,522.8138582892066,8.231443938079224,5.736412420054127,23.127561296852683,22.10650640358613,-1.0210548932665517,5.817955887391041,47.95917157312719,48.242971547108894,0.28379997398170076,6.612628062756621,68.62656897302662,66.19809171598364,-2.428477257042985,6.814484161527661,24.831610276274507,26.13646514352276,1.3048548672482525,6.122509078895992,45.499007676173946,44.091585312397505,-1.4074223637764405,6.280466247557864,20.667397399899436,17.95512016887475,-2.712277231024686,6.1207233599820805
hisei_h,JPN,36,525.2452909258386,514.5947035256003,-10.65058740023835,6.8092188547438095,556.6058640813562,550.6659255427189,-5.939938538637307,5.634829542165262,547.8665522914887,542.7963725931024,-5.070179698386255,5.610220881982694,572.7787635032224,572.1609145553415,-0.6178489478809297,7.567030755910116,31.360573155517567,36.071222017118735,4.710648861601168,7.119831717245053,22.62126136565007,28.201669067502337,5.580407701852266,7.512928435039955,47.53347257738376,57.566211029741325,10.032738452357563,9.065138691403561,-8.739311789867497,-7.8695529496164,0.8697588402510963,6.648611797155971,16.17289942186619,21.49498901262259,5.3220895907563985,7.05007352171938,24.912211211733688,29.36454196223899,4.452330750505304,8.190492608639115
hisei_h,KOR,36,511.1819518960864,505.6142227438485,-5.567729152237916,6.9893765633476646,529.25623649369,534.9452975738803,5.689061080190299,5.889562728142459,528.7856876022367,545.1246869495516,16.338999347314825,6.132993593048513,558.3306413292839,563.1336787532027,4.803037423918795,6.143260435732462,18.074284597603707,29.331074830031973,11.256790232428266,7.433213937929336,17.603735706150438,39.510464205703265,21.906728499552827,6.887147213110776,47.148689433197646,57.51945600935437,10.370766576156726,7.9127258976667765,-0.47054889145326795,10.179389375671292,10.64993826712456,6.224969879298637,29.074404835593942,28.188381179322402,-0.88602365627154,6.512169048333825,29.544953727047208,18.00899180365111,-11.535961923396098,6.4352940670714585
hisei_h,LTU,36,456.93409946082363,465.1732746782412,8.239175217417596,5.2775809342362585,483.6864902229298,504.83217629739676,21.145686074466937,5.122324155010419,505.63363391722135,518.649764943024,13.016131025802679,5.00533220477118,526.9096783893895,529.7308217801685,2.8211433907790706,5.706223785772567,26.75239076210621,39.65890161915544,12.906510857049234,6.23672172682323,48.699534456397735,53.4764902647827,4.776955808384962,6.68332872519711,69.97557892856588,64.5575471019273,-5.4180318266385825,6.701574072307252,21.947143694291526,13.81758864562725,-8.129555048664276,6.18251770184822,43.223188166459664,24.898645482771865,-18.3245426836878,6.295977076198065,21.276044472168138,11.081056837144615,-10.194987635023523,6.230888089133023
hisei_h,LVA,36,469.7205152071626,452.4504953409554,-17.27001986620718,4.767582376194361,484.97052981432216,486.79802936142903,1.8274995471068678,5.064497165491334,514.7723626588731,503.7441350515305,-11.028227607342615,4.472789940798108,528.6324600840658,500.10599782178815,-28.52646226227762,4.434901800977314,15.250014607159585,34.34753402047358,19.097519413313996,5.871540629725267,45.05184745171053,51.293639710575135,6.241792258864606,5.467132419738126,58.911944876903206,47.65550248083271,-11.256442396070497,6.381928131586218,29.801832844550944,16.946105690101554,-12.85572715444939,5.964399663719878,43.661930269743614,13.307968460359131,-30.353961809384483,6.021948047311193,13.860097425192668,-3.6381372297424206,-17.49823465493509,5.9018403019541825
hisei_h,MEX,36,387.4951190907071,390.00766566978416,2.512546579077082,4.062731167675842,400.81399170402756,409.09737793627943,8.283386232251871,3.98434481134923,421.3510383877657,430.67606080590815,9.325022418142453,4.787980874813189,436.35286368231783,445.5613445996174,9.208480917299596,5.168343326335808,13.318872613320526,19.08971226649525,5.7708396531747255,5.008470930995455,33.85591929705863,40.66839513612395,6.812475839065321,5.270687883463433,48.85774459161081,55.553678929833225,6.695934338222415,5.830792802465106,20.5370466837381,21.578682869628693,1.0416361858905923,5.006169694044255,35.53887197829029,36.46396666333798,0.9250946850476893,5.3547366087910335,15.001825294552185,14.885283793709283,-0.11654150084290293,5.339974004020352
hisei_h,NLD,36,447.63689051871614,452.86454064001725,5.22765012130111,7.3152457892864255,491.81593260030724,489.44652927397317,-2.3694033263340657,5.6452296805682165,520.1794364593259,520.8535310912132,0.6740946318873284,6.656002964316777,542.0395096275696,540.6434185041287,-1.3960911234408968,5.671528730147809,44.17904208159108,36.5819886339559,-7.597053447635176,6.885308960966306,72.54254594060973,67.98899045119606,-4.553555489413668,8.569250303865923,94.4026191088535,87.7788778641115,-6.623741244742007,8.512753033639623,28.363503859018646,31.407001817240154,3.043497958221508,7.397794083258614,50.22357702726242,51.19688923015559,0.9733122028931689,6.972834546419264,21.860073168243776,19.789887412915437,-2.070185755328339,6.439931534582585
hisei_h,NOR,36,450.26360371064163,438.07384341506395,-12.189760295577685,5.0977086848999145,481.35326149390875,480.89171805003707,-0.4615434438716761,4.751336769309153,502.28403570910797,490.1139834042974,-12.170052304810554,5.007788032288048,513.4283430002631,517.8644692525704,4.436126252307304,5.459538651517401,31.08965778326724,42.81787463497318,11.728216851705941,6.760941421099307,52.02043199846635,52.04013998923351,0.019707990767159345,6.374955730550827,63.16473928962133,79.79062583750654,16.62588654788521,6.58737829953736,20.930774215199108,9.222265354260339,-11.70850886093877,6.5225175492055625,32.075081506354095,36.97275120253336,4.897669696179264,6.513225399374993,11.144307291154984,27.75048584827302,16.606178557118035,6.322513522759852
hisei_h,NZL,36,466.29365652482466,481.42374485407925,15.13008832925459,5.8836123379123695,510.23391329087855,518.8162045869667,8.582291296088158,5.882613680669188,532.7265696868805,546.0862063557781,13.359636668897679,5.458727661736227,546.844413587672,557.6972343864115,10.852820798739572,5.3014590928908,43.940256766053864,37.39245973288742,-6.547797033166447,7.822406077946572,66.43291316205573,64.66246150169894,-1.770451660356784,7.226814106096483,80.5507570628473,76.27348953233228,-4.277267530515019,7.734552650168633,22.49265639600186,27.270001768811518,4.777345372809659,8.325254841554148,36.61050029679344,38.88102979944487,2.270529502651428,7.040735006027666,14.11784390079158,11.61102803063335,-2.5068158701582313,8.066702270821725
hisei_h,POL,36,472.1234578844084,473.56998581599447,1.446527931586047,4.89437363738044,490.49060474085536,491.66461742398315,1.1740126831277848,4.5933891018330035,521.8583513359691,530.5078588868703,8.649507550901149,5.80413033369566,541.2993798783899,541.325848755437,0.02646887704713663,5.0722439453031525,18.36714685644684,18.09463160798875,-0.2725152484580917,5.690750696630969,49.734893451560616,56.937873070875796,7.20297961931518,6.945515026853457,69.17592199398143,67.75586293944272,-1.4200590545387115,6.924433533432309,31.36774659511378,38.84324146288705,7.475494867773271,5.806185405401899,50.808775137534596,49.661231331453976,-1.1475438060806198,6.142793710294393,19.441028542420817,10.81798986856693,-8.623038673853888,6.124519601290438
hisei_h,PRT,36,450.6659830493939,451.27574133707213,0.6097582876782326,5.955323050741083,473.1342049126173,476.8264934101694,3.692288497552113,6.429220206280575,501.82337696482557,504.22497386979677,2.4015969049712,4.605665017515286,528.560908396052,533.9447796328815,5.383871236829464,6.3902033632616275,22.468221863223345,25.55075207309727,3.0825302098739265,6.164251660211756,51.15739391543169,52.949232532724636,1.791838617292946,6.521625825186646,77.89492534665814,82.66903829580933,4.7741129491511884,7.277055780074483,28.689172052208345,27.398480459627372,-1.2906915925809734,6.685975277656973,55.42670348343479,57.11828622271205,1.6915827392772584,6.535601006529226,26.737531431226444,29.71980576308469,2.982274331858246,6.867115850178524
hisei_h,SVK,36,401.5771082848966,433.71831868593944,32.14121040104283,7.254584545082003,459.7779907766441,472.81101631735845,13.033025540714334,5.365969453903356,487.73911990420527,503.7543976666103,16.01527776240505,5.646836457339813,525.1068358848585,536.8318150190901,11.724979134231603,6.088169333311455,58.20088249174747,39.09269763141899,-19.10818486032848,7.837424930197771,86.16201161930869,70.0360789806708,-16.12593263863789,8.015404659268352,123.52972759996183,103.11349633315066,-20.416231266811167,9.216265289360578,27.961129127561207,30.94338134925179,2.982252221690583,6.985644826963029,65.32884510821434,64.02079870173166,-1.3080464064826742,7.697214646125954,37.367715980653145,33.077417352479884,-4.290298628173261,6.8064335810800145
hisei_h,SVN,36,457.91027274617545,450.95706746726984,-6.953205278905614,4.486265771038849,495.38462646494406,485.4259311204384,-9.958695344505657,4.826538349565721,523.808358230972,515.6955971228647,-8.112761108107293,4.385403486367,538.0624973632961,535.6281024206752,-2.4343949426208837,4.663740525805247,37.474353718768626,34.46886365316858,-3.0054900656000427,6.368565439790318,65.8980854847965,64.73852965559493,-1.1595558292015653,6.298133130104666,80.15222461712062,84.6710349534053,4.518810336284673,6.520009530356463,28.423731766027856,30.269666002426344,1.845934236398488,6.917927325617724,42.677870898351976,50.202171300236714,7.524300401884737,7.002786050175054,14.254139132324122,19.932505297810373,5.678366165486251,6.425277595597933
hisei_h,SWE,36,455.7221161512909,447.82934537274133,-7.892770778549561,5.186114386515112,495.6180318537657,494.78491749598436,-0.8331143577813123,4.624889318658876,525.7763167580289,517.9323734921238,-7.843943265905068,6.559725045195902,533.0047833406422,536.4739309329761,3.4691475923339112,5.60510509197329,39.895915702474916,46.955572123243016,7.0596564207681,6.253612374697092,70.05420060673814,70.1030281193824,0.04882751264426588,6.812862235825809,77.28266718935126,88.6445855602348,11.361918370883544,7.07569229946802,30.15828490426322,23.14745599613938,-7.0108289081238375,7.746967717682407,37.38675148687633,41.68901343699178,4.302261950115451,6.782610509796513,7.228466582613112,18.541557440852397,11.313090858239285,7.260739019061668
hisei_h,TUR,36,447.8032857163318,474.63964519169684,26.836359475365043,4.233994661013437,462.9314866473468,483.92216469425614,20.990678046909352,4.196919266602799,480.8390213074639,503.72979938047746,22.890778073013564,4.537916726894732,516.2764288049269,543.0514126310336,26.774983826106677,4.905322191610382,15.128200931014902,9.282519502559296,-5.845681428455606,4.7061111828829665,33.03573559113216,29.090154188780684,-3.9455814023514755,5.184292046597638,68.47314308859511,68.4117674393367,-0.06137564925840877,6.019189666769822,17.907534660117257,19.807634686221387,1.9001000261041305,5.351191615406439,53.34494215758021,59.1292479367774,5.78430577919719,5.826621710531776,35.43740749746296,39.32161325055601,3.884205753093056,6.264968106896131
hisei_h,USA,36,460.366836957042,459.0252238916846,-1.3416130653573646,8.676280305973858,495.7656846697203,489.9531940852694,-5.812490584450927,9.128960882886803,512.9784766740307,525.7003754132147,12.721898739183985,20.59585976294484,553.1038028798158,561.9313837512808,8.827580871464988,10.71077139678594,35.39884771267832,30.92797019358478,-4.470877519093538,11.329751414674618,52.611639716988705,66.67515152153003,14.06351180454132,21.41689823113424,92.73696592277382,102.90615985959607,10.169193936822253,13.328673734154966,17.21279200431038,35.747181327945256,18.534389323634876,18.77648128551263,57.338118210095516,71.97818966601129,14.640071455915773,13.23580923372979,40.125326205785136,36.23100833806603,-3.894317867719103,18.978075184978174
hisei_h,OECD,36,452.9103766601905,455.1470270203457,2.236650360155238,0.9026344670526626,483.8556291052031,487.8431543748494,3.987525269646312,0.9635069510242045,506.0877458295665,510.71469006810065,4.626944238534179,0.9950895145323749,529.9281587307152,531.3102028816035,1.382044150888305,0.9344043638377272,30.94525244501263,32.696127354503545,1.7508749094909142,1.0820464116692885,53.17736916937598,55.567663047754785,2.390293878378806,1.0972143051096257,77.01778207052473,76.16317586125777,-0.8546062092669615,1.1808800762488876,22.23211672436335,22.87153569325124,0.6394189688878882,1.1803320995831634,46.07252962551208,43.46704850675421,-2.605481118757872,1.2028364319154596,23.84041290114873,20.595512813502967,-3.244900087645764,1.1471821204610098
pared_h,AUS,36,473.3055674762801,478.2147036385475,4.90913616226743,3.7176485347518677,507.1070013544437,513.9781000174377,6.8710986629939725,4.750500749841427,528.8103361496882,539.5201616248451,10.70982547515689,3.5066318157150125,527.4834098940808,534.8988272815894,7.415417387508683,4.172225389036069,33.801433878163536,35.76339637889016,1.9619625007266208,5.361721630882332,55.50476867340816,61.305457986297654,5.800689312889496,4.988581533523666,54.17784241780064,56.68412364304195,2.5062812252413096,5.20228341301322,21.703334795244626,25.542061607407504,3.8387268121628786,4.997728319616264,20.376408539637104,20.9207272641518,0.5443187245146959,4.804741255308198,-1.3269262556075205,-4.621334343255706,-3.2944080876481854,4.402801890509612
pared_h,AUT,36,458.25276678291056,470.6747487424098,12.421981959499249,5.211601293223155,487.99810906960727,496.3290755179111,8.330966448303855,4.9567865997411,506.544240118477,514.1331232008454,7.5888830823683975,4.5690653427815855,528.726670877344,538.2570433342873,9.530372456943383,5.402125408166596,29.745342286696705,25.654326775501385,-4.0910155111953195,5.402261480599215,48.29147333556629,43.45837445843573,-4.83309887713056,5.688378552007477,70.47390409443328,67.58229459187767,-2.8916095025556103,6.408427703370537,18.54613104886958,17.80404768293434,-0.7420833659352404,5.450651060222372,40.72856180773658,41.92796781637629,1.1994060086397056,5.789399988467448,22.182430758867003,24.12392013344195,1.941489374574946,5.479771988581619
pared_h,BEL,36,457.5002036845238,465.4768855458054,7.976681861281577,4.944342880616834,499.5622082739992,502.9263415948873,3.3641333208880724,5.676239045891095,507.94197829454924,527.972396165783,20.030417871233794,4.590681825667898,512.4367574858887,527.5527950865393,15.116037600650543,5.342493181650878,42.06200458947539,37.44945604908191,-4.612548540393483,6.510816341344128,50.441774610025426,62.495510619977765,12.053736009952338,5.977315183327543,54.9365538013649,62.07590954073396,7.1393557393690585,6.182312767878277,8.379770020550035,25.046054570895848,16.666284550345814,6.104250350279182,12.874549211889512,24.626453491652065,11.751904279762552,5.735095757089879,4.494779191339478,-0.41960107924378465,-4.914380270583263,5.779798375359413
pared_h,CAN,36,490.5714407626568,488.1298413221883,-2.441599440468451,3.453932481633661,518.2404769486802,518.7554601430923,0.5149831944120251,3.6825772529036978,529.0276217734015,535.9772246053598,6.949602831958259,3.793302856012432,529.7345971727036,538.0510461744179,8.316449001714318,3.748061318844202,27.669036186023476,30.62561882090393,2.956582634880455,4.305140336972988,38.456181010744736,47.8473832831715,9.391202272426767,4.559860478918715,39.16315641004689,49.92120485222966,10.75804844218277,4.317321772904503,10.787144824721258,17.221764462267572,6.434619637546314,4.106548180334228,11.494120224023414,19.29558603132573,7.801465807302316,4.149828801854581,0.706975399302155,2.0738215690581567,1.3668461697560017,3.879793561534052
pared_h,CHE,36,475.8768086863709,471.0326552122525,-4.8441534741184,5.288388126795008,502.26357073894906,507.5049632882709,5.2413925493218585,4.948923149734709,524.7127024692805,533.7736798526836,9.060977383403042,5.144926532455473,524.4814914219633,541.5215240190753,17.04003259711203,4.354949112867261,26.386762052578142,36.47230807601851,10.085546023440365,5.988754760951252,48.83589378290959,62.74102464043108,13.905130857521492,6.553167100428899,48.604682735592355,70.48886880682268,21.884186071230324,6.043678543774501,22.44913173033144,26.26871656441258,3.8195848340811374,5.722990275253488,22.21792068301421,34.016560730804166,11.798640047789956,5.475630982067994,-0.23121104731723108,7.747844166391587,7.979055213708818,5.498211529422363
pared_h,CHL,36,420.8135730978688,420.28810957464685,-0.5254635232219584,5.2964545969440024,443.86280218629474,437.65459953609496,-6.20820265019978,5.000666157470418,459.5482876521675,462.25332502995906,2.705037377791541,5.024601220177431,462.4307152462201,473.1032073753113,10.67249212909121,4.8600643009134155,23.04922908842596,17.366489961448156,-5.682739126977804,5.757307676492051,38.73471455429875,41.965215455312226,3.230500901013478,6.746215162167667,41.617142148351284,52.81509780066442,11.197955652313134,6.401903124815757,15.685485465872784,24.598725493864073,8.91324002799129,6.002389370649387,18.567913059925324,35.44860783921626,16.880694779290934,5.858429887129382,2.8824275940525412,10.849882345352189,7.967454751299647,5.3245681184366935
pared_h,COL,36,387.09153686818445,382.2992336479504,-4.792303220234032,4.884498518730323,399.81407307973603,414.0904063498953,14.276333270159284,4.835572374163417,431.66333349324594,435.90115702137666,4.237823528130718,7.168711542893009,433.73247058559144,452.8279248169567,19.09545423136524,7.619514324537328,12.722536211551574,31.791172701944937,19.068636490393363,5.688259587471452,44.57179662506146,53.60192337342629,9.030126748364829,7.3074528354654085,46.64093371740698,70.52869116900628,23.8877574515993,7.893437307164508,31.84926041350989,21.810750671481355,-10.038509742028534,6.547295352565556,33.91839750585541,38.73751846706134,4.8191209612059325,7.733027904068118,2.0691370923455223,16.926767795579984,14.857630703234461,6.104236753490949
pared_h,CZE,36,473.6584004134558,463.2089740862716,-10.449426327184199,4.693275570870681,479.68602348226125,476.78384495822985,-2.902178524031399,4.586668045587074,508.97228465448677,510.42042646752026,1.4481418130334873,5.098003253757922,532.4829006434776,527.4153256170514,-5.067575026426198,5.0905769350950845,6.0276230688054735,13.574870871958273,7.5472478031528,5.0055960579739285,35.31388424103103,47.21145238124861,11.89756814021758,5.35466815244649,58.82450023002177,64.20635153077978,5.381851300758015,6.074374688614286,29.28626117222556,33.63658150929034,4.350320337064776,6.006333302685633,52.7968771612163,50.63148065882153,-2.1653965023947706,6.159808797736902,23.510615988990736,16.994899149531186,-6.51571683945955,5.372401196888619
pared_h,DEU,36,466.5421183129969,447.81971476977515,-18.72240354322173,5.641115740476083,500.0448009590822,509.64806959167737,9.603268632595189,6.5267374734935135,521.8783682283729,520.7110151955715,-1.1673530328014294,6.451406553190069,518.0851569873037,539.9774538452513,21.8922968579476,6.962704231416875,33.50268264608523,61.82835482190217,28.325672175816933,7.072055082064702,55.336249915375994,72.8913004257963,17.55505051042031,6.604580420859579,51.5430386743066,92.15773907547606,40.61470040116946,7.738584371044374,21.83356726929075,11.062945603894144,-10.770621665396606,7.539143396860369,18.040356028221375,30.3293842535739,12.289028225352524,7.901504798227286,-3.7932112410693777,19.266438649679753,23.05964989074913,7.089719503969091
pared_h,DNK,36,474.6001624925017,454.8034989996281,-19.796663492873563,5.143006596675184,503.7812005048471,483.99528223792566,-19.785918266921442,6.562848960255407,499.91813328392925,503.9459495414018,4.027816257472523,5.218941421265693,504.437505524838,505.128800418163,0.6912948933249936,5.332896565585725,29.18103801234538,29.191783238297564,0.010745225952184967,7.315948207940934,25.31797079142762,49.142450541773584,23.824479750345965,7.299754805132897,29.837343032336275,50.32530141853486,20.48795838619859,6.98897273580365,-3.863067220917759,19.950667303476017,23.813734524393777,7.7467505477019465,0.6563050199908957,21.133518180237303,20.477213160246407,6.737109852978573,4.5193722409086545,1.1828508767612846,-3.33652136414737,6.581540780216173
pared_h,ESP,36,460.4136299070186,447.98779651721026,-12.42583338980836,3.5296899579200147,491.68823503112606,480.6267723012238,-11.061462729902246,3.390259657353767,495.7479479770606,500.48004858521483,4.732100608154212,3.5870476096444985,495.25489618175845,501.226056272615,5.971160090856529,2.8561347114427282,31.274605124107484,32.63897578401351,1.364370659906026,3.934496441534195,35.33431807004206,52.49225206800463,17.157933997962573,4.290714591880628,34.841266274739816,53.23825975540471,18.396993480664896,3.901068957290554,4.059712945934575,19.853276283991125,15.79356333805655,3.5321506354591077,3.5666611506323305,20.599283971391213,17.03262282075888,3.7152250672546323,-0.4930517953022445,0.746007687400089,1.2390594827023336,3.5879438570245172
pared_h,EST,36,507.6237122231852,497.7645161615877,-9.859196061597459,4.346652193517425,510.90375198702316,520.600734664643,9.696982677619872,4.904445634808456,540.5568748369465,551.232020086198,10.6751452492515,4.534726101801218,546.497929615011,549.1275437063193,2.6296140913083264,4.635195433556887,3.280039763837999,22.836218503055136,19.55617873921714,5.536194154079871,32.9331626137613,53.46750392461014,20.534341310848845,5.397068387360474,38.874217391825894,51.36302754473145,12.488810152905558,5.82818914007201,29.6531228499233,30.631285421555003,0.9781625716317031,5.814662034061771,35.5941776279879,28.526809041676312,-7.067368586311584,5.531178747717858,5.941054778064597,-2.1044763798786903,-8.045531157943287,5.228142668347062
pared_h,FIN,36,484.8251541125566,472.51186522317784,-12.313288889378782,4.7523125707025295,522.1289128955589,509.6114696172655,-12.517443278293342,5.201810541273789,522.9249092516495,534.1132901346086,11.188380882959109,4.558375789430553,522.9464530960169,531.5338869906286,8.587433894611763,4.679518055979123,37.30375878300227,37.09960439408772,-0.20415438891455295,6.484286468221161,38.09975513909296,61.60142491143082,23.501669772337856,5.784059205400389,38.121298983460214,59.022021767450724,20.90072278399051,5.58037279689437,0.7959963560906885,24.5018205173431,23.70582416125241,5.722117404598316,0.8175402004579382,21.922417373363004,21.104877172905066,5.444006965284916,0.021543844367249675,-2.579403143980096,-2.6009469883473457,5.789766324044917
pared_h,FRA,36,451.5789771626145,458.4710540375539,6.892076874939448,5.088511897423597,490.8450893897358,484.46253791059735,-6.382551479138442,5.392163175030661,509.70677843876473,519.4554793068216,9.748700868056915,5.804428515420692,507.72342455578263,521.442078761851,13.71865420606838,5.60896224957096,39.26611222712121,25.99148387304345,-13.274628354077763,5.702770821182482,58.127801276150265,60.98442526926772,2.856623993117452,6.084435108163279,56.14444739316809,62.97102472429708,6.826577331128988,5.784289120035888,18.861689049029046,34.99294139622427,16.131252347195222,6.323806802498649,16.878335166046885,36.97954085125363,20.101205685206747,5.985580771553568,-1.9833538829821635,1.9865994550293635,3.969953338011527,5.841340712224721
pared_h,GBR,36,483.5914269168512,495.1092142090107,11.517787292159483,5.46188065297806,500.52123991485985,515.1883475472677,14.667107632407806,4.848029134511747,520.9003679310877,543.7500898226265,22.84972189153882,5.550335269641873,522.811414218846,544.2737047534031,21.46229053455704,5.123079140065357,16.92981299800862,20.07913333825698,3.1493203402483587,6.755039112285353,37.308941014236446,48.64087561361582,11.331934599379373,6.82289611371175,39.21998730199477,49.16449054439233,9.944503242397559,7.2150186335183175,20.37912801622782,28.561742275358835,8.182614259131014,6.301308110112416,22.290174303986145,29.08535720613535,6.795182902149204,5.797008536237152,1.9110462877583245,0.5236149307765118,-1.3874313569818129,6.055480003343544
pared_h,GRC,36,415.1331783174363,407.49356599908435,-7.639612318351965,5.709020932841453,438.4174271840617,426.8370957052254,-11.580331478836285,5.654713004690117,459.7261557500345,461.8544340241066,2.128278274072102,5.460041976789792,452.7443764247138,461.33628080061635,8.591904375902573,5.0218856796140825,23.2842488666253,19.343529706141034,-3.9407191604842673,6.351424483085871,44.59297743259815,54.36086802502216,9.76789059242401,6.858417849948214,37.61119810727745,53.84271480153194,16.231516694254488,6.4300644660913875,21.30872856597285,35.01733831888113,13.70860975290828,5.855681052095901,14.326949240652151,34.49918509539091,20.172235854738755,5.445056867019107,-6.981779325320696,-0.5181532234902193,6.463626101830477,5.701889037211951
pared_h,HUN,36,450.6480228908505,449.67120935423253,-0.9768135366179536,4.972709615719654,486.59799611971823,470.1993828164576,-16.398613303260618,5.924523414399993,506.70735090075596,510.0284306246378,3.3210797238818373,5.809281811235927,503.10542163818445,508.7366445038122,5.6312228656277625,4.888162205208487,35.94997322886783,20.528173462225084,-15.42179976664275,5.949040657507599,56.059328009905585,60.35722127040532,4.297893260499734,7.144931069181046,52.45739874733406,59.065435149579606,6.608036402245546,6.171077383526345,20.109354781037744,39.829047808180235,19.71969302714249,7.532606003774435,16.50742551846622,38.537261687354516,22.029836168888295,6.108694467579218,-3.601929262571525,-1.2917861208257193,2.310143141745806,6.100233140464251
pared_h,IRL,36,479.306504313013,467.50619892617743,-11.80030538683559,5.1444205615351075,508.11682327645997,509.993530048716,1.8767067722560569,4.680266985517098,517.4974968934227,520.2181740733465,2.7206771799237686,4.57415153255534,514.6914974493675,521.9082471427787,7.216749693411202,4.030107976432305,28.810318963446935,42.48733112253855,13.677012159091614,5.53472949415476,38.19099258040981,52.71197514716907,14.520982566759258,6.320749699265561,35.38499313635452,54.40204821660134,19.01705508024682,5.48019088165591,9.380673616962877,10.224644024630527,0.8439704076676495,5.701079611353797,6.574674172907583,11.914717094062791,5.340042921155208,5.57988663427509,-2.8059994440552942,1.6900730694322648,4.496072513487559,5.409529202816591
pared_h,ISL,36,415.6234397440322,425.39799330291555,9.774553558883326,5.221285640750168,455.7245784749299,453.9289076991091,-1.7956707758207813,5.2316721154073464,454.57489950107146,470.38464291912544,15.809743418053984,5.535373723547099,466.15791665749066,472.1001576095562,5.942240952065561,5.092581137629541,40.10113873089763,28.530914396193502,-11.570224334704129,7.462349429144353,38.95145975703928,44.986649616209924,6.035189859170643,8.277090920777134,50.53447691345845,46.702164306640654,-3.832312606817794,7.547379468764108,-1.149678973858346,16.455735220016418,17.605414193874765,7.424868075067623,10.433338182560822,18.171249910447152,7.737911727886329,7.3140736118644245,11.583017156419169,1.7155146904307343,-9.867502465988435,7.460716888771361
pared_h,ISR,36,423.72613275692055,421.3977877876579,-2.328344969262673,5.577723627937703,471.8978616447031,466.39378214998413,-5.504079494718951,7.1647872891023985,489.0213281220438,485.72923099763113,-3.2920971244126918,6.231801069337924,486.1752682690024,483.68447207720203,-2.4907961918003707,6.378118464727444,48.171728887782464,44.9959943623263,-3.175734525456164,8.005567857630185,65.29519536512323,64.33144320997323,-0.9637521551500043,6.792658049110006,62.44913551208182,62.28668428954419,-0.16245122253762645,6.453783915731238,17.12346647734077,19.335448847646934,2.2119823703061634,8.012596152887433,14.277406624299363,17.29068992721789,3.013283302918527,7.357803885578455,-2.8460598530414076,-2.044758920429041,0.8013009326123668,6.299830909320308
pared_h,ITA,36,455.7278374360267,458.54118771919536,2.8133502831686883,5.397695715545512,477.52503228150965,480.8395134310331,3.3144811495234308,4.59892322419805,486.8945248115304,499.28774928436025,12.393224472829843,6.1366328876697365,493.30528479730367,508.84556069210896,15.54027589480529,5.772768265200777,21.797194845482842,22.29832571183771,0.5011308663548668,5.9135783865063445,31.16668737550365,40.746561565164896,9.579874189661247,7.005345733002293,37.577447361276874,50.30437297291363,12.726925611636759,6.742143871887208,9.369492530020807,18.448235853327184,9.078743323306377,6.086812646798517,15.780252515794036,28.006047261075924,12.225794745281888,5.896481646604815,6.410759985773228,9.557811407748739,3.147051421975511,6.356286294000787
pared_h,JPN,36,517.6569439410654,504.807771913314,-12.849172027751365,6.7007083070395606,543.3153686694927,534.4117773277817,-8.903591341711035,6.072933040254675,564.9356083249394,566.5125127968469,1.5769044719074827,6.760785592364996,563.873777462453,561.01217738316,-2.861600079292998,5.456307832767054,25.65842472842735,29.60400541446768,3.94558068604033,7.271341148610242,47.27866438387389,61.70474088353293,14.42607649965904,8.394086266739324,46.21683352138742,56.20440546984605,9.98757194845863,7.465933175499796,21.62023965544654,32.10073546906525,10.48049581361871,6.338310988147658,20.558408792960073,26.600400055378373,6.0419912624183,6.151556633709154,-1.0618308624864654,-5.500335413686878,-4.438504551200413,6.184719874007882
pared_h,KOR,36,506.4645034171587,494.64605555075667,-11.818447866402039,6.3745657907564555,513.0385325533406,540.5833983835889,27.54486583024834,6.683632771994015,546.8559657049857,541.1359510683145,-5.720014636671181,7.062801516455156,548.5625209009311,547.1469376862071,-1.415583214723938,6.072967720426186,6.574029136181855,45.93734283283227,39.363313696650415,7.204364525675256,40.3914622878269,46.48989551755784,6.098433229730944,7.907103393327001,42.09801748377228,52.50088213545031,10.40286465167803,7.202360921378207,33.81743315164504,0.552552684725572,-33.26488046691947,6.627843915560852,35.523988347590425,6.5635393026180395,-28.960449044972385,7.654233598023419,1.7065551959453842,6.010986617892468,4.304431421947084,7.659986695662756
pared_h,LTU,36,457.1950211363634,466.9647253015845,9.769704165221128,4.4546386851653885,483.4439407335698,498.0774906087874,14.633549875217625,4.2550710724260945,503.5150967774322,505.7947748938066,2.2796781163744413,4.613204005607668,500.2878445453877,509.89336571130013,9.605521165912421,4.615391242278652,26.248919597206545,31.112765307202928,4.863845709996383,5.701845088305358,46.320075641068925,38.83004959222217,-7.490026048846758,5.653155774738736,43.09282340902436,42.928640409715655,-0.16418299930870717,6.227619599871652,20.071156043862384,7.717284285019241,-12.353871758843143,4.919893874105854,16.843903811817817,11.815875102512729,-5.028028709305088,5.299096726501839,-3.227252232044566,4.098590817493488,7.3258430495380535,5.511709960797091
pared_h,LVA,36,475.84427549622535,457.1760151397436,-18.668260356481767,4.642316165705591,476.5992839479762,464.4373235225885,-12.16196042538769,5.0193822454998065,517.1657383466279,499.221982429602,-17.943755917025896,5.414626609271885,509.93112628050966,503.2073877600318,-6.723738520477866,4.544304553229306,0.7550084517508594,7.261308382844794,6.506299931093935,5.3710165497285915,41.32146285040266,42.04596728985844,0.724504439455778,6.374269316606801,34.08685078428444,46.03137262028819,11.944521836003752,6.163549516736802,40.5664543986518,34.78465890701365,-5.7817954916381495,6.517879704016706,33.331842332533576,38.77006423744339,5.438221904909817,6.252785182904992,-7.2346120661182285,3.985405330429745,11.220017396547973,6.3507498465630885
pared_h,MEX,36,385.48701679064254,387.00778632057785,1.5207695299353077,3.8257336049785624,403.421347130241,410.841748931058,7.4204018008170465,3.9385677714536302,416.14163716737596,426.6928073283689,10.55117016099291,4.87355832021182,434.7752700646656,442.91764036788356,8.142370303217945,5.533894122752542,17.93433033959845,23.833962610480153,5.899632270881703,4.770557483513012,30.654620376733437,39.68502100779106,9.03040063105762,5.6275386216813486,49.28825327402318,55.90985404730566,6.621600773282481,6.0163193399129495,12.720290037134987,15.851058397310902,3.1307683601759155,5.28786674487412,31.35392293442473,32.0758914368255,0.7219685024007703,6.264580207523587,18.633632897289743,16.224833039514596,-2.408799857775147,4.91415276162675
pared_h,NLD,36,468.4409543109731,449.56294037366354,-18.87801393730956,6.834440850593546,503.11686954275564,480.0659225165602,-23.050947026195445,6.8859399501691305,496.61029973194746,528.7121937334407,32.101894001493235,6.6745302405840725,503.8041135050145,522.272756609798,18.46864310478344,6.537886481645563,34.67591523178252,30.502982142896666,-4.172933088885852,8.068582249247905,28.169345420974274,79.14925335977708,50.9799079388028,7.869146209565807,35.36315919404138,72.70981623613446,37.34665704209308,7.892732694348466,-6.506569810808242,48.646271216880415,55.15284102768866,8.095680449940811,0.6872439622588615,42.20683409323779,41.519590130978926,7.886944554242044,7.193813773067103,-6.439437123642631,-13.633250896709734,7.909216812530342
pared_h,NOR,36,453.5225085644987,438.6654300915603,-14.857078472938383,5.0775554151897015,491.42424639455874,485.3771950534471,-6.047051341111626,4.979070895320573,493.78030913073064,497.02034153583236,3.240032405101715,5.204195328644313,490.95377419088965,499.5859251436743,8.632150952784627,4.835507087860413,37.90173783006007,46.71176496188674,8.810027131826672,6.5415620625705815,40.25780056623198,58.354911444271956,18.097110878039977,6.813205274905284,37.43126562639097,60.920495052113914,23.489229425722947,6.405723394014805,2.3560627361719013,11.643146482385214,9.287083746213312,6.423460339771976,-0.47047220366910664,14.208730090227169,14.679202293896276,5.932370459338689,-2.8265349398410082,2.5655836078419556,5.392118547682964,6.124075955337987
pared_h,NZL,36,477.725712736091,490.94241215533674,13.216699419245742,5.420715941678442,508.6230412337683,520.6390675705068,12.016026336738491,5.416278367590159,533.3809582977653,548.5334819827548,15.152523684989433,5.522788994822283,532.9774353594355,543.9371024255381,10.959667066102611,5.867755661723264,30.897328497677147,29.696655415169886,-1.2006730825072616,7.139516105792919,55.655245561674164,57.59106982741808,1.9358242657439177,7.196977852321839,55.2517226233446,52.994690270201524,-2.2570323531430745,7.070940400289794,24.75791706399702,27.894414412248203,3.136497348251183,8.118594635454548,24.354394125667447,23.29803485503164,-1.0563592706358058,8.27946903871907,-0.40352293832957004,-4.596379557216562,-4.192856618886992,7.681130173998529
pared_h,POL,36,474.91319833638937,467.34679000920033,-7.566408327189038,4.814429608791634,479.9919121880149,476.04311898813586,-3.9487931998790486,5.062536037122006,520.681969023264,529.3166263702763,8.634657347012308,5.861149755517287,529.0569092746844,529.344997230517,0.28808795583267965,5.115270970930046,5.078713851625485,8.696328978935645,3.6176151273101596,5.7903553653342135,45.76877068687448,61.96983636107602,16.201065674201537,6.607615817017734,54.14371093829509,61.99820722131675,7.8544962830216605,6.18758583172861,40.690056835248996,53.27350738214038,12.583450546891385,6.8655502122070615,49.06499708666961,53.3018782423811,4.236881155711494,6.7350216159092335,8.374940251420606,0.028370860240727325,-8.346569391179878,5.902635390833184
pared_h,PRT,36,447.7608445517534,444.6137664421964,-3.1470781095570146,5.480237190002668,488.03320788160556,481.8566117315836,-6.176596150021965,5.085677157699271,502.46860419671583,505.22386946952366,2.755265272807833,6.383591726839405,504.52348024743776,520.2065203277097,15.683040080271894,5.028008223414489,40.27236332985222,37.24284528938729,-3.0295180404649287,5.813359497268513,54.70775964496245,60.61010302732733,5.902343382364876,6.256813671377372,56.762635695684345,75.59275388551335,18.830118189829,5.771590321070683,14.435396315110228,23.367257737940044,8.931861422829815,6.099608489243393,16.49027236583212,38.34990859612607,21.85963623029395,6.205625308966973,2.05487605072189,14.982650858186025,12.927774807464136,5.834715378368898
pared_h,SVK,36,436.56646767057157,439.3670276588414,2.8005599882698107,5.840644988353255,447.9198479144005,463.91908716463024,15.99923925022972,5.730452703960289,480.44985083925576,504.30518654533955,23.855335706083793,6.734589301054544,485.1895535663766,516.8281077326382,31.638554166261542,5.713465298652028,11.353380243829003,24.55205950578894,13.198679261959937,7.12972068560921,43.883383168684176,64.93815888649823,21.054775717814053,8.355366645647091,48.62308589580503,77.46108007379681,28.837994177991774,7.669010892856919,32.530002924855175,40.38609938070928,7.856096455854107,7.714344132300428,37.26970565197603,52.90902056800785,15.639314916031815,7.314435869387407,4.739702727120857,12.522921187298573,7.783218460177716,6.46337195989493
pared_h,SVN,36,474.2459139692563,457.93255287919703,-16.31336109005929,3.940543089324851,497.9845306888377,485.99990106468897,-11.984629624148738,4.6638264790989465,516.0459266282909,511.71002364224887,-4.335902986042015,4.127737473152013,515.5579509621255,512.7737667586287,-2.7841842034968067,4.034620814165691,23.73861671958137,28.06734818549192,4.3287314659105505,5.891290504277617,41.80001265903457,53.77747076305184,11.977458104017266,5.606940202768867,41.31203699286913,54.841213879431805,13.529176886562674,5.869943622781915,18.0613959394532,25.71012257755992,7.648726638106719,6.258400546749811,17.573420273287763,26.773865693939875,9.200445420652112,6.287367969636196,-0.4879756661654369,1.063743116379959,1.551718782545396,6.023250071363735
pared_h,SWE,36,464.3311685984875,450.92897570369615,-13.40219289479137,5.2510295009653385,500.69241898111267,497.8720051893707,-2.8204137917419416,5.459278291730266,512.7100556218212,521.4437724884491,8.733716866627901,5.171909851903873,509.7201955443508,517.1156716865252,7.395476142174346,5.4561284104079055,36.361250382625144,46.9430294856745,10.581779103049357,6.188910580999796,48.378887023333604,70.51479678475293,22.135909761419327,6.061363537619226,45.38902694586323,66.18669598282902,20.797669036965793,6.788776799005255,12.017636640708464,23.57176729907845,11.554130658369985,6.218846058083693,9.027776563238087,19.24366649715452,10.215889933916435,6.537019795856304,-2.9898600774703765,-4.328100801923926,-1.33824072445355,5.9738198425347635
pared_h,TUR,36,462.38714308174485,469.76979507759205,7.382651995847198,4.107676556156261,464.5776103677346,484.10979940345453,19.53218903571991,4.210529270083909,477.2405025314395,497.5451199096216,20.30461737818206,5.03544136917891,500.35992728656646,541.8309808577274,41.471053571160894,4.948921433857505,2.190467285989763,14.340004325862543,12.14953703987278,4.778572557143754,14.853359449694642,27.775324832029593,12.921965382334951,6.11918974956223,37.972784204821664,72.06118578013533,34.08840157531367,6.292367271809488,12.662892163704878,13.43532050616705,0.7724283424621721,5.510506951314294,35.7823169188319,57.72118145427278,21.938864535440878,6.146081136078937,23.11942475512702,44.28586094810573,21.166436192978708,6.134473022293474
pared_h,USA,36,468.43106120856754,469.8326485694618,1.4015873608942684,7.123616762504245,495.9419564458666,501.6128756495602,5.670919203693586,10.472631272275098,515.5608691505234,524.9006014750291,9.33973232450569,18.14636739109763,521.3397396761518,534.2107371397423,12.87099746359047,11.318315757687143,27.51089523729903,31.780227080098378,4.269331842799346,10.283779300950032,47.12980794195592,55.06795290556731,7.938144963611393,17.43360967013756,52.908678467584124,64.37808857028051,11.469410102696386,10.567100434542793,19.618912704656886,23.287725825468943,3.6688131208120573,18.29461265861706,25.397783230285096,32.59786149018214,7.200078259897044,10.896807536483193,5.7788705256282125,9.310135664713197,3.5312651390849847,15.048621833994082
pared_h,OECD,36,460.4828702268901,456.4823735545556,-4.0004966723345206,0.8351613722001774,485.9680924853017,486.283209450908,0.3151169656062507,0.9874387159368271,503.35609200014113,510.81142483981887,7.455332839677737,1.0005493026419714,506.5655327113853,516.2564626694615,9.690929958076197,0.920196314696066,25.485222258411664,29.80083589635249,4.3156136379408245,1.1676862962682615,42.873221773251124,54.329051285263304,11.45582951201218,1.148267992386375,46.082662484495174,59.774089114906,13.691426630410824,1.0131228565738473,17.387999514839457,24.528215388910816,7.140215874071359,1.2416734014169772,20.597440226083513,29.97325321855351,9.375812992469996,1.12208626900837,3.2094407112440537,5.445037829642695,2.2355971183986414,1.1124053228673059
homepos,AUS,36,458.4574266064545,484.2031387688633,25.745712162408836,4.539570864305428,500.03092798268835,514.5343969353275,14.503468952639196,4.233775423827937,526.627406339632,524.021657489093,-2.605748850539044,3.824117841970924,547.4876386621651,521.2305289429071,-26.257109719257983,3.8318724068345085,41.573501376233864,30.331258166464266,-11.242243209769597,5.470765422270889,68.16997973317754,39.81851872022962,-28.351461012947922,5.321802758188676,89.03021205571062,37.02739017404379,-52.00282188166683,5.656805934942509,26.59647835694367,9.48726055376535,-17.10921780317832,4.729450049944342,47.45671067947676,6.696132007579524,-40.760578671897235,4.673807636176198,20.86023232253309,-2.7911285461858255,-23.651360868718914,4.38885660901833
homepos,AUT,36,419.41867194286976,451.7373749072356,32.318702964365855,6.048847952703543,483.0235280849314,496.53277627873365,13.50924819380225,6.390823903514473,520.7870762519533,517.4887814444304,-3.2982948075228933,4.632512749180188,544.5708216263001,523.6442614319533,-20.926560194346848,4.702807361194112,63.60485614206159,44.795401371498095,-18.809454770563498,6.500726250067235,101.36840430908345,65.75140653719478,-35.61699777188866,6.883999261797688,125.15214968343032,71.90688652471762,-53.2452631587127,6.928176505359464,37.763548167021845,20.956005165696688,-16.807543001325158,6.575038624442972,61.54729354136873,27.111485153219526,-34.435808388149205,6.67613456697529,23.783745374346882,6.155479987522836,-17.628265386824047,5.631802065535988
homepos,BEL,36,425.19871678067676,445.65408385640364,20.455367075726883,6.57066666169673,481.3065661122288,486.78347141130934,5.476905299080556,5.483485203017486,513.3104376354195,512.0364015053149,-1.274036130104605,4.5936681732334845,542.0006055331958,519.8700422736421,-22.130563259553696,5.241567830622014,56.10784933155189,41.12938755490575,-14.978461776646142,6.0758517683104065,88.1117208547427,66.38231764891115,-21.729403205831545,6.914089109866797,116.80188875251879,74.21595841723835,-42.58593033528044,7.7363158268278704,32.003871523190796,25.25293009400542,-6.750941429185374,5.976692198605128,60.694039420966895,33.08657086233261,-27.607468558634288,6.626382827322762,28.6901678977761,7.833640768327183,-20.856527129448917,5.694695574241562
homepos,CAN,36,480.13346624476014,488.4918235273628,8.35835728260264,4.07056203123171,510.9064316107044,516.9792737730642,6.072842162359791,3.6901012286613812,528.3855686433842,527.5304194003919,-0.8551492429922973,3.4725973958505283,544.4883551793732,516.442971389454,-28.045383789919242,4.262244246356342,30.77296536594431,28.48745024570136,-2.2855151202429482,4.42748499496909,48.25210239862413,39.03859587302925,-9.21350652559488,4.623739297773162,64.35488893461309,27.951147862091283,-36.403741072521804,5.512229599915295,17.47913703267982,10.55114562732789,-6.92799140535193,4.1427443042524805,33.58192356866878,-0.5363023836100751,-34.118225952278856,4.71182695273484,16.102786535988958,-11.087448010937965,-27.190234546926924,4.245728017677214
homepos,CHE,36,440.89735339608126,465.59853753313325,24.701184137051996,5.865737071794872,487.773181598456,501.21431037900265,13.441128780546649,4.6587108743001115,523.9085093103768,523.4947432772867,-0.4137660330900417,4.977582855805168,557.7357924944706,519.046874066739,-38.688918427731664,5.027666135007198,46.87582820237476,35.61577284586936,-11.260055356505404,6.638092251253366,83.01115591429557,57.896205744153484,-25.114950170142087,6.701893037211216,116.83843909838929,53.448336533605584,-63.3901025647837,7.116169935240062,36.135327711920795,22.280432898284126,-13.854894813636669,5.476018035190983,69.96261089601452,17.832563687736222,-52.1300472082783,5.681558507046901,33.82728318409373,-4.447869210547902,-38.27515239464163,5.936836644445956
homepos,CHL,36,405.217339596997,414.5298588300342,9.312519233037165,4.992814855370127,436.4614824857716,438.2185910602001,1.7571085744284574,5.16275949786334,456.37808360893206,450.3325357976702,-6.0455478112618835,5.346308855031545,484.39343544463117,474.7179370370119,-9.675498407619273,5.168841403689427,31.244142888774565,23.688732230165886,-7.555410658608679,5.692352011513567,51.16074401193498,35.80267696763598,-15.358067044298998,6.275980687934001,79.17609584763406,60.18807820697771,-18.988017640656352,6.4241628630166545,19.916601123160415,12.113944737470097,-7.802656385690318,6.615715783418943,47.93195295885948,36.499345976811824,-11.432606982047659,5.976328415476777,28.015351835699068,24.385401239341725,-3.629950596357343,6.259437117999573
homepos,COL,36,369.24367143205984,375.6814429997248,6.437771567664981,4.836397311369277,393.7966522088012,401.7199916140992,7.923339405297952,5.722561765699371,422.4864135558799,426.7395043046672,4.253090748787315,6.9142277572670965,465.4735063866343,460.4886523160961,-4.984854070538233,7.926422278203861,24.552980776741425,26.038548614374427,1.4855678376330026,6.282354226897,53.24274212382005,51.05806130494241,-2.184680818877638,7.956477690969167,96.22983495457447,84.80720931637123,-11.422625638203243,9.34552966303186,28.689761347078626,25.019512690567986,-3.6702486565106405,5.6106148622574965,71.67685417783302,58.76866070199681,-12.908193475836214,7.83262079874562,42.987092830754406,33.74914801142882,-9.237944819325584,7.056890206919633
homepos,CZE,36,432.54209178897935,454.571578105978,22.029486316998657,5.51977162966427,491.1821703294606,491.52504139609056,0.3428710666299821,4.911562111635568,521.1411701385936,503.74120629811375,-17.399963840479813,4.865536210307341,544.7745161616593,510.7807030458619,-33.99381311579742,4.840003412992664,58.64007854048117,36.95346329011247,-21.686615250368703,5.277515577647602,88.59907834961416,49.16962819213563,-39.42945015747853,6.4665127694786335,112.23242437268013,56.20912493988391,-56.02329943279622,7.116532806364108,29.958999809132997,12.216164902023166,-17.74283490710983,5.5318231920514895,53.59234583219895,19.25566164977144,-34.33668418242751,5.784728766242017,23.63334602306595,7.039496747748274,-16.593849275317677,5.298271865990327
homepos,DEU,36,424.86284282075775,428.24185643589607,3.3790136151383194,7.4077228996138915,486.9433951630972,482.9636624751105,-3.9797326879867114,7.09385998156798,520.2393463458391,518.1519604372345,-2.087385908604574,6.749138827623021,554.8030563347897,536.9616683729839,-17.84138796180582,5.5351537288632935,62.08055234233929,54.7218060392144,-7.358746303124889,7.034077377255725,95.37650352508126,89.91010400133845,-5.466399523742808,7.860809335171018,129.94021351403183,108.71981193708791,-21.220401576943914,8.720461966452875,33.29595118274197,35.18829796212406,1.8923467793820876,7.027411603839012,67.85966117169255,53.99800589787351,-13.86165527381904,7.74960175852869,34.56370998895058,18.80970793574945,-15.754002053201127,6.746515969866989
homepos,DNK,36,452.56838610103887,444.6566410789372,-7.911745022101684,5.6810946810331755,488.5358293471011,483.31582538666,-5.220003960441147,5.217360640543578,513.455198204537,496.36481038449654,-17.09038782004052,5.009147069410169,522.5783054347451,490.1437857195393,-32.43451971520574,5.723055292480881,35.9674432460623,38.65918430772284,2.6917410616605366,6.518180746320526,60.88681210349807,51.70816930555937,-9.1786427979387,6.828985222374143,70.00991933370616,45.4871446406022,-24.522774693103962,6.499448293396785,24.919368857435785,13.048984997836532,-11.870383859599253,6.743136460780145,34.042476087643884,6.82796033287936,-27.214515754764523,7.0156528290065046,9.123107230208097,-6.221024664957173,-15.344131895165269,6.736402942075814
homepos,ESP,36,442.13739385395365,451.86885463043734,9.731460776483686,4.104316027047194,477.18017434918636,479.458826064437,2.2786517152506462,3.257187247356201,500.36411336939784,488.96953748039243,-11.39457588900541,3.2228556702185633,520.9185482834139,497.6898705533252,-23.22867773008869,3.2180677883426103,35.04278049523272,27.589971433999686,-7.452809061233033,4.277183956024805,58.22671951544412,37.10068284995501,-21.12603666548911,4.220841330726031,78.7811544294602,45.82101592288787,-32.960138506572335,4.873130534939177,23.183939020211405,9.510711415955319,-13.673227604256086,3.2388400447981747,43.738373934227496,18.23104448888818,-25.507329445339316,3.624993818207682,20.554434914016092,8.720333072932863,-11.834101841083228,3.2716159575849004
homepos,EST,36,483.794093362251,508.54042449407837,24.74633113182739,4.357143141734917,522.2803645723844,523.8978034422987,1.617438869914281,4.753424441067962,542.8823479839007,539.726786259052,-3.155561724848667,4.577110933634029,556.052197176275,539.2704449463808,-16.781752229894096,4.843851481159072,38.48627121013338,15.357378948220411,-23.12889226191297,5.15713525548376,59.088254621649654,31.186361764973526,-27.901892856676128,5.5862393405826385,72.25810381402393,30.730020452302448,-41.52808336172148,5.81698352438805,20.60198341151628,15.828982816753115,-4.773000594763165,6.089701325490985,33.77183260389054,15.372641504082036,-18.3991910998085,5.721346762838967,13.169849192374262,-0.456341312671077,-13.626190505045338,5.087364341057057
homepos,FIN,36,466.072706087269,489.9603872176191,23.887681130350074,4.7625840521910465,509.30929310347744,511.5604002301833,2.251107126705847,4.506046667395538,527.8248979086691,515.0358495718299,-12.789048336839187,4.922733166874085,543.3433771182368,511.40875259747645,-31.934624520760394,4.914665796833636,43.23658701620858,21.600013012564297,-21.636574003644284,5.711580048680872,61.752191821400096,25.07546235421085,-36.67672946718925,5.313520785336333,77.27067103096775,21.448365379857506,-55.82230565111024,5.383569109346782,18.515604805191515,3.475449341646555,-15.04015546354496,5.788060184811901,34.03408401475917,-0.1516476327067892,-34.185731647465964,5.390464331416434,15.518479209567658,-3.627096974353344,-19.145576183921,5.728735311541848
homepos,FRA,36,423.349784900406,442.32430479752,18.97451989711402,5.816664851685775,471.88496692151875,478.5533074952567,6.668340573737964,5.773541452861817,510.1057416839285,504.66880836409274,-5.4369333198357594,6.382875357698951,544.0282079194012,516.9032025715758,-27.125005347825436,5.10286063363102,48.535182021112774,36.2290026977367,-12.306179323376071,6.373026026113452,86.75595678352249,62.3445035665727,-24.411453216949795,6.950619372613259,120.6784230189952,74.57889777405576,-46.09952524493944,7.01259046536381,38.22077476240972,26.115500868835987,-12.105273893573731,6.594479579096907,72.14324099788243,38.349895076319044,-33.793345921563386,6.277347322627753,33.9224662354727,12.234394207483058,-21.68807202798964,6.008976126820743
homepos,GBR,36,454.55004923333416,483.38883840759524,28.83878917426108,5.183871827489863,486.76949784948357,508.5802273381522,21.810729488668642,5.0983144408708725,517.9031981703113,522.4342485604841,4.5310503901728225,5.401281903187925,551.3043994184807,539.6500517640525,-11.654347654428193,5.744433495493721,32.21944861614944,25.191388930556958,-7.028059685592485,6.206016823154538,63.353148936977185,39.04541015288872,-24.307738784088464,6.940785822106518,96.75435018514649,56.261213356457155,-40.49313682868934,7.492428093052162,31.133700320827746,13.854021222331767,-17.27967909849598,6.212100523616495,64.53490156899704,31.069824425900197,-33.46507714309685,7.211066563524268,33.4012012481693,17.21580320356843,-16.18539804460087,6.675600968719586
homepos,GRC,36,397.8281445266372,408.5938465428455,10.765702016208309,5.302351912582271,435.40079275733035,440.4754517960854,5.074659038755044,5.143135570684142,458.86508773069846,447.0521351639378,-11.812952566760657,5.191220991330262,472.125949206844,445.98790085298117,-26.138048353862814,5.931364649186947,37.572648230693126,31.88160525323995,-5.691042977453176,5.6123566267385945,61.0369432040613,38.45828862109227,-22.57865458296903,6.170590131981887,74.29780468020672,37.394054310135665,-36.90375037007106,6.633775305296473,23.46429497336818,6.57668336785232,-16.887611605515858,5.259370720242577,36.72515644951359,5.512449056895713,-31.21270739261788,6.081583768049655,13.260861476145413,-1.064234310956607,-14.32509578710202,5.6870110900735416
homepos,HUN,36,418.29371634159145,433.4230114686481,15.12929512705665,5.805252832318377,477.14577474411425,479.8505982107061,2.704823466591847,5.150503721471032,513.2912577627354,497.0763157966753,-16.21494196606011,5.555051213148975,536.6074549620578,512.1853757043659,-24.42207925769185,5.184759235181195,58.852058402522786,46.42758674205807,-12.424471660464718,6.094875495234323,94.99754142114399,63.65330432802718,-31.34423709311681,7.413823625177598,118.3137386204663,78.76236423571784,-39.551374384748456,7.772179011741043,36.14548301862121,17.225717585969118,-18.919765432652095,5.51392160569482,59.46168021794354,32.33477749365977,-27.126902724283767,6.128529863016656,23.316197199322318,15.109059907690654,-8.207137291631664,5.8731020326886405
homepos,IRL,36,460.9220223861089,468.53860753468626,7.6165851485773715,5.482087161437112,497.94021692614115,501.0227732349264,3.082556308785229,4.31355552670991,521.4403438366261,512.2211776270781,-9.219166209548007,4.357572457039843,537.8711710019431,519.2137978334541,-18.657373168489016,4.248015192454133,37.018194540032184,32.48416570024012,-4.5340288397920645,5.34631570995875,60.518321450517156,43.68257009239177,-16.835751358125385,6.07788334121208,76.94914861583423,50.67519029876787,-26.27395831706636,6.385992875245309,23.500126910484973,11.19840439215165,-12.301722518333323,5.130962281639096,39.93095407580206,18.191024598527754,-21.73992947727431,5.185970823993527,16.43082716531709,6.9926202063761025,-9.438206958940988,5.188380291660802
homepos,ISL,36,410.9877987212343,416.50826688731814,5.520468166083845,4.95412819488521,442.58007935543435,448.3240067295489,5.7439273741145485,5.099586219043426,459.24138564992137,457.63544533305577,-1.605940316865599,4.330203559855488,475.46857914630357,451.33594166651693,-24.132637479786638,5.5472147525615245,31.592280634200115,31.81573984223083,0.2234592080307145,7.673399205970684,48.253586928687085,41.1271784457377,-7.126408482949387,6.604222753403381,64.48078042506933,34.82767477919883,-29.653105645870497,7.163581138419642,16.661306294486973,9.311438603506872,-7.349867690980101,6.3293191238524145,32.888499790869204,3.011934936967998,-29.876564853901208,7.50040626207772,16.227193496382235,-6.2995036665388735,-22.52669716292111,7.245734000463009
homepos,ISR,36,404.79306968046853,412.34595280581095,7.552883125342419,5.93669743979857,456.20966929146937,452.931588698803,-3.278080592666356,6.185409052935833,489.1307696862391,462.69345156043545,-26.437318125803642,6.595754687287455,514.7481588342189,466.9757369773465,-47.77242185687237,6.92505092486133,51.41659961100074,40.585635892991995,-10.830963718008746,6.358017911219799,84.3377000057706,50.347498754624446,-33.99020125114615,7.205828076925239,109.9550891537504,54.62978417153556,-55.32530498221483,7.905878619457617,32.92110039476987,9.761862861632448,-23.159237533137425,7.044922540054954,58.538489542749666,14.04414827854356,-44.494341264206106,7.370443541507003,25.617389147979793,4.282285416911111,-21.33510373106868,7.580708089965281
homepos,ITA,36,426.28627340442443,443.33581220599734,17.049538801572908,4.880155811755742,469.0270979268651,480.22471270234837,11.19761477548326,5.53755380119307,495.5045913631784,501.01499426276825,5.510402899589849,5.1819990873548445,521.0443934547781,509.2725827480256,-11.771810706752433,5.793254526496787,42.74082452244066,36.88890049635098,-5.851924026089684,5.679649419518664,69.21831795875399,57.67918205677095,-11.539135901983038,5.6142858177575405,94.75812005035354,65.93677054202824,-28.821349508325298,6.715089450390925,26.477493436313313,20.790281560419977,-5.687211875893336,5.64755338159579,52.01729552791287,29.04787004567725,-22.96942548223562,5.694859810425724,25.53980209159955,8.257588485257276,-17.282213606342275,5.732061931453681
homepos,JPN,36,506.17986277015996,513.3436924213279,7.16382965116793,7.125331368207033,544.1435078308532,543.2908989492511,-0.8526088816021229,5.177247148041719,560.5030797054028,553.5343575672503,-6.968722138152543,5.528468871111856,577.1100638819358,547.4472314342985,-29.662832447637356,6.592006197848936,37.96364506069331,29.947206527923335,-8.016438532769975,6.575653665082857,54.323216935242726,40.19066514592248,-14.132551789320246,6.925581604932176,70.9302011117758,34.10353901297054,-36.82666209880526,7.585683448615352,16.35957187454942,10.243458617999147,-6.116113256550273,6.032961041417929,32.96655605108249,4.15633248504721,-28.810223566035283,6.855400629864272,16.606984176533068,-6.087126132951937,-22.694110309485005,5.700293468383547
homepos,KOR,36,474.71585421770243,493.7860567130659,19.070202495363446,8.690895728470602,521.4725928315936,527.7848388815906,6.312246049997043,6.413399577461832,549.8491232190752,540.6872362848617,-9.161886934213499,5.763630655326145,567.1416303945509,547.3103594016927,-19.831270992858208,6.51723564090439,46.75673861389119,33.99878216852477,-12.757956445366418,8.080740119301371,75.13326900137288,46.90117957179579,-28.232089429577094,9.902192791380557,92.42577617684852,53.52430268862683,-38.90147348822168,9.768572739943576,28.376530387481694,12.902397403271015,-15.474132984210678,6.9833546541324205,45.66903756295733,19.525520520102067,-26.14351704285526,6.971337616295806,17.292507175475635,6.62312311683105,-10.669384058644585,5.961996631131304
homepos,LTU,36,437.0632722587943,463.09486965615434,26.03159739736003,4.667167863484511,476.6248787841822,484.0407739104986,7.4158951263164,4.27190501719672,502.9198155857051,497.9348847831392,-4.984930802565941,3.878649939966071,525.0156778210892,507.80945420141245,-17.206223619676734,4.65733795226389,39.56160652538789,20.945904254344292,-18.615702271043595,5.236484048287983,65.85654332691084,34.84001512698484,-31.016528199926,5.784636747620354,87.95240556229483,44.71458454525803,-43.2378210170368,5.812874374938409,26.294936801522947,13.894110872640544,-12.400825928882403,4.918222400657426,48.39079903690695,23.768680290913732,-24.622118745993216,5.225219826140341,22.095862235383997,9.874569418273188,-12.22129281711081,5.372763735252479
homepos,LVA,36,459.0234769541551,443.9132964707891,-15.110180483366037,4.890846045314454,487.8678122955562,471.7806252360303,-16.08718705952589,4.63445929766792,505.4757811641383,478.6657346430899,-26.810046521048434,4.684925955887517,525.1278151143687,483.9284385962161,-41.199376518152576,3.831044257029276,28.844335341401084,27.867328765241126,-0.9770065761599582,5.414593077890555,46.45230420998319,34.75243817230072,-11.699866037682469,5.384630173875395,66.10433816021346,40.015142125426976,-26.089196034786482,5.5054378268684445,17.607968868582105,6.885109407059593,-10.722859461522512,5.177285243080598,37.26000281881237,12.147813360185847,-25.11218945862652,5.534600142257175,19.652033950230265,5.262703953126254,-14.389329997104012,5.653581925314027
homepos,MEX,36,372.56676937553755,388.04774091552156,15.480971539984012,3.9714390899709273,402.56917863456937,407.7642292283191,5.195050593749727,4.019873462003756,419.3316511969603,423.38850628968294,4.056855092722628,4.139220297975616,445.2572202139469,435.97190046522184,-9.285319748725044,5.989574691163169,30.00240925903181,19.716488312797537,-10.285920946234274,4.578085677143811,46.76488182142283,35.3407653741614,-11.424116447261433,5.02718464880716,72.69045083840925,47.924159549700356,-24.766291288708892,7.075182020543488,16.762472562391025,15.624277061363864,-1.1381955010271607,4.17722481512265,42.68804157937743,28.20767123690282,-14.480370342474615,6.147517169958679,25.925569016986408,12.583394175538956,-13.342174841447452,5.517427167978418
homepos,NLD,36,423.1533987417368,442.20735366564725,19.053954923910453,7.269411967437134,479.6426671624678,490.9459260458416,11.303258883373815,7.514441948624866,518.3392540696649,505.7071078127745,-12.632146256890394,6.490167281424672,540.9162943062764,507.200182143236,-33.71611216304041,6.158015093683845,56.489268420730994,48.73857238019437,-7.750696040536624,7.082655906609433,95.18585532792801,63.49975414712717,-31.68610118080084,8.347542412911631,117.76289556453965,64.99282847758869,-52.77006708695096,8.911332402875892,38.696586907197045,14.761181766932799,-23.935405140264244,7.9057898995411975,61.27362714380865,16.25425609739433,-45.01937104641432,8.391900301334832,22.577040236611605,1.4930743304615306,-21.083965906150073,7.359041631472202
homepos,NOR,36,432.6618511662252,446.16795188311715,13.506100716891979,4.834024603548468,477.8425018750815,474.73817608724374,-3.1043257878377517,4.835785155700074,498.43142647999775,490.2055595610815,-8.225866918916267,4.864943637150369,511.32661411601674,481.18913040785066,-30.137483708166087,5.106775909343291,45.18065070885635,28.570224204126582,-16.610426504729766,6.047975391392998,65.76957531377259,44.03760767796423,-21.73196763580836,5.914696381051832,78.66476294979158,35.02117852473347,-43.64358442505811,6.279165608989177,20.588924604916237,15.467383473837652,-5.121541131078585,5.981717573887747,33.48411224093522,6.450954320606888,-27.03315792032833,6.124463082316243,12.895187636018983,-9.016429153230764,-21.91161678924975,6.392654691239255
homepos,NZL,36,445.1182134751227,469.4359276883396,24.317714213216902,4.886555375523719,498.32253473837727,512.8271134931181,14.504578754740805,6.406987383291985,533.1157774611092,528.7399857881595,-4.375791672949731,5.027041563055745,545.0350367941147,539.1202497738776,-5.9147870202371,4.725853302039796,53.204321263254656,43.39118580477851,-9.813135458476147,6.5433333689075495,87.99756398598657,59.30405809981996,-28.693505886166612,6.7068168971150035,99.91682331899197,69.68432208553797,-30.232501233454002,6.398359802315529,34.793242722731925,15.912872295041462,-18.880370427690465,7.480228802633511,46.712502055737325,26.293136280759473,-20.41936577497785,8.060213723895528,11.919259333005403,10.380263985718011,-1.5389953472873916,6.611356214509435
homepos,POL,36,453.2161834663475,471.4866717466008,18.27048828025329,4.862088016829131,490.20558630925836,496.3824712231314,6.176884913873039,5.368377647429427,520.2139140127263,507.9904450079713,-12.223469004754975,4.759241691251272,534.5031066104505,511.2357210481017,-23.26738556234875,5.414289445688097,36.98940284291086,24.895799476530566,-12.093603366380297,5.803090071535936,66.9977305463788,36.503773261370604,-30.4939572850082,5.510880283542215,81.28692314410303,39.749049301500904,-41.537873842602124,6.504331589513119,30.008327703467963,11.607973784840038,-18.400353918627925,5.713904438855852,44.297520301192165,14.853249824970339,-29.444270476221824,6.226057036915386,14.289192597724206,3.245276040130301,-11.043916557593905,5.730807118550156
homepos,PRT,36,438.83305917782627,445.5183251361761,6.685265958349817,6.021325000208569,470.7339393701761,472.97781300219333,2.243873632017255,5.753899984716477,500.70516132302527,498.3323800793129,-2.3727812437123816,5.337648095455948,528.6562404694466,513.2828760874715,-15.37336438197508,6.324737302463007,31.900880192349756,27.45948786601719,-4.441392326332565,5.099023757469852,61.87210214519898,52.81405494313682,-9.058047202062163,6.523606705417618,89.82318129162024,67.76455095129542,-22.058630340324825,7.7428010019354705,29.97122195284923,25.35456707711963,-4.616654875729601,5.615644880271435,57.922301099270484,40.305063085278235,-17.61723801399225,6.938011855519499,27.95107914642126,14.950496008158604,-13.000583138262657,6.539575046288899
homepos,SVK,36,378.80567826148985,424.33665567102116,45.53097740953132,7.439148273035145,456.7488347845542,480.2269118564747,23.478077071920495,5.551807626226954,495.8666498748054,494.0474338673165,-1.8192160074888761,5.542036539233302,517.2182000232191,504.6734642544614,-12.544735768757675,5.7401115722607585,77.94315652306435,55.89025618545362,-22.052900337610723,7.086236558512847,117.06097161331544,69.71077819629542,-47.35019341702002,8.21604223226738,138.4125217617293,80.3368085834402,-58.07571317828909,9.532926953954231,39.11781509025109,13.820522010841795,-25.297293079409297,6.620285643546581,60.469365238664935,24.44655239798658,-36.022812840678355,7.490531220390055,21.35155014841384,10.626030387144784,-10.725519761269055,6.348740774798926
homepos,SVN,36,449.76665169201397,459.59425590591974,9.827604213905772,4.810880413883017,495.77740264033474,490.91058209656313,-4.86682054377161,4.403881420616651,521.0220478890415,501.0715649903671,-19.950482898674352,4.114795233640354,534.6156123154849,491.2956289907934,-43.31998332469152,3.9294006250740545,46.010750948320876,31.316326190643395,-14.694424757677481,6.590874687622801,71.25539619702745,41.477309084447384,-29.778087112580067,6.426709005303865,84.84896062347089,31.70137308487366,-53.14758753859723,6.5687055427396155,25.24464524870657,10.160982893803993,-15.083662354902575,6.474045408934569,38.838209675150004,0.3850468942302655,-38.45316278091974,6.268926347268095,13.593564426443436,-9.775935999573727,-23.36950042601716,5.398755722065163
homepos,SWE,36,429.9999808254088,451.1487612404245,21.14878041501572,5.3994923744971715,484.8132806082852,491.9925009043262,7.179220296041024,5.747921893005861,520.8243800509703,505.3634278475764,-15.460952203393845,5.350795923962631,542.058506523212,502.44209195619817,-39.61641456701386,5.4972256915202005,54.81329978287634,40.84373966390171,-13.969560118974634,6.009192080323585,90.82439922556162,54.21466660715193,-36.60973261840969,6.902062950527156,112.05852569780336,51.29333071577357,-60.76519498202979,7.111763170441532,36.01109944268527,13.37092694325022,-22.640172499435053,6.318440126081969,57.245225914927005,10.449591051871858,-46.79563486305515,6.7627207177973325,21.234126472241734,-2.9213358913783622,-24.155462363620096,6.1204816175831835
homepos,TUR,36,428.5054362352563,459.0281076194251,30.522671384168802,4.678745702849662,469.7581902947817,493.1599735987933,23.401783304011587,4.6090326836094935,490.5263583166026,509.13262244561366,18.606264129011038,4.242696453652616,515.1834051743997,517.0034675861622,1.8200624117624784,5.767304908043114,41.252754059525486,34.131865979368214,-7.120888080157272,5.657416898303908,62.02092208134634,50.10451482618854,-11.9164072551578,5.700034180147717,86.67796893914338,57.97535996673705,-28.70260897240633,7.357400291680899,20.76816802182085,15.972648846820324,-4.795519175000525,5.0160188665917875,45.42521487961788,23.843493987368827,-21.581720892249056,7.011984431125656,24.657046857797035,7.870845140548505,-16.78620171724853,6.332833388775789
homepos,USA,36,448.10289208034385,456.1613643882885,8.058472307944669,9.602389172059473,481.1192293184022,497.32467854581245,16.20544922741027,10.396128689145508,517.5031708982203,517.1027095138686,-0.40046138435172907,12.440471163592106,552.3335978513294,533.6565256892009,-18.677072162128525,14.172685057258507,33.016337238058384,41.1633141575239,8.146976919465516,11.815196309202907,69.40027881787634,60.941345125579915,-8.458933692296426,12.251386884520466,104.23070577098547,77.49516130091226,-26.735544470073208,14.975481486018667,36.38394157981794,19.778030968056022,-16.60591061176192,13.287782536419892,71.2143685329271,36.33184714338836,-34.88252138953874,11.839504352568218,34.83042695310913,16.553816175332337,-18.276610777776796,13.316701154210818
homepos,OECD,36,435.42409999740204,451.09626872660954,15.672168729207499,0.9417906906742733,478.98139528330887,484.85595971420906,5.874564430900193,0.9676625342325694,506.60834823410005,500.0092979666823,-6.599050267417738,0.8974550013058998,528.9810414274933,505.74410569021904,-23.23693573727428,0.9797060105642311,43.55729528590679,33.759690987599626,-9.797604298307164,1.0702356847947312,71.18424823669793,48.913029240072824,-22.2712189966251,1.0990399323225268,93.55694143009116,54.64783696360949,-38.909104466481665,1.1970145411079636,27.62695295079114,15.153338252473201,-12.473614698317938,1.156270119279051,49.99964614418438,20.888145976009874,-29.11150016817451,1.1327756892707006,22.372693193393246,5.734807723536671,-16.637885469856577,1.0391163566467758
homepos_h,AUS,36,469.85591494777856,475.65289553843166,5.7969805906531064,4.525851849843704,506.76009558580074,512.1702677490691,5.410172163268385,3.904949960823414,526.0777008483208,528.5068198294396,2.4291189811187905,3.7789723611374737,530.8821547522431,528.6830565435964,-2.19909820864666,4.018212082132132,36.90418063802207,36.51737221063746,-0.38680842738460797,4.64045339949816,56.2217859005422,52.853924291007864,-3.367861609534337,5.323026838237422,61.02623980446447,53.030161005164814,-7.996078799299653,5.575859430280674,19.31760526252013,16.33655208037041,-2.9810531821497186,4.613614377464719,24.12205916644239,16.51278879452736,-7.609270371915031,4.734492032620192,4.804453903922263,0.17623671415694844,-4.628217189765315,4.664640580800473
homepos_h,AUT,36,430.0730521623085,445.4961534351698,15.423101272861288,6.022045629349503,489.84325028175437,496.37382185266415,6.530571570909785,5.9124872240075375,521.3583636566101,521.6429076479075,0.28454399129736885,5.29201971609871,528.625092028946,526.6349616416637,-1.9901303872823064,4.646960426527921,59.770198119445844,50.87766841749432,-8.892529701951524,6.502262033791457,91.28531149430148,76.14675421273769,-15.138557281563791,6.740896774738832,98.5520398666375,81.13880820649388,-17.413231660143623,7.2335218302506465,31.515113374855645,25.269085795243363,-6.2460275796122815,6.331076214921148,38.781841747191656,30.261139788999554,-8.520701958192102,6.59198635424504,7.266728372336013,4.99205399375619,-2.2746743785798236,5.898669005204456
homepos_h,BEL,36,435.1727758151299,443.407502150286,8.234726335156097,6.428219461871847,487.82647883426455,487.83713947485575,0.010660640591197534,5.277253342199765,513.800794243187,512.5876415275535,-1.213152715633555,4.410152698173926,527.0016399256103,525.4406109890584,-1.5610289365519066,5.2115733063555405,52.6537030191346,44.42963732456981,-8.224065694564793,5.720588948667565,78.62801842805717,69.18013937726758,-9.447879050789595,7.183663420272304,91.82886411048045,82.03310883877248,-9.795755271707975,7.578120620124615,25.97431540892257,24.750502052697755,-1.2238133562248166,5.9431073333636855,39.17516109134586,37.60347151420266,-1.5716895771432036,6.131513274706106,13.200845682423296,12.852969461504903,-0.3478762209183923,5.252522227899818
homepos_h,CAN,36,485.01029273191324,479.49246154528083,-5.517831186632407,4.169359914899946,513.4988559856826,512.0617483249627,-1.437107660719903,3.64502397726036,532.5475031639584,530.9522872718901,-1.5952158920682677,3.5345575297866754,534.6920790530573,529.5937387154322,-5.098340337625132,4.354460013418625,28.48856325376921,32.56928677968169,4.080723525912479,4.449511251033985,47.537210432045136,51.45982572660925,3.9226152945641175,4.785506842854784,49.68178632114426,50.101277170151455,0.4194908490071967,5.794133227002948,19.04864717827592,18.890538946927563,-0.15810823134835772,3.859975843763691,21.193223067375044,17.531990390469765,-3.6612326769052785,4.878424976531424,2.1445758890991216,-1.3585485564577993,-3.503124445556921,4.463107235475492
homepos_h,CHE,36,455.1379884141087,457.08181847633296,1.943830062224265,5.372331607100097,492.18302282176757,497.3405545077011,5.15753168593352,4.5637932728602735,519.6390515850551,523.9638518762085,4.324800291153451,5.29127979259452,544.1136300628943,531.9481946448102,-12.165435418084144,5.141661210999479,37.045034407658854,40.25873603136822,3.213701623709369,5.875365927152835,64.50106317094645,66.88203339987565,2.3809702289292005,6.683393434580062,88.97564164878567,74.86637616847717,-14.109265480308494,6.855759781316997,27.456028763287605,26.623297368507423,-0.8327313947801827,5.8046950080620485,51.930607241126815,34.60764013710896,-17.322967104017856,5.928689914246066,24.474578477839213,7.984342768601539,-16.490235709237673,6.068686621450941
homepos_h,CHL,36,409.97271980102335,410.3977174004059,0.4249975993825501,4.821267034667386,440.5111803119083,435.41698209010247,-5.0941982218058115,5.500157691286295,454.93331526995934,452.37588114430883,-2.557434125650502,5.159337599180016,479.038575309107,483.1541588147755,4.115583505668496,4.628502059094549,30.538460510885,25.01926468969659,-5.519195821188408,6.135902205241631,44.96059546893606,41.97816374390291,-2.982431725033152,5.976974932020998,69.06585550808363,72.75644141436965,3.6905859062860173,6.074611881390843,14.42213495805106,16.95889905420632,2.5367640961552596,5.959008815751774,38.52739499719864,47.737176724673034,9.209781727474393,6.014202276027066,24.105260039147577,30.778277670466718,6.673017631319141,5.612189860817739
homepos_h,COL,36,377.53295596464403,377.8074075568555,0.27445159221144877,4.779235007834911,393.65857760446085,400.6783851041847,7.019807499723868,5.729405533340654,422.94886454428814,427.63840771087354,4.689543166585395,6.600999677114182,463.3526461792171,464.5659398686521,1.2132936894349768,8.1490430298824,16.125621639816806,22.870977547329176,6.745355907512369,6.303009972513955,45.41590857964411,49.8310001540181,4.415091574373989,7.42702976489341,85.81969021457306,86.75853231179666,0.9388420972235991,9.429786817853016,29.290286939827304,26.96002260668892,-2.330264333138384,5.635041937077956,69.69406857475626,63.887554764467495,-5.806513810288763,8.36669736580399,40.40378163492894,36.92753215777857,-3.4762494771503683,7.2497595531646315
homepos_h,CZE,36,448.8473423657886,444.3206998028812,-4.526642562907398,5.511959804791059,497.508856775624,493.1038325941974,-4.405024181426597,5.03221071965933,515.8879893104497,504.3940969098338,-11.493892400615891,4.52170693724546,528.5215416686253,520.4158149555964,-8.105726713028957,5.070243513929019,48.66151440983549,48.78313279131623,0.12161838148073656,5.422670311131817,67.0406469446611,60.07339710695267,-6.967249837708437,6.620414862036072,79.67419930283673,76.09511515271521,-3.579084150121517,7.065696885676034,18.379132534825608,11.290264315636438,-7.08886821918917,5.277820509404722,31.01268489300124,27.311982361398982,-3.700702531602257,5.7253418692137785,12.633552358175631,16.021718045762544,3.3881656875869126,5.545508864071147
homepos_h,DEU,36,439.4780620941648,426.01699038407617,-13.461071710088618,7.223314493297084,491.424915237207,485.6448825370326,-5.780032700174445,7.402909233104872,520.2793579378987,520.6192621968563,0.3399042589576311,6.392068874813719,537.9668345251338,539.3508663764717,1.3840318513379088,5.537602671960411,51.946853143042254,59.62789215295645,7.681039009914194,6.835853649119089,80.80129584373405,94.60227181278013,13.800975969046078,7.431263764893162,98.48877243096906,113.33387599239552,14.845103561426455,8.610372536911814,28.854442700691795,34.97437965982369,6.119936959131895,6.5876408503434165,46.541919287926824,53.70598383943907,7.164064551512247,8.236392795188717,17.68747658723503,18.731604179615374,1.0441275923803452,6.815208425768754
homepos_h,DNK,36,462.20479127921317,442.2050305200719,-19.99976075914128,5.913672474169711,494.1607939220895,482.7645641204746,-11.396229801614936,5.4713890206770515,510.6874529649391,495.83029621244003,-14.857156752499066,5.137149498114793,510.2917915689001,495.2381048565964,-15.053686712303715,5.345332051432918,31.95600264287636,40.55953360040267,8.603530957526313,7.0158527034152725,48.48266168572592,53.625265692368046,5.142604006642124,6.609368793477516,48.087000289687,53.03307433652456,4.946074046837559,6.809178056699428,16.526659042849566,13.065732091965367,-3.4609269508841987,6.726374165601653,16.130997646810634,12.473540736121873,-3.6574569106887616,7.248612360152178,-0.3956613960389291,-0.5921913558434937,-0.1965299598045646,6.754113278038755
homepos_h,ESP,36,450.56416957987665,444.04372547266274,-6.520444107213905,4.224384309988176,480.48558566725524,473.97508836828575,-6.510497298969483,3.4973335099484264,498.8041062043959,492.59038196493736,-6.213724239458543,3.4939656260933174,511.4000519541958,508.7968668292815,-2.6031851249143187,3.0929301328883723,29.921416087378667,29.93136289562296,0.009946808244293948,4.747739330288508,48.239936624519245,48.54665649227464,0.3067198677553975,4.6330246515090785,60.83588237431917,64.75314135661873,3.9172589822995576,5.097590441000734,18.318520537140575,18.615293596651686,0.29677305951111066,3.417386258862919,30.914466286940495,34.821778460995766,3.9073121740552708,3.744367239419852,12.59594574979992,16.206484864344084,3.6105391145441637,3.7016011761044916
homepos_h,EST,36,493.97302516427317,499.9555458148037,5.982520650530546,4.437952957560961,524.0811337515672,524.5787625823316,0.4976288307643699,4.632729685806842,537.5468799307519,539.0842879192685,1.5374079885166338,4.4353865785126265,549.419709918976,548.2166037730183,-1.2031061459576904,4.977243871022455,30.10810858729415,24.62321676752784,-5.484891819766311,5.2210852207731175,43.573854766478625,39.12874210446471,-4.445112662013912,5.6340692691429535,55.446684754702844,48.261057958214685,-7.185626796488158,6.020945127066762,13.465746179184475,14.505525336936875,1.0397791577524007,5.499262264831392,25.33857616740869,23.637841190686846,-1.7007349767218436,5.678782515786309,11.872829988224215,9.132315853749969,-2.740514134474246,5.236621916854377
homepos_h,FIN,36,479.2895018759265,483.23127438346353,3.9417725075370527,4.63524668774623,513.590588656037,506.6303747089708,-6.9602139470661655,4.377486272337105,525.0588867268069,518.7585593366072,-6.3003273901997545,4.839131312224632,530.3378764543874,521.6830228503948,-8.654853603992592,4.731061700393015,34.30108678011055,23.399100325507227,-10.901986454603325,5.0651728582219935,45.769384850880456,35.527284953143536,-10.24209989773692,5.029449869911274,51.04837457846095,38.451748466931235,-12.596626111529716,5.312742193595265,11.468298070769901,12.128184627636307,0.6598865568664056,5.370237958200764,16.747287798350396,15.05264814142401,-1.6946396569263857,5.128332601063557,5.278989727580495,2.9244635137877024,-2.3545262137927923,5.782351217039495
homepos_h,FRA,36,434.6223665000828,436.8369109260624,2.214544425979568,6.174172266937548,479.9413425674164,480.79525482034995,0.8539122529335259,5.548287910014309,505.5822207949591,500.5761211632283,-5.006099631730763,5.8212132137409975,532.2611223541777,527.8897796662286,-4.371342687949095,5.267187495339123,45.318976067333736,43.958343894287594,-1.3606321730461417,6.39323563158663,70.95985429487632,63.739210237165935,-7.220644057710388,6.927676218482328,97.63875585409485,91.05286874016618,-6.585887113928678,7.454649562403999,25.640878227542593,19.780866342878348,-5.860011884664246,5.662068698869847,52.319779786761124,47.09452484587858,-5.225254940882543,5.87832048680741,26.67890155921853,27.313658503000234,0.6347569437817029,5.963748756459151
homepos_h,GBR,36,466.62981075913757,477.3817187546498,10.751907995512227,6.054289761155253,493.55643999728306,509.73004637671755,16.17360637943449,5.080994719137694,515.6059804959214,523.1250676833007,7.519087187379341,5.325490601205455,537.4495626013603,545.223964626652,7.7744020252916926,5.76310813152807,26.9266292381455,32.34832762206776,5.421698383922255,7.404911355311317,48.976169736783866,45.743348928650946,-3.232820808132921,7.0851649761568885,70.81975184222274,67.84224587200227,-2.977505970220477,8.36079861026508,22.04954049863837,13.395021306583192,-8.654519192055176,6.553525729762155,43.89312260407724,35.49391824993452,-8.399204354142725,7.209329271246192,21.843582105438873,22.098896943351328,0.25531483791245435,6.633404210146467
homepos_h,GRC,36,409.497115166508,405.42625831964375,-4.070856846864274,4.910063979323602,441.3795204672072,436.61301807566923,-4.766502391537983,5.812735773444182,455.0005096160068,450.05714786060463,-4.943361755402179,5.662121914036984,460.66426996652564,453.5278775291945,-7.136392437331153,5.920381154565446,31.882405300699173,31.186759756025474,-0.6956455446736989,6.107158043334918,45.50339444949877,44.630889540960915,-0.8725049085378558,6.602642209661784,51.16715480001763,48.101619209550776,-3.065535590466851,6.741646590231581,13.620989148799595,13.444129784935438,-0.1768593638641569,6.342387868947517,19.28474949931845,16.914859453525303,-2.3698900457931487,6.627510531422153,5.6637603505188565,3.4707296685898656,-2.193030681928991,6.414910022339409
homepos_h,HUN,36,430.44571599392475,429.1044279125911,-1.34128808133363,6.394052168398343,482.6534555153841,478.6672336083483,-3.9862219070358265,5.072422237822173,507.6765196036291,496.6789488988685,-10.99757070476062,4.797361353450028,527.4123134844695,520.5565706951829,-6.8557427892865235,5.35976367963095,52.20773952145944,49.562805695757284,-2.6449338257021537,6.560760285016055,77.23080360970437,67.57452098627739,-9.656282623426975,7.514032971170864,96.96659749054463,91.45214278259179,-5.5144547079528365,7.861572152154061,25.02306408824493,18.01171529052012,-7.011348797724811,6.017931223782132,44.758857969085184,41.8893370868345,-2.869520882250683,5.997848365848056,19.73579388084026,23.877621796314383,4.141827915474124,5.1389918269530375
homepos_h,IRL,36,472.0843963981248,465.5498160160869,-6.534580382037916,5.403560404704328,499.29629424738266,498.3907604131283,-0.9055338342543564,4.782318642920547,519.2188472293667,514.438246614691,-4.780600614675677,4.593319654586494,528.0611855884148,523.3027321879215,-4.758453400493295,4.183222020104365,27.21189784925783,32.84094439704127,5.629046547783439,6.094079009263189,47.13445083124191,48.88843059860394,1.7539797673620328,6.259468263219915,55.97678919028998,57.7529161718344,1.7761269815444223,6.492394365330318,19.922552981984076,16.047486201562673,-3.8750667804214025,5.326323879411408,28.764891341032147,24.91197177479313,-3.8529195662390165,5.790804020207013,8.842338359048075,8.864485573230457,0.022147214182382413,5.196462023121088
homepos_h,ISL,36,420.9071198919996,412.041828337928,-8.865291554071632,4.9119094430550145,451.56134975054556,447.2068421400107,-4.354507610534881,5.307128510864728,456.8083847259828,457.22898545300984,0.420600727027022,4.445753607944284,460.87929281115794,459.39156974278666,-1.487723068371281,5.179293331996006,30.654229858545996,35.165013802082775,4.510783943536779,7.757358546655271,35.901264833983156,45.187157115081924,9.285892281098768,6.467651949354659,39.97217291915824,47.34974140485866,7.377568485700422,6.8453591480036176,5.247034975437162,10.022143312999152,4.775108337561989,7.364136813473981,9.317943060612247,12.184727602775888,2.866784542163641,7.19841609847013,4.070908085175086,2.162584289776737,-1.9083237953983487,6.750265995030494
homepos_h,ISR,36,418.7077580739563,402.0216458359624,-16.68611223799394,6.848834097848572,466.687518129233,446.01240586440724,-20.67511226482577,6.658129487991208,494.4725460788653,474.9466673739756,-19.52587870488975,6.201915786709433,504.2973108190241,482.69585121103194,-21.601459607992183,6.679097212259162,47.97976005527672,43.990760028444825,-3.9890000268318957,7.111107174788155,75.764788004909,72.92502153801316,-2.8397664668958384,6.772795380020583,85.58955274506782,80.67420537506942,-4.9153473699984005,8.044990932383643,27.78502794963228,28.934261509568323,1.149233559936043,6.542380801014067,37.60979268979111,36.68344534662459,-0.926347343166519,7.3292105983545515,9.824764740158827,7.749183837056262,-2.0755809031025647,6.659508700690208
homepos_h,ITA,36,440.46623560731405,440.3409082153722,-0.1253273919418234,5.0422937866294175,470.72696741033167,479.06447040182064,8.337502991488975,5.167516720511855,492.8250562784791,501.9939239193724,9.168867640893268,5.075111729857448,508.8802739417227,513.0307015396525,4.150427597929763,5.7494578464335255,30.260731803017677,38.723562186448525,8.462830383430848,5.279766683133653,52.35882067116522,61.65301570400013,9.294195032834914,5.6914954432004325,68.4140383344087,72.6897933242803,4.275754989871601,6.651592845442954,22.09808886814754,22.92945351755161,0.8313646494040725,5.5220825672365885,38.15330653139101,33.96623113783177,-4.18707539355924,5.664251993017734,16.055217663243475,11.036777620280162,-5.018440042963313,5.0957138555451085
homepos_h,JPN,36,518.4781563356713,508.93741630121565,-9.540740034455666,7.412624279642353,548.5375973748853,541.6786333754023,-6.858963999482967,5.814267204590964,559.2820599994135,550.6622165511192,-8.619843448294318,5.242135037443353,562.5453832287146,557.165980189664,-5.379403039050658,6.271027574359262,30.05944103921413,32.74121707418664,2.681776034972515,6.91845126513789,40.803903663742155,41.724800249903474,0.9208965861613194,7.307926306792331,44.0672268930433,48.22856388844811,4.16133699540481,8.188475664372223,10.744462624528023,8.98358317571683,-1.7608794488111918,6.069253192573066,14.007785853829171,15.487346814261468,1.4795609604322966,6.552567217168948,3.2633232293011476,6.503763638544638,3.24044040924349,5.858135595852371
homepos_h,KOR,36,492.22357621114816,496.8533652448941,4.629789033745965,7.747855115379975,526.9959705689637,525.2282605727065,-1.7677099962571674,6.311499118362886,541.0330805031788,539.4117627453439,-1.621317757834845,6.36887672052317,555.5992971788481,549.759250867334,-5.840046311514129,6.842111457458864,34.77239435781556,28.374895327812368,-6.397499030003189,7.2327694450288345,48.80950429203069,42.55839750044982,-6.251106791580867,8.787847414020305,63.375720967699976,52.90588562243984,-10.469835345260137,8.708075793694299,14.03710993421513,14.183502172637452,0.1463922384223224,7.546785620499969,28.603326609884427,24.530990294627475,-4.072336315256951,7.1330296580891215,14.566216675669295,10.347488121990022,-4.218728553679274,8.160459923566245
homepos_h,LTU,36,450.62168302945895,456.4563774515638,5.83469442210486,4.6036266397414325,486.9448739819776,488.18801525824375,1.243141276266158,4.206205212972993,495.82361648029354,499.38733283770733,3.5637163574137958,4.046414099067445,509.73666778666484,510.65501481867324,0.9183470320083984,4.814693084284296,36.323190952518715,31.731637806680027,-4.591553145838688,5.641670474948407,45.20193345083471,42.93095538614354,-2.270978064691171,5.4594847495586185,59.11498475720598,54.1986373671095,-4.916347390096483,5.752520241224604,8.878742498315995,11.199317579463514,2.3205750811475188,5.064165167319897,22.791793804687266,22.466999560429468,-0.3247942442577987,5.838519431624028,13.913051306371273,11.267681980965955,-2.6453693254053174,5.415362393182013
homepos_h,LVA,36,467.5642308037633,437.44599760563324,-30.118233198130042,4.821526765076879,492.3387028827271,470.57975469329523,-21.758948189431862,4.210174758731831,502.2466774946503,479.9876946200525,-22.258982874597848,4.6358744806476695,515.8034705376297,491.2004756709155,-24.60299486671414,4.2975772837886534,24.774472078963875,33.13375708766195,8.359285008698073,5.1270812631095675,34.68244669088701,42.54169701441921,7.859250323532201,5.541232656884847,48.23923973386634,53.754478065282285,5.515238331415944,5.281652335653052,9.90797461192314,9.407939926757269,-0.5000346851658719,5.256932576130907,23.46476765490247,20.62072097762034,-2.8440466772821296,5.52515472294177,13.556793042979331,11.212781050863072,-2.3440119921162594,5.705767974147657
homepos_h,MEX,36,380.4477586181398,385.8911436966756,5.443385078535812,3.751331351134413,403.7873334166012,408.5780730208861,4.790739604284909,4.037012037927483,418.8990112142416,423.7821440805234,4.8831328662817555,4.941124667010341,440.86911724045905,439.1818601403761,-1.6872571000829453,5.888728975065519,23.33957479846133,22.686929324210485,-0.6526454742508463,4.643680002762337,38.45125259610192,37.891000383847725,-0.5602522122541913,5.56133390853323,60.42135862231923,53.29071644370042,-7.130642178618814,6.9843955436676195,15.111677797640585,15.204071059637243,0.09239326199665854,5.033582503980923,37.08178382385791,30.603787119489944,-6.477996704367968,6.4648846305156,21.970106026217326,15.399716059852699,-6.570389966364628,5.761985123876632
homepos_h,NLD,36,431.5918112329444,456.28939741089687,24.697586177952473,8.137074485235782,493.86941537130895,493.6259927969828,-0.24342257432613224,5.996867794525252,516.8090583544289,508.4700350092283,-8.339023345200587,6.883347988942728,520.962171636708,513.3781935244256,-7.583978112282466,6.17590056996178,62.27760413836454,37.336595386085946,-24.94100875227859,7.0804301491903905,85.2172471214845,52.180637598331465,-33.03660952315304,8.874965605599717,89.3703604037635,57.08879611352872,-32.281564290234776,9.020004406256557,22.93964298311996,14.844042212245522,-8.095600770874437,7.726988892657815,27.092756265398954,19.752200727442773,-7.340555537956181,7.155093587057441,4.153113282278992,4.908158515197249,0.7550452329182571,7.721987207197786
homepos_h,NOR,36,443.8834066285178,441.5899991032109,-2.2934075253068613,5.377660518751367,481.0132588722593,473.1687798578893,-7.844479014369995,5.088493305377149,498.86522799531514,490.3127568064453,-8.552471188869845,4.788827848860892,497.80686600983364,489.0315615100906,-8.775304499743015,4.8173205340005,37.12985224374148,31.578780754678395,-5.551071489063087,6.859265050773474,54.98182136679732,48.72275770323435,-6.259063663562969,6.280830785906442,53.92345938131579,47.441562406879676,-6.481896974436111,6.87215191468277,17.85196912305583,17.143976948555956,-0.707992174499875,6.044993035691939,16.793607137574305,15.862781652201283,-0.9308254853730222,5.964424687649033,-1.0583619854815254,-1.281195296354673,-0.22283331087314773,6.086729135330326
homepos_h,NZL,36,455.43743656773665,468.2721425417811,12.834705974044425,5.676435293699321,509.45854548059833,506.18729454773313,-3.2712509328652004,5.267136034506488,527.2929933297138,532.5412733489227,5.248280019208892,5.511315933294324,532.9045646227087,544.6348402750067,11.730275652298019,4.603487205917128,54.02110891286168,37.915152005951924,-16.105956906909753,6.764116186222642,71.85555676197716,64.26913080714158,-7.586425954835576,7.2145375285360265,77.467128054972,76.36269773322564,-1.1044303217463494,7.140273783487326,17.83444784911547,26.35397880118965,8.51953095207418,6.994799208771191,23.446019142110305,38.44754572727372,15.001526585163415,6.797625355444941,5.611571292994836,12.093566926084065,6.481995633089229,6.983138998047392
homepos_h,POL,36,464.6975670206248,467.70663530322463,3.0090682825998556,5.024325315425264,500.7168775744386,495.212397082941,-5.504480491497645,4.880234235485877,513.6194714103137,507.1499989811406,-6.469472429173152,4.851939967732147,519.6710177885916,519.403527891766,-0.26748989682562296,5.473707567094569,36.019310553813895,27.505761779716284,-8.513548774097611,5.695992381738243,48.92190438968897,39.44336367791588,-9.478540711773086,5.727814952594938,54.973450767966845,51.696892588541346,-3.2765581794255,6.599838352626291,12.90259383587507,11.937601898199597,-0.9649919376754728,5.47430406866118,18.95414021415295,24.19113080882507,5.236990594672118,6.244265561174659,6.051546378277879,12.253528910625471,6.201982532347592,5.759324727553767
homepos_h,PRT,36,444.0155672729264,443.01320122842964,-1.002366044496739,5.727921875524903,477.6565480819107,472.31396808756597,-5.34257999434476,5.848211215162045,498.4671845362577,499.48713575642324,1.0199512201655239,5.916408695836148,519.9615625180486,515.9286511982162,-4.032911319832351,5.397579433106221,33.64098080898433,29.30076685913633,-4.340213949848,5.722205427047818,54.45161726333136,56.47393452799357,2.022317264662213,6.091134190932304,75.94599524512225,72.91544996978661,-3.0305452753356406,7.078767070255174,20.81063645434702,27.17316766885724,6.36253121451022,5.412613580447555,42.305014436137924,43.61468311065028,1.3096686745123591,6.404277228811196,21.494377981790905,16.44151544179304,-5.052862539997864,5.877085044868403
homepos_h,SVK,36,398.3185634805917,424.9403618414731,26.62179836088137,7.48126765151779,468.15657708621995,478.02568118713344,9.86910410091349,5.169809953161857,490.30316160193513,495.8406576098458,5.537496007910647,4.928412590146342,505.43575493505057,512.6812140310756,7.245459096025002,5.415810087081434,69.83801360562826,53.08531934566024,-16.752694259968024,7.558788256209557,91.98459812134352,70.90029576837267,-21.08430235297085,7.873452273752163,107.1171914544589,87.74085218960238,-19.376339264856526,9.454289726700972,22.146584515715272,17.814976422712427,-4.3316080930028455,5.3711260611634275,37.279177848830635,34.65553284394214,-2.6236450048884947,6.501061153106885,15.132593333115363,16.840556421229714,1.7079630881143508,5.665970813978585
homepos_h,SVN,36,464.9930562576668,447.24938796870975,-17.743668288957053,4.456050712686584,504.5561966363595,488.98065370451957,-15.575542931839948,4.2860462020202075,515.1283193308336,503.942998547123,-11.185320783710608,4.082774400890731,517.123457170451,505.9857816433335,-11.137675527117551,4.034726495704235,39.56314037869281,41.731265735809906,2.1681253571170984,5.806914425012351,50.135263073166854,56.69361057841327,6.558347505246417,6.417733989896251,52.13040091278417,58.73639367462373,6.605992761839559,6.107617154477973,10.572122694474047,14.962344842603368,4.390222148129322,5.776960774622416,12.56726053409136,17.005127938813825,4.437867404722464,6.299022606193047,1.995137839617314,2.0427830962104565,0.04764525659314245,6.108552547211066
homepos_h,SWE,36,441.9262747153671,442.8576329879661,0.9313582725990273,5.282924533500216,495.69950576062485,489.5146330669757,-6.18487269364914,5.881102155872081,517.2620479900564,510.4443900888421,-6.817657901214318,5.498928573478587,525.8275150317485,510.9796283239756,-14.847886707772886,5.532221013879116,53.77323104525772,46.65700007900961,-7.116230966248104,6.492265253721442,75.33577327468947,67.58675710087604,-7.74901617381343,6.656024637367163,83.90124031638145,68.12199533600946,-15.779244980371985,7.464238173737644,21.562542229431756,20.929757021866436,-0.6327852075653198,6.8677170518328925,30.128009271123734,21.46499525699985,-8.663014014123885,6.404368705637752,8.565467041691978,0.5352382351334143,-8.030228806558563,6.417830631706479
homepos_h,TUR,36,438.24303189423483,453.99550763492914,15.752475740694308,4.855521727498782,470.7478219602425,486.37543490861106,15.62761294836855,4.477858997399446,488.2537707904454,512.9114095771257,24.65763878668031,4.068316345825892,507.66673839391444,526.146606200555,18.479867806640527,6.006688874045814,32.50479006600776,32.37992727368195,-0.12486279232580699,5.239330406774073,50.01073889621068,58.91590194219649,8.905163045985809,5.765492846735022,69.42370649967968,72.15109856562562,2.727392065945935,7.814427739584064,17.505948830202925,26.53597466851454,9.030025838311616,4.6620274054974455,36.91891643367191,39.771171291943666,2.852254858271756,7.318417659171333,19.412967603468985,13.235196623429124,-6.1777709800398615,6.5854276530676925
homepos_h,USA,36,455.0635153012774,453.2158224426829,-1.8476928585944847,8.127234682743538,482.4440495008641,491.52833293944894,9.084283438584862,11.258657156413662,521.8243726323302,516.4651414423568,-5.359231189973457,13.77821150534708,541.6390713388312,545.202259628511,3.563188289679829,14.526074111343735,27.38053419958676,38.312510496765995,10.931976297179236,11.834624936021937,66.76085733105288,63.24931899967373,-3.5115383313791426,13.322616269198228,86.57555603755375,91.98643718582818,5.410881148274427,15.697333594168564,39.38032313146611,24.936808502907734,-14.443514628558379,13.549759412104383,59.19502183796699,53.673926689062185,-5.521095148904806,12.359738640292932,19.81469870650086,28.737118186154454,8.922419479653595,15.99055575612175
homepos_h,OECD,36,446.6105207210352,446.7368645989529,0.12634387791769086,0.9715151626527662,484.8405416130607,483.17339835598943,-1.6671432570712454,0.923429505728675,504.2186218020344,501.63296495881605,-2.5856568432183735,0.9169315274222914,516.9194891773985,513.3521064992199,-3.56738267817866,0.9197725725833973,38.230020892025486,36.436533757036486,-1.7934871349890003,1.036463174156864,57.60810108099923,54.89610035986307,-2.712000721136164,1.187302728194135,70.30896845636337,66.61524190026691,-3.6937265560964647,1.2043908541273596,19.37808018897375,18.45956660282659,-0.91851358614716,1.0348999345911112,32.07894756433787,30.178708143230445,-1.9002394211074218,1.0924575653590793,12.700867375364117,11.719141540403854,-0.9817258349602636,1.0365580674625017
books_h,AUS,36,453.1080876646718,460.7757168871168,7.667629222444987,3.7671789750486484,504.16026344875047,509.61770724443716,5.457443795686686,3.8802613006566835,522.5540860225934,524.7890466739884,2.2349606513949993,3.8303369061140775,553.3484611667959,550.043441145829,-3.3050200209669356,4.131381827695344,51.052175784078585,48.84199035732044,-2.2101854267581444,4.4015017596115475,69.44599835792158,64.01332978687165,-5.4326685710499305,4.507692020692719,100.24037350212419,89.26772425871222,-10.972649243411965,4.941054499855702,18.393822573843,15.1713394295512,-3.2224831442918003,4.302061945863192,49.18819771804559,40.42573390139178,-8.762463816653813,4.598780526220979,30.794375144202593,25.254394471840577,-5.539980672362017,4.721301106522386
books_h,AUT,36,421.14138433961386,430.4585804398577,9.317196100243848,5.333632687865067,485.1749943177234,493.2875032295695,8.112508911846078,5.868273352530863,514.6531276926794,517.6435314277081,2.9904037350287354,4.685367434124258,547.7369491696853,548.1397980686373,0.4028488989520156,5.041428796934215,64.03360997810958,62.82892278971177,-1.2046871883978127,5.770047130963024,93.51174335306554,87.18495098785036,-6.326792365215184,6.098233255132031,126.59556483007138,117.68121762877959,-8.91434720129179,6.277754514081187,29.478133374955974,24.356028198138596,-5.122105176817378,6.03287517088048,62.56195485196181,54.85229483906782,-7.709660012893991,6.247878507692844,33.083821477005834,30.496266640929218,-2.5875548360766167,5.347852810611423
books_h,BEL,36,424.1130255311018,428.77373205503153,4.6607065239297185,6.00015246931981,487.2315861392156,483.4675868084937,-3.7639993307219015,5.536808323522911,513.1053516962797,514.7832564568732,1.677904760593492,5.086681052370068,539.3824276894475,539.422204853562,0.039777164114525476,4.726939717942921,63.11856060811383,54.69385475346219,-8.424705854651641,5.850337011296997,88.99232616517784,86.00952440184173,-2.982801763336113,6.53280207787433,115.26940215834568,110.64847279853055,-4.620929359815136,7.230235778773249,25.87376555706399,31.315669648379544,5.441904091315553,5.618200431407374,52.150841550231846,55.95461804506836,3.8037764948365123,6.5830713122345825,26.277075993167852,24.638948396688818,-1.638127596479034,5.319149701225483
books_h,CAN,36,471.2218790076895,470.4537601997923,-0.7681188078971672,3.6838948895796646,515.6506764062112,509.6087811931432,-6.041895213068017,3.4982074723083465,532.3164164756345,526.9738606517411,-5.342555823893349,3.8295461172436687,547.2545416217512,544.0656607502178,-3.1888808715333425,3.9610502678334725,44.428797398521716,39.15502099335082,-5.273776405170899,3.7530718413918653,61.0945374679449,56.52010045194876,-4.574437015996146,4.3286493416586875,76.03266261406168,73.61190055042547,-2.4207620636362037,4.84539556669519,16.66574006942319,17.365079458597943,0.699339389174753,4.06721774133113,31.603865215539976,34.456879557074664,2.8530143415346885,4.659582287764659,14.938125146116784,17.09180009847672,2.1536749523599372,4.313519431289141
books_h,CHE,36,438.2400298900669,438.10167941323414,-0.1383504768327839,4.86144574774205,495.6653943155828,495.4006892499707,-0.26470506561207685,5.233711140985273,520.1560045091511,524.9402777743665,4.784273265215347,5.081381369985984,557.1262958548193,551.597196135419,-5.5290997194002784,5.516550939331577,57.425364425515816,57.29900983673646,-0.1263545887793569,5.529553691522878,81.9159746190841,86.83859836113218,4.9226237420480885,6.216498782800942,118.88626596475233,113.49551672218487,-5.390749242567452,6.906665958580819,24.490610193568262,29.539588524395736,5.048978330827474,5.526803379969941,61.46090153923651,56.196506885448436,-5.264394653788074,6.979840352090959,36.97029134566825,26.656918361052693,-10.313372984615558,6.512566293099584
books_h,CHL,36,405.90296307851656,409.0960656308389,3.1931025523223298,4.89156242935232,429.4571118912187,432.6182304728706,3.1611185816519196,5.068264555804097,459.34536420919704,455.8188000396256,-3.5265641695714294,5.222701896478113,487.994030234002,481.19835309977486,-6.795677134227162,4.587713315418194,23.554148812702117,23.522164842031646,-0.03198397067047054,5.3959605014865675,53.44240113068048,46.72273440878668,-6.719666721893802,6.181415906941259,82.09106715548545,72.102287468936,-9.98877968654945,5.937839023058392,29.888252317978363,23.200569566755036,-6.687682751223328,5.904702218142284,58.53691834278334,48.58012262690435,-9.95679571587899,5.515962905835395,28.64866602480497,25.379553060149313,-3.2691129646556583,5.413576126826141
books_h,COL,36,377.7708833694263,380.98597034210195,3.2150869726756355,4.875173139208171,398.25854269972217,403.723507456108,5.464964756385825,4.977823866702295,421.22573131242643,424.704814105624,3.4790827931975628,5.854593281700607,455.89424069346495,457.2401558226408,1.3459151291758644,7.700039132228615,20.487659330295877,22.73753711400614,2.2498777837102644,4.970011207013695,43.454847943000104,43.71884376352201,0.26399582052190596,5.744181751957205,78.12335732403866,76.25418548053885,-1.8691718434998137,7.185497634282716,22.967188612704224,20.98130664951587,-1.9858819631883549,5.3848216466525125,57.63569799374278,53.51664836653272,-4.11904962721006,7.173785917664523,34.66850938103856,32.53534171701685,-2.1331676640217125,6.855516653071336
books_h,CZE,36,430.90900272591415,427.78074167442685,-3.1282610514873,5.253322428202172,494.59190287789835,486.51240899211746,-8.079493885780892,5.311436829501968,518.1643363470201,509.1406973743312,-9.023638972688957,4.330825881858138,546.7259316026949,537.4806155020235,-9.245316100671403,5.795920035433998,63.68290015198413,58.731667317690665,-4.951232834293464,6.27680746548911,87.25533362110593,81.35995569990432,-5.895377921201614,6.06061146671153,115.81692887678066,109.69987382759663,-6.117055049184032,7.648307828867721,23.572433469121798,22.62828838221367,-0.9441450869081294,5.087935551781939,52.13402872479651,50.96820650990598,-1.1658222148905253,6.861453490792981,28.561595255674717,28.339918127692318,-0.22167712798239947,5.4351189250887515
books_h,DEU,36,422.8356712265184,414.919379302503,-7.916291924015411,6.813205875147438,486.9591819369436,478.61291461758157,-8.346267319362028,7.032802856596599,522.0976742650495,518.2964015662919,-3.8012726987575434,6.233391249058917,556.0260108694786,556.5982309407794,0.572220071300876,5.719855838189273,64.12351071042517,63.69353531507859,-0.4299753953465739,6.862829484860744,99.26200303853115,103.37702226378894,4.115019225257797,7.4937981140282455,133.1903396429601,141.67885163827648,8.488511995316372,7.85040163442265,35.138492328105976,39.68348694871035,4.544994620604378,6.280857424868428,69.06682893253495,77.98531632319789,8.918487390662946,7.293282236637014,33.92833660442898,38.30182937448753,4.373492770058554,6.30896931898269
books_h,DNK,36,446.4934127677969,431.32055646186944,-15.17285630592744,4.90257584783871,493.26316583334483,471.8165243393825,-21.446641493962318,5.936568563295225,506.7620984217996,494.4217162886647,-12.34038213313488,5.393066302021166,531.2692429095746,518.0711866811381,-13.198056228436485,5.439600227286543,46.76975306554791,40.49596787751307,-6.273785188034843,6.7124374858083335,60.26868565400266,63.101159826795275,2.8324741727926153,6.234885420651254,84.77583014177765,86.75063021926863,1.9748000774909826,6.557162248978159,13.498932588454739,22.605191949282204,9.106259360827465,6.821182437279805,38.00607707622974,46.254662341755555,8.248585265525818,7.543296691321865,24.507144487774998,23.649470392473354,-0.8576740953016433,6.781338280050523
books_h,ESP,36,435.63891766331045,431.413090781339,-4.225826881971443,4.019468631026938,481.5265121443439,474.9237503766552,-6.602761767688662,3.49411165611232,501.1760997373234,495.7488483996782,-5.4272513376452025,3.231331246130128,522.8938289957528,516.7399296292848,-6.153899366467954,3.1821702417280497,45.887594481033446,43.51065959531636,-2.376934885717084,4.303444739037383,65.53718207401302,64.33575761833916,-1.201424455673859,4.289674681270411,87.25491133244228,85.32683884794585,-1.9280724844964254,4.280975408913363,19.64958759297957,20.825098023022793,1.1755104300432215,3.5960184608303845,41.367316851408816,41.816179252629496,0.4488624012206799,4.156252626746386,21.717729258429245,20.991081229606703,-0.7266480288225416,3.518675681973854
books_h,EST,36,479.55558673582857,481.2763836828125,1.72079694698391,4.176677594658342,521.8590572714468,527.1780864332823,5.319029161835488,4.612772161437097,536.2130108736856,539.5080505823087,3.295039708623108,4.97523193301944,567.3366182651213,563.7669657776269,-3.569652487494409,4.802678035504455,42.30347053561819,45.901702750469845,3.598232214851656,5.387985471037033,56.6574241378569,58.23166689949615,1.5742427616392476,5.465801554916103,87.7810315292927,82.49058209481444,-5.290449434478262,5.942893015692142,14.35395360223871,12.329964149026306,-2.023989453212403,5.882460089975918,45.477560993674516,36.58887934434459,-8.888681649329925,5.577655577356253,31.123607391435804,24.258915195318288,-6.864692196117517,5.408865687871233
books_h,FIN,36,464.3777581287234,459.18650078595766,-5.191257342765766,5.120115692430583,504.8531946634459,502.9207884000126,-1.932406263433279,4.354343286435926,526.3729719665441,520.4303763942344,-5.942595572309756,5.270718634684001,553.9646802021255,546.610220344149,-7.354459857976508,4.603588309126212,40.47543653472257,43.734287614054885,3.2588510793323167,5.923094869553781,61.99521383782077,61.24387560827663,-0.7513382295441389,5.943656350703503,89.58692207340214,87.42371955819128,-2.1632025152108554,5.975295252318931,21.5197773030982,17.509587994221743,-4.0101893088764555,5.569222685161802,49.11148553867957,43.689431944136395,-5.422053594543172,4.989692193726702,27.591708235581372,26.179843949914652,-1.41186428566672,5.884284624411994
books_h,FRA,36,417.54131381665445,418.2108551745538,0.6695413578993339,5.880926037219562,473.88462709240457,479.83440849192465,5.949781399520077,5.455405162051738,512.5869758361544,510.56014361575046,-2.0268322204038896,5.43303462048191,547.6433020664774,536.204527925791,-11.438774140686405,6.077746027500586,56.34331327575005,61.62355331737086,5.280240041620814,5.968416732510724,95.04566201949987,92.34928844119663,-2.6963735783032377,6.961179224886192,130.1019882498229,117.99367275123714,-12.108315498585768,7.593150415127426,38.70234874374984,30.725735123825768,-7.97661361992407,5.5852560390019885,73.75867497407283,56.370119433866286,-17.388555540206546,6.470149911283588,35.056326230323,25.64438431004052,-9.41194192028248,5.598685545382686
books_h,GBR,36,442.6994766154021,457.94649205119913,15.247015435797039,5.477087463665529,494.97596836810817,506.5351521285182,11.559183760410008,4.532406741904904,518.3712248520884,523.8459860462331,5.474761194144662,4.785664381974203,555.6911196515923,567.2910537155483,11.59993406395597,6.060681602977396,52.276491752706,48.58866007731895,-3.687831675387052,5.95365450898724,75.67174823668628,65.89949399503392,-9.772254241652362,6.253284479721814,112.99164303619027,109.3445616643493,-3.6470813718409687,7.7481935447733585,23.395256483980297,17.310833917714984,-6.084422566265314,5.512590754836538,60.71515128348426,60.75590158703032,0.04075030354606213,6.951531857756691,37.31989479950397,43.44506766931535,6.125172869811379,6.7789655980929036
books_h,GRC,36,395.79220935471085,391.9034245136372,-3.8887848410736297,5.078701444669749,436.48318822889104,425.3878778826902,-11.095310346200847,5.470956051568508,459.13821170239845,449.3988775994946,-9.739334102903854,5.178208519832839,473.4769465073931,477.19653505085324,3.7195885434601337,5.732219287415913,40.69097887418026,33.484453369052986,-7.206525505127274,5.42606969667457,63.346002347687524,57.49545308585742,-5.850549261830103,6.007123205065191,77.68473715268233,85.29311053721601,7.608373384533678,6.4073918793881175,22.655023473507278,24.01099971680444,1.3559762432971638,5.764878728046475,36.993758278502064,51.80865716816304,14.814898889660974,5.990153275975413,14.33873480499479,27.7976574513586,13.45892264636381,5.589557511523571
books_h,HUN,36,410.7466211886584,410.74199672683596,-0.004624461822459125,6.22942696852784,481.9520069855565,477.38902203906326,-4.562984946493259,4.8930690827108805,512.3492435071801,503.13864344450695,-9.210600062673109,4.683910346457278,540.7179103750852,531.0810839308729,-9.636826444212375,5.967511984312316,71.20538579689813,66.6470253122272,-4.558360484670928,6.604716757511525,101.6026223185216,92.3966467176709,-9.205975600850692,6.921426273158217,129.97128918642682,120.33908720403676,-9.632201982390058,8.27378281761693,30.397236521623448,25.74962140544374,-4.647615116179708,5.137548862625373,58.765903389528695,53.69206189180958,-5.0738414977191155,6.798719741517839,28.36866686790524,27.942440486365836,-0.4262263815394043,5.6826021050854365
books_h,IRL,36,451.12446299733574,448.28892295031994,-2.8355400470157974,5.021961608369432,502.79870334567556,495.2718203396822,-7.526883005993341,4.232332329494815,521.2833754823629,514.372939411204,-6.91043607115887,4.585515229617441,543.4677762990585,544.2372437494934,0.7694674504348313,4.24388961386224,51.67424034833978,46.9828973893623,-4.691342958977479,5.398627950116426,70.15891248502707,66.08401646088416,-4.074896024142916,5.540368100571128,92.34331330172282,95.94832079917346,3.605007497450643,6.026641456980109,18.484672136687305,19.101119071521868,0.6164469348345634,5.217326202940082,40.669072953383036,48.96542340981118,8.296350456428144,5.104956297243198,22.184400816695735,29.86430433828931,7.679903521593573,4.92815309070099
books_h,ISL,36,404.7644185900095,396.386942185606,-8.377476404403467,5.071093528098198,442.5682361402302,439.2332096705139,-3.335026469716354,4.750902467050029,465.59199282426135,458.9819114354201,-6.610081388841252,5.006798893876209,477.03383464066445,481.01120078637166,3.977366145707208,4.922174938563923,37.80381755022076,42.84626748490784,5.042449934687085,6.7546261172826245,60.82757423425185,62.59496924981406,1.7673950155622151,7.12778593283233,72.26941605065505,84.62425860076571,12.35484255011066,7.305778409352928,23.02375668403109,19.748701764906222,-3.275054919124866,6.55218114110401,34.46559850043429,41.777991115857866,7.312392615423576,7.203552503317497,11.441841816403201,22.029289350951643,10.587447534548442,7.041512899504685
books_h,ISR,36,410.22996232143066,391.63120672564315,-18.59875559578751,6.217615796304361,461.6937029392366,445.2620388549488,-16.431664084287775,6.06657182109167,489.0674894473709,472.7712479388612,-16.296241508509695,6.97752058257104,507.01716079168017,489.3842206046993,-17.632940186980875,7.442650697920195,51.46374061780589,53.63083212930563,2.1670915114997413,6.0151419152560015,78.83752712594014,81.14004121321807,2.3025140872779275,7.67935645604781,96.78719847024948,97.75301387905616,0.9658154088066766,9.221640146616206,27.373786508134277,27.50920908391243,0.1354225757781542,7.0792026963102845,45.323457852443596,44.12218174975052,-1.201276102693079,8.720374671757938,17.94967134430932,16.61297266583809,-1.3366986784712296,8.321607912615411
books_h,ITA,36,430.63910231356294,431.7461609777174,1.107058664154465,5.054034339596634,471.7883056558623,477.0580750220521,5.2697693661897915,5.093135189790265,493.99409390902764,500.30633579690203,6.312241887874393,5.302518968846844,515.9229756400011,525.3901661095044,9.467190469503294,5.927675858053046,41.149203342299366,45.31191404433473,4.162710702035362,5.536852296927638,63.35499159546466,68.56017481918467,5.205183223720006,6.423798689126174,85.28387332643811,93.64400513178695,8.360131805348843,6.517681754427073,22.20578825316529,23.24826077484994,1.0424725216846475,5.217719127028555,44.13466998413875,48.33209108745222,4.1974211033134665,5.90608930751381,21.928881730973462,25.08383031260228,3.154948581628819,5.617676976986807
books_h,JPN,36,511.0077489329853,496.5514932436487,-14.456255689336615,6.324504574773778,546.2145265535149,541.9597449004877,-4.25478165302718,5.518073810372787,557.9729724266246,549.2759722197763,-8.697000206848202,5.844648814055093,573.1885784650915,571.1186377980146,-2.069940667076935,6.319233486281478,35.206777620529635,45.40825165683901,10.201474036309378,6.269264635237017,46.96522349363926,52.724478976127656,5.759255482488399,6.93920840606448,62.18082953210628,74.5671445543658,12.386315022259517,7.286098828872346,11.758445873109622,7.316227319288646,-4.442218553820976,5.610402350308732,26.97405191157666,29.15889289752679,2.1848409859501317,5.561085757982994,15.215606038467035,21.842665578238144,6.627059539771109,5.7525390528708735
books_h,KOR,36,486.52380582292597,491.5286484505189,5.00484262759295,7.180025535174796,522.109269996372,523.4729299660471,1.3636599696751546,9.008137528008943,541.4461938276258,541.3081254239542,-0.1380684036716957,6.5649128121964,563.7601478810965,554.1124314106459,-9.647716470450632,6.583113494376682,35.58546417344593,31.944281515528196,-3.6411826579177315,10.071441571466218,54.922388004699926,49.77947697343522,-5.142911031264703,7.647639484946909,77.2363420581706,62.583782960126925,-14.652559098043682,8.83210046201474,19.336923831254,17.835195457907027,-1.5017283733469746,10.555714932517807,41.650877884724686,30.63950144459874,-11.011376440125947,10.192480587622025,22.313954053470685,12.804305986691713,-9.509648066778972,6.607892232635676
books_h,LTU,36,436.3551030661944,447.04732709785486,10.692224031660487,4.028140065016094,477.3885700521405,483.89135992413486,6.502789871994366,4.169262575367703,499.5644036176579,501.6841768745677,2.1197732569098093,4.073672587653947,528.2512941589082,520.9893042532389,-7.261989905669338,4.852119017740944,41.033466985946134,36.84403282627993,-4.189434159666206,4.808167665961557,63.209300551463535,54.63684977671282,-8.572450774750713,4.633739275587384,91.89619109271375,73.94197715538402,-17.954213937329726,5.620827903797796,22.1758335655174,17.792816950432904,-4.383016615084497,4.777874907691292,50.862724106767615,37.09794432910411,-13.764779777663506,5.977717867096996,28.686890541250214,19.305127378671205,-9.38176316257901,5.29280937275154
books_h,LVA,36,455.9133169290777,425.70084845681197,-30.212468472265755,4.7574372568306575,490.88844937954,463.4079180112094,-27.480531368330617,5.04150556891402,503.4260525061354,486.74424798252903,-16.681804523606388,4.199132251623079,527.6061318881093,503.433111151743,-24.17302073636631,3.7313882667314964,34.975132450462226,37.70706955439741,2.7319371039351807,5.42856122999803,47.51273557705765,61.043399525717135,13.530663948659488,5.441382203624572,71.69281495903161,77.73226269493114,6.039447735899529,5.290869160936028,12.537603126595423,23.336329971319714,10.79872684472429,5.270704508660404,36.71768250856938,40.025193140533716,3.307510631964334,5.221646091386985,24.180079381973957,16.688863169214,-7.491216212759959,5.109398314405326
books_h,MEX,36,387.8530815285,386.6596993972779,-1.1933821312221085,3.886643799553063,402.1494638262386,402.56794157762147,0.41847775138285215,3.4686494925728883,416.5012625581554,422.1074621975237,5.606199639368299,4.308635793935795,433.57890320882933,444.75333210989174,11.174428901062413,6.1102574686493565,14.296382297738683,15.908242180343574,1.6118598826048913,4.1931459780320415,28.648181029655394,35.44776280024586,6.799581770590468,4.813840580796244,45.725821680329354,58.093632712613825,12.367811032284472,6.718699433296111,14.35179873191671,19.539520619902287,5.187721887985576,4.4247198202268505,31.42943938259067,42.185390532270254,10.755951149679586,6.2015908427662,17.07764065067396,22.645869912367964,5.568229261694004,5.39801829221207
books_h,NLD,36,418.8637610384967,422.4969672470103,3.6332062085135703,8.24755927975558,481.32781884387566,476.8792198518725,-4.448598992003156,7.428646449008034,515.6176033208136,511.7051041940334,-3.912499126780176,5.5041048805307415,547.132901785091,536.6732075087916,-10.459694276299388,6.342100630797855,62.46405780537909,54.382252604862245,-8.081805200516847,8.131707783388311,96.75384228231695,89.20813694702319,-7.545705335293761,8.331598873094492,128.26914074659442,114.1762402617813,-14.092900484813114,9.542703578359337,34.28978447693786,34.82588434216096,0.5360998652231004,7.1541443615818086,65.80508294121532,59.79398765691906,-6.01109528429626,8.8213807130516,31.515298464277464,24.968103314758103,-6.547195149519361,7.188039360377726
books_h,NOR,36,423.84488496090614,425.06922255300935,1.2243375921032111,4.940902184918432,480.1611890366832,473.01654434351804,-7.144644693165162,4.359893396276387,500.0121053246877,487.9817508654718,-12.030354459215914,5.298365638423887,517.8593302690354,508.21373075050997,-9.645599518525387,5.1092333812826825,56.31630407577711,47.94732179050881,-8.368982285268302,5.763128692874978,76.16722036378147,62.91252831246256,-13.254692051318905,6.012916310196544,94.01444530812917,83.14450819750057,-10.869937110628598,6.697379186371819,19.850916288004363,14.965206521953757,-4.885709766050606,6.0997635538518065,37.69814123235207,35.19718640699177,-2.500954825360303,5.93531606427093,17.84722494434771,20.231979885038008,2.3847549406903,6.623862783100921
books_h,NZL,36,448.0109773708188,456.1109670009284,8.099989630109576,5.2926631634738,500.6127574061112,500.84537752906317,0.2326201229519711,5.791045371737081,524.4052460962946,535.3866084050708,10.98136230877617,5.127203741310314,551.6538510072451,559.7834115907533,8.129560583508237,4.8518675116533405,52.60178003529236,44.734410528134774,-7.8673695071575835,6.701690830948869,76.39426872547554,79.27564140414229,2.88137267866675,6.974951660258611,103.64287363642616,103.6724445898249,0.02957095339874627,6.758816015989025,23.792488690183177,34.54123087600752,10.74874218582434,7.236838426743161,51.04109360113381,58.93803406169013,7.896940460556323,7.412829952731189,27.248604910950633,24.396803185682607,-2.8518017252680252,6.8522661815220305
books_h,POL,36,450.16041578313826,444.91090614347894,-5.249509639659323,5.35337205058886,492.1537827562439,491.44777155557796,-0.7060112006659551,4.572277291679062,515.4767940882638,512.6715408979907,-2.805253190273106,4.744892841442429,541.6031122804445,540.4593598348039,-1.1437524456406436,5.735677632739563,41.99336697310566,46.536865412099054,4.543498438993396,5.4781266155944035,65.31637830512543,67.76063475451183,2.444256449386401,5.919990643646125,91.44269649730631,95.54845369132488,4.105757194018565,7.548888120756304,23.323011332019774,21.223769342412776,-2.0992419896069983,4.950139006883858,49.44932952420066,49.01158827922582,-0.4377412449748377,6.0636594116474,26.126318192180882,27.787818936813046,1.6615007446321641,6.15766955467324
books_h,PRT,36,431.382346055235,428.9434468923544,-2.4388991628806025,5.652465043714505,472.60045310734586,471.2933740629928,-1.3070790443530313,7.162288576132692,502.3400477435197,504.92815018684234,2.5881024433226685,5.199366777757545,533.3296294152308,525.6228174699921,-7.706811945238655,5.130655793145753,41.21810705211081,42.34992717063851,1.131820118527699,6.516927038643647,70.95770168828459,75.98470329448799,5.027001606203399,5.6573668479438535,101.94728335999571,96.6793705776378,-5.267912782357911,6.7932292056203,29.73959463617378,33.63477612384948,3.8951814876756963,6.392039990451042,60.72917630788489,54.32944340699928,-6.39973290088561,7.006746991379523,30.989581671711115,20.6946672831498,-10.294914388561313,5.818242221357347
books_h,SVK,36,376.57976509950635,399.2241837421349,22.64441864262858,6.815170406261976,460.00731716981164,474.59491972412724,14.587602554315595,6.151589638940877,494.0256962426756,500.9323435806212,6.9066473379455715,4.301483222162639,520.6136107024395,529.2381075057036,8.624496803264151,5.936206188298256,83.42755207030521,75.3707359819924,-8.056816088312814,7.109333221290752,117.4459311431693,101.70815983848627,-15.737771304683037,7.588745496251524,144.033845602933,130.01392376356864,-14.019921839364372,8.804226007936249,34.0183790728641,26.337423856493864,-7.680955216370236,5.958035172286586,60.606293532627774,54.64318778157624,-5.963105751051536,6.949923042699808,26.587914459763674,28.30576392508238,1.7178494653187073,5.99832974356713
books_h,SVN,36,443.56474422094095,426.77237324801945,-16.792370972921503,4.238628385822181,496.6128483939136,481.3010836492067,-15.31176474470692,3.8444942632565695,517.268523889321,507.28717270794203,-9.981351181379011,4.2618646200330765,544.345711913119,528.7904487287655,-15.555263184353521,4.3066300479217015,53.048104172972685,54.528710401187325,1.48060622821464,5.50181527625844,73.70377966838005,80.51479945992267,6.81101979154262,5.932826258894126,100.78096769217798,102.01807548074612,1.2371077885681387,6.428504322346555,20.655675495407372,25.98608905873534,5.330413563327969,5.987895614513587,47.7328635192053,47.489365079558794,-0.2434984396465083,5.676243234327981,27.07718802379793,21.503276020823456,-5.573912002974474,6.542894093756465
books_h,SWE,36,429.8958185868754,428.045622285934,-1.850196300941434,5.226241433204563,487.81705784162614,476.1388168854336,-11.678240956192553,5.370823358121244,514.4527654414792,506.8719383414824,-7.580827099996782,5.199539268697577,546.8694449000997,541.1804599834611,-5.68898491663856,5.575083368995496,57.92123925475081,48.093194599499725,-9.828044655251084,5.794679635577861,84.55694685460386,78.82631605554839,-5.730630799055476,6.260979961420872,116.97362631322423,113.13483769752716,-3.8387886156970694,7.003375489261552,26.635707599853056,30.73312145604867,4.097413856195615,5.838126080597029,59.05238705847345,65.04164309802744,5.989256039553986,6.2748378320273,32.416679458620386,34.30852164197875,1.8918421833583636,5.704199326350165
books_h,TUR,36,425.7645944804879,446.99517136906263,21.230576888574717,4.531010411697271,469.8829739355656,488.5355796559091,18.6526057203435,4.598907179400136,491.65347257600826,508.04797770452194,16.394505128513686,3.991207494935955,516.805782242235,534.8817464584357,18.07596421620076,5.012707471192774,44.11837945507769,41.54040828684637,-2.577971168231315,5.185749999507365,65.88887809552035,61.05280633545932,-4.8360717600610315,5.418957203074552,91.04118776174715,87.88657508937311,-3.154612672374043,6.0177457323556505,21.770498640442668,19.512398048612955,-2.258100591829713,5.237263022024984,46.92280830666945,46.34616680252674,-0.5766415041427138,5.947552123295286,25.152309666226785,26.833768753913784,1.6814590876869993,5.659249643852567
books_h,USA,36,433.80720373852364,436.64573947772794,2.8385357392043034,7.1649857225582405,487.8767369834638,484.5326378118225,-3.3440991716412896,12.684335990736816,521.4576964014483,528.2895081306696,6.831811729221272,14.230187796480418,556.1395184291962,556.2664418949771,0.1269234657809193,11.383369769395069,54.06953324494017,47.886898334094425,-6.182634910845742,11.609754322545431,87.65049266292472,91.64376865294159,3.993275990016869,14.85973948020349,122.3323146906725,119.62070241724909,-2.7116122734234125,12.453051143869757,33.58095941798455,43.756870318847156,10.175910900862604,14.314285517362213,68.26278144573232,71.73380408315465,3.4710226374223367,11.478488863772013,34.681822027747764,27.9769337643075,-6.704888263440264,10.187467541049486
books_h,OECD,36,433.17704824837654,432.613910432449,-0.5631378159275187,0.9331231312511445,481.4610982773405,479.15403618589005,-2.3070620914504616,1.011884337445909,505.05960325419267,502.93882896491124,-2.120774289281428,0.921664815457677,531.4072842720232,528.2857371964984,-3.121547075524745,0.9390682072153136,48.28405002896399,46.54012575344098,-1.7439242755230069,1.07312883303742,71.88255500581613,70.32491853246215,-1.5576364733539805,1.143344585257921,98.23023602364668,95.67182676404938,-2.5584092595972976,1.2256045911441216,23.598504976852144,23.784792779021178,0.1862878021690335,1.1159543080721426,49.9461859946827,49.131701010608396,-0.8144849840743049,1.1883520391428484,26.34768101783056,25.346908231587218,-1.000772786243342,1.000517111205365
escs_cc,AUS,36,463.79174843606245,479.20446942786714,15.41272099180469,4.042293049827721,496.2642547258371,511.02073050520465,14.756475779367577,4.340612610228923,529.5792217210198,542.153010735917,12.573789014897102,3.9749903934463022,565.9530985490698,553.7488266751816,-12.20427187388816,4.139523315885244,32.47250628977469,31.816261077337565,-0.6562452124371276,5.547016298067394,65.7874732849575,62.94854130804977,-2.8389319769077304,5.32293014881839,102.16135011300737,74.54435724731442,-27.61699286569295,5.687121394308802,33.31496699518282,31.1322802307122,-2.1826867644706205,4.788366137476561,69.68884382323267,42.728096169976865,-26.960747653255808,5.189236170017631,36.37387682804986,11.595815939264662,-24.7780608887852,4.447893350344431
escs_cc,AUT,36,441.6278238585311,459.85399588094214,18.22617202241105,5.491852916620805,483.99345275170134,501.5486573964005,17.55520464469913,5.2046864477910235,522.7591872535589,529.6639847962797,6.9047975427207575,4.873255006643413,557.5762899952115,554.5982717289754,-2.978018266236063,4.537188603450691,42.365628893170296,41.69466151545824,-0.6709673777120528,6.171212808298812,81.13136339502792,69.80998891533754,-11.321374479690377,5.8193383838568185,115.94846613668047,94.74427584803331,-21.204190288647155,6.67415410610895,38.76573450185762,28.1153273998793,-10.650407101978324,5.800064330715919,73.58283724351018,53.04961433257505,-20.533222910935137,5.767740970090625,34.81710274165256,24.93428693269575,-9.882815808956813,5.304326699537136
escs_cc,BEL,36,441.58451019829636,466.2259049837995,24.641394785503167,4.970862112302388,480.82144076169635,502.09960841971724,21.27816765802089,4.82228004624401,521.1142340760642,536.9223762488843,15.808142172820112,4.8936599939233965,555.9663209574888,554.0983079549526,-1.8680130025362587,4.882429552835029,39.23693056339984,35.87370343591769,-3.3632271274821477,5.780708509017186,79.52972387776785,70.69647126508475,-8.833252612683097,6.213470353210865,114.38181075919238,87.87240297115311,-26.50940778803927,6.549937655851544,40.29279331436801,34.82276782916707,-5.470025485200942,5.06440097853313,75.14488019579252,51.99869953523542,-23.146180660557107,6.105606783703101,34.8520868814245,17.175931706068344,-17.676155175356154,5.243444678013636
escs_cc,CAN,36,486.79828703027687,492.30580788586076,5.507520855583891,3.6156817336372815,509.9893874410798,521.0582990312671,11.06891159018727,3.4670929587624904,534.489657610325,545.7600153265482,11.270357716223202,3.5559228196706623,556.9517023990743,545.7062316463013,-11.24547075277303,4.455698268733938,23.191100410802893,28.752491145406434,5.561390734603542,4.472557386790512,47.69137058004807,53.45420744068745,5.762836860639375,4.441828342060218,70.15341536879744,53.400423760440574,-16.752991608356865,5.283430307075947,24.50027016924518,24.701716295281017,0.20144612603583667,3.977707494096669,46.96231495799455,24.64793261503413,-22.31438234296042,4.52287997585217,22.46204478874937,-0.05378368024688598,-22.515828468996258,4.783931865682054
escs_cc,CHE,36,454.89717034090125,470.38667545690686,15.489505116005603,5.040120395922001,492.80422407409316,507.91368148191907,15.109457407825914,5.217636713202571,527.4278916290154,539.6872714091262,12.259379780110748,5.095079511662454,570.0603973175142,563.5221660015859,-6.5382313159283285,4.764256910868488,37.90705373319177,37.527006025012255,-0.38004770817951794,5.932917603806325,72.53072128811414,69.30059595221942,-3.230125335894712,6.525955446221157,115.16322697661295,93.13549054467916,-22.02773643193379,6.82607853111446,34.62366755492238,31.773589927207176,-2.8500776277152013,5.7192358399999526,77.25617324342117,55.6084845196669,-21.64768872375427,5.832174413785473,42.63250568849878,23.834894592459726,-18.797611096039056,6.0431186787803854
escs_cc,CHL,36,415.92898412918623,425.9173682197684,9.988384090582144,5.3150909893648475,440.70786418612823,440.3610018765786,-0.3468623095496355,4.885020397772161,457.2440103457435,460.62936043476583,3.3853500890223245,5.302804095086739,495.25559717794596,500.27934572041704,5.023748542471083,5.1408210578912765,24.77888005694208,14.443633656810203,-10.335246400131876,6.00793204489981,41.31502621655732,34.71199221499754,-6.603034001559784,6.700503640173915,79.3266130487597,74.36197750064873,-4.964635548110962,7.357833191240286,16.536146159615242,20.268358558187334,3.7322123985720914,6.35246772352338,54.5477329918176,59.91834384383852,5.370610852020924,5.86890031781498,38.011586832202354,39.6499852856512,1.6383984534488434,6.491203548986796
escs_cc,COL,36,378.07795963133856,385.70956540271584,7.631605771377281,4.6284406952402,400.6069658472196,414.2733813056581,13.666415458438507,5.390843384948305,418.30570102667934,436.55446870846544,18.24876768178609,6.569902858117056,467.5704488772811,482.5571870563057,14.986738179024599,9.504668783579824,22.529006215881047,28.563815902942263,6.034809687061216,5.9432877082758075,40.227741395340765,50.844903305749554,10.61716191040879,7.11407326715836,89.49248924594248,96.84762165358981,7.355132407647332,10.780935543505613,17.698735179459714,22.281087402807294,4.582352223347581,5.53995209988218,66.96348303006144,68.28380575064755,1.3203227205861054,9.738594196735539,49.26474785060171,46.00271834784026,-3.2620295027614503,8.892797548419953
escs_cc,CZE,36,441.02657544929025,456.56577759739486,15.539202148104607,5.029046289864745,495.46171683084276,489.324637817916,-6.137079012926733,4.619387929522198,514.9809678066515,514.1127492310967,-0.8682185755548062,4.963874821098851,560.2766372058619,547.3689401838851,-12.907697021976787,5.9228841516501864,54.43514138155251,32.75886022052123,-21.676281161031284,5.710510043293636,73.95439235736114,57.546971633701915,-16.40742072365923,5.9624686455452265,119.25006175657165,90.80316258649025,-28.44689917008141,7.87578297397579,19.51925097580864,24.788111413180683,5.2688604373720445,5.619595115833465,64.81492037501917,58.044302365969045,-6.770618009050125,6.4131703842995895,45.295669399210524,33.256190952788344,-12.03947844642218,6.613938462908681
escs_cc,DEU,36,457.3279515537427,456.7113313189096,-0.6166202348331353,5.91211866246212,493.68696976411286,502.85806500572727,9.17109524161441,6.773068237911965,520.5690170795101,533.3848996655166,12.815882586006524,6.671656957999529,570.1805603488044,572.9598654658746,2.77930511707018,5.871308608222909,36.35901821037019,46.14673368681777,9.78771547644758,7.206199337712139,63.241065525767496,76.67356834660707,13.432502820839574,7.6175857297454295,112.85260879506168,116.24853414696508,3.3959253519034007,7.999457105029053,26.882047315397312,30.526834659789294,3.6447873443919825,7.492727075141527,76.49359058469152,70.1018004601473,-6.391790124544215,7.797521085287385,49.6115432692942,39.57496580035801,-10.036577468936194,6.881810468162402
escs_cc,DNK,36,459.31522912805974,457.2599793952936,-2.0552497327661285,5.171817087580634,485.216030868113,481.69499247240736,-3.5210383957056592,5.7256351270198245,518.0548666264552,515.0721283778751,-2.9827382485801763,6.152938703193772,532.9769249786248,520.9018345252126,-12.075090453412145,6.477345282663231,25.900801740053357,24.435013077113712,-1.4657886629396444,6.844339365097334,58.739637498395496,57.81214898258143,-0.9274885158140691,6.6201953383127705,73.66169585056498,63.64185512991899,-10.019840720645995,8.15124517160198,32.838835758342135,33.37713590546771,0.5383001471255753,7.927788954763347,47.76089411051163,39.20684205280527,-8.554052057706357,7.790174839802069,14.922058352169495,5.829706147337561,-9.092352204831935,8.475833255098662
escs_cc,ESP,36,453.2197531745742,450.38283094195185,-2.836922232622328,3.4542859254066394,475.96378079227577,476.31929557878885,0.35551478651308344,3.46974781614562,499.540458150374,504.1120476248132,4.571589474439236,2.993932418492154,529.5548858005073,517.8638616169388,-11.691024183568516,3.2591290212976807,22.74402761770155,25.936464636836877,3.192437019135326,3.851680626089518,46.32070497579973,53.72921668286138,7.408511707061649,3.8774268057281556,76.33513262593306,67.48103067498703,-8.854101950946031,4.296156298230643,23.576677358098173,27.792752046024493,4.216074687926319,3.2626248409894343,53.59110500823151,41.54456603815015,-12.046538970081357,3.965904603531931,30.01442765013333,13.751813992125658,-16.262613658007673,3.589995361025636
escs_cc,EST,36,494.0222914233329,495.71300366972565,1.6907122463927635,4.449715823642371,515.4443755083271,520.4275761298327,4.983200621505603,4.574519542354249,540.326013429506,553.2497297932592,12.923716363753215,4.705361958440536,570.1133876707412,563.0138399952364,-7.099547675504823,4.988011764481689,21.422084084994157,24.71457246010716,3.2924883751130025,5.70237221267188,46.30372200617303,57.536726123533654,11.233004117360622,5.594752642370198,76.09109624740825,67.3008363255108,-8.790259921897444,6.55782726562217,24.88163792117888,32.82215366342649,7.940515742247612,5.641140022073262,54.66901216241409,42.58626386540364,-12.082748297010454,5.75118877500915,29.787374241235216,9.764110201977143,-20.023264039258073,5.395695859731743
escs_cc,FIN,36,475.951528238221,479.24785981603384,3.2963315778128504,4.501193258727173,500.62115396103235,505.43620991272155,4.815055951689203,4.506409218118137,531.5264374416292,538.4825850468162,6.95614760518697,4.782082624115994,563.6441961012547,553.0092101422804,-10.634985958974312,4.614017691794181,24.669625722811343,26.188350096687763,1.5187243738764202,5.24454701605361,55.574909203408254,59.23472523078249,3.6598160273742337,5.538277130376105,87.69266786303368,73.76135032624654,-13.931317536787134,5.876511303256928,30.90528348059691,33.04637513409472,2.1410916534978064,5.375907051042843,63.02304214022236,47.573000229558794,-15.450041910663565,5.4394239794783905,32.11775865962544,14.526625095464079,-17.59113356416136,5.679059758763894
escs_cc,FRA,36,441.5497440936486,462.30638297708737,20.756638883438768,5.424452721605723,481.17163387812053,490.8048283444965,9.633194466375983,5.206914707720058,514.6725629066661,523.6364696491821,8.963906742515974,6.306132874678703,557.4989067015456,550.7056870188751,-6.793219682670497,5.347944070005773,39.621889784472,28.498445367409158,-11.123444417062846,6.0180293367177535,73.12281881301757,61.33008667209479,-11.792732140922787,7.083547857034855,115.9491626078971,88.39930404178776,-27.549858566109336,6.627280246955824,33.50092902854558,32.83164130468562,-0.6692877238599593,6.527412051959571,76.32727282342508,59.900858674378604,-16.426414149046472,6.002444776659145,42.82634379487949,27.06921736969298,-15.757126425186513,5.917316157330621
escs_cc,GBR,36,471.726999048411,490.29661179839366,18.56961274998264,5.169162701568074,498.16819692103593,521.4395843956277,23.271387474591734,5.303172826400924,516.8565855145979,541.6519240770896,24.79533856249168,5.338357603085515,565.2663092779319,569.90026183663,4.63395255869807,6.536950067324825,26.441197872624876,31.142972597233957,4.701774724609081,6.8688248718334295,45.12958646618692,51.35531227869592,6.225725812508998,6.922198358495136,93.5393102295208,79.60365003823627,-13.935660191284526,8.109563958527373,18.688388593562042,20.21233968146197,1.5239510878999276,6.493474387556629,67.09811235689591,48.460677441002304,-18.637434915893607,7.625469957957187,48.409723763333865,28.248337759540334,-20.16138600379353,6.8208299839839714
escs_cc,GRC,36,409.52043977820654,407.8597385907498,-1.6607011874567092,6.176056034118119,430.68146467173193,432.2001920652227,1.518727393490792,4.461963960437368,456.10882437042255,463.295680019591,7.186855649168422,5.842112853548133,491.16389996911187,482.6454909180943,-8.518409051017557,5.328184540259935,21.161024893525358,24.34045347447285,3.1794285809474907,6.686673128526704,46.58838459221605,55.435941428841055,8.847556836625003,6.76777571766802,81.64346019090533,74.7857523273444,-6.8577078635609325,7.143583280833847,25.42735969869069,31.095487954368206,5.668128255677516,5.864655767068241,60.48243529737998,50.445298852871574,-10.037136444508405,5.8506674515489685,35.055075598689285,19.349810898503364,-15.705264700185921,6.022536915580925
escs_cc,HUN,36,429.36988074245664,439.99726790484544,10.6273871623888,5.731464562447647,474.45970719550587,477.10094866580175,2.6412414702958813,5.308025326473141,509.95228872337776,505.36744473851115,-4.584843984866609,5.485894305059789,552.6001830283387,538.2630661384997,-14.33711688983908,6.063773648897227,45.08982645304921,37.10368076095639,-7.986145692092826,6.682623982183517,80.58240798092109,65.37017683366568,-15.212231147255409,7.446688233892289,123.23030228588209,98.26579823365425,-24.964504052227838,8.345068586084341,35.49258152787188,28.266496072709288,-7.22608545516259,5.9957028106021575,78.14047583283288,61.162117472697865,-16.97835836013501,7.277252480263539,42.647894304960985,32.895621399988585,-9.7522729049724,6.313988316372241
escs_cc,IRL,36,469.6168063347676,473.71708930537426,4.100282970606656,4.410619596572817,492.81757505216336,495.49559284276836,2.678017790604997,4.920024018560232,517.9170010741557,522.0495413562587,4.132540282103037,4.262535117924396,546.2949092585986,542.3667151100484,-3.928194148550233,4.795588005562917,23.200768717395636,21.77850353739415,-1.4222651800014852,5.812802131379481,48.30019473938792,48.33245205088454,0.03225731149662181,5.646728131574169,76.67810292383099,68.64962580467427,-8.028477119156719,5.708816808065231,25.099426021992286,26.55394851349039,1.4545224914981034,5.904605340640181,53.47733420643535,46.871122267280114,-6.606211939155237,5.895972505040055,28.37790818444306,20.317173753789724,-8.060734430653337,5.449383809621871
escs_cc,ISL,36,412.1647722236935,429.716471385051,17.551699161357533,5.116764949611519,449.8813878732208,458.9373075609575,9.055919687736719,5.210613252595248,465.31073542477225,478.00477697794474,12.694041553172497,5.179200486742379,493.0724912069827,489.8625147515812,-3.2099764554014882,5.285199446453545,37.71661564952732,29.2208361759065,-8.495779473620821,7.381453196289114,53.145963201078736,48.288305592893764,-4.857657608184972,7.085196848390201,80.90771898328919,60.14604336653015,-20.761675616759035,7.8265371307271,15.429347551551421,19.06746941698726,3.6381218654358403,7.236376834706691,43.19110333376187,30.925207190623638,-12.265896143138235,7.133813033004987,27.76175578221045,11.857737773636376,-15.904018008574074,7.20982679721192
escs_cc,ISR,36,418.0017216353857,430.19986620524423,12.198144569858528,6.180745845053978,461.0162323331068,476.81704614767887,15.800813814572052,7.626719438023475,504.0059328765175,501.2533283244267,-2.7526045520907587,7.839451794450364,534.6993143526204,516.2171788842298,-18.48213546839054,6.247900214778259,43.01451069772116,46.617179942434625,3.602669244713468,8.072896577426866,86.00421124113169,71.05346211918248,-14.950749121949201,9.079203197550564,116.69759271723467,86.01731267898549,-30.68028003824918,8.15039283331112,42.989700543410514,24.436282176747852,-18.55341836666266,8.562541931076778,73.68308201951352,39.40013273655087,-34.28294928296265,8.800672505723611,30.693381476103006,14.963850559803017,-15.72953091629999,7.822026488951246
escs_cc,ITA,36,438.0927772754495,453.01890872360656,14.926131448157037,4.973979065187137,471.973392880754,485.31351311755805,13.340120236804069,5.235931682916228,490.71820610543665,503.1133964517905,12.395190346353843,5.488028601891063,523.2575077912179,528.9109315766506,5.653423785432665,6.009289394908688,33.8806156053045,32.29460439395156,-1.5860112113529397,6.092697172501697,52.625428829987165,50.094487728184006,-2.5309411018031582,6.688619363840313,85.16473051576847,75.89202285304388,-9.272707662724585,6.996247365082747,18.744813224682666,17.79988333423244,-0.9449298904502257,5.4916261468810434,51.28411491046397,43.59741845909233,-7.686696451371638,6.680554006685751,32.53930168578131,25.797535124859888,-6.741766560921423,5.465858284689235
escs_cc,JPN,36,514.4900963434761,509.1749232842332,-5.315173059242909,6.923603537437015,542.0650644108289,535.8521599478552,-6.212904462973711,5.636562770458953,561.5027026456246,559.7964658006309,-1.7062368449936685,6.1928855906088,585.924816293538,579.5021345838616,-6.4226817096764535,6.279943280282567,27.57496806735286,26.677236663621976,-0.8977314037308837,6.7384983478289415,47.01260630214851,50.62154251639775,3.6089362142492405,8.01887943438427,71.43471995006192,70.32721129962847,-1.107508650433445,9.011668988968736,19.437638234795656,23.944305852775777,4.506667617980121,6.1388233200005855,43.859751882709055,43.64997463600649,-0.20977724670256492,7.30860460746527,24.4221136479134,19.705668783230713,-4.7164448646826855,5.726583978058816
escs_cc,KOR,36,494.3807556596239,499.6507607440467,5.270005084422792,6.519878835584671,521.7495646667214,535.0965325533056,13.346967886584139,6.811771349651097,540.9410594510226,554.3622045743198,13.421145123297151,6.611829408572822,573.1110920920607,567.4206947769758,-5.690397315084965,6.978087953887749,27.368809007097553,35.44577180925891,8.076962802161354,6.7585795213650925,46.56030379139877,54.71144383027314,8.151140038874367,8.106003144544987,78.73033643243699,67.76993403292904,-10.960402399507942,8.797769777565016,19.19149478430122,19.265672021014232,0.07417723671301246,7.666307128515285,51.36152742533941,32.324162223670136,-19.037365201669274,8.789161745245982,32.17003264103819,13.0584902026559,-19.11154243838229,8.093590847281238
escs_cc,LTU,36,449.7727594465371,470.92234260048616,21.149583153949038,5.061129461439442,480.5961523217887,496.9542244760008,16.358072154212095,5.07331550596888,506.02984098875487,526.5866318855394,20.55679089678455,5.12047475873357,538.8340821891168,535.6868888370769,-3.147193352039835,6.029368754789987,30.823392875251557,26.031881875514593,-4.791510999736964,5.993459314157985,56.25708154221773,55.66428928505337,-0.592792257164362,6.7000702351008306,89.06132274257979,64.76454623659079,-24.296776505989,7.393423328778888,25.43368866696618,29.63240740953878,4.1987187425725985,6.416173198681742,58.23792986732825,38.73266436107618,-19.505265506252066,6.4528289527231735,32.804241200362064,9.100256951537403,-23.70398424882466,6.209777057186194
escs_cc,LVA,36,464.28626631161177,457.0106284863796,-7.275637825232195,5.061005167508494,486.2146533438948,482.70470950063657,-3.5099438432582133,5.210340668369927,510.9543229009144,503.07310645699897,-7.881216443915434,5.038177290825106,537.7141909073687,515.4518870173216,-22.262303890047065,4.706074131289445,21.928387032283023,25.694081014256987,3.765693981973964,6.0305827742605205,46.66805658930254,46.062477970619355,-0.6055786186831824,6.193624079738616,73.4279245957568,58.44125853094204,-14.98666606481477,6.588474000720446,24.739669557019518,20.368396956362368,-4.37127260065715,6.256027686835329,51.499537563473794,32.747177516685056,-18.752360046788738,6.643290940827323,26.75986800645427,12.37878056032269,-14.381087446131579,6.782474325586856
escs_cc,MEX,36,382.9356459945324,389.80606175250426,6.870415757971841,3.6729058095047487,400.133617943588,410.829637914218,10.696019970630005,4.1190090214732225,416.82008091935876,427.54143896473727,10.721358045378508,5.024538158620319,450.3771329902347,455.33498934210604,4.957856351871328,5.887966437892923,17.197971949055507,21.023576161713663,3.825604212658156,4.473270996031561,33.88443492482639,37.73537721223291,3.850942287406525,5.360154562788932,67.4414869957023,65.52892758960165,-1.9125594061006552,6.71866453453741,16.686462975770883,16.71180105051925,0.025338074748365358,5.213780131478559,50.24351504664678,44.50535142788799,-5.73816361875879,6.829283896442533,33.5570520708759,27.793550377368735,-5.763501693507163,6.09856943999592
escs_cc,NLD,36,451.28629190583933,460.2231533067863,8.936861400946952,6.369108998017781,476.3605068259121,491.73080130285155,15.37029447693942,7.278091377807059,520.5322776811145,527.2168765242488,6.684598843134381,6.453950587940507,557.6388772793797,551.539594789849,-6.099282489530651,5.82134008271547,25.0742149200728,31.507647996065238,6.433433075992436,7.166074012963895,69.24598577527516,66.99372321746253,-2.252262557812628,8.494395440535685,106.35258537354044,91.31644148306275,-15.036143890477689,8.533661474844445,44.17177085520235,35.48607522139728,-8.685695633805068,7.6555963326474314,81.27837045346763,59.80879348699752,-21.469576966470107,8.289118885863486,37.10659959826528,24.322718265600237,-12.78388133266504,7.088263165588332
escs_cc,NOR,36,446.6647941382909,443.32325900452145,-3.3415351337694688,4.644434169342658,474.4213963810278,480.81173452843586,6.390338147408045,5.285312064619403,500.31266693216804,504.7932725613292,4.480605629161175,4.746398681278459,530.9302985196784,516.5277218996578,-14.402576620020682,5.094596275571444,27.756602242736886,37.48847552391446,9.731873281177574,6.217192392691258,53.647872793877106,61.47001355680777,7.822140762930665,6.387655922000765,84.26550438138754,73.20446289513649,-11.061041486251057,6.440286230188726,25.891270551140224,23.981538032893326,-1.9097325182468978,5.979220321088619,56.50890213865065,35.71598737122203,-20.79291476742862,6.497731910329897,30.617631587510424,11.734449338328698,-18.883182249181726,5.992919044746238
escs_cc,NZL,36,466.74268289384884,487.7689640459272,21.026281152078354,6.010537487609659,509.19703632076937,521.8209048971383,12.623868576368977,5.3111419584103015,534.0522989254172,553.7756528667389,19.72335394132176,5.21982879563135,564.0151606248376,573.2243700618623,9.209209437024697,5.101149310889756,42.45435342692055,34.05194085121114,-8.402412575709405,7.177632461555304,67.30961603156842,66.00668882081172,-1.3029272107567067,7.578401324376292,97.27247773098891,85.45540601593503,-11.817071715053885,7.758027476091166,24.85526260464788,31.954747969600568,7.099485364952688,7.0611177237293345,54.81812430406835,51.403465164723876,-3.4146591393444723,7.212587026107526,29.96286169942048,19.44871719512331,-10.514144504297168,7.355005756000024
escs_cc,POL,36,461.45132922399887,468.10538726534134,6.654058041342466,4.568794073244354,492.82377344007165,494.81733244854286,1.993559008471209,5.084306706833784,518.6882641748327,527.9611379613091,9.272873786476339,5.682858849856928,554.7856089169336,550.0692903008977,-4.716318616035892,4.850644783086801,31.37244421607279,26.71194518320135,-4.660499032871439,5.427816292980015,57.23693495083394,59.855750695967615,2.6188157451336735,6.798875568044372,93.3342796929348,81.96390303555627,-11.370376657378529,6.805563579172794,25.864490734761155,33.14380551276627,7.279314778005116,5.794862412628459,61.96183547686201,55.25195785235492,-6.709877624507087,6.372872761017053,36.097344742100844,22.10815233958865,-13.989192402512195,5.671096522368511
escs_cc,PRT,36,448.144720350066,448.0942485267634,-0.05047182330258693,5.192236706986709,471.6511251731522,480.58049497034335,8.929369797191157,6.020276042929032,496.97653430323555,510.77800991232345,13.801475609087902,6.443289554980614,539.055882067531,539.9857982147036,0.9299161471725483,4.917029526219441,23.50640482308622,32.48624644357999,8.979841620493765,5.933745469156182,48.83181395316949,62.683761385560025,13.851947432390538,6.387640435396817,90.91116171746505,91.89154968794008,0.9803879704750358,6.903967037783969,25.325409130083262,30.19751494198004,4.872105811896777,5.756931081038793,67.4047568943788,59.405303244360105,-7.999453650018701,6.942818270045342,42.079347764295555,29.20778830238006,-12.871559461915496,6.735459584134031
escs_cc,SVK,36,399.71875531802203,437.625251908104,37.906496590081986,6.650663497881684,462.0123632152084,473.98525291095194,11.97288969574356,5.498635626059254,489.85393480899955,504.90781247399934,15.053877664999789,5.119711067395325,532.0864211670205,541.7368243133749,9.650403146354392,6.375847096552184,62.293607897186476,36.360001002848,-25.933606894338475,7.139243602996472,90.1351794909776,67.2825605658954,-22.85261892508221,7.665420375809345,132.36766584899846,104.1115724052709,-28.25609344372755,9.285514455448398,27.841571593791134,30.922559563047383,3.080987969256249,6.635539810899303,70.07405795181198,67.75157140242291,-2.322486549389069,7.736296830698664,42.23248635802085,36.829011839375525,-5.403474518645325,6.074057605638869
escs_cc,SVN,36,458.05753805227926,459.6382463464803,1.580708294201031,4.506206584536977,488.87234269277167,484.15862343151394,-4.713719261257722,4.441591034700627,518.5993492036102,522.9159118173386,4.316562613728365,4.270609284460772,550.4889617003539,532.0517721962791,-18.43718950407481,4.489388716505362,30.81480464049249,24.52037708503364,-6.294427555458849,6.0775872759252,60.5418111513311,63.277665470858324,2.7358543195272205,6.270352095010173,92.4314236480747,72.41352584979889,-20.01789779827581,6.464683331635202,29.727006510838606,38.75728838582468,9.030281874986073,6.0269936065012,61.6166190075822,47.893148764765236,-13.723470242816965,6.344597039241098,31.8896124967436,9.13586037894056,-22.75375211780304,6.336965678280056
escs_cc,SWE,36,449.33229152195497,450.70472909162874,1.3724375696737638,4.959312232508044,484.04413799317007,493.03993932080346,8.995801327633387,4.92747893793539,523.2059624707116,530.884275195144,7.6783127244324305,5.432302203054085,558.4812435821976,542.3510316539919,-16.130211928205767,5.52363328575929,34.71184647121513,42.33521022917473,7.623363757959595,5.852272261025258,73.87367094875664,80.17954610351526,6.305875154758624,6.422753588912996,109.14895206024275,91.64630256236309,-17.50264949787966,7.1152769597939,39.16182447754151,37.844335874340544,-1.3174886032009638,6.01043628252762,74.43710558902762,49.31109233318836,-25.12601325583926,6.748090303169384,35.275281111486116,11.466756458847817,-23.808524652638297,6.050297775631734
escs_cc,TUR,36,447.71682523292355,467.4651367046974,19.74831147177383,4.489131745189337,463.34036178231736,490.35653912723683,27.01617734491947,4.008336655881753,475.92647278210836,502.82559999887826,26.899127216769898,5.077835082169229,522.1692513309288,549.9760317110115,27.806780380082728,4.914267837751331,15.623536549393794,22.89140242253951,7.267865873145716,5.183338645935696,28.209647549184677,35.360463294180946,7.150815744996269,6.248740616995454,74.45242609800513,82.51089500631409,8.058468908308953,6.760777170629987,12.586110999790884,12.469060871641437,-0.11705012814944737,5.187648358739706,58.82888954861134,59.61949258377458,0.7906030351632367,6.017486357962793,46.24277854882047,47.150431712133134,0.9076531633126663,6.277762838809204
escs_cc,USA,36,456.40946747773177,467.263570883082,10.854103405350259,7.988708449120939,487.78232548695394,493.35127553290494,5.568950045950999,8.566586287920952,515.5879424849707,526.1769471587891,10.589004673818408,15.125593246246835,563.8384098167056,567.4219215415458,3.5835117248401502,16.23421002609111,31.372858009222256,26.087704649822875,-5.285153359399381,9.944686341180056,59.17847500723879,58.91337627570685,-0.2650987315319355,15.085226917417144,107.42894233897394,100.15835065846366,-7.270591680510279,17.065996204197226,27.805616998016536,32.82567162588397,5.0200546278674345,15.421375922398582,76.05608432975166,74.0706460086408,-1.9854383211108626,16.771283045051042,48.25046733173512,41.24497438275681,-7.005492948978315,13.143355104653955
escs_cc,OECD,36,448.47231037762697,457.7603769677363,9.288066590109338,0.8554673651904046,479.80598973100757,488.29264758158297,8.486657850575398,0.9830562315290788,506.7067642184812,515.8820148096245,9.175250591143254,0.8842739126445801,542.2051499567671,537.9661301718966,-4.239019784870493,1.0250481954543098,31.333679353380706,30.53227061384677,-0.8014087395339367,1.0722309509341215,58.23445384085429,58.1216378418883,-0.11281599896599204,1.104715296686919,93.73283957914005,80.20575320416025,-13.527086374979802,1.3368941776383776,26.900774487473587,27.58936722804153,0.6885927405679446,1.028774463992655,62.39916022575933,49.67348259031347,-12.725677635445862,1.1484021985145458,35.498385738285755,22.084115362271937,-13.414270376013818,1.151676760962268
escs_h_cc,AUS,36,466.43454148237254,475.9657363790032,9.531194896630666,4.114692780388679,497.86766770978363,510.56755999940367,12.699892289620038,3.8853440174721787,534.0787610886256,541.3136014161518,7.234840327526172,3.8476282908537955,557.2156069028233,558.2826115015296,1.0670045987062622,4.09169082529263,31.43312622741115,34.60182362040048,3.16869739298933,4.937254616363008,67.64421960625305,65.34786503714861,-2.2963545691044374,5.240147355125011,90.78106542045089,82.31687512252633,-8.46419029792456,5.550770409589683,36.21109337884188,30.746041416748124,-5.4650519620937565,4.409995413660682,59.347939193039736,47.71505150212584,-11.632887690913897,4.90718788767465,23.13684581419785,16.969010085377715,-6.167835728820137,4.088720644017156
escs_h_cc,AUT,36,444.10692178930503,458.5425787684024,14.43565697909736,5.736379694451044,486.99260716817923,500.4745958613777,13.481988693198446,5.007447239835092,522.8637527873103,529.4847784065411,6.62102561923075,4.939223940056561,551.9997192699328,557.1635707631243,5.163851493191487,4.738295329823022,42.88568537887423,41.932017092975244,-0.9536682858989849,6.69061647174281,78.75683099800531,70.94219963813865,-7.814631359866667,6.092779251892578,107.89279748062779,98.62099199472188,-9.271805485905915,6.743987377362739,35.87114561913107,29.010182545163406,-6.860963073967664,5.928983437270962,65.00711210175356,56.68897490174663,-8.31813720000693,5.808488038795349,29.135966482622486,27.678792356583223,-1.4571741260392628,5.298077412504382
escs_h_cc,BEL,36,444.6663441162623,466.39419331320534,21.727849196943055,5.104587374415821,482.8246599538103,500.5458988994293,17.721238945619007,4.723252099322071,523.1021272732197,535.1548229085818,12.052695635362056,5.1331643601985055,548.8745169736186,557.3251479511716,8.450630977553033,4.811504758921297,38.15831583754793,34.15170558622393,-4.006610251323998,5.797837160768468,78.43578315695746,68.76062959537633,-9.675153561581126,6.391733814920614,104.20817285735635,90.93095463796631,-13.277218219390036,6.6183293170344895,40.27746731940951,34.60892400915238,-5.668543310257128,5.507993959258904,66.0498570198084,56.77924905174238,-9.270607968066017,5.847882538586532,25.7723897003989,22.17032504259,-3.6020646578088993,5.542396023177965
escs_h_cc,CAN,36,486.9844275025377,488.73226629596684,1.747838793429139,3.561988511564572,511.4737699792473,519.7577177720063,8.283947792759022,3.7657672936271713,535.9937190287527,542.1248354401705,6.131116411417793,3.397004690073206,553.7775778489756,554.2275806700999,0.45000282112425793,4.289341608467392,24.48934247670956,31.0254514760395,6.53610899932994,4.544575925995741,49.00929152621508,53.39256914420359,4.383277617988512,4.268118870565383,66.79315034643787,65.49531437413296,-1.2978359723049095,5.186274741954511,24.519949049505517,22.3671176681641,-2.152831381341418,4.044511376458476,42.303807869728296,34.46986289809346,-7.8339449716348355,4.695062733741954,17.783858820222783,12.10274522992936,-5.681113590293423,4.399011062700965
escs_h_cc,CHE,36,458.1291447284407,468.0539011728192,9.924756444378545,5.258556456843906,494.53315826287405,506.80862120602814,12.275462943154082,4.873882723489319,529.3998753711041,538.9348104456868,9.534935074582677,5.318108148228145,563.1293572221919,567.7047858834237,4.575428661231854,4.774961494339248,36.40401353443331,38.75472003320897,2.350706498775658,5.959041567580648,71.27073064266331,70.88090927286763,-0.3898213697956834,6.600239019460395,105.00021249375115,99.65088471060453,-5.34932778314662,6.976093101406598,34.86671710823,32.12618923965866,-2.7405278685713412,5.447313988900794,68.59619895931785,60.896164677395575,-7.700034281922271,5.966700974907765,33.72948185108784,28.76997543773691,-4.95950641335093,6.29704068874756
escs_h_cc,CHL,36,419.4277344292341,421.54634734815926,2.11861291892518,5.468554975173834,440.4201179125177,442.38394871923555,1.9638308067178514,5.337794428422832,455.20543817366934,459.7636870264175,4.558248852748136,5.308671544825671,494.06584557725637,503.508530980149,9.442685402892607,5.240406052211516,20.99238348328361,20.83760137107627,-0.1547821122073394,6.735784173348701,35.77770374443524,38.21733967825815,2.439635933822906,6.969817282240267,74.63811114802233,81.96218363198959,7.324072483967257,7.655681151928368,14.785320261151634,17.379738307181878,2.5944180460302437,6.914695435027827,53.645727664738715,61.12458226091333,7.478854596174614,5.848466160153561,38.86040740358708,43.74484395373144,4.884436550144358,6.849153032679314
escs_h_cc,COL,36,379.7825960376975,385.3340396012109,5.5514435635134305,4.6202623607404165,400.5664637356574,414.8199709914911,14.25350725583371,5.234940297095013,418.3758927197171,435.139084170073,16.763191450355862,6.893759500567451,465.82563605229535,483.7756547676405,17.950018715345152,9.224149409741113,20.783867697959955,29.485931390280193,8.702063692320237,5.801010547417413,38.593296682019606,49.80504456886211,11.211747886842502,7.269829763218609,86.04304001459795,98.44161516642957,12.398575151831622,10.326307038872585,17.80942898405965,20.319113178581915,2.509684194522265,6.111482420343587,65.259172316638,68.9556837761494,3.696511459511399,9.519522646939379,47.44974333257834,48.63657059756748,1.1868272649891338,8.7141959293255
escs_h_cc,CZE,36,446.63838802089606,454.2216456197725,7.5832575988764575,5.288723869411354,493.96783848559227,489.14546633314575,-4.822372152446519,4.360549054050534,515.3787409927545,514.1014324999235,-1.2773084928310254,5.25946704910134,555.7736705893284,549.8825818106304,-5.891088778697963,5.93725606920765,47.32945046469623,34.92382071337321,-12.40562975132302,5.821129380912811,68.74035297185841,59.879786880151,-8.860566091707412,6.237553937257332,109.13528256843237,95.66093619085795,-13.47434637757442,8.114084232653095,21.410902507162188,24.955966166777802,3.5450636596156144,5.559172561454941,61.80583210373616,60.73711547748475,-1.0687166262514083,6.433059156692507,40.39492959657397,35.78114931070694,-4.61378028586703,7.050318845662002
escs_h_cc,DEU,36,459.62492339142466,455.21520467125936,-4.409718720165301,6.087268774783342,495.1975267254596,503.96023676634775,8.762710040888123,6.321429664178749,522.9317072274628,531.4930460009862,8.561338773523403,6.677971579367278,564.0447980817659,575.2529036164253,11.208105534659467,6.082663987047504,35.57260333403505,48.74503209508835,13.172428761053297,7.095740481996737,63.30678383603824,76.27784132972663,12.971057493688384,7.3387431521984166,104.41987469034117,120.0376989451659,15.617824254824725,8.1650330663271,27.73418050200319,27.532809234638286,-0.2013712673649053,7.297141728917049,68.84727135630612,71.29266685007758,2.445395493771457,7.966462599661349,41.11309085430294,43.759857615439294,2.6467667611363552,6.746886808465024
escs_h_cc,DNK,36,460.3075039627362,457.35258932409295,-2.9549146386432312,4.960002884616359,493.42504396072565,479.9032129190053,-13.521831041720361,5.907834761069189,517.7384912280447,514.4161079161834,-3.3223833118613584,5.752453012659105,524.0633613788721,523.2608792082924,-0.8024821705796512,5.842193462557658,33.11753999798941,22.55062359491227,-10.56691640307714,6.695544193514974,57.43098726530864,57.06351859209044,-0.3674686732181982,6.706751073280182,63.75585741613601,65.90828988419932,2.15243246806331,7.569235700889586,24.313447267319226,34.51289499717817,10.199447729858946,6.9987719954119445,30.638317418146595,43.35766628928705,12.719348871140458,7.225927244019026,6.324870150827371,8.844771292108884,2.5199011412815135,7.351310900130422
escs_h_cc,ESP,36,455.0158216161577,447.7725711869638,-7.2432504291939495,3.53841843210738,477.74626561602764,475.2986327698356,-2.4476328461920502,3.415554498341632,501.1620518846893,502.65865110126396,1.4965992165746798,3.163301870879296,524.3602940716264,522.9541879150851,-1.406106156541341,3.258489021744363,22.73044399986991,27.52606158287179,4.7956175830018815,3.967767787700003,46.146230268531625,54.886079914300254,8.73984964576863,3.9104113996322,69.34447245546872,75.18161672812118,5.837144272652466,4.41332522767,23.415786268661712,27.36001833142846,3.9442320627667478,3.342408477786793,46.6140284555988,47.655555145249394,1.0415266896505955,4.064050148903063,23.198242186937087,20.295536813820934,-2.9027053731161523,3.7901307651050646
escs_h_cc,EST,36,497.2140477118827,493.9181801992264,-3.2958675126562866,4.521933025449279,515.7847832616783,521.1673814917932,5.382598230114922,4.971774753842011,539.923565630919,551.0694976311871,11.14593200026809,4.37516962020913,566.9772300702614,566.2373694792882,-0.7398605909731941,5.049397588939359,18.570735549795454,27.249201292566745,8.67846574277129,6.103786677051626,42.70951791903626,57.151317431960706,14.441799512924447,5.485582808867113,69.76318235837859,72.3191892800617,2.556006921683121,6.600364084258498,24.1387823692408,29.902116139393957,5.763333770153157,5.568360488658976,51.19244680858312,45.06998798749496,-6.122458821088159,5.965415064263119,27.05366443934232,15.167871848101004,-11.885792591241316,5.596237189295908
escs_h_cc,FIN,36,480.67137009339666,476.57074481355556,-4.100625279841097,4.5174353506899685,500.68814971576376,506.546469763712,5.858320047948268,4.574514040601096,533.4352444024186,535.0662994431328,1.6310550407142728,4.78391182405828,556.9591593076564,558.0067290434736,1.0475697358172056,4.529010117907288,20.01677962236709,29.97572495015647,9.95894532778938,5.265071400054287,52.763874309021936,58.4955546295772,5.731680320555263,5.551786347940168,76.28778921425969,81.43598422991795,5.14819501565826,5.664369497310163,32.74709468665485,28.519829679420734,-4.227265007234113,5.843205301582824,56.27100959189261,51.4602592797615,-4.8107503121311055,5.334942377954708,23.523914905237756,22.940429600340757,-0.5834853048969997,5.509328956257305
escs_h_cc,FRA,36,444.6870941161683,460.42394513168693,15.736851015518653,5.438481079911708,484.28077213974166,492.2568053878023,7.976033248060617,4.971866483826937,514.5184157187639,521.8516046806536,7.333188961889732,6.542789756626751,551.3393047231907,552.9381488894273,1.5988441662366313,5.590933002187925,39.593678023573474,31.83286025611534,-7.760817767458136,5.988630828491187,69.83132160259547,61.42765954896663,-8.403662053628835,6.821856496388214,106.65221060702243,92.51420375774049,-14.138006849281936,6.905211200527311,30.237643579021995,29.594799292851285,-0.6428442861707104,6.500381817191384,67.05853258344897,60.68134350162516,-6.377189081823808,6.461081569782492,36.82088900442697,31.086544208773866,-5.734344795653101,6.651855454861231
escs_h_cc,GBR,36,477.78418627179144,489.8382016008926,12.054015329101162,5.392494938016747,495.69045893775626,518.6217466801836,22.931287742427344,5.106444340669729,524.4290218631909,544.4389786562868,20.009956793095967,5.670604550073691,554.0912540325286,570.4233969531558,16.332142920627234,6.163364787055956,17.90627266596485,28.783545079291066,10.877272413326217,6.88288791920391,46.6448355913994,54.60077705539436,7.955941463994961,7.191525257232277,76.30706776073718,80.5851953522633,4.278127591526115,7.965424225637309,28.738562925434547,25.81723197610329,-2.9213309493312565,6.8317376785372845,58.40079509477234,51.801650272972225,-6.599144821800117,7.353287141969607,29.662232169337802,25.98441829686893,-3.677813872468871,6.431600672557072
escs_h_cc,GRC,36,412.73598200134495,406.18044142777666,-6.555540573568294,5.824995895461992,431.34077700063636,432.6890554435777,1.3482784429413073,5.103684944418627,457.42313794638466,462.169766374206,4.746628427821349,5.705370980905086,485.96703976997213,484.9558928182593,-1.011146951712817,5.66536045850551,18.60479499929147,26.508614015800976,7.903819016509505,7.003227868350151,44.68715594503976,55.989324946429406,11.302169001389643,6.364654926734518,73.2310577686272,78.77545139048262,5.54439362185542,7.614911117399215,26.08236094574829,29.48071093062843,3.398349984880138,6.10818120096149,54.626262769335725,52.26683737468163,-2.359425394654096,6.07996044601587,28.54390182358743,22.786126444053206,-5.757775379534223,6.377437052650728
escs_h_cc,HUN,36,434.14669599695446,439.5123277602067,5.365631763252225,5.6845359642364865,470.951844692923,475.4229686514329,4.4711239585099065,5.100548762559979,513.239840185734,506.1416666986976,-7.0981734870364335,5.830635350608203,548.0631741493238,539.6660479740074,-8.39712617531643,6.0504424715730645,36.80514869596855,35.91064089122619,-0.8945078047423607,6.2930814982751615,79.09314418877952,66.62933893849093,-12.463805250288587,7.653661708168506,113.91647815236934,100.15372021380074,-13.762757938568598,8.246596251426153,42.28799549281099,30.71869804726476,-11.569297445546233,6.321157834903324,77.1113294564008,64.24307932257456,-12.868250133826237,7.155843395864272,34.8233339635898,33.52438127530981,-1.2989526882799964,6.74224697852202
escs_h_cc,IRL,36,472.0263153957395,473.053439265006,1.027123869266461,4.48007342190732,494.94162961830733,494.4463030819514,-0.4953265363559467,4.795957358667971,518.0533977070589,522.731002004472,4.6776042974130405,4.532692199828926,541.6074360335723,543.3802915201189,1.7728554865466322,4.39554562689407,22.91531422256791,21.392863816945283,-1.522450405622628,5.409727985867399,46.02708231131952,49.6775627394659,3.6504804281463805,5.64885673298503,69.58112063783278,70.32685225511283,0.7457316172800432,5.701462997927861,23.111768088751603,28.28469892252061,5.1729308337690085,6.025230634264722,46.66580641526487,48.933988438167546,2.2681820229026783,5.528202854260507,23.55403832651326,20.649289515646934,-2.9047488108663266,5.439152518641004
escs_h_cc,ISL,36,415.35370799306895,430.26340437789565,14.909696384826702,5.164475796020419,451.50633093739646,457.03155858743696,5.525227650040506,5.442105324732019,471.38464171729385,476.82655384634455,5.441912129050706,5.4363709436893,482.1840653158618,492.3846478034394,10.200582487577606,5.181844743490071,36.15262294432751,26.76815420954127,-9.384468734786243,7.287790002868906,56.03093372422493,46.56314946844885,-9.467784255776081,7.530651422238294,66.83035732279292,62.12124342554364,-4.709113897249281,7.743062546838806,19.878310779897426,19.79499525890758,-0.08331552098984574,7.823358695891729,30.677734378465402,35.35308921600237,4.675354837536965,7.11873980801443,10.799423598567978,15.558093957094787,4.758670358526809,7.6252578423211075
escs_h_cc,ISR,36,419.53022759125287,426.7574432833529,7.22721569210006,6.107172516252101,465.05995371179495,472.0598791675417,6.999925455746734,7.290930360019235,507.71451139551607,499.8339874913796,-7.880523904136453,7.846965340535027,525.4099161512565,525.8769845151364,0.46706836387988915,6.294755487944197,45.52972612054207,45.30243588418868,-0.22729023635339018,8.005853124729969,88.18428380426329,73.07654420802666,-15.107739596236627,8.760813153698644,105.87968856000353,99.11954123178347,-6.760147328220057,8.05807490661323,42.6545576837212,27.774108323837993,-14.880449359883208,8.030180778439371,60.34996243946146,53.817105347594804,-6.532857091866653,8.335737962124437,17.69540475574025,26.04299702375681,8.347592268016562,8.082876961541896
escs_h_cc,ITA,36,441.5590303237353,452.9163962510823,11.357365927346962,4.870110285180981,472.17664667647114,482.7003546223921,10.52370794592099,5.139364415987746,491.62164463361944,504.77584475052197,13.15420011690253,5.562591923948189,518.6783230536973,529.9578906228224,11.279567569125106,5.8802223335356265,30.617616352735865,29.783958371309797,-0.8336579814260681,5.399000694966193,50.06261430988404,51.85944849943968,1.7968341895556392,6.515131553958071,77.11929272996204,77.04149437174013,-0.07779835822191217,6.868627644712928,19.44499795714817,22.075490128129882,2.630492170981711,5.696681773421405,46.50167637722619,47.257536000430335,0.7558596232041452,6.3971411494194,27.056678420078015,25.182045872300456,-1.8746325477775585,5.702097460313488
escs_h_cc,JPN,36,518.5673019639562,507.5810489672537,-10.98625299670249,6.945246696616437,544.3678339372126,535.5472221790073,-8.820611758205246,5.398413471602838,562.465061948795,557.4338819517504,-5.031179997044546,6.211871356038973,578.5507737885721,583.7833413172837,5.23256752871157,6.451776357217542,25.8005319732565,27.96617321175354,2.165641238497038,6.574154237453597,43.89775998483866,49.85283298449669,5.955072999658036,7.948173569248765,59.983471824615876,76.20229235002982,16.218820525413946,9.043407640875438,18.09722801158216,21.886659772743155,3.7894317611609942,6.220956386091988,34.18293985135938,48.23611913827629,14.053179286916908,7.278664633743764,16.08571183977722,26.34945936553313,10.26374752575591,5.9155448744184405
escs_h_cc,KOR,36,501.99326001493256,498.5662054504645,-3.427054564468051,6.474143709012102,520.6679574008465,536.5425742127463,15.874616811899841,6.889890344244403,538.4432750014862,553.148977217379,14.705702215892757,6.313683439108767,569.0817073941014,568.3042408629775,-0.7774665311238778,6.722610124963635,18.67469738591412,37.97636876228176,19.30167137636764,6.6257618388542525,36.45001498655368,54.58277176691447,18.132756780360786,8.204379602234233,67.08844737916895,69.73803541251303,2.649588033344074,8.449069985867736,17.77531760063956,16.606403004632718,-1.168914596006843,7.711331773681435,48.41374999325484,31.76166665023127,-16.65208334302357,8.167122929130738,30.63843239261528,15.155263645598552,-15.483168747016727,7.291118818756061
escs_h_cc,LTU,36,452.9519550205281,470.0832594842365,17.13130446370843,4.773089797226159,482.47274138653336,496.60467646779887,14.13193508126551,5.41975844600475,510.1444180656246,526.0569472389506,15.912529173325936,5.193029013805707,529.6498929553502,537.4268015192654,7.776908563915185,5.974118503551582,29.520786366005314,26.521416983562396,-2.999369382442918,6.173285684664365,57.19246304509655,55.973687754714184,-1.2187752903823679,6.702212939542652,76.69793793482202,67.343542035029,-9.354395899793019,7.227629618153344,27.67167667909124,29.45227077115178,1.7805940920605394,6.0768307129748225,47.17715156881671,40.82212505146661,-6.355026517350105,6.915531423113191,19.50547488972547,11.369854280314826,-8.135620609410644,6.352108231061213
escs_h_cc,LVA,36,467.5506364581364,456.7001850689323,-10.850451389204125,5.281197501308857,486.2047291718337,480.18830061047066,-6.016428561363057,4.960823207846525,512.6488650712816,504.1156671136159,-8.53319795766572,4.987790242391758,532.7562063964875,517.2278414759242,-15.528364920563376,4.718863117027291,18.65409271369723,23.488115541538274,4.834022827841043,6.089789129746393,45.09822861314527,47.41548204468367,2.317253431538404,6.385779791794675,65.20556993835119,60.52765640699177,-4.6779135313594224,6.448660156380825,26.444135899448035,23.927366503145397,-2.5167693963026387,6.4275995234164185,46.55147722465395,37.03954086545348,-9.511936359200469,6.521377550960217,20.107341325205915,13.112174362308087,-6.995166962897828,6.436866987042506
escs_h_cc,MEX,36,384.82922028755286,389.389941800203,4.5607215126501615,3.698582210337443,399.3016025862249,410.72739913336545,11.425796547140578,4.01808463616431,417.36730384798364,426.8670846766594,9.499780828675739,4.731462795766111,448.76884067100383,456.53051937842145,7.761678707417616,6.065229101080026,14.472382298672063,21.337457333162416,6.865075034490353,4.597972179940647,32.53808356043091,37.47714287645644,4.939059316025528,5.096614263872964,63.939620383450986,67.14057757821847,3.200957194767483,7.044959706718705,18.065701261758853,16.139685543294025,-1.9260157184648286,4.696656065145129,49.46723808477893,45.80312024505606,-3.66411783972287,6.753952132789349,31.401536823020074,29.663434701762032,-1.7381021212580414,5.93562187213024
escs_h_cc,NLD,36,455.217389852062,462.99422251135303,7.776832659291017,6.595687006784576,479.16023122279586,486.01552029498544,6.855289072189578,6.728949859708894,524.1393418639761,527.8832314337129,3.7438895697367798,7.436029806976662,547.3141973765147,553.805674189308,6.49147681279328,6.2176757190645136,23.942841370733838,23.02129778363227,-0.9215435871015671,7.060410482971274,68.92195201191412,64.88900892235989,-4.032943089554223,9.757645862079606,92.09680752445263,90.8114516779549,-1.2853558464977226,8.589702282464993,44.979110641180284,41.86771113872762,-3.111399502452663,8.42554824106561,68.15396615371881,67.79015389432263,-0.3638122593961839,8.337303902551502,23.17485551253851,25.92244275559501,2.7475872430565005,8.348216235336757
escs_h_cc,NOR,36,450.1425710840942,443.4763300886003,-6.666240995493865,4.890113148609505,480.60157540922575,478.4325582162769,-2.169017192948843,4.723386936406888,500.49089965787334,505.13979874545976,4.648899087586415,5.4353903265187515,521.1025501234119,518.4300779963173,-2.6724721270945793,4.952106523132521,30.459004325131577,34.956228127676674,4.497223802545097,5.992781913143649,50.34832857377917,61.66346865685942,11.315140083080252,6.757388994056547,70.95997903931763,74.95374790771703,3.9937688683993997,6.492122102624855,19.88932424864759,26.70724052918276,6.817916280535169,6.3989213747533205,40.500974714186064,39.997519780040356,-0.503454934145708,6.210266655923418,20.611650465538474,13.2902792508576,-7.321371214680875,6.38005301135715
escs_h_cc,NZL,36,469.75617181876004,487.80872068661495,18.05254886785491,5.48165946702853,509.8595872401937,520.3702707456177,10.510683505424026,5.856377278055113,537.8311069795297,549.3217099381794,11.490602958649674,5.4006455385594325,556.5673663867332,579.0783260158488,22.510959629115632,4.82890830245994,40.10341542143376,32.56155005900269,-7.541865362431068,6.981227430756812,68.07493516076968,61.5129892515645,-6.5619459092051855,7.3973642181191,86.81119456797315,91.26960532923383,4.45841076126068,7.3565078962574955,27.97151973933591,28.951439192561804,0.979919453225893,7.4410787837465175,46.70777914653938,58.70805527023113,12.000276123691748,7.7067049033504516,18.736259407203466,29.75661607766932,11.020356670465855,7.039399015442507
escs_h_cc,POL,36,466.79384301105875,466.84903276254636,0.05518975148760319,4.670021790474513,491.8078502032987,495.89577281470537,4.087922611406668,4.659861888278451,519.3550332511467,527.53305002205,8.178016770903355,5.5259145623906,549.7840441192101,550.6909084606712,0.9068643414610733,5.75865985069266,25.01400719223986,29.046740052158903,4.032732859919044,5.425939750727694,52.56119024008793,60.68401725950366,8.12282701941573,6.34222337636401,82.99020110815127,83.84187569812482,0.8516745899735554,7.350274840180213,27.547183047848073,31.63727720734476,4.090094159496687,6.122622313689629,57.9761939159114,54.795135645965935,-3.181058269945467,6.98939489476818,30.429010868063337,23.15785843862118,-7.271152429442157,6.087619871573909
escs_h_cc,PRT,36,447.7016415584856,447.81452813750445,0.11288657901883425,5.329491987069162,472.75841512723935,480.48955682225943,7.731141695020085,6.3205384807756495,501.3399512320813,509.336627329579,7.996676097497698,5.771695276864312,534.0399856079333,541.8045064359208,7.76452082798744,4.955568628384221,25.05677356875379,32.67502868475492,7.61825511600113,6.217759079784424,53.63830967359568,61.522099192074485,7.883789518478807,5.984465585479709,86.33834404944781,93.98997829841628,7.651634248968463,6.6086093054783746,28.581536104841895,28.847070507319565,0.2655344024776696,6.334984020282158,61.281570480694015,61.31494961366134,0.033379132967326086,6.873729035447071,32.70003437585213,32.46787910634178,-0.2321552695103435,5.838909816599496
escs_h_cc,SVK,36,406.8457630246874,434.22978678403535,27.38402375934794,6.581640297244547,458.840228045685,476.3498026606816,17.509574614996552,4.9643243803875805,488.9315369979196,503.95792779654647,15.026390798626892,5.789083594347742,529.0616259068142,543.7012957072851,14.63966980047087,5.872194269447433,51.99446502099765,42.12001587664619,-9.874449144351459,6.2714012894139755,82.08577397323215,69.72814101251113,-12.35763296072102,7.8544347779145305,122.21586288212688,109.47150892324979,-12.744353958877099,8.71382104261229,30.091308952234517,27.608125135864945,-2.4831838163695714,6.73865868619049,70.22139786112923,67.35149304660358,-2.869904814525654,7.31638316684914,40.130088908894706,39.74336791073864,-0.38672099815606487,6.266138125595748
escs_h_cc,SVN,36,460.1439183110301,456.67477902476867,-3.469139286261452,4.560716683772438,492.8664193080849,481.8543724141462,-11.012046893938702,4.812772802011142,524.6323893783106,520.2560514485738,-4.376337929736792,4.826615759125978,538.378812874236,539.9341219143114,1.5553090400753717,4.210295186482061,32.7225009970547,25.17959338937758,-7.542907607677122,6.38987670247508,64.4884710672804,63.581272423805146,-0.9071986434752546,6.741589782525765,78.23489456320601,83.25934288954272,5.02444832633671,6.223434508260025,31.765970070225677,38.40167903442757,6.635708964201896,7.091967127381933,45.5123935661513,58.07974950016514,12.56735593401384,6.482160938850642,13.746423495925626,19.678070465737573,5.931646969811947,6.593856633832235
escs_h_cc,SWE,36,453.48234809366284,450.3489539808271,-3.133394112835731,5.0253270228530456,488.3213187372411,490.0762609992004,1.754942261959286,4.9747644572505045,522.3843008002273,530.939825633079,8.555524832851688,5.4697331912348135,550.8832880122692,545.6177793361096,-5.265508676159584,5.952651285421627,34.83897064357825,39.72730701837322,4.888336374794967,6.301081088505592,68.90195270656436,80.59087165225189,11.688918945687533,6.489035003118752,97.40093991860627,95.26882535528254,-2.132114563323725,7.365334674530348,34.0629820629861,40.86356463387868,6.80058257089258,6.390801656264518,62.56196927502801,55.54151833690933,-7.020450938118685,7.409458612700481,28.498987212041914,14.677953703030653,-13.821033509011261,6.200148269708162
escs_h_cc,TUR,36,451.36924927079025,466.018586302569,14.64933703177877,4.296674565274599,464.178566412061,487.88610462611524,23.70753821405424,4.132974753278985,473.36227871266027,503.89920245747646,30.536923744816193,5.04777915323935,520.2415678030031,552.7943678278374,32.552800024834255,5.323983535590041,12.809317141270753,21.86751832354625,9.058201182275496,4.980100372391543,21.99302944187009,37.880616154907486,15.887586713037397,6.027949009717307,68.87231853221292,86.77578152526844,17.903462993055527,6.833973063188934,9.183712300599336,16.01309783136124,6.829385530761904,5.391161800106097,56.063001390942155,64.9082632017222,8.845261810780052,6.532162863232155,46.87928909034282,48.89516537036096,2.0158762800181336,6.883935676302377
escs_h_cc,USA,36,459.33550426751844,463.12220458149005,3.7867003139716076,7.4576228997273395,486.3858176247074,497.55820496289033,11.172387338182943,8.724355539937417,519.4555003659217,522.1691657671752,2.713665401253479,13.291498065794457,558.4564233717407,571.5544489165522,13.098025544811549,18.288092649246714,27.050313357188934,34.436000381400376,7.3856870242114425,9.691963049348862,60.119996098403206,59.0469611856852,-1.0730349127180077,13.557236680437482,99.12091910422222,108.43224433506222,9.311325230839998,18.591505314181006,33.06968274121427,24.610960804284815,-8.458721936929457,13.097345647836,72.07060574703328,73.99624395366183,1.9256382066285482,18.7479082808098,39.000923005819004,49.38528314937703,10.384360143558027,14.617847743980231
escs_h_cc,OECD,36,451.7641049613793,456.39509398397047,4.630989022591166,0.8595580594693507,480.9786483337647,487.531860618761,6.553212284996334,0.9514419943359019,508.3601456153074,514.9319224355291,6.571776820221771,0.8817852265436418,536.0845713712054,541.0513912789093,4.9668199077038935,1.0270134665828259,29.21454337238536,31.13676663479051,1.9222232624051507,1.0647600030733675,56.59604065392814,58.536828451558655,1.940787797630513,1.0557150865738736,84.32046640982594,84.65629729493881,0.33583088511286974,1.3411803432552394,27.381497281542785,27.400061816768137,0.01856453522535162,0.9766042549541883,55.105923037440576,53.51953066014828,-1.5863923772922988,1.1924390646293699,27.72442575589779,26.11946884338015,-1.6049569125176397,1.1089320031237608
