index,cnt,n_systems,Q1_2022,Q1_2025,Q1_change,Q1_se,Q2_2022,Q2_2025,Q2_change,Q2_se,Q3_2022,Q3_2025,Q3_change,Q3_se,Q4_2022,Q4_2025,Q4_change,Q4_se,Q2-Q1_2022,Q2-Q1_2025,Q2-Q1_change,Q2-Q1_se,Q3-Q1_2022,Q3-Q1_2025,Q3-Q1_change,Q3-Q1_se,Q4-Q1_2022,Q4-Q1_2025,Q4-Q1_change,Q4-Q1_se,Q3-Q2_2022,Q3-Q2_2025,Q3-Q2_change,Q3-Q2_se,Q4-Q2_2022,Q4-Q2_2025,Q4-Q2_change,Q4-Q2_se,Q4-Q3_2022,Q4-Q3_2025,Q4-Q3_change,Q4-Q3_se
escs,AUS,36,438.97661237269875,436.5628097739432,-2.4138025987555807,3.5023174846863117,471.21715914223785,467.3465326030463,-3.870626539191562,3.693166138563263,505.8084628497148,502.70366866752045,-3.1047941821943255,3.9881675540819046,539.4933772885531,518.6557492359486,-20.837628052604487,4.012506538702791,32.240546769539144,30.78372282910305,-1.4568239404360952,4.513664870949469,66.83185047701599,66.14085889357735,-0.6909915834386453,4.715724153910193,100.51676491585421,82.09293946200549,-18.42382545384872,5.035260969279339,34.591303707476854,35.357136064474304,0.7658323569974499,3.878558294996406,68.27621814631505,51.30921663290245,-16.967001513412598,4.46932153586681,33.684914438838206,15.952080568428148,-17.732833870410058,4.218315220329291
escs,AUT,36,435.1286147913591,437.7315750197008,2.602960228341715,4.820691547655955,472.95826548052645,470.5526095755411,-2.4056559049853377,5.187647321164492,509.695670298972,497.53505700363877,-12.160613295333235,4.347045920492191,541.6185435190389,519.1708117938604,-22.447731725178528,4.206086348367522,37.82965068916732,32.821034555840264,-5.00861613332706,5.6821391642597225,74.56705550761292,59.803481983937886,-14.763573523675035,5.110111753387323,106.48992872767981,81.43923677415958,-25.05069195352023,5.429707051816438,36.7374048184456,26.982447428097622,-9.754957390347975,5.574055504067065,68.66027803851247,48.618202218319304,-20.04207582019317,5.680492847968098,31.92287322006688,21.635754790221682,-10.287118429845197,4.5440576412486715
escs,BEL,36,434.451315424372,439.18543955204785,4.734124127675841,4.876970773772702,470.32426591421074,470.8772051298535,0.5529392156427662,4.824274011701214,509.3557811112813,510.67257183264945,1.316790721368136,4.588171637795907,551.3603018968894,536.3684662851011,-14.991835611788247,4.916738270393204,35.872950489838786,31.691765577805675,-4.18118491203311,5.276060785394493,74.90446568690933,71.48713228060167,-3.4173334063076624,5.664009588691857,116.90898647251738,97.18302673305328,-19.725959739464102,6.682974903498522,39.03151519707056,39.79536670279599,0.7638515057254267,4.587230673662924,81.03603598267861,65.4912611552476,-15.544774827431013,5.941162687574295,42.00452078560806,25.69589445245162,-16.30862633315644,5.168948762788326
escs,CAN,36,459.5978885306214,453.29224600929564,-6.305642521325751,3.280154670496311,487.3517088071743,485.7355596913884,-1.6161491157859018,3.36197097604742,512.4757946343714,513.7602712448706,1.2844766104992686,3.3647523050224777,536.0723755825184,516.1231545611,-19.94922102141834,3.9463072074954333,27.75382027655283,32.44331368209283,4.689493405539999,4.038170963882741,52.877906103749865,60.46802523557494,7.590119131825077,4.251729522480226,76.47448705189696,62.83090855180426,-13.643578500092701,4.534340206617296,25.124085827197035,28.02471155348211,2.9006257262850745,3.862877867929606,48.72066677534414,30.387594869711428,-18.333071905632714,4.478642459785642,23.596580948147107,2.3628833162293175,-21.23369763191779,3.8425517024719915
escs,CHE,36,453.60625503499233,455.838053575515,2.231798540522675,4.73656018648909,493.15876524622263,487.5677043910911,-5.591060855131502,5.07126003181978,523.5141315413852,524.9524461865267,1.4383146451415314,5.19828636164394,570.6453550208513,553.6292851834409,-17.01606983741044,4.668574752813134,39.552510211230384,31.72965081557619,-7.822859395654195,5.384763932382158,69.90787650639287,69.11439261101168,-0.7934838953811862,5.990608781761943,117.03909998585895,97.79123160792588,-19.247868377933074,6.305902976574335,30.355366295162487,37.384741795435495,7.029375500273009,5.830873169740141,77.48658977462858,66.06158079234972,-11.425008982278868,5.681684360620371,47.13122347946609,28.676838996914206,-18.45438448255188,5.652334938580391
escs,CHL,36,383.74230080287316,377.5920471563294,-6.150253646543774,4.165903183364401,403.4320295756664,392.04530464802474,-11.386724927641637,4.307682184446136,415.17643839549316,408.3447237308966,-6.831714664596575,4.72069240516904,452.85221006260934,447.28867092451276,-5.563539138096587,4.856532946468543,19.689728772793195,14.453257491695371,-5.236471281097824,4.9977418156483004,31.434137592619997,30.75267657456722,-0.6814610180527758,5.489630684642367,69.10990925973617,69.69662376818329,0.5867145084471161,6.427389737508871,11.744408819826806,16.29941908287185,4.555010263045045,5.461124779872812,49.420180486942975,55.24336627648792,5.823185789544944,5.823169648511358,37.675771667116166,38.94394719361607,1.2681755264999026,5.484914663034987
escs,COL,36,351.657763356477,350.4688905562199,-1.1888728002571156,4.000456572750037,369.6691864423028,373.1685363601852,3.499349917882398,4.14617498793884,384.2044345673045,388.05745567716866,3.853021109864187,5.931233713724335,430.21297769345813,428.55562757004145,-1.657350123416677,8.569350632123765,18.011423085825832,22.69964580396538,4.688222718139549,4.835601273747246,32.54667121082752,37.588565120948765,5.041893910121246,5.83182031684123,78.5552143369812,78.08673701382163,-0.46847732315956137,9.249389483545936,14.535248125001687,14.888919316983385,0.3536711919816984,5.15216311844718,60.543791251155355,55.38709120985625,-5.1567000412991035,8.830439522606861,46.00854312615367,40.49817189287286,-5.510371233280807,7.5383667792499045
escs,CZE,36,428.9014391338052,431.56311294433533,2.6616738105301465,4.781596547045462,476.42242340967306,466.15347983593244,-10.268943573740614,4.842543470883183,499.902978948014,493.6638790034801,-6.239099944533905,4.513397735811536,544.5080844619733,530.9900993283136,-13.51798513365975,5.097946399708618,47.5209842758679,34.5903668915971,-12.930617384270803,5.2224485480344,71.00153981420878,62.10076605914469,-8.900773755064094,5.499665708150145,115.60664532816811,99.42698638397817,-16.17965894418994,6.713890990061127,23.480555538340873,27.510399167547583,4.0298436292067095,5.464578267943793,68.0856610523002,64.83661949238106,-3.249041559919135,5.664743703953137,44.605105513959344,37.32622032483348,-7.278885189125866,5.751069597243363
escs,DEU,36,429.88204526466086,418.74759760516855,-11.13444765949231,5.5762177701835025,464.3868271958865,464.0706669062015,-0.3161602896850013,5.817132545495704,489.77523208959917,490.5816160362645,0.8063839466653349,5.834614627557162,541.3776742167628,530.4703229704779,-10.907351246284861,5.396268835843294,34.50478193122561,45.32306930103306,10.81828736980745,6.252555109564733,59.89318682493833,71.83401843109598,11.940831606157651,6.476422209451542,111.49562895210197,111.7227253653095,0.2270964132075335,6.920399873168733,25.38840489371272,26.510949130062908,1.122544236350187,5.765103790890639,76.99084702087636,66.39965606427643,-10.591190956599931,6.412995220331474,51.602442127163634,39.888706934213516,-11.713735192950118,5.960467406832288
escs,DNK,36,451.3140857859506,443.7175600511688,-7.596525734781835,3.875725389869494,479.7356217560099,467.20727426428004,-12.528347491729846,4.533629366995429,507.018983832858,495.65257456875025,-11.366409264107745,4.89782873286946,525.2871451650564,501.6250539942774,-23.66209117077898,4.767849552763684,28.421535970059313,23.489714213111263,-4.93182175694805,5.408989827813849,55.704898046907374,51.935014517581465,-3.7698835293259094,5.4277462884276035,73.97305937910572,57.90749394310858,-16.065565435997144,6.142991482316721,27.283362076848057,28.4453003044702,1.1619382276221444,5.545567405980156,45.551523409046425,34.41777972999731,-11.133743679049118,5.56098484610616,18.268161332198368,5.972479425527103,-12.295681906671264,6.298768016280938
escs,ESP,36,433.6611740720662,423.16915421510186,-10.492019856964362,3.2588188160065004,458.50708848554376,447.0628904999875,-11.444197985556286,2.7114166429953452,485.3166461110868,477.5218691697026,-7.794776941384214,3.4868281553381903,519.9517848925819,495.7848001192815,-24.16698477330044,2.9291536318328353,24.84591441347759,23.89373628488566,-0.9521781285919317,3.314858533994612,51.655472039020616,54.35271495460072,2.697242915580105,4.0488371792486,86.29061082051582,72.61564590417967,-13.674964916336151,4.033393780045848,26.80955762554303,30.458978669715066,3.649421044172037,3.2059278672153546,61.444696407038236,48.72190961929401,-12.722786787744226,3.2552140655283464,34.63513878149521,18.262930949578948,-16.37220783191626,3.4518421397063763
escs,EST,36,472.35670035031916,468.35541125252075,-4.001289097798406,4.28777881698849,495.8221183898818,495.3324492436156,-0.48966914626618063,4.36451159865013,520.464899704072,528.9488095631023,8.483909859030291,4.904264946545306,553.435402850025,544.1129050152242,-9.322497834800743,4.672720609942528,23.465418039562543,26.977037991094893,3.5116199515323494,5.317275300360369,48.108199353752916,60.593398310581506,12.48519895682859,5.71730049706307,81.07870249970578,75.75749376270349,-5.321208737002294,6.231583616952272,24.642781314190376,33.616360319486624,8.973579005296248,5.2653148161763585,57.61328446014325,48.78045577160858,-8.832828688534669,5.507214300951192,32.970503145952875,15.164095452121956,-17.80640769383092,5.246140102535285
escs,FIN,36,446.15409636684745,437.7511423592863,-8.402954007561164,3.5360944040417577,469.8924385700173,459.57001949157694,-10.322419078440362,4.042840724184247,498.5125096556609,491.30639946145675,-7.206110194204143,4.04285275630514,529.3074388801626,508.6139633979692,-20.693475482193435,4.122742425974297,23.738342203169914,21.818877132290663,-1.9194650708792516,4.530571573303257,52.358413288813495,53.55525710217044,1.1968438133569421,4.275791869993504,83.15334251331528,70.86282103868282,-12.290521474632456,4.685665106781923,28.620071085643577,31.73637996987977,3.1163088842361937,4.4527509571847,59.41500031014539,49.043943906392165,-10.371056403753222,4.786075455946071,30.794929224501807,17.307563936512395,-13.487365287989412,4.7095508274366935
escs,FRA,36,421.9828477276331,419.69897540981685,-2.2838723178162468,4.91461185645915,456.79931307091476,449.4688933417527,-7.330419729162088,5.3557862206271585,489.1750813126281,478.82795432762003,-10.34712698500806,4.8880598769471515,534.4778419808671,514.1664152453308,-20.311426735536315,5.463073137717527,34.816465343281635,29.769917931935776,-5.046547411345859,5.981009638912275,67.19223358499497,59.12897891780324,-8.063254667191728,5.909517760276277,112.49499425323393,94.46743983551399,-18.02755441771994,6.713007060861328,32.37576824171333,29.359060985867462,-3.016707255845869,5.067013042102944,77.67852890995229,64.69752190357822,-12.981007006374071,5.91488364799651,45.30276066823895,35.33846091771075,-9.964299750528205,4.8646118819613
escs,GBR,36,458.0283029737828,451.9986949426699,-6.0296080311129,4.399756099339406,479.21833711402786,480.4002054014633,1.1818682874354636,4.634520537976673,495.949313269388,506.8291165754005,10.87980330601249,4.712503408426387,544.2689396992942,538.5365482196673,-5.732391479626813,6.832851393257597,21.19003414024518,28.401510458793535,7.211476318548353,5.770838027351313,37.92101029560536,54.83042163273065,16.909411337125285,6.014322967029916,86.24063672551154,86.53785327699752,0.29721655148598813,8.185941659669156,16.730976155360178,26.428911173937102,9.697935018576924,5.41859350706267,65.05060258526635,58.13634281820399,-6.9142597670623545,7.869206518480949,48.319626429906165,31.707431644266887,-16.61219478563928,6.8172535358900115
escs,GRC,36,397.94179913396613,388.67151220593576,-9.270286928030373,4.651449733978928,415.4741943154562,411.86527697814506,-3.6089173373111407,4.716263086650417,436.05487594965325,442.26011068790024,6.205234738246986,5.177963772797438,473.5139906315433,465.29499624630824,-8.218994385235078,5.822980997123059,17.532395181490113,23.193764772209324,5.661369590719211,5.404914400672918,38.113076815687194,53.58859848196452,15.475521666277324,5.771070648709037,75.57219149757725,76.62348404037246,1.0512925427952098,6.806155464045838,20.580681634197084,30.394833709755193,9.814152075558109,4.739521450113158,58.039796316087134,53.429719268163126,-4.610077047924008,5.786019842224106,37.45911468189005,23.03488555840793,-14.424229123482121,5.748432393444864
escs,HUN,36,413.859737724975,409.8160769289117,-4.043660796063307,5.364078798986232,455.35282625631163,448.25668516032994,-7.096141095981693,5.132275139159666,490.07008659962486,478.6249351086162,-11.44515149100863,5.099152731351011,534.9322428926258,513.6617206234889,-21.270522269136904,6.396138077049306,41.493088531336625,38.440608231418246,-3.052480299918379,6.125597182852122,76.2103488746499,68.80885817970456,-7.401490694945338,6.737237626924761,121.07250516765085,103.84564369457728,-17.22686147307357,8.455643875001856,34.71726034331326,30.368249948286312,-4.349010395026944,5.484736831720985,79.57941663631422,65.40503546315904,-14.174381173155183,7.467749703627258,44.86215629300096,35.03678551487272,-9.825370778128239,6.302808857880158
escs,IRL,36,456.84433186887,446.31504734956906,-10.529284519300916,4.0609677366717465,478.19875730629076,467.47609930265133,-10.722658003639424,4.151147724822292,504.53492262434884,495.9647245018033,-8.570198122545548,3.896138086643021,530.4818655749665,518.7869137587438,-11.69495181622267,4.315380779957929,21.354425437420844,21.161051953082154,-0.1933734843386894,4.745541755567508,47.69059075547891,49.64967715223416,1.9590863967552536,5.1829450373437815,73.63753370609662,72.47186640917465,-1.165667296921967,5.258624801000086,26.33616531805806,28.48862519915201,2.15245988109395,4.9578143286168155,52.28310826867579,51.3108144560925,-0.9722938125832883,5.166848906254779,25.94694295061773,22.822189256940494,-3.124753693677235,5.004376450089751
escs,ISL,36,422.28283882683826,428.08928054708974,5.806441720251485,4.243356331941634,454.6921690744615,451.48332094824957,-3.208848126211933,5.13000529723481,469.3419673796595,471.8096819909235,2.4677146112640003,4.250985902181673,494.554244838372,486.4016563692152,-8.152588469156797,4.7030909176579145,32.40933024762329,23.39404040115979,-9.0152898464635,6.85719377166544,47.059128552821235,43.72040144383375,-3.3387271089874844,6.0156576360838345,72.27140601153368,58.31237582212536,-13.959030189408324,6.603444917245339,14.649798305197947,20.32636104267396,5.6765627374760115,6.588826176418148,39.8620757639104,34.91833542096558,-4.943740342944814,7.019747265102454,25.212277458712453,14.59197437829162,-10.620303080420832,6.17475204839167
escs,ISR,36,397.94268556239,400.93262055972707,2.989934997337059,5.197931189324563,439.2060442050156,439.87078006178865,0.6647358567730635,5.899242243852533,483.2496379447304,469.9225687756757,-13.32706916905471,6.3810479152453,522.286469140109,483.76087524518516,-38.52559389492387,6.813685984011628,41.26335864262558,38.93815950206157,-2.32519914056401,6.921961181920342,85.30695238234043,68.9899482159487,-16.317004166391726,7.321914938644272,124.3437835777191,82.82825468545805,-41.515528892261045,7.68863489135207,44.04359373971485,30.051788713887124,-13.991805025827727,5.795372993222716,83.08042493509352,43.890095183396475,-39.19032975169704,7.449249738760426,39.03683119537866,13.838306469509353,-25.198524725869305,6.511638758197056
escs,ITA,36,429.91589700009615,430.8489990045405,0.9331020044443221,4.7291797317015005,462.74152270799294,458.4806832781234,-4.26083942986952,5.384019889326391,480.26841366682936,480.34741218196814,0.0789985151387782,5.425966997043517,515.0954022944693,509.94041574187423,-5.154986552595062,6.711704335772449,32.825625707896734,27.631684273583016,-5.193941434313718,5.392968867739616,50.35251666673317,49.49841317742758,-0.8541034893055937,5.871367344119086,85.17950529437312,79.09141673733377,-6.088088557039342,7.55930092943644,17.52689095883644,21.866728903844564,4.339837945008124,5.328537781564059,52.35387958647639,51.459732463750754,-0.8941471227256343,6.9492580178563905,34.82698862763994,29.59300355990619,-5.233985067733752,5.781459185723779
escs,JPN,36,494.45177963717407,486.37037556502503,-8.081404072149041,7.101724851365764,525.5848272124792,519.156592604347,-6.428234608132243,5.649676741756279,549.1784046282955,542.1383658030475,-7.040038825248075,6.768646389533955,575.3252405406398,565.219655776735,-10.105584763904858,7.431973894494224,31.133047575305273,32.78621703932194,1.653169464016667,5.9928495179260315,54.726624991121454,55.767990238022506,1.0413652469010515,7.533535243010862,80.87346090346566,78.8492802117099,-2.0241806917557597,9.648944989695233,23.593577415816185,22.98177319870056,-0.6118042171156262,6.1186731927124,49.74041332816038,46.06306317238794,-3.6773501557724373,7.749110134926724,26.146835912344194,23.081289973687387,-3.0655459386568076,6.73953703143885
escs,KOR,36,479.44097127897277,474.1220912787177,-5.318880000255092,7.751635460494881,515.6711234589997,518.5907964839895,2.9196730249898337,7.045835299200127,539.8457990617051,546.2765307953186,6.430731733613584,7.232248138043443,576.8748546107647,564.478245839529,-12.39660877123572,7.7806938756750395,36.230152180026984,44.46870520527176,8.238553025244777,6.555005160236893,60.40482778273243,72.15443951660095,11.749611733868512,8.553689317271358,97.4338833317918,90.35615456081128,-7.077728770980528,9.773946857752916,24.174675602705452,27.685734311329192,3.5110587086237395,7.322441711776633,61.20373115176483,45.887449355539516,-15.316281796225311,8.595064854126898,37.02905554905938,18.201715044210324,-18.827340504849055,8.835519317572963
escs,LTU,36,432.4482503709095,440.7342899409647,8.286039570055209,3.9758704668854548,458.64889390894496,464.6764758345174,6.027581925572463,3.908277540567521,489.3318996868064,493.1572670996485,3.82536741284207,4.525990400633105,524.5902719130611,506.9014197698537,-17.688852143207384,4.568900068583026,26.20064353803546,23.94218589355279,-2.2584576444826716,4.965054125915984,56.883649315896946,52.422977158683764,-4.460672157213182,5.610098190192921,92.14202154215161,66.16712982888896,-25.97489171326265,6.146638303144027,30.683005777861478,28.48079126513097,-2.2022145127305066,5.406633285034032,65.94137800411616,42.224943935336185,-23.716434068779975,5.748824378782572,35.258372226254686,13.74415267020521,-21.514219556049476,5.114240677588809
escs,LVA,36,447.5514990302653,438.6929810049563,-8.858518025308967,3.7114600346196482,470.8977731916886,462.1931994978504,-8.7045736938382,4.513306986502167,494.21945060932705,480.83165076204097,-13.38779984728609,4.448978812791364,522.2613639074527,496.9900341708897,-25.27132973656302,3.889324542739122,23.34627416142326,23.50021849289409,0.15394433147082864,5.049253746357087,46.66795157906176,42.13866975708458,-4.529281821977179,4.86290250621449,74.70986487718741,58.2970531659333,-16.412811711254115,5.094609859696224,23.3216774176385,18.63845126419049,-4.683226153448011,5.705532392482722,51.36359071576417,34.796834673039214,-16.566756042724954,5.439130251941523,28.04191329812566,16.15838340884872,-11.88352988927694,5.592973416353184
escs,MEX,36,369.1964651437033,362.65924264442464,-6.537222499278641,3.3056419878562218,385.84056690470385,381.73170253905545,-4.108864365648401,3.2196006514466724,397.7417315451392,392.3017928341875,-5.439938710951708,4.859492027482082,427.6472404806056,419.82681578657264,-7.820424694032965,5.548872977905761,16.64410176100052,19.07245989463082,2.428358133630301,3.791286095852565,28.545266401435946,29.64255018976288,1.0972837883269335,5.07466134877016,58.45077533690228,57.16757314214802,-1.28320219475426,5.9501695767355525,11.901164640435429,10.570090295132058,-1.3310743453033709,4.781251024722575,41.80667357590177,38.095113247517205,-3.7115603283845644,5.7719571913094505,29.905508935466344,27.52502295238515,-2.3804859830811935,5.804502422314497
escs,NLD,36,446.3214143251782,439.03543032390144,-7.285984001276745,6.688520542103218,470.0173360398135,471.34509396498487,1.3277579251713973,7.017828817099283,515.145888816626,509.047597970234,-6.09829084639199,6.212346949639185,552.3206429212703,540.7791481886121,-11.54149473265818,5.500952053691099,23.6959217146353,32.30966364108351,8.61374192644821,6.875017605371433,68.82447449144783,70.01216764633254,1.1876931548847125,8.074716164715593,105.99922859609205,101.74371786471072,-4.255510731381335,8.678668414216002,45.128552776812526,37.70250400524903,-7.426048771563494,6.682279285866138,82.30330688145673,69.43405422362721,-12.86925265782952,7.853088684814967,37.174754104644215,31.731550218378175,-5.443203886266041,6.229022018328359
escs,NOR,36,431.3932074183701,412.9422446023315,-18.450962816038555,3.7560785856591252,459.68201916040306,447.81455184428285,-11.867467316120212,4.515646810133256,481.5845768948431,475.9018570209399,-5.682719873903238,4.669983753299192,512.1265226825897,491.22128385362174,-20.905238828967924,4.869491746047273,28.288811742033023,34.87230724195145,6.583495499918424,5.196839208593183,50.19136947647313,62.95961241860833,12.768242942135203,5.354405538948387,80.7333152642195,78.27903925129024,-2.454276012929256,5.825730852374638,21.9025577344401,28.087305176656884,6.184747442216782,5.361118734597024,52.44450352218648,43.406732009338796,-9.037771512847684,5.5138403862106715,30.54194578774638,15.31942683268191,-15.22251895506447,5.49825982678902
escs,NZL,36,430.45712118097225,446.1215921063713,15.66447092539903,4.1892446043326235,471.7584337442906,470.17577272852907,-1.5826610157615164,4.9170547444601995,500.6554963140255,503.8969914073783,3.241495093352796,4.9547504824680315,532.2354330331952,531.8551572139542,-0.380275819241092,5.07839267100805,41.30131256331839,24.05418062215774,-17.24713194116065,5.450155657880572,70.19837513305329,57.775399301007,-12.42297583204629,5.874193607832838,101.77831185222298,85.7335651075829,-16.04474674464008,6.721439415470293,28.897062569734913,33.72121867884926,4.824156109114348,5.902663109717417,60.476999288904594,61.67938448542516,1.2023851965205665,7.039859109833463,31.579936719169684,27.958165806575884,-3.6217709125937994,6.569893091300524
escs,POL,36,444.09502983178515,447.7890800885756,3.694050256790433,4.250302603565379,476.20093359718896,472.58642880876687,-3.6145047884220958,4.595185985475603,501.71733808068245,505.40632218439157,3.6889841037091173,5.064514652520817,540.520618006309,529.2616794319032,-11.25893857440576,5.494791044031991,32.10590376540374,24.79734872019133,-7.308555045212408,4.844895104938978,57.622308248897355,57.617242095816025,-0.0050661530813300715,5.753556292185757,96.42558817452391,81.47259934332753,-14.952988831196379,6.929721543069338,25.516404483493613,32.819893375624694,7.303488892131082,5.269724027077876,64.31968440912017,56.67525062313621,-7.6444337859839635,6.244547514044143,38.803279925626555,23.855357247511506,-14.947922678115049,5.794943531240253
escs,PRT,36,428.79685080440294,417.6880218134112,-11.108828990991753,5.074964235021628,453.04028725142746,444.2635442588673,-8.776742992560173,5.198917911139707,480.44097511394875,473.8773361061887,-6.5636390077600595,6.1390483563957385,529.3057621954681,517.0450182250831,-12.260743970384965,5.520036296380857,24.243436447024504,26.575522445456137,2.3320859984316336,4.864167211453231,51.64412430954585,56.18931429277764,4.545189983231786,5.9701199515213945,100.5089113910652,99.356996411672,-1.1519149793931973,6.762042980448507,27.40068786252134,29.6137918473215,2.21310398480016,5.976580719880371,76.26547494404068,72.78147396621587,-3.484000977824806,6.317640738567965,48.86478708151934,43.167682118894376,-5.697104962624962,5.985354918269835
escs,SVK,36,394.41913792599655,413.81165298569647,19.392515059699917,6.403798557972726,455.4679082506368,462.0528336206179,6.584925369981079,5.497402903976724,480.823958096824,488.4162454048234,7.592287307999413,5.858321705415545,527.7042655674445,530.1457931749947,2.4415276075501424,5.687214490793773,61.04877032464028,48.241180634921456,-12.807589689718824,6.587943811256754,86.40482017082746,74.60459241912697,-11.80022775170049,8.185186559547601,133.28512764144799,116.33414018929821,-16.950987452149775,8.900564928036822,25.35604984618717,26.36341178420551,1.0073619380183416,6.4814409268134705,72.2363573168077,68.09295955437673,-4.143397762430965,7.416105532962522,46.88030747062052,41.729547770171244,-5.150759700449278,6.190188817490013
escs,SVN,36,440.45918031234896,428.8570304924712,-11.602149819877752,4.084120056304698,467.91373986276295,451.8958147248907,-16.017925137872226,3.8798966425238692,500.26137082525446,484.2529378517082,-16.008432973546235,3.9045415230259914,531.9364355349999,495.5713317506628,-36.365103784337066,3.6335704673650926,27.45455955041403,23.038784232419466,-4.415775317994562,5.543005813339032,59.80219051290557,55.395907359237015,-4.406283153668554,5.338232167036676,91.47725522265091,66.71430125819165,-24.762953964459257,5.881603301914593,32.347630962491536,32.35712312681755,0.009492164326012187,5.524694465240421,64.02269567223689,43.67551702577218,-20.347178646464712,5.802726243876742,31.67506470974535,11.318393898954628,-20.35667081079072,5.557107206508435
escs,SWE,36,435.60434307196374,425.1210387482614,-10.483304323702328,3.918717986245665,466.6827097028957,458.303924864254,-8.378784838641707,4.644170711227921,499.9931825926516,495.0976093717404,-4.89557322091116,5.062073582048843,535.151867252451,505.50587333640294,-29.64599391604804,4.826803821682399,31.07836663093201,33.18288611599257,2.104519485060557,5.026853544791993,64.38883952068787,69.97657062347903,5.587731102791167,5.8104045590163995,99.54752418048736,80.38483458814147,-19.162689592345885,5.854014427346398,33.31047288975585,36.79368450748645,3.4832116177305963,5.593373076923828,68.46915754955535,47.20194847214889,-21.267209077406456,5.851338227150222,35.1586846597995,10.408263964662444,-24.750420695137052,5.164314666403919
escs,TUR,36,420.10099072328984,424.414840998544,4.31385027525414,4.049442426094087,437.9322054819195,447.3533095325133,9.42110405059384,4.122087758114791,453.0145650308012,463.9074110393387,10.892846008537504,4.659900970605366,501.7225472453541,519.994408569124,18.271861323769826,5.551665044960821,17.831214758629635,22.93846853396939,5.107253775339757,5.141528374246333,32.91357430751136,39.49257004079472,6.578995733283357,5.773797868438647,81.62155652206428,95.57956757057998,13.9580110485157,7.0832307397486,15.082359548881726,16.554101506825326,1.4717419579435997,5.096283779458365,63.79034176343464,72.64109903661058,8.850757273175944,6.341599165148905,48.70798221455292,56.08699752978525,7.37901531523233,6.367949033744699
escs,USA,36,420.71999189716416,424.5452547435078,3.825262846343662,6.988451921092931,444.7348452578507,449.47082958385,4.735984325999311,7.952279265982235,472.765934820261,469.9687886908011,-2.797146129459918,12.633575431214034,522.7301605204188,517.5404326520244,-5.1897278683944705,17.907800804893455,24.014853360686438,24.925574840342147,0.9107214796557095,8.951386904397394,52.0459429230968,45.423533947293365,-6.622408975803438,12.50224764573925,102.01016862325466,92.99517790851641,-9.014990714738246,18.569562939418265,28.03108956241037,20.497959106951214,-7.533130455459155,12.661177942264178,77.99531526256824,68.06960306817427,-9.925712194393967,17.617867000581377,49.96422570015787,47.57164396122305,-2.3925817389348154,13.451824818603587
escs,OECD,36,431.4912490293915,428.70142817655704,-2.7898208528344526,0.7621964849085415,461.5176295969953,457.6556402223485,-3.8619893746467824,0.9073774141192725,487.96074540566303,485.3546264066034,-2.6061189990596176,0.8807335388594338,524.9496359720764,510.95207637692573,-13.997559595150676,1.0029081827497737,30.026380567603855,28.95421204579145,-1.0721685218124044,0.9724439946139942,56.46949637627158,56.65319823004639,0.18370185377481363,0.989228712309418,93.45838694268505,82.25064820036864,-11.207738742316408,1.1895479181079793,26.44311580866772,27.69898618425494,1.2558703755872216,0.9727383665856664,63.43200637508119,53.296436154577194,-10.135570220503993,1.095451520336542,36.98889056641347,25.597449970322252,-11.391440596091215,1.0252733228518163
escs_h,AUS,36,440.83998291801134,433.0273982069613,-7.812584711050022,3.5978171734350437,474.4455352197979,468.5188895517961,-5.926645668001754,3.713246139169959,507.16953781145,501.08028024702463,-6.089257564425395,3.9647039536980584,533.54138661372,522.6905633131835,-10.85082330053649,3.852407321257648,33.60555230178649,35.491491344834756,1.8859390430482676,4.549688462534555,66.3295548934386,68.05288204006328,1.7233271466246833,4.691062546443083,92.70140369570856,89.66316510622215,-3.0382385894864115,4.773727571953293,32.72400259165212,32.56139069522853,-0.16261189642359142,4.359527140652815,59.09585139392207,54.17167376138739,-4.924177632534679,4.389727050673731,26.371848802269938,21.61028306615886,-4.761565736111077,3.842277827955814
escs_h,AUT,36,438.9572107105938,434.5681205592394,-4.389090151354424,5.124575169396799,474.99549618123876,471.65878954540705,-3.3367066358317174,5.101566778496587,509.60418238938183,497.4426361342674,-12.161546255114445,4.110281376420899,536.3493772159861,521.42415620044,-14.925221015546072,4.462970875425038,36.03828547064494,37.0906689861676,1.0523835155226635,5.878039639005909,70.64697167878816,62.87451557502791,-7.7724561037602555,5.534799871565479,97.39216650539245,86.85603564120053,-10.536130864191918,5.687624181263564,34.608686208143226,25.783846588860314,-8.824839619282912,5.197489690001248,61.35388103474751,49.76536665503294,-11.588514379714567,5.783613948893368,26.74519482660429,23.981520066172628,-2.7636747604316625,4.867009003284342
escs_h,BEL,36,437.3073484904492,439.160839131957,1.8534906415077899,4.951724873697971,472.43009943908964,469.43458038677056,-2.995519052319082,4.765022016538423,511.0765234430602,510.6859123129387,-0.3906111301214992,4.697987723582677,545.2615731141685,539.5288598194553,-5.732713294713221,4.709027905154694,35.12275094864042,30.273741254813594,-4.8490096938268294,5.247971988918365,73.76917495261091,71.52507318098174,-2.2441017716291753,5.938747962804616,107.9542246237193,100.3680206874983,-7.586203936220997,6.427736238108429,38.64642400397048,41.251331926168135,2.604907922197654,5.060807544735775,72.83147367507885,70.09427943268471,-2.737194242394139,5.578957797652492,34.18504967110839,28.842947506516584,-5.342102164591804,5.010077298075309
escs_h,CAN,36,460.55314496113897,450.9816277209367,-9.571517240202297,3.315865532505082,488.01899901368995,483.9314915241257,-4.087507489564246,3.3788241928287692,514.1517420968901,511.24493683299454,-2.906805263895535,3.551462585929031,533.2606527685066,523.3271714436125,-9.933481324894046,3.9716314639466153,27.46585405255101,32.94986380318913,5.484009750638123,4.215594756133141,53.59859713575115,60.26330911205783,6.664711976306684,4.401985536257174,72.70750780736756,72.34554372267603,-0.36196408469153596,4.590974115881596,26.132743083200136,27.31344530886871,1.1807022256685755,4.003603568797755,45.24165375481655,39.3956799194869,-5.845973835329644,4.506463736838134,19.10891067161641,12.08223461061819,-7.02667606099822,4.133288184699786
escs_h,CHE,36,456.4462763864881,455.16550663157994,-1.2807697549081354,4.854356190260724,494.0913526020837,486.68648483858624,-7.404867763497464,4.751926158821139,526.3931780703723,520.8838449859386,-5.509333084433706,5.281170684764291,564.1131882011551,559.1249655001003,-4.988222701054838,4.959740961886306,37.64507621559569,31.520978207006287,-6.1240980085893995,5.106485159742177,69.94690168388433,65.71833835435856,-4.22856332952577,6.243089802065358,107.66691181466706,103.9594588685203,-3.707452946146759,6.623664503890403,32.30182546828864,34.19736014735227,1.8955346790636298,5.448857957571758,70.02183559907137,72.43848066151402,2.4166450624426545,6.0486660157114205,37.720010130782725,38.24112051416174,0.5211103833790176,5.90354663512541
escs_h,CHL,36,386.28571749048837,375.63056494279635,-10.655152547692012,4.282853141682731,401.155366691327,392.84662442487706,-8.30874226644994,4.272426677560094,416.3347734297281,408.4626716114245,-7.872101818303577,4.194182744429762,451.6830742556182,449.5669790537319,-2.116095201886253,4.89644238099335,14.869649200838598,17.21605948208063,2.346410281242033,5.0496743473844425,30.049055939239814,32.832106668628164,2.78305072938835,5.262940224018042,65.3973567651298,73.93641411093554,8.539057345805745,6.475059904463503,15.179406738401218,15.616047186547537,0.43664044814631886,4.826086907082454,50.52770756429119,56.720354628854906,6.192647064563715,5.534355150725601,35.34830082588997,41.10430744230737,5.756006616417402,5.18091094489623
escs_h,COL,36,353.2410559735934,350.21750776464324,-3.02354820895016,3.8603466962251507,369.7347350077294,371.88512663790834,2.1503916301789445,4.374189865451367,386.00260862594035,388.6336624883978,2.6310538624574633,5.47470538667292,427.76178996454655,430.72397202745486,2.9621820629083118,9.199569314829061,16.493679034135948,21.667618873265134,5.173939839129186,4.971100936900789,32.761552652346914,38.416154723754566,5.654602071407652,5.589291314911004,74.52073399095312,80.50646426281165,5.985730271858529,9.845518590923016,16.267873618210967,16.748535850489436,0.48066223227846905,5.046868474702335,58.02705495681717,58.838845389546506,0.8117904327293388,9.25552724352838,41.7591813386062,42.09030953905708,0.331128200450884,8.278337931146973
escs_h,CZE,36,434.3073038784781,428.38344647348066,-5.92385740499742,4.775216371338702,475.3989449064931,467.47413397656453,-7.924810929928583,4.419228376594381,500.280028330127,493.23254561763963,-7.047482712487351,5.162845813807457,540.3356457324593,533.7778243109792,-6.557821421480071,5.014211279585217,41.09164102801507,39.090687503083885,-2.000953524931184,5.1159438185365795,65.97272445164887,64.8490991441589,-1.1236253074899736,5.4683293833325886,106.02834185398117,105.39437783749854,-0.6339640164826363,6.980492394247567,24.88108342363381,25.758411641075025,0.8773282174412138,5.2507534913456455,64.93670082596611,66.30369033441465,1.3669895084485404,5.636652231990881,40.05561740233229,40.54527869333963,0.48966129100734435,6.233159425341239
escs_h,DEU,36,433.4860229420815,418.9393582792612,-14.546664662820262,5.190234832061836,465.48268758553013,463.03707513541997,-2.4456124501101613,6.339017707833595,493.5227376525856,491.79961745523104,-1.7231201973545467,5.519765664873368,534.6541436378443,532.1916341921562,-2.462509445688056,5.605632309023219,31.996664643448526,44.09771685615874,12.101052212710215,6.346017718948084,60.03671471050403,72.86025917596984,12.823544465465815,6.365468170955169,101.16812069576281,113.25227591289494,12.084155217132135,6.635610595842616,28.040050067055507,28.762542319811097,0.7224922527555897,6.486817637734747,69.17145605231428,69.15455905673623,-0.016896995578051133,6.784332174153974,41.13140598525879,40.39201673692513,-0.7393892483336586,5.874628896384323
escs_h,DNK,36,453.7347437619645,442.5805357738362,-11.154207988128348,3.8737507281791252,483.1807689187773,465.2453423491928,-17.93542656958448,4.5078321049547965,509.7788443488571,494.0464527741516,-15.732391574705503,4.7558125603421715,516.7449679870224,506.5624645416334,-10.182503445388988,4.648410125993423,29.44602515681269,22.664806575356636,-6.781218581456056,5.211578904387798,56.04410058689255,51.4659170003154,-4.578183586577147,5.18984173455666,63.01022422505785,63.981928767797214,0.9717045427393671,5.816233529626881,26.59807543007985,28.80111042495876,2.2030349948789123,5.6023088434439146,33.56419906824515,41.317122192440586,7.7529231241954335,5.639125845139191,6.966123638165305,12.516011767481825,5.549888129316519,5.984194901327268
escs_h,ESP,36,435.95645371892095,420.80241265082276,-15.154041068098195,3.1701492963475206,459.1657746263187,446.65803238863055,-12.507742237688149,3.0243646830987596,486.80048415347756,476.09301228109524,-10.707471872382314,3.3660386001497926,515.7917201801607,500.5917574007969,-15.19996277936383,2.956971934018069,23.209320907397785,25.855619737807785,2.64629883041,3.492030985455131,50.84403043455669,55.29059963027248,4.446569195715789,3.816455836163841,79.83526646123984,79.78934474997409,-0.0459217112657484,4.011556573888931,27.634709527158908,29.434979892464703,1.8002703653057957,3.458731874609813,56.62594555384205,53.93372501216631,-2.692220541675738,3.5992376219172892,28.991236026683147,24.498745119701614,-4.4924909069815335,3.3525891316688594
escs_h,EST,36,474.638199136606,466.25723771505665,-8.38096142154933,4.077466036110538,495.2953978429285,496.09409647589973,0.7986986329712522,4.764815466955135,522.9177897896082,527.558684046158,4.640894256549814,4.40852387271303,549.2428957288141,546.8610799161432,-2.3818158126708795,4.717059339117998,20.65719870632257,29.836858760843192,9.179660054520621,5.24158874222102,48.2795906530021,61.301446331101445,13.021855678099342,5.308045622024518,74.60469659220813,80.60384220108679,5.999145608878663,6.098314677677669,27.622391946679535,31.46458757025824,3.8421956235787036,5.231123046139677,53.94749788588556,50.76698344024359,-3.1805144456419683,5.509605299826741,26.325105939206026,19.302395869985354,-7.022710069220672,5.055496398998914
escs_h,FIN,36,450.8965593947013,435.56975167165854,-15.326807723042748,3.5190626565413674,470.6516320446888,460.61049109667846,-10.041140948010366,4.231121963707698,500.2259080532387,490.5871123106716,-9.638795742567083,4.292657867451815,522.6201619236286,511.35947549511474,-11.260686428513907,3.9847810261008423,19.755072649987444,25.040739425019837,5.285666775032393,4.485142962712369,49.32934865853739,55.017360639013006,5.688011980475615,4.415326714192607,71.72360252892732,75.78972382345611,4.066121294528799,4.404825777273476,29.574276008549948,29.976621213993177,0.40234520544322905,5.059606928149973,51.96852987893986,50.74898439843627,-1.2195454805035908,4.986905080018974,22.394253870389917,20.772363184443094,-1.6218906859468234,5.130810731465808
escs_h,FRA,36,427.16734469885057,418.02855713107874,-9.138787567771828,4.768497882647654,458.749831054514,449.7704671885014,-8.97936386601259,4.945516720654778,487.28226332911265,478.24776344873015,-9.034499880382498,5.561141292885901,530.9331774906871,517.320840275478,-13.612337215209095,5.478610355799248,31.582486355663427,31.74191005742272,0.15942370175929454,5.662966657567444,60.114918630262004,60.21920631765149,0.1042876873894869,6.097973072335238,103.76583279183649,99.29228314439938,-4.47354964743711,6.67772101065321,28.532432274598573,28.477296260228762,-0.05513601436981119,5.521756059847233,72.18334643617304,67.55037308697668,-4.632973349196362,6.077219897961239,43.65091416157448,39.07307682674791,-4.577837334826569,5.2623884645341255
escs_h,GBR,36,457.5882178774389,450.80022282513676,-6.787995052302165,4.801974200018146,481.81675061447123,480.49985825386347,-1.316892360607767,4.363278642980249,502.3207530725339,505.915042536894,3.594289464360145,4.9860740672728046,536.9555383508593,540.8122569913528,3.8567186404934546,6.5079427806327645,24.228532737032367,29.699635428726747,5.47110269169438,5.968607951869067,44.73253519509489,55.11481971175721,10.382284516662317,6.5265644965539815,79.36732047342045,90.0120341662161,10.644713692795648,8.194335873687745,20.504002458062523,25.41518428303046,4.911181824967937,5.540499022977759,55.138787736388075,60.31239873748935,5.173611001101278,7.2901191148360756,34.63478527832556,34.8972144544589,0.26242917613333816,6.572507708273015
escs_h,GRC,36,400.70954392028545,387.41156644979657,-13.297977470488888,4.47046620806854,417.37775216191886,413.2127888648094,-4.164963297109466,4.766988795900392,437.3459197220095,440.1146938526558,2.7687741306463067,5.607713639083802,468.52793999991735,468.76610289154394,0.23816289162658677,5.597652964957835,16.668208241633415,25.801222415012774,9.133014173379358,5.339654976376133,36.63637580172405,52.70312740285924,16.066751601135188,5.998578941386718,67.81839607963192,81.35453644174731,13.53614036211539,6.7980430949765385,19.968167560090638,26.901904987846468,6.93373742775583,4.8407556377770655,51.15018783799851,55.553314026734554,4.403126188736046,5.812409291319697,31.182020277907874,28.651409038888083,-2.530611239019791,6.009623517806846
escs_h,HUN,36,419.3004395886105,409.6135938491153,-9.686845739495197,5.3349317562753935,454.45492505135655,446.7651416381922,-7.689783413164378,4.852780402559176,489.89837292505655,480.37904992339145,-9.5193230016651,5.4310018373027615,531.7132691453222,514.4519174108016,-17.261351734520645,6.279546011922973,35.15448546274601,37.1515477890769,1.9970623263308909,5.869987830316961,70.59793333644613,70.76545607427613,0.16752273782999794,6.981261103369702,112.41282955671173,104.83832356168632,-7.574505995025405,8.262872727851539,35.44344787370012,33.61390828519923,-1.829539588500893,5.535324572401214,77.25834409396569,67.68677577260942,-9.571568321356267,7.22888525711213,41.81489622026557,34.072867487410186,-7.742028732855381,6.497029870980809
escs_h,IRL,36,458.20287005584777,444.83244544053167,-13.370424615316097,3.8321104866534297,481.23714835988704,467.2537452676314,-13.983403092255628,4.10471049667019,502.6596388184038,497.5530591907221,-5.106579627681697,4.366449114484256,528.1333012806159,519.3067249403999,-8.82657634021598,4.182699519353819,23.034278304039226,22.42129982709968,-0.6129784769395457,4.740565903336242,44.456768762555946,52.720613750190275,8.263844987634329,5.091813950525797,69.93043122476806,74.47427949986827,4.543848275100217,5.197454913123662,21.422490458516723,30.299313923090587,8.876823464573864,5.440279071657062,46.89615292072884,52.052979672768586,5.156826752039748,5.1183886525439055,25.473662462212115,21.753665749677992,-3.7199967125341225,4.986974718450157
escs_h,ISL,36,426.0124996160931,426.8594373119904,0.8469376958972816,4.504217970083839,455.64143594646066,450.94901823316695,-4.6924177132937075,5.0247880757709975,476.04277622097015,472.79760908534007,-3.2451671356300835,4.437261858190343,484.0220623876859,487.2627904799177,3.2407280922318478,4.636963637170818,29.62893633036763,24.08958092117654,-5.539355409191089,6.7666158112662105,50.03027660487709,45.938171773349616,-4.092104831527472,6.698675731764878,58.009562771592755,60.4033531679273,2.393790396334545,6.677598935177601,20.401340274509458,21.84859085217307,1.4472505776636133,6.754603601251644,28.380626441225132,36.31377224675075,7.933145805525619,6.730236047175078,7.9792861667156725,14.465181394577678,6.485895227862006,6.419986272637768
escs_h,ISR,36,401.9639392199744,399.4630761145982,-2.5008631053761974,5.164023054797887,447.86215495105927,440.7885544560069,-7.073600495052347,5.82860121009668,489.4223201221268,470.7595982188517,-18.6627219032751,6.775956681323465,513.9055859407093,491.0842910540793,-22.821294886630028,6.128147926632557,45.89821573108484,41.32547834140873,-4.5727373896761065,6.592355703274577,87.45838090215231,71.29652210425357,-16.161858797898745,7.222911973054667,111.94164672073495,91.62121493948106,-20.320431781253887,7.244014894081282,41.56016517106747,29.971043762844822,-11.589121408222645,6.422899666794987,66.04343098965015,50.29573659807234,-15.74769439157781,7.096567046072413,24.483265818582662,20.324692835227516,-4.158572983355146,6.6934429882177655
escs_h,ITA,36,435.22429673998596,428.97382291917836,-6.250473820807599,4.7080354037741925,461.64080954845906,458.5032678705699,-3.1375416778891463,4.980444510804001,481.22137457923793,482.7310567344683,1.5096821552303936,6.32345944192587,510.564589310084,509.59135181717346,-0.9732374929105276,6.365531538221263,26.416512808473005,29.529444951391447,3.1129321429184422,5.0825495955507,45.99707783925203,53.75723381528987,7.760155976037844,6.442961012182153,75.34029257009807,80.61752889799507,5.2772363278970005,7.164718751865186,19.580565030779024,24.22778886389842,4.647223833119398,6.234896086752268,48.92377976162508,51.08808394660362,2.1643041849785405,6.699530802699672,29.34321473084605,26.8602950827052,-2.48291964814085,6.004709331724618
escs_h,JPN,36,498.23681977987815,483.23992411447114,-14.99689566540701,7.348539179270749,528.6228006212124,518.3921549831964,-10.230645638015972,5.997894944649476,548.9518936907499,542.0560898304535,-6.8958038602963825,6.276438441495121,569.1083814852082,569.2327595969825,0.12437811177437652,7.472335558974149,30.385980841334117,35.15223086872517,4.766250027391052,6.803276755167681,50.71507391087171,58.81616571598229,8.101091805110578,7.663288826891482,70.87156170532992,85.99283548251131,15.121273777181386,9.678448496356697,20.32909306953759,23.66393484725711,3.3348417777195216,5.958735210029264,40.485580863995814,50.84060461378614,10.355023749790327,7.683139121413091,20.156487794458222,27.176669766529027,7.020181972070805,6.6344880771992445
escs_h,KOR,36,487.5778568534639,473.47371474485556,-14.104142108608357,7.083480651434837,515.3839381229795,518.3446690893841,2.960730966404526,7.442469789476539,537.5497542448137,546.9722858163101,9.422531571496393,6.234346932056545,572.7474650888878,564.6203805746206,-8.127084514267153,7.860238721251981,27.80608126951567,44.87095434452859,17.064873075012922,7.339036992116538,49.97189739134978,73.4985710714545,23.52667368010473,7.461593796612725,85.16960823542396,91.14666582976511,5.977057594341147,9.137065645048466,22.16581612183411,28.627616726925897,6.461800605091788,6.963085580212895,57.36352696590831,46.27571148523653,-11.087815480671779,8.09436988292084,35.197710844074194,17.648094758310627,-17.549616085763567,7.357000999252119
escs_h,LTU,36,435.7201011649971,438.63029077541813,2.910189610421014,3.923855868858589,461.16715436653124,465.0947480831095,3.927593716578258,4.509173615502885,492.0110940691602,493.39431872172736,1.3832246525671508,4.000743497328633,516.5097547587048,508.8319819240375,-7.677772834667337,4.795908822854914,25.44705320153409,26.46445730769143,1.0174041061573398,5.593473807889182,56.29099290416307,54.76402794630919,-1.5269649578538775,5.128419381704234,80.78965359370778,70.2016911486194,-10.58796244508838,6.261256851461178,30.84393970262898,28.29957063861777,-2.54436906401121,5.473078439853293,55.3426003921737,43.73723384092797,-11.60536655124573,6.003386302320599,24.49866068954472,15.4376632023102,-9.060997487234522,5.368123038841875
escs_h,LVA,36,449.9309246208115,437.8218552058668,-12.109069414944656,3.8421378878676924,470.5196132198278,457.7908461416496,-12.728767078178237,4.443723206619284,495.0133432076394,484.31494318611914,-10.698400021520285,4.29798372723403,519.8090375971367,498.9442858267854,-20.86475177035129,4.089600747170881,20.588688599016187,19.968990935782774,-0.6196976632334135,4.781894072609245,45.082418586827906,46.49308798025237,1.4106693934244632,5.1558866481663985,69.87811297632524,61.122430620918635,-8.755682355406606,5.326934702674043,24.49372998781172,26.524097044469595,2.0303670566578766,5.120254126635562,49.28942437730905,41.15343968513586,-8.135984692173189,5.751973500952382,24.795694389497328,14.62934264066626,-10.166351748831067,5.904140177398867
escs_h,MEX,36,371.3872466360731,362.76669057873767,-8.62055605733542,3.3345667134994987,384.9954337567729,380.5390337681091,-4.456399988663804,3.1120192160696925,398.18664095418296,393.5786026722456,-4.608038281937354,4.8461064635861195,426.40560567613693,420.34589989622725,-6.059705779909677,5.506057405153327,13.60818712069991,17.772343189371487,4.164156068671577,3.8396070674818628,26.799394318109943,30.81191209350796,4.012517775398017,4.958852648954884,55.01835904006394,57.579209317489735,2.560850277425793,5.978126798219266,13.191207197410034,13.039568904136473,-0.15163829327356027,4.789481774264308,41.41017191936403,39.806866128118244,-1.6033057912457878,5.926737463408642,28.218964721954002,26.767297223981775,-1.4516674979722275,5.426966303519253
escs_h,NLD,36,449.19954355312757,444.40165912702025,-4.797884426107316,6.991438497256412,471.9312160857454,472.8635327560919,0.9323166703464949,6.329365789885789,517.9943078498417,512.8110207689176,-5.18328708092406,6.835101444422131,545.1055234425744,540.3023501817688,-4.803173260805579,5.602746158138126,22.731672532617903,28.46187362907167,5.730201096453765,6.778518413553829,68.79476429671419,68.40936164189752,-0.3854026548166729,9.093298463513753,95.90597988944685,95.90069105474859,-0.00528883469826269,8.697125211703588,46.063091764096285,39.94748801282584,-6.1156037512704415,7.3191334323743895,73.17430735682892,67.4388174256769,-5.735489931152017,7.051060571639446,27.111215592732652,27.491329412851076,0.38011382011842443,6.970898755484655
escs_h,NOR,36,436.2210084850088,413.4271410020372,-22.793867482971564,3.874834533573449,461.2975824229478,443.4329664304989,-17.864615992448933,4.86276210026054,482.673612278834,478.42160734845095,-4.252004930383066,4.6319423547807625,504.78052177329516,492.94719945463265,-11.83332231866251,4.733361376181079,25.07657393793911,30.005825428461605,4.929251490522496,5.185656567910943,46.452603793825276,64.99446634641365,18.54186255258837,5.6709952445859,68.55951328828641,79.52005845259538,10.960545164308968,5.939924307511519,21.376029855886163,34.988640917952054,13.612611062065891,5.260188887252109,43.482939350347294,49.514233024133766,6.031293673786472,6.069009239580336,22.10690949446113,14.52559210618171,-7.581317388279421,5.447778482871922
escs_h,NZL,36,433.42528719163477,443.86357266682626,10.438285475191492,4.534234990582583,473.2974721464422,471.4379677798837,-1.8595043665584967,5.270014034188108,502.6429400344872,501.9860177793888,-0.6569222550983795,4.835686616472745,526.7341227601843,535.1987953918513,8.464672631666986,5.3549202979849975,39.87218495480745,27.574395113057456,-12.297789841749996,6.120390795015818,69.21765284285247,58.12244511256256,-11.095207730289914,6.281320551225572,93.30883556854948,91.33522272502503,-1.9736128435244495,6.942944673700485,29.34546788804502,30.548049999505103,1.2025821114600816,6.65837162054315,53.43665061374203,63.76082761196757,10.32417699822554,7.051312252773913,24.091182725697006,33.21277761246246,9.121594886765454,7.19674974522612
escs_h,POL,36,449.9979117875725,445.40021483159745,-4.597696955975039,4.261009089066052,474.9127893915018,473.48421750488285,-1.428571886618954,4.578285714466263,503.05349451464906,507.72122564801714,4.667731133368079,5.2217196764866785,534.7650207608854,528.7097743078411,-6.055246453044219,5.574156863345464,24.914877603929277,28.084002673285433,3.1691250693561557,4.941842257154551,53.05558272707658,62.321010816419665,9.265428089343082,5.883673258142322,84.7671089733129,83.30955947624368,-1.4575494970692233,6.821653865304185,28.140705123147303,34.23700814313423,6.09630301998693,5.502779967387708,59.85223136938362,55.22555680295825,-4.626674566425365,6.555129307653022,31.71152624623632,20.988548659824016,-10.722977586412306,6.049251939587178
escs_h,PRT,36,429.05559549357224,416.5437429762427,-12.511852517329544,5.037065565506496,452.6225565322334,444.2420881867224,-8.380468345510963,5.089992701273367,485.03525041176954,474.3072198129097,-10.728030598859846,6.623916172278506,525.497733812632,518.092349782679,-7.405384029952984,5.068739824954211,23.56696103866121,27.69834521047968,4.131384171818471,4.552708307534654,55.97965491819739,57.76347683666702,1.7838219184696271,6.395676208440564,96.44213831905977,101.54860680643621,5.106468487376446,6.455267706803172,32.41269387953618,30.065131626187345,-2.3475622533488334,6.007353603386135,72.87517728039856,73.85026159595654,0.9750843155579787,6.260106353431746,40.46248340086238,43.7851299697692,3.322646568906819,6.198418862490929
escs_h,SVK,36,405.92391575693586,412.9722906920962,7.048374935160325,6.1384106965688865,453.7143662271795,463.2022373026771,9.487871075497594,5.880206753092967,479.58958569379837,490.79755423159105,11.20796853779268,5.118559720579044,523.7623881857099,530.9437139773273,7.1813257916173825,6.10195850857899,47.790450470243535,50.22994661058091,2.4394961403373756,6.760078802145722,73.66566993686263,77.82526353949494,4.159593602632313,7.549133616211884,117.83847242877398,117.97142328523125,0.13295085645727056,8.761981699559447,25.875219466619086,27.59531692891402,1.7200974622949339,6.641970909175339,70.04802195853046,67.74147667465033,-2.3065452838801264,7.684643068041681,44.172802491911376,40.14615974573632,-4.026642746175057,6.107199302005463
escs_h,SVN,36,443.1798676044209,426.0788166297243,-17.10105097469659,4.2403665138992865,470.24005414563663,450.51612165770956,-19.723932487927073,3.8801923745372875,504.90870373371706,481.29073022887343,-23.617973504843633,4.1803886965469825,522.3621809244901,503.43492070975134,-18.927260214738737,3.6109316865307184,27.060186541215813,24.43730502798518,-2.6228815132306345,5.697499310627178,61.72883612929623,55.21191359914909,-6.516922530147141,5.804208926383194,79.18231332006918,77.35610408002694,-1.826209240042246,5.929217379678718,34.66864958808041,30.774608571163913,-3.8940410169165,5.608732535301896,52.122126778853364,52.918799052041756,0.796672273188392,5.788893719963086,17.45347719077295,22.144190480877835,4.690713290104885,5.9784391868791475
escs_h,SWE,36,439.86506824934725,423.81767514468083,-16.047393104666412,3.876802080989244,471.1483784174664,458.0676992420849,-13.080679175381476,4.526032693456224,499.1452982615093,494.72082970323424,-4.424468558275066,5.115548083284533,528.0581551436194,508.2701921439687,-19.787962999650688,5.117487165020832,31.283310168119176,34.2500240974041,2.966713929284925,5.147585892358214,59.28023001216214,70.90315455855338,11.62292454639124,5.956821575926493,88.19308689427217,84.45251699928778,-3.7405698949843895,5.987347053827491,27.996919844042974,36.65313046114929,8.656210617106314,5.65144581627167,56.909776726152984,50.20249290188368,-6.707283824269304,5.716104427231011,28.91285688211001,13.549362440734393,-15.363494441375616,5.65052866735943
escs_h,TUR,36,423.2574010834486,421.7122364703344,-1.5451646131141956,4.200695515207256,439.72509953423986,447.7201973740465,7.995097839806647,3.8689586637372364,450.49210984979607,464.37153992107443,13.879430071278364,4.788995747511599,499.484642128875,522.348550529324,22.86390840044902,5.933541392551982,16.46769845079122,26.00796090371219,9.540262452920967,4.914932640215283,27.234708766347484,42.65930345074,15.424594684392513,5.84696136900453,76.22724104542645,100.63631405898965,24.4090730135632,7.1055851375020955,10.767010315556263,16.65134254702781,5.8843322314715465,5.13897959430484,59.75954259463524,74.62835315527745,14.86881056064221,7.212073465492774,48.99253227907898,57.97701060824966,8.984478329170678,6.961962733390641
escs_h,USA,36,424.2533425256437,421.1311374276529,-3.1222050979907863,6.561061793281244,445.76989499733764,452.2485096200932,6.478614622755572,8.495087805620571,472.87657421617007,469.43770556520695,-3.4388686509631157,11.460595561740176,519.0338784297368,520.1065530873635,1.0726746576267487,18.723599272385677,21.51655247169389,31.117372192440392,9.600819720746504,8.854458767650344,48.623231690526254,48.306568137554024,-0.3166635529722299,11.736431351213595,94.78053590409301,98.97541565971065,4.1948797556176345,19.501921272553005,27.10667921883236,17.18919594511363,-9.91748327371873,11.61335834941586,73.26398343239912,67.85804346727025,-5.405939965128866,18.78786910804975,46.15730421356675,50.66884752215662,4.511543308589864,13.14954939794862
escs_h,OECD,36,435.0014183962927,427.2929997764228,-7.708418619869917,0.7964269978093442,462.72710965988534,457.47780527846487,-5.2493043814204725,0.8937140981592411,489.4604544443135,485.45641481454186,-4.004039629771626,0.8703336212398158,519.730012588822,513.5738024016864,-6.156210187135571,1.0375436762338377,27.72569126359266,30.184805502042177,2.4591142384495193,1.0366544600333383,54.459036048020856,58.16341503811909,3.7043789900982347,0.9627170605876644,84.7285941925292,86.28080262526365,1.5522084327344459,1.209514200192873,26.73334478442819,27.978609536076902,1.2452647516487119,0.9695281123262761,57.00290292893656,56.095997123221466,-0.9069058057150912,1.1853805334142051,30.269558144508363,28.11738758714457,-2.1521705573637924,1.0576553229077257
escs_pca,AUS,36,440.9582652238457,433.7016134845555,-7.2566517392901915,3.309151865118291,472.88707290066134,466.11769628173187,-6.769376618929471,3.832000388605472,506.69503094980047,499.16553847275463,-7.529492477045835,3.8419554759833567,535.4643740814194,526.3269001332701,-9.13747394814925,3.978598188602631,31.928807676815648,32.416082797176365,0.4872751203607173,4.3625069973780635,65.73676572595488,65.46392498819914,-0.27284073775574313,4.5625569912232535,94.50610885757371,92.62528664871465,-1.8808222088590583,4.720410469160352,33.80795804913923,33.04784219102278,-0.7601158581164498,4.243178132322956,62.577301180758084,60.20920385153828,-2.3680973292198075,4.322263423688777,28.769343131618843,27.161361660515496,-1.607981471103347,3.9401409944637735
escs_pca,AUT,36,441.3532797829017,436.95493131385604,-4.398348469045686,4.881850777106777,473.46524144536716,470.0267990025316,-3.4384424428355373,5.351212743787625,507.51294260159256,495.19299190327683,-12.319950698315722,4.2704670218460015,537.5864440691914,522.9196863404424,-14.666757728749076,4.394984645279203,32.111961662465454,33.07186768867553,0.9599060262100778,6.0691291241317105,66.15966281869085,58.23806058942089,-7.921602229269958,5.247852651884992,96.23316428628979,85.96475502658635,-10.268409259703446,5.805420593798395,34.047701156225386,25.166192900745365,-8.881508255480021,5.5221771586640065,64.12120262382435,52.89288733791081,-11.228315285913538,5.735853082028208,30.073501467598952,27.726694437165442,-2.34680703043351,4.915042569798696
escs_pca,BEL,36,437.73310005421115,440.2800391224829,2.5469390682717403,4.999885458721885,471.3413967050875,466.4959780516045,-4.845418653483023,4.929525134903192,509.44219249905666,509.2611770284575,-0.18101547059916356,4.785864833218684,547.572286231073,542.8297053899389,-4.7425808411340995,4.587841242521175,33.608296650876255,26.2159389291216,-7.3923577217546566,5.5201064804671445,71.70909244484542,68.98113790597458,-2.727954538870847,6.026764824062342,109.83918617686189,102.5496662674561,-7.289519909405783,6.431040165508761,38.10079579396917,42.76519897685298,4.6644031828838095,5.1573199170120985,76.23088952598562,76.33372733833451,0.10283781234889489,5.821538140273575,38.13009373201645,33.56852836148151,-4.561565370534936,4.915399047559139
escs_pca,CAN,36,460.33012772120844,450.95641932498927,-9.373708396219172,3.2640801324981745,487.57789372414084,481.35825315437694,-6.219640569763897,3.5775746024878448,512.1502835375813,510.4636017515084,-1.6866817860729384,3.382612933475027,535.9246680487444,526.7051026736988,-9.21956537504559,3.911624191565114,27.247766002932327,30.401833829387662,3.1540678264553357,4.286931258497878,51.82015581637288,59.50718242651915,7.687026610146269,4.319209619719155,75.5945403275359,75.74868334870958,0.15414302117368095,4.480807435796528,24.57238981344056,29.10534859713149,4.53295878369093,3.930423349782478,48.34677432460359,45.34684951932191,-2.9999248052816796,4.608085908425742,23.774384511163028,16.24150092219042,-7.532883588972609,3.927857055257126
escs_pca,CHE,36,457.2821115522016,456.5987660928381,-0.6833454593635224,4.9132883420476245,491.91954988240167,483.53996702045436,-8.379582861947313,4.875645667401949,525.8366219947941,520.2079073931484,-5.628714601645697,5.316063160875137,566.0079515049767,561.5065229890868,-4.501428515889984,4.513551929933595,34.63743833020018,26.941200927616343,-7.69623740258384,5.17752177461867,68.55451044259254,63.60914130031033,-4.9453691422822175,6.273546314749992,108.72583995277527,104.90775689624873,-3.8180830565265467,6.307827747436989,33.917072112392354,36.66794037269399,2.750868260301637,5.7348225405904705,74.0884016225751,77.96655596863238,3.878154346057272,5.68019778517602,40.17132951018275,41.298615595938394,1.1272860857556424,5.535313207936719
escs_pca,CHL,36,388.431550521499,378.5495019476682,-9.882048573830787,4.111907696118179,401.81518585910146,390.8188471067704,-10.996338752331042,4.334154836277914,413.2443844651816,406.8183007796157,-6.426083685565914,4.542951462786844,451.9650813891246,450.31238435197565,-1.6526970371489256,4.727928746089254,13.383635337602419,12.269345159102159,-1.1142901785002604,5.0788132044374565,24.81283394368266,28.268798831947453,3.455964888264795,5.271410595208773,63.53353086762566,71.76288240430742,8.229351536681762,6.425498377359378,11.42919860608024,15.999453672845295,4.570255066765055,5.0965764591247735,50.149895530023244,59.49353724520527,9.343641715182024,5.3861713686206665,38.720696923943,43.49408357235997,4.773386648416967,5.284253054574674
escs_pca,COL,36,354.78666164301774,354.5704396814401,-0.21622196157761664,3.824640356628117,369.92383003994996,370.2310228653608,0.30719282541082293,4.563646944284307,385.29026140183475,386.61667433791234,1.3264129360775883,5.425566410467056,426.732502300977,430.04373430571223,3.3112320047352455,9.128410010828627,15.137168396932191,15.660583183920654,0.5234147869884627,5.263773307463027,30.50359975881691,32.04623465647224,1.5426348976553257,5.721711620737834,71.94584065795914,75.47329462427204,3.5274539663129048,10.01050878783716,15.366431361884718,16.38565147255158,1.0192201106668612,4.443055036267381,56.808672261026956,59.81271144035138,3.0040391793244225,8.910563658088714,41.44224089914224,43.427059967799806,1.9848190686575649,8.429581177029897
escs_pca,CZE,36,436.72612062379613,432.01067555092595,-4.715445072870182,4.801273208490806,472.86846148555543,464.24125938541385,-8.627202100141574,4.773818596520334,499.7419843836531,491.38790285536487,-8.354081528288248,4.697633981671611,540.9700342407651,535.1998980133363,-5.770136227428793,5.1490960921745295,36.14234086175942,32.23058383448784,-3.911757027271584,5.367514450334478,63.015863759857005,59.377227304438904,-3.6386364554181014,5.33133733337254,104.24391361696912,103.18922246241038,-1.0546911545587392,6.9257551178056715,26.873522898097594,27.146643469951066,0.2731205718534717,5.307319213962458,68.10157275520969,70.95863862792254,2.8570658727128517,5.9659929984387,41.22804985711209,43.81199515797148,2.5839453008593907,5.9614416774038075
escs_pca,DEU,36,435.9214968262093,422.0006116455523,-13.920885180657024,5.195964619103089,464.42211273052874,461.9296313177603,-2.492481412768427,6.221351696187826,490.4497746383008,487.840932918254,-2.6088417200468257,5.850953826063083,536.3267594815688,534.2076019564398,-2.119157525129026,5.574246282719807,28.500615904319467,39.929019672208064,11.428403767888597,6.5964060355531675,54.528277812091574,65.84032127270166,11.312043460610084,6.084440035078083,100.40526265535968,112.20699031088752,11.801727655527841,6.983009647289516,26.027661907772114,25.911301600493594,-0.11636030727851931,6.561720176848008,71.90464675104022,72.27797063867948,0.37332388763925906,6.857272538048753,45.8769848432681,46.36666903818587,0.48968419491777126,6.072701899005925
escs_pca,DNK,36,452.5524588982936,443.3751877389539,-9.177271159339682,3.964720699014126,482.6591644776255,465.820031919603,-16.83913255802247,4.665732515674185,509.5623945863043,490.45153487325854,-19.110859713045784,5.019532694577614,518.6455226656824,508.8061604978663,-9.839362167816091,4.7678745077575915,30.106705579331987,22.44484418064916,-7.661861398682827,5.666286428218604,57.00993568801082,47.07634713430468,-9.933588553706137,5.281904945391408,66.09306376738881,65.43097275891236,-0.6620910084764517,6.067799415521923,26.903230108678827,24.631502953655524,-2.271727155023303,6.26840637671904,35.986358188056826,42.986128578263205,6.999770390206379,5.871592143500137,9.083128079377996,18.354625624607685,9.271497545229689,6.299727734518138
escs_pca,ESP,36,436.7744332082593,422.32309838832435,-14.45133481993497,3.0190306098852213,459.1208676292981,444.85877462651933,-14.262093002778784,3.042811062622226,485.0503782186876,475.20101303783684,-9.849365180850782,3.305998520581216,516.7611492925923,501.7638627489847,-14.997286543607629,2.9971221402458723,22.346434421038868,22.53567623819503,0.18924181715616228,3.2816238839352754,48.27594501042837,52.87791464951251,4.601969639084139,3.7070190535608014,79.98671608433295,79.44076436066038,-0.545951723672573,3.9631680388314914,25.9295105893895,30.342238411317474,4.412727821927973,3.257531258041124,57.64028166329408,56.90508812246536,-0.7351935408287247,3.5119937367053584,31.710771073904585,26.562849711147884,-5.147921362756701,3.4501660757893124
escs_pca,EST,36,475.14665248398524,466.21019052099217,-8.936461962993064,4.255511315033143,494.5618946786952,494.4170143548067,-0.14488032388845795,4.542775586763468,520.9204874261922,526.5759167822092,5.655429356017066,4.781422609593024,551.4626579743283,549.5852478229576,-1.8774101513706682,4.575419469139147,19.41524219470994,28.20682383381461,8.79158163910467,5.33266391832558,45.77383494220694,60.36572626121706,14.591891319010124,5.659695386754681,76.316005490343,83.37505730196548,7.059051811622481,6.338735881241126,26.358592747497,32.15890242740245,5.800309679905453,5.062436395920031,56.900763295633055,55.16823346815088,-1.7325298274821748,5.382586753245886,30.542170548136063,23.009331040748428,-7.532839507387635,5.185247489312834
escs_pca,FIN,36,451.56066578584057,436.79257699959345,-14.76808878624712,3.5933261955857105,468.4891422244609,457.9547018020286,-10.53444042243234,3.980188911360133,498.67251200827593,487.86526619406266,-10.807245814213275,4.243271017214545,525.6592407383849,515.5007923308431,-10.158448407541869,3.836987207124997,16.9284764386204,21.162124802435063,4.2336483638146625,4.253232381710239,47.1118462224354,51.07268919446914,3.9608429720337384,4.512093948002023,74.09857495254433,78.70821533124946,4.609640378705137,4.43896850173215,30.183369783815,29.910564392034082,-0.272805391780917,4.563732535700515,57.170098513923925,57.546090528814396,0.3759920148904712,4.607809055172645,26.986728730108922,27.635526136780317,0.6487974066713953,4.824958507149533
escs_pca,FRA,36,428.4938639135318,421.1372687138913,-7.356595199640537,4.656731654448063,456.93139895390306,445.88685117734786,-11.044547776555191,4.856643237660927,487.15967636313763,476.4080639169882,-10.751612446149409,5.946909640083711,531.5500525279226,519.9441550999261,-11.605897427996524,5.16691604204065,28.437535040371195,24.749582463456647,-3.6879525769145474,5.591037984953826,58.665812449605845,55.27079520309694,-3.395017246508907,6.389138125444963,103.05618861439072,98.8068863860348,-4.249302228355916,6.477485557122748,30.228277409234646,30.521212739640298,0.29293533040565123,5.380622701982858,74.61865357401953,74.05730392257817,-0.5613496514413612,5.880540288730055,44.39037616478489,43.53609118293786,-0.8542849818470302,5.296975188079786
escs_pca,GBR,36,460.67159069845565,452.2012043311256,-8.470386367330036,4.6389955783251535,477.3747074112425,477.07791161511693,-0.29679579612559337,4.271872083541477,503.75631208064243,504.019290889427,0.2629788087845668,5.297152039689507,536.8520274402749,544.7048392518269,7.852811811551987,6.708477748607195,16.703116712786787,24.876707283991315,8.173590571204528,5.819132240060725,43.084721382186686,51.81808655830143,8.733365176114745,6.630343047801536,76.18043674181922,92.50363492070123,16.32319817888201,8.254232748926071,26.3816046693999,26.941379274310115,0.559774604910217,5.807883202389877,59.477320029032434,67.62692763670994,8.149607607677503,7.635673021150434,33.095715359632536,40.68554836239981,7.589833002767271,6.961426256777514
escs_pca,GRC,36,402.31196924518963,389.78253517743684,-12.529434067752788,4.403480754538991,416.1608694223336,410.8905557524041,-5.270313669929465,4.858968723593068,434.6384633996164,437.97504329784294,3.336579898226546,5.559617369704917,470.88295278249853,470.85192897133777,-0.03102381116076458,5.677886888787091,13.848900177143907,21.10802057496724,7.2591203978233345,5.397405687771785,32.326494154426726,48.1925081204061,15.866013965979377,6.020269039336836,68.57098353730888,81.06939379390101,12.498410256592138,6.896033609194093,18.477593977282815,27.08448754543886,8.606893568156046,4.808636560208096,54.72208336016497,59.96137321893375,5.239289858768778,5.7227877668509075,36.24448938288215,32.87688567349489,-3.367603709387261,6.1398910499423405
escs_pca,HUN,36,420.7062026960781,411.72516688747345,-8.981035808604645,5.185276001580383,452.9245915680775,444.5717891318844,-8.352802436193144,4.77771081471446,488.3461903835758,477.347930947533,-10.998259436042815,5.79712615980284,533.4038880854093,517.5691690268862,-15.834719058523092,6.2189107453057675,32.218388871999544,32.84662224441083,0.6282333724112874,5.778296691978915,67.63998768749768,65.62276406005942,-2.0172236274382556,7.040717565359507,112.69768538933121,105.84400213941281,-6.853683249918404,8.134533304945581,35.42159881549814,32.77614181564859,-2.64545699984955,5.6907592563249425,80.47929651733168,72.99737989500196,-7.48191662232972,7.305320078751788,45.05769770183354,40.22123807935336,-4.836459622480177,6.744452955177266
escs_pca,IRL,36,458.6486457257732,445.92555548607106,-12.723090239702117,3.803431399402773,479.8280003444535,465.2354729482992,-14.59252739615431,3.9972454814078304,503.54669109244213,496.40402821507894,-7.142662877363193,4.656421118124373,528.1731336237398,521.3513188238052,-6.8218147999346,3.8700563400485026,21.17935461868031,19.30991746222815,-1.869437156452161,4.7133455244884646,44.898045366668946,50.47847272900786,5.5804273623389165,5.12976897938074,69.52448789796662,75.42576333773414,5.901275439767517,5.130910476939674,23.71869074798864,31.168555266779713,7.449864518791074,5.240382032289601,48.34513327928631,56.11584587550597,7.77071259621966,4.993409115388092,24.62644253129767,24.947290608726256,0.320848077428586,4.9766534263990785
escs_pca,ISL,36,425.60704556826965,426.30284819834606,0.6958026300764004,4.427543511093921,453.3239569093015,449.0803510018147,-4.243605907486824,4.914447840653884,474.67585779000126,470.2805965951085,-4.395261194892782,4.263037255120304,488.14346119820937,492.18108359348696,4.0376223952775945,4.50484676466406,27.7169113410318,22.777502803468643,-4.939408537563157,6.915362076370121,49.068812221731534,43.977748396762465,-5.091063824969069,6.319985441888637,62.536415629939675,65.87823539514096,3.3418197652012864,6.370604328255411,21.35190088069973,21.200245593293822,-0.15165528740590872,6.46429105346907,34.81950428890788,43.10073259167231,8.281228302764433,6.537584194212613,13.467603408208152,21.90048699837849,8.432883590170338,6.032996149406949
escs_pca,ISR,36,402.68962715943417,398.4545514937247,-4.2350756657094735,5.304911360154812,443.1521477448534,435.3410543140083,-7.811093430845062,5.2944987836293755,489.630786352386,470.52642764822986,-19.10435870415614,6.957011886621442,517.683192184879,497.76851734165587,-19.91467484322311,6.312552576476483,40.46252058541926,36.88650282028355,-3.5760177651357097,6.515230360164293,86.94115919295174,72.07187615450513,-14.86928303844661,7.239529731711217,114.99356502544478,99.3139658479311,-15.67959917751368,7.5262341523826075,46.478638607532474,35.18537333422158,-11.293265273310894,6.572851675347631,74.53104444002552,62.42746302764756,-12.103581412377963,6.7054695325440665,28.052405832493054,27.242089693425974,-0.8103161390670799,6.776618760221306
escs_pca,ITA,36,435.9709999516027,431.22061006266347,-4.750389888939253,4.777205031006882,461.70603901646916,456.81786333861703,-4.888175677852132,5.2591642001711065,480.1224470173417,479.91777477552193,-0.20467224181976462,5.602344663505546,510.85639840970373,511.8490276068336,0.9926291971298724,6.698787523975173,25.735039064866505,25.597253275953506,-0.13778578891299986,5.51040979947763,44.151447065739085,48.69716471285849,4.545717647119403,6.0411456132289185,74.885398458101,80.62841754417006,5.743019086069069,7.551716761298178,18.416408000872583,23.099911436904982,4.6835034360323995,5.728814005094961,49.150359393234496,55.03116426821657,5.880804874982076,6.69984199792723,30.733951392361917,31.931252831311582,1.1973014389496655,5.818184547677863
escs_pca,JPN,36,499.0063583908832,484.2151307537665,-14.791227637116663,6.952781158599204,528.0349341740904,518.4119745440041,-9.622959630086257,6.7913162231706234,547.7663118574275,539.6231265160484,-8.14318534137908,6.068498971917886,570.1110856036177,570.6662639773476,0.5551783737299729,7.682425353997903,29.028575783207053,34.196843790237715,5.168268007030662,6.919487279741669,48.7599534665442,55.40799576228194,6.648042295737746,7.558596455216948,71.10472721273437,86.45113322358108,15.346406010846707,9.793012425479409,19.731377683337143,21.211151972044227,1.479774288707084,6.547718298793959,42.076151429527314,52.25428943334337,10.178138003816052,8.03853251979052,22.344773746190175,31.043137461299136,8.698363715108961,7.055805362323072
escs_pca,KOR,36,488.51158621122113,474.43176812918927,-14.079818082031863,7.243808588977978,514.3959248657756,516.0049025466337,1.6089776808581746,7.1265331746570135,538.299001055225,541.5145017822708,3.215500727045878,6.2304128430446175,572.1162769360911,571.4798793466657,-0.6363975894254281,7.759794258853687,25.884338654554472,41.5731344174444,15.688795762889928,6.869048412148369,49.78741484400373,67.0827336530815,17.295318809077777,7.376177916964127,83.60469072487001,97.04811121747642,13.443420492606407,8.843688067632154,23.90307618944926,25.509599235637086,1.606523046187828,6.751956271582776,57.72035207031554,55.47497680003202,-2.2453752702835246,8.02405571381436,33.81727588086628,29.96537756439493,-3.8518983164713525,7.414092579743012
escs_pca,LTU,36,435.70500693330075,436.99994377168895,1.294936838388196,4.017157563611595,460.2642024081998,463.30387195139326,3.0396695431934404,3.611000197795569,491.1346408170343,492.0479342701209,0.9132934530865668,4.190521738878555,518.2960227594539,513.6059266775317,-4.690096081922206,4.866941216057738,24.55919547489894,26.30392817970441,1.7447327048054717,4.74253355812445,55.42963388373353,55.04799049843198,-0.38164338530155106,5.222578377966275,82.59101582615308,76.60598290584278,-5.985032920310303,6.435711492437824,30.87043840883458,28.74406231872756,-2.1263760901070192,4.815297979248262,58.031820351254126,50.302054726138365,-7.7297656251157605,5.7603206075267295,27.161381942419546,21.5579924074108,-5.603389535008745,5.171888818690431
escs_pca,LVA,36,451.21758899139047,435.98007147225036,-15.237517519140113,3.9842475470704364,468.92369476673156,460.13367005230305,-8.790024714428512,4.276279582446555,492.92596653786256,480.33001286670526,-12.595953671157304,4.294150384878495,522.2351744156265,502.43252493490763,-19.802649480718856,4.119261834790276,17.70610577534104,24.153598580052652,6.447492804711612,5.049644565591118,41.70837754647212,44.34994139445486,2.641563847982738,5.0796933403390305,71.017585424236,66.45245346265733,-4.565131961578672,5.277891798279179,24.00227177113108,20.196342814402204,-3.805928956728877,5.36145849372048,53.31147964889497,42.29885488260467,-11.012624766290294,5.576768494408906,29.30920787776388,22.10251206820247,-7.20669580956141,5.685959204282396
escs_pca,MEX,36,373.35503492749945,366.1342293599154,-7.220805567584023,3.146870156253004,384.0038407044075,379.35927406839824,-4.644566636009245,3.380066535159823,397.5065130381694,390.52468714000764,-6.9818258981617305,4.657932413152575,426.1084327922513,421.20275374130205,-4.905679050949232,5.382073574732476,10.648805776908024,13.225044708482795,2.576238931574771,3.769823082126901,24.151478110669927,24.390457780092255,0.23897966942232785,4.894226531984844,52.75339786475181,55.068524381386645,2.315126516634834,5.857202080833275,13.502672333761904,11.165413071609459,-2.337259262152445,4.353631716777075,42.104592087843784,41.843479672903854,-0.2611124149399302,5.599371864487253,28.601919754081877,30.678066601294393,2.0761468472125166,5.408888992286727
escs_pca,NLD,36,452.24563892405257,445.6107931689153,-6.634845755137292,6.754998243112371,467.97510856195265,470.30961404737855,2.3345054854258933,6.8055046879061845,514.5274794842978,509.0993606867336,-5.428118797564252,7.258855725389277,549.4755455449488,545.3692332173501,-4.10631232759863,5.330504063818094,15.729469637900149,24.6988208784633,8.969351240563153,6.95017970851605,62.28184056024526,63.488567517818275,1.206726957573018,9.426650277180237,97.22990662089613,99.75844004843495,2.528533427538818,8.503476770802509,46.552370922345105,38.78974663935498,-7.762624282990124,7.953628116281047,81.50043698299598,75.05961916997164,-6.4408178130243385,7.069412653517832,34.94806606065087,36.26987253061667,1.321806469965793,7.564473192009638
escs_pca,NOR,36,435.2951925175729,411.80178699470525,-23.493405522867647,3.999065770227372,459.4022377274391,442.55616109667216,-16.84607663076696,4.592534404299567,482.83641623432396,477.4364960406534,-5.399920193670539,4.181680562342748,507.45710498484425,496.4311125819995,-11.025992402844736,5.0437380678548145,24.107045209866083,30.754374101966924,6.647328892100841,5.127925225910314,47.54122371675105,65.63470904594814,18.093485329197094,5.251403801975156,72.16191246727126,84.62932558729426,12.467413120022997,6.12915195548624,23.43417850688496,34.88033494398121,11.44615643709625,5.048874045805736,48.05486725740518,53.87495148532734,5.820084227922159,5.712632307881333,24.620688750520213,18.994616541346126,-5.626072209174087,5.382805961407871
escs_pca,NZL,36,433.43358016186755,445.3585148251806,11.924934663313024,4.439640885922929,471.8953299630483,468.234367267741,-3.660962695307319,5.250372668625516,502.47793254736814,500.7320516295187,-1.7458809178494334,5.170891490952775,528.2860034284511,538.0914457909525,9.80544236250148,5.057482955566979,38.4617498011808,22.87585244256038,-15.585897358620421,5.96396229549886,69.0443523855007,55.37353680433819,-13.670815581162515,6.359201639464833,94.85242326658356,92.73293096577193,-2.119492300811629,6.704784036217025,30.582602584319897,32.497684361777814,1.9150817774579174,6.733714622019015,56.390673465402756,69.85707852321154,13.466405057808785,7.297279136056479,25.80807088108286,37.35939416143373,11.551323280350868,6.909194318168228
escs_pca,POL,36,453.5689186593205,450.8452026287211,-2.7237160305994053,4.190493252950318,470.85981691720207,468.778922846296,-2.0808940709060835,4.322055824887006,501.46211052030213,503.6774309250469,2.215320404744773,5.7066034212413514,536.8494406441562,532.0247736759654,-4.824666968190741,5.322012980197389,17.290898257881576,17.933720217574923,0.6428219596933467,4.732060509694851,47.89319186098161,52.83222829632582,4.939036435344214,6.1006333755889335,83.28052198483567,81.1795710472444,-2.1009509375912785,6.748800644722957,30.60229360310003,34.8985080787509,4.296214475650871,5.879663553933335,65.98962372695411,63.245850829669465,-2.743772897284643,6.404304131305462,35.38733012385408,28.347342750918568,-7.03998737293551,5.794128039919211
escs_pca,PRT,36,430.25711176811245,418.399725072026,-11.85738669608645,4.738776524261562,452.18208232595487,441.7131477083379,-10.46893461761698,5.609783884847381,483.9490222502298,474.0156231051583,-9.933399145071519,6.388683890221129,525.8445044073136,519.0284877000325,-6.816016707281051,5.365878422304689,21.924970557842403,23.313422636311877,1.3884520784694736,4.876186402614503,53.69191048211731,55.61589803313234,1.9239875510150313,6.012220855314446,95.58739263920113,100.62876262800656,5.041369988805428,6.648106180720044,31.766939924274897,32.30247539682047,0.5355354725455719,5.839970929575474,73.66242208135873,77.31533999169467,3.652917910335944,6.7674018654384165,41.895482157083826,45.01286459487421,3.1173824377903827,6.608448786750552
escs_pca,SVK,36,408.9978666601617,416.10713469514593,7.109268034984211,6.103713728687277,453.1742040561743,460.43388770633027,7.259683650155978,5.578991465417232,475.40960747696136,487.6202173491344,12.210609872173052,5.622464468129386,525.4178250439976,533.7411331616136,8.323308117615966,5.872646378162791,44.17633739601261,44.32675301118423,0.1504156151716174,6.361003087142733,66.41174081679955,71.51308265398839,5.101341837188841,7.833428555942597,116.4199583838359,117.63399846646762,1.214040082631712,8.690509048610208,22.235403420786945,27.186329642804157,4.9509262220172126,6.573910632464945,72.24362098782328,73.3072454552834,1.0636244674601159,7.5569645892715,50.00821756703634,46.12091581247923,-3.8873017545571074,6.1234262113595825
escs_pca,SVN,36,443.51489857359877,426.92691749046327,-16.587981083135503,4.038439680232307,469.84827574725733,447.99666872311525,-21.851607024142083,4.225265423020258,503.6497107554927,480.4712703232607,-23.178440432232037,4.092744546063568,523.7440098522686,505.9204304975009,-17.82357935476773,3.683951683901939,26.3333771736586,21.069751232651992,-5.263625941006609,5.434403135349225,60.13481218189403,53.54435283279749,-6.590459349096534,5.858602856162798,80.22911127866992,78.99351300703768,-1.2355982716322416,5.743850660898405,33.80143500823543,32.474601600145505,-1.3268334080899251,6.015008735521462,53.89573410501132,57.923761774385675,4.028027669374353,6.090111981299425,20.094299096775888,25.449160174240166,5.354861077464278,5.972091164514218
escs_pca,SWE,36,439.9228336839531,423.56740609326164,-16.355427590691477,3.8884507674084845,468.1849579004928,456.3466936146383,-11.838264285854507,5.177774339692178,498.87224015026413,491.22634230842203,-7.6458978418421,4.593530974763539,531.2256772831648,513.7364452044174,-17.489232078747477,5.281643461612649,28.262124216539654,32.77928752137673,4.5171633048370765,5.9166022297174745,58.94940646631103,67.65893621516038,8.709529748849349,5.342297750823514,91.30284359921166,90.16903911115578,-1.1338044880558726,6.3192876129297195,30.68728224977138,34.87964869378365,4.192366444012272,5.969343023338657,63.040719382672,57.38975158977905,-5.650967792892949,6.0299874177354225,32.35343713290062,22.510102895995395,-9.843334236905228,5.570096734019025
escs_pca,TUR,36,424.1467182343778,424.7803123715527,0.6335941371749527,4.073906071469532,439.5618024662625,445.81894454273896,6.257142076476441,3.951970957125027,450.13902553404097,462.4857166565374,12.346691122496452,4.704569089795041,499.08784640480064,523.0790571067863,23.991210701985665,5.873525230937895,15.4150842318848,21.038632171186215,5.623547939301416,4.998575451207667,25.992307299663203,37.70540428498468,11.713096985321478,5.777222120038813,74.9411281704228,98.29874473523371,23.35761656481091,7.244532605464246,10.577223067778402,16.666772113798466,6.089549046020064,4.7709281207202965,59.526043938537995,77.26011256404749,17.734068625509494,6.783079240909739,48.948820870759604,60.59334045024902,11.644519579489419,6.959936435082584
escs_pca,USA,36,425.0920043998073,422.39834563615693,-2.693658763650376,6.817899136388827,443.4510161412969,449.96059203477745,6.50957589348053,8.232234509849947,472.80904939974516,468.6885335249225,-4.120515874822672,12.207453385844815,520.5595682153769,521.9356074763562,1.3760392609792689,17.70249052856084,18.3590117414896,27.56224639862048,9.203234657130881,9.254995046225597,47.71704499993784,46.2901878887656,-1.4268571111722395,12.25818728533705,95.46756381556946,99.53726184019916,4.069698024629702,18.462355464875035,29.358033258448245,18.727941490145117,-10.630091768303128,11.843353487020925,77.10855207407988,71.97501544157868,-5.133536632501205,16.99726540738465,47.75051881563163,53.24707395143355,5.49655513580192,13.185338384667233
escs_pca,OECD,36,436.0813113422423,428.73975207294006,-7.341559269302252,0.7615371001190859,461.23919316332757,455.3354033033115,-5.903789860016047,0.8948138332404193,488.3391861346985,483.3172561038315,-5.021930030866997,0.856346132356856,521.2621749052174,516.4075753989177,-4.854599506299678,1.001047203313683,25.157881821085265,26.595651230371363,1.4377694092860978,0.986343315760282,52.25787479245612,54.57750403089136,2.3196292384352404,0.9175846215924721,85.18086356297515,87.66782332597774,2.486959763002588,1.1746874770637232,27.09999297137086,27.98185280052,0.8818598291491391,0.9427335955129988,60.02298174188987,61.072172095606376,1.0491903537165044,1.1260554518966714,32.92298877051902,33.090319295086374,0.16733052456735464,0.989014672032949
hisei_h,AUS,36,448.93970672288214,444.8751233794234,-4.0645833434587075,3.384258208819194,485.86959792948556,476.9011736534345,-8.968424276051053,3.1989489761766765,505.00991749340164,496.14701792226435,-8.86289957113729,4.226829540264591,531.6441460500682,522.5322032369254,-9.111942813142832,4.001368474659734,36.92989120660339,32.02605027401094,-4.903840932592452,4.0533961873943785,56.070210770519566,51.271894542840855,-4.798316227678711,4.4396296438887,82.70443932718612,77.6570798575019,-5.047359469684224,4.523734182662405,19.140319563916165,19.245844268829917,0.10552470491375132,4.483028631351811,45.774548120582736,45.631029583490964,-0.1435185370917722,4.354220357011595,26.634228556666567,26.38518531466105,-0.24904324200551642,4.0543860193250385
hisei_h,AUT,36,451.91583057083443,448.1504517651515,-3.7653788056829285,4.882653049995059,485.3170642634371,483.4012618395271,-1.9158024239100087,5.528804563459069,508.57609891128925,496.9506532605974,-11.625445650691859,4.666204496085195,534.4393065014899,517.6375747498125,-16.80173175167738,4.331836732298247,33.401233692602624,35.250810074375636,1.8495763817730122,6.464110343786464,56.660268340454806,48.80020149544593,-7.860066845008873,6.198435235211326,82.52347593065544,69.48712298466113,-13.03635294599431,5.464414969441911,23.25903464785218,13.5493914210703,-9.709643226781878,5.852134649392503,49.122242238052806,34.23631291028549,-14.885929327767315,6.308059719313107,25.863207590200624,20.686921489215187,-5.176286100985436,5.7541589579627495
hisei_h,BEL,36,443.5306324780173,444.14700301501455,0.6163705369972377,4.306772750171319,482.93841814207127,489.0871235226572,6.148705380585909,4.365670620798817,517.423898039981,517.3754456543309,-0.04845238565019372,5.582752232625812,540.1968960309898,533.3125911728491,-6.884304858140695,4.374217119769604,39.407785664053996,44.94012050764268,5.532334843588686,5.016755769086453,73.89326556196374,73.22844263931636,-0.6648229226473887,5.981885475733328,96.6662635529726,89.16558815783466,-7.500675395137932,5.863916605218754,34.48547989790974,28.28832213167367,-6.197157766236071,5.773544718244283,57.258477888918605,44.22546765019199,-13.033010238726618,4.875447107292379,22.772997991008868,15.93714551851832,-6.835852472490547,5.698268550195018
hisei_h,CAN,36,467.1071200708522,459.9913775239671,-7.1157425468850874,3.3324614926540943,499.9456145729026,493.27181920407037,-6.673795368832259,3.106656525665776,511.6837402008714,506.9932826117527,-4.690457589118694,3.550022124988785,534.7757514305442,526.4997800415784,-8.275971388965786,3.8541828622647345,32.83849450205042,33.28044168010332,0.4419471780528994,4.403887254230312,44.57662013001917,47.00190508778566,2.425284957766486,4.3330422218142965,67.66863135969201,66.50840251761142,-1.160228842080599,4.241862646473187,11.738125627968747,13.72146340768233,1.9833377797135832,4.097310456471513,34.83013685764159,33.22796083750809,-1.6021760201334985,4.1234337196655,23.092011229672842,19.506497429825764,-3.585513799847078,4.064049368857724
hisei_h,CHE,36,464.65483220807164,459.8727138345713,-4.782118373500339,5.189146613015717,500.25645253777674,497.30541001742466,-2.9510425203520754,5.037803250762825,533.20152131079,531.2242122460448,-1.9773090647452136,4.70533855248413,558.7793413454117,553.6936484289364,-5.0856929164752955,5.693265932868068,35.60162032970511,37.43269618285342,1.831075853148306,5.818406660306914,68.54668910271843,71.35149841147351,2.8048093087550825,6.107916136128762,94.1245091373401,93.8209345943652,-0.30357454297489994,7.184390880120227,32.945068773013325,33.918802228620095,0.9737334556067694,5.422492047183206,58.52288880763499,56.38823841151179,-2.134650396123199,6.41336573264589,25.577820034621663,22.469436182891695,-3.1083838517299682,6.829765255197802
hisei_h,CHL,36,395.8288684238822,383.22947872170425,-12.599389702177973,4.146983147816335,403.91703282314717,399.3289590436702,-4.588073779476986,4.729678721230561,421.56865006681966,420.73672599912754,-0.831924067692114,4.963007728941436,450.1642085666607,447.97489244246543,-2.1893161241952726,4.3493247980488885,8.088164399264945,16.09948032196592,8.011315922700975,5.764921230309173,25.739781642937494,37.507247277423346,11.767465634485852,6.313917912822725,54.33534014277848,64.74541372076123,10.410073577982757,5.8722807134893555,17.651617243672547,21.407766955457426,3.7561497117848788,5.938533395641048,46.24717574351353,48.6459333987953,2.39875765528177,5.860263820300476,28.595558499840983,27.238166443337878,-1.3573920565031052,5.371944721800679
hisei_h,COL,36,359.2964808061544,360.17106641111684,0.8745856049624194,3.896624620302928,373.86519107437965,379.02196549679985,5.156774422420199,4.513164664209285,388.8722981703542,399.3573576560602,10.48505948570596,5.702647340492863,420.1325862858953,422.2367561444572,2.1041698585619315,8.267616856002098,14.568710268225214,18.85089908568288,4.282188817457666,4.7805577205684875,29.575817364199878,39.186291244943305,9.610473880743427,5.527822618878319,60.83610547974085,62.06568973334024,1.2295842535993913,8.745584139889482,15.007107095974664,20.335392159260426,5.328285063285762,5.70910321248288,46.26739521151565,43.21479064765736,-3.0526045638582886,8.547173771926992,31.26028811554098,22.879398488396937,-8.380889627144043,6.851604550922593
hisei_h,CZE,36,438.3790072654323,441.5782786739652,3.1992714085329226,4.276142599060033,482.95031483762375,478.41258045045697,-4.537734387166779,5.066883569940035,505.07224917054157,498.3042587268401,-6.767990443701478,4.707355426307563,537.8761770029506,529.5611269008571,-8.31505010209355,5.252606388745493,44.571307572191536,36.83430177649172,-7.737005795699815,5.137288221205955,66.69324190510925,56.72598005287489,-9.967261852234358,5.332714446804483,99.49716973751828,87.98284822689182,-11.51432151062646,6.4795613981782445,22.12193433291771,19.891678276383164,-2.2302560565345466,5.503263509629972,54.92586216532675,51.14854645040009,-3.777315714926658,6.518157456930641,32.803927832409045,31.256868174016926,-1.5470596583921186,5.907851339225343
hisei_h,DEU,36,444.9554207025918,436.5607644016791,-8.394656300912743,5.438876094529038,475.75753828380346,474.0982100463076,-1.6593282374958562,5.380115331070389,494.4843609169869,496.5778628210634,2.093501904076504,7.250031263694487,536.4639143178351,531.0861804030486,-5.377733914786518,5.014553815402569,30.80211758121167,37.53744564462855,6.735328063416876,6.170582755071,49.52894021439498,60.017098419384254,10.488158204989276,7.35162290968915,91.50849361524334,94.52541600136952,3.0169223861261827,6.816308521530905,18.726822633183303,22.479652774755703,3.7528301415723995,7.6158788093282626,60.706376034031656,56.98797035674098,-3.7184056772906757,6.1471368018476475,41.97955340084835,34.50831758198528,-7.471235818863072,7.580613086604439
hisei_h,DNK,36,459.105229978848,455.18059337994436,-3.9246365989036462,4.724717075877678,489.2108968640825,475.4459753572125,-13.764921506869996,4.855482904337407,505.69559665386566,492.65981848245303,-13.03577817141263,6.345364956575808,519.2060574025428,505.25229842315287,-13.953758979389931,4.867952480430938,30.1056668852344,20.265381977268145,-9.840284907966254,6.76363360715372,46.590366675017734,37.4792251025086,-9.111141572509133,6.838714424524822,60.10082742369484,50.07170504320839,-10.029122380486449,6.3228426511010944,16.48469978978334,17.21384312524045,0.7291433354571133,7.811608924720614,29.995160538460432,29.806323065940244,-0.1888374725201878,6.469903395429091,13.510460748677094,12.592479940699793,-0.9179808079773011,7.783210990781964
hisei_h,ESP,36,443.4871030637766,428.5139014122181,-14.973201651558497,2.947376527850076,465.5952090882729,453.58594198955944,-12.009267098713451,3.1271441665069237,490.5912287799856,480.48602189306195,-10.105206886923668,3.1625110031731816,512.0680095847749,494.83331383432017,-17.23469575045476,2.94141604487614,22.108106024496273,25.07204057734137,2.963934552845096,3.509906933201474,47.10412571620903,51.97212048084382,4.867994764634787,3.509749116172649,68.58090652099835,66.31941242210205,-2.261494098896307,3.587764535159207,24.996019691712764,26.90007990350245,1.9040602117896874,3.4016924456033695,46.4728004965021,41.24737184476068,-5.225428651741424,3.5997082207699163,21.476780804789335,14.34729194125823,-7.129488863531105,3.4237519849454543
hisei_h,EST,36,476.8575544437758,467.2099592981288,-9.647595145647017,4.634066283786512,504.94177969484616,507.52734815570994,2.585568460863783,5.093049782728723,529.8689464822726,531.4373434436563,1.568396961383769,4.098958597515046,543.4347949470588,541.0216979763087,-2.4130969707500753,4.5154885860043805,28.084225251070414,40.31738885758116,12.233163606510743,5.921147093332184,53.01139203849681,64.22738414552757,11.215992107030758,5.625014731548691,66.577240503283,73.81173867817986,7.234498174896871,6.151183791802051,24.927166787426394,23.909995287946394,-1.0171714994799999,5.688499882781995,38.49301525221257,33.494349820598714,-4.998665431613858,5.575679227817189,13.565848464786177,9.584354532652322,-3.981493932133855,4.825555696997688
hisei_h,FIN,36,454.2563472708953,443.9469973656302,-10.309349905265094,3.695580190268199,476.2666045565969,469.55708065729067,-6.709523899306248,4.1408129694452205,502.38280734939764,496.5207608567501,-5.862046492647551,4.066173874669321,525.3608742971617,509.2142148657805,-16.14665943138118,4.281819670741752,22.01025728570166,25.610083291660544,3.599826005958885,4.480514906263706,48.12646007850235,52.57376349111989,4.4473034126175435,4.563092813404812,71.10452702626648,65.2672175001504,-5.837309526116087,5.286565191806036,26.116202792800692,26.963680199459354,0.8474774066586619,4.794412760599817,49.094269740564826,39.65713420848986,-9.437135532074969,5.182452269542341,22.978066947764137,12.6934540090305,-10.284612938733638,5.3476031847864895
hisei_h,FRA,36,438.132762216846,432.6337710719069,-5.498991144939112,4.436315200831775,469.6039485437027,463.00958910257157,-6.594359441131132,5.978362949449155,493.3741086405947,484.38514463325583,-8.988964007338893,5.08176090822719,529.6600101490968,515.36450617237,-14.295503976726764,4.780719351700072,31.471186326856763,30.375818030664618,-1.0953682961921452,6.256831378885535,55.24134642374876,51.75137356134884,-3.4899728623999167,6.113430646376271,91.52724793225087,82.73073510046314,-8.796512831787737,5.759551778410354,23.770160096891992,21.37555553068422,-2.3946045662077715,5.604698717491928,60.05606160539412,52.3549170697985,-7.701144535595617,5.573028214875715,36.28590150850212,30.97936153911428,-5.306539969387842,4.87608743786097
hisei_h,GBR,36,463.92757870178093,456.66866829531216,-7.258910406468772,4.099418043628514,491.0585490616024,492.43177736069526,1.3732282990928866,5.211259621135449,510.9724622528911,518.6840209587397,7.711558705848574,5.164988122725659,529.7252979768704,528.417785771295,-1.3075122055753354,6.015208592594258,27.1309703598214,35.76310906538307,8.632138705561669,6.272555107458632,47.044883551110054,62.01535266342739,14.970469112317339,6.434838044115767,65.79771927508932,71.74911747598273,5.951398200893408,7.125562036860648,19.91391319128865,26.252243598044323,6.338330406755674,5.955097264411315,38.66674891526793,35.986008410599666,-2.6807405046682646,6.616563102149216,18.75283572397928,9.733764812555341,-9.01907091142394,6.550934333697009
hisei_h,GRC,36,406.7462559960512,394.03574923026264,-12.71050676578858,4.212536546080349,418.37883274240465,423.7046076905066,5.325774948101923,5.666331476283345,442.73252928266845,447.1288102582351,4.39628097556664,5.074501575320918,472.48500078168144,466.18798573219755,-6.297015049483889,5.223127135213061,11.632576746353488,29.66885846024393,18.03628171389044,5.663351619710131,35.986273286617234,53.09306102797251,17.106787741355276,5.696436551317969,65.73874478563025,72.15223650193495,6.413491716304705,5.997816560433489,24.353696540263748,23.42420256772858,-0.9294939725351661,5.819750713234536,54.10616803927676,42.483378041691026,-11.622789997585734,5.9656616524868715,29.752471499013005,19.059175473962444,-10.69329602505056,5.300985824161959
hisei_h,HUN,36,415.3273807921435,416.19792596556636,0.8705451734228404,5.454524282713367,469.6999989171715,456.8292728705974,-12.870726046574134,4.7890907326705205,493.0857785316304,482.37769798011385,-10.70808055151656,5.886367500948001,533.0764338168922,512.6025621234812,-20.473871693410956,6.0913541428525635,54.372618125028,40.6313469050311,-13.741271219996896,5.718271437690223,77.75839773948695,66.17977201454744,-11.578625724939513,7.133353721342458,117.74905302474875,96.4046361579149,-21.344416866833853,8.34785307305626,23.385779614458936,25.548425109516337,2.162645495057401,6.119054379818834,63.37643489972074,55.77328925288377,-7.603145646836971,7.161322661454599,39.99065528526181,30.224864143367444,-9.765791141894365,6.724445856559296
hisei_h,IRL,36,463.13325163708515,449.37821015874044,-13.755041478344708,3.558233334933388,489.140565611676,478.270702586725,-10.869863024950973,4.607538915513902,505.16266459396684,500.4727808771224,-4.689883716844463,4.304278321909263,518.3293508200743,510.7495226893554,-7.579828130718909,3.8010610914543665,26.007313974590847,28.89249242798461,2.885178453393763,5.127728104381324,42.029412956881735,51.09457071838194,9.065157761500203,4.775528417355184,55.19609918298913,61.37131253061504,6.175213347625913,4.481056716860611,16.022098982290892,22.202078290397328,6.179979308106436,6.058707294742561,29.18878520839828,32.47882010263043,3.29003489423215,5.183805319073535,13.166686226107391,10.276741812233103,-2.8899444138742876,4.841743065108187
hisei_h,ISL,36,437.7260597388496,438.72144638090896,0.9953866420593727,4.82333765271988,462.8179049629474,455.67520945540866,-7.142695507538747,4.732110254051985,472.6927050585329,476.216939091955,3.52423403342209,5.2622458750112875,491.1580550553487,490.27903040792427,-0.8790246474244441,4.546954043597338,25.09184522409786,16.95376307449979,-8.13808214959807,6.563059761010868,34.966645319683295,37.49549271104615,2.528847391362852,6.685783251123912,53.43199531649916,51.55758402701538,-1.8744112894837812,6.828557562914436,9.874800095585437,20.541729636546357,10.66692954096092,7.69063438518062,28.34015009240131,34.60382095251558,6.263670860114274,6.268148539065805,18.46534999681587,14.062091315969223,-4.403258680846648,6.781703946410614
hisei_h,ISR,36,413.1659127863762,413.2533636904851,0.08745090410889134,5.668314974995141,461.9188176108261,450.5196456240681,-11.399171986758006,5.733136532599506,494.6928045462363,479.20242405263934,-15.490380493596945,6.8136341865159045,507.43003608822056,491.29731891499495,-16.132717173225615,6.543525496499565,48.75290482444983,37.266281933583016,-11.486622890866812,6.769893443003316,81.52689175986009,65.9490603621542,-15.577831397705893,8.169565518735036,94.26412330184415,78.04395522450989,-16.220168077334264,7.816710112458228,32.773986935410264,28.682778428571197,-4.091208506839067,7.102196535641523,45.51121847739432,40.77767329092687,-4.7335451864674525,6.667197715541109,12.737231541984062,12.094894862355677,-0.6423366796283858,6.715523129046645
hisei_h,ITA,36,439.63909039170795,442.2978939204737,2.658803528765759,4.828589269326653,463.23281351343,463.856781261605,0.623967748175005,5.472786844726426,487.2681523741054,488.0154729230438,0.7473205489383759,5.919186293802327,507.29363866214226,506.50274228795513,-0.7908963741871275,6.168444025710237,23.59372312172211,21.558887341131403,-2.034835780590708,5.89934253115502,47.62906198239741,45.71757900257016,-1.9114829798272481,6.469543726824539,67.65454827043426,64.20484836748145,-3.4496999029528155,7.053782903308938,24.035338860675303,24.158691661438763,0.12335280076345967,5.882162855657014,44.06082514871215,42.64596102635004,-1.4148641223621112,6.688932607172537,20.02548628803685,18.487269364911278,-1.538216923125571,5.893838243712074
hisei_h,JPN,36,508.82475580733416,498.85461824628766,-9.9701375610465,6.800588169003633,545.5121403854628,537.8447062127314,-7.667434172731419,6.219658269593022,538.0620305808205,528.8780421481646,-9.183988432655951,6.024042862099876,564.2379194875621,561.9524808940548,-2.2854385935072514,8.407498461922492,36.68738457812865,38.99008796644371,2.3027033883150594,7.142088817761407,29.23727477348648,30.023423901877027,0.786149128390548,7.316408806489436,55.413163680227946,63.09786264776726,7.684698967539312,9.554352764856242,-7.45010980464217,-8.96666406456668,-1.5165542599245105,7.161416828734213,18.725779102099295,24.107774681323555,5.3819955792242595,7.300304414807095,26.175888906741466,33.074438745890234,6.898549839148767,8.96408165463365
hisei_h,KOR,36,504.2413063391967,493.94430095763556,-10.29700538156112,7.025460119714834,529.0456318166229,530.5101293289857,1.4644975123628683,6.2114488028608354,530.9278388927562,542.7927974224482,11.86495852969199,7.162244310191309,560.7797604087121,565.6904956398446,4.910735231132435,6.743680480765292,24.804325477426254,36.56582837135031,11.761502893924053,7.140043455385332,26.686532553559676,48.84849646481256,22.161963911252887,6.417837353947719,56.538454069515524,71.74619468220894,15.207740612693414,7.965291493126589,1.8822070761334202,12.282668093462258,10.400461017328837,6.868275125083092,31.73412859208927,35.18036631085863,3.4462377187693605,6.488761960020377,29.851921515955848,22.897698217396375,-6.954223298559473,7.205948618055833
hisei_h,LTU,36,444.3327547773462,447.32836815512263,2.995613377776408,4.911819975808116,471.76521890846925,487.8039149923828,16.03869608391352,4.885444715845127,495.382304966166,502.0629581517181,6.680653185552103,4.813389190130768,517.8302791044109,512.2113360396988,-5.618943064712084,5.412823435590094,27.432464131123027,40.47554683726025,13.04308270613722,6.162551018702449,51.049550188819744,54.734589996595446,3.685039807775702,6.595925472777732,73.49752432706472,64.88296788457629,-8.614556442488436,6.690027303087336,23.617086057696717,14.259043159335192,-9.358042898361525,6.011057993417816,46.0650601959417,24.407421047316024,-21.657639148625673,6.3635160813204035,22.44797413824498,10.148377887980832,-12.299596250264148,6.132686836814938
hisei_h,LVA,36,455.95882895233063,441.7560747495304,-14.202754202800236,4.18838472586083,475.61952115194146,475.8493813635361,0.22986021159465508,4.6652755030050805,503.85561291021685,491.6913328050632,-12.164280105153637,4.192646094535667,515.8427477876836,488.14372025708997,-27.69902753059364,3.984680380890105,19.660692199610764,34.093306614005755,14.43261441439499,5.670028904844903,47.896783957886285,49.9352580555328,2.038474097646514,4.982765852578353,59.88391883535296,46.38764550755952,-13.496273327793439,5.484689910387172,28.236091758275524,15.841951441527044,-12.39414031674848,5.513444316260678,40.22322663574221,12.294338893553766,-27.928887742188444,5.726014455042775,11.987134877466683,-3.5476125479732787,-15.534747425439962,5.345183410120588
hisei_h,MEX,36,375.7156651634203,368.17933353904453,-7.536331624375748,3.6820163102721724,386.8012808630327,384.48824601869546,-2.31303484433721,3.5585629276663684,405.893707773418,401.8499624337809,-4.043745339637098,4.2954787184936905,417.6231275161414,413.874540069691,-3.748587446450358,4.899213102773132,11.085615699612367,16.308912479650957,5.22329678003859,4.4293583765327975,30.178042609997714,33.67062889473634,3.492586284738625,4.639564270015017,41.907462352721126,45.69520653064642,3.7877441779252976,5.383159760331085,19.09242691038535,17.361716415085386,-1.730710495299963,4.614787488432546,30.821846653108757,29.386294050995467,-1.4355526021132903,4.842918914122552,11.729419742723412,12.024577635910083,0.29515789318667096,4.817026173557256
hisei_h,NLD,36,452.03035228113697,447.723864302523,-4.306487978613973,6.960754351180925,494.73015089172696,488.1988168570604,-6.531334034666543,5.3871337268929365,524.143131224632,518.397329796069,-5.745801428563027,6.05626314617488,545.064770821598,538.6341456830601,-6.430625138537948,5.381717635129003,42.69979861058997,40.47495255453741,-2.224846056052563,6.523955847972551,72.11277894349516,70.67346549354603,-1.4393134499491254,7.951462402535156,93.03441854046102,90.91028138053714,-2.124137159923876,8.072894307285233,29.41298033290518,30.198512939008612,0.7855326061034305,6.875595583454581,50.33461992987105,50.43532882599973,0.10070889612867973,6.653420000432149,20.92163959696587,20.23681588699112,-0.6848237099747507,6.248171849629593
hisei_h,NOR,36,443.63937338823627,418.4534610036223,-25.18591238461397,4.29043365206278,470.53045149136625,459.00464083123586,-11.52581066013039,4.263451207576346,488.8423696660992,471.766156815196,-17.076212850903232,4.7457451573722365,499.64284406761305,496.75656149314153,-2.8862825744715224,5.134600452942146,26.891078103129978,40.55117982761364,13.66010172448366,5.617912809071947,45.20299627786294,53.31269581157369,8.109699533710753,5.612848390918224,56.00347067937686,78.30310048951924,22.299629810142378,5.788355932996649,18.311918174732956,12.761515983960056,-5.5504021907729,5.841324140889272,29.11239257624688,37.7519206619056,8.639528085658721,5.802229753715069,10.800474401513924,24.99040467794554,14.189930276431618,5.8032109254226505
hisei_h,NZL,36,443.72772474687673,453.37197621085386,9.644251463977128,5.07101070070631,483.166143744597,483.8141079241076,0.647964179510609,6.001002850569331,505.01654520416207,510.7991994623996,5.782654258237528,5.346486944372207,518.4510944952339,523.728523074495,5.277428579261141,5.201973302444536,39.43841899772021,30.442131713253712,-8.9962872844665,7.5787921549625255,61.28882045728528,57.42722325154561,-3.8615972057396704,7.031229212263994,74.72336974835716,70.3565468636411,-4.366822884716058,7.274325028913694,21.850401459565056,26.985091538291897,5.134690078726841,8.558849050178166,35.28495075063695,39.91441515038738,4.629464399750425,7.187143741351629,13.434549291071892,12.929323612095482,-0.5052256789764105,7.310857569743526
hisei_h,POL,36,461.1906075183444,463.70711046495705,2.516502946612661,4.446693270654585,477.8832353708414,479.6961738691306,1.8129384982891565,4.385281377136721,510.43357920132576,516.746611289704,6.313032088378236,6.165312182533441,532.8892874345581,527.9358204812928,-4.95346695326532,4.885339489694685,16.69262785249699,15.989063404173601,-0.7035644483233892,5.481485081848441,49.242971682981285,53.03950082474687,3.796529141765582,7.231187472504687,71.69867991621356,64.22871001633584,-7.469969899877725,6.616391956047171,32.550343830484294,37.05043742057327,4.500093590088973,6.088027885095062,55.00605206371656,48.23964661216223,-6.766405451554327,5.894700703409727,22.455708233232276,11.189209191588963,-11.266499041643312,6.074443497583819
hisei_h,PRT,36,435.72226170596696,424.3990502021162,-11.323211503850757,5.4790113677701555,457.13959182230775,452.00343610938734,-5.136155712920413,6.368882638494888,490.5545258205274,483.2551399133048,-7.299385907222586,4.540252365959255,520.536930183913,514.7724481496153,-5.764482034297657,6.193628461898429,21.41733011634081,27.60438590727112,6.187055790930309,6.121907250973978,54.83226411456049,58.85608971118857,4.023825596628079,5.897718573162166,84.81466847794611,90.37339794749907,5.558729469552958,7.283256073814278,33.41493399821968,31.251703803917433,-2.1632301943022476,6.180002131558246,63.39733836160532,62.76901204022797,-0.6283263213773509,6.604284073014565,29.982404363385633,31.517308236310527,1.5349038729248932,6.385628339155934
hisei_h,SVK,36,404.0416489765097,426.94489461571874,22.903245639209047,7.352615426749776,462.3643138061918,466.5121903054545,4.147876499262736,5.339507707649825,489.1539592532803,498.39585995946555,9.241900706185277,5.677504113858492,526.1531070675926,530.1106323930998,3.957525325507163,5.634725945038668,58.322664829682125,39.5672956897359,-18.755369139946225,7.972857759288464,85.11231027677064,71.45096534374682,-13.661344933023827,8.377247315206487,122.11145809108302,103.16573777738108,-18.94572031370194,9.03242257513629,26.78964544708852,31.88366965401092,5.094024206922398,6.606993793151973,63.788793261400905,63.59844208764518,-0.1903511737557224,7.543872080386714,36.99914781431238,31.71477243363426,-5.284375380678121,6.519972123298453
hisei_h,SVN,36,443.1327112820648,432.4765381255067,-10.656173156558111,4.3387936205941555,476.4920266595165,461.2076736030238,-15.284353056492705,4.31614941833526,507.20552247356693,486.6168220313125,-20.588700442254435,4.2392296637110505,524.1188373526306,504.0617973564542,-20.057039996176456,4.1585088217799235,33.35931537745169,28.73113547751701,-4.628179899934683,6.0187246926497275,64.07281119150213,54.1402839058058,-9.932527285696324,6.281621144609846,80.98612607056592,71.58525923094753,-9.400866839618388,6.331659553710349,30.713495814050436,25.40914842828879,-5.304347385761645,6.38890293520671,47.62681069311421,42.854123753430535,-4.772686939683673,6.33610966889552,16.913314879063773,17.444975325141748,0.531660446077975,5.9713094570134535
hisei_h,SWE,36,447.49417085122104,431.8264404541981,-15.667730397022922,4.39170954678399,481.93730151643314,470.8376278297057,-11.099673686727442,4.395366178653592,509.8301642589874,492.1154830435995,-17.714681215387884,5.5924675851806755,517.0239916249578,509.7134600702772,-7.310531554680608,4.887125239955676,34.44313066521209,39.01118737550758,4.568056710295494,5.763857981360897,62.33599340776632,60.28904258940141,-2.0469508183649054,6.058354467359383,69.52982077373687,77.88701961607919,8.357198842342314,6.054153694109553,27.89286274255423,21.277855213893833,-6.615007528660396,6.875843481660798,35.08669010852478,38.87583224057161,3.789142132046834,6.0485835324625326,7.193827365970549,17.59797702667778,10.40414966070723,6.123620360190052
hisei_h,TUR,36,424.5049386381573,436.64512830836645,12.140189670209168,3.7854073894045666,437.13371629280056,446.0795155811852,8.945799288384649,4.374613871790814,458.5884781166499,471.38168451875464,12.793206402104715,4.534140807243607,496.0915400191524,517.9319707558739,21.840430736721487,5.114900287008072,12.628777654643311,9.43438727281881,-3.194390381824501,4.641964151457113,34.083539478492604,34.73655621038817,0.6530167318955691,5.3299136584507885,71.58660138099515,81.28684244750734,9.700241066512191,6.102576240786481,21.454761823849292,25.302168937569366,3.847407113720074,5.469282912017218,58.95782372635183,71.85245517468854,12.89463144833671,6.2153465481999985,37.50306190250253,46.550286237119174,9.047224334616644,6.117238858660569
hisei_h,USA,36,430.3832799243496,426.79663745160394,-3.586642472745666,7.71260777988621,455.5063524436765,452.5259309410696,-2.98042150260693,8.327064708365581,478.2118676704378,484.489451060398,6.277583389960171,20.659734126189523,514.8476912299272,514.2423168988756,-0.6053743310516211,11.138736652109136,25.12307251932682,25.729293489465583,0.6062209701387644,9.990275269512113,47.82858774608816,57.69281360879397,9.864225862705808,20.965822845827866,84.46441130557747,87.44567944727176,2.9812681416942866,13.389451488209655,22.70551522676134,31.963520119328386,9.258004892567048,19.249869300283567,59.34133878625066,61.71638595780617,2.375047171555508,13.125185769891823,36.63582355948931,29.752865838477778,-6.8829577210115325,18.17736574825298
hisei_h,OECD,36,441.69591129498184,436.91729263009057,-4.778618664891269,0.7988091992968468,471.0641728554771,467.71163686538864,-3.3525359900884837,0.9098894581960535,493.06983769000635,490.069246755569,-3.000590934437355,0.997517917376681,516.8009393254277,510.44494394379535,-6.355995381632397,0.9233279677589529,29.368261560495206,30.794344235298155,1.4260826748029487,0.9820165698013755,51.37392639502453,53.151954125478525,1.7780277304539922,1.0289677509593362,75.1050280304459,73.5276513137048,-1.5773767167410995,1.1360241454220763,22.00566483452933,22.357609890180377,0.35194505565104706,1.142121912388413,45.736766469950695,42.73330707840664,-3.0034593915440553,1.1438547444824003,23.73110163542136,20.37569718822626,-3.3554044471951023,1.0656658782690251
pared_h,AUS,36,454.301623926131,445.642385371401,-8.659238554729995,3.1006865633718537,486.30630943955896,480.97183672818267,-5.334472711376293,4.703178715662477,508.158827574273,506.4518111237504,-1.7070164505225875,3.570813391596569,507.8857042131611,503.19551789714535,-4.69018631601574,4.116370625769145,32.00468551342796,35.32945135678171,3.3247658433537524,5.287798622720379,53.85720364814195,60.80942575234942,6.952222104207472,4.632328351168309,53.58408028702998,57.55313252574435,3.969052238714376,4.728499353611758,21.85251813471399,25.479974395567716,3.6274562608537266,4.816366872171498,21.57939477360202,22.22368116896265,0.6442863953606306,4.522739346363095,-0.27312336111197055,-3.2562932266050666,-2.983169865493096,4.3733933003497505
pared_h,AUT,36,458.3529429295406,456.13707058542394,-2.215872344116633,4.618112803320118,484.58785236658787,476.89872880544516,-7.689123561142708,4.465516500120274,500.21567409382203,490.1106041779628,-10.105069915859247,4.363881347224234,520.8252532378482,510.5017361572178,-10.323517080630381,5.023481801182535,26.23490943704723,20.761658220021342,-5.4732512170258865,4.745439276607526,41.862731164281435,33.97353359253887,-7.889197571742564,5.249017536258018,62.47231030830757,54.364665571793786,-8.107644736513784,5.961491573148252,15.627821727234203,13.211875372517529,-2.4159463547166737,4.839299087701296,36.237400871260334,33.60300735177245,-2.6343935194878867,5.341622477070244,20.609579144026128,20.39113197925492,-0.2184471647712094,5.28373955398475
pared_h,BEL,36,457.67745072262676,455.41969663513675,-2.2577540874900137,4.51500523394926,500.40210149773355,492.77559443238897,-7.626507065344583,5.474835390729362,505.8689824191646,517.2324243307548,11.363441911590257,4.290534757935837,508.5687080934046,515.5240907042365,6.9553826108319186,4.995599406458931,42.724650775106774,37.35589779725227,-5.368752977854506,5.970375843609987,48.191531696537815,61.81272769561823,13.621195999080413,5.649584168673497,50.89125737077787,60.10439406909992,9.213136698322046,5.868584241010381,5.466880921431044,24.456829898365964,18.98994897693492,5.737261359522754,8.166606595671102,22.748496271847653,14.581889676176552,5.521025650958563,2.6997256742400566,-1.7083336265183107,-4.408059300758367,5.333422305488085
pared_h,CAN,36,470.6445253039912,460.34609149768477,-10.298433806306434,3.317678503311258,500.43525734363374,492.99716058794877,-7.438096755684967,3.4377929386208406,513.0788806420799,512.2340513778009,-0.8448292642789283,3.5072952930192924,511.97419896815273,513.8461298843265,1.871930916173767,3.464009956557264,29.79073203964249,32.651069090263945,2.8603370506214567,4.1902370013493595,42.434355338088594,51.887959880116114,9.45360454202752,4.206515343679122,41.32967366416148,53.500038386641656,12.170364722480173,3.9478523836062926,12.643623298446107,19.23689078985217,6.593267491406062,4.213423852181157,11.538941624518992,20.84896929637771,9.310027671858718,3.8983965305828914,-1.104681673927115,1.6120785065255405,2.7167601804526553,3.6965855177041775
pared_h,CHE,36,481.2081383854793,469.9940262003196,-11.214112185159706,4.991176314285018,507.89413725297374,497.877997427594,-10.016139825379753,4.935196275184667,530.0514499414362,532.4707114796306,2.419261538194405,4.961063847012185,529.239294239552,539.8362194828585,10.596925243306487,4.633435871409282,26.68599886749447,27.883971227274497,1.197972359780028,5.495349774507217,48.84331155595689,62.47668527931105,13.633373723354161,5.935273459814436,48.03115585407277,69.84219328253903,21.811037428466257,5.880981698575218,22.15731268846242,34.59271405203655,12.43540136357413,5.746129626545491,21.345156986578303,41.95822205526453,20.613065068686225,5.5795541014261065,-0.8121557018841145,7.365508003227978,8.177663705112092,5.53607991399289
pared_h,CHL,36,394.2807219547145,380.2326606813655,-14.048061273349049,4.249661132142924,411.01223677455243,396.64142963756626,-14.370807136986173,4.2751267512755655,424.5365553605878,419.96697991864403,-4.569575441943755,4.405349238123505,427.7707261298509,431.386004366418,3.6152782365670646,4.143737990754692,16.73151481983793,16.40876895620088,-0.32274586363704927,4.748871158043982,30.255833405873197,39.73431923727867,9.478485831405472,5.556230079452521,33.4900041751364,51.15334368505253,17.663339509916135,5.461044791354836,13.52431858603527,23.32555028107779,9.80123169504252,5.177832372500004,16.75848935529847,34.74457472885165,17.986085373553184,5.008325223917928,3.2341707692631987,11.419024447773864,8.184853678510667,4.5121475269649896
pared_h,COL,36,361.9670342083565,355.0337550146065,-6.933279193749968,4.032988254659406,372.31424066824684,378.59836517737006,6.284124509123217,4.148661068682678,399.75866315226637,398.3887512184534,-1.3699119338129435,6.396532875379342,401.77036724118824,415.1755448110024,13.405177569814157,6.936792118427452,10.347206459890293,23.564610162763444,13.21740370287315,4.616230777420034,37.791628943909856,43.35499620384684,5.563367259936982,6.483429040368274,39.80333303283179,60.14178979639587,20.338456763564082,7.237406718543156,27.444422484019565,19.790386041083394,-7.654036442936171,5.783214363010011,29.456126572941496,36.577179633632426,7.1210530606909295,6.891265902753534,2.011704088921931,16.78679359254903,14.7750895036271,5.338569903826868
pared_h,CZE,36,461.7468844149847,450.4658251852784,-11.28105922970633,4.586002093743965,466.9912224980788,460.26042055980076,-6.730801938278034,4.171586833045348,498.0820599260179,497.77091468316956,-0.31114524284834033,5.153632514714095,524.7994377878928,517.421463703568,-7.377974084324819,4.68709846594721,5.244338083094095,9.79459537452247,4.550257291428374,4.7364401989966485,36.33517551103319,47.305089497891274,10.969913986858082,5.216863252251692,63.05255337290803,66.95563851828958,3.903085145381546,5.685381452674753,31.090837427939096,37.51049412336881,6.419656695429712,5.713975969358278,57.80821528981394,57.16104314376711,-0.6471721460468274,5.435796082726009,26.717377861874844,19.65054902039831,-7.066828841476536,5.4353280828604245
pared_h,DEU,36,450.8846234261865,428.4166197523074,-22.46800367387914,5.086945355257761,480.2683398781813,482.35446763317566,2.0861277549943793,5.596109858867988,502.6224028364404,498.2815109252244,-4.340891911216033,5.571764550747058,502.25144420935004,512.086859652135,9.83541544278495,6.093273898188382,29.383716451994854,53.93784788086826,24.554131428873408,6.278998504863165,51.737779410253914,69.86489117291705,18.12711176266314,5.9069510519356685,51.366820783163575,83.67023989982766,32.30341911666409,6.824715588135942,22.354062958259057,15.92704329204879,-6.427019666210267,6.466369729728971,21.98310433116872,29.732392018959395,7.749287687790673,6.799924456126339,-0.3709586270903344,13.805348726910603,14.176307354000938,6.190168503142432
pared_h,DNK,36,473.1687120500884,451.13872882232124,-22.02998322776716,4.159623913074513,497.3417642983388,473.939639666304,-23.40212463203477,5.58192224478896,496.01711558651186,496.03087712728495,0.01376154077308911,4.475164311716466,500.24598494246555,495.7183558609755,-4.5276290814900335,4.647543077579528,24.1730522482504,22.800910843982773,-1.3721414042676265,6.439382271609903,22.84840353642344,44.892148304963634,22.043744768540193,6.095997931824097,27.07727289237721,44.57962703865426,17.50235414627705,6.036347743636975,-1.3246487118269612,22.091237460980857,23.415886172807816,6.708834939825988,2.9042206441268092,21.778716194671482,18.874495550544673,5.94926148813308,4.228869355953771,-0.3125212663093748,-4.541390622263146,5.65213246823612
pared_h,ESP,36,446.50854805555,429.7894721796839,-16.71907587586611,3.212043093520236,479.5153555811876,457.40156679110225,-22.113788790085323,3.0465764404891886,486.77594524317965,479.84658273684016,-6.929362506339487,3.1427002259833765,485.70451025886797,481.6390130742335,-4.0654971846344665,2.998237090265901,33.00680752563769,27.61209461141839,-5.394712914219301,3.727629963993587,40.267397187629754,50.05711055715625,9.789713369526496,3.8674057437888494,39.19596220331796,51.849540894549634,12.653578691231672,3.7350679575486816,7.26058966199206,22.44501594573786,15.1844262837458,3.4103421325450607,6.189154677680267,24.23744628313124,18.048291605450974,3.569097961370571,-1.071434984311793,1.792430337393381,2.863865321705174,3.217120602478134
pared_h,EST,36,488.2390673663102,477.9984431786547,-10.240624187655499,4.047170528907357,494.2411234490839,500.9584317283673,6.717308279283429,4.918948039272404,526.1826362244275,532.3953809750019,6.212744750574416,4.5083905820102235,533.4506418511498,529.2231287722891,-4.2275130788607385,4.5797200305631085,6.002056082773601,22.959988549712516,16.957932466938914,5.349533727580908,37.943568858117196,54.39693779634719,16.453368938229993,5.249434887683773,45.211574484839495,51.224685593634376,6.013111108794881,5.696497203360365,31.941512775343597,31.43694924663467,-0.5045635287089283,5.79281140726697,39.209518402065896,28.26469704392186,-10.944821358144036,5.808378866870655,7.268005626722299,-3.1722522027128095,-10.440257829435108,4.9961582337392825
pared_h,FIN,36,459.0935871717629,441.6589253039485,-17.43466186781444,3.622362127514292,494.82224767916415,470.9960164037492,-23.826231275414955,4.875922938412474,495.06383162676457,494.684402507144,-0.3794291196205677,4.027193961113887,495.74977716495806,493.24029652103115,-2.5094806439269064,3.879681754105803,35.72866050740121,29.337091099800688,-6.391569407600521,5.45406490380709,35.970244455001634,53.025477203195564,17.05523274819393,4.864255297432127,36.65618999319516,51.58137121708271,14.925181223887549,4.402017171750119,0.2415839476004237,23.68838610339488,23.446802155794455,5.449092501213603,0.9275294857939571,22.244280117282017,21.31675063148806,4.89222481978264,0.6859455381935333,-1.4441059861128622,-2.1300515243063955,5.0608693271321314
pared_h,FRA,36,443.21549254966476,432.7402412830382,-10.475251266626572,4.68923953722488,476.0644061949921,456.8306170501802,-19.233789144811908,4.9359834151224655,494.93890682803084,491.1133869874303,-3.8255198406005206,5.330015503150429,491.9026092572095,493.1299518994491,1.2273426422395914,5.3498223615111495,32.848913645327244,24.090375767142,-8.758537878185244,5.183648240581141,51.72341427836602,58.373145704392144,6.649731426026122,5.886219010584438,48.68711670754466,60.38971061641098,11.70259390886632,5.422489716573788,18.874500633038775,34.28276993725014,15.408269304211363,5.6375416718081475,15.838203062217412,36.29933484926897,20.461131787051563,5.43612061456095,-3.0362975708213638,2.016564912018839,5.052862482840203,5.3225858334365475
pared_h,GBR,36,476.0086511095152,466.1449066497459,-9.863744459769293,5.038113673969132,490.6670014985178,486.52462219878316,-4.142379299734614,4.594067006116033,508.9303179340562,522.6276463480845,13.697328414028277,5.484624577962,508.55638376602127,523.8483258562762,15.291942090254963,5.198485722291434,14.65835038900251,20.379715549037275,5.721365160034765,6.406703976602521,32.92166682454102,56.48273969833863,23.561072873797606,6.69924810138981,32.547732656506106,57.70341920653046,25.155686550024356,7.0232995418499975,18.263316435538513,36.10302414930135,17.839707713762834,6.129155574571473,17.889382267503596,37.3237036574932,19.434321389989602,5.956631684089367,-0.37393416803491847,1.2206795081918471,1.5946136762267655,5.540027300705749
pared_h,GRC,36,407.2679804824616,398.49881874343185,-8.769161739029755,4.653164465533336,427.35342021467466,414.31049254895595,-13.042927665718707,5.6362649339732735,447.4023351986578,449.63419487924483,2.2318596805870357,5.3776461496182275,441.07717357207684,450.03741633169903,8.96024275962219,4.841642559997071,20.085439732213114,15.811673805524185,-4.273765926688929,6.06500416635199,40.13435471619617,51.135376135813004,11.001021419616833,6.408716048954919,33.809193089615285,51.53859758826722,17.729404498651938,5.97257415317344,20.04891498398306,35.32370233028882,15.274787346305757,5.844932765073932,13.72375335740217,35.726923782743036,22.003170425340866,5.009001121949905,-6.325161626580888,0.40322145245421553,6.728383079035104,5.289820866994999
pared_h,HUN,36,440.5891613013573,427.3888004795863,-13.200360821771028,5.019510162834381,473.9487298033299,447.66458562899817,-26.284144174331743,5.640410119632518,492.38377063599165,491.9531623750398,-0.43060826095182847,5.595014225538212,487.4312971029984,489.91074035016464,2.4794432471662162,4.73384188038083,33.359568501972646,20.275785149411973,-13.083783352560673,5.762783342211219,51.79460933463433,64.56436189545367,12.769752560819342,7.074106487352662,46.842135801641135,62.52193987057841,15.679804068937273,6.208875695698958,18.435040832661684,44.288576746041684,25.85353591338,7.033474846645697,13.482567299668483,42.246154721166434,28.763587421497952,5.864979786283273,-4.952473532993201,-2.042422024875253,2.910051508117948,5.59882211341034
pared_h,IRL,36,468.1642177467881,450.6375327511546,-17.526684995633502,4.664862267983583,495.0783859557852,489.0763822658246,-6.002003689960645,4.254490726119169,503.64574271024424,498.2906202188886,-5.355122491355644,3.9070082420090344,503.8011307163323,499.63311250633603,-4.168018209996262,3.6840802923062346,26.914168208997076,38.43884951466996,11.524681305672885,5.034033058228055,35.481524963456096,47.653087467734004,12.171562504277908,5.896565194163659,35.636912969544134,48.99557975518137,13.358666785637233,5.202193029885074,8.567356754459023,9.214237953064043,0.6468811986050191,5.174745174420389,8.722744760547062,10.556730240511405,1.8339854799643422,4.9257754720301055,0.1553880060880374,1.3424922874473624,1.1871042813593249,4.854297448073934
pared_h,ISL,36,435.06668814071446,440.2551118067885,5.188423666074016,4.996046597767339,463.72022507036974,459.6325004158847,-4.087724654485044,4.7793141562144745,466.69985818165634,477.0341826240766,10.334324442420268,4.75057301383474,476.3118923048646,475.2165205709408,-1.0953717339237983,4.759164787208118,28.653536929655274,19.377388609096222,-9.276148320559052,7.100691670124385,31.633170040941888,36.77907081728801,5.145900776346121,7.420222131137983,41.24520416415022,34.96140876415228,-6.283795399997942,6.852871374078201,2.9796331112866143,17.40168220819179,14.422049096905177,6.575423958913422,12.591667234494945,15.584020155056061,2.9923529205611157,6.79302995738795,9.612034123208332,-1.8176620531357286,-11.429696176344061,6.701532123392083
pared_h,ISR,36,416.60934976711644,410.89175928546246,-5.7175904816539855,5.4710915886347,463.5510571284757,457.9150368916845,-5.6360202367911825,6.5606817877903705,482.4646222456493,470.9077331713406,-11.556889074308685,6.384330399335625,481.0269422646923,470.70889032202496,-10.318051942667353,6.120998727962723,46.94170736135927,47.02327760622197,0.08157024486269648,7.826747227527308,65.8552724785328,60.01597388587817,-5.839298592654629,6.794205752829524,64.41759249757588,59.817131036562444,-4.600461461013438,6.47531237421218,18.913565117173523,12.9926962796562,-5.920868837517322,7.504382490403917,17.4758851362166,12.793853430340471,-4.682031705876129,6.43493639031294,-1.4376799809569207,-0.19884284931573007,1.2388371316411906,6.195082474555141
pared_h,ITA,36,449.7523947654042,444.5227412645145,-5.229653500889697,4.960351550577518,470.1071146347143,462.02506536892326,-8.082049265791056,4.818461402320673,480.4742725721925,485.27804460014806,4.803772027955574,6.28162589188314,487.6740924867605,493.8355074886275,6.161415001866999,6.101001548324078,20.354719869310042,17.50232410440872,-2.8523957649013205,5.330971261263954,30.721877806788246,40.755303335633585,10.033425528845338,6.810839022093513,37.92169772135629,49.31276622411315,11.391068502756859,6.644164209917785,10.367157937478202,23.252979231224863,12.88582129374666,5.850575179366148,17.566977852046243,31.810442119704426,14.243464267658183,6.080975261234075,7.1998199145680415,8.557462888479563,1.3576429739115214,6.02895862748389
pared_h,JPN,36,501.0053929980624,485.9221153893867,-15.0832776086757,6.904311756906039,530.6227210581493,517.9469270656159,-12.675793992533386,6.713911370885707,557.5200892175774,558.3554025824898,0.8353133649123947,7.3667329796750645,556.5958116570548,553.6427750159148,-2.953036641139988,5.721090036316265,29.617328060086983,32.02481167622918,2.407483616142194,7.644638284614528,56.5146962195151,72.43328719310293,15.918590973587825,8.682648734743044,55.59041865899237,67.720659626528,12.130240967535634,7.593791048995465,26.89736815942812,40.408475516873764,13.511107357445646,6.898107245637091,25.97309059890539,35.695847950298834,9.722757351393444,6.268074726172945,-0.924277560522728,-4.712627566574929,-3.788350006052201,6.126300996874629
pared_h,KOR,36,503.2646233111991,482.63793387277326,-20.626689438425842,6.905244160308297,512.6754558231962,537.0505077558039,24.375051932607676,7.705038674673971,547.8340164458707,541.759649005262,-6.074367440608739,6.851209878591903,549.295720294624,547.3200357576553,-1.975684536968629,6.4768752539729695,9.410832511996995,54.41257388303052,45.001741371033525,7.611809108098082,44.56939313467167,59.12171513248866,14.552321997816989,7.51093586277064,46.03109698342487,64.68210188488206,18.651004901457192,6.706210018634827,35.15856062267467,4.709141249458139,-30.449419373216532,7.493317820779607,36.62026447142787,10.26952800185153,-26.350736469576344,7.921085455837734,1.4617038487532,5.56038675239339,4.0986829036401895,6.568460499589417
pared_h,LTU,36,446.1129843133078,446.6057103547557,0.4927260414478951,4.0466225472065815,474.1353308818354,480.1149274670248,5.979596585189427,4.010068874581868,494.4342726436859,490.24343258629114,-4.19084005739478,4.3246301798406215,490.8466633827209,493.5803385806348,2.7336751979138967,4.45036424413055,28.022346568527563,33.50921711226914,5.486870543741578,5.239066887940206,48.32128833037813,43.63772223153538,-4.683566098842753,5.598097839149061,44.73367906941312,46.974628225879115,2.2409491564659945,6.369248930495296,20.298941761850568,10.128505119266237,-10.170436642584331,4.520548700533473,16.711332500885554,13.465411113609974,-3.2459213872755797,5.1914873022669035,-3.5876092609650128,3.336905994343738,6.924515255308751,5.298601440354232
pared_h,LVA,36,462.88670146350995,443.5755991368063,-19.311102326703633,4.39605300823179,466.8575776093786,454.7747165608753,-12.082861048503332,4.351107121473682,504.91726945387654,490.44777782763066,-14.469491626245883,4.753208236088912,501.1008568303876,492.45825495295503,-8.642601877432583,4.363231899540347,3.9708761458687034,11.199117424068827,7.228241278200124,5.310940197737022,42.030567990366634,46.87217869082433,4.841610700457693,5.816199224548352,38.21415536687775,48.88265581614872,10.668500449270972,5.674060481080087,38.05969184449793,35.673061266755504,-2.386630577742423,6.00884230013902,34.24327922100905,37.68353839207989,3.440259171070842,5.639144018914941,-3.816412623488884,2.010477125324388,5.826889748813272,5.93110846312227
pared_h,MEX,36,374.71615107064446,367.5546609764623,-7.16149009418217,3.4546645563060663,390.79615752825725,385.8761272914894,-4.920030236767843,3.5515777996849933,400.6874940156499,397.3633481585673,-3.3241458570826126,4.438112715465116,414.50512898982225,411.34873466385017,-3.1563943259720872,5.20864287294297,16.080006457612853,18.321466315027102,2.241459857414249,4.48783093245962,25.9713429450055,29.808687182104997,3.8373442370994972,4.927059406516543,39.78897791917778,43.79407368738783,4.005095768210047,5.561508485594867,9.891336487392646,11.487220867077895,1.5958843796852484,4.557104019491182,23.708971461564932,25.472607372360727,1.763635910795795,5.597099365809018,13.817634974172284,13.985386505282833,0.1677515311105484,4.632073936472635
pared_h,NLD,36,472.21963005494126,452.5985510402109,-19.621079014730356,6.453182308251943,504.6156893134845,477.6303051424503,-26.985384171034184,6.777864801154463,502.5809093721979,524.4259428588153,21.845033486617467,6.357560032746691,507.560778383224,517.636084862969,10.075306479745052,6.45608171798978,32.39605925854329,25.03175410223944,-7.36430515630385,8.319782620241359,30.361279317256656,71.82739181860435,41.466112501347695,7.616124240695628,35.34114832828268,65.03753382275825,29.69638549447557,7.711494237932608,-2.034779941286632,46.795637716364915,48.830417657651545,7.98061997686149,2.94508906973939,40.0057797205188,37.060690650779414,7.76849680115011,4.979869011026023,-6.7898579958461145,-11.769727006872138,7.6034511734082
pared_h,NOR,36,446.5954946839273,417.90124387357844,-28.694250810348876,4.358621215283158,478.51066290673316,462.14175974761264,-16.36890315912052,4.788611483743127,483.0710385249898,478.37757935966795,-4.693459165321826,4.738721961839769,480.3385487746197,481.37073927953213,1.0321905049124211,4.425336541810252,31.91516822280576,44.240515874034294,12.325347651228533,5.8892167201656065,36.47554384106243,60.47633548608951,24.00079164502708,5.96086118263953,33.74305409069246,63.46949540595371,29.726441315261248,5.68941314631698,4.560375618256671,16.235819612055217,11.675443993798545,5.485503651631628,1.8278858678866983,19.228979531919418,17.401093664032718,5.41740828441126,-2.732489750369973,2.9931599198642003,5.725649670234173,5.603043952860135
pared_h,NZL,36,451.9657394317076,463.826626893633,11.860887461925358,4.940308997462307,481.60689553685086,482.81627931003334,1.2093837731824806,5.497898738458255,506.88556322611504,516.6742974936489,9.788734267533812,5.460308746659724,507.79635930173725,510.9036875262753,3.107328224538037,5.6145425410892305,29.641156105143278,18.989652416400354,-10.651503688742924,7.241188703122726,54.91982379440738,52.847670600015796,-2.072153194391582,6.882664263800466,55.830619870029615,47.077060632642265,-8.75355923738735,6.688793100304589,25.278667689264097,33.85801818361544,8.579350494351345,8.282762228582168,26.18946376488634,28.087408216241908,1.897944451355567,7.850445370913918,0.910796075622244,-5.770609967373536,-6.68140604299578,7.284636706862895
pared_h,POL,36,463.88914332392034,456.5232267812714,-7.365916542648961,4.406198020440027,468.92154892310043,463.1682958447668,-5.753253078333614,4.727959229153787,510.724099890576,517.0174098282581,6.293309937682125,5.80034580734133,520.1244869177733,519.4887683460919,-0.6357185716814229,4.9359951618372575,5.03240559918018,6.645069063495447,1.6126634643152666,5.417447801498896,46.834956566655706,60.49418304698679,13.659226480331085,6.646864381741403,56.23534359385302,62.965541564820526,6.7301979709675095,6.002346245445622,41.802550967475526,53.849113983491335,12.04656301601581,6.687611025771193,51.20293799467284,56.32047250132507,5.117534506652234,6.127651148007402,9.400387027197315,2.4713585178337327,-6.929028509363582,5.586252485709383
pared_h,PRT,36,434.3158603475613,423.6728555356185,-10.643004811942774,5.027844741023538,470.7435566023302,455.0827964334279,-15.6607601689023,4.377104621527579,492.4202481971014,484.10427277087894,-8.315975426222451,6.492634704592748,495.7521816805653,498.9800654964753,3.2278838159099905,5.017019024313608,36.42769625476893,31.40994089780934,-5.017755356959594,4.872315459715919,58.104387849540124,60.43141723526045,2.327029385720323,6.452125962059022,61.43632133300393,75.30720996085665,13.870888627852722,5.698221051919956,21.6766915947712,29.021476337451112,7.344784742679913,5.894527031425741,25.008625078235006,43.89726906304732,18.88864398481231,5.51155101723163,3.3319334834638084,14.87579272559621,11.5438592421324,5.584632944265442
pared_h,SVK,36,440.20864979078834,433.8133057195373,-6.395344071251031,5.820152875063426,449.8207489551263,456.78639825456185,6.96564929943554,5.550147855117428,482.0308267481413,498.2062014749822,16.175374726840914,6.451433171258351,486.43580210882226,510.56644687591086,24.130644767088597,5.545452606215412,9.612099164337986,22.973092535024527,13.360993370686542,6.967379203348706,41.82217695735304,64.39289575544493,22.57071879809189,8.0572604161723,46.2271523180339,76.75314115637357,30.52598883833967,7.518937559398945,32.21007779301505,41.419803220420384,9.209725427405331,7.425287198316067,36.61505315369591,53.78004862134903,17.16499546765312,7.179157040148854,4.404975360680862,12.360245400928648,7.955270040247785,6.5367161025530995
pared_h,SVN,36,459.0030884971937,436.13698784915476,-22.866100648038923,3.651413946277816,481.37937142039254,457.51392184749085,-23.865449572901696,4.328607131543204,500.23125782688874,485.79062837684734,-14.4406294500414,3.902216988412742,500.1480651063862,486.07306919534176,-14.074995911044425,4.021732556220671,22.376282923198875,21.376933998335964,-0.999348924862911,5.581296963443909,41.22816932969501,49.65364052769253,8.425471197997524,5.322894929910429,41.144976609192476,49.93608134618698,8.791104736994505,5.677214242256406,18.851886406496135,28.276706529356563,9.424820122860428,6.04227122022687,18.7686936859936,28.559147347851013,9.790453661857413,6.150369367498024,-0.08319272050253516,0.28244081849445024,0.3656335389969854,5.908836339867244
pared_h,SWE,36,459.1377218792014,433.1803667978985,-25.95735508130292,4.355391559066436,485.80797243682844,475.3228911058262,-10.48508133100222,4.769302111783875,498.3036171451831,495.1018805523712,-3.201736592811926,4.813769140776964,495.8249267484008,492.07213235923075,-3.752794389170049,4.887890708377943,26.670250557626957,42.14252430792779,15.472273750300836,5.387536859756163,39.16589526598171,61.9215137544727,22.75561848849099,5.628718782909096,36.68720486919921,58.89176556133221,22.204560692132993,6.001164279239775,12.495644708354751,19.77898944654491,7.2833447381901575,5.665177247950954,10.016954311572254,16.74924125340441,6.732286941832156,5.839010089855178,-2.478690396782497,-3.0297481931405,-0.5510577963580032,5.660653432805587
pared_h,TUR,36,436.0621851829199,429.108365056972,-6.953820125947914,3.9807859710124447,441.28200877067076,449.47403011853373,8.192021347862976,4.044264555707102,454.6186892007643,465.13721623824387,10.518527037479544,5.387702290125666,481.38787632895765,516.1355826693349,34.74770634037725,5.102943291227401,5.219823587750886,20.36566506156175,15.145841473810863,4.857731090404428,18.55650401784444,36.02885118127192,17.47234716342748,6.4333687286875065,45.32569114603784,87.0272176123629,41.70152646632506,6.323477163189936,13.336680430093555,15.663186119710167,2.326505689616612,5.795347673272123,40.10586755828695,66.66155255080113,26.55568499251418,6.399442691423204,26.769187128193398,50.998366431090986,24.229179302897588,6.776024624289093
pared_h,USA,36,436.1633993425691,436.1703013918083,0.0069020492392155575,6.9679570541967575,458.15266587069834,461.04989143523164,2.8972255645333007,9.180016115706342,481.510521574943,486.95342646731206,5.442904892369029,17.487683910777676,485.86396197581735,491.7444930752381,5.88053109942075,10.957547428354754,21.989266528129257,24.879590043423253,2.8903235152939963,8.919730900296184,45.347122232374076,50.78312507550375,5.436002843129671,16.708207592420354,49.70056263324837,55.57419168342979,5.873629050181421,10.196339761663115,23.35785570424482,25.903535032080498,2.5456793278356784,16.683439364054806,27.711296105119107,30.69460164000654,2.9833055348874318,10.482681984898019,4.353440400874286,4.791066607926041,0.43762620705175515,13.023570192756772
pared_h,OECD,36,449.50818226306103,438.40504064838115,-11.103141614679885,0.798821045413226,473.12641369070036,465.3722425924714,-7.754171098228937,0.9009746267070509,491.1422990115837,491.46284553797733,0.3205465263936276,0.976717760879132,494.4887427302698,496.62322319084353,2.134480460573741,0.8823158548821287,23.618231427639255,26.967201944090334,3.348970516451079,1.0965110414642425,41.63411674852257,53.05780488959613,11.423688141073555,1.071205077219007,44.98056046720867,58.21818254246233,13.237622075253661,0.98487427490566,18.01588532088332,26.090602945505793,8.074717624622473,1.1035452028444892,21.362329039569413,31.250980598372003,9.88865155880259,1.0176685260918572,3.346443718686095,5.160377652866208,1.8139339341801128,1.015416172944492
homepos,AUS,36,441.39312967849435,451.5954013530571,10.20227167456278,4.168737400284286,479.2351942589431,481.11764423186276,1.8824499729196305,3.8377508564382996,504.79203842251036,491.44326011789354,-13.348778304616815,3.503685176710682,526.9921177389049,492.8748676751635,-34.11725006374138,3.7743331172810795,37.84206458044879,29.522242878805635,-8.319821701643157,5.081819492116441,63.398908744015934,39.847858764836374,-23.55104997917956,4.494296346967024,85.59898806041045,41.27946632210632,-44.319521738304125,5.1168740335950496,25.55684416356714,10.325615886030743,-15.231228277536395,4.049344219372074,47.756923479961664,11.757223443300688,-35.999700036660975,4.233922375218924,22.20007931639453,1.4316075572699447,-20.768471759124584,4.109386561282795
homepos,AUT,36,426.58317125332013,437.3249323071245,10.741761053804396,5.670218759305609,480.17328738010735,476.03853617743346,-4.134751202673897,5.7383695042039715,513.2065933168964,494.1028447749416,-19.103748541954758,4.095605388215534,532.1418497867126,502.9567213711742,-29.185128415538372,4.1230857572349375,53.59011612678724,38.713603870308894,-14.876512256478343,5.787183581555585,86.62342206357624,56.7779124678171,-29.84550959575914,6.228233635025195,105.55867853339245,65.63178906404963,-39.926889469342825,6.138486436906337,33.033305936789006,18.064308597508198,-14.968997339280808,5.933025308041744,51.968562406605216,26.918185193740733,-25.050377212864483,5.936928960143397,18.935256469816203,8.853876596232533,-10.08137987358367,5.156060950806298
homepos,BEL,36,427.03695950186557,435.350309279877,8.313349778011457,6.338405062746673,479.6485663853826,477.2714854244982,-2.3770809608843706,5.0497806182743465,510.86860180247703,500.0766575021201,-10.791944300356931,4.104425206552265,540.2330218566666,511.8329575472982,-28.400064309368418,4.952369663122155,52.61160688351703,41.92117614462121,-10.69043073889582,5.882141557507014,83.83164230061148,64.7263482222431,-19.105294078368374,6.5188199969458145,113.19606235480107,76.4826482674212,-36.713414087379874,7.337498891706569,31.220035417094437,22.805172077621904,-8.414863339472532,5.430391924984612,60.584455471284045,34.561472122800005,-26.02298334848404,6.065594406593515,29.364420054189612,11.756300045178103,-17.608120009011508,5.1448815369369205
homepos,CAN,36,464.70018666801445,465.4043447138415,0.7041580458270573,4.024193274277865,491.72598433303347,491.8450512212473,0.1190668882138084,3.330332030955247,508.7544007531177,501.16900363614525,-7.585397116972445,3.329947838021226,526.7852049230333,492.885347109569,-33.89985781346434,3.757830572848267,27.025797665019116,26.440706507405725,-0.585091157613391,4.1461173422307995,44.054214085103304,35.764658922303695,-8.289555162799608,4.641087606017404,62.08501825501894,27.481002395727405,-34.604015859291536,4.811300326010794,17.028416420084188,9.323952414897969,-7.704464005186219,3.9658931364327477,35.05922058999983,1.0402958883216797,-34.01892470167815,4.288931493089473,18.030804169915644,-8.283656526576289,-26.314460696491935,3.9658804306021325
homepos,CHE,36,446.3886532970629,463.5875466953682,17.1988933983053,5.431441154438959,494.3281119854613,498.8232946194886,4.495182634027287,4.564727051123734,529.5336053939582,519.818600436882,-9.71500495707619,4.76566874344616,561.9396494841787,518.1825636935903,-43.75708579058846,4.9844298853947056,47.93945868839849,35.23574792412047,-12.703710764278021,6.052186120706332,83.14495209689532,56.23105374151392,-26.913898355381406,6.073027817039777,115.55099618711571,54.59501699822213,-60.955979188893586,6.830811100674936,35.205493408496835,20.99530581739345,-14.210187591103384,5.072392531218713,67.61153749871724,19.35926907410166,-48.25226842461558,5.597324416873028,32.406044090220384,-1.6360367432917884,-34.04208083351217,5.464853738758211
homepos,CHL,36,378.34203966360235,380.638444230853,2.2964045672506472,3.918501614564704,404.04455492773525,396.49255140035416,-7.552003527381089,4.375143889393638,421.03888494988206,407.5954674959838,-13.443417453898235,4.64045613504741,449.656870528859,431.88276126951797,-17.774109259341003,4.9131420135397805,25.702515264132984,15.854107169501072,-9.848408094631912,4.799799311662706,42.696845286279725,26.957023265130715,-15.73982202114901,5.339935421682049,71.31483086525652,51.24431703866494,-20.070513826591586,5.938451963369126,16.994330022146737,11.102916095629643,-5.891413926517094,5.435661765888324,45.61231560112354,35.39020986916386,-10.22210573195968,5.553895734358116,28.6179855789768,24.28729377353422,-4.33069180544258,5.531459226857753
homepos,COL,36,345.054323691981,348.11236911872385,3.058045426742865,3.885059576300749,366.4046636703896,368.14295221569745,1.738288545307853,4.830070513099473,391.7630618812412,390.7331957846096,-1.0298660966315651,6.036001205728635,431.6554415291657,422.81803331041317,-8.837408218752557,7.225104268076817,21.350339978408602,20.030583096973647,-1.3197568814349552,4.824543967039036,46.70873818926022,42.62082666588582,-4.087911523374395,6.4507429706280535,86.60111783718469,74.70566419168932,-11.895453645495365,8.216373432980857,25.358398210851618,22.59024356891218,-2.7681546419394394,4.725299646779183,65.25077785877608,54.67508109471568,-10.575696764060396,7.048713605904605,39.892379647924464,32.0848375258035,-7.807542122120964,6.4297940742330075
homepos,CZE,36,426.1267163616018,439.62898201310844,13.502265651506661,5.099806004714235,480.7028161592002,476.434485358706,-4.268330800494198,4.734856800355727,508.8669070142866,491.60439869506416,-17.262508319222434,4.628279000974571,531.2409286928619,501.2528396110612,-29.988089081800695,4.395214470599036,54.57609979759843,36.80550334559753,-17.770596452000902,5.000568229304886,82.74019065268484,51.9754166819557,-30.764773970729145,5.918657007044869,105.11421233126005,61.623857597952735,-43.49035473330731,6.28956415688856,28.164090855086425,15.169913336358178,-12.994177518728247,5.206469339885814,50.53811253366162,24.81835425235521,-25.719758281306408,5.2100016078440845,22.37402167857519,9.648440915997032,-12.725580762578158,4.999326451115478
homepos,DEU,36,414.3879837725532,416.59027522979693,2.2022914572437458,6.610864763851694,470.5020708169541,460.585369858607,-9.916700958347064,5.896182056924487,500.4281247291583,490.7258321186888,-9.702292610469499,6.0708991688946785,531.1067545353129,508.72397332601383,-22.382781209299083,5.0153829941433585,56.11408704440089,43.99509462881002,-12.118992415590867,6.266737510860415,86.04014095660514,74.13555688889183,-11.904584067713316,6.8929246335458485,116.71877076275977,92.13369809621688,-24.5850726665429,7.642683989512553,29.926053912204264,30.140462260081797,0.2144083478775336,6.261786728990976,60.604683718358885,48.13860346740684,-12.466080250952047,6.746513172349894,30.678629806154635,17.998141207325045,-12.68048859882959,6.091855914042182
homepos,DNK,36,450.8744847843449,443.09012173711153,-7.784363047233342,4.770357210298618,483.2277577713491,475.93934690954893,-7.288410861800173,4.37100093862653,509.3816731399029,485.8842728257193,-23.497400314183608,4.545563394188234,517.1920564124168,484.0301290087924,-33.16192740362442,4.734916954895908,32.35327298700419,32.84922517243733,0.4959521854331399,5.594800425596031,58.507188355558085,42.79415108860774,-15.713037266950344,5.951929358778859,66.31757162807205,40.94000727168081,-25.377564356391233,5.511863709283786,26.153915368553903,9.94492591617041,-16.20898945238349,5.757147926299649,33.964298641067856,8.090782099243484,-25.873516541824372,5.957346534530807,7.810383272513957,-1.854143816926927,-9.664527089440885,6.187712286322724
homepos,ESP,36,427.9934644421417,430.76776149496834,2.7742970528266255,3.651449383287323,464.44249414794695,458.0294508208708,-6.413043327076139,2.885774215705395,488.1727170987764,469.71016273477744,-18.462554363998947,2.997472995202441,514.9642620903727,479.80628591211223,-35.15797617826047,2.9341691255466764,36.44902970580519,27.26168932590257,-9.187340379902619,3.7475118930773856,60.17925265663475,38.942401239809165,-21.236851416825587,3.9008207046220056,86.97079764823094,49.03852441714396,-37.93227323108698,4.38263050335549,23.730222950829567,11.680711913906595,-12.049511036922972,2.930777105895494,50.52176794242575,21.776835091241388,-28.74493285118436,3.0467807708563455,26.79154499159618,10.096123177334794,-16.695421814261387,3.0429438845726886
homepos,EST,36,469.5208614427038,486.0561009063919,16.53523946368813,4.207828052736785,504.2559763102484,504.31334067250157,0.057364362253167656,4.8236660477751965,526.5044713186187,520.638251289385,-5.866220029233659,4.5400563539102015,541.3427091495507,522.4921211662894,-18.850587983261335,4.539428295499252,34.73511486754454,18.257239766109585,-16.477875101434954,5.333313946832735,56.983609875914865,34.58215038299313,-22.401459492921738,5.368763583713768,71.82184770684691,36.436020259897525,-35.385827446949385,5.453525813717548,22.248495008370327,16.32491061688354,-5.923584391486788,6.235492010121921,37.08673283930238,18.17878049378794,-18.90795234551444,5.460009817640053,14.838237830932053,1.8538698769044004,-12.984367954027652,5.059781292275969
homepos,FIN,36,443.70576063327445,453.06319464783655,9.357434014562102,3.8627448148475096,481.8163698491342,473.8512878741418,-7.965081974992415,3.893104504469317,499.97972072563806,478.91919959590206,-21.060521129736003,4.172101936729076,514.2518847851577,478.8024662642175,-35.449418520940185,4.157708527545167,38.11060921585986,20.788093226305232,-17.322515989554628,4.470124965642532,56.27396009236359,25.85600494806542,-30.41795514429817,4.48976708693659,70.54612415188323,25.73927161638099,-44.806852535502244,4.427976275191143,18.163350876503735,5.0679117217601855,-13.095439154743548,4.861262982032098,32.43551493602338,4.951178390075756,-27.484336545947624,4.64563662064138,14.27216405951965,-0.11673333168442923,-14.388897391204079,4.916934105869933
homepos,FRA,36,416.1711658134509,419.9978685611674,3.8267027477165243,5.115814012195233,459.3765832731582,450.92330815116327,-8.45327512199492,5.109758770331634,493.8579450016823,477.3232224427423,-16.534722558940018,5.7912227682305755,527.1621077567021,491.2051545628252,-35.95695319387687,4.766003588768368,43.20541745970743,30.925439589995825,-12.279977869711601,5.600169931985812,77.68677918823153,57.32535388157483,-20.3614253066567,5.9573356907748805,110.99094194325126,71.20728600165778,-39.78365594159348,6.0620642155981495,34.48136172852411,26.399914291578995,-8.081447436945112,5.886833089717126,67.78552448354384,40.28184641166195,-27.503678071881886,5.655515823131092,33.30416275501973,13.881932120082956,-19.422230634936774,5.168242998202153
homepos,GBR,36,449.35616753825843,460.2581117846774,10.901944246418964,4.5493869965352935,476.20155399291906,482.7514409081409,6.549886915221862,4.649699104438098,503.98646369122025,497.54019902128846,-6.446264669931793,5.278242324698708,537.9602993150809,518.0392642368895,-19.92103507819138,5.836409782155949,26.845386454660645,22.493329123463575,-4.35205733119707,5.604952054285527,54.63029615296184,37.282087236611076,-17.348208916350764,6.643702308225778,88.60413177682244,57.78115245221211,-30.82297932461033,7.10875883627219,27.784909698301202,14.788758113147498,-12.996151585153704,5.958820189968641,61.7587453221618,35.28782332874853,-26.47092199341327,6.822008794727891,33.973835623860595,20.49906521560103,-13.474770408259566,6.352848581830298
homepos,GRC,36,390.40634862068595,397.13351087946273,6.7271622587767865,4.708352999029781,424.53518654063254,426.4478735234944,1.912686982861885,4.7189279873658725,445.7451531744329,436.501114182138,-9.244038992294918,5.019847933904802,460.95279985064036,438.4456695884226,-22.507130262217743,5.460603216197217,34.12883791994659,29.314362644031707,-4.814475275914884,4.950176163323353,55.33880455374697,39.36760330267525,-15.971201251071719,5.7886917782366645,70.54645122995434,41.31215870895989,-29.23429252099445,5.871888792988516,21.20996663380037,10.053240658643546,-11.156725975156824,4.889434323053939,36.41761331000776,11.997796064928185,-24.419817245079575,5.730061675600854,15.20764667620739,1.9445554062846384,-13.26309126992275,5.161378181761018
homepos,HUN,36,405.46227565998527,412.9111586775672,7.44888301758192,5.383725450767656,465.20522272895244,457.74510193181914,-7.4601207971333,5.018103249904406,498.52970940100414,477.1849943005858,-21.34471510041834,5.405168695213728,523.4616449628928,493.6145771826371,-29.847067780255713,5.318407044951093,59.74294706896709,44.833943254252084,-14.909003814715007,5.688607463384118,93.06743374101879,64.27383562301873,-28.793598118000062,7.134213311964325,117.99936930290744,80.70341850507,-37.295950797837435,7.519365419439967,33.324486672051705,19.439892368766643,-13.884594303285063,5.56319478496401,58.25642223394036,35.8694752508179,-22.386946983122463,5.993438097117435,24.93193556188865,16.42958288205126,-8.50235267983739,5.881136544443352
homepos,IRL,36,453.55732950426636,449.769346691035,-3.787982813231338,4.440876816633101,484.9381661585841,479.398241597262,-5.539924561322152,3.8696820037960933,505.817269402928,491.96140823000235,-13.855861172925643,3.926109764349506,524.5025609610744,501.1134648411309,-23.38909611994353,3.8854048135031474,31.38083665431781,29.628894906226897,-1.751941748090914,4.601915843547543,52.25993989866167,42.19206153896724,-10.067878359694433,5.096241318903459,70.94523145680814,51.34411815009578,-19.601113306712364,5.463562218416237,20.879103244343856,12.563166632740343,-8.315936611603513,4.72963215680324,39.564394802490334,21.715223243868888,-17.849171558621446,4.722420012516745,18.68529155814648,9.152056611128547,-9.533234947017935,4.476687094198507
homepos,ISL,36,427.53400770364914,424.0347775914694,-3.4992301121797595,4.565854326938169,455.1265069733731,453.5157321673379,-1.6107748060352378,4.594942174110167,468.72262180092355,463.9062512987333,-4.816370502190239,4.140707484321971,486.8260067382774,463.407890784484,-23.418115953793404,4.801282818197437,27.59249926972397,29.480954575868463,1.8884553061444933,6.792332177668794,41.188614097274446,39.87147370726387,-1.3171403900105787,6.330976947110156,59.29199903462825,39.37311319301453,-19.918885841613715,6.453713753915701,13.596114827550474,10.390519131395404,-3.2055956961550702,5.942439110098289,31.69949976490429,9.892158617146071,-21.807341147758216,6.850668331468985,18.103384937353816,-0.49836051424933314,-18.60174545160315,6.411657984267905
homepos,ISR,36,394.95106609795664,405.1280685790099,10.17700248105325,5.384969503487548,447.94892090683163,442.234441984182,-5.714478922649619,5.788886882577952,481.29865298414495,452.4363876929102,-28.862265291234735,6.1893851473614525,512.4832799187484,457.2711960756066,-55.212083843141784,7.119727520034313,52.99785480887492,37.10637340517215,-15.89148140370277,5.781425527083088,86.34758688618822,47.30831911390032,-39.03926777228791,6.899542613512919,117.5322138207918,52.143127496596755,-65.38908632419503,7.736494465527222,33.34973207731331,10.20194570872817,-23.147786368585145,6.835628590598115,64.53435901191688,15.036754091424598,-49.49760492049228,7.178798898686032,31.18462693460355,4.834808382696428,-26.34981855190712,7.142011632854691
homepos,ITA,36,422.961274254623,426.7098784626934,3.7486042080703896,4.75585694460624,462.74724240471676,463.53842504952473,0.7911826448079751,5.889288928762504,488.3895950456232,485.0559553838631,-3.3336396617601167,5.1492553296451495,512.608461484297,497.14982588310465,-15.458635601192327,6.344592505290154,39.78596815009373,36.82854658683142,-2.957421563262308,6.091088406711212,65.42832079100016,58.34607692116977,-7.082243869830393,5.731441666766106,89.64718722967405,70.4399474204113,-19.207239809262745,6.982677687202168,25.64235264090643,21.517530334338336,-4.124822306568095,5.503886324673222,49.86121907958032,33.61140083357986,-16.249818246000466,6.221104060112027,24.21886643867389,12.093870499241524,-12.124995939432365,5.47571699136406
homepos,JPN,36,494.0206825855288,499.7276107314889,5.706928145960092,7.368297955953071,533.0627909646104,531.2202783495193,-1.8425126150910955,5.469399063052861,548.9400127546173,542.2840292232331,-6.655983531384209,6.05083321496834,567.4993843666114,532.9884713230192,-34.510913043592154,7.22591249033192,39.04210837908169,31.492667618030517,-7.549440761051173,6.713969153712847,54.91933016908854,42.556418491744246,-12.362911677344293,7.031979135516234,73.47870178108266,33.26086059153036,-40.2178411895523,7.886764843587987,15.877221790006853,11.06375087371373,-4.813470916293124,6.229086803198795,34.43659340200098,1.7681929734998447,-32.66840042850114,7.086390427251867,18.55937161199413,-9.295557900213884,-27.854929512208017,5.8458740029560685
homepos,KOR,36,469.23217793556023,478.3668624213384,9.134684485778166,8.82781189503291,522.2780252740997,520.5880405138766,-1.6899847602230693,7.643087344144324,549.7289503250233,540.944747611088,-8.784202713935315,6.326902315437285,570.1899139529974,554.028838711881,-16.16107524111635,7.460751507464122,53.04584733853942,42.22117809253804,-10.824669246001378,8.07198781669103,80.49677238946303,62.57788518974959,-17.918887199713446,9.966224072560959,100.95773601743709,75.66197629054253,-25.29575972689456,10.641690421347537,27.450925050923615,20.35670709721155,-7.094217953712064,7.778473599921352,47.911888678897654,33.440798198004494,-14.47109048089316,8.347805971087642,20.460963627974035,13.084091100792943,-7.376872527181092,6.325622210138225
homepos,LTU,36,426.7729732921258,444.8952985347572,18.122325242631405,4.409753392574254,466.0030855922711,465.70988126743,-0.29320432484109915,3.9398081438474115,492.8154230813922,480.6679073360586,-12.147515745333635,3.5599583352301796,517.4544034014115,492.5230668413569,-24.931336560054547,4.3771870174498435,39.2301123001452,20.814582732672637,-18.415529567472564,5.122788462857202,66.04244978926643,35.7726088013013,-30.269840987965125,5.498932541790071,90.68143010928569,47.62776830659966,-43.05366180268602,5.739185736015236,26.812337489121223,14.958026068628664,-11.854311420492559,4.556326381332092,51.45131780914047,26.81318557392703,-24.63813223521344,4.894381382870903,24.63898032001925,11.855159505298365,-12.783820814720885,5.231994982485937
homepos,LVA,36,447.27116545365607,437.49051162843006,-9.780653825226011,4.269296400691619,476.66861870531784,460.84596272937034,-15.822655975947498,4.205550015288249,494.1219587598105,469.77031222689675,-24.351646532913776,4.364832776328144,515.5867875373717,477.4061971827702,-38.18059035460152,3.237007509410477,29.397453251661794,23.355451100940183,-6.042002150721611,5.194155475096265,46.85079330615444,32.27980059846665,-14.570992707687793,5.0444343204593745,68.31562208371558,39.91568555434013,-28.399936529375452,4.793721606241389,17.45334005449265,8.924349497526464,-8.528990556966185,4.865016325549096,38.9181688320538,16.56023445339995,-22.35793437865385,4.967146760399169,21.46482877756115,7.635884955873484,-13.828943821687664,5.1315031586902675
homepos,MEX,36,362.52430085757976,364.69867732152625,2.174376463946487,3.510610313709287,387.76300875217964,381.311939081608,-6.4510696705716555,3.7502504723994092,402.6170938764157,395.57203481591444,-7.0450590605012735,3.8488883506182,427.6414080368178,409.8835785529592,-17.757829483858586,5.556699882389051,25.238707894599862,16.613261760081695,-8.625446134518167,4.158541350629799,40.092793018835934,30.87335749438817,-9.219435524447764,4.4430834260923495,65.11710717923793,45.18490123143295,-19.93220594780498,6.279646131728561,14.854085124236075,14.260095734306475,-0.5939893899296003,4.0947034717614645,39.878399284638064,28.571639471351254,-11.30675981328681,5.484132113114645,25.024314160401993,14.311543737044781,-10.712770423357211,5.209630726866943
homepos,NLD,36,432.35067918536913,442.35403769507957,10.003358509710438,6.886681430826456,485.28213223603143,487.8150550415786,2.532922805547173,7.1447633897882,517.7781425220221,502.5756949819558,-15.202447540066316,6.137809847729762,541.9795748576109,505.9098268292388,-36.069748028372146,5.840566988674575,52.931453050662256,45.46101734649906,-7.470435704163194,6.651876521316893,85.42746333665295,60.22165728687632,-25.205806049776626,7.99142868017964,109.62889567224173,63.55578913415927,-46.073106538082456,8.154368297891434,32.496010285990714,14.760639940377269,-17.735370345613447,7.6050688137074856,56.697442621579455,18.09477178766021,-38.60267083391925,7.96043493833616,24.20143233558874,3.3341318472829413,-20.8673004883058,6.779218227922687
homepos,NOR,36,429.13744240980805,429.76889780045457,0.6314553906465221,4.259001580904108,465.4522383802171,453.6807470153543,-11.771491364862811,4.340166151435778,485.47623793664843,469.12884122654907,-16.34739671009936,4.915647264630762,499.29705465308314,464.4884029526165,-34.80865170046661,4.664301005966022,36.31479597040897,23.911849214899668,-12.402946755509305,5.289223442174912,56.33879552684029,39.35994342609441,-16.978852100745883,5.33315843153268,70.15961224327503,34.71950515216189,-35.44010709111315,5.9825321565177125,20.023999556431317,15.448094211194746,-4.5759053452365706,5.863703307227789,33.844816272866055,10.807655937262217,-23.037160335603836,5.5376313550297995,13.820816716434734,-4.640438273932529,-18.461254990367262,6.103012068300126
homepos,NZL,36,425.17549352298886,440.7300878306877,15.554594307698835,4.41540585359451,472.73075352946154,478.56415171635626,5.833398186894726,6.170828181992743,504.0404317048009,497.7072739831336,-6.333157721667305,4.991559505093445,518.7681111964497,510.6521061211607,-8.116005075288967,5.06296339200693,47.555260006472714,37.83406388566857,-9.721196120804144,6.639284997390936,78.8649381818121,56.977186152445896,-21.887752029366197,6.283251937619049,93.59261767346095,69.92201829047305,-23.670599382987902,6.386255813800267,31.30967817533938,19.143122266777322,-12.166555908562056,7.620773139140118,46.03735766698823,32.08795440480448,-13.94940326218375,8.150362723255153,14.727679491648853,12.944832138027152,-1.782847353621701,6.880897357113066
homepos,POL,36,444.1923353479753,461.1191340953008,16.926798747325506,4.509205257834231,478.2953077328719,483.9418857777476,5.646578044875696,5.247785278750755,507.89401860173,495.61732898590645,-12.276689615823557,4.316065258070602,527.1609146276262,502.7240213453867,-24.43689328223951,5.425772185858302,34.10297238489655,22.822751682446828,-11.280220702449725,5.770963215437366,63.701683253754666,34.49819489060562,-29.20348836314905,5.351488987053246,82.96857927965095,41.604887250085966,-41.36369202956499,6.500426246827656,29.59871086885811,11.675443208158788,-17.923267660699324,5.401986477617843,48.86560689475441,18.782135567639138,-30.08347132711527,5.787661854820755,19.2668960258963,7.106692359480348,-12.160203666415953,5.38496114048279
homepos,PRT,36,421.2637352135075,419.3194490529948,-1.9442861605127177,5.977395095443702,457.55315534891423,448.658721202567,-8.894434146347237,5.207428776628156,489.75636786080867,475.4664247196147,-14.289943141193987,5.273555408569737,520.9226147568231,498.35243835328674,-22.57017640353638,6.066008305113467,36.28942013540681,29.339272149572214,-6.950147985834594,5.227025659822729,68.49263264730128,56.14697566661992,-12.345656980681355,6.1041722376500065,99.65887954331563,79.03298930029197,-20.62589024302366,7.582137318676928,32.20321251189448,26.807703517047713,-5.3955089948467645,5.372011441069858,63.369459407908835,49.69371715071978,-13.675742257189057,6.553228726691942,31.16624689601436,22.886013633672064,-8.280233262342296,6.307553824091545
homepos,SVK,36,383.7938918025785,417.8405335009701,34.04664169839157,7.266251086946094,459.4700990368863,473.0646117586427,13.59451272175636,5.716803232819302,496.13540051296906,490.1673496306,-5.968050882369084,5.251889520542818,517.4240136152305,499.945179872657,-17.4788337425735,5.48439387575567,75.67620723430782,55.22407825767262,-20.4521289766352,7.238100163823231,112.3415087103906,72.3268161296298,-40.014692580760794,8.143114141038772,133.63012181265208,82.10464637168695,-51.525475440965124,9.539984913475685,36.6653014760828,17.10273787195718,-19.56256360412562,6.726814615831661,57.95391457834427,26.880568114014334,-31.073346464329934,7.123867366659258,21.28861310226147,9.777830242057155,-11.510782860204314,5.936598767535632
homepos,SVN,36,436.99350054907546,435.42503549709636,-1.5684650519791035,4.461757394589433,478.6915828567352,465.5269597602286,-13.164623096506602,4.1776723541181084,502.8624980151205,476.5410413465812,-26.32145666853927,3.9657119021836427,520.1127345999555,468.1137513524976,-51.998983247457886,3.6407669608127886,41.69808230765982,30.101924263132332,-11.596158044527485,6.0466720784320245,65.86899746604504,41.116005849484935,-24.75299161656011,6.031638399826801,83.11923405088005,32.68871585540136,-50.43051819547869,6.214641809175047,24.17091515838522,11.014081586352603,-13.156833572032617,6.359571621904269,41.421151743220236,2.5867915922690314,-38.834360150951206,5.921615481970665,17.250236584835015,-8.427289994083571,-25.677526578918588,5.433111829765492
homepos,SWE,36,427.03829008611336,436.0139479578285,8.975657871715157,4.59641950920396,472.79886028621775,469.3983021295952,-3.4005581566225374,4.891459551981603,505.83241393784556,482.1455627061212,-23.686851231724347,4.658869475958872,525.2302660201628,479.3113519535285,-45.91891406663433,4.800077965715807,45.7605702001044,33.384354171766674,-12.376216028337723,5.383797068066583,78.7941238517322,46.13161474829274,-32.662509103439454,5.898048744147191,98.19197593404951,43.297403995700044,-54.894571938349465,6.196502130928957,33.033553651627805,12.747260576526065,-20.28629307510174,5.491972452466098,52.4314057339451,9.913049823933369,-42.51835591001173,5.773617385476988,19.397852082317296,-2.8342107525926963,-22.232062834909993,5.336887045005243
homepos,TUR,36,402.19236938670605,423.7864711300217,21.59410174331566,4.389284526272047,444.28612060727755,456.7093798139069,12.423259206629325,4.4410549961041115,468.19131751871635,476.9438220704295,8.752504551713173,4.190275423664993,498.04402579625395,489.7106641192548,-8.333361676999175,5.766935632475851,42.093751220571534,32.922908683885204,-9.17084253668633,5.192375595407916,65.99894813201036,53.157350940407824,-12.841597191602531,5.690162658659677,95.85165640954787,65.92419298923303,-29.927463420314837,7.200826761523823,23.90519691143882,20.23444225652262,-3.670754654916202,4.9721852067839105,53.75790518897634,33.00128430534784,-20.7566208836285,6.953598325786194,29.852708277537523,12.76684204882522,-17.085866228712305,6.49154136160569
homepos,USA,36,418.6574256384305,423.9433532262054,5.285927587774893,8.296065882980315,447.0930573187199,455.64082371985114,8.547766401131241,9.143361035626128,478.3381091094354,477.03097106404556,-1.30713804538982,11.405548285365608,515.3873467754811,492.95931120421284,-22.428035571268254,14.563065923949603,28.43563168028939,31.69747049364576,3.26183881335637,10.156659230662743,59.68068347100492,53.08761783784028,-6.593065633164642,11.192437002896812,96.7299211370505,69.01595797800738,-27.713963159043118,14.944649527788853,31.245051790715536,21.39014734419452,-9.854904446521015,11.171096840168941,68.29428945676109,37.318487484361626,-30.975801972399466,11.072876494370798,37.049237666045556,15.928340140167109,-21.120897525878448,11.65869992123366
homepos,OECD,36,426.19788426807884,433.40645592720347,7.20857165912463,0.8787575819227982,466.77822409991296,464.66989172154206,-2.1083323783709034,0.8964034450640084,492.89351632127165,480.46927837468075,-12.424237946590893,0.8570089151917765,516.3377351859665,488.5495921426706,-27.788143043295918,0.9589236112819668,40.58033983183408,31.26343579433867,-9.316904037495412,1.0166591642386793,66.69563205319282,47.06282244747728,-19.632809605715543,0.9909880889719698,90.13985091788761,55.143136215467145,-34.99671470242047,1.1356565419001792,26.115292221358736,15.799386653138612,-10.315905568220124,1.0375394633706951,49.55951108605353,23.87970042112847,-25.679810664925064,1.0787781501372429,23.444218864694797,8.080313767989855,-15.363905096704942,0.9475666585174252
homepos_h,AUS,36,450.9950543974789,445.12047902008817,-5.874575377390727,3.9958410093179304,485.1371583707889,478.7200048770861,-6.417153493702756,3.7680854360254874,503.38211050017736,495.07319369673803,-8.308916803439331,3.432957528754845,513.834744780984,499.0406180264387,-14.794126754545289,3.864061354265875,34.14210397330999,33.599525856997914,-0.5425781163120789,4.376860281439162,52.38705610269835,49.9527146766499,-2.434341426048455,4.383144628461991,62.839690383505044,53.92013900635061,-8.919551377154434,4.945454639876385,18.244952129388356,16.35318881965198,-1.8917633097363762,4.133374145654101,28.697586410195054,20.320613149352692,-8.376973260842362,4.3724060351793925,10.4526342808067,3.9674243297007137,-6.485209951105986,4.145523188689062
homepos_h,AUT,36,436.36027774320416,431.9151052215316,-4.445172521672589,5.594589599987303,487.01909148105176,475.7770186784097,-11.242072802642042,5.352942285116274,512.8668515013158,497.9966138153789,-14.870237685936843,4.579475661110856,517.7656781476719,505.4210550689554,-12.344623078716495,4.15490404009124,50.65881373784759,43.86191345687814,-6.796900280969446,5.915535473788204,76.50657375811161,66.08150859384725,-10.425065164264367,5.921261389714098,81.40540040446771,73.5059498474238,-7.899450557043906,6.515989573646695,25.84776002026403,22.21959513696911,-3.628164883294918,5.528316178013967,30.746586666620125,29.644036390545683,-1.1025502760744423,5.9948483723760315,4.898826646356094,7.424441253576572,2.5256146072204784,5.2479245950365945
homepos_h,BEL,36,435.1782610915449,433.04034137890847,-2.13791971263646,5.995313835965118,485.77864864233834,477.8886283088538,-7.890020333484529,5.04915908802632,511.8387376680263,500.1956893455728,-11.643048322453467,4.278954583513154,526.9146315423907,518.0993338355446,-8.815297706846081,5.023615857883722,50.60038755079351,44.84828692994535,-5.752100620848161,5.495207048060017,76.66047657648141,67.15534796666438,-9.505128609817035,6.779893758666403,91.73637045084584,85.05899245663622,-6.677377994209621,7.173115176053534,26.060089025687898,22.307061036719052,-3.753027988968846,5.632247704823225,41.13598290005232,40.210705526690866,-0.9252773733614532,6.159160926389227,15.07589387436442,17.903644489971818,2.827750615607398,5.064106667703605
homepos_h,CAN,36,470.5055750893208,457.2032279060046,-13.302347183316215,4.020505475091105,494.0853896336067,488.00115800780316,-6.084231625803568,3.601808155354697,513.2988155149668,503.8663599661547,-9.432455548812129,3.2917596449602904,515.8545907248524,504.57931180699507,-11.27527891785735,3.977548945282365,23.57981454428595,30.797930101798602,7.218115557512654,4.233395944649474,42.79324042564609,46.663132060150176,3.8698916345040857,4.661727902797425,45.349015635531565,47.37608390099049,2.0270682654589223,5.199463008121456,19.213425881360145,15.865201958351577,-3.348223923008568,4.045632792409584,21.769201091245616,16.578153799191888,-5.191047292053728,4.722538960651553,2.5557752098854736,0.71295184084031,-1.8428233690451634,4.326772378490008
homepos_h,CHE,36,458.3307089873994,457.3394569218202,-0.9912520655792036,4.8575936863306906,498.42512131202375,494.37214709571583,-4.052974216307916,4.598327028255345,526.0970310679901,520.7698397978879,-5.327191270102162,5.308163122068626,550.199130112532,528.7075155501749,-21.491614562357086,5.065425926765616,40.09441232462434,37.03269017389545,-3.061722150728883,5.412941436937631,67.76632208059058,63.430382876067576,-4.335939204523008,6.084963096710768,91.8684211251326,71.36805862835453,-20.500362496778067,6.493130273952626,27.671909755966244,26.39769270217211,-1.274217053794132,5.923519652052426,51.77400880050827,34.33536845445907,-17.438640346049198,5.917727379854069,24.102099044542022,7.937675752286964,-16.16442329225506,5.900500800415873
homepos_h,CHL,36,381.772303431221,376.3729834671631,-5.399319964057895,3.914024693483999,406.90618095527213,395.4261749764214,-11.480005978850727,4.576522232622282,421.48010220329223,408.5064348008842,-12.973667402408012,4.3686466743337355,444.6994196666051,439.3130429763261,-5.386376690279008,4.447995514857094,25.133877524051126,19.053191509258216,-6.08068601479291,4.8768230767302825,39.707798772071186,32.133451333721005,-7.5743474383501805,5.169127472716644,62.92711623538405,62.940059509162936,0.012943273778887487,5.613005872308689,14.57392124802006,13.080259824462791,-1.4936614235572687,4.932689228128215,37.79323871133293,43.88686799990473,6.0936292885717975,5.328484894177886,23.21931746331287,30.806608175441937,7.587290712129068,5.0120560550081255
homepos_h,COL,36,351.6041476178156,348.46862091760306,-3.1355267002125515,4.062011986454333,366.2985415317448,367.99458058237894,1.6960390506341696,4.7562119452868545,392.5326603235855,391.4370996642748,-1.0955606593107063,5.703475667354109,429.7510669580873,425.9618058205713,-3.7892611375159504,7.418768065062986,14.694393913929161,19.5259596647759,4.831565750846739,5.032411583756944,40.92851270576993,42.96847874667178,2.039966040901845,6.055903421976755,78.14691934027171,77.49318490296831,-0.6537344373033989,8.2085974255273,26.234118791840768,23.44251908189588,-2.7915997099448866,4.715915884085252,63.45252542634256,57.967225238192405,-5.4853001881501555,7.504159494451134,37.21840663450179,34.524706156296524,-2.6937004782052654,6.462970242108308
homepos_h,CZE,36,442.2444460607638,430.75599160029935,-11.488454460464425,5.057847486839401,486.17196174174705,477.91214661411357,-8.259815127633487,4.879689960120912,503.6366623833804,492.52717839901317,-11.109483984367216,4.558923791937624,515.8073411532698,509.3622987782445,-6.445042375025309,4.860571648808835,43.92751568098335,47.15615501381415,3.2286393328308023,5.326539584985816,61.39221632261665,61.771186798713835,0.37897047609718726,6.285841633191396,73.56289509250601,78.60630717794523,5.043412085439215,6.409541062449601,17.4647006416333,14.61503178489969,-2.8496688567336097,5.089790227140077,29.63537941152265,31.450152164131065,1.814772752608416,5.48089637485673,12.17067876988935,16.835120379231377,4.664441609342028,5.8169742990225135
homepos_h,DEU,36,427.70726329773186,415.7132785867461,-11.993984710985728,6.309736816504041,473.4156999855885,462.42315988299634,-10.992540102592159,6.504556457803546,501.4666942041428,491.6159195177388,-9.850774686404009,5.668741967766897,516.1318852545434,511.4087395731284,-4.723145681414962,4.784239484162301,45.708436687856654,46.70988129625018,1.001444608393527,6.154105225749415,73.75943090641104,75.90264093099272,2.143210024581677,6.686628015564166,88.42462195681162,95.69546098638224,7.270839029570624,7.181337755851911,28.050994218554365,29.19275963474255,1.1417654161881856,6.020736487448755,42.71618526895496,48.98557969013207,6.269394421177111,7.063654343118487,14.66519105040059,19.79282005538952,5.127629004988929,6.021313144052547
homepos_h,DNK,36,458.4058520269532,441.56021943614576,-16.84563259080744,5.009135239946321,489.1777903109249,474.7094738661423,-14.468316444782602,4.584444736894107,506.73532792270305,486.8179791966685,-19.91734872603456,4.6106900263548445,506.6041884562707,487.27083635734755,-19.33335209892317,4.418997705123462,30.771938283971657,33.14925442999638,2.377316146024725,6.058109960694837,48.329475895749866,45.25775976052272,-3.071716135227149,6.101587055219666,48.198336429317436,45.71061692120172,-2.487719508115717,5.576489250324986,17.557537611778212,12.108505330526338,-5.449032281251874,5.889387547695763,17.42639814534578,12.56136249120534,-4.8650356541404385,6.082810710815236,-0.13113946643243252,0.4528571606790024,0.583996627111435,5.988783265983683
homepos_h,ESP,36,435.66852451453894,423.41051132580776,-12.258013188731184,3.6127084049536826,466.9302813859343,454.30255437639573,-12.627727009538546,3.063133808803267,487.32975797833114,473.06175920922715,-14.267998769103997,3.0641499622898283,506.25830429833985,488.8145871786877,-17.44371711965215,2.8724014019126884,31.26175687139523,30.89204305058801,-0.3697138208072204,3.927505832680293,51.661233463792165,49.65124788341939,-2.0099855803727777,3.9261263727018854,70.58977978380085,65.40407585287994,-5.1857039309209085,4.316191466794419,20.399476592396933,18.759204832831376,-1.6402717595655574,3.101755006604711,39.328022912405615,34.51203280229193,-4.815990110113688,3.2012881427901267,18.928546320008685,15.752827969460549,-3.175718350548136,3.1827546463667584
homepos_h,EST,36,479.0883471152541,478.0854204394935,-1.0029266757606479,4.209696405926547,506.67738473464385,505.563607770147,-1.1137769644968785,4.542992544893896,521.3404141438743,519.0587757884794,-2.281638355394989,4.338372177800749,534.5280494147594,531.0610697443052,-3.4669796704541795,4.786335837338315,27.589037619389877,27.478187330653448,-0.11085028873642955,5.0888170801804264,42.25206702862027,40.97335534898585,-1.2787116796344193,5.265725335815182,55.43970229950533,52.97564930481169,-2.4640529946936383,5.647856742043216,14.663029409230393,13.495168018332402,-1.1678613908979916,5.17670525381903,27.850664680115443,25.497461974158238,-2.353202705957205,5.722227888865129,13.18763527088505,12.002293955825838,-1.1853413150592118,5.21791443728802
homepos_h,FIN,36,454.6886877366804,447.72076093393025,-6.967926802750128,3.892584600843518,485.61719166376815,469.98303070341245,-15.6341609603557,3.7765578525616554,497.20777982187565,481.77886983100143,-15.428909990874217,4.099272123211208,503.5997774769077,487.1777728225485,-16.422004654359228,4.124677503019268,30.92850392708768,22.262269769482163,-8.666234157605516,4.257264202833525,42.519092085195325,34.058108897071165,-8.46098318812416,4.440843782447803,48.91108974022738,39.457011888618204,-9.454077851609178,4.505243702514954,11.590588158107646,11.795839127589,0.20525096948135335,4.626406783392219,17.982585813139707,17.194742119136045,-0.7878436940036622,4.496849415544302,6.39199765503206,5.398902991547044,-0.9930946634850155,5.032758119479417
homepos_h,FRA,36,426.2337738191342,414.8309363284645,-11.402837490669754,5.198539630891645,466.16209589366565,454.01694150651645,-12.145154387149205,5.10324884861458,490.27936233197653,473.09187442556214,-17.18748790641439,5.201287071070917,516.8849655071479,500.8060899350656,-16.078875572082268,4.934082129049359,39.92832207453146,39.18600517805195,-0.7423168964795082,5.232462104434724,64.04558851284227,58.26093809709761,-5.7846504157446645,5.914155009270294,90.65119168801364,85.97515360660108,-4.676038081412557,6.336217530854424,24.11726643831083,19.074932919045658,-5.042333519265171,5.127080984991074,50.72286961348217,46.78914842854914,-3.9337211849330274,5.277018333236299,26.605603175171343,27.714215509503482,1.1086123343321397,5.1207736925587195
homepos_h,GBR,36,460.04028879369463,454.7171836469761,-5.323105146718547,5.2064169070223985,482.6946842150725,482.83165782681624,0.1369736117437128,4.6162433049289024,501.3961483443092,498.43389486805216,-2.9622534762570467,5.035080393174802,525.7888175884616,523.9079170469992,-1.880900541462438,5.80160820555815,22.654395421377963,28.1144741798403,5.460078758462338,6.271273633279504,41.35585955061467,43.71671122107614,2.3608516704614715,6.78484092991176,65.74852879476703,69.19073340002315,3.442204605256123,7.664250557171287,18.701464129236705,15.602237041235838,-3.099227088000866,5.772075563259191,43.09413337338906,41.07625922018284,-2.017874153206222,6.907971298630181,24.39266924415236,25.474022178947003,1.0813529347946442,5.96600127814241
homepos_h,GRC,36,402.61690786901335,393.92547653139934,-8.691431337614006,4.366143443018962,429.1286690770524,423.5130929089528,-5.615576168099608,5.2891714920390545,441.54675226353373,438.2366707934076,-3.3100814701261356,5.462738979567609,450.58933802253705,445.36759796188,-5.221740060657055,5.490978167884107,26.51176120803898,29.58761637755348,3.075855169514501,5.547455067753455,38.92984439452037,44.31119426200824,5.38134986748787,6.15191357686694,47.97243015352368,51.44212143048067,3.4696912769569863,6.234656533260396,12.418083186481397,14.723577884454766,2.3054946979733693,5.670472953476944,21.460668945484702,21.85450505292719,0.393836107442489,6.166373292202565,9.042585759003305,7.130927168472425,-1.9116585905308803,5.861646127121398
homepos_h,HUN,36,418.53109283164497,408.9277330597306,-9.60335977191437,6.053176540644104,467.8483452437582,457.16572712929155,-10.682618114466663,4.7349879326197,493.17206159952565,476.8704127074622,-16.30164889206344,4.946523394823472,515.8440554964927,500.7012217620436,-15.142833734449141,5.406022140884981,49.317252412113234,48.23799406956092,-1.0792583425523148,6.2779163679792935,74.64096876788071,67.94267964773158,-6.698289120149127,7.2916105221147385,97.31296266484784,91.77348870231292,-5.539473962534927,7.853372711123926,25.323716355767477,19.704685578170647,-5.61903077759683,5.669830879528035,47.99571025273461,43.535494632752,-4.460215619982613,5.704755571059939,22.671993896967138,23.83080905458135,1.1588151576142138,5.422079929739571
homepos_h,IRL,36,461.5386940199861,447.47089787398045,-14.067796146005662,4.401546524944786,485.97075009509797,476.497407333925,-9.473342761172944,4.36346529388945,505.0956456059142,494.5038738303539,-10.591771775560346,4.077936859025265,516.6290118591353,504.34093035822707,-12.28808150090822,3.7794295399952547,24.432056075111877,29.026509459944627,4.59445338483275,5.136954495277315,43.55695158592816,47.03297595637347,3.476024370445309,5.220076562744005,55.090317839149165,56.87003248424658,1.779714645097414,5.58177117995547,19.12489551081628,18.00646649642884,-1.1184290143874414,4.9931723335871085,30.65826176403729,27.84352302430195,-2.8147387397353434,5.288280393456568,11.53336625322101,9.837056527873107,-1.696309725347902,4.570402682850856
homepos_h,ISL,36,436.21809367042914,422.3035556973753,-13.914537973053825,4.587471375645258,462.88220232918957,451.2072952777691,-11.674907051420462,4.794681267009391,468.0480737842092,464.6279917129815,-3.4200820712276823,4.080855558543852,473.13359404427945,468.40268283514723,-4.730911209132216,4.752040838551322,26.664108658760348,28.90373958039377,2.2396309216334203,7.080984220063071,31.829980113780017,42.32443601560615,10.494455901826136,6.076620767770055,36.91550037385029,46.099127137771916,9.183626763921623,6.271377747176269,5.165871455019669,13.420696435212387,8.254824980192717,6.618730557435561,10.251391715089948,17.195387557378147,6.943995842288199,6.888824690332899,5.08552026007028,3.7746911221657626,-1.3108291379045172,6.265395155147821
homepos_h,ISR,36,406.83116197044137,392.4997240668923,-14.331437903549045,6.0150076043893534,456.9525714007589,437.42406256933754,-19.52850883142139,6.127782737120364,488.3683611798774,462.7271301917232,-25.641230988154234,6.1795850713013305,503.2100795523994,470.71694630843575,-32.493133243963655,6.423343193024317,50.121409430317556,44.92433850244526,-5.197070927872296,6.320611625248427,81.5371992094361,70.22740612483092,-11.309793084605175,6.4410433135652125,96.37891758195804,78.21722224154338,-18.161695340414653,7.147014762896859,31.41578977911854,25.303067622385658,-6.112722156732882,6.536798974677591,46.25750815164048,33.292883739098116,-12.964624412542364,6.940817615168496,14.841718372521939,7.989816116712461,-6.8519022558094775,6.506817197036902
homepos_h,ITA,36,435.65219668761347,425.225605297099,-10.426591390514488,5.0141660489064765,464.83271902881125,462.0026452413975,-2.8300737874137667,5.038157864160117,485.17241663631256,486.1281693415258,0.9557527052132286,5.624603701222135,501.8741726290993,499.52010646427505,-2.3540661648242462,5.919674664636192,29.180522341197708,36.77703994429842,7.596517603100715,5.233638767585196,49.52021994869908,60.90256404442679,11.38234409572771,5.950607483288562,66.22197594148585,74.29450116717607,8.072525225690214,6.538550329156529,20.33969760750137,24.125524100128366,3.7858264926269953,5.428812192349476,37.04145360028815,37.517461222877635,0.4760076225894849,5.5171442516222164,16.70175599278678,13.391937122749273,-3.309818870037507,5.153233277246317
homepos_h,JPN,36,505.0407195632309,496.79248074670704,-8.248238816523838,7.739920783978983,537.835964620631,529.3148873805776,-8.521077240053387,6.149378497934716,549.8590521685609,537.9728139202209,-11.886238248339964,5.590963751294552,551.4583390214285,542.971966516576,-8.486372504852511,6.923641711177599,32.795245057400194,32.522406633870546,-0.2728384235296488,7.090875925610853,44.81833260533003,41.18033317351385,-3.6379994318161764,7.433830044932563,46.41761945819762,46.17948576986896,-0.23813368832865933,8.49206611705672,12.023087547929833,8.657926539643302,-3.365161008286531,6.029238149454999,13.622374400797423,13.657079135998412,0.03470473520098949,6.699559145263015,1.5992868528675899,4.9991525963551116,3.3998657434875215,6.113313622377007
homepos_h,KOR,36,485.85727667200547,480.14182191205,-5.715454759955492,8.169905343033669,527.5342161606696,519.7501070376599,-7.7841091230097845,6.893443325834858,540.678496689582,540.7834635769099,0.10496688732791881,6.255646003860048,559.2728517962959,554.9162584868401,-4.356593309455775,8.176868937205517,41.676939488664345,39.60828512560995,-2.0686543630543923,7.579218719965764,54.821220017576465,60.641641664860046,5.820421647283581,8.243391932398417,73.41557512429054,74.77443657479009,1.3588614504995462,9.933576459811631,13.144280528912123,21.033356539250086,7.889076010337963,7.241263050589865,31.73863563562619,35.16615144918014,3.4275158135539527,8.034412851988003,18.59435510671407,14.132794909930055,-4.4615601967840135,8.201534391640404
homepos_h,LTU,36,440.5169231785595,439.47267873329736,-1.0442444452621658,4.554492509904628,474.3249983993848,470.0977432371134,-4.227255162271433,3.869535559404177,486.69717242894524,481.19226662814543,-5.504905800799804,3.814343092745264,502.94361602672615,494.7643871742158,-8.179228852510334,4.332840733994186,33.80807522082537,30.625064503815985,-3.183010717009388,5.620111209965214,46.18024925038565,41.71958789484805,-4.460661355537603,5.389108523166222,62.42669284816668,55.29170844091849,-7.13498440724819,5.686359759225486,12.372174029560279,11.09452339103206,-1.2776506385282183,4.948519680986918,28.618617627341308,24.666643937102503,-3.9519736902388054,5.422328542938049,16.24644359778103,13.572120546070442,-2.674323051710589,5.049532757494753
homepos_h,LVA,36,454.4664517001218,432.55904711471715,-21.907404585404663,4.1873399752152025,479.96696847412585,458.7873324289176,-21.17963604520827,3.861229366517393,491.86916584827276,471.3686542607262,-20.500511587546555,4.118643481467637,507.72805406627396,483.51788124712346,-24.2101728191505,3.634598182575639,25.50051677400403,26.228285314200527,0.7277685401964966,4.746840130657952,37.40271414815102,38.80960714600903,1.4068929978580087,5.057870940876122,53.26160236615219,50.958834132406295,-2.302768233745894,4.609296595528963,11.902197374146994,12.581321831808504,0.6791244576615103,4.6742091419376175,27.76108559214817,24.73054881820577,-3.0305367739424014,4.769669980859901,15.858888218001175,12.149226986397263,-3.7096612316039117,5.089863183378179
homepos_h,MEX,36,369.13772381312424,362.6211305363152,-6.516593276809033,3.4650511351204463,388.73182728819893,382.87960354924496,-5.852223738953967,3.550518679911796,403.41637872641587,395.26030659970667,-8.156072126709205,4.37997251558683,422.7166329059705,412.6700123205711,-10.04662058539941,5.442715869429481,19.59410347507469,20.258473012929805,0.6643695378551158,4.109907933612074,34.278654913291604,32.63917606339144,-1.639478849900165,4.822688444541879,53.57890909284633,50.04888178425591,-3.5300273085904195,6.217008602238768,14.684551438216914,12.38070305046163,-2.303848387755284,4.541255148254327,33.98480561777164,29.790408771326106,-4.194396846445535,5.774647085745891,19.300254179554724,17.409705720864473,-1.890548458690251,5.083042347509515
homepos_h,NLD,36,439.2634235433253,456.49351306695587,17.230089523630568,7.361422746992427,495.7357285347092,491.1350277941336,-4.600700740575633,5.8607728259635214,517.6866869307538,504.0989307650548,-13.587756165699034,6.529132248518433,525.9552130337646,509.35728941832986,-16.597923615434752,5.97166947464054,56.472304991383886,34.641514727177665,-21.83079026420622,6.60007439623851,78.42326338742853,47.60541769809892,-30.817845689329616,8.303343823525353,86.69178949043935,52.86377635137389,-33.828013139065455,8.237958937296735,21.950958396044644,12.963902970921248,-8.987055425123396,7.158346635382646,30.219484499055476,18.22226162419623,-11.997222874859247,6.724566213950228,8.268526103010833,5.258358653274979,-3.010167449735854,7.421378320761898
homepos_h,NOR,36,439.02401190701914,425.7782812963089,-13.245730610710268,4.753069338717157,468.4095737889169,452.2066502848368,-16.202923504080047,4.417218749183704,485.1616471079994,469.96952061887225,-15.192126489127133,4.654360296153258,487.93152758823487,470.73529370506486,-17.19623388317001,4.467080526011555,29.38556188189774,26.428368988527996,-2.9571928933697436,5.985970399427422,46.137635200980256,44.19123932256338,-1.9463958784168724,5.513671545487332,48.90751568121578,44.95701240875592,-3.950503272459855,6.374855492117804,16.75207331908252,17.762870334035387,1.0107970149528676,5.2699088067584805,19.521953799318037,18.52864342022793,-0.9933103790901079,5.500263176127778,2.76988048023552,0.7657730861925416,-2.004107394042978,5.74604465870204
homepos_h,NZL,36,433.8444668460779,440.4232182639089,6.578751417830972,4.814324147752079,482.22788619044616,473.7928373728752,-8.43504881757093,5.062376088822777,498.67719624445226,500.18387209141895,1.5066758469666865,5.144304034917088,508.77827816274913,514.5285647121116,5.750286549362443,5.014099877013704,48.383419344368235,33.36961910896625,-15.013800235401987,6.370567244066576,64.83272939837423,59.760653827509984,-5.072075570864243,6.460974554971298,74.93381131667111,74.10534644820268,-0.8284648684684299,6.915809697437452,16.44931005400599,26.391034718543743,9.941724664537752,6.743266746689369,26.550391972302872,40.73572733923644,14.185335366933568,6.908711892154017,10.101081918296881,14.344692620692694,4.243610702395813,6.562877056420315
homepos_h,POL,36,454.5097933912856,457.5464625498879,3.036669158602308,4.469924027318151,489.1235041397349,483.30821016205374,-5.815293977681165,4.942102317295577,501.0468570727364,494.7320166334741,-6.314840439262298,4.385583975314776,513.5564199618079,510.14342991653666,-3.412990045271272,5.424960952086375,34.61371074844924,25.761747612165845,-8.851963136283398,5.371568926628246,46.53706368145077,37.18555408358618,-9.351509597864585,5.339192646393824,59.046626570522264,52.59696736664878,-6.4496592038734875,6.387688294917219,11.923352933001524,11.42380647142034,-0.49954646158118443,5.422647121921241,24.432915822073017,26.83521975448293,2.4023039324099145,6.076502123124583,12.509562889071493,15.411413283062592,2.901850393991099,5.285775589076973
homepos_h,PRT,36,425.84675628904085,417.78812821059074,-8.058628078450113,5.572691160517467,463.5227761317542,447.84407540286156,-15.678700728892636,5.7455588720322375,488.2466210062004,476.8986224762277,-11.347998529972756,5.5190495001897215,512.8487855867327,499.87203882151573,-12.976746765216944,5.276093898203921,37.67601984271325,30.055947192270878,-7.620072650442374,5.428272324166946,62.39986471715956,59.110494265636916,-3.289370451522643,6.0138424085436935,87.00202929769193,82.08391061092502,-4.918118686766917,6.917594492446982,24.723844874446307,29.05454707336604,4.3307021989197345,5.5398627552573805,49.32600945497869,52.027963418654124,2.701953963675436,6.344145923762367,24.602164580532378,22.97341634528808,-1.6287482352442986,5.422087640280734
homepos_h,SVK,36,402.62791328408207,418.886836584138,16.258923300055926,7.2746976181436604,470.6964888596623,471.13150342160986,0.4350145619475825,5.160725573224475,491.07761390743445,491.28984238188525,0.2122284744507965,4.784169493373871,505.9312745585644,507.97370897576985,2.0424344172054703,5.523515685792093,68.0685755755801,52.24466683747179,-15.823908738108308,7.6320426013599265,88.44970062335236,72.40300579774723,-16.04669482560513,7.934463295707515,103.30336127448224,89.08687239163177,-14.21648888285047,9.370152083018615,20.381125047772258,20.158338960275433,-0.22278608749682505,5.438975652017166,35.234785698902165,36.842205554159996,1.607419855257831,6.754209563190014,14.853660651129905,16.683866593884563,1.8302059427546578,5.642879452704585
homepos_h,SVN,36,452.05831395014184,426.1903533102097,-25.867960639932164,4.273459560720942,487.14978768984645,463.43796341989685,-23.711824269949602,4.032989163126777,497.1724954835997,478.31064295758387,-18.86185252601581,3.748222193484547,502.8985400576695,480.47271385968804,-22.42582619798145,3.5185374505695446,35.09147373970465,37.24761010968709,2.156136369982441,5.571977677110187,45.11418153345787,52.12028964737415,7.006108113916284,5.983949124643756,50.84022610752773,54.28236054947835,3.4421344419506212,5.9341197523194795,10.022707793753222,14.872679537687059,4.849971743933837,5.31905396080652,15.748752367823084,17.03475043979126,1.2859980719681765,5.8328921238840685,5.726044574069863,2.162070902104199,-3.563973671965664,5.518388296393982
homepos_h,SWE,36,436.18292978542394,429.0833406854742,-7.099589099949753,4.599529837155931,481.54937433385714,466.97876546349005,-14.570608870367096,5.01630416424105,502.8826639961638,486.1831270550059,-16.699536941157874,4.800516172957067,513.0680981049801,487.1127630253228,-25.95533507965729,4.86894777363919,45.366444548433215,37.8954247780159,-7.471019770417314,5.976064020394447,66.6997342107399,57.09978636953177,-9.599947841208134,5.841559105306667,76.88516831955624,58.02942233984864,-18.855745979707606,6.423764181579166,21.33328966230669,19.204361591515873,-2.128928070790817,6.212558207091722,31.518723771123017,20.13399756183273,-11.384726209290289,5.600026148850897,10.185434108816327,0.9296359703168549,-9.255798138499472,5.565871608751684
homepos_h,TUR,36,412.0658319440387,418.5761677713507,6.510335827312019,4.648134014705174,445.30194858344964,449.92933998933734,4.627391405887693,4.297565947132172,466.2754809015643,480.7314151935605,14.455934291996186,4.02180341830855,490.0596936373422,498.73701700471736,8.677323367375152,5.928449358466955,33.23611663941097,31.3531722179866,-1.882944421424373,4.920940743295118,54.20964895752572,62.15524742220985,7.9455984646841245,5.604631543487071,77.99386169330349,80.16084923336665,2.166987540063161,7.715302907291959,20.973532318114746,30.80207520422324,9.828542886108494,4.483425633717919,44.75774505389252,48.807677015380044,4.049931961487523,7.515758683599793,23.78421273577778,18.005601811156804,-5.778610924620974,6.425363597778617
homepos_h,USA,36,423.8543882582244,421.70458889494296,-2.1497993632814314,7.33033000538012,449.3099563592991,451.9098839812492,2.599927621950087,10.324184421277517,482.3934937657788,475.05282694512954,-7.3406668206492895,13.217714141395222,505.64242444479703,502.7802235474398,-2.8622008973572406,14.900275249971845,25.455568101074682,30.20529508630624,4.749726985231558,11.173593820666111,58.53910550755438,53.348238050186566,-5.1908674573678155,13.195262611538684,81.78803618657255,81.07563465249692,-0.7124015340756387,16.122742004526586,33.08353740647969,23.142942963880323,-9.94059444259937,12.450318954945716,56.33246808549789,50.87033956619068,-5.462128519307207,11.55841843438584,23.248930679018184,27.727396602310353,4.47846592329217,15.25961216560803
homepos_h,OECD,36,436.2363495249324,429.74070998150876,-6.495639543423636,0.8843477291687838,471.9314855163202,463.33990129054837,-8.59158422577184,0.8638853191684167,490.9842441460495,481.70427925011137,-9.279964895938122,0.8979515312557711,505.4636831011141,495.0148619150879,-10.44882118602618,0.9147858820871905,35.69513599138779,33.59919130903966,-2.095944682348126,0.9621476647723203,54.74789462111706,51.963569268602726,-2.7843253525143368,1.0992516373919303,69.22733357618164,65.2741519335792,-3.9531816426024307,1.1293786558831176,19.052758629729276,18.364377959563065,-0.688380670166211,0.9620436283003646,33.53219758479385,31.674960624539533,-1.8572369602543155,1.037919713710547,14.47943895506457,13.31058266497647,-1.1688562900880992,1.0104325043182214
books_h,AUS,36,439.87747811543807,435.33506286603307,-4.542415249404996,3.516941393277931,485.8105066996635,478.13274101819354,-7.677765681469964,3.728646012622812,500.29797729164784,490.7509749503879,-9.54700234125994,3.6297554465967155,527.1252154308269,513.9834624933403,-13.141752937486558,3.9403086455587295,45.93302858422554,42.7976781521605,-3.1353504320650387,4.070715502938001,60.420499176209844,55.41591208435491,-5.004587091854937,4.319934475180628,87.24773731538873,78.64839962730719,-8.599337688081548,4.366092806494773,14.4874705919843,12.618233932194409,-1.869236659789891,4.417154628226548,41.314708731163186,35.850721475146685,-5.463987256016502,4.172671892553029,26.82723813917889,23.232487542952278,-3.5947505962266106,4.149338234302108
books_h,AUT,36,426.95424437678656,422.9561906237429,-3.9980537530436777,5.021214657183468,481.9870923742111,471.24716150137203,-10.739930872839068,5.334463986705548,508.7450967002413,494.14465031253815,-14.60044638770313,4.216074173246761,535.3350303133896,522.1673253283465,-13.167704985043088,4.582914954580217,55.03284799742441,48.29097087762906,-6.741877119795355,5.255769047411463,81.79085232345467,71.18845968879512,-10.602392634659552,5.601388375003741,108.38078593660308,99.21113470460344,-9.169651231999637,5.8457311895120005,26.75800432603025,22.897488811166063,-3.8605155148641863,5.489035445154539,53.34793793917866,50.920163826974374,-2.4277741122042826,5.744139349857262,26.58993361314841,28.02267501580831,1.4327414026599001,5.039515129612904
books_h,BEL,36,427.9315396269247,422.7312446709031,-5.200294956021594,5.531779319021656,485.20572630168243,474.7837953750932,-10.421930926589255,5.295461283305394,511.1561471809808,502.3301295939834,-8.82601758699741,4.609398882908482,535.3294629837503,526.6240062987305,-8.70545668501984,4.4896698729881885,57.274186674757765,52.052550704190025,-5.221635970567739,5.345137685274337,83.22460755405609,79.59888492308032,-3.6257226309757726,6.077945491933513,107.39792335682557,103.89276162782733,-3.505161728998246,6.5243927006679465,25.95042087929834,27.54633421889031,1.59591333959197,5.650198349020785,50.123736682067815,51.8402109236373,1.716474241569486,5.912185421856905,24.17331580276948,24.293876704747,0.12056090197751956,4.77366755086361
books_h,CAN,36,457.7220747757818,449.7532000411502,-7.968874734631584,3.4730298019063355,498.2751482234852,485.7639166650386,-12.511231558446582,3.260172384039822,511.61659423608774,501.4004588977609,-10.216135338326808,3.6474767114885034,526.7459816135992,515.8204884942274,-10.925493119371708,3.6222542443274235,40.553073447703454,36.01071662388839,-4.542356823815062,3.5770441071958703,53.8945194603059,51.64725885661071,-2.2472606036951888,4.118463612399551,69.02390683781735,66.0672884530772,-2.9566183847401533,4.33586869237871,13.341446012602443,15.636542232722325,2.2950962201198823,4.019495621316682,28.47083339011389,30.05657182918881,1.5857384390749232,4.245103617322216,15.129387377511444,14.420029596466486,-0.7093577810449574,4.157085902314499
books_h,CHE,36,448.0134297942206,442.84085666060525,-5.172573133615344,4.7133299231125765,501.05692867011504,489.91735627577634,-11.1395723943387,5.170044689671471,523.9890303037118,520.8262553817422,-3.1627749219696852,4.773174700975142,559.882053156506,547.3176028440954,-12.5644503124106,5.466187481236746,53.04349887589437,47.076499615171016,-5.966999260723355,5.585230440848105,75.9756005094911,77.98539872113695,2.009798211645844,5.944125286077675,111.86862336228549,104.4767461834901,-7.391877178795383,6.6315279273475065,22.932101633596705,30.908899105965922,7.976797472369217,5.298261958538428,58.8251244863911,57.40024656831908,-1.4248779180720135,6.611384120586338,35.89302285279439,26.491347462353154,-9.401675390441234,6.122102633729181
books_h,CHL,36,382.5185853446684,375.06352444686183,-7.455060897806561,4.047240904958172,400.0969034403192,395.14881286944893,-4.948090570870249,4.19639874229633,423.25541401679027,411.34840790867673,-11.907006108113535,4.544825041291841,447.59519527103083,435.8220466442561,-11.773148626774741,4.056036595527241,17.578318095650758,20.085288422587105,2.5069703269363472,4.610536747940595,40.736828672121874,36.284883461814886,-4.451945210306988,5.1326568178085,65.07660992636247,60.758522197394335,-4.3180877289681305,5.226690992888653,23.158510576471116,16.199595039227784,-6.958915537243332,4.898772292486329,47.49829183071172,40.67323377480723,-6.825058055904492,4.552231153415005,24.339781254240602,24.473638735579442,0.1338574813388398,4.802365906585075
books_h,COL,36,354.5538707221519,354.2758632402945,-0.27800748185740076,4.181642104950259,372.6698877954947,372.6114154818932,-0.05847231360149863,4.326749395781246,389.636511034539,388.68767783801303,-0.9488331965259817,5.031542544207203,420.0257824092106,415.89508482541703,-4.130697583793562,6.920777890599366,18.116017073342743,18.335552241598645,0.21953516825590214,4.309392799538933,35.082640312387056,34.41181459771856,-0.6708257146684957,4.731008254034506,65.47191168705866,61.619221585122524,-3.8526901019361404,6.605606571422043,16.96662323904431,16.076262356119912,-0.8903608829243979,4.423947428914732,47.35589461371591,43.28366934352387,-4.0722252701920425,6.466965238022295,30.3892713746716,27.20740698740396,-3.181864387267641,5.667896464979506
books_h,CZE,36,426.89531542784215,418.17899262106323,-8.71632280677892,4.7383291692769305,484.5872679612274,474.2963414791552,-10.290926482072166,4.927309216926941,504.93141409445786,494.03932544841075,-10.892088646047114,4.35209790400424,531.0633894962301,522.8544090024575,-8.208980493772629,5.403783013793609,57.69195253338523,56.117348858092086,-1.5746036752931474,5.283970061923199,78.0360986666157,75.86033282734749,-2.175765839268209,5.386595915763831,104.16807406838802,104.67541638139426,0.5073423130062338,6.99374995565764,20.34414613323046,19.742983969255413,-0.6011621639750473,4.968013956160354,46.47612153500277,48.558067523302164,2.0819459882993954,6.307191269988555,26.13197540177231,28.815083554046748,2.683108152274439,5.491414972897953
books_h,DEU,36,415.8509726800834,405.2252922412185,-10.62568043886489,5.993571565289776,471.9355718789773,459.12539821533784,-12.810173663639489,6.254304785814555,500.87290364203744,491.59050078543197,-9.282402856605472,5.32186866866114,529.0525988953402,522.5630444152946,-6.489554480045626,5.032035574254146,56.084599198893855,53.90010597411932,-2.184493224774535,6.3108061908015705,85.02193096195403,86.36520854421344,1.343277582259418,6.653514475240584,113.20162621525674,117.3377521740761,4.136125958819363,6.7194825139547625,28.93733176306018,32.46510257009412,3.5277708070339386,5.564239230730236,57.117027016362876,63.437646199956795,6.320619183593919,6.335867488999317,28.179695253302697,30.972543629862674,2.792848376559977,5.40596057771352
books_h,DNK,36,448.1110819689052,434.4716196915262,-13.639462277378982,4.176328555586902,489.54622861988844,465.32019391626363,-24.226034703624805,4.928428748213781,501.5057366204522,485.054303799674,-16.451432820778166,4.941078464077787,522.0326413617529,505.06285514486564,-16.969786216887258,4.862309373612962,41.43514665098324,30.84857422473747,-10.586572426245773,5.792343600404344,53.39465465154692,50.582684108147724,-2.811970543399198,5.754488818032445,73.92155939284778,70.59123545333941,-3.330323939508375,6.0933242970582455,11.959508000563682,19.73410988341026,7.774601882846577,5.8635603701818075,32.48641274186454,39.74266122860193,7.256248486737391,6.374132432155191,20.52690474130086,20.00855134519167,-0.5183533961091911,6.7749451126023015
books_h,ESP,36,424.08914840262753,415.1930621028181,-8.89608629980944,3.4361478363422875,470.46092568573187,455.00233665990044,-15.45858902583143,2.9160171099325933,489.31009526928193,474.98374700572384,-14.326348263558089,2.931050759069312,512.1668187424282,493.92313448180255,-18.243684260625628,2.996712682169645,46.37177728310438,39.8092745570823,-6.562502726022082,3.3334233345775703,65.22094686665446,59.79068490290574,-5.43026196374872,3.662931833090816,88.07767033980062,78.73007237898452,-9.347597960816103,3.7591794797054003,18.849169583550072,19.98141034582344,1.1322407622733692,3.273189961347284,41.70589305669624,38.92079782190223,-2.7850952347940137,3.3987537436553006,22.856723473146168,18.939387476078785,-3.917335997067383,3.159477479703879
books_h,EST,36,466.92877195436415,465.47162034654923,-1.4571516078149216,4.191650095189053,505.1142787901998,505.1014385789237,-0.012840211276113678,4.64758513347412,520.5300052321794,519.1832035554859,-1.3468016766935307,4.732307556873979,549.0536515742671,543.9605359574334,-5.093115616833643,4.734336467629244,38.185506835835675,39.6298182323745,1.4443113965388221,5.518918965466695,53.601233277815275,53.711583208936574,0.11034993112129854,5.319380987246957,82.12487961990288,78.48891561088412,-3.635964009018764,5.978869214092758,15.415726441979597,14.081764976562084,-1.333961465417513,5.85555102826135,43.93937278406721,38.85909737850962,-5.080275405557593,5.750866607427201,28.523646342087613,24.777332401947536,-3.7463139401400767,5.115198858241616
books_h,FIN,36,443.88111352360295,432.80117150028354,-11.079942023319404,4.320385520731977,479.5546981458776,469.75440482044286,-9.800293325434723,3.699609373888138,497.8562656063741,481.4536089854866,-16.402656620887512,4.538991875273015,520.9864542520803,501.59016736578417,-19.39628688629614,4.124553902486617,35.6735846222747,36.95323332015929,1.2796486978845891,5.131949979516317,53.975152082771196,48.65243748520305,-5.322714597568144,5.144624693695152,77.10534072847733,68.78899586550052,-8.316344862976806,5.273908010218107,18.30156746049649,11.699204165043762,-6.602363295452728,4.924970182319599,41.43175610620262,31.835762545341236,-9.595993560861384,4.318122500169142,23.13018864570613,20.136558380297476,-2.9936302654086546,5.016313224587356
books_h,FRA,36,412.5512148949207,402.78199350717875,-9.769221387741936,5.137225443090633,463.0387323005728,453.8031336680093,-9.235598632563494,4.716621616873971,495.1169835197258,479.6797951142988,-15.43718840542698,4.973765838600725,527.966122426703,505.0750450378832,-22.89107738881978,5.839380473445743,50.487517405652085,51.0211401608305,0.5336227551784134,5.0917218961559465,82.56576862480509,76.89780160712007,-5.667967017685015,6.045434306576724,115.41490753178235,102.29305153070446,-13.121856001077887,6.764515811417306,32.078251219153,25.876661446289575,-6.201589772863429,4.73649984468011,64.92739012613026,51.271911369873976,-13.655478756256286,6.0396687095494075,32.84913890697726,25.3952499235844,-7.453888983392858,5.163113450426018
books_h,GBR,36,440.2888927289438,437.14028680806604,-3.148605920877742,4.7184165659283135,483.9644277082892,482.0830009365897,-1.8814267716994664,4.228060091957236,505.1593260429655,500.31505595292083,-4.844270090044688,4.346260253542317,539.3433309095965,540.3441584851354,1.0008275755388922,5.940621336887964,43.67553497934537,44.942714128523626,1.2671791491782542,5.538216353452409,64.87043331402162,63.174769144854665,-1.6956641691669603,5.4155401972625326,99.0544381806528,103.20387167706915,4.14943349641635,7.074576844771013,21.194898334676264,18.232055016331042,-2.9628433183452216,5.134135273553276,55.37890320130741,58.26115754854554,2.8822543472381312,6.2039914113405885,34.184004866631156,40.02910253221449,5.8450976655833315,6.0259826804242795
books_h,GRC,36,394.23659231467605,382.59591661913953,-11.640675695536515,4.5074650846329805,423.3034120000069,415.8879374214447,-7.415474578562225,4.716574458707393,443.02420598674473,438.03181242267283,-4.992393564071904,4.920071539944781,461.79113175582063,463.6687733794114,1.8776416235907618,5.578112342010432,29.066819685330966,33.29202080230516,4.225201116974194,4.8472195168334515,48.78761367206866,55.43589580353331,6.648282131464654,5.415923382791618,67.55453944114466,81.07285676027178,13.51831731912712,6.060722150102592,19.720793986737693,22.14387500122815,2.4230810144904567,5.012629491993,38.48771975581368,47.780835957966616,9.293116202152937,5.446036843500404,18.76692576907599,25.636960956738466,6.870035187662477,5.10726816622481
books_h,HUN,36,400.56690467048907,396.02661734453244,-4.540287325956626,6.134354603009382,469.4280573939353,457.43305799321524,-11.994999400720076,4.608462931273392,496.83318273203776,479.5157440229526,-17.31743870908514,4.714699298378848,526.1966461278085,508.2865686829226,-17.91007744488593,5.973891476902373,68.86115272344628,61.40644064868275,-7.454712074763535,6.48512602087341,96.26627806154873,83.48912667842015,-12.777151383128583,6.8885872588294585,125.62974145731948,112.2599513383902,-13.369790118929288,8.285770390815541,27.405125338102447,22.082686029737403,-5.322439308365045,5.043984298456704,56.76858873387321,50.85351068970745,-5.91507804416576,6.727238764522805,29.363463395770754,28.77082465997005,-0.5926387358007048,5.820595639185934
books_h,IRL,36,447.50552995794976,434.9271558685856,-12.57837408936416,4.163585439522884,490.6502807804225,477.34143853641234,-13.30884224401018,3.841230141305682,503.3610692079701,493.95622556682895,-9.404843641141156,4.0130342114073985,527.7768912376246,516.9714025467033,-10.805488690921266,3.981629680863971,43.14475082247269,42.41428266782685,-0.730468154645834,4.729391052321258,55.85553925002034,59.02906969824338,3.1735304482230404,4.891702262087655,80.27136127967476,82.04424667811779,1.772885398443023,5.262794597518749,12.710788427547659,16.61478703041653,3.903998602868871,4.720517125303687,37.126610457202084,39.62996401029093,2.503353553088843,4.757207864506748,24.415822029654425,23.0151769798744,-1.4006450497800245,4.414625845390342
books_h,ISL,36,423.8260914245913,410.11658734394234,-13.70950408064897,4.354530049105494,457.1375165536115,448.1671547153016,-8.970361838309884,4.612179313560744,474.5339754668877,464.7876391472463,-9.746336319641387,4.476302052873755,484.01935433992094,483.2330682203489,-0.7862861195720257,4.436921900517847,33.311425129020165,38.050567371359406,4.739142242339241,6.349950191774171,50.707884042296314,54.6710518033041,3.9631677610077887,6.342223245807854,60.193262915329726,73.1164808764066,12.923217961076872,6.44340683483686,17.39645891327615,16.620484431944696,-0.7759744813314526,6.084772428544525,26.881837786309553,35.065913505047185,8.184075718737631,6.607177371899001,9.485378873033403,18.445429073102485,8.960050200069082,6.307332564329681
books_h,ISR,36,402.9028530419728,389.91543452897207,-12.987418513000705,5.274591351000992,452.709464068143,434.44743786413784,-18.262026204005167,5.656070609632703,482.1714753719119,460.76120892810786,-21.410266443804062,6.814787972044739,502.05277845116086,475.4670615030219,-26.585716948138952,8.095848185883591,49.806611026170266,44.532003335165804,-5.274607691004462,5.826547768601177,79.26862232993923,70.84577439913585,-8.422847930803385,6.786957252006778,99.14992540918809,85.55162697404985,-13.598298435138233,9.115573947277584,29.462011303768964,26.313771063970044,-3.1482402397989198,7.017349882664204,49.34331438301782,41.01962363888405,-8.32369074413377,9.066918895968502,19.88130307924886,14.705852574914001,-5.175450504334858,8.779931263515039
books_h,ITA,36,426.7940762116053,417.23774947410385,-9.556326737501422,4.784202875697296,464.92480811082896,463.71801561431903,-1.2067924965099337,5.345250256182975,488.19977795214055,484.38916946707224,-3.8106084850683146,5.314783365237337,507.15880555553133,507.8397158811282,0.6809103255968694,6.442116692256696,38.13073189922368,46.48026614021517,8.349534240991488,5.571396219465564,61.40570174053521,67.15141999296834,5.745718252433136,6.045358292764664,80.36472934392604,90.60196640702434,10.237237063098291,6.616457658895718,23.27496984131152,20.67115385275318,-2.603815988558342,5.238610235300501,42.233997444702375,44.12170026680918,1.887702822106803,6.264494750492818,18.959027603390854,23.450546414056,4.491518810665145,5.493438456660539
books_h,JPN,36,498.9238061481377,485.8180177614592,-13.105788386678512,6.570798279541477,536.4918770676037,524.5668343452093,-11.925042722394437,5.899006495789795,548.6511179234018,536.1512382494843,-12.499879673917462,6.542470403627053,559.7492257653538,560.7456127288372,0.99638696348336,6.784195076300344,37.56807091946581,38.74881658375001,1.1807456642842027,6.517364532737862,49.72731177526397,50.33322048802506,0.6059087127610923,7.422137146353157,60.82541961721606,74.92759496737781,14.102175350161751,7.595449067961397,12.159240855798156,11.584403904275053,-0.5748369515231033,5.85897874645452,23.257348697750253,36.1787783836278,12.921429685877548,5.909274031248102,11.098107841952094,24.594374479352744,13.49626663740065,5.593389363474049
books_h,KOR,36,482.0333719446506,480.5763202189456,-1.4570517257049573,7.317462148465676,520.6157255081039,516.4202101651543,-4.195515342949534,8.47773421794074,543.3048814881647,540.2475155681907,-3.0573659199740177,7.194419792960135,565.7035171508303,557.5344793004399,-8.169037850390396,6.921061554287842,38.58235356345332,35.84388994620878,-2.738463617244534,8.765100414703483,61.271509543514206,59.671195349245046,-1.6003141942691599,7.577635736916195,83.67014520617981,76.95815908149419,-6.711986124685623,8.712036026402927,22.6891559800609,23.82730540303627,1.1381494229753706,8.596920457077585,45.08779164272649,41.114269135285404,-3.973522507441089,9.273403106416152,22.398635662665594,17.286963732249138,-5.111671930416456,6.551720950860396
books_h,LTU,36,429.29399965771444,431.1185965134945,1.8245968557800438,4.085981630647343,466.0718160489274,467.3045504882628,1.2327344393353883,3.804065182768337,489.79829348524447,483.86130376836024,-5.936989716884227,3.9823670772906836,517.9434433762478,502.1838614369441,-15.759581939303757,4.476387005317897,36.777816391212994,36.18595397476834,-0.5918624164446555,4.913463520228336,60.50429382753,52.742707254865834,-7.761586572664164,4.826871460601352,88.64944371853339,71.06526492344953,-17.584178795083858,5.819737918262187,23.72647743631701,16.556753280097503,-7.169724156219505,4.7434494711613295,51.871627327320404,34.87931094868121,-16.992316378639195,5.712054508647788,28.1451498910034,18.322557668583705,-9.822592222419694,5.161282844424155
books_h,LVA,36,447.87093336709376,422.897071824668,-24.973861542425766,4.315250329665606,480.5842646963997,456.3779531366039,-24.206311559795836,4.336900752714589,490.9315839772207,475.5929984921548,-15.338585485065948,3.8211616903912975,514.5695008367442,491.3670347267456,-23.202466109998568,3.5594087797184097,32.713331329305944,33.480881311935974,0.7675499826300296,5.0741871639703415,43.06065061012701,52.6959266674868,9.635276057359789,5.024921259598583,66.69856746965038,68.4699629020777,1.7713954324273118,5.017126942180571,10.347319280821074,19.215045355550824,8.86772607472975,4.899596634093763,33.985236140344426,34.98908159014173,1.0038454497973035,4.8327940429806295,23.63791685952335,15.774036234590904,-7.863880624932447,4.852052777750788
books_h,MEX,36,374.83962795729667,364.4452382432551,-10.394389714041552,3.5989860040503623,388.40380981236444,379.91766976411026,-8.486140048254185,3.211574030407478,401.4635570885781,394.6938959917596,-6.769661096818538,4.075030886195478,416.3576398411122,413.3048218330015,-3.0528180081107053,5.677054757178871,13.564181855067773,15.472431520855178,1.9082496657874053,4.186705986712635,26.623929131281386,30.24865774850444,3.6247286172230524,4.549513400935358,41.51801188381553,48.85958358974635,7.341571705930818,5.908191273274942,13.059747276213614,14.77622622764926,1.716478951435647,4.078579328997444,27.953830028747763,33.387152068891176,5.433322040143413,5.743256410457929,14.89408275253415,18.610925841241915,3.7168430887077655,5.197813730102481
books_h,NLD,36,430.38605207675363,427.0539864937059,-3.332065583047722,7.732274071502889,487.2439540127327,476.5528643901309,-10.691089622601794,6.870931878893652,517.5883102518792,506.28371504829454,-11.304595203584654,5.260492467635504,543.1684913680784,530.2697002392987,-12.898791128779749,6.259380250172513,56.85790193597908,49.498877896425,-7.359024039554079,7.734277653272721,87.20225817512559,79.22972855458868,-7.972529620536918,7.463629397948723,112.78243929132479,103.21571374559267,-9.566725545732126,9.074662202007982,30.344356239146514,29.73085065816367,-0.6135055809828422,6.912758205305862,55.92453735534573,53.71683584916768,-2.207701506178047,8.354176707681061,25.580181116199206,23.985985191004012,-1.5941959251951943,6.663456062786804
books_h,NOR,36,422.1936164608943,412.1343916552103,-10.059224805683982,4.349984079557845,469.11418585424815,451.76302784350594,-17.35115801074221,3.813338158920592,486.5448486677795,467.3822211510096,-19.162627516769874,4.773116981512001,503.1612632137711,487.2183515060657,-15.942911707705434,4.428406339686294,46.92056939335379,39.62863618829564,-7.29193320505815,4.818029142973979,64.35123220688516,55.24782949579942,-9.103402711085735,5.127165139258601,80.96764675287689,75.08395985085534,-5.883686902021552,5.790297528567818,17.43066281353137,15.619193307503782,-1.8114695060275885,5.08764564338947,34.04707735952309,35.45532366255971,1.40824630303662,5.007398592546002,16.616414545991717,19.83613035505592,3.219715809064205,5.7182526014826625
books_h,NZL,36,429.63024198389076,432.19765911347577,2.56741712958501,5.04057288675183,476.59152584411856,473.5001384972563,-3.091387346862291,5.271164707532465,493.3706025061093,502.61801311538983,9.247410609280507,4.846447145455217,523.6037278360373,520.8954749209672,-2.708252915070034,4.983964379807453,46.96128386022782,41.302479383780565,-5.6588044764472585,6.477655775892005,63.740360522218566,70.42035400191418,6.679993479695611,6.562915482995945,93.97348585214652,88.69781580749145,-5.275670044655072,6.882650231798289,16.779076661990747,29.117874618133612,12.338797956142866,6.967245164302336,47.0122019919187,47.39533642371089,0.3831344317921861,6.872092064271627,30.233125329927958,18.277461805577275,-11.955663524350683,6.753062911980923
books_h,POL,36,441.66118788001205,438.3439949768128,-3.3171929031992704,4.978668311140155,483.1200501731356,480.6306015926028,-2.4894485805328372,4.444571728440227,503.59967192047304,502.4116737141715,-1.187998206301529,4.429772927876777,530.5260273632255,524.4032946374734,-6.12273272575203,5.986955565259518,41.458862293123524,42.28660661579009,0.8277443226665682,5.513808326148675,61.93848404046097,64.0676787373587,2.129194696897734,5.632144034042974,88.86483948321343,86.05929966066064,-2.805539822552788,7.8751715007436385,20.47962174733745,21.781072121568606,1.3014503742311554,4.603486088111401,47.4059771900899,43.77269304487056,-3.633284145219342,6.001188073256424,26.926355442752453,21.99162092330195,-4.934734519450501,6.2545123988989735
books_h,PRT,36,417.97052266810033,408.63049868242916,-9.340023985671166,5.121381571544251,460.518031414971,448.32380469359515,-12.194226721375856,7.267540253004072,490.9870419996697,480.54387272286124,-10.443169276808476,4.747876726528565,520.5361610108179,504.9306354523722,-15.605525558445663,5.159748757201686,42.547508746870754,39.693306011166,-2.854202735704753,6.24967203400168,73.01651933156936,71.91337404043205,-1.1031452911373094,5.117227504779731,102.5656383427175,96.300136769943,-6.265501572774511,6.5694091475916405,30.469010584698612,32.22006802926603,1.7510574445674187,6.595578504343062,60.018129595846766,56.60683075877701,-3.411298837069758,7.1295369315227335,29.54911901114816,24.386762729510973,-5.162356281637187,5.654160732005071
books_h,SVK,36,382.86297904051276,395.28377402160584,12.420794981093081,6.703827850544474,462.8375766140986,469.1081089500082,6.270532335909593,5.977736142025006,495.51142909054215,496.6138189802521,1.1023898897099684,4.394653486702424,518.1591841250452,520.6545136316531,2.495329506607959,5.538613238001868,79.97459757358585,73.8243349284024,-6.15026264518346,7.1413561961561545,112.64845005002944,101.33004495864625,-11.318405091383184,7.575150952581411,135.29620508453243,125.37073961004724,-9.925465474485193,8.693478731215011,32.673852476443564,27.505710030243858,-5.168142446199706,5.6501971038429195,55.32160751094657,51.54640468164486,-3.775202829301712,6.800897609390623,22.647755034503,24.040694651400997,1.3929396168979977,5.6717578434490505
books_h,SVN,36,433.5315211360859,411.13959917953963,-22.391921956546298,3.8960236018747887,479.6116878271838,456.23941638730685,-23.372271439876954,3.748490774439507,499.43397897368607,478.0797732411876,-21.354205732498485,3.772116165028126,526.6542483043938,501.0560340140055,-25.59821429038834,3.910190165445031,46.08016669109779,45.099817207767124,-0.980349483330663,4.914181438001375,65.90245783760011,66.94017406164792,1.0377162240478128,5.534318473963201,93.12272716830793,89.9164348344658,-3.2062923338421285,5.957552845356852,19.822291146502312,21.840356853880785,2.0180657073784722,5.611887362611641,47.04256047721015,44.81661762669867,-2.2259428505114798,5.604935881417913,27.22026933070784,22.976260772817888,-4.244008557889952,5.825568622789999
books_h,SWE,36,428.7003561741084,415.66583586316193,-13.034520310946448,4.42856814204475,476.8942506905943,456.55927708540804,-20.334973605186235,4.581279151774553,500.48037887498015,484.0799097965868,-16.40046907839337,4.643400531076742,525.9694212003564,511.2473674720246,-14.72205372833173,5.156378302824209,48.19389451648576,40.893441222246096,-7.3004532942396665,5.08071162433003,71.78002270087158,68.41407393342493,-3.3659487674466533,5.582830849133749,97.26906502624797,95.58153160886262,-1.6875334173853531,6.2842274946187935,23.58612818438583,27.520632711178838,3.934504526793006,5.207671026574851,49.07517050976221,54.68809038661652,5.612919876854313,5.814155339492736,25.48904232537638,27.16745767543768,1.6784153500613002,5.632103438322001
books_h,TUR,36,401.8635048364032,413.26503979013313,11.401534953729936,4.220066564886082,445.0783343758332,452.5609070955672,7.48257271973398,4.531820014582697,468.4582071471501,473.2692505731869,4.811043426036804,4.109542643704863,497.4333214161146,508.06932026911954,10.635998853004935,5.112929481347825,43.21482953943003,39.295867305434,-3.9189622339960266,5.173849647201003,66.59470231074688,60.00421078305369,-6.590491527693189,5.106318237264343,95.56981657971153,94.80428047898636,-0.7655361007251713,6.154405613958946,23.379872771316847,20.708343477619696,-2.6715292936971515,5.165952586030727,52.35498704028149,55.508413173552356,3.1534261332708624,6.461247021905403,28.975114268964642,34.80006969593266,5.824955426968021,5.839437465819831
books_h,USA,36,409.3665694957484,406.41485314926433,-2.9517163464840905,6.811625967807417,450.66465481681405,450.05044728892597,-0.6142075278880839,10.493428458295709,482.6856055634897,486.75862076753276,4.073015204043088,13.648150248495927,516.8801719770825,507.5884388042943,-9.291733172788156,12.757129092616687,41.29808532106572,43.635594139661706,2.3375088185959854,10.014197391849878,73.31903606774135,80.34376761826853,7.024731550527179,14.227717504408263,107.51360248133408,101.17358565503,-6.34001682630408,13.551994269849247,32.020950746675624,36.708173478606824,4.6872227319312,13.401761661048376,66.21551716026836,57.53799151536829,-8.677525644900072,10.892440017774494,34.19456641359274,20.829818036761463,-13.364748376831276,9.138885401127945
books_h,OECD,36,426.19800202183194,419.167342223187,-7.030659798644933,0.857109530928592,469.8694335627726,460.80450837027547,-9.064925192497128,0.9351693987581592,491.24757490187596,482.38382545182884,-8.863749450047123,0.877653107821026,515.9198522524941,505.8316360557179,-10.088216196776216,0.9556373969035318,43.67143154094065,41.637166147088486,-2.0342653938521664,1.0100410609148354,65.04957288004407,63.216483228641856,-1.8330896514022115,1.0424097648562145,89.72185023066228,86.66429383253099,-3.0575563981312968,1.1720436448590068,21.378141339103422,21.57931708155337,0.20117574244994785,1.011131182950853,46.05041868972163,45.02712768544251,-1.0232910042791232,1.1586581292004878,24.67227735061821,23.44781060388914,-1.224466746729071,0.9151664592217977
escs_cc,AUS,36,443.6922744668419,444.9394019993906,1.2471275325486886,3.2421259411708387,477.50130344771895,477.2704574479815,-0.2308459997374257,4.157903363610568,508.258025483012,508.4623083667433,0.20428288373130954,3.821752608617543,543.8235711798442,522.6019598975206,-21.22161128232358,3.9823949744782454,33.80902898087708,32.33105544859081,-1.4779735322862706,4.843973677632318,64.56575101617014,63.5229063673526,-1.0428446488175425,4.568483943904924,100.13129671300226,77.6625578981298,-22.468738814872452,4.778599954999001,30.75672203529306,31.191850918761787,0.43512888346872813,4.347740964048964,66.3222677321252,45.331502449539,-20.990765282586196,4.615801695565439,35.56554569683213,14.139651530777218,-21.425894166054913,4.016429810699713
escs_cc,AUT,36,446.8506119327256,446.4787794874521,-0.371832445273526,4.9555059950293625,479.6367393243939,481.73663698797566,2.099897663581771,4.95030339038922,514.4467907558926,504.1961769768682,-10.250613779024434,4.398336658453337,545.5689016282139,524.6996140498433,-20.86928757837063,3.957963799149066,32.786127391668245,35.25785750052351,2.4717301088552617,5.777127820616643,67.596178823167,57.717397489416044,-9.87878133375095,5.434681647262604,98.71828969548831,78.22083456239106,-20.497455133097247,5.620097957085827,34.81005143149874,22.459539988892526,-12.350511442606216,5.442788202655323,65.93216230382004,42.96297706186756,-22.969185241952474,5.504344582422464,31.122110872321308,20.50343707297504,-10.618673799346269,4.522187802254124
escs_cc,BEL,36,442.27122786047903,455.8348186897746,13.56359082929555,4.570111051935405,479.71309442554065,490.65528749068983,10.942193065149183,4.6951993173458835,516.2758941315709,524.7976918809469,8.521797749375992,4.629114425940608,555.0154975239642,542.7718855593155,-12.243611964648721,4.725501593920297,37.44186656506163,34.82046880091513,-2.6213977641465007,5.496232187800543,74.00466627109185,68.9628731911722,-5.041793079919643,5.774990885851175,112.74426966348521,86.93706686954079,-25.807202793944427,6.248586861412936,36.562799706030226,34.14240439025707,-2.420395315773156,4.973187813792132,75.30240309842358,52.11659806862566,-23.18580502979792,5.810324177729218,38.73960339239336,17.97419367836859,-20.765409714024774,5.023345787147695
escs_cc,CAN,36,466.06362488257,463.43781088114264,-2.6258140014273863,3.3147131307924287,491.2421724374118,494.45822578971274,3.2160533523009462,3.4319933852175395,516.5864667103788,520.6493528878993,4.062886177520568,3.2431527325300937,541.3418733012601,521.7267576168995,-19.615115684360603,4.029727221339612,25.178547554841725,31.02041490857012,5.8418673537283965,4.466109319562087,50.522841827808605,57.2115420067568,6.688700178948196,4.168926636001277,75.27824841869003,58.28894673575694,-16.98930168293309,4.703899882789302,25.34429427296688,26.191127098186694,0.8468328252198134,4.039471823625971,50.09970086384831,27.26853182718683,-22.831169036661482,4.413548969423506,24.75540659088143,1.0774047290001363,-23.678001861881295,4.149806152388841
escs_cc,CHE,36,460.82519558809054,467.60351127410394,6.7783156860134,4.887059258530978,500.2059259459361,501.41182612931624,1.2059001833801517,5.305937446073714,531.1142589668392,534.1685541622543,3.0542951954150794,5.244900932832433,573.7473806805267,561.1894434308141,-12.557937249712609,4.811280743787044,39.38073035784557,33.8083148552122,-5.572415502633369,5.696562397717513,70.28906337874872,66.56504288815033,-3.7240204905983916,6.45680285596845,112.92218509243625,93.58593215671006,-19.336252935726193,6.6156498916529545,30.90833302090315,32.75672803293812,1.8483950120349704,6.124236685845579,73.5414547345907,59.77761730149784,-13.76383743309286,5.815349529990082,42.633121713687544,27.02088926855972,-15.612232445127823,5.915611249690872
escs_cc,CHL,36,389.7279682818172,384.998638629603,-4.729329652214176,4.180663993942511,407.1164427541549,398.98322869337056,-8.133214060784326,4.1056098436555555,420.81415516913967,418.1097374517859,-2.704417717353749,4.418743867910072,458.3744863428957,454.9738952784725,-3.4005910644231676,4.828407001523771,17.388474472337755,13.984590063767518,-3.403884408570237,5.235229092186228,31.08618688732244,33.11109882218285,2.0249119348604125,5.197425132760272,68.64651806107858,69.97525664886952,1.3287385877909372,6.563466967407294,13.697712414984688,19.126508758415337,5.428796343430649,5.224952350003146,51.25804358874084,55.990666585102,4.732622996361158,5.422819300697804,37.560331173756154,36.86415782668666,-0.6961733470694966,5.459389112799437
escs_cc,COL,36,353.8282416931778,356.2556146111268,2.4273729179490147,4.158281994527383,372.05836517993606,379.9600493320194,7.901684152083362,4.342640516778185,388.0035245188383,398.24761778222944,10.244093263391164,5.78986040435045,432.5085652797037,437.0986853030743,4.590120023370616,8.789843795654635,18.230123486758202,23.704434720892664,5.474311234134461,5.018272700077086,34.17528282566047,41.99200317110255,7.816720345442086,6.103269453731549,78.68032358652593,80.84307069194753,2.1627471054216016,9.769474068839552,15.945159338902267,18.287568450209886,2.342409111307619,5.01391338225235,60.45020009976772,57.13863597105486,-3.3115641287128597,9.00753332999466,44.50504076086546,38.85106752084498,-5.653973240020484,7.8191485996338
escs_cc,CZE,36,432.26633814607806,440.91426441434595,8.647926268267895,4.707695735769618,480.9432322975055,474.45851711839913,-6.484715179106388,4.616892935710437,505.01488360678997,501.9019656679358,-3.112917938854139,4.765107467371338,548.6716264285842,535.463025052499,-13.208601376085198,5.335490275336562,48.67689415142745,33.54425270405322,-15.132641447374226,5.227365044813494,72.74854546071192,60.987701253589876,-11.760844207122048,5.548374418233467,116.40528828250619,94.54876063815296,-21.856527644353235,7.039089740018213,24.071651309284483,27.44344854953665,3.3717972402521674,5.26029878535296,67.72839413107876,61.00450793409972,-6.723886196979038,5.934023068673614,43.65674282179427,33.56105938456307,-10.095683437231195,6.053674947822753
escs_cc,DEU,36,442.6822515476858,436.36587823800664,-6.316373309679136,5.201163015565754,475.1115393406799,479.58003513517724,4.468495794497358,5.8521016793492135,501.7715208351955,505.6276828928305,3.8561620576350037,6.0837505572160335,546.9912326048778,540.7501201419893,-6.241112462888509,5.05700933695803,32.42928779299414,43.214156897170625,10.784869104176487,6.629463633449907,59.089269287509715,69.26180465482385,10.172535367314133,6.856828949733357,104.30898105719211,104.38424190398261,0.07526084679049916,6.878314896584811,26.65998149451558,26.047647757653216,-0.6123337368623645,6.6267794297394795,71.87969326419798,61.170085006811995,-10.709608257385987,6.657198105212917,45.219711769682384,35.12243724915878,-10.097274520523605,6.191713179947445
escs_cc,DNK,36,457.70523675135945,456.01633823383617,-1.6888985175232847,4.065217720687826,482.1892877413162,473.2648025394109,-8.924485201905327,5.01663012761687,511.39212509068074,502.90825733020694,-8.4838677604738,5.498710909254308,525.8812567361736,508.94887546158463,-16.93238127458892,5.5011326169946795,24.484050989956682,17.24846430557465,-7.235586684382032,6.2004152377298,53.686888339321264,46.89191909637067,-6.794969242950593,5.894568111348651,68.17601998481409,52.93253722774837,-15.24348275706572,6.710745273709339,29.202837349364575,29.64345479079602,0.44061744143144566,6.920911015966702,43.69196899485741,35.68407292217371,-8.0078960726837,6.542196204983558,14.489131645492836,6.040618131377687,-8.448513514115149,7.448200852723743
escs_cc,ESP,36,439.15924915728465,428.9751992512714,-10.184049906013229,3.1171898733902546,462.0629941546132,453.37903750842713,-8.683956646186061,3.1186388597767754,489.284200316009,483.21632758376575,-6.067872732243245,2.8467922607894613,522.9059636392432,498.705022258859,-24.200941380384165,2.912764907315994,22.903744997328555,24.403838257155645,1.5000932598270893,3.66752917417306,50.12495115872433,54.24112833249435,4.116177173770019,3.556345425767344,83.74671448195852,69.72982300758763,-14.016891474370894,3.9699689436049868,27.221206161395777,29.837290075338707,2.61608391394293,3.081719572244194,60.842969484629975,45.325984750431985,-15.51698473419799,3.398849636531428,33.62176332323419,15.48869467509328,-18.133068648140913,2.998698278467212
escs_cc,EST,36,475.541989877772,470.99614170837566,-4.545848169396322,4.256073123367858,498.5845011570591,500.9118030630765,2.3273019060173965,4.606463841013208,524.3687952553812,533.3919446983155,9.023149442934255,4.696798508074572,556.6755288728411,546.7139392302714,-9.96158964256972,4.6315386809663766,23.042511279287158,29.91566135470082,6.873150075413662,5.435134396332955,48.826805377609205,62.39580298993976,13.568997612330556,5.706433476305249,81.13353899506929,75.71779752189569,-5.415741473173597,6.319735951708976,25.784294098322043,32.48014163523895,6.695847536916908,5.234731196378772,58.091027715782126,45.80213616719487,-12.288891548587259,5.594986889278445,32.30673361746009,13.32199453195592,-18.98473908550417,5.012592042124975
escs_cc,FIN,36,450.36541201161634,445.32921254521426,-5.036199466402081,3.7044962190587802,474.53422292706443,467.43303273131767,-7.101190195746767,3.743987352012433,502.0431658508339,497.7657544504142,-4.27741140041968,4.135564032354913,532.7176986700969,513.0712645828017,-19.64643408729512,4.087716730190044,24.16881091544816,22.103820186103434,-2.064990729344725,4.362517292255283,51.67775383921763,52.436541905199896,0.7587880659822659,4.462942379387716,82.35228665848052,67.74205203758733,-14.610234620893195,5.011461547950982,27.508942923769474,30.332721719096458,2.8237787953269837,4.677909050948731,58.18347574303236,45.6382318514839,-12.54524389154846,4.767844463566311,30.67453281926289,15.305510132387445,-15.369022686875445,5.052617653155287
escs_cc,FRA,36,432.3247434948074,434.92316100828236,2.598417513474942,4.890467077584444,467.4816613857306,462.70126846122855,-4.780392924502053,4.805771447898755,495.7795776609931,492.6500239057383,-3.12955375525479,5.871715006954972,540.9190145643992,521.7290625723076,-19.18995199209155,5.00290893826317,35.15691789092313,27.778107452946195,-7.378810437976938,5.307049265833634,63.45483416618553,57.72686289745591,-5.727971268729618,6.476212756298966,108.59427106959171,86.80590156402525,-21.788369505566465,6.092296270260118,28.297916275262402,29.948755444509708,1.6508391692473054,5.980967317810795,73.43735317866859,59.02779411107905,-14.40955906758954,5.605397934894307,45.13943690340618,29.07903866656934,-16.06039823683684,5.2184623958852026
escs_cc,GBR,36,463.6074348414985,461.99344158680196,-1.6139932546965383,4.63974665454813,486.90122071592333,494.0452715209123,7.144050804988979,4.9228023868796855,503.44122787402677,517.752612054529,14.311384180502216,5.058472335631894,550.7153952174111,549.0352362040301,-1.6801590133810578,6.957719273417878,23.293785874424827,32.05182993411045,8.758044059685623,6.228626241473142,39.83379303252835,55.75917046772704,15.92537743519869,6.520541739287098,87.10796037591263,87.04179461722806,-0.06616575868456209,8.258149020067364,16.54000715810352,23.70734053361658,7.16733337551306,6.134133401921534,63.8141745014878,54.989964683117606,-8.824209818370193,7.885490352890765,47.27416734338428,31.28262414950102,-15.991543193883256,6.747000839862542
escs_cc,GRC,36,401.93194208973455,395.9648071867673,-5.967134902967246,5.187346495413393,419.214772121447,419.21681302489304,0.002040903446015818,4.322423173487233,442.3497014901266,449.2735525673471,6.92385107722049,5.89683724675661,478.01979661130054,472.35871375954474,-5.661082851755793,5.504434759123599,17.28283003171242,23.25200583812576,5.96917580641334,5.9484615965177055,40.41775940039199,53.30874538057988,12.890985980187885,6.195354556386739,76.08785452156596,76.39390657277741,0.3060520512114522,6.740608033828388,23.134929368679572,30.056739542454107,6.921810173774535,5.662035128275045,58.80502448985353,53.14190073465164,-5.663123755201887,6.064695391838278,35.67009512117396,23.085161192197535,-12.584933928976422,6.443091646291788
escs_cc,HUN,36,419.73990695001174,418.43664241479945,-1.3032645352122927,5.4464229219237135,461.08892830609966,455.1992554427593,-5.889672863340365,5.179427987753966,494.00913377782626,484.58490245604935,-9.424231321776915,5.306512423285461,538.2446314259986,518.6620822599504,-19.58254916604824,6.355284684956507,41.34902135608796,36.76261302795991,-4.586408328128051,6.397658148611612,74.26922682781456,66.14826004124993,-8.120966786564637,7.1161754786079126,118.50472447598695,100.225439845151,-18.279284630835946,8.609854785718307,32.92020547172661,29.385647013290015,-3.534558458436596,5.632831021687371,77.155703119899,63.46282681719109,-13.692876302707909,7.286182807354089,44.235497648172384,34.077179803901075,-10.15831784427131,6.492609940040551
escs_cc,IRL,36,459.44365409919084,452.89743964608317,-6.546214453107666,3.870991077809924,481.19814780540656,473.91801776952434,-7.280130035882223,4.23886767796497,504.5821644245498,500.6097097942783,-3.9724546302715,3.946509406817231,531.8722693936381,521.7393523891915,-10.132917004446654,4.367269206595141,21.754493706215776,21.020578123441197,-0.7339155827745785,5.1826752177168265,45.13851032535892,47.71227014819521,2.573759822836287,5.186416145558066,72.42861529444724,68.84191274310838,-3.5867025513388597,5.157811814254339,23.384016619143146,26.691692024754012,3.3076754056108655,5.25396483379137,50.67412158823147,47.821334619667184,-2.8527869685642884,5.465489923369476,27.290104969088322,21.12964259491317,-6.16046237417515,5.029665208494283
escs_cc,ISL,36,429.664894620043,441.20826336836234,11.543368748319324,4.723987112334306,462.4417507510819,462.5189655269146,0.07721477583271508,5.258665833119459,473.53309338472263,481.41211685268627,7.879023467963634,4.501126875206323,500.4332754542901,494.4754142060191,-5.957861248271001,4.867577921781244,32.77685613103891,21.310702158552203,-11.466153972486708,7.156329213567719,43.868198764679676,40.20385348432394,-3.6643452803557324,6.178091396176037,70.7683808342471,53.26715083765676,-17.50122999659034,6.922952227546463,11.09134263364076,18.893151325771736,7.801808692130976,6.715440028290294,37.991524703208185,31.95644867910455,-6.035076024103635,7.1083762423226124,26.90018206956743,13.063297353332814,-13.836884716234614,6.2443681058743
escs_cc,ISR,36,407.2832789866729,414.21941784074954,6.93613885407666,5.775265267131802,451.4434773826286,461.88371989533124,10.440242512702639,7.004291309627346,497.66136008940714,487.7841913509334,-9.877168738473756,7.546788733747439,532.8340684838406,501.4921069279968,-31.341961555843795,6.412986962922579,44.1601983959557,47.664302054581654,3.504103658625951,7.2951627152240635,90.37808110273424,73.56477351018377,-16.813307592550473,8.470282405613037,125.55078949716774,87.27268908724729,-38.278100409920455,8.073475291370853,46.21788270677853,25.900471455602137,-20.317411251176395,8.02154918752365,81.39059110121202,39.60838703266562,-41.782204068546406,8.346363836062004,35.17270839443349,13.707915577063483,-21.46479281737001,7.504153605234095
escs_cc,ITA,36,433.55444010341154,438.2327278094546,4.678287706043079,4.653371220752128,464.38170777079375,468.7144491731028,4.332741402309068,5.381013886316833,483.5173332888109,487.16823063544115,3.650897346630245,5.765402084004256,516.2996229227185,513.9087975690921,-2.390825353626383,6.37754394541231,30.82726766738225,30.481721363648216,-0.34554630373403583,5.979974797043365,49.962893185399466,48.93550282598655,-1.0273903594129123,6.421346468733564,82.74518281930695,75.67606975963756,-7.069113059669391,7.275920960755731,19.135625518017214,18.453781462338338,-0.6818440556788765,5.391934666494115,51.917915151924696,45.194348395989344,-6.723566755935352,6.810252134412261,32.78228963390748,26.740566933651007,-6.041722700256475,5.4511093832056625
escs_cc,JPN,36,498.2975269041719,491.62422484255995,-6.673302061611935,7.061482561215129,529.2578665567223,522.1192958855318,-7.138570671190564,5.979858210062441,552.0462280793874,548.3278939684624,-3.7183341109250705,6.972140894080543,578.8943770468375,569.8374617481664,-9.056915298671015,7.005663070194911,30.960339652550243,30.49507104297183,-0.46526860957841265,6.712619681610857,53.74870117521543,56.70366912590246,2.9549679506870277,8.33149597393419,80.59685014266553,78.21323690560641,-2.383613237059123,9.482616703119579,22.788361522665195,26.20859808293062,3.420236560265426,6.497057111470837,49.63651049011528,47.718165862634564,-1.9183446274807139,7.685464857554167,26.848148967450083,21.509567779703946,-5.338581187746136,6.558076802143496
escs_cc,KOR,36,486.29563550271087,484.26023420585335,-2.035401296857515,7.099400790925332,521.7694398256947,528.0958075343142,6.3263677086195,6.984824439193739,542.3183470150701,553.730581179634,11.41223416456387,7.235142998671743,576.8321908040707,574.5350080546125,-2.2971827494582158,7.526250616380359,35.47380432298384,43.83557332846088,8.361769005477043,6.919352242650576,56.02271151235927,69.4703469737808,13.447635461421534,8.27261017400666,90.53655530135987,90.27477384875928,-0.26178145260058727,9.233698715657049,20.548907189375438,25.63477364531993,5.085866455944494,7.876078000820265,55.06275097837604,46.439200520298414,-8.623550458077624,8.752884725936907,34.5138437890006,20.804426874978482,-13.709416914022121,8.032887669355588
escs_cc,LTU,36,436.11417906636507,451.32569012332453,15.211511056959466,4.829891891717419,469.50851223813163,481.0296614887699,11.521149250638246,5.064442287427726,495.4799861440453,509.18919855050734,13.70921240646203,4.596209726218916,529.9139753909839,518.8178413175389,-11.096134073445,5.937577052699436,33.39433317176657,29.7039713654453,-3.690361806321267,6.266509331317855,59.36580707768023,57.86350842718281,-1.5022986504974227,6.380133478753866,93.79979632461887,67.4921511942143,-26.307645130404566,7.508488077418617,25.971473905913662,28.159537061737506,2.188063155823844,6.496940095018671,60.405463152852306,37.78817982876901,-22.617283324083296,6.70331731312141,34.433989246938644,9.628642767031504,-24.80534647990714,6.169544895734952
escs_cc,LVA,36,450.6758561536625,443.1882069245241,-7.4876492291384125,4.412958338852235,474.81581082837477,470.5230867616948,-4.292724066679966,4.8680224370787695,501.11632896803377,489.58911797998314,-11.527210988050626,4.740621288282164,525.6767317526846,505.04872635533076,-20.62800539735389,4.469546841672241,24.139954674712214,27.334879837170725,3.19492516245851,5.638954236609846,50.44047281437127,46.40091105545916,-4.039561758912107,5.686598621615413,75.00087559902214,61.860519430806605,-13.140356168215533,5.864813518730983,26.300518139659054,19.066031218288437,-7.2344869213706176,6.121328178562956,50.86092092430992,34.52563959363589,-16.335281330674036,6.264626156714754,24.56040278465087,15.459608375347454,-9.100794409303415,6.41198298977711
escs_cc,MEX,36,371.7843306096605,368.44469776886456,-3.3396328407959572,3.2683364793236485,387.6242855017698,384.9270778685902,-2.69720763317963,3.3220215072133668,399.8120757530131,398.3418862514581,-1.4701895015550122,4.761748633679104,430.398648397329,423.6802084251308,-6.718439972198212,5.379301131766707,15.839954892109171,16.48238009972557,0.6424252076163999,3.9004699048593183,28.027745143352536,29.89718848259354,1.869443339241002,5.046696707222752,58.61431778766846,55.235510656266186,-3.378807131402276,5.908967996121681,12.187790251243365,13.414808382867966,1.2270181316246003,4.592793352929927,42.77436289555928,38.75313055654062,-4.02123233901866,5.669688288264467,30.586572644315915,25.33832217367265,-5.2482504706432636,5.536536224995231
escs_cc,NLD,36,457.05087899088096,458.5775938091657,1.526714818284745,5.9762013721839695,480.2505380714253,487.91975797118323,7.669219899757934,6.748921120873219,524.4472657519225,522.681922893531,-1.7653428583914774,6.066351836710997,558.3559379954345,548.3912264864787,-9.964711508955816,5.247971628173184,23.199659080544357,29.342164162017447,6.1425050814730895,7.120276631144767,67.39638676104148,64.10432908436533,-3.2920576766761513,8.076080522439309,101.30505900455351,89.813632677313,-11.491426327240518,8.123203529076033,44.19672768049712,34.762164922347885,-9.434562758149234,6.768104953184834,78.10539992400916,60.47146851529554,-17.63393140871362,7.4429479492309065,33.908672243512044,25.709303592947663,-8.19936865056438,6.264307862198086
escs_cc,NOR,36,440.6648334382955,422.06719235742213,-18.59764108087336,4.047452389159358,463.8631990776836,457.0964671307638,-6.766731946919776,4.723042930359902,486.7287157910884,484.1128605430902,-2.6158552479981836,4.477229401248224,516.4507935596768,497.707060245829,-18.74373331384777,4.9569540377545085,23.198365639388065,35.02927477334172,11.830909133953654,5.3497191404135584,46.06388235279299,62.045668185668134,15.981785832875147,5.520392099574505,75.78596012138118,75.63986788840691,-0.14609223297426865,6.102631471712819,22.865516713404922,27.016393412326426,4.150876698921504,5.28013735423676,52.58759448199313,40.61059311506519,-11.977001366927936,5.78082812930271,29.722077768588207,13.594199702738768,-16.127878065849437,5.558155954742443
escs_cc,NZL,36,442.26271380333264,457.80165176494,15.53893796160736,5.176152674101292,481.41287590073364,486.56642141121375,5.1535455104801144,5.229847825145258,505.42929364475395,514.5142402352456,9.084946590491597,4.763561621521224,536.8757769270867,541.7610850014615,4.885308074374848,5.472037292251317,39.15016209740096,28.76476964627368,-10.385392451127277,6.521613165037274,63.166579841421346,56.71258847030551,-6.453991371115833,6.728827049110675,94.613063123754,83.95943323652166,-10.653629887232341,7.7704940426514435,24.01641774402039,27.947818824031838,3.9314010800114474,6.453524238102744,55.46290102635305,55.19466359024798,-0.2682374361050748,7.48314863256884,31.446483282332657,27.246844766216135,-4.199638516116522,6.880876133036399
escs_cc,POL,36,449.0217405855794,456.32785270071537,7.3061121151359885,4.155864304840416,482.26927752384745,482.5508670735459,0.281589549698424,4.8385515485680965,506.3343564001455,514.4291416686409,8.0947852684954,5.6020977759522514,546.294607712761,537.9273305061731,-8.367277206587914,5.269473052090937,33.24753693826805,26.223014372830487,-7.024522565437561,5.353347692922058,57.31261581456606,58.1012889679256,0.7886731533595395,6.611660258657902,97.2728671271818,81.59947780545781,-15.673389321723988,6.744663661418212,24.065078876298013,31.87827459509511,7.813195718797097,5.7717300211402005,64.02533018891374,55.37646343262732,-8.648866756286424,6.619529247910621,39.960251312615725,23.49818883753221,-16.462062475083513,5.947267952820579
escs_cc,PRT,36,432.0330236443762,422.2632075823607,-9.769816062015536,4.833154699608971,456.37072165104837,453.67048225015026,-2.7002394008981128,5.67207635246145,485.3329237262175,487.536445635758,2.203521909540541,6.620008293620334,532.1284408197123,523.1220295269599,-9.006411292752432,5.015389191346878,24.337698006672078,31.40727466778958,7.069576661117502,5.468216578020809,53.2999000818412,65.27323805339734,11.973337971556134,6.42918831009141,100.095417175336,100.85882194459921,0.763404769263218,6.734258076886435,28.96220207516913,33.86596338560776,4.903761310438632,5.744158532074294,75.75771916866393,69.45154727680963,-6.306171891854291,6.916079355701903,46.79551709349479,35.585583891201864,-11.209933202292923,6.8286077506074285
escs_cc,SVK,36,404.0246057411076,429.77778876571136,25.753183024603743,6.687157770641645,464.03258589799924,468.03674551032964,4.0041596123303975,5.633590124836404,490.59820648740606,498.6978136793338,8.09960719192776,5.34222877944101,532.6325717988941,535.7046380881872,3.0720662892930477,6.304803701701014,60.00798015689154,38.25895674461821,-21.74902341227333,7.4353404366384925,86.5736007462983,68.92002491362231,-17.653575832675983,8.103226952865537,128.60796605778634,105.9268493224757,-22.68111673531064,9.29224070086729,26.565620589406763,30.661068169004125,4.095447579597362,6.932704548326759,68.59998590089478,67.66789257785749,-0.932093323037293,7.6536512333315025,42.03436531148804,37.00682440885337,-5.027540902634669,6.531423232816946
escs_cc,SVN,36,443.1548365954674,436.52539448271847,-6.6294421127489045,4.359169200914943,470.920558454049,459.76376910076334,-11.15678935328566,4.260619154703638,501.96553936882736,491.5584336690058,-10.407105699821557,4.440821141328848,535.6771554421605,504.6948967658237,-30.982258676336755,4.1432467555165635,27.765721858581635,23.23837461804481,-4.527347240536827,5.914047279549485,58.81070277335995,55.033039186287354,-3.7776635870725954,6.3296168590916295,92.52231884669308,68.16950228310516,-24.352816563587922,6.513300350788282,31.044980914778314,31.794664568242545,0.7496836534642313,6.340627618891996,64.75659698811145,44.931127665060345,-19.82546932305111,6.3225034573359125,33.71161607333314,13.136463096817801,-20.57515297651534,6.23363400116957
escs_cc,SWE,36,442.50228952735944,433.36675085321224,-9.135538674147199,4.1580810907715495,472.65765321097734,468.7619597293459,-3.89569348163144,4.328017617834796,505.59131159664065,503.36903451836076,-2.2222770782798875,4.888548438440999,539.5753049120189,514.3837440496511,-25.191560862367737,4.855332963937627,30.155363683617942,35.395208876133616,5.2398451925156735,5.242586661890653,63.089022069281256,70.00228366514855,6.913261595867297,5.819843931080681,97.07301538465944,81.01699319643879,-16.056022188220652,6.026538127268282,32.93365838566333,34.60707478901493,1.6734164033516024,5.682974559509011,66.91765170104149,45.62178432030518,-21.29586738073631,5.667015695449858,33.98399331537818,11.014709531290247,-22.96928378408793,5.185561222524325
escs_cc,TUR,36,421.04744498909713,427.59270054174993,6.5452555526528045,4.28403854660038,438.97241285605844,453.15516962752446,14.182756771466018,3.9452358355541604,454.204200078573,470.58266859766064,16.37846851908762,5.233864360764385,503.40491946551737,525.805265726151,22.400346260633626,5.085503377783735,17.924967866961246,25.562469085774467,7.63750121881322,5.29871024213359,33.15675508947588,42.98996805591066,9.833212966434779,6.275165828618947,82.35747447642015,98.21256518440107,15.85509070798092,6.77401206550905,15.231787222514635,17.42749897013619,2.195711747621557,5.660412988133216,64.4325066094589,72.65009609862662,8.217589489167722,6.121427846937201,49.200719386944264,55.222597128490406,6.021877741546142,6.546801118566529
escs_cc,USA,36,425.64518972174903,433.0647799864035,7.41959026465446,7.256468939376582,449.9851764001122,457.4711917982102,7.486015398098004,7.751746245597626,477.5235579175302,481.8018699484054,4.278312030875213,14.3018136643639,527.3594443675306,522.6859892345235,-4.67345513300711,17.620837609119963,24.339986678363225,24.40641181180675,0.06642513344352352,8.806402388091245,51.878368195781185,48.737089962001924,-3.1412782337792606,14.276853418345944,101.71425464578161,89.62120924812014,-12.09304539766147,17.965814853277728,27.538381517417957,24.330678150195176,-3.2077033672227806,14.869393238688225,77.37426796741838,65.21479743631338,-12.159470531105,17.871445121490815,49.83588645000043,40.88411928611819,-8.951767163882238,12.564614716566172
escs_cc,OECD,36,437.47513896268566,438.11748548706856,0.6423465243829014,0.7996847760691398,467.1878444824185,467.5941239423188,0.4062794599003041,0.922437977261753,493.14377042787993,494.53171725189657,1.3879468240166375,0.8712402110216882,529.0009037042922,517.9504934801137,-11.050410224178563,1.0431090755002144,29.71270551973283,29.476638455250104,-0.2360670644827252,1.0501631794122939,55.668631465194245,56.41423176482802,0.7456002996337716,1.0475095319995311,91.52576474160648,79.83300799304516,-11.692756748561322,1.2961004057700027,25.955925945461424,26.937593309577903,0.981667364116479,1.0007737003329618,61.813059221873665,50.356369537795054,-11.456689684078611,1.1365871720497125,35.857133276412235,23.418776228217148,-12.438357048195087,1.0773306766458375
escs_h_cc,AUS,36,446.01734333644333,442.4910304030498,-3.5263129333935126,3.302815872692566,478.9207192087491,476.8062596860944,-2.1144595226547267,3.7163943637664025,511.4334086008521,507.76510951059817,-3.6682990902539245,3.8077018968809067,536.9134236214295,526.2139912218292,-10.699432399600255,3.9445099777041803,32.90337587230583,34.31522928304452,1.4118534107386935,4.409031087243524,65.41606526440864,65.27407910754845,-0.14198615686019878,4.54455548054068,90.89608028498608,83.72296081877953,-7.173119466206558,4.654785679169405,32.512689392102814,30.958849824503922,-1.5538395675988923,3.9464105419200344,57.99270441268025,49.407731535734996,-8.584972876945251,4.320757274270515,25.48001502057744,18.448881711231074,-7.031133309346366,3.673428802451531
escs_h_cc,AUT,36,448.9912477223364,445.8407550537719,-3.1504926685645387,5.001752592273853,482.1557426238575,479.8188632314203,-2.336879392437197,4.817058999137759,514.8803803597004,504.1429790791528,-10.737401280547658,4.523686462624599,540.4797824284943,527.3090246437736,-13.170757784720763,4.185815633143176,33.1644949015211,33.978108177648565,0.8136132761274624,6.0513964406746314,65.88913263736403,58.30222402538097,-7.5869086119830556,5.502109520384317,91.48853470615781,81.46826959000177,-10.02026511615604,5.680239617852427,32.72463773584293,24.32411584773242,-8.400521888110514,5.484611598364345,58.32403980463671,47.49016141235322,-10.833878392283495,5.599732372594101,25.59940206879378,23.1660455646208,-2.4333565041729806,4.765650269441328
escs_h_cc,BEL,36,444.67605759524986,456.1060679243295,11.430010329079664,4.627071342174824,481.6702119505032,488.88221545874296,7.212003508239775,4.423932553497342,518.1280776396586,523.1388289443801,5.0107513047214525,4.73360838605383,548.7839458351566,546.0048144263193,-2.7791314088373156,4.742958890536894,36.99415435525335,32.77614753441336,-4.218006820839989,5.153893849934072,73.45202004440873,67.03276102005051,-6.419259024358212,5.80326157204787,104.1078882399067,89.89874650198976,-14.209141737916937,6.3309999533778685,36.45786568915536,34.256613485637175,-2.2012522035181874,4.9646558852642615,67.11373388465333,57.1225989675764,-9.991134917076927,5.513060255931049,30.655868195497966,22.86598548193923,-7.789882713558736,5.258350858572183
escs_h_cc,CAN,36,466.64349011030737,460.35032964387744,-6.293160466429924,3.237011828855589,493.7199337178239,493.244413424825,-0.4755202929989082,3.84149847847118,517.778597890134,517.6696422714401,-0.10895561869392623,3.2485484763928874,537.0929146221008,529.0204671424466,-8.072447479654215,3.9086969228589976,27.076443607516488,32.894083780947525,5.8176401734310375,4.656803259149195,51.1351077798267,57.31931262756274,6.184204847736041,4.12156348004163,70.44942451179342,68.67013749856912,-1.7792870132243053,4.562190357386787,24.05866417231021,24.42522884661521,0.3665646743049997,4.370180031816426,43.37298090427694,35.776053717621586,-7.596927186655357,4.719104762180076,19.314316731966734,11.350824871006376,-7.963491860960358,4.1988850379679405
escs_h_cc,CHE,36,463.41869126548255,466.3494481493584,2.9307568838758584,5.137250227209041,501.6766918549057,499.4957075824469,-2.1809842724587725,4.7530588021495275,532.5609050840625,533.6434822576866,1.082577173624145,5.8488925132535945,568.2385534424327,564.8783982330704,-3.360155209362347,4.718060423262115,38.25800058942308,33.1462594330885,-5.111741156334574,5.436598296864838,69.14221381857996,67.29403410832826,-1.8481797102516992,6.773067276491469,104.8198621769501,98.52895008371199,-6.290912093238106,6.650571034870776,30.884213229156877,34.14777467523975,3.263561446082875,6.239159771167276,66.561861587527,65.38269065062349,-1.1791709369035175,5.921160797914903,35.67764835837014,31.23491597538373,-4.442732382986414,6.469990370129363
escs_h_cc,CHL,36,392.0536659562163,382.0651497435034,-9.98851621271291,4.2094007461193845,407.0509988455602,400.22628709193356,-6.824711753626616,4.415461289970473,419.4324177111663,417.3450956448367,-2.087322066329591,4.66197053930497,457.48044017059345,457.44337609082385,-0.037064079769606906,4.774468715663852,14.997332889343875,18.16113734843022,3.163804459086345,5.590260728654318,27.37875175495006,35.27994590133339,7.901194146383332,5.6875134755547885,65.42677421437725,75.37822634732056,9.951452132943317,6.6766877725579015,12.381418865606184,17.118808552903168,4.737389687296984,5.7201320069281625,50.42944132503337,57.21708899889033,6.787647673856959,5.289322533299919,38.04802245942719,40.09828044598717,2.050257986559984,5.773183360066336
escs_h_cc,COL,36,355.000710637429,355.8753406208389,0.8746299834099318,4.113671824733454,372.24606682417345,379.39407654477026,7.148009720596804,4.385714563166725,388.5615840544238,398.0865836062072,9.524999551783424,5.895323385723186,430.58193794555626,438.18454482797733,7.602606882421071,8.5963346489955,17.24535618674446,23.518735923931423,6.273379737186964,5.043462814581343,33.560873416994795,42.21124298536839,8.650369568373598,6.0785329058934545,75.5812273081273,82.30920420713849,6.727976899011196,9.432020751096553,16.315517230250332,18.69250706143697,2.3769898311866378,5.246177706834954,58.33587112138283,58.790468283207055,0.4545971618242248,8.734997142308549,42.0203538911325,40.09796122177009,-1.9223926693624094,7.884358835195975
escs_h_cc,CZE,36,437.7478271784672,438.6595855927404,0.9117584142732085,5.027682591138719,479.4159861949148,474.4449775284006,-4.971008666514194,4.1807260671717845,505.49149085616017,501.8323329152029,-3.6591579409572432,5.157809905446779,544.2655050495873,537.7790787277078,-6.486426321879549,5.377676143313829,41.66815901644763,35.785391935660186,-5.8827670807874455,5.422688855985496,67.74366367769301,63.17274732246246,-4.570916355230544,5.762178823304308,106.51767787112014,99.11949313496739,-7.398184736152757,7.326824649863907,26.07550466124538,27.387355386802284,1.311850725556905,5.1966307544369235,64.84951885467251,63.33410119930718,-1.515417655365333,5.946152591379127,38.774014193427135,35.9467458125049,-2.8272683809222343,6.552188304464573
escs_h_cc,DEU,36,444.54296764335925,435.34216404469305,-9.200803598666198,5.521598775155697,476.6728463607069,480.07304048436265,3.4001941236557514,5.660372559567725,503.07237908449116,504.77995260546993,1.7075735209787695,6.089086680022331,542.3016593784524,542.1348075760072,-0.16685180244519415,5.140625659100375,32.129878717347694,44.730876439669565,12.600997722321871,6.7123100252188665,58.529411441131856,69.43778856077697,10.90837711964511,6.843873650239858,97.75869173509311,106.79264353131416,9.033951796221046,7.076618473307386,26.399532723784155,24.7069121211074,-1.6926206026767545,6.84510236406964,65.62881301774541,62.061767091644604,-3.5670459261008105,6.79747608621525,39.22928029396126,37.3548549705372,-1.874425323424063,6.17355755010619
escs_h_cc,DNK,36,458.6205941495174,456.63692105285725,-1.9836730966601408,4.006343074109035,488.18839662088624,471.2375682620358,-16.95082835885046,4.978438618593357,511.714597987032,502.24392641221584,-9.470671574816151,5.082241004669031,518.6172804061739,511.0257017741591,-7.59157863201483,5.236261631841498,29.567802471368886,14.600647209178453,-14.967155262190433,5.8727106112622645,53.09400383751462,45.60700535935854,-7.486998478156082,5.844970023288717,59.99668625665654,54.388780721301806,-5.607905535354732,6.507485631704525,23.526201366145735,31.006358150180084,7.4801567840343495,5.932087578606788,30.428883785287656,39.78813351212336,9.359249726835703,6.234074788795834,6.9026824191419225,8.781775361943271,1.879092942801349,6.86719832455266
escs_h_cc,ESP,36,440.3383510471457,426.8612282642286,-13.477122782917093,3.092070427107928,464.20723992131997,452.66810604941884,-11.539133871901129,3.0283124122303686,490.86046079389297,481.4650702836767,-9.39539051021626,3.047317979872873,518.0128380720699,503.28737088568687,-14.72546718638307,2.9576689553128026,23.86888887417432,25.806877785190274,1.9379889110159532,3.480600319543504,50.52210974674732,54.603842019448095,4.081732272700776,3.6308719123943316,77.67448702492418,76.42614262145828,-1.248344403465893,4.003788130004521,26.653220872573,28.79696423425782,2.1437433616848196,3.1559302344728324,53.80559815074986,50.619264836268016,-3.1863333144818426,3.4619920103599346,27.152377278176857,21.822300602010195,-5.330076676166662,3.3934031541936363
escs_h_cc,EST,36,478.2843345007265,469.8497094909711,-8.434625009755393,4.317647155139681,498.42767366224814,501.22314479294516,2.795471130697024,4.9714732086828075,524.8876326047485,531.2995541219182,6.411921517169617,4.283629802949238,553.5641092484868,549.6298704279645,-3.934238820522296,4.792646885633392,20.143339161521585,31.373435301974116,11.230096140452531,5.716145779210887,46.60329810402201,61.44984463094704,14.846546526925032,5.538055624991477,75.2797747477604,79.78016093699344,4.500386189233041,6.5599055308804175,26.459958942500425,30.076409328972936,3.6164503864725113,5.2181129944178695,55.136435586238825,48.40672563501933,-6.7297099512194976,5.668113318100072,28.676476643738397,18.33031630604639,-10.346160337692005,5.218775448102256
escs_h_cc,FIN,36,454.88450642988107,443.1340141835034,-11.75049224637769,3.6926291174956773,474.0500002308487,468.6315808304629,-5.418419400385801,4.013153550110024,504.15993291846354,495.1157774160192,-9.044155502444312,4.112955174625152,526.5762628638606,516.7309181130123,-9.845344750848312,4.101781353730609,19.165493800967585,25.497566646959577,6.332072845991991,4.395234610490297,49.275426488582475,51.981763232515846,2.7063367439333703,4.764208166440584,71.69175643397955,73.59690392950885,1.905147495529306,4.834227513653632,30.10993268761489,26.484196585556266,-3.6257361020586245,5.189562192930997,52.52626263301196,48.09933728254927,-4.426925350462689,4.779451515608918,22.41632994539707,21.615140696993006,-0.8011892484040644,5.178986803783709
escs_h_cc,FRA,36,435.71635206773146,434.01827749549193,-1.698074572239534,4.847840523532074,469.0495422126907,463.17845729746034,-5.8710849152303695,4.631110888439363,495.91163729791185,491.20249173736863,-4.70914556054322,6.038040434109339,535.7622360881148,523.6216058835691,-12.140630204545687,5.128487973228625,33.33319014495929,29.160179801968404,-4.173010342990885,5.112450098422096,60.195285230180524,57.18421424187667,-3.0110709883038567,6.330009889834376,100.0458840203834,89.60332838807723,-10.442555632306167,6.2635022089318415,26.862095085221227,28.024034439908263,1.1619393546870356,5.926739205361977,66.71269387542414,60.44314858610882,-6.269545289315317,5.847169073932385,39.85059879020289,32.419114146200556,-7.431484644002332,5.668182710265307
escs_h_cc,GBR,36,468.008145072885,461.4171254871606,-6.591019585724382,4.766744544617247,485.984614555822,491.99537319676193,6.010758640939912,4.776995136684966,509.95418322582844,519.7675638463887,9.813380620560281,5.501107056206374,540.697682057219,549.6835611415894,8.985879084370367,6.661920696298219,17.976469482937,30.578247709601328,12.60177822666433,6.298304291145943,41.94603815294356,58.35043835922822,16.404400206284663,6.765666936624068,72.68953698433408,88.26643565442885,15.576898670094764,8.153004747353457,23.969568670006556,27.772190649626886,3.80262197962033,6.489693717162123,54.713067501397084,57.68818794482752,2.975120443430434,7.5490840399490855,30.743498831390536,29.915997295200633,-0.827501536189903,6.755605030352391
escs_h_cc,GRC,36,404.83466399588764,393.95461588348746,-10.880048112400175,4.754727705226923,420.2642636825429,420.2662127293171,0.0019490467742002693,4.794631075927738,443.55572602738647,448.08296891033444,4.527242882947974,5.363146139512538,472.8554417350982,474.50457808387,1.6491363487717763,5.865396601349536,15.4295996866552,26.311596845829598,10.881997159174398,5.73651350604878,38.7210620314988,54.12835302684696,15.407290995348156,5.688491261579784,68.02077773921064,80.54996220038245,12.529184461171809,7.146878050459433,23.291462344843602,27.81675618101736,4.525293836173759,5.146074127699843,52.591178052555435,54.23836535455284,1.6471873019974055,6.186851478200739,29.299715707711833,26.42160917353549,-2.878106534176343,6.381524422048673
escs_h_cc,HUN,36,423.8681840771991,417.87740538918206,-5.990778688017031,5.461676840238729,458.4312792087484,453.83460147434727,-4.596677734401112,4.869826705725004,496.35446329795195,485.18064683595566,-11.173816461996296,5.684100168625464,534.450247051746,520.0047507045672,-14.445496347178846,6.232104679208435,34.563095131549346,35.95719608516512,1.3941009536157765,6.10753752318755,72.48627922075286,67.30324144677358,-5.1830377739792795,7.390816876424002,110.58206297454699,102.12734531538513,-8.454717659161858,8.435637932176398,37.9231840892035,31.346045361608468,-6.577138727595035,5.875835351457074,76.01896784299764,66.17014923022,-9.848818612777634,7.1670219093714325,38.09578375379414,34.82410386861152,-3.271679885182614,6.516867538662727
escs_h_cc,IRL,36,460.8578005815263,452.45007280571633,-8.407727775809974,3.829112139007725,482.778512837961,473.1234326079126,-9.655080230048384,4.15987424661722,504.84953261098707,501.4146691894921,-3.434863421494981,3.8730750308186144,528.5949389341315,522.1579265388227,-6.437012395308784,4.027763499907731,21.92071225643471,20.673359802196227,-1.2473524542384844,4.720478610411347,43.99173202946079,48.96459638377578,4.972864354314986,4.957078927949212,67.73713835260517,69.70785373310635,1.9707153805011757,5.118436908502682,22.07101977302608,28.29123658157955,6.22021680855347,4.911892110493392,45.816426096170446,49.03449393091011,3.2180678347396636,5.13816635369963,23.74540632314437,20.74325734933056,-3.00214897381381,4.6885935436707555
escs_h_cc,ISL,36,431.8653747125356,441.7279014661029,9.862526753567295,4.7688898643082,464.07018891306586,461.3901138298772,-2.680075083188683,5.330108141053965,480.0402442034157,480.3680700193693,0.3278258159536449,4.828971673748512,490.0970445943415,496.1169443793084,6.019899784966867,4.863378290514952,32.20481420053031,19.662212363774263,-12.542601836756045,7.1265410975559735,48.17486949088015,38.64016855326641,-9.534700937613735,6.583373323451107,58.23166988180592,54.38904291320547,-3.842626968600449,6.867810730486066,15.970055290349842,18.977956189492154,3.007900899142312,7.057838036194247,26.0268556812756,34.726830549431206,8.699974868155607,6.97847518457712,10.056800390925758,15.748874359939055,5.692073969013297,7.001538498425816
escs_h_cc,ISR,36,408.2577190096902,411.6486399633697,3.3909209536794833,5.701371114881557,456.63272758184405,458.7070228835672,2.0742953017231684,6.607722211855147,500.9899177578077,485.94973710196183,-15.040180655845859,7.876238282570519,523.3345324473886,509.11394430222254,-14.220588145166062,6.053312926137692,48.37500857215385,47.0583829201975,-1.3166256519563504,7.168756134922774,92.73219874811747,74.30109713859216,-18.431101609525314,8.70103426728561,115.07681343769835,97.4653043388528,-17.611509098845545,7.74236096511455,44.357190175963616,27.24271421839464,-17.114475957568978,7.289154633944963,66.70180486554447,50.406921418655294,-16.29488344688918,7.609659806099734,22.344614689580872,23.164207200260655,0.819592510679783,7.720392857188622
escs_h_cc,ITA,36,437.1355673807505,437.9083035433612,0.7727361626107268,4.624413571698439,464.2959584477302,466.50918098659565,2.213222538865466,5.19873797064164,484.4319718198655,489.23848870339305,4.806516883527536,5.866810526119764,511.88287479745304,514.3618924693268,2.4790176718737484,6.445938562501658,27.160391066979695,28.600877443234474,1.4404863762547784,5.390135675964762,47.29640443911509,51.330185160031874,4.033780720916781,6.343092710404372,74.7473074167026,76.45358892596553,1.7062815092629364,7.172762826524379,20.136013372135398,22.7293077167974,2.5932943446620023,5.878487448009602,47.58691634972289,47.85271148273107,0.2657951330081758,6.591361255162048,27.450902977587493,25.123403765933666,-2.3274992116538264,5.99626463719264
escs_h_cc,JPN,36,501.84651784089726,489.823503983159,-12.023013857738249,6.983497520070499,531.498283450889,522.1269560547942,-9.371327396094784,6.051447390832682,552.0850898599734,546.0651257817635,-6.0199640782099095,6.797140233976476,573.0314926804551,573.9149423471188,0.8834496666636369,7.154212494692807,29.651765609991816,32.30345207163516,2.65168646164334,6.736246333119976,50.238572019076145,56.24162179860441,6.0030497795282685,8.067636176391169,71.18497483955778,84.09143836395972,12.906463524401943,9.461404975826067,20.58680640908433,23.93816972696926,3.351363317884932,6.367883168092456,41.533209229565955,51.78798629232457,10.254777062758613,7.8026824619687485,20.946402820481627,27.849816565355308,6.903413744873681,6.6822507953182475
escs_h_cc,KOR,36,493.433837671016,482.13715019598004,-11.29668747503598,7.048413522917279,520.4967016578621,529.9710847691105,9.474383111248358,7.3447325037911435,539.0536398009988,552.8295238905611,13.775884089562282,6.42777255209608,574.2361825598302,575.7253097119585,1.489127152128276,7.453972548317399,27.062863986845894,47.83393457313042,20.771070586284527,7.063597542033801,45.619802129982595,70.69237369458115,25.072571564598555,7.88820381115007,80.80234488881406,93.58815951597849,12.785814627164427,8.847740405212651,18.556938143136698,22.858439121450726,4.301500978314028,7.724697106914443,53.73948090196818,45.754224942848076,-7.985255959120103,8.386820406886384,35.18254275883148,22.89578582139735,-12.28675693743413,7.232950979757061
escs_h_cc,LTU,36,439.12139541507014,450.3368517047255,11.215456289655378,4.48087692622045,470.76300191296895,481.32555427317266,10.56255236020371,5.097122344082111,499.53975462858955,508.33903885296587,8.799284224376322,4.903875320602153,521.5787087417272,520.3832971342661,-1.1954116074610965,5.911050838822274,31.64160649789887,30.988702568447138,-0.6529039294517318,6.285462188355934,60.41835921351949,58.00218714824037,-2.4161720652791203,6.501583642231798,82.45731332665707,70.04644542954047,-12.410867897116603,7.4110748872132675,28.77675271562062,27.013484579793236,-1.763268135827385,6.120711971215624,50.815706828758195,39.05774286109334,-11.757963967664857,6.817587077342524,22.03895411313757,12.044258281300102,-9.994695831837468,6.298789677586763
escs_h_cc,LVA,36,453.4303775839946,443.4048223320577,-10.025555251936908,4.627860785517002,474.7226898164616,467.4655288280022,-7.257160988459361,4.609395515863871,502.372738660278,490.16483027858584,-12.207908381692164,4.80706715930409,521.7516161022379,507.3036643233207,-14.44795177891723,4.310048627688426,21.292312232466912,24.060706495944476,2.768394263477564,5.683993695868378,48.94236107628332,46.7600079465282,-2.1823531297551213,5.9920016706614865,68.32123851824342,63.898841991262906,-4.422396526980513,5.647746100332157,27.650048843816403,22.69930145058372,-4.950747393232682,6.099168751065264,47.02892628577651,39.838135495318426,-7.190790790458081,6.033450970358247,19.378877441960107,17.138834044734704,-2.240043397225403,6.119624325084032
escs_h_cc,MEX,36,373.53391344123355,368.2588939443839,-5.275019496849666,3.2638303780388243,386.6069123479881,384.98590661943354,-1.6210057285545645,3.333287690648978,400.9391700058469,397.4462248823007,-3.4929451235461784,4.671138213655275,428.53917100810867,424.7051861942897,-3.8339848138189723,5.408166258918108,13.072998906754487,16.72701267504962,3.654013768295135,4.066399583216048,27.405256564613317,29.18733093791672,1.7820743733034021,4.927026319293085,55.005257566875116,56.44629224990572,1.4410346830306011,5.986452180497235,14.332257657858833,12.4603182628671,-1.871939394991733,4.55528685659796,41.93225866012063,39.719279574856095,-2.2129790852645357,5.733203536213772,27.6000010022618,27.258961311988998,-0.341039690272801,5.240356101508523
escs_h_cc,NLD,36,460.9760945052133,460.86004171743605,-0.1160527877772779,6.076065047726293,481.6389875467331,483.8922441462022,2.2532565994690685,6.602579525812318,526.812834520065,523.5440726759666,-3.268761844098435,6.180019892205764,550.6927348025065,549.2622897469803,-1.4304450555262065,5.776032838368039,20.662893041519737,23.032202428766034,2.3693093872462967,7.101916089620343,65.8367400148517,62.68403095853042,-3.152709056321278,8.501283634999352,89.71664029729318,88.40224802954425,-1.3143922677489286,8.378173505042337,45.17384697333195,39.65182852976439,-5.5220184435675606,7.220350831504027,69.05374725577343,65.37004560077823,-3.683701654995204,7.656143239116997,23.879900282441486,25.71821707101383,1.8383167885723424,6.703210189299295
escs_h_cc,NOR,36,443.4636337603391,422.40894865838436,-21.05468510195476,4.213170270008181,468.8684543107771,454.97633600504776,-13.892118305729355,4.420597310412635,487.3913587572644,484.14229262424726,-3.249066133017152,4.942591583891981,507.99163680503625,499.47833442573375,-8.513302379302502,4.665158180563343,25.404820550437773,32.567387346663494,7.162566796225722,5.209759008041052,43.92772499692525,61.73334396586292,17.805618968937672,5.837137114922498,64.52800304469704,77.06938576734946,12.541382722652415,5.976391868145378,18.522904446487473,29.165956619199438,10.643052172711965,5.578067822528216,39.12318249425928,44.50199842068597,5.3788159264266895,5.585127777063271,20.60027804777181,15.336041801486534,-5.264236246285275,5.473977758840654
escs_h_cc,NZL,36,444.22289118538004,457.81028073892986,13.587389553549826,4.932289946478218,483.0822650140088,485.371742533837,2.2894775198282105,5.946121439295341,507.75820300508485,512.715505984974,4.957302979889164,4.970299808314317,530.9246435460179,544.7339918112777,13.809348265259814,5.6058641543203915,38.85937382862879,27.56146179490713,-11.297912033721659,7.088995371885369,63.53531181970493,54.90522524604427,-8.630086573660662,6.694215346826046,86.70175236063794,86.923711072348,0.22195871171005876,7.812477620348774,24.675937991076136,27.343763451137136,2.6678254600609996,7.240076575446858,47.84237853200916,59.36224927744087,11.51987074543171,8.279003095034351,23.166440540933017,32.01848582630373,8.852045285370714,7.220857897363211
escs_h_cc,POL,36,454.22933772422493,454.9947407061504,0.7654029819254902,4.252171150140937,479.9818919762539,483.5202684352604,3.5383764590064857,4.460857223524327,508.12683531333414,514.7520147871932,6.625179473859021,5.365125215459549,541.5741858790561,537.9827831866697,-3.5914026923863958,6.105427310049985,25.75255425202896,28.525527729109875,2.772973477080914,5.123211126326031,53.89749758910925,59.75727408104277,5.859776491933523,6.304204813627202,87.34484815483118,82.98804248051917,-4.356805674312014,7.265161768155947,28.144943337080292,31.231746351932895,3.0868030148526024,5.928142146356358,61.592293902802226,54.46251475140929,-7.129779151392938,7.106899460528594,33.44735056572193,23.230768399476393,-10.21658216624554,6.542870462635924
escs_h_cc,PRT,36,431.33336781980233,421.8206173020286,-9.512750517773725,5.134440598053767,457.47664944228063,453.60340064027787,-3.873248802002763,5.885350843995904,489.3027719985047,486.65007002471873,-2.652701973785952,6.08864651171226,527.7651277008301,524.5263931286908,-3.2387345721393785,5.164742010169651,26.14328162247824,31.782783338249327,5.639501715771086,5.881290036966364,57.96940417870235,64.82945272269023,6.860048543987887,6.079484788907887,96.43175988102777,102.70577582666233,6.274015945634559,6.769129105755163,31.826122556224107,33.0466693844409,1.22054682821679,6.303094278101488,70.28847825854953,70.922992488413,0.6345142298634698,6.8715386477617235,38.46235570232542,37.876323103972105,-0.586032598353313,6.375474485973845
escs_h_cc,SVK,36,411.325600105004,427.0337880389317,15.708187933927661,6.545384571295862,461.45556382430505,470.1380813386521,8.682517514347069,5.2102129685877285,488.0415150010673,497.5557485939079,9.514233592840583,5.811191087171865,530.4727358734295,537.4727489616992,7.000013088269611,5.609506989310655,50.12996371930113,43.104293299720474,-7.025670419580656,6.611542995898438,76.71591489606324,70.5219605549763,-6.193954341086936,8.130582786809272,119.14713576842557,110.43896092276744,-8.708174845658135,8.764908989454627,26.585951176762098,27.41766725525583,0.8317160784937307,6.6627088295221535,69.01717204912445,67.33466762304694,-1.6825044260775144,6.977940577571163,42.43122087236236,39.91700036779112,-2.5142205045712416,6.226710511973666
escs_h_cc,SVN,36,445.2279759231682,434.4281886212669,-10.79978730190129,4.366921830173753,474.3188231755504,457.0836004127348,-17.235222762815567,4.331536462566067,507.886623778597,490.4469312121855,-17.43969256641151,4.924097165837584,524.2887984641623,510.5501509658276,-13.738647498334672,3.95776405902556,29.090847252382098,22.65541179146802,-6.4354354609140785,6.05081871472083,62.65864785542878,56.01874259091862,-6.639905264510162,6.619806751256772,79.06082254099401,76.12196234456064,-2.9388601964333674,6.2128385925712974,33.56780060304668,33.36333079945061,-0.20446980359606926,6.896816456720578,49.96997528861192,53.466550553092624,3.496575264480704,6.396714794181103,16.402174685565246,20.103219753642016,3.7010450680767697,6.601470394779218
escs_h_cc,SWE,36,445.8645837305884,432.98022637740394,-12.884357353184441,4.170656585203818,475.8392996372787,466.38972196121665,-9.449577676062063,4.362746751921667,505.05380106779876,503.8711583521466,-1.1826427156521504,5.014987969293082,533.5771695067532,516.6438590746542,-16.933310432099006,5.082917656080738,29.97471590669026,33.40949558381278,3.434779677122517,5.413509295997382,59.18921733721031,70.89093197474281,11.701714637532504,5.945008207239976,87.71258577616479,83.66363269725024,-4.0489530789145505,6.0275688730542845,29.214501430520063,37.48143639093003,8.266934960409966,5.950456698942251,57.73786986947452,50.254137113437466,-7.483732756037057,6.329305777829707,28.523368438954463,12.772700722507432,-15.750667716447031,5.312821242552108
escs_h_cc,TUR,36,424.3922943890478,425.7573826148631,1.3650882258153274,4.180985842701421,439.98597454730486,451.2316632360603,11.245688688755422,4.129431444085856,451.6736712231108,471.57279483023666,19.899123607125887,4.9551392315102785,501.5760578620552,528.5437558217569,26.967697959701695,5.602125570220543,15.593680158257133,25.474280621197146,9.880600462940013,5.1388737694739035,27.281376834063042,45.81541221537357,18.534035381310527,6.028409948273962,77.18376347300747,102.78637320689373,25.602609733886254,6.994148359014833,11.68769667580591,20.341131594176424,8.653434918370515,5.4802994329922505,61.59008331475034,77.31209258569656,15.722009270946224,6.882331525688906,49.902386638944435,56.97096099152013,7.068574352575695,7.066106391013923
escs_h_cc,USA,36,427.94006864035447,430.5879855310238,2.6479168906693076,6.927000599353324,450.2273760261831,461.43326500730257,11.205888981119472,7.590504903941267,479.29039660937707,475.91747659009405,-3.372920019283015,12.707677717294885,523.0706729506278,527.287312191405,4.216639240777226,19.570827357902758,22.28730738582854,30.845279476278783,8.557972090450242,8.485723849208755,51.35032796902251,45.329491059070264,-6.020836909952244,12.780994539053358,95.1306043102733,96.69932666038122,1.5687223501079188,19.839031377978348,29.063020583193964,14.484211582791483,-14.578809000402481,12.66440951981623,72.84329692444476,65.85404718410241,-6.989249740342345,19.69603579270616,43.7802763412508,51.36983560131093,7.589559260060135,14.555341066024102
escs_h_cc,OECD,36,440.33626345016944,437.0335419074533,-3.3027215427161423,0.7872101590800136,468.24645750399293,466.9073886176335,-1.3390688863594278,0.9048918082034432,494.56605405710644,493.7707161326365,-0.7953379244699477,0.8665944126269646,523.6570718131312,520.4922662949916,-3.1648055181395875,1.0653609066871381,27.91019405382351,29.87384671018013,1.9636526563566186,1.0214163802264533,54.22979060693693,56.737174225183274,2.507383618246344,1.0244609336797152,83.32080836296169,83.45872438753847,0.1379160245767821,1.3086248699243865,26.31959655311342,26.863327515003142,0.5437309618897217,0.9548083833492117,55.41061430913817,53.58487767735833,-1.82573663177984,1.1781116037403832,29.091017756024748,26.721550162355193,-2.3694675936695546,1.0883447015137593
