index,cnt,n_systems,Q1_2022,Q1_2025,Q1_change,Q1_se,Q2_2022,Q2_2025,Q2_change,Q2_se,Q3_2022,Q3_2025,Q3_change,Q3_se,Q4_2022,Q4_2025,Q4_change,Q4_se,Q2-Q1_2022,Q2-Q1_2025,Q2-Q1_change,Q2-Q1_se,Q3-Q1_2022,Q3-Q1_2025,Q3-Q1_change,Q3-Q1_se,Q4-Q1_2022,Q4-Q1_2025,Q4-Q1_change,Q4-Q1_se,Q3-Q2_2022,Q3-Q2_2025,Q3-Q2_change,Q3-Q2_se,Q4-Q2_2022,Q4-Q2_2025,Q4-Q2_change,Q4-Q2_se,Q4-Q3_2022,Q4-Q3_2025,Q4-Q3_change,Q4-Q3_se
escs,AUS,36,453.3435708304285,454.7238286590785,1.3802578286499738,4.15289053921512,480.9303220759276,482.5786311521504,1.6483090762228017,3.8723958837633714,518.7649615531978,516.5000237304168,-2.2649378227810075,4.193643355234595,547.8241534646974,528.5903839924667,-19.23376947223062,4.162843233709474,27.58675124549897,27.854802493071986,0.2680512475730161,5.394887539640883,65.42139072276932,61.776195071338385,-3.6451956514309316,5.234845979514642,94.4805826342688,73.86655533338833,-20.614027300880466,5.31529714617552,37.83463947727035,33.921392578266406,-3.913246899003944,4.594514511212138,66.89383138876983,46.01175284031633,-20.882078548453492,4.810477528549021,29.059191911499475,12.090360262049932,-16.96883164944954,4.681542799820719
escs,AUT,36,425.9864898138261,430.540181620184,4.553691806357904,5.476424203396693,464.6873119960028,460.1018019185046,-4.585510077498213,5.335909278617151,504.45055931243104,486.5390164720473,-17.91154284038373,4.5496068117029225,538.3424046461006,512.4658421874058,-25.87656245869482,4.8710458104681,38.700822182176786,29.561620298320634,-9.139201883856153,6.251558352131882,78.46406949860491,55.99883485186329,-22.46523464674162,5.868626307694483,112.35591483227441,81.92566056722183,-30.430254265052582,6.510662255299926,39.763247316428135,26.437214553542663,-13.326032762885472,5.793412427878882,73.65509265009761,52.36404026890118,-21.291052381196437,6.031664084600185,33.89184533366948,25.926825715358525,-7.965019618310954,5.117715835312489
escs,BEL,36,424.79621510185336,433.26001771779045,8.463802615937084,5.481249242091514,460.0260106813033,460.9777188338653,0.9517081525619915,5.382836026727698,500.59412637724597,497.3946246302359,-3.1995017470100606,5.16490574128615,540.0543323979305,517.26250730141,-22.791825096520483,5.380734703375821,35.22979557944997,27.717701116074807,-7.512094463375163,6.1519497982408735,75.79791127539275,64.13460691244543,-11.663304362947315,6.450611909867426,115.25811729607719,84.00248958361955,-31.25562771245764,7.366199479249878,40.5681156959428,36.41690579637063,-4.151209899572173,5.39203079958349,80.02832171662722,56.28478846754474,-23.743533249082475,6.821838469207064,39.460206020684424,19.86788267117412,-19.592323349510306,6.028308398797423
escs,CAN,36,471.9409188207193,461.95310462357895,-9.987814197140324,3.620612660013404,499.15497728602895,492.9086386330017,-6.246338653027237,3.6426204789677867,522.4520011306544,518.1058064503375,-4.3461946803168985,3.8794471659911904,545.6499516577534,518.2249464542122,-27.425005203541218,4.591542934326179,27.214058465309712,30.955534009422866,3.741475544113154,4.363826917082238,50.51108230993511,56.152701826758666,5.641619516823553,4.826613526275759,73.70903283703413,56.27184183063341,-17.437191006400717,5.389115411511637,23.297023844625404,25.1971678173358,1.9001439727103957,4.395697983934683,46.49497437172441,25.316307821210547,-21.178666550513864,5.460195873352092,23.19795052709901,0.11914000387474744,-23.078810523224263,4.644836246828896
escs,CHE,36,425.246105408887,434.50353064441435,9.257425235527364,5.122353598613344,466.78236706436746,461.36467986492954,-5.417687199437921,5.797105151855285,502.7363612009384,493.673450310517,-9.062910890421392,5.39572157009285,549.0794426501574,520.5961328522733,-28.48330979788409,5.386568230625013,41.53626165548057,26.861149220515102,-14.67511243496547,6.426331866043806,77.49025579205154,59.16991966610264,-18.3203361259489,6.207530311411341,123.83333724127041,86.0926022078589,-37.74073503341151,6.977592941315485,35.95399413657096,32.30877044558754,-3.6452236909834212,6.363959321673297,82.29707558578984,59.23145298734382,-23.06562259844602,6.646851347452433,46.34308144921887,26.92268254175628,-19.42039890746259,6.462808035004132
escs,CHL,36,413.54516724759395,411.9650586215301,-1.5801086260638613,6.025150705842831,440.7580444646904,427.3183386776739,-13.439705787016464,5.428512167816647,457.4787222642696,441.0826149258369,-16.396107338432728,5.623783836207586,489.3212413141193,483.29659573020615,-6.024645583913127,5.522271383281718,27.21287721709633,15.353280056143763,-11.859597160952568,6.787472820203148,43.933555016675605,29.11755630430677,-14.815998712368835,7.3812905712500925,75.77607406652533,71.33153710867603,-4.444536957849294,7.948153277172904,16.72067779957927,13.764276248163009,-2.9564015514162616,6.4599434893435905,48.56319684942899,55.978257052532264,7.415060203103273,6.431694088556086,31.84251904984972,42.21398080436926,10.371461754519537,6.212740316005537
escs,COL,36,366.8243095889693,364.07916878643994,-2.745140802529363,4.887469670276134,392.1578823874566,393.5191097111682,1.3612273237116028,5.616859618978934,413.6867883342082,409.9778738149548,-3.7089145192533692,7.267725075902598,468.79104608718114,453.120203821416,-15.670842265765145,9.432742312065413,25.333572798487346,29.4399409247283,4.106368126240955,6.256944911805817,46.862478745238995,45.8987050285149,-0.9637737167240985,7.1056121696983086,101.96673649821192,89.0410350349761,-12.92570146323581,10.162059408522106,21.52890594675165,16.4587641037866,-5.07014184296505,6.19546870268705,76.63316369972456,59.6010941102478,-17.032069589476762,9.636513171820067,55.10425775297292,43.1423300064612,-11.96192774651172,8.663016915545969
escs,CZE,36,433.7763292866587,434.54299765052866,0.7666683638699396,5.064503180690698,479.08713527802126,459.8291906539474,-19.257944624073843,4.980384201292336,500.62141605930003,480.39363576176856,-20.227780297531467,5.193903793774057,543.9757797740577,514.1978610290959,-29.77791874496188,5.403459824672758,45.31080599136265,25.28619300341878,-20.02461298794387,5.707879080753281,66.84508677264122,45.85063811123987,-20.994448661401357,6.3093075507859036,110.199450487399,79.65486337856709,-30.54458710883192,7.277138751051528,21.534280781278568,20.564445107821086,-0.9698356734574816,5.942601817909574,64.88864449603638,54.36867037514829,-10.519974120888087,6.239510790732576,43.3543637147578,33.804225267327205,-9.550138447430598,6.572975476348484
escs,DEU,36,435.4942463468613,421.741507116814,-13.752739230047325,6.268160681851109,469.01588230714896,465.13685354821325,-3.8790287589357035,6.675184011161099,493.2000539398825,494.01355452994414,0.8135005900616648,6.809494249207258,547.9796627626403,536.5403722960419,-11.439290466598322,6.418357652042997,33.52163596028781,43.39534643139934,9.87371047111153,6.859462338944347,57.705807593021255,72.2720474131301,14.56623982010884,7.351210826941739,112.48541641577904,114.7988651792281,2.3134487634490597,8.231694202750015,24.184171632733445,28.87670098173076,4.692529348997315,6.205366327222809,78.96378045549122,71.40351874782873,-7.560261707662491,7.228318235251329,54.779608822757766,42.52681776609798,-12.252791056659788,7.151563453528567
escs,DNK,36,450.08730869858556,431.5390780603719,-18.54823063821368,4.939620264517701,480.4305567469247,458.3995821904249,-22.030974556499814,5.205828361457194,509.66142588089053,487.35228777829917,-22.309138102591362,5.775971352425133,522.7829678450939,488.76517004856225,-34.01779779653168,6.316684797173686,30.34324804833908,26.860504130052988,-3.4827439182860935,6.217754644949261,59.57411718230494,55.81320971792727,-3.7609074643776665,6.625010197322669,72.69565914650836,57.22609198819043,-15.469567158317929,7.3597560039767815,29.230869133965854,28.952705587874288,-0.2781635460915659,6.5462596969146025,42.352411098169284,30.365587858137438,-11.986823240031846,7.451851007375959,13.12154196420343,1.412882270263151,-11.70865969394028,8.006680690064531
escs,ESP,36,437.7993307269277,422.7561190842545,-15.043211642673157,3.9504542562752567,461.7919264622901,444.20656628493396,-17.585360177356165,3.1702648297088025,486.99454284538706,470.34592377692104,-16.64861906846602,3.7314307268419973,518.4074812995962,485.3755279689955,-33.03195333060063,3.324697650361841,23.992595735362425,21.450447200679367,-2.542148534683058,3.757523107748521,49.195212118459416,47.589804692666384,-1.6054074257930324,4.323906219436028,80.6081505726685,62.619408884740935,-17.988741687927572,4.711193358940366,25.202616383096988,26.139357491987017,0.936741108890029,3.8506018837309286,56.61555483730607,41.16896168406158,-15.446593153244493,4.162985163314336,31.41293845420908,15.029604192074562,-16.383334262134518,4.082621233257645
escs,EST,36,477.11388699976,464.18259268418296,-12.93129431557702,5.073272370552955,498.1191332819635,486.82238761306627,-11.296745668897245,5.111161456294923,523.053740554554,520.5777725308453,-2.475968023708674,5.298308555755284,549.8086843024781,532.4937847596955,-17.314899542782655,5.1634600435622735,21.005246282203434,22.63979492888326,1.634548646679825,6.40935589659498,45.939853554794,56.3951798466624,10.455326291868403,6.673977799319939,72.694797302718,68.31119207551245,-4.38360522720555,6.361633557234867,24.93460727259056,33.75538491777915,8.820777645188592,6.263578668847903,51.68955102051457,45.67139714662919,-6.018153873885382,5.945172473723064,26.754943747924006,11.916012228850036,-14.83893151907397,5.894739513049676
escs,FIN,36,451.9688154642223,444.63171671539874,-7.337098748823564,4.287929623173411,475.57303109457564,467.6723470555263,-7.900684039049338,4.826965425761845,508.7391448008869,499.9236466270816,-8.815498173805281,4.534365136831936,536.3176059632398,512.5958300782829,-23.721775884956855,4.418626258496355,23.604215630353302,23.040630340127485,-0.5635852902258165,5.7797367203402645,56.77032933666459,55.29192991168279,-1.478399424981795,5.458183944166869,84.34879049901747,67.96411336288418,-16.38467713613329,5.778417511306789,33.166113706311286,32.25129957155531,-0.9148141347559786,5.264739750323011,60.744574868664166,44.923483022756685,-15.821091845907482,5.881974767719891,27.578461162352887,12.67218345120138,-14.906277711151507,5.241414113137319
escs,FRA,36,420.96613645646596,421.4578925499103,0.49175609344433724,5.553452145313134,456.3040940200466,448.21035586821273,-8.093738151833861,5.848851536192289,492.3882559633271,478.87642104080135,-13.511834922525736,5.897358973073501,535.0636140369974,512.4015645071819,-22.662049529815476,6.294190115049296,35.3379575635807,26.75246331830241,-8.58549424527829,6.412696888043492,71.42211950686115,57.41852849089105,-14.003591015970102,6.745150660967783,114.09747758053145,90.9436719572715,-23.15380562325994,7.833226582295488,36.08416194328045,30.666065172588628,-5.418096770691822,5.852457975655674,78.75952001695075,64.19120863896909,-14.568311377981658,6.64548274022719,42.675358073670296,33.52514346638046,-9.150214607289833,5.898194244820461
escs,GBR,36,467.8303080698468,470.7701755035919,2.9398674337450643,4.4743993950268415,487.3399729085043,489.9205703830492,2.580597474544902,5.120969645505206,499.13528228920086,510.52922845869523,11.39394616949437,4.764432438858507,549.9025838968548,534.8407985057413,-15.061785391113517,6.503674497622166,19.509664838657322,19.150394879457366,-0.3592699591999562,6.172836240663382,31.30497421935396,39.7590529551034,8.454078735749441,5.851980283390553,82.07227582700787,64.07062300214955,-18.001652824858326,7.6923763853023805,11.795309380696636,20.608658075646037,8.8133486949494,5.523527035627726,62.562610988350535,44.92022812269219,-17.642382865658348,7.844819931192178,50.7673016076539,24.31157004704615,-26.45573156060775,6.840126114291676
escs,GRC,36,402.36717414646205,390.87403715097514,-11.493136995486907,5.728064861371742,424.4030887082634,412.97082394516235,-11.432264763101045,5.451410146346683,446.45979279312525,443.68971269907405,-2.7700800940511954,5.475689031659605,484.4456775800166,463.1113962251564,-21.334281354860195,5.7897080976811255,22.03591456180136,22.096786794187125,0.06087223238576556,5.791092452679239,44.0926186466632,52.815675548098966,8.723056901435768,6.589379615013714,82.07850343355452,72.23735907418116,-9.84114435937336,7.426203123292845,22.05670408486184,30.71888875391184,8.662184669050003,5.483973082476539,60.04258887175316,50.14057227999404,-9.902016591759121,5.97486801798635,37.985884786891326,19.421683526082198,-18.564201260809128,5.972210789335922
escs,HUN,36,412.0537950625786,410.0137478089526,-2.040047253626028,5.910346733162629,453.45672018337666,443.7682640542874,-9.688456129089275,5.715756322842773,492.1758096169503,469.0074876345367,-23.1683219824136,5.737999427176847,536.2174086072973,499.30205979962,-36.91534880767733,6.137320558716873,41.402925120798,33.754516245334834,-7.6484088754631685,7.0539774377416204,80.12201455437167,58.993739825584115,-21.12827472878756,7.687838598908859,124.16361354471871,89.28831199066751,-34.875301554051205,8.464146578571983,38.719089433573686,25.239223580249284,-13.479865853324402,6.635595371921472,82.76068842392071,55.53379574533269,-27.226892678588023,7.870989676983034,44.041598990347026,30.2945721650834,-13.747026825263625,6.701007773662224
escs,IRL,36,479.1276443690813,469.0893242733322,-10.0383200957491,4.543853192953664,504.01228012303727,487.9905587218752,-16.021721401162097,4.6452368953003145,530.2530008974503,517.1584185507562,-13.094582346694096,4.126709223563751,554.6006196447803,539.5375476427105,-15.063072002069816,4.639340610927568,24.884635753956026,18.901234448542972,-5.983401305413054,5.307267784158634,51.12535652836906,48.069094277423986,-3.0562622509450748,5.587990968271494,75.47297527569893,70.44822336937823,-5.024751906320702,5.609192374233156,26.240720774413035,29.167859828881017,2.9271390544679825,5.297461060287651,50.588339521742895,51.54698892083525,0.9586493990923515,5.4488586656073785,24.347618747329864,22.379129091954233,-1.968489655375631,5.323523140981207
escs,ISL,36,393.6568864783027,397.75751161975967,4.100625141456987,4.985376711306533,431.20996015060774,427.5378980985773,-3.672062052030469,5.501852965758265,449.42906847738993,451.16990569047914,1.7408372130892076,4.964652056842023,475.91249192897146,461.5281925219315,-14.384299407039975,5.064717700339138,37.553073672305096,29.780386478817555,-7.772687193487542,7.475675519496108,55.772181999087344,53.412394070719394,-2.3597879283679504,6.996338398635037,82.25560545066881,63.77068090217175,-18.484924548497062,7.447396465282127,18.21910832678224,23.63200759190184,5.412899265119599,7.110395607408241,44.70253177836371,33.9902944233542,-10.712237355009513,7.175725365237654,26.483423451581473,10.358286831452357,-16.125136620129116,6.919778528872789
escs,ISR,36,412.21613703672693,414.79302227411665,2.5768852373897175,6.322114577580509,458.010270317731,443.8026630191078,-14.207607298623202,6.92964922811499,503.48658734458985,475.39737625508303,-28.08921108950682,6.497573738890493,534.9598443587627,484.26341422295957,-50.6964301358031,6.880638719923422,45.794133281004136,29.009640744991145,-16.78449253601299,7.749270161586401,91.27045030786292,60.60435398096653,-30.666096326896387,7.828544998260056,122.7437073220357,69.47039194884299,-53.273315373192716,8.36362935734522,45.47631702685879,31.594713235975377,-13.88160379088341,7.1556849336514485,76.94957404103157,40.46075120385184,-36.488822837179725,7.865742622743756,31.473257014172766,8.86603796787647,-22.607219046296297,7.206510969063275
escs,ITA,36,442.02223839347835,437.8337130863339,-4.1885253071444595,5.015777891544532,475.0559771822226,466.81214281169014,-8.243834370532454,5.080463900164152,492.2996739574219,487.40719638535967,-4.892477572062205,4.880837074558722,521.2046170932651,516.4442952604652,-4.760321832799946,5.85907156404636,33.03373878874431,28.978429725356257,-4.0553090633880515,5.641301360248322,50.277435563943534,49.57348329902571,-0.7039522649178238,6.159558256826885,79.18237869978685,78.61058217413145,-0.571796525655401,7.154311224189308,17.243696775199226,20.595053573669453,3.3513567984702277,5.802512340756404,46.14863991104254,49.632152448775194,3.4835125377326577,6.783497370218779,28.904943135843315,29.037098875105745,0.13215573926242996,5.415149973678109
escs,JPN,36,477.8058974319665,470.91883738877414,-6.887060043192378,7.05941384524468,507.5887221348079,500.3739117105598,-7.214810424248071,5.9042084567502995,529.8249696880773,518.6848166212499,-11.140153066827452,6.384500069682954,550.9700545207863,535.6832851893253,-15.286769331461073,6.805184573342364,29.782824702841406,29.45507432178568,-0.3277503810557256,6.432098294812567,52.01907225611079,47.765979232475736,-4.253093023635053,7.294029751468118,73.16415708881979,64.76444780055122,-8.399709288268568,9.159674728685848,22.236247553269386,18.310904910690056,-3.9253426425793307,6.479288875539357,43.38133238597838,35.30937347876554,-8.071958907212839,7.757636624040023,21.145084832708996,16.998468568075488,-4.146616264633508,6.456860621000224
escs,KOR,36,470.74478116591564,462.4632611286359,-8.281520037279734,7.639273645714596,503.4277524020164,501.7846966270499,-1.6430557749664558,6.935228966041927,530.0026012991184,521.8732523161774,-8.129348982940996,6.59924648509719,558.9646310432637,529.7351801096736,-29.2294509335901,6.119990894600623,32.6829712361007,39.32143549841396,6.6384642623132635,7.62765446600465,59.25782013320281,59.40999118754145,0.15217105433863765,8.03644646285047,88.21984987734803,67.27191898103773,-20.947930896310297,8.335652082394612,26.574848897102108,20.088555689127485,-6.486293207974622,7.280101746845419,55.53687864124733,27.95048348262376,-27.586395158623567,7.809893343547088,28.96202974414522,7.861927793496273,-21.10010195064895,8.031670907902413
escs,LTU,36,432.3248549671789,438.3533400343499,6.028485067171005,4.444399578716344,456.6344230141315,458.4657905120836,1.8313674979520442,4.312647379965986,486.8171231749981,490.00951562744723,3.1923924524491554,4.56337625778251,518.3554689272627,497.0624141480242,-21.293054779238503,5.014997684030462,24.30956804695257,20.112450477733624,-4.197117569218946,5.451974409612327,54.49226820781912,51.656175593097316,-2.8360926147218066,5.863003872435772,86.03061396008374,58.70907411367423,-27.321539846409514,6.831403042341498,30.182700160866556,31.543725115363692,1.361024954497136,5.5312102581125115,61.721045913131185,38.5966236359406,-23.124422277190583,6.055078132268065,31.538345752264615,7.052898520576912,-24.4854472316877,5.496554592684371
escs,LVA,36,438.2131221033369,413.5404364349348,-24.672685668402096,4.216722315891152,462.3351439485082,436.47801021702264,-25.857133731485533,5.132542234326238,487.158879750377,451.9793820035585,-35.17949774681853,4.973929134588937,515.7475660928811,465.5451954438137,-50.202370649067404,4.46483114255923,24.122021845171332,22.937573782087895,-1.1844480630834369,5.4243672435493675,48.94575764704017,38.438945568623645,-10.506812078416523,5.650989584654126,77.53444398954424,52.00475900887891,-25.529684980665337,5.799352361409258,24.823735801868832,15.501371786535747,-9.322364015333084,6.042898939842372,53.41242214437291,29.067185226791015,-24.345236917581897,6.0777979707477625,28.588686342504076,13.565813440255265,-15.02287290224881,5.87175692429157
escs,MEX,36,378.3920539922563,376.4278264837061,-1.9642275085502092,4.263171562548339,401.52517383425925,401.14619335322436,-0.3789804810348869,4.27519164686265,423.3208130966626,414.61114786839914,-8.709665228263475,5.930963651179438,459.0756710468564,446.8794508557956,-12.196220191060831,6.6721196589432195,23.133119842002873,24.71836686951828,1.5852470275154076,4.729587551834977,44.92875910440631,38.183321384693066,-6.7454377197132445,6.330931487310124,80.68361705460003,70.4516243720895,-10.231992682510537,7.532712114159365,21.795639262403437,13.464954515174787,-8.33068474722865,5.895384520406607,57.55049721259716,45.73325750257121,-11.817239710025945,7.147597132421478,35.75485795019373,32.268302987396424,-3.4865549627973067,6.877391852710441
escs,NLD,36,414.39520741657407,401.68441793236536,-12.710789484208703,7.219252562707274,438.62169489411315,429.07810824185424,-9.54358665225891,7.411772401077436,483.00517631825807,466.63545895952194,-16.369717358736125,6.867191532613648,517.5986136674068,495.52441548323884,-22.074198184167926,6.103850469886332,24.22648747753909,27.393690309488925,3.167202831949833,7.4667217846593745,68.60996890168403,64.95104102715655,-3.6589278745274783,8.707029143848827,103.20340625083273,93.83999755087345,-9.36340869995928,8.976053055163336,44.38348142414496,37.557350717667624,-6.826130706477336,7.535635157139894,78.97691877329363,66.44630724138452,-12.530611531909116,8.38702060780154,34.59343734914867,28.88895652371689,-5.704480825431784,6.833248179517092
escs,NOR,36,434.30127154871224,416.95241450925016,-17.348857039462075,4.863363389528582,466.906256745411,453.35205045486055,-13.55420629055044,5.145672225406346,494.8375098739596,478.69379074660753,-16.143719127352085,5.308253359310935,523.167658240615,494.9159669936671,-28.25169124694787,5.511968220369979,32.60498519669863,36.3996359456104,3.7946507489117707,6.232039758502506,60.53623832524736,61.741376237357485,1.2051379121101249,6.456664394308445,88.86638669190265,77.96355248441702,-10.902834207485625,7.298000881115397,27.93125312854873,25.341740291747083,-2.589512836801646,6.155381600502971,56.261401495204005,41.56391653880661,-14.697484956397396,6.577159314133165,28.330148366655276,16.222176247059526,-12.10797211959575,6.4602699085210435
escs,NZL,36,456.66718497909795,467.8659282038022,11.19874322470423,4.578360636084924,494.5872910375741,488.48390775757423,-6.103383279999889,5.513656223522004,522.337294457757,530.6271607403755,8.289866282618505,6.071381079462683,551.0955678496541,545.7341784158499,-5.36138943380422,5.042460448576521,37.9201060584761,20.61797955377209,-17.30212650470401,6.301434053336682,65.67010947865901,62.76123253657336,-2.908876942085655,6.997751113666724,94.42838287055613,77.86825021204766,-16.56013265850848,7.099197740892722,27.750003420182917,42.14325298280127,14.393249562618355,7.362408215475576,56.50827681208002,57.250270658275575,0.7419938461955553,7.365765615703218,28.758273391897102,15.10701767547431,-13.651255716422792,7.426225316736031
escs,POL,36,443.32828620613157,448.2294170591892,4.901130853057623,5.294833852555577,476.7443370904101,469.9933852954647,-6.750951794945422,5.168468259524436,502.205132473506,506.3678234612177,4.162690987711699,5.9106323512571715,541.8176294377084,525.1388378926077,-16.678791545100694,5.704717992247429,33.41605088427863,21.763968236275577,-11.652082648003056,5.5452003963101015,58.87684626737447,58.13840640202859,-0.7384398653458746,6.934430701939429,98.48934323157701,76.90942083341858,-21.57992239815843,7.9653135645339495,25.460795383095835,36.374438165753006,10.91364278265717,6.1811262705179235,65.07329234729836,55.14545259714299,-9.927839750155371,7.017261143540833,39.612496964202535,18.771014431389982,-20.841482532812552,6.594827938616937
escs,PRT,36,438.0811058919777,428.882060803145,-9.19904508883269,5.355168681905781,462.9246332957156,451.8147362484016,-11.109897047314007,5.901408231222889,483.3582534275748,475.568311103033,-7.789942324541812,5.40860074014415,527.0921737523441,508.88194765325096,-18.210226099093177,5.833843121152574,24.84352740373792,22.93267544525646,-1.9108519584814587,5.496139486864212,45.27714753559714,46.68625029988794,1.4091027642908003,5.627808199070028,89.01106786036647,79.99988685010585,-9.011181010260614,6.940667455422759,20.43362013185922,23.753574854631477,3.3199547227722555,6.2713850241264515,64.16754045662856,57.067211404849374,-7.100329051779184,6.9286568295827955,43.73392032476933,33.31363655021791,-10.420283774551422,6.480861352368267
escs,SVK,36,385.8391391540955,400.6707668704512,14.831627716355683,6.340742729785255,440.6859540211195,441.01884287742695,0.33288885630742016,6.176526381496591,459.2389385451126,464.34213940778716,5.103200862674555,6.047213973278345,504.07169047580567,503.3222661051673,-0.7494243706383941,5.716456538122978,54.84681486702398,40.34807600697572,-14.498738860048263,6.901625895766267,73.3997993910171,63.67137253733593,-9.72842685368117,8.03659178669658,118.23255132171005,102.65149923471606,-15.581052086993992,8.492643262699369,18.55298452399311,23.32329653036021,4.770312006367099,7.064024027482762,63.38573645468607,62.30342322774034,-1.082313226945729,7.850767804541857,44.83275193069296,38.98012669738013,-5.852625233312828,6.405933942458472
escs,SVN,36,429.04172462712876,419.9464094355968,-9.095315191531938,4.491388023281579,453.95195667670106,440.459449269449,-13.492507407252049,4.66219223484084,486.6292434974483,473.0801253135426,-13.549118183905648,4.081037280048814,508.8727599312706,478.01639770026475,-30.856362231005846,4.3880354740903105,24.910232049572336,20.513039833852098,-4.3971922157202386,6.538675409321362,57.587518870319435,53.13371587794586,-4.453802992373575,5.828075704418809,79.83103530414182,58.06998826466793,-21.761047039473894,6.523320213130048,32.6772868207471,32.62067604409377,-0.05661077665332925,6.117990585705942,54.92080325456949,37.55694843081582,-17.36385482375367,6.311768728761538,22.24351643382239,4.936272386722055,-17.307244047100333,6.274751603279017
escs,SWE,36,435.1523478398484,420.92037074961644,-14.231977090231965,5.031005437016413,471.2698897128431,461.41813814079387,-9.851751572049238,5.688912390370109,510.3380033164585,504.2184058436004,-6.119597472858118,6.058784616294047,544.4663631113948,512.2607451027898,-32.20561800860503,5.846934483582549,36.1175418729946,40.497767391177405,4.3802255181828045,6.186306201397544,75.18565547661001,83.298035093984,8.112379617373989,6.816829636145796,109.31401527154635,91.34037435317335,-17.973640918373007,7.298275972753882,39.06811360361541,42.800267702806586,3.7321540991911775,6.742001964272147,73.19647339855176,50.84260696199594,-22.35386643655582,7.035783415581814,34.12835979493635,8.042339259189356,-26.086020535746997,6.30485377448767
escs,TUR,36,427.7079669923122,444.30204858094066,16.594081588628455,4.178370302627136,443.1934896044215,463.1231666385993,19.929677034177814,3.9929867501319314,457.0950870532355,476.1625557800495,19.067468726814013,4.729921101435319,496.832455038475,516.6534278764335,19.820972837958493,4.781841409655045,15.485522612109218,18.82111805765866,3.3355954455494405,5.085806007544584,29.38712006092324,31.860507199108902,2.473387138185661,5.527427685140965,69.12448804616277,72.35137929549276,3.226891249329995,6.4934045691484314,13.901597448814021,13.039389141450243,-0.8622083073637778,4.98252158733907,53.63896543405356,53.53026123783411,-0.10870419621944905,5.450221836797727,39.73736798523954,40.490872096383875,0.7535041111443377,5.745674496878219
escs,USA,36,459.46528441573594,449.6551156970595,-9.810168718676437,8.254540356843737,487.0390996266714,476.9628441880709,-10.07625543860047,9.042419033018474,512.5979218637161,503.61063937039273,-8.987282493323391,14.10502047004979,560.2211093173141,554.8820664163425,-5.339042900971663,16.944505895549543,27.573815210935386,27.307728491011325,-0.2660867199240613,10.208440261933177,53.13263744798017,53.955523673333104,0.8228862253529314,13.908371004452516,100.75582490157822,105.22695071928288,4.47112581770466,17.72817095902011,25.55882223704479,26.647795182321783,1.0889729452769927,13.792851120965649,73.18200969064283,77.91922222827155,4.7372125376287215,16.802515536151073,47.623187453598035,51.27142704594977,3.648239592351736,14.39740067824434
escs,OECD,36,433.8784234189029,430.1061382656488,-3.7722851532541313,0.8590608558654556,464.60396563219985,457.1056209603279,-7.498344671871962,1.0178010258241657,492.134118428599,484.0439028671375,-8.090215561461491,0.9533419467840775,526.9164173268064,506.2552834053354,-20.66113392147099,1.0731218833143708,30.72554221329695,26.999482694679063,-3.7260595186178875,1.0903936970688048,58.25569500969605,53.937764601488745,-4.317930408207303,1.1032755647549561,93.0379939079035,76.14914513968657,-16.88884876821693,1.272083210609343,27.53015279639909,26.938281906809685,-0.5918708895894049,1.1003469304989901,62.31245169460656,49.149662445007515,-13.162789249599044,1.1609046062248185,34.782298898207465,22.21138053819783,-12.570918360009635,1.1525204048313018
escs_h,AUS,36,454.8350605826523,450.33595156168406,-4.4991090209682625,3.9824791135145357,484.6941592840514,483.4567551250667,-1.2374041589847025,4.069259207853042,520.92824573846,515.3160719959311,-5.612173742528853,4.208709831804051,541.0178958411091,533.4506134244286,-7.567282416680428,3.8490140306419938,29.859098701399137,33.12080356338268,3.2617048619835423,5.191629203714736,66.09318515580759,64.98012043424711,-1.1130647215604768,5.078831561003379,86.1828352584568,83.11466186274454,-3.0681733957122646,4.87156376556615,36.234086454408455,31.859316870864433,-4.374769583544023,4.904338783852901,56.32373655705767,49.99385829936186,-6.32987825769581,4.686050409002319,20.089650102649205,18.134541428497425,-1.9551086741517807,4.397989376745323
escs_h,AUT,36,430.95797045527587,426.80338039723756,-4.154590058038309,5.608190054070021,467.1663738859379,461.49933802450596,-5.667035861431941,5.313113972585754,503.51382808488677,487.2425348619674,-16.271293222919383,4.202517758960542,532.380877468024,514.2875025863877,-18.093374881636237,5.097394315890093,36.20840343066196,34.69595762726841,-1.5124458033935468,6.419576973130048,72.55585762961091,60.43915446472995,-12.11670316488096,5.912444968020048,101.42290701274803,87.48412218915018,-13.938784823597842,6.6942561613876,36.347454198948945,25.743196837461547,-10.604257361487399,5.481374381021105,65.21450358208605,52.78816456188177,-12.426339020204281,5.9412951658580075,28.86704938313711,27.04496772442023,-1.8220816587168827,5.26271356268824
escs_h,BEL,36,427.93971158192727,433.02718405805433,5.087472476127061,5.6924889753095975,463.21244060918036,459.6748184824731,-3.5376221267072765,5.302240415584312,502.73633825841415,497.04246349152316,-5.6938747668909855,5.366105470310778,532.176396717871,520.9445124950294,-11.231884222841586,4.962463267682875,35.27272902725306,26.647634424418737,-8.62509460283432,6.119770317020333,74.79662667648682,64.01527943346888,-10.781347243017947,6.92084145591575,104.23668513594359,87.91732843697511,-16.319356698968477,7.145126060351108,39.52389764923377,37.36764500905014,-2.1562526401836237,5.8722338882931195,68.96395610869054,61.26969401255637,-7.6942620961341675,6.444417789424281,29.440058459456765,23.90204900350623,-5.538009455950533,5.726277836666791
escs_h,CAN,36,471.7988465730183,459.14702603695184,-12.651820536066452,3.892080231302036,500.0749486660801,490.63334136225023,-9.44160730382987,3.6376018577231957,524.153996248592,514.5684077014273,-9.585588547164662,3.755558816268591,543.7814444945573,527.5411150437596,-16.240329450797617,4.561650753449724,28.276102093061866,31.486315325298392,3.2102132322365264,4.678667251080136,52.355149675573635,55.42138166447546,3.0662319889018264,5.0488845016682555,71.98259792153894,68.39408900680777,-3.5885089147311646,5.4742780379296025,24.07904758251177,23.93506633917707,-0.14398124333470008,4.342132552863868,43.70649582847707,36.9077736815094,-6.79872214696767,5.144440598245727,19.627448245965297,12.972707342332331,-6.654740903632966,4.742419414403294
escs_h,CHE,36,429.28387177892034,432.5942769404455,3.310405161525182,5.365203222475871,466.6961162209016,460.80231294412334,-5.8938032767782715,5.365403389588774,505.1375682791312,490.4628717792231,-14.674696499908066,5.810431561878591,542.8932847813942,526.212598363766,-16.68068641762818,5.469088070729851,37.412244441981265,28.208036003677762,-9.204208438303503,6.243404787864405,75.85369650021084,57.8685948387776,-17.985101661433248,6.6800555222363,113.60941300247376,93.61832142332045,-19.991091579153306,7.242138058030435,38.44145205822959,29.660558835099835,-8.780893223129759,6.03116234001631,76.19716856049247,65.4102854196427,-10.786883140849767,7.0786634326834905,37.75571650226288,35.74972658454287,-2.005989917720008,6.746877448177625
escs_h,CHL,36,417.24141850093275,410.0688284117817,-7.172590089151072,6.2463217873625405,438.7744589775449,426.77679471212,-11.997664265424874,5.588688631635419,458.43030430525215,441.7707044787873,-16.65959982646484,5.332856514519051,486.80941148417776,486.556440346991,-0.252971137186762,5.722839561360344,21.53304047661223,16.707966300338303,-4.825074176273926,7.448354215348555,41.18888580431946,31.701876067005628,-9.487009737313834,7.185308665307642,69.56799298324509,76.48761193520937,6.9196189519642815,8.199355920975863,19.655845327707233,14.993909766667326,-4.661935561039908,6.441177341167287,48.034952506632855,59.77964563487107,11.744693128238218,6.52108991038115,28.379107178925626,44.785735868203744,16.40662868927812,6.407394250999069
escs_h,COL,36,369.06217605964224,363.5845839814466,-5.4775920781956415,4.586242171601626,392.23237306031854,392.60524853753975,0.37287547722121417,5.793095375867096,415.3912756330219,410.9406588840749,-4.450616748947027,6.95100888964064,466.18557270263125,455.4956245809125,-10.689948121718771,9.91707204002203,23.170197000676268,29.02066455609316,5.850467555416891,6.13776156215424,46.32909957337964,47.35607490262824,1.0269753292486001,6.902526183615831,97.12339664298904,91.91104059946596,-5.212356043523073,10.616330953061437,23.15890257270337,18.335410346535078,-4.823492226168291,6.09400249207469,73.95319964231278,62.890376043372804,-11.062823598939978,9.844258882829578,50.794297069609414,44.554965696837726,-6.239331372771687,9.239016567317421
escs_h,CZE,36,440.3972018138755,431.1546807722996,-9.242521041575856,5.0968729359517715,477.6857756518963,459.77193362216366,-17.91384202973262,4.847204359010114,499.4441112065015,481.8335595467527,-17.61055165974875,5.2200892978430735,540.6040386823885,516.7018620954831,-23.902176586905398,5.264753544428033,37.28857383802088,28.617252849864105,-8.671320988156776,5.8372897298788144,59.046909392626006,50.678878774453075,-8.36803061817293,5.857723701998495,100.20683686851312,85.54718132318358,-14.659655545329542,7.2791101799381455,21.758335554605132,22.06162592458897,0.30329036998383785,5.666927725076047,62.91826303049224,56.92992847331948,-5.988334557172763,6.352780437127185,41.1599274758871,34.8683025487305,-6.2916249271566045,6.304571702410564
escs_h,DEU,36,439.3457828950054,422.2198101751055,-17.12597271989989,5.931875297150163,469.61652407912743,463.94950999578805,-5.667014083339382,7.444721863736536,499.3325090193127,495.8417877330564,-3.490721286256303,6.624756621714194,539.3616865119835,537.8696850930162,-1.4920014189673338,6.587639042390171,30.270741184122052,41.72969982068267,11.458958636560617,7.35500724162119,59.98672612430728,73.62197755795097,13.635251433643688,7.375216017844881,100.01590361697804,115.64987491791078,15.633971300932743,7.990372914305219,29.715984940185233,31.8922777372683,2.176292797083068,7.511753022355359,69.745162432856,73.92017509722811,4.175012664372105,7.714432522706606,40.02917749267076,42.02789735995981,1.9987198672890472,7.3521225153440914
escs_h,DNK,36,452.8287053673233,429.1207827151362,-23.707922652187108,4.707207963038987,485.48632387210756,458.49326186417477,-26.993062007932792,5.2414059677095235,511.3063714916169,484.11617299330356,-27.19019849831335,5.443493062244846,513.4775454125504,494.5498043646824,-18.927741047867983,5.889183700151806,32.65761850478408,29.372479149038554,-3.285139355745528,5.9596045701452836,58.47766612429351,54.995390278167385,-3.4822758461261287,5.8770994077714835,60.64884004522706,65.42902164954626,4.780181604319196,6.939772306062103,25.82004761950943,25.62291112912883,-0.19713649038060055,6.236359186448768,27.99122154044299,36.05654250050771,8.06532096006472,6.9227714483131155,2.1711739209335574,10.43363137137888,8.262457450445321,7.10404016242449
escs_h,ESP,36,439.8216585151673,420.06867157853804,-19.75298693662927,3.8331047693817744,462.712247246126,443.72755261560417,-18.984694630521858,3.5837703343324008,489.3538938264566,468.9742573858108,-20.37963644064581,3.626469654940442,513.499910468666,490.5465946089265,-22.95331585973952,3.325554399276583,22.890588730958733,23.658881037066106,0.768292306107373,3.836918112319296,49.53223531128926,48.9055858072727,-0.6266495040165623,4.270791282468263,73.67825195349872,70.47792303038844,-3.200328923110277,4.753753637156302,26.64164658033053,25.246704770206595,-1.3949418101239353,4.096469814053254,50.78766322253998,46.819041993322315,-3.9686212292176677,4.4505683052483676,24.146016642209453,21.57233722311572,-2.5736794190937324,4.056744565553243
escs_h,EST,36,479.75422079024304,461.6492772378233,-18.10494355241974,4.838864704006982,498.0426339271177,488.5664760881535,-9.476157838964241,5.525502649618008,524.6752326166666,518.7778848371362,-5.897347779530378,5.032588479475114,545.6364621140344,535.1062563650038,-10.530205749030642,4.909864038820022,18.288413136874635,26.91719885033013,8.628785713455496,6.380179374782003,44.92101182642352,57.12860759931291,12.207595772889384,6.1603001216725115,65.88224132379148,73.45697912718052,7.574737803389041,6.157058343512018,26.63259868954889,30.21140874898279,3.578810059433902,6.400934380064682,47.593828186916845,46.53978027685037,-1.0540479100664726,5.7538877539616795,20.96122949736796,16.32837152786758,-4.632857969500378,5.643126418363676
escs_h,FIN,36,457.1585962448188,442.1138138432884,-15.04478240153037,4.2972423186946385,476.9711627644077,468.3634108602737,-8.607751904134034,4.899460503450735,510.918745242785,499.06779554750653,-11.850949695278473,4.576125756783124,528.3432903043583,516.3446387265869,-11.998651577771398,4.335528475742219,19.812566519588966,26.249597016985327,6.437030497396361,5.660620482753783,53.76014899796625,56.953981704218165,3.193832706251918,5.340160137520099,71.18469405953954,74.23082488329842,3.0461308237588867,5.572045697432037,33.94758247837728,30.704384687232846,-3.243197791144432,5.642757312992449,51.37212753995059,47.9812278663131,-3.3908996736374917,5.876628543054992,17.42454506157331,17.276843179080252,-0.14770188249305605,5.5744377266375436
escs_h,FRA,36,427.1258894230911,420.08302083612244,-7.042868586968666,5.521732122454592,460.65683853992266,448.4533910467124,-12.203447493210263,5.39251325818643,487.6809327367226,478.3042952768691,-9.376637459853498,6.6205375987607695,531.2135942746274,515.3508771875279,-15.862717087099554,6.316151350053585,33.530949116831515,28.370370210589936,-5.160578906241579,6.198005606606711,60.55504331363145,58.22127444074672,-2.3337688728847326,7.040357652049326,104.08770485153636,95.26785635140543,-8.81984850013093,7.867819867811475,27.02409419679993,29.850904230156782,2.8268100333568533,6.372482380052958,70.55675573470482,66.89748614081549,-3.6592695938893343,7.043902945110466,43.5326615379049,37.0465819106587,-6.486079627246198,6.3391837663615425
escs_h,GBR,36,467.6875542356262,469.55206935521693,1.8645151195907488,4.9196253666598855,489.02448595531723,489.9387108700645,0.9142249147472512,4.787782922977378,508.05965993536057,509.8225108774324,1.7628509420718501,4.825020640164543,540.359996550069,536.9812071753505,-3.378789374718508,6.39903839035906,21.336931719691044,20.386641514847565,-0.9502902048434798,6.236955756354043,40.37210569973446,40.27044152221555,-0.10166417751891288,6.148792649760805,72.67244231444282,67.42913782013346,-5.243304494309356,7.877534246197973,19.035173980043414,19.883800007367984,0.8486260273245705,5.918528061677056,51.33551059475178,47.04249630528591,-4.293014289465873,7.095937229737952,32.30033661470837,27.158696297917924,-5.141640316790447,6.79061511110747
escs_h,GRC,36,405.5291228772441,390.44955681900353,-15.079566058240573,5.846758267091999,426.5195740891938,413.63761018904535,-12.881963900148435,5.012602789324244,447.0046237350095,442.38756545831546,-4.617058276694024,5.810791923045455,479.5744903734709,465.99311874320193,-13.581371630268961,5.638913242499655,20.990451211949598,23.188053370041775,2.1976021580921774,5.964529852912355,41.4755008577654,51.93800863931195,10.462507781546556,6.40955608864034,74.04536749622682,75.54356192419837,1.4981944279715549,7.682636765920499,20.485049645815803,28.74995526927018,8.264905623454379,5.030796506906187,53.05491628427721,52.355508554156586,-0.6994077301206261,5.83718069552867,32.56986663846141,23.605553284886412,-8.964313353575001,6.132229268879873
escs_h,HUN,36,417.63250100851445,409.24013928563005,-8.392361722884402,5.9219976734953885,453.11510624957793,442.28917586288946,-10.82593038668847,5.140056287598141,490.97561445244116,471.7103549998618,-19.265259452579357,6.356656863503154,533.2998411833084,499.77927395009635,-33.52056723321209,5.982498110144568,35.48260524106341,33.0490365772594,-2.43356866380401,6.549906427671193,73.34311344392663,62.47021571423179,-10.872897729694834,8.0911351474425,115.66734017479394,90.53913466446633,-25.128205510327604,8.33980154237041,37.860508202863215,29.4211791369724,-8.439329065890817,6.764727791219938,80.18473493373051,57.49009808720693,-22.69463684652358,7.562176387106287,42.324226730867295,28.068918950234536,-14.255307780632759,7.0012175557641685
escs_h,IRL,36,481.2719027460572,467.4937746924262,-13.778128053631008,4.183156981238438,507.78689162324173,488.22058015771546,-19.56631146552627,4.482065957059317,528.1195803301823,517.810144354418,-10.309435975764359,4.911671182197711,550.9110917184018,540.7184462418389,-10.192645476562916,4.367547349586246,26.5149888771845,20.726805465289267,-5.788183411895233,5.244248781749213,46.84767758412522,50.31636966199179,3.468692077866571,5.468453050712465,69.63918897234464,73.2246715494127,3.5854825770680634,5.355923120591167,20.332688706940722,29.589564196702526,9.256875489761804,5.887357377755927,43.12420009516014,52.49786608412344,9.373665988963296,5.2606822375601485,22.79151138821942,22.90830188742092,0.11679049920149964,5.406854904704119
escs_h,ISL,36,399.04057287813373,395.3190226219286,-3.7215502562051483,5.32600784838081,431.0608123398232,426.18180133591886,-4.879011003904338,5.4205334584085225,456.31996678847963,453.37179088078,-2.9481759076996354,5.549643348496445,464.75510355197775,463.22590224688474,-1.5292013050930109,4.872338998072697,32.02023946168943,30.862778713990316,-1.157460747699112,7.655630983431043,57.27939391034581,58.052768258851486,0.7733743485056763,8.097677836668373,65.71453067384394,67.90687962495618,2.192348951112237,7.466390203163791,25.259154448656382,27.18998954486117,1.9308350962047882,7.481302907352657,33.69429121215451,37.04410091096585,3.3498096988113417,6.930057280350842,8.435136763498132,9.854111366104684,1.4189746026065517,7.393774017311907
escs_h,ISR,36,417.56758495603833,411.6041925030012,-5.963392453037159,6.376613342714611,466.96356011450314,447.35003876268973,-19.613521351813404,6.908099501076556,510.13843092959206,472.59612856025205,-37.54230236934001,6.740860126932151,525.2755527962521,492.4885560331028,-32.78699676314932,6.221416121606234,49.39597515846486,35.74584625968855,-13.650128898776309,7.795612054029662,92.57084597355367,60.99193605725085,-31.578909916302827,7.705126105290971,107.70796784021374,80.88436353010152,-26.823604310112216,7.876532685458567,43.17487081508882,25.246089797562302,-17.92878101752652,7.631975383083982,58.31199268174887,45.138517270412976,-13.173475411335893,7.752698443259318,15.137121866660056,19.89242747285067,4.755305606190614,6.6965450257753405
escs_h,ITA,36,447.9780246017205,436.5598260025466,-11.418198599173934,4.972754908790483,473.62968388483614,466.8787444212421,-6.7509394635940225,4.802135063160915,491.7374372190611,488.7324931858344,-3.004944033226707,5.8434990340708115,517.9194224176458,516.679247566215,-1.2401748514307656,5.40453201753201,25.651659283115624,30.31891841869545,4.667259135579826,5.527751443411277,43.75941261734072,52.172667183287764,8.413254565947042,6.75177441255511,69.9413978159254,80.11942156366835,10.178023747742955,6.802804084520234,18.1077533342251,21.853748764592314,3.7459954303672127,6.67503004194872,44.289738532809764,49.80050314497292,5.5107646121631575,6.437834808415657,26.181985198584663,27.946754380380604,1.7647691817959412,5.59289260543854
escs_h,JPN,36,483.2769081681031,467.85929252776884,-15.417615640334247,7.508372817451278,510.88742332855526,499.05643107413397,-11.83099225442129,5.622454428181217,528.7515450316063,517.5190406617996,-11.232504369806634,6.198956943856192,543.6282962853347,541.296641954933,-2.3316543304017614,6.753437462421962,27.610515160452234,31.197138546365096,3.586623385912862,6.950189375258022,45.474636863503385,49.65974813403083,4.185111270527443,7.856632220954935,60.35138811723175,73.4373494271642,13.085961309932443,9.1885063595349,17.864121703051147,18.46260958766573,0.5984878846145847,6.098995611836575,32.74087295677951,42.2402108807991,9.499337924019585,7.421709802471657,14.876751253728367,23.777601293133365,8.900850039404999,6.113109166339489
escs_h,KOR,36,477.466478808351,462.55447122332345,-14.912007585027538,6.799219045691507,504.0286671453458,499.8847698163064,-4.143897329039419,7.1454588851873835,527.8876185225666,523.3796218416451,-4.507996680921565,6.43195601720304,555.7181354424188,530.0144931808392,-25.703642261579603,6.247477654424461,26.562188336994836,37.330298592982864,10.768110255988027,7.095322558223321,50.42113971421573,60.825150618321615,10.404010904105888,8.339102131356038,78.25165663406771,67.4600219575157,-10.791634676552007,7.989958032650372,23.858951377220887,23.49485202533876,-0.3640993518821283,7.217769109142309,51.68946829707289,30.12972336453286,-21.55974493254003,7.107309856813521,27.830516919852005,6.634871339194103,-21.195645580657903,7.612342351355935
escs_h,LTU,36,434.7310369024943,436.5537647698844,1.8227278673901424,4.607273664922575,459.20076171944055,460.2509765003223,1.0502147808817313,4.849036686870625,490.31685497258985,487.3761102764567,-2.9407446961331516,4.383897605643778,510.2793840509902,500.3189250553887,-9.96045899560147,5.291971738357438,24.469724816946286,23.697211730437846,-0.7725130865084395,6.223109538801984,55.58581807009557,50.822345506572276,-4.763472563523294,5.781313377753671,75.54834714849599,63.765160285504315,-11.783186862991677,6.978616590159841,31.116093253149284,27.12513377613443,-3.9909594770148544,6.1467644924027045,51.07862233154969,40.06794855506647,-11.010673776483216,6.487137866617837,19.962529078400404,12.942814778932041,-7.0197142994683634,6.157263981477134
escs_h,LVA,36,440.8917373414376,412.325126270061,-28.5666110713766,4.32065001102328,463.4021551607345,429.5103863961866,-33.89176876454786,5.1045485927386025,488.3844024107837,458.9933342450504,-29.391068165733316,5.002440632766566,511.2294753912144,466.94517917608346,-44.28429621513095,4.636779278398508,22.510417819296823,17.185260126125677,-5.325157693171146,5.507225193634096,47.49266506934606,46.66820797498933,-0.8244570943567311,5.886502170118786,70.33773804977686,54.62005290602254,-15.717685143754316,5.817459834186992,24.982247250049237,29.48294784886365,4.5007005988144115,5.768896213735451,47.82732023048004,37.43479277989687,-10.392527450583174,6.429847188211181,22.845072980430803,7.951844931033219,-14.893228049397585,6.400633885363084
escs_h,MEX,36,381.07320036474766,376.23131443867646,-4.8418859260712,4.3631282689096516,401.03509830771156,399.75161230400613,-1.283486003705434,4.0867005993102286,422.7275679730636,416.70244801622056,-6.025119956843071,5.837191821417134,458.1529292425286,447.28885680329256,-10.864072439236054,6.850443824090067,19.961897942963947,23.52029786532974,3.558399922365794,4.6794929065222055,41.654367608316065,40.47113357754409,-1.1832340307719775,6.337511104275424,77.07972887778105,71.05754236461613,-6.022186513164925,7.784173448305746,21.69246966535212,16.95083571221435,-4.741633953137772,5.706370343680545,57.11783093481711,47.53724449928638,-9.580586435530726,7.495747668930662,35.425361269464986,30.58640878707203,-4.838952482392955,6.709121811712516
escs_h,NLD,36,418.1464107642167,405.9739556279063,-12.172455136310361,7.646617208908003,439.3153467375888,431.35472273303594,-7.960624004552869,6.810633270149729,488.67515894700745,470.4838394692855,-18.191319477721947,7.216318148859348,507.73443927593627,494.2057168547706,-13.52872242116564,6.395495854494798,21.16893597337213,25.380767105129603,4.211831131757474,7.596029904427222,70.52874818279074,64.5098838413792,-6.018864341411529,9.209361509266884,89.58802851171954,88.23176122686425,-1.3562672848552921,9.449013292691639,49.35981220941862,39.12911673624959,-10.230695473169028,7.779286947427883,68.41909253834743,62.850994121734644,-5.568098416612784,7.936683789003388,19.059280328928786,23.72187738548505,4.662597056556265,7.707041482027209
escs_h,NOR,36,439.04600288627637,417.35240497252835,-21.69359791374802,4.863804231392872,471.05411038713953,448.8478976224043,-22.206212764735255,5.587451902097784,494.39897244347355,481.6280191255105,-12.770953317963063,5.498326004019965,514.909750047529,496.4959034083228,-18.413846639206156,5.231659105978602,32.00810750086326,31.49549264987589,-0.5126148509873723,6.357371761491598,55.352969557197255,64.2756141529821,8.922644595784845,7.212691071925213,75.86374716125258,79.14349843579451,3.279751274541937,7.048459118702777,23.344862056333987,32.780121503106216,9.435259446772228,5.988596835597652,43.85563966038932,47.648005785918635,3.7923661255293126,7.114602943822045,20.510777604055335,14.867884282812417,-5.6428933212429175,6.524164453586169
escs_h,NZL,36,459.6559665853321,465.61190432234935,5.955937737017223,4.802195627403686,495.9940060258121,490.3983621079359,-5.5956439178762025,5.829971638636596,524.5729799639605,524.3640647527972,-0.20891521116334388,5.461217238397651,545.7140329929421,552.9266429161353,7.212609923193213,5.076819328822485,36.33803944047999,24.78645778558657,-11.551581654893418,6.824040195505135,64.91701337862847,58.75216043044789,-6.164852948180581,6.857368255726663,86.05806640760996,87.31473859378609,1.2566721861761323,6.866480270906997,28.578973938148472,33.96570264486131,5.386728706712837,7.600289661295514,49.72002696712996,62.52828080819952,12.808253841069558,7.035349454562681,21.141053028981492,28.56257816333821,7.421525134356717,7.2762879306250765
escs_h,POL,36,450.9323353559618,445.89332181883276,-5.039013537129051,5.119489055416076,475.2203848276107,470.8115070711932,-4.408877756417496,5.467196580338057,504.18682179627774,507.5132296569136,3.326407860635868,5.622427670152781,534.0510063607933,525.8716128065312,-8.179393554262106,5.861479908862344,24.288049471648897,24.918185252360466,0.6301357807115693,5.859333628983712,53.254486440315915,61.61990783808092,8.365421397765004,6.622765956056817,83.11867100483144,79.97829098769839,-3.1403800171330545,7.691820873873752,28.966436968667022,36.70172258572045,7.7352856170534245,6.1937958976881164,58.83062153318254,55.06010573533793,-3.7705157978446096,7.225334055116114,29.86418456451551,18.35838314961747,-11.505801414898041,6.722213723647541
escs_h,PRT,36,438.94621142928116,427.6303748234956,-11.315836605785591,5.22833727867472,461.977247634562,451.16090108054766,-10.81634655401433,5.4219983820084385,489.5754775682115,476.0608743324045,-13.514603235806987,6.483756867447069,521.7324035411285,510.66814605548126,-11.06425748564726,5.012105523927785,23.031036205280838,23.53052625705219,0.4994900517713532,4.948938885150689,50.62926613893028,48.43049950890898,-2.1987666300212965,6.229073790825241,82.78619211184723,83.03777123198574,0.2515791201385156,6.299880214720507,27.598229933649435,24.89997325185679,-2.698256681792646,6.602938559673082,59.755155906566394,59.50724497493356,-0.2479109316328305,6.308066630059081,32.15692597291696,34.60727172307677,2.450345750159812,6.503255997435834
escs_h,SVK,36,399.2634986411127,399.668384655291,0.4048860141783166,6.212760196825684,437.06079743913426,442.10639575585844,5.045598316724181,6.0799499098156105,459.4946841633858,467.3796842102944,7.885000046908601,5.670778619157841,498.92295709570647,503.4272484263423,4.504291330635851,5.914018753708228,37.79729879802165,42.43801110056748,4.640712302545829,6.87998317193383,60.23118552227315,67.71129955500342,7.48011403273027,7.700494535508287,99.6594584545938,103.75886377105135,4.099405316457549,8.28540941350277,22.4338867242515,25.273288454435935,2.8394017301844343,6.822513674552332,61.862159656572146,61.32085267048385,-0.5413069860882942,7.6867036406539455,39.428272932320645,36.047564216047924,-3.3807087162727214,6.367042268784374
escs_h,SVN,36,431.82180249706454,416.4193001915146,-15.402502305549945,4.713310819032748,457.3261776307314,439.42679904804,-17.89937858269144,4.53416087107013,489.91338031130715,469.454206134884,-20.459174176423176,4.137389794148262,499.5727107640305,487.1097194321952,-12.46299133183527,4.339433643559509,25.504375133666862,23.00749885652541,-2.496876277141453,6.6610801890277305,58.09157781424258,53.03490594336934,-5.056671870873238,5.858570513764672,67.75090826696592,70.69041924068058,2.939510973714661,6.871109005168938,32.58720268057572,30.02740708684392,-2.5597955937318027,5.992272472162529,42.24653313329906,47.682920384155175,5.436387250856114,6.278521683070255,9.659330452723339,17.655513297311256,7.996182844587917,6.185305072106746
escs_h,SWE,36,439.66553349640736,419.60949890924167,-20.056034587165698,5.072121383690449,475.5801466726838,460.69511801478666,-14.885028657897124,5.414364257475376,510.29433611912674,503.602372440908,-6.691963678218713,6.130696005246524,536.6137910726007,515.7295667914698,-20.88422428113097,6.279033418801648,35.91461317627641,41.08561910554484,5.171005929268432,6.217246014450479,70.6288026227194,83.99287353166638,13.364070908946971,6.950392645917478,96.94825757619337,96.12006788222808,-0.8281896939652853,7.741837291182311,34.71418944644301,42.907254426121526,8.193064979678518,6.550045387189784,61.033644399916966,55.034448776683234,-5.999195623233732,6.726649832269584,26.319454953473944,12.127194350561712,-14.192260602912231,7.150847471975071
escs_h,TUR,36,431.11833445345945,442.60481908279706,11.48648462933761,4.263816082682611,445.10821518089386,463.47533402237866,18.367118841484796,3.8958798732978184,454.0801159404127,476.371702646166,22.291586705753275,4.970984923469447,494.7531240072173,518.2708457034918,23.517721696274464,5.0106762664134,13.989880727434372,20.870514939581557,6.880634212147186,5.122011554116815,22.961781486953214,33.766883563368864,10.80510207641565,5.783365421906916,63.63478955375789,75.66602662069468,12.03123706693679,6.437725587218898,8.971900759518842,12.896368623787305,3.924467864268463,5.178854141137255,49.64490882632352,54.79551168111313,5.150602854789611,6.056286304818666,40.673008066804684,41.89914305732582,1.226134990521139,6.3070368478620855
escs_h,USA,36,463.18263610941324,444.97507494744593,-18.207561161967305,7.710296358317054,488.39935964304476,480.01505869837564,-8.384300944669121,9.096233118132618,512.9702760449838,503.89749703009846,-9.072779014885384,13.02873626071797,555.9701343027393,558.3099085144383,2.339774211699023,17.59779548415148,25.2167235336315,35.039983750929764,9.823260217298262,9.427909506635187,49.78763993557072,58.92242208265261,9.134782147081886,13.11161566101105,92.78749819332604,113.33483356699244,20.5473353736664,18.586159839788504,24.570916401939222,23.88243833172284,-0.6884780702163802,12.6693721203636,67.57077465969454,78.29484981606268,10.724075156368144,17.33585007141645,42.99985825775532,54.41241148433983,11.412553226584507,13.473415534913027
escs_h,OECD,36,437.8743463246913,428.4292466224107,-9.44509970228063,0.8630306351800969,466.0475663578389,456.88936330905636,-9.158203048782525,0.9725463064346249,493.65524606351954,484.03934721307496,-9.61589885044458,0.9552200557348791,521.0683188811836,509.32509123108065,-11.743227650102938,1.0774012041791952,28.17322003314765,28.46011668664564,0.28689665349799043,1.0708744563383426,55.78089973882821,55.610100590664295,-0.1707991481639155,1.058156465610282,83.19397255649221,80.89584460867006,-2.2981279478221524,1.2805904559598045,27.60767970568056,27.14998390401866,-0.4576958016618988,1.0258416976706901,55.02075252334457,52.43572792202442,-2.58502460132015,1.1792484294520624,27.413072817664005,25.285744018005754,-2.127328799658251,1.1636401063827464
escs_pca,AUS,36,455.0633733644016,451.29584900937516,-3.7675243550264668,3.8893077993533565,482.3944180608511,480.25855389575656,-2.1358641650945174,4.060529516641581,520.3156981433156,512.9124005715797,-7.403297571735834,4.274489620335147,543.708030757703,538.0880550670317,-5.619975690671254,3.9139916569545328,27.33104469644936,28.962704886381374,1.6316601899320133,5.160832136802757,65.2523247789139,61.61655156220452,-3.6357732167093815,5.121397491165406,88.6446573933013,86.79220605765667,-1.8524513356446306,4.970503416604554,37.92128008246455,32.653846675823154,-5.267433406641395,4.87752233584026,61.31361269685194,57.82950117127531,-3.4841115255766297,4.6316469799723325,23.392332614387396,25.175654495452147,1.7833218810647509,4.483588693663026
escs_pca,AUT,36,432.43614657986143,429.82766737086456,-2.6084792089968687,5.3874712262507884,466.4173004698584,459.99128019668194,-6.426020273176448,5.681590284988766,501.3570538339512,482.86255362473514,-18.494500209216085,4.571014660283996,533.8211083656348,517.1522359013119,-16.66887246432293,4.816285867909826,33.981153889996975,30.16361282581743,-3.8175410641795438,6.859323125631747,68.92090725408977,53.03488625387062,-15.886021000219152,5.556052730448403,101.38496178577336,87.32456853044734,-14.06039325532602,6.771515244533117,34.93975336409279,22.871273428053183,-12.068479936039605,5.992193290208197,67.4038078957764,57.1609557046299,-10.242852191146497,6.091112161487176,32.4640545316836,34.28968227657672,1.8256277448931186,5.077570388903481
escs_pca,BEL,36,428.56592769827313,434.78418993679827,6.218262238525142,5.746532491883342,461.8157235433729,455.6927562178632,-6.1229673255097055,5.318955915447231,500.8636168341971,495.854664902087,-5.008951932110108,5.421618765407532,534.8350533814396,524.4030225819613,-10.432030799478298,4.9399890884034,33.249795845099726,20.908566281064935,-12.34122956403479,6.079850525008612,72.2976891359239,61.07047496528876,-11.227214170635143,7.0941531535705975,106.2691256831665,89.61883264516321,-16.650293038003284,7.232617374581527,39.04789329082419,40.16190868422382,1.114015393399626,5.777883935448412,73.01932983806675,68.71026636409826,-4.309063473968493,6.603144834723931,33.97143654724257,28.54835767987445,-5.423078867368119,5.744942903422551
escs_pca,CAN,36,472.20401687015345,459.0929331655925,-13.11108370456094,3.884336677731788,498.93597021968645,487.942224520603,-10.993745699083433,3.5838715974509716,522.0308900328924,513.3813624752092,-8.6495275576832,3.6184048012146555,546.6365282961165,531.4719396253124,-15.16458867080405,4.524786237771719,26.731953349533104,28.849291355010486,2.1173380054773823,4.544488605773313,49.826873162738984,54.28842930961673,4.461556146877747,4.948738982680286,74.4325114259631,72.37900645971986,-2.0535049662432385,5.424621565543674,23.094919813205884,25.43913795460624,2.344218141400358,4.075931003777515,47.70055807643,43.52971510470937,-4.1708429717206315,5.133737665054166,24.605638263224115,18.090577150103126,-6.515061113120989,4.507244386880209
escs_pca,CHE,36,430.06351491694085,433.7945978075081,3.7310828905672793,5.345260796560022,464.631091293825,457.09421663762066,-7.536874656204361,5.259163372491569,504.24167910723446,489.85535337812615,-14.386325729108307,5.819978581355801,545.0776535168569,529.3210319905754,-15.756621526281492,4.849458228398076,34.56757637688412,23.29961883011257,-11.267957546771548,5.980421377502112,74.17816419029357,56.060755570618014,-18.117408619675558,6.590597640005086,115.0141385999161,95.52643418306735,-19.487704416848743,6.941899769573653,39.61058781340944,32.76113674050544,-6.849451072903996,5.858898744556664,80.44656222303198,72.22681535295479,-8.219746870077188,6.312627168363827,40.83597440962254,39.465678612449345,-1.370295797173192,6.003202150368697
escs_pca,CHL,36,419.42437931129655,413.11610757540655,-6.308271735890003,6.037415848094205,439.7332117955833,424.90624316187575,-14.826968633707565,5.52822636661082,454.76943203838545,439.6475110054307,-15.121921032954731,5.723705991337687,487.3341561324031,487.4934502808745,0.15929414847141743,5.419729080304864,20.308832484286835,11.790135586469228,-8.518696897817607,7.198231950401187,35.3450527270889,26.53140343002422,-8.813649297064678,7.087437681499777,67.90977682110656,74.37734270546801,6.4675658843614485,8.052276489152456,15.036220242802063,14.741267843554994,-0.2949523992470695,6.713537860013619,47.60094433681973,62.587207118998776,14.986262782179047,6.14519165437396,32.56472409401767,47.845939275443776,15.281215181426106,6.336782770768665
escs_pca,COL,36,370.9863946604128,369.65914182611465,-1.3272528342981786,4.459674481450426,392.70284550960884,391.06403642011867,-1.6388090894901666,5.941245299582688,414.16153135680054,407.0913801890523,-7.070151167748236,6.7778269963314415,465.0118645184333,454.8130619533522,-10.19880256508111,9.859661706836498,21.71645084919603,21.40489459400397,-0.311556255192059,6.166913544795004,43.17513669638775,37.4322383629377,-5.74289833345005,6.887290572209166,94.02546985802053,85.15392012723755,-8.871549730782974,10.665940631546231,21.45868584719172,16.027343768933736,-5.431342078257984,5.164148948380092,72.30901900882449,63.749025533233564,-8.559993475590929,9.652220108049507,50.85033316163278,47.721681764299845,-3.1286513973329377,9.311676349255151
escs_pca,CZE,36,442.92992599845746,435.17110890101975,-7.7588170974377135,5.005341589882685,475.44655520058114,456.87636581007393,-18.57018939050721,4.884731688343236,498.46622383876127,478.5344961154971,-19.931727723264146,5.280162449109208,541.2727824733698,518.8556953970177,-22.417087076352118,5.368313391290083,32.51662920212364,21.705256909054185,-10.811372293069454,5.800988830753095,55.53629784030377,43.36338721447734,-12.172910625826425,5.7892771390729445,98.3428564749124,83.68458649599799,-14.658269978914404,7.22000926923818,23.01966863818014,21.658130305423157,-1.3615383327569823,5.812762333574647,65.82622727278877,61.97932958694381,-3.846897685844958,6.56052478674543,42.80655863460862,40.321199281520656,-2.485359353087965,6.511596539859655
escs_pca,DEU,36,441.5190393098048,426.1111009205973,-15.407938389207459,5.966429054737371,469.91018959637006,462.11317862101123,-7.79701097535883,6.582056889710296,495.1595551082629,490.9291664015806,-4.230388706682334,7.003947990332478,541.0416045208973,540.7380346336777,-0.3035698872196235,6.500948190167706,28.391150286565306,36.00207770041392,7.610927413848614,6.606004441921815,53.64051579845811,64.81806548098321,11.177549682525097,7.241156447068699,99.52256521109251,114.62693371308032,15.104368501987807,8.202515902698067,25.249365511892808,28.81598778056928,3.566622268676472,6.577524232552251,71.1314149245272,78.62485601266641,7.493441088139207,7.199867791006598,45.8820494126344,49.808868232097126,3.9268188194627243,7.351121445442938
escs_pca,DNK,36,451.2291002058141,429.09010313444094,-22.138997071373183,4.73659028052216,484.7773601981547,458.45335716916696,-26.32400302898776,5.436963092906973,511.0568867759228,481.4759354228784,-29.580951353044384,5.941691781672884,516.0157725632375,497.2812617117682,-18.734510851469338,6.131891997021523,33.548259992340626,29.363254034725998,-4.185005957614628,6.508268399325527,59.82778657010865,52.38583228843756,-7.441954281671087,6.144054383234972,64.78667235742341,68.19115857732717,3.4044862199037595,7.236207889924111,26.279526577768017,23.022578253711572,-3.256948324056445,7.306522759852378,31.23841236508279,38.827904542601196,7.589492177518405,7.122828812402236,4.958885787314773,15.805326288889626,10.846440501574854,7.932138989979116
escs_pca,ESP,36,441.11143291614434,422.436524306832,-18.674908609312354,3.6152765274223935,462.7398160354654,440.91183444361377,-21.827981591851653,3.5719752860137106,486.8084239049632,467.9236920213449,-18.884731883618315,3.751894899181886,514.7205570817555,492.0463788060051,-22.674178275750364,3.3546256617295738,21.628383119321093,18.47531013678178,-3.153072982539314,3.6757347925179817,45.696990988818875,45.48716771451294,-0.20982327430593273,4.32478292928314,73.60912416561114,69.60985449917307,-3.9992696664380674,4.678117255178311,24.068607869497782,27.01185757773116,2.9432497082333775,3.8830152437554357,51.98074104629005,51.13454436239129,-0.8461966838987607,4.312709588042928,27.91213317679227,24.12268678466013,-3.7894463921321417,4.2972467173716895
escs_pca,EST,36,480.42221428094297,461.5881442996553,-18.834069981287655,4.824453269000189,496.9291908131751,486.8197969902167,-10.109393822958452,5.421988640404932,523.354600732591,517.2646898584866,-6.089910874104476,5.396542890894284,547.3997555889869,538.4434753067037,-8.95628028228316,4.83841206949678,16.50697653223212,25.231652690561383,8.724676158329263,6.380584479644056,42.932386451648014,55.676545558831265,12.74415910718325,6.45772595859028,66.97754130804387,76.85533100704833,9.877789699004467,6.198027275598108,26.4254099194159,30.444892868269882,4.019482948853984,6.385588568836726,50.47056477581175,51.62367831648695,1.1531135406752,5.922773991746832,24.045154856395857,21.17878544821707,-2.8663694081787874,5.745062828570196
escs_pca,FIN,36,458.1542904914959,443.21979393815775,-14.934496553338136,4.16729040989533,474.12687971717935,465.56208825611003,-8.56479146106932,4.584786563312513,509.0922588046968,495.2635609183558,-13.828697886341047,4.766644078509336,532.0070171540789,521.831332253429,-10.175684900649912,4.134830634752858,15.972589225683453,22.342294317952298,6.369705092268845,5.20380684199624,50.93796831320092,52.04376698019804,1.1057986669971243,5.424285138837763,73.852726662583,78.61153831527129,4.758811652688294,5.531788542925369,34.96537908751746,29.70147266224574,-5.2639064252717205,5.089844668804658,57.880137436899545,56.269243997318995,-1.6108934395805505,5.476643964628045,22.914758349382076,26.567771335073246,3.65301298569117,5.485372259674252
escs_pca,FRA,36,429.02553723149356,422.99954115008785,-6.025996081405708,5.396389042526643,457.7535367094303,444.5992236842814,-13.154313025148895,5.495028961250892,487.40335021556564,476.1920161339448,-11.211334081620862,7.048194214518131,532.4969656909889,518.4082904892057,-14.08867520178319,6.070499861782742,28.72799947793675,21.599682534193526,-7.128316943743222,6.406792341028622,58.37781298407202,53.19247498385687,-5.185338000215154,7.354412723357223,103.47142845949529,95.40874933911788,-8.06267912037741,7.659976677450313,29.649813506135274,31.592792449663335,1.942978943528061,6.724031096908559,74.74342898155855,73.80906680492436,-0.9343621766341954,6.95252320692113,45.09361547542328,42.216274355261014,-2.8773411201622636,6.554979632982871
escs_pca,GBR,36,471.24619341346533,470.79824282618085,-0.4479505872844811,4.865089148394776,483.69004474534285,487.0460961680486,3.356051422705775,4.862866954646135,509.17463074569133,507.39934948597795,-1.7752812597133811,4.997015426562941,540.9941358368976,541.0318454668587,0.03770962996111393,6.549291729505709,12.443851331877529,16.24785334186773,3.804002009990203,6.347249113870468,37.928437332226096,36.601106659797054,-1.3273306724290421,6.340115073796121,69.74794242343236,70.23360264067783,0.48566021724546715,8.012547602233319,25.48458600034857,20.35325331792932,-5.131332682419252,5.864955867107467,57.304091091554845,53.98574929881009,-3.3183417927447536,7.613836811071851,31.81950509120627,33.632495980880776,1.8129908896745057,6.9629455429015135
escs_pca,GRC,36,407.3640854591166,392.93327176370286,-14.430813695413747,5.684002900027929,425.1965613454114,410.8152958321704,-14.381265513240976,5.340393795802167,443.3228289220682,440.04858308023523,-3.2742458418329647,5.594383878349956,482.77856251342234,468.66616987234903,-14.112392641073313,5.854838000827191,17.832475886294866,17.882024068467512,0.04954818217264645,5.867260124760049,35.95874346295166,47.11531131653239,11.156567853580732,6.502052960065235,75.41447705430583,75.73289810864621,0.3184210543403765,7.683340773098709,18.12626757665679,29.23328724806488,11.10701967140809,5.09778247624559,57.58200116801098,57.85087404017869,0.26887287216770517,6.072194494116127,39.45573359135419,28.61758679211381,-10.83814679924038,6.330648629005588
escs_pca,HUN,36,419.40310049662287,412.3702398479919,-7.032860648630958,5.841714112285948,451.09427417543355,438.9664734279419,-12.127800747491676,5.192682594068815,489.1561402808296,468.5450743271896,-20.611065953640036,6.391491932812638,535.384849324655,503.1404946303681,-32.24435469428687,6.026009467584439,31.691173678810713,26.596233579949956,-5.094940098860757,6.635588921223327,69.75303978420678,56.174834479197635,-13.578205305009142,8.02073037253678,115.98174882803214,90.7702547823761,-25.21149404565604,8.307733202526878,38.06186610539606,29.578600899247682,-8.483265206148374,6.63071286927376,84.29057514922141,64.17402120242616,-20.11655394679525,7.723749534797493,46.228709043825354,34.59542030317847,-11.633288740646883,7.126647839170679
escs_pca,IRL,36,481.62799992680704,468.56332612573897,-13.064673801068068,4.1419161717936905,506.3534304534537,485.2366848157816,-21.116745637672125,4.611163983758954,529.5708299075338,517.0246306843998,-12.546199223134067,4.95907394744324,550.4995146765443,543.3887151614128,-7.110799515131475,3.8925772855145855,24.725430526646704,16.67335869004261,-8.052071836604096,5.300110038922059,47.94282998072671,48.461304558660785,0.5184745779340787,5.552659165384354,68.87151474973736,74.82538903567402,5.953874285936664,5.161360627826874,23.217399454080002,31.787945868618174,8.570546414538171,5.406894975182968,44.146084223090654,58.152030345631395,14.005946122540742,5.212808805237785,20.928684769010648,26.36408447701323,5.435399708002581,5.006965612684775
escs_pca,ISL,36,398.2159188662046,394.62629815350317,-3.5896207127014463,5.202492472345074,427.97174305563385,424.2905034732895,-3.6812395823443467,5.541369394568224,455.70010434192045,450.456711997593,-5.243392344327447,5.424989692127436,469.3262413510969,468.69437832608384,-0.6318630250130468,4.783110319799707,29.755824189429184,29.664205319786237,-0.09161886964294652,8.058095416520985,57.48418547571579,55.83041384408989,-1.6537716316259008,7.576751201595537,71.11032248489224,74.06808017258061,2.957757687688371,7.180658531705418,27.728361286286606,26.16620852430365,-1.5621527619829578,7.529386583742899,41.35449829546307,44.403874852794374,3.049376557331307,6.959202646317374,13.62613700917646,18.237666328490725,4.611529319314265,7.123437068598235
escs_pca,ISR,36,417.4183761137786,410.43416621604894,-6.98420989772967,6.771459860089361,461.9388785449497,438.48278447106924,-23.45609407388048,6.440735660997769,513.0715729411528,477.40926604404933,-35.66230689710346,7.678205539571432,527.515548511942,497.7120870755609,-29.803461436381156,6.249148003387655,44.520502431171046,28.048618255020347,-16.4718841761507,8.188469171082316,95.65319682737427,66.97509982800045,-28.67809699937382,8.217395106902593,110.09717239816351,87.27792085951201,-22.8192515386515,8.30945021781857,51.132694396203206,38.92648157298011,-12.206212823223098,8.546727628620946,65.57666996699245,59.22930260449165,-6.347367362500805,7.78820199823658,14.443975570789258,20.30282103151154,5.858845460722284,7.699558279945339
escs_pca,ITA,36,448.53861108632657,438.7716667109495,-9.76694437537708,5.1548450747430214,473.2788701761566,465.19572187260263,-8.083148303553969,4.87703261593752,490.9089596534026,485.690369273717,-5.2185903796855655,5.260378786539776,518.5427144540059,519.1993020171903,0.6565875631844165,5.685288824944037,24.740259089830055,26.424055161653165,1.6837960718231102,5.981816832767553,42.37034856707605,46.91870256276757,4.548353995691521,6.370019930305068,70.0041033676794,80.42763530624089,10.423531938561482,7.287494586325168,17.630089477245996,20.494647401114406,2.8645579238684107,5.9524737226427575,45.263844277849344,54.003580144587715,8.739735866738371,6.502940111608833,27.633754800603345,33.50893274347331,5.875177942869964,5.412678387605601
escs_pca,JPN,36,483.90828177652236,468.84463330951996,-15.063648467002395,7.067624766646104,510.661685729088,499.11141000053357,-11.550275728554425,6.70358041463469,526.6893907133832,515.2513561019207,-11.438034611462513,5.85039539691167,545.2825951189856,542.5208713713519,-2.7617237476337095,7.057565336913966,26.753403952565613,30.26677669101353,3.5133727384479165,7.2214559135139185,42.781108936860775,46.40672279240064,3.625613855539868,7.692289901541018,61.37431334246312,73.67623806183185,12.301924719368735,9.264871152454159,16.027704984295163,16.139946101387114,0.11224111709195128,6.823454502748888,34.62090938989751,43.40946137081833,8.788551980920815,8.068529458916766,18.593204405602354,27.269515269431214,8.67631086382886,6.57817376871194
escs_pca,KOR,36,479.0402169014591,463.7607359181925,-15.27948098326658,6.907563056627705,502.6923537097024,497.5839493044276,-5.108404405274769,7.325960005591089,528.864339719473,518.2265658869693,-10.63777383250374,7.06560504217434,554.5629383568081,536.2719095348226,-18.291028821985492,6.165892887096755,23.652136808243284,33.82321338623515,10.171076577991869,7.451960495790797,49.824122818013976,54.465829968776816,4.641707150762841,8.979107244998888,75.52272145534896,72.51117361662997,-3.0115478387189825,8.07977457440366,26.171986009770695,20.64261658254166,-5.529369427229035,7.979162792644847,51.87058464710567,38.687960230394815,-13.182624416710858,7.280015430928247,25.698598637334975,18.045343647853155,-7.65325498948182,8.499856957526902
escs_pca,LTU,36,435.9709647638442,435.2554298802547,-0.7155348835894983,4.547767414869573,457.10535880514516,457.96523152466114,0.8598727195159768,4.05000426925543,489.64731124274584,484.43929672176927,-5.208014520976576,4.4853980279272365,511.7977601930141,506.84636767204677,-4.9513925209673175,5.324975113184362,21.13439404130093,22.709801644406458,1.5754076031055284,5.217261704071487,53.67634647890166,49.18386684151458,-4.492479637387078,5.886409688835762,75.82679542916992,71.590937791792,-4.235857637377919,6.976979356071683,32.54195243760073,26.47406519710812,-6.067887240492606,5.490711150600338,54.692401387869,48.88113614738555,-5.811265240483451,6.14614634368859,22.15044895026827,22.407070950277426,0.25662200000915547,5.86693521637902
escs_pca,LVA,36,442.6149628381725,412.0156983424428,-30.5992644957297,4.550788058356956,461.6098131602729,431.04721520496514,-30.56259795530775,4.887040608113903,485.5934541351309,452.364239826805,-33.229214308325936,5.030556445900887,514.1180730666294,472.34896448304215,-41.7691085835873,4.617268762984629,18.994850322100433,19.031516862522285,0.03666654042185158,5.683968655859824,42.97849129695847,40.34854148436211,-2.629949812596358,5.921511512597989,71.50311022845692,60.3332661405992,-11.169844087857719,5.906941967309773,23.983640974858037,21.317024621839824,-2.666616353018213,6.05331811257023,52.508259906356486,41.30174927807692,-11.206510628279567,6.1835412120918845,28.52461893149846,19.9847246562371,-8.53989427526136,6.091604462202472
escs_pca,MEX,36,383.4102111528763,380.0935396818867,-3.316671470989604,4.137719590388927,399.9603797137212,398.1848672694795,-1.7755124442416559,4.644006942049783,421.8421108922965,413.19295458692375,-8.649156305372742,5.486141680360054,457.7723843378835,448.4925814099497,-9.279802927933815,6.729589627209798,16.550168560844856,18.09132758759289,1.5411590267480335,4.937557851642719,38.43189973942013,33.099414905037165,-5.332484834382967,6.271612348465668,74.36217318500714,68.39904172806303,-5.963131456944112,7.6815387849908845,21.88173117857528,15.008087317444273,-6.873643861131006,5.365496746576016,57.81200462416227,50.30771414047014,-7.504290483692131,7.088235740054793,35.930273445587005,35.29962682302586,-0.6306466225611445,6.6251251713107235
escs_pca,NLD,36,421.3580606364455,407.07536108639977,-14.28269955004572,7.256746298292712,435.28837740411734,429.0176252154847,-6.270752188632628,7.211349372764046,484.17345084748297,466.29453878998845,-17.878912057494517,7.973063452201128,513.0514329936169,499.638936741195,-13.412496252421931,5.9904683667558905,13.930316767671815,21.9422641290849,8.011947361413085,7.340992687018083,62.8153902110374,59.21917770358861,-3.59621250744879,10.105862151307209,91.69337235717144,92.56357565479519,0.8702032976237462,8.922135073244464,48.885073443365584,37.27691357450372,-11.608159868861861,8.72503729167599,77.76305558949961,70.62131152571028,-7.141744063789332,7.750451203845896,28.87798214613403,33.34439795120656,4.466415805072529,8.24084283204733
escs_pca,NOR,36,437.79107698368637,416.41195539258587,-21.3791215911005,4.946746615941645,468.19917708611547,446.93502718348793,-21.264149902627537,5.310779351996986,494.3187494704998,480.2240102343825,-14.094739236117334,4.835350696639863,519.1232950667363,500.7511461127989,-18.372148953937426,5.322777681498264,30.408100102429067,30.52307179090197,0.1149716884729024,6.076590488646866,56.52767248681348,63.81205484179666,7.28438235498318,6.458701471366799,81.33221808304987,84.33919072021304,3.006972637163173,6.992147634905288,26.119572384384405,33.288983050894686,7.169410666510281,5.663117666847659,50.9241179806208,53.81611892931105,2.892000948690253,6.687290867176133,24.80454559623639,20.527135878416367,-4.277409717820024,5.8935945252411726
escs_pca,NZL,36,460.14905019547166,467.0269884391531,6.877938243681456,4.725802841101997,494.09012349311325,486.4531102792013,-7.637013213911928,5.547256835054521,522.6845167994845,523.3576577104919,0.6731409110074082,5.82268860328421,549.0082992852213,556.3978616829625,7.3895623977412015,4.916217756692183,33.94107329764155,19.426121840048296,-14.514951457593256,6.484115126448907,62.53546660401294,56.33066927133875,-6.20479733267419,6.883465063405797,88.8592490897496,89.37087324380943,0.511624154059831,6.780096248602434,28.59439330637138,36.90454743129045,8.310154124919073,7.189577298349324,54.91817579210804,69.94475140376113,15.026575611653094,7.231756324943379,26.32378248573666,33.04020397247068,6.716421486734017,7.4137255836039815
escs_pca,POL,36,454.19516562624585,451.46914341332666,-2.7260222129191902,5.052118190535216,470.71966017727755,465.7686402810879,-4.951019896189621,5.081424407737684,502.69459813806986,503.4426181141356,0.7480199760657342,6.189422012036834,536.7926911692115,529.4179408831448,-7.374750286066728,5.680973737299448,16.5244945510318,14.29949686776116,-2.22499768327064,5.435477149681366,48.49943251182406,51.97347470080886,3.4740421889847966,6.863328454716238,82.59752554296556,77.94879746981792,-4.6487280731476375,7.570698750282301,31.97493796079226,37.673977833047694,5.699039872255433,6.548277947219833,66.07303099193376,63.649300602056755,-2.423730389877008,7.27771246545108,34.098093031141495,25.97532276900906,-8.122770262132434,6.5504843692337635
escs_pca,PRT,36,440.41037836727554,429.78391754939656,-10.626460817878979,5.215356501995575,460.9166889165114,449.3072588799694,-11.609430036541994,5.756629611261635,488.21158908246616,474.81109943505214,-13.40048964741402,5.966492195020375,522.7128297632258,511.5949602230204,-11.117869540205447,5.3856596272571755,20.506310549235923,19.52334133057289,-0.9829692186630332,5.325234499937675,47.801210715190635,45.02718188565567,-2.774028829534963,5.781814707615631,82.30245139595033,81.81104267362383,-0.4914087223264971,6.637009477221712,27.294900165954715,25.503840555082782,-1.7910596108719332,6.128143295938803,61.79614084671439,62.287701343050934,0.49156049633654675,6.790361436879769,34.501240680759686,36.783860787968166,2.28262010720848,6.5814806255180915
escs_pca,SVK,36,403.1627784351482,402.2746720132719,-0.8881064218762731,6.113129173740071,435.4866293070111,439.40058341041424,3.913954103403114,5.8992086542632,454.93566320532955,463.91042449017084,8.974761284841293,6.128146792136053,501.1612823803168,506.98372891982933,5.822446539512555,5.752459191278432,32.323850871862994,37.12591139714231,4.802060525279316,6.654289049971726,51.77288477018142,61.63575247689901,9.862867706717587,7.698941100208818,97.99850394516864,104.70905690655745,6.710552961388814,8.40194161896509,19.44903389831843,24.509841079756683,5.060807181438253,6.824165577969306,65.67465307330565,67.58314550941517,1.9084924361095261,7.678738323549619,46.22561917498722,43.07330442965848,-3.152314745328745,6.509957478344937
escs_pca,SVN,36,432.57591011328367,417.9466475476146,-14.62926256566908,4.700858107109943,456.268151654648,436.4284057398756,-19.839745914772436,4.739624505025508,488.57300698982255,467.85131736985693,-20.721689619965616,4.026805392938949,501.2751772398602,490.1766926149231,-11.0984846249371,4.351951208740459,23.69224154136441,18.481758192261015,-5.210483349103395,6.660622245391875,55.99709687653897,49.90466982224227,-6.092427054296699,6.355485410178515,68.69926712657656,72.23004506730851,3.5307779407319515,6.646297925118912,32.30485533517455,31.422911629981257,-0.8819437051932937,6.010105368854753,45.007025585212155,53.748286875047484,8.741261289835329,6.553348826481629,12.702170250037602,22.325375245066233,9.623204995028631,5.946626627675824
escs_pca,SWE,36,439.9598590736823,419.0764612069529,-20.88339786672941,5.037631840240929,471.95724921740884,458.798416828189,-13.158832389219867,6.0255399791567505,509.7423418621309,498.22218832659263,-11.52015353553827,5.937958738025019,540.4817833372564,523.5409713955244,-16.940811941732022,6.094157117566476,31.99739014372657,39.72195562123606,7.724565477509493,6.801602998892878,69.7824827884486,79.1457271196397,9.363244331191098,6.650535061439458,100.5219242635741,104.46451018857144,3.9425859249973314,7.677626768369615,37.785092644722035,39.42377149840364,1.6386788536816042,6.90304599119151,68.52453411984754,64.74255456733538,-3.781979552512169,7.107675793795885,30.73944147512551,25.31878306893173,-5.42065840619378,6.82723180338726
escs_pca,TUR,36,432.1930421053632,445.2348714075832,13.041829302220037,4.064464942285385,444.9100671011245,462.18840042979275,17.278333328668225,3.7816771866788526,453.6564843863862,473.93759722287376,20.28111283648758,4.902710081494629,494.28020460608485,519.3708387804554,25.090634174370564,4.920347336251437,12.71702499576124,16.95352902220957,4.23650402644833,4.652146359164152,21.463442281022964,28.702725815290542,7.239283534267578,5.621658773321689,62.08716250072168,74.13596737287219,12.048804872150505,6.450503511963853,8.746417285261725,11.749196793080973,3.0027795078192483,4.753497511292159,49.37013750496044,57.18243835066262,7.8123008457021825,5.671493439993237,40.62372021969871,45.43324155758164,4.809521337882927,6.182070031422741
escs_pca,USA,36,464.35136350853736,447.8102185635249,-16.541144945012434,7.99422157486874,484.6166890991652,476.38594273991276,-8.230746359252464,9.171166089426542,513.4022328321155,502.96251528785785,-10.439717544257633,13.905650749673823,558.1313951294723,560.0757242620887,1.9443291326164172,16.35248896993404,20.265325590627906,28.57572417638791,8.310398585760005,10.30464478844469,49.05086932357814,55.152296724333,6.101427400754858,13.978200124273222,93.78003162093489,112.26550569856383,18.485474077628936,17.24415035021886,28.785543732950238,26.576572547945084,-2.2089711850051543,12.796687416399086,73.51470603030698,83.68978152217593,10.175075491868952,15.7175609665385,44.729162297356744,57.11320897423085,12.384046676874107,13.895760755580122
escs_pca,OECD,36,439.112247268773,430.1323413538521,-8.979905914920892,0.8439530601091548,464.2311193398318,454.3581888993717,-9.872930440460095,0.9936764684856517,492.36154188436,481.50697633381276,-10.85456555054725,0.9584582955607048,522.9436821876332,512.6836042954224,-10.260077892210802,1.0271321869680952,25.11887207105881,24.225847545519635,-0.8930245255391753,1.0596609112440452,53.249294615586926,51.37463497996079,-1.8746596356261378,1.0603493880246968,83.83143491886005,82.55126294157034,-1.2801719772897115,1.21836345129945,28.130422544528113,27.148787434441154,-0.9816351100869589,1.047484351554097,58.712562847801244,58.3254153960507,-0.3871474517505433,1.1590295422349235,30.58214030327313,31.176627961609547,0.5944876583364191,1.0843589158065357
hisei_h,AUS,36,461.6062132636351,463.84610895922106,2.2398956955859717,3.6115617687982264,497.86881171820653,493.16992939439143,-4.6988823238150985,3.7589145926838974,517.3964829946592,509.8547212342384,-7.541761760420798,4.61505229132816,542.7548657625357,534.3235621090157,-8.43130365351999,3.9904931190913064,36.26259845457146,29.32382043517041,-6.938778019401049,4.650228791797094,55.79026973102411,46.00861227501753,-9.781657456006577,5.136236347647662,81.1486524989007,70.4774531497948,-10.671199349105905,4.747971784148472,19.527671276452658,16.684791839847122,-2.8428794366055357,5.467376249373982,44.88605404432925,41.15363271462439,-3.732421329704856,4.694001685669832,25.358382767876595,24.46884087477727,-0.8895418930993237,4.520927458558032
hisei_h,AUT,36,439.93959665,433.4012126402643,-6.538384009735694,5.315048882634705,479.3639465270373,475.0714976829231,-4.292448844114176,5.807790537111312,507.1563313645503,490.4222130236757,-16.734118340874602,4.7055207512957145,530.0519068718553,512.4066936453471,-17.64521322650819,5.011968548807904,39.42434987703724,41.670285042658875,2.2459351656216384,6.981276677702757,67.21673471455021,57.021000383411476,-10.195734331138738,6.591140479523496,90.11231022185521,79.00548100508294,-11.106829216772269,6.624731063497271,27.79238483751297,15.350715340752595,-12.441669496760374,6.221076394843242,50.687960344817974,37.335195962424066,-13.352764382393907,6.351630287058089,22.895575507305004,21.984480621671473,-0.9110948856335312,5.935697758082679
hisei_h,BEL,36,433.3001700382086,436.9440804705531,3.643910432344512,5.002128808046686,473.64148067595335,479.96852832182014,6.327047645866799,4.92714134757484,509.3397800379789,504.9314697551548,-4.408310282824118,6.5471361836251045,528.9708703802328,516.1754136726233,-12.795456707609446,4.981271905539856,40.34131063774481,43.024447851267,2.683137213522187,6.177774698144151,76.03960999977035,67.98738928460168,-8.052220715168673,7.433371198697912,95.67070034202425,79.23133320207035,-16.4393671399539,6.782079455096843,35.69829936202554,24.9629414333347,-10.735357928690838,6.779167353696665,55.32938970427942,36.20688535080334,-19.12250435347608,6.0183242201513725,19.63109034225389,11.243943917468641,-8.38714642478525,7.566486719473742
hisei_h,CAN,36,481.8806728634172,469.7719936842187,-12.108679179198475,3.8200136528653683,513.444415414994,501.84320848673843,-11.601206928255522,3.5940221144646736,523.0007068768716,511.7792470087253,-11.221459868146326,3.9301369553502874,543.6607645185559,528.8572422309363,-14.803522287619558,4.189212721205281,31.563742551576734,32.07121480251975,0.5074722509430138,4.936058441389037,41.1200340134544,42.00725332450653,0.887219311052128,5.072504996258863,61.780091655138605,59.085248546717615,-2.69484310842099,5.014952552424399,9.556291461877663,9.936038521986779,0.37974706010911596,4.500413619623035,30.21634910356188,27.01403374419786,-3.202315359364018,4.599223431970648,20.660057641684215,17.07799522221108,-3.582062419473136,4.566633387457985
hisei_h,CHE,36,436.075646745937,434.8064096717023,-1.2692370742346952,5.549023435666106,475.76313303372234,470.8940271555105,-4.869105878211826,5.410041760815611,512.427459048477,502.76699030903444,-9.660468739442535,5.1413554174662455,537.9251151288315,524.3968024891558,-13.528312639675732,5.764397514644139,39.68748628778534,36.0876174838082,-3.599868803977138,6.297762248027377,76.35181230253997,67.96058063733224,-8.391231665207727,6.453400725437218,101.84946838289451,89.59039281745345,-12.259075565441066,7.426972290770022,36.664326014754636,31.872963153524047,-4.7913628612305885,5.5843059432064805,62.16198209510917,53.50277533364526,-8.659206761463906,6.974953018137682,25.497656080354535,21.629812180121213,-3.8678439002333214,7.011437856396054
hisei_h,CHL,36,427.88212734728023,419.21834349830704,-8.663783848973196,5.891790094225921,440.498059133455,434.30197453686685,-6.19608459658815,6.012014620902679,461.4111569907638,457.15656265047653,-4.2545943402872695,6.211830082424967,489.3704027128239,484.9140825415815,-4.456320171242396,5.039674458330489,12.615931786174759,15.083631038559805,2.467699252385046,7.783350667931682,33.52902964348361,37.93821915216947,4.409189508685856,7.634456827109569,61.48827536554361,65.69573904327449,4.207463677730878,7.354808827206604,20.91309785730885,22.854588113609662,1.9414902563008134,7.442324270098688,48.87234357936886,50.612108004714685,1.7397644253458253,7.1990949060753024,27.959245722060007,27.757519891105023,-0.20172583095498453,6.567649923983464
hisei_h,COL,36,377.8932095361398,373.35593817842494,-4.5372713577148716,4.820035475787411,397.31216860734196,398.43122044573994,1.1190518383979793,5.894192761234052,418.0939932635935,425.2854711516431,7.191477888049576,6.982176584233285,456.60194037939834,451.8375431212371,-4.764397258161239,8.821706268331798,19.41895907120213,25.07528226731491,5.65632319611278,5.9753787001446375,40.20078372745368,51.9295329732181,11.72874924576442,6.639080627182412,78.70873084325854,78.48160494281217,-0.22712590044636727,9.323882159470767,20.78182465625155,26.85425070590319,6.072426049651639,6.827571400922299,59.28977177205642,53.406322675497265,-5.883449096559154,8.995357891904554,38.50794711580486,26.552071969594074,-11.955875146210786,7.931045076784471
hisei_h,CZE,36,444.35051927700545,441.7944614626408,-2.5560578143646353,4.485369280037768,483.9332341919081,472.2284786153217,-11.704755576586422,5.087676967429508,506.3402978987906,490.7243058965252,-15.615992002265386,5.0106750522535615,538.8984478251826,513.412052884724,-25.486394940458695,5.632281508214695,39.58271491490267,30.434017152680884,-9.148697762221783,5.372274980999178,61.98977862178516,48.929844433884384,-13.05993418790078,5.62668375255974,94.54792854817723,71.61759142208314,-22.930337126094088,6.757580620060016,22.407063706882496,18.495827281203496,-3.911236425679,5.832551613876352,54.96521363327456,41.18357426940227,-13.781639363872287,7.0093686358170855,32.55814992639206,22.687746988198775,-9.870402938193287,6.511242890660187
hisei_h,DEU,36,449.3575935895974,435.3146434167949,-14.042950172802477,5.991480077958633,483.9630099246607,479.69941255709836,-4.26359736756234,6.322663711588141,502.5738019606297,504.68802527727877,2.1142233166490882,8.22076950064787,541.257959039944,536.7852685843577,-4.472690455586303,5.7929156928995305,34.60541633506332,44.38476914030346,9.779352805240144,6.784834941934911,53.21620837103224,69.37338186048385,16.15717348945161,8.073857239766983,91.90036545034663,101.47062516756284,9.570259717216217,7.813696007889818,18.61079203596891,24.988612720180374,6.377820684211464,8.376673972081134,57.294949115283316,57.08585602725939,-0.209093088023927,7.084464198762466,38.6841570793144,32.09724330707901,-6.586913772235391,8.507131258948926
hisei_h,DNK,36,459.2695278286219,438.2374265365779,-21.03210129204399,5.622533867736881,489.82747615613044,466.19653152327663,-23.63094463285381,5.308794072961987,506.24515831058517,485.8286214989902,-20.416536811594995,6.847211343202014,520.050946756933,497.53538716558853,-22.515559591344413,5.788870358026507,30.55794832750862,27.959104986698726,-2.5988433408098928,7.239715982040794,46.975630481963314,47.59119496241224,0.6155644804489242,7.6158839867387895,60.781418928311155,59.29796062901058,-1.4834582993005725,7.1931113808134235,16.417682154454695,19.632089975713512,3.214407821258817,8.146061384334493,30.223470600802536,31.33885564231186,1.1153850415093238,7.295700188330515,13.805788446347838,11.706765666598347,-2.0990227797494914,7.788093750113877
hisei_h,ESP,36,447.863763316911,427.84678811780077,-20.01697519911022,3.796531972513873,470.6328611556575,451.451125391057,-19.18173576460049,3.3421565656685535,491.4741488315708,474.44878220933003,-17.025366622240767,3.45877511872547,512.31615622502,485.87378588756803,-26.442370337451962,3.267424525324637,22.769097838746582,23.604337273256146,0.835239434509564,3.8053309767608954,43.61038551465982,46.60199409152931,2.9916085768694956,4.474283558435486,64.45239290810905,58.026997769767306,-6.425395138341742,4.639923224407722,20.841287675913236,22.997656818273168,2.1563691423599316,3.7479472281797164,41.68329506936247,34.42266049651117,-7.260634572851302,3.997009978579554,20.84200739344924,11.425003678238,-9.41700371521124,4.001542438777045
hisei_h,EST,36,480.9577568334845,467.16779930933865,-13.789957524145848,5.2147820742832725,507.4589200630779,500.93683585066117,-6.5220842124167575,5.439746570216392,532.3987865387362,522.273001421612,-10.125785117124224,4.631620461397045,541.3499406642627,527.8130893542723,-13.536851309990425,5.104482423350383,26.501163229593487,33.769036541322535,7.267873311729048,6.888861051287343,51.44102970525178,55.105202112273425,3.6641724070216455,6.122966523093741,60.39218383077819,60.64529004493365,0.25310621415546564,6.462345390380067,24.939866475658295,21.33616557095088,-3.6037009047074164,6.456544843913035,33.89102060118471,26.87625350361112,-7.014767097573586,5.899757741086497,8.95115412552641,5.540087932660242,-3.4110661928661674,5.836461167431022
hisei_h,FIN,36,461.9071618906743,449.86327368547154,-12.043888205202734,4.054754763445099,485.0283889239392,480.57014712872035,-4.458241795218839,4.583361997649725,512.338924746459,505.2538221965303,-7.085102549928763,4.231136846217812,533.4106548387548,515.7359886765255,-17.6746661622293,4.817647390281642,23.12122703326498,30.70687344324878,7.585646409983802,5.117278033510065,50.431762855784804,55.39054851105882,4.9587856552740135,5.175543495485543,71.50349294808058,65.87271499105395,-5.630777957026623,6.077342228897379,27.310535822519824,24.683675067810032,-2.626860754709792,5.184063409091466,48.382265914815605,35.165841547805165,-13.21642436701044,5.925243498429182,21.07173009229578,10.482166479995135,-10.589563612300646,5.929444601512389
hisei_h,FRA,36,439.30146033294824,432.28174775899186,-7.019712573956383,5.31874008025104,472.00708101962493,464.9096272990843,-7.097453720540614,6.6631871619384295,496.15231905257724,484.02188856043415,-12.130430492143091,6.5259798742534025,532.0439368848168,515.9702325909527,-16.073704293864125,5.477642595497711,32.7056206866768,32.627879540092486,-0.07774114658431586,7.239107756094532,56.85085871962902,51.740140801442216,-5.1107179181868005,7.490732419875372,92.74247655186875,83.68848483196086,-9.053991719907884,6.842353982323012,24.14523803295221,19.112261261349726,-5.032976771602485,7.377943381407991,60.036855865191924,51.06060529186837,-8.976250573323554,6.4555514995027306,35.89161783223972,31.948344030518644,-3.943273801721073,6.323352439603763
hisei_h,GBR,36,475.37403683628116,473.1647431969988,-2.2092936392823503,4.5715963417994105,497.2749643084729,502.38031076576345,5.10534645729058,5.358817511843467,518.7581548979842,521.8867562646362,3.128601366651992,5.143835200854968,534.2590561767346,528.2011172520968,-6.057938924637824,5.994379760802884,21.900927472191768,29.21556756876466,7.314640096572891,6.855478669246826,43.384118061703084,48.72201306763748,5.337895005934392,6.022111642485977,58.885019340453574,55.03637405509794,-3.848645285355637,7.115990182807307,21.483190589511317,19.506445498872818,-1.9767450906384987,6.135140241810979,36.9840918682618,25.820806486333282,-11.163285381928517,6.833516583595539,15.500901278750485,6.314360987460463,-9.186540291290022,6.530017642767381
hisei_h,GRC,36,412.29232990912914,393.1670500606557,-19.12527984847344,5.589275300483058,427.9198993544006,426.1696640429253,-1.7502353114753078,6.357315988570659,456.9292704774416,451.0522149717518,-5.877055505689782,4.92698936526268,483.2765259487236,467.72400064398255,-15.552525304741039,5.229459588041171,15.627569445271423,33.00261398226964,17.375044536998214,6.411346593377465,44.63694056831237,57.88516491109608,13.248224342783715,6.09268763508649,70.98419603959448,74.55695058332678,3.5727545437323016,6.874820727164602,29.00937112304095,24.882550928826454,-4.1268201942144955,6.450193906711498,55.356626594323075,41.55433660105715,-13.802289993265923,6.466749682998285,26.347255471282125,16.671785672230698,-9.675469799051427,5.507414812917261
hisei_h,HUN,36,412.6867884036366,414.19550013876943,1.508711735132806,5.710360203089638,468.58213052756236,452.80276124649333,-15.779369281069023,5.042189026006149,496.40363193896076,473.90151072458065,-22.50212121438011,6.309300867733325,535.1045100660992,500.91207343029555,-34.19243663580369,5.772862671211882,55.89534212392571,38.60726110772401,-17.2880810162017,6.201311879109112,83.7168435353241,59.706010585811235,-24.010832949512867,7.626092272478947,122.4177216624626,86.71657329152613,-35.701148370936465,8.425543414400153,27.821501411398394,21.09874947808723,-6.722751933311166,6.514007097637951,66.5223795385369,48.109312183802125,-18.41306735473477,7.158191363093271,38.70087812713849,27.010562705714896,-11.690315421423591,6.901427777123646
hisei_h,IRL,36,486.97242531847985,471.8358801405326,-15.136545177947255,4.020415481802495,514.4348597573073,502.942903024528,-11.491956732779329,4.934071701827589,531.7099492115982,522.3487064114136,-9.361242800184641,4.872042789039758,540.9483952569684,529.6556707142894,-11.292724542679025,4.244817997780497,27.462434438827444,31.107022883995626,3.644588445168182,5.661487651360698,44.73752389311823,50.51282627088114,5.775302377762912,5.673460845805516,53.97596993848856,57.81979057375688,3.8438206352683224,5.010231826991975,17.275089454290786,19.405803386885516,2.1307139325947304,6.661322694409888,26.51353549966111,26.71276768976126,0.19923219010015103,5.3625890274120085,9.238446045370324,7.3069643028757465,-1.9314817424945776,5.429283528582969
hisei_h,ISL,36,409.92478168500054,411.04960482416925,1.1248231391687114,5.439766344793767,443.95708206825583,434.56970922249593,-9.387372845759899,5.927695965381235,452.1861705879957,455.8368512300061,3.6506806420104,6.01327542453166,473.3125739579882,468.1020882587121,-5.2104856992760915,5.309823132561412,34.03230038325539,23.520104398326698,-10.512195984928692,7.89590188827371,42.261388902995215,44.78724640583697,2.5258575028417525,7.902042900617133,63.387792272987625,57.052483434542935,-6.335308838444689,8.111915643764833,8.229088519739822,21.267142007510273,13.038053487770451,8.993634613656397,29.355491889732242,33.53237903621623,4.176887146483985,7.685308920054664,21.12640336999242,12.265237028705958,-8.861166341286463,7.747651593133885
hisei_h,ISR,36,428.11715661899206,427.4615149971767,-0.6556416218153345,6.750499016105624,485.37283894051205,460.9400997055157,-24.432739234996347,6.193012776786399,513.5381658643302,487.37441349056974,-26.163752373760417,6.658641758767458,523.9830062881889,494.33820040887923,-29.644805879309672,6.69081633306179,57.25568232152004,33.47858470833904,-23.777097613181,7.6898321180475,85.42100924533807,59.91289849339296,-25.50811075194511,8.467477922627317,95.86584966919682,66.87668541170258,-28.989164257494238,8.47626045795058,28.165326923818036,26.434313785053927,-1.7310131387641086,8.013167464659526,38.61016734767678,33.39810070336354,-5.212066644313239,7.234762634807815,10.444840423858745,6.963786918309614,-3.4810535055491307,7.000871758007518
hisei_h,ITA,36,452.0259464506644,449.5903231740441,-2.4356232766202766,4.822361945983445,474.8718311371273,471.0080604528228,-3.863770684304484,4.960567832818364,497.87572671172177,496.2181641402218,-1.657562571499966,5.549710576822352,516.169389369658,514.2051441009645,-1.964245268693503,5.485220806532278,22.845884686462835,21.417737278778723,-1.4281474076841114,6.12299998008001,45.849780261057404,46.62784096617766,0.7780607051202537,6.217437829990321,64.14344291899356,64.6148209269203,0.4713780079267451,6.886980213386678,23.003895574594573,25.21010368739893,2.206208112804358,6.185768952835537,41.29755823253073,43.19708364814158,1.8995254156108459,6.407347179678175,18.29366265793616,17.98697996074265,-0.3066826971935086,6.0322330741785235
hisei_h,JPN,36,493.2610444322968,482.05111142051544,-11.209933011781345,6.958111965554248,526.0517187288655,515.4485685742047,-10.603150154660739,6.060671095673956,519.7875441166923,508.382226629181,-11.405317487511297,5.97269497440889,541.627654757855,536.1912990848957,-5.43635567295928,7.551975547548356,32.79067429656867,33.39745715368924,0.6067828571205709,7.279998173576606,26.52649968439551,26.331115208665487,-0.19538447573002315,7.791000425563433,48.36661032555816,54.14018766438009,5.77357733882193,9.019495724088237,-6.264174612173155,-7.066341945023749,-0.8021673328505932,7.352861381468847,15.575936028989497,20.742730510690865,5.166794481701368,7.06990627112606,21.840110641162653,27.809072455714613,5.96896181455196,8.294439766406098
hisei_h,KOR,36,498.11748391987464,479.33059743447654,-18.7868864853981,6.618087374617461,513.9747486133697,510.5053119825253,-3.4694366308443705,6.090264192103786,521.6683859795837,518.4917638140064,-3.176622165577328,6.552107815146151,542.5224233731853,536.6236135098513,-5.898809863334009,5.833683669559037,15.857264693495045,31.174714548048836,15.317449854553791,7.338946977671922,23.550902059709124,39.161166379529945,15.610264319820821,6.501896651845145,44.40493945331062,57.293016075374695,12.888076622064077,7.577453975266826,7.693637366214079,7.986451831481105,0.2928144652670257,6.970610455091727,28.54767475981557,26.118301527325848,-2.4293732324897235,6.529343121049878,20.854037393601494,18.131849695844743,-2.722187697756752,7.01390859720121
hisei_h,LTU,36,445.11049695136234,442.62269753048565,-2.4877994208766836,5.8042506574327275,471.5752703665609,484.19012173883357,12.614851372272653,5.16458942241796,495.59564884290756,495.8071519422377,0.21150309933011613,5.2083811425013975,512.6592319945408,507.2218356779622,-5.437396316578656,6.0208094587130105,26.464773415198653,41.567424208347894,15.102650793149241,6.748268462772399,50.485151891545215,53.18445441175197,2.699302520206757,7.5731949896501005,67.54873504317847,64.59913814747651,-2.9495968957019585,7.496994002155755,24.020378476346565,11.617030203404074,-12.403348272942491,6.593236560308403,41.08396162797981,23.031713939128633,-18.05224768885118,6.9962781698093215,17.063583151633246,11.41468373572456,-5.648899415908685,7.127838243474606
hisei_h,LVA,36,446.64965803034295,416.14171838181045,-30.5079396485325,4.8401716169176225,470.481114867267,451.4922689608601,-18.988845906406937,5.411221095042349,497.2461349709673,467.08393583672387,-30.16219913424345,4.763545883431864,510.56795992705247,457.66768158194674,-52.90027834510573,4.404526001748553,23.831456836924097,35.35055057904957,11.51909374212547,6.054504525005143,50.596476940624356,50.942217454913376,0.34574051428901953,6.035749813694419,63.91830189670945,41.525963200136204,-22.392338696573248,6.27383910863396,26.765020103700255,15.591666875863808,-11.173353227836447,6.569324258877433,40.08684505978536,6.175412621086633,-33.911432438698725,6.436842383284185,13.321824956085106,-9.416254254777176,-22.73807921086228,5.7619571253726605
hisei_h,MEX,36,387.79045389517023,383.56822802340673,-4.222225871763499,4.4910100482786675,405.38287536019203,403.97781405700584,-1.4050613031861872,4.316478010811825,429.2479579630237,425.99017520658253,-3.257782756441145,5.585565904230311,447.08425608632905,441.31031068532155,-5.773945401007495,5.82394493718536,17.592421465021754,20.409586033599073,2.8171645685773186,5.100507190305117,41.45750406785343,42.42194718317573,0.9644431153223039,5.609537674628713,59.29380219115884,57.74208266191488,-1.551719529243961,6.447368131240523,23.86508260283167,22.012361149576655,-1.8527214532550147,5.777882433644328,41.70138072613709,37.33249662831581,-4.3688840978212795,6.0869673929456845,17.83629812330542,15.32013547873915,-2.5161626445662684,5.854278765072627
hisei_h,NLD,36,420.41257238734613,411.6978441655351,-8.714728221811015,7.580244657894888,465.4928243692158,447.1357933765686,-18.357030992647196,6.157063574944574,492.9296737113779,475.0242045026096,-17.905469208768295,6.809446334672843,510.4830767143368,494.41308419886064,-16.069992515476144,5.910220194280124,45.080251981869644,35.437949211033455,-9.642302770836189,7.552077446470761,72.51710132403176,63.32636033707456,-9.190740986957195,8.500539502273316,90.07050432699059,82.71524003332551,-7.355264293665073,8.722421749535481,27.436849342162116,27.888411126041113,0.45156178387899715,7.767489709355597,44.990252345120936,47.27729082229206,2.287038477171123,7.506664673418949,17.553403002958824,19.388879696250946,1.8354766932921223,6.8141800577514715
hisei_h,NOR,36,445.9199572388764,425.5608092208164,-20.35914801806001,5.665718349871868,481.7726585531269,463.2159342355852,-18.556724317541693,4.690378358671669,502.7347131580694,476.37549759524137,-26.359215562828012,5.522579277653419,511.5405041269454,502.5159061423221,-9.024597984623313,5.884665066432978,35.8527013142505,37.65512501476879,1.8024237005182897,6.820567065557559,56.814755919193,50.814688374424875,-6.000067544768122,7.162339001973242,65.62054688806901,76.95509692150571,11.334550033436699,7.397996854979496,20.9620546049425,13.15956335965608,-7.802491245286422,6.421416913380746,29.767845573818512,39.29997190673693,9.532126332918416,7.096689416360629,8.80579096887601,26.140408547080852,17.334617578204842,7.251305431151473
hisei_h,NZL,36,466.8770701695504,476.54872726865295,9.67165709910256,5.351462999561869,506.0141779010279,509.1519870739724,3.1378091729445146,6.177541145024955,529.387837789554,533.7408721165208,4.3530343269667355,6.079097855581419,540.6266322042695,539.408627155427,-1.2180050488425422,5.565715429416291,39.13710773147752,32.60325980531944,-6.5338479261580815,7.787584210510629,62.510767620003584,57.19214484786771,-5.318622772135875,7.586032798250055,73.74956203471925,62.85989988677392,-10.88966214794533,7.606355407406942,23.37365988852606,24.58888504254828,1.215225154022221,8.78162538019766,34.61245430324171,30.256640081454485,-4.355814221787227,7.613394654910973,11.238794414715652,5.667755038906205,-5.571039375809447,8.483078511673407
hisei_h,POL,36,458.4672743267262,459.845329093233,1.3780547665067502,5.488039220186972,480.5206775397052,481.4054041371066,0.884726597401368,5.199341382381747,513.7641210632289,519.2327571885056,5.468636125276703,6.197579643162045,534.0439192447684,528.9300149822905,-5.113904262477945,5.2721431941061185,22.053403212979088,21.56007504387356,-0.4933281691055278,6.23179959035703,55.29684673650263,59.387428095272526,4.090581358769896,7.611680064134448,75.57664491804219,69.08468588905745,-6.491959028984738,7.403479759995358,33.24344352352354,37.827353051398966,4.583909527875427,6.651102758770594,53.52324170506311,47.52461084518389,-5.998630859879221,6.824736756188534,20.279798181539565,9.697257793784923,-10.582540387754642,6.251697904975107
hisei_h,PRT,36,445.09682669356897,434.8320255925443,-10.26480110102466,5.783548365456466,464.94621416757735,460.39413065881456,-4.5520835087627916,6.425081200495474,496.2870298854371,482.22138200318625,-14.065647882250857,4.731718317671424,519.4595402669446,511.0683463674826,-8.391193899461996,6.29225984500045,19.849387474008296,25.562105066270135,5.712717592261839,6.110501488782878,51.19020319186811,47.38935641064183,-3.8008467812262765,6.514066892219941,74.36271357337566,76.23632077493826,1.8736072015626064,7.188002937631633,31.34081571785981,21.827251344371696,-9.513564373488116,7.036791487688904,54.51332609936735,50.67421570866812,-3.8391103906992257,6.645858281281535,23.172510381507543,28.84696436429643,5.6744539827888865,7.470965597949329
hisei_h,SVK,36,395.1332002858943,409.64150930520844,14.50830901931414,7.260764519938204,447.41639952269196,446.68941655090055,-0.7269829717914149,5.630271697887309,470.5932651109579,476.29535391303926,5.702088802081391,5.60404105216696,503.64121350057013,505.0461222444741,1.4049087439039454,5.564336909835188,52.28319923679769,37.04790724569209,-15.235291991105605,7.788277128297312,75.46006482506357,66.65384460783079,-8.806220217232777,8.049022390642177,108.50801321467574,95.40461293926572,-13.103400275410024,8.757176830389302,23.176865588265876,29.605937362138707,6.429071773872831,6.845595455316028,56.22481397787806,58.35670569357362,2.1318917156955663,7.382935804980778,33.04794838961219,28.75076833143491,-4.297180058177279,6.815770271674477
hisei_h,SVN,36,429.70000779228405,419.01468109137966,-10.685326700904398,4.750995939627634,465.19732500685694,448.5138492790118,-16.68347572784512,4.842319750376569,492.2415373997422,474.16011837650774,-18.081419023234446,4.958410142516913,503.3531290741104,495.65105007837127,-7.702078995739157,4.968201185537458,35.49731721457287,29.499168187632137,-5.99814902694073,6.8071306648252365,62.541529607458116,55.1454372851281,-7.39609232233002,6.987966931545193,73.65312128182629,76.63636898699158,2.9832477051652972,7.131670009111647,27.04421239288525,25.646269097495956,-1.3979432953892932,7.084781151725352,38.15580406725343,47.13720079935945,8.98139673210602,7.147132043102206,11.11159167436818,21.49093170186349,10.379340027495312,7.092291483125989
hisei_h,SWE,36,449.54835698160844,430.67046800243986,-18.877888979168574,5.507094150311069,490.42788463345425,477.6700934966249,-12.757791136829383,4.987743947075468,519.6901220127501,500.0647364342455,-19.625385578504563,6.831064571161492,526.5929790857784,517.5964726916237,-8.996506394154721,5.895758883451418,40.8795276518458,46.999625494184976,6.120097842339177,6.688415570151599,70.14176503114177,69.39426843180561,-0.7474965993361593,7.361876505222976,77.04462210417007,86.9260046891838,9.881382585013725,7.275441960262026,29.26223737929596,22.394642937620638,-6.8675944416753225,8.025781841450952,36.16509445232426,39.92637919499883,3.761284742674569,6.8699116651687575,6.902857073028303,17.531736257378192,10.628879184349888,7.800657141955697
hisei_h,TUR,36,428.4551674136589,452.3410652522307,23.885897838571793,4.083114886436294,444.9264808494874,462.97253602194115,18.046055172453748,4.260545446285803,462.0232946260829,482.27050646954956,20.247211843466687,4.391726551609802,493.40964343449343,518.010030152702,24.600386718208597,4.259078293568175,16.471313435828563,10.631470769710427,-5.839842666118136,4.676531045801213,33.56812721242402,29.929441217318903,-3.6386859951051136,5.0138795158872815,64.95447602083459,65.66896490047141,0.7144888796368178,5.378307048498935,17.096813776595457,19.297970447608474,2.201156671013017,5.0788468891969565,48.48316258500604,55.037494130760976,6.554331545754934,5.455310128022725,31.38634880841058,35.7395236831525,4.353174874741917,5.47288426501183
hisei_h,USA,36,469.7273239945208,453.9029939716397,-15.8243300228811,8.98930596875486,501.4913324866458,484.0701333172468,-17.42119916939896,8.953195721082304,516.5073860551861,516.4515070622311,-0.055878992954944806,21.480046662268688,554.0873570678398,554.2786873718685,0.19133030402872464,10.867895356737534,31.76400849212495,30.1671393456072,-1.5968691465177507,11.375677944095811,46.78006206066527,62.548513090591385,15.768451029926112,22.032701908228606,84.3600330733191,100.37569340022878,16.015660326909682,13.389545972854098,15.01605356854032,32.381373744984174,17.365320176443852,20.175260396598905,52.596024581194136,70.20855405462157,17.612529473427436,13.255427952303918,37.579971012653814,37.8271803096374,0.24720929698358418,20.27950505351174
hisei_h,OECD,36,444.42349386803124,437.2801291576952,-7.143364710336016,0.9397981498167086,475.5230082112609,468.5366504530821,-6.986357758178826,0.9490894154737752,497.87375195255106,489.71238690325544,-8.161365049295625,1.114020046613191,519.6504690531258,508.1974589357918,-11.453010117333974,0.9533117514799474,31.0995143432296,31.256521295386836,0.1570069521572357,1.1425637822263857,53.45025808451974,52.43225774556015,-1.0180003389595882,1.193899403609939,75.22697518509449,70.91732977809656,-4.30964540699793,1.2596049862287337,22.350743741290138,21.17573645017332,-1.1750072911168168,1.1428258417793606,44.1274608418649,39.660808482709726,-4.4666523591551766,1.1741939259064014,21.776717100574764,18.4850720325364,-3.2916450680383633,1.208732614728512
pared_h,AUS,36,467.4950519267794,461.8971782297378,-5.597873697041621,3.6379243284741345,498.61483831816497,497.74160624587455,-0.8732320722904205,4.6396997193003795,518.3498458504573,519.9068409675191,1.5569951170617742,3.798543056444544,517.688329564913,514.2201317156239,-3.4681978492891403,4.320370947083381,31.119786391385524,35.844428016136746,4.7246416247512215,5.353104725993297,50.85479392367779,58.00966273778124,7.154868814103452,5.203899356699538,50.193277638133665,52.322953485885975,2.12967584775231,5.127892291651057,19.735007532292265,22.16523472164449,2.4302271893522267,5.033803992865528,19.07349124674814,16.47852546974923,-2.5949657769989116,4.847752121939956,-0.6615162855441212,-5.686709251895263,-5.025192966351142,4.803082280672272
pared_h,AUT,36,452.308676947626,450.5265692908837,-1.782107656742312,5.467166393001027,477.35365713008304,468.44501406187646,-8.908643068206572,4.781202263292139,494.8428495924983,479.8687416272246,-14.974107965273674,4.787299554720826,514.3353382557935,503.70681363180313,-10.628524623990415,5.487264645107264,25.044980182457067,17.918444770992714,-7.126535411464353,6.12166680646426,42.534172644872335,29.342172336340877,-13.192000308531458,6.107039272318934,62.02666130816765,53.180244340919465,-8.846416967248182,6.563176884039485,17.489192462415268,11.423727565348162,-6.0654648970671055,5.732957930126024,36.98168112571058,35.26179956992676,-1.7198815557838216,6.325689322108156,19.492488663295312,23.838072004578596,4.345583341283284,5.831865226265512
pared_h,BEL,36,448.20441564415535,447.6311370544328,-0.5732785897225199,5.608527136324668,487.9845338020897,480.1818736782349,-7.802660123854764,5.526642089138027,496.35189154043576,501.7351933816347,5.383301841198943,4.971626188388878,500.8811345554994,501.9133987600725,1.0322642045730959,5.6306730624359815,39.78011815793438,32.550736623802194,-7.229381534132187,7.198320946212203,48.14747589628037,54.1040563272018,5.956580430921434,6.600408795844612,52.676718911344025,54.28226170563962,1.6055427942955944,6.714369360870549,8.367357738345982,21.55331970339961,13.185961965053627,6.360038169602508,12.896600753409638,21.731525081837425,8.834924328427787,5.965530890840361,4.529243015063656,0.17820537843781495,-4.351037636625842,6.3312732867109345
pared_h,CAN,36,484.7156910010789,471.0224817512991,-13.693209249779784,3.8747222920740136,512.8032395804763,499.580777036985,-13.222462543491304,3.7290603963512305,522.136329779178,514.6477451865358,-7.488584592642269,3.9355108303789024,520.0591466841151,517.7632643385249,-2.2958823455902575,3.816577367052326,28.087548579397435,28.55829528568605,0.47074670628861526,4.753322078850908,37.420638778099075,43.62526343523668,6.204624657137607,5.211980093598514,35.34345568303626,46.740782587225794,11.397326904189534,4.804382554882093,9.333090198701637,15.066968149550632,5.733877950848996,4.234104934744854,7.255907103638828,18.182487301539744,10.926580197900917,4.464232256627323,-2.07718309506281,3.1155191519891106,5.192702247051921,4.084595344527092
pared_h,CHE,36,454.7372905427628,449.79790932434014,-4.939381218422682,5.198038738336787,483.67533112472967,475.2101576651139,-8.465173459615755,5.455343593753834,506.59882323899456,499.90018769488677,-6.698635544107788,5.583564546910438,506.68089911409317,506.6237155244,-0.0571835896931816,4.849093373383051,28.938040581966856,25.412248340773818,-3.525792241193038,6.339898112877262,51.86153269623171,50.10227837054662,-1.7592543256850917,6.408085601404977,51.943608571330266,56.82580620005979,4.8821976287295215,6.321449266269155,22.92349211426485,24.690030029772807,1.766537915507957,6.1761502776208035,23.005567989363414,31.413557859285966,8.407989869922552,6.1547469306714415,0.08207587509856466,6.723527829513159,6.6414519544145945,5.802400166548417
pared_h,CHL,36,423.58770228829087,414.3054648476221,-9.28223744066878,5.950783293752053,452.1158280378394,431.24260447164187,-20.87322356619751,5.460030994742171,464.94040300723157,457.7021775672154,-7.238225440016151,5.2788544144818506,462.1734872459795,466.05577939267505,3.8822921466955336,5.3155932155405425,28.528125749548487,16.937139624019874,-11.590986125528612,6.360413217358423,41.352700718940724,43.39671271959329,2.0440120006525646,7.121459581393087,38.58578495768867,51.750314545053016,13.164529587364349,6.972820585854877,12.82457496939224,26.459573095573415,13.634998126181175,6.599289447038337,10.057659208140183,34.81317492103314,24.755515712892954,6.601102292700491,-2.7669157612520565,8.35360182545972,11.120517586711776,5.529860034450601
pared_h,COL,36,380.3323264588553,370.2221014447895,-10.110225014065804,5.057097945569779,395.3991259961008,400.4717362272684,5.07261023116763,5.438157475467843,430.3023467843617,423.5452746871914,-6.757072097170294,7.440006484163882,435.4576578694463,434.2471469340644,-1.2105109353818762,7.883475958289223,15.06679953724552,30.249634782478893,15.182835245233372,5.820781846139591,49.97002032550649,53.323173242401914,3.353152916895425,7.503868736628443,55.12533141059099,64.02504548927486,8.899714078683871,8.15497404551866,34.90322078826097,23.07353845992302,-11.829682328337945,6.619893356374442,40.05853187334547,33.77541070679597,-6.283121166549506,7.463460522630526,5.155311085084503,10.701872246872949,5.546561161788445,6.541500580495232
pared_h,CZE,36,465.96880669340743,447.60057341288575,-18.36823328052168,4.893987482969403,471.67455022429283,459.02613613802043,-12.648414086272396,4.497667737060267,497.0684549162884,486.06730918782733,-11.00114572846104,5.304441670321746,525.7887823475836,499.9718040264239,-25.816978321159695,4.946931546799123,5.705743530885405,11.425562725134586,5.719819194249181,5.012184316511563,31.099648222880887,38.46673577494151,7.3670875520606245,5.717436964208235,59.8199756541761,52.37123061353809,-7.448745040638009,6.181550255748988,25.39390469199548,27.04117304980693,1.6472683578114484,6.183145366104636,54.114232123290684,40.945667888403506,-13.168564234887178,5.847833188883955,28.720327431295203,13.904494838596577,-14.815832592698627,5.899841561485231
pared_h,DEU,36,458.98566866586043,435.4319545263601,-23.553714139500357,5.751132002402332,484.04438082924696,486.1980116924069,2.153630863159947,6.18928241327042,508.9289414616104,498.752613034275,-10.17632842733542,6.5708692059376865,503.95742113503474,517.1535202477867,13.196099112751938,7.366108287502145,25.05871216338661,50.76605716604684,25.707345002660233,6.789281298935042,49.943272795750104,63.32065850791486,13.377385712164752,7.021696858910184,44.97175246917433,81.72156572142667,36.749813252252345,7.754685070420896,24.884560632363495,12.554601341868011,-12.329959290495484,7.1008315585791095,19.913040305787717,30.955508555379822,11.042468249592105,7.7707503220224545,-4.97152032657578,18.40090721351181,23.372427540087592,7.508031528587207
pared_h,DNK,36,469.6621896165947,438.89717052007774,-30.765019096516937,5.01609670000193,499.2351177348117,468.7893189330548,-30.445798801756894,6.284932736620417,496.12846085999325,484.83374577782104,-11.294715082172218,5.403990254345712,501.2874556820695,482.84067178792003,-18.446783894149462,6.080709214688248,29.57292811821693,29.89214841297718,0.3192202947602496,7.268856416259839,26.46627124339853,45.93657525774335,19.47030401434482,7.06308082251843,31.625266065474715,43.94350126784228,12.318235202367564,7.356610663649975,-3.106656874818401,16.04442684476617,19.151083719584573,7.570641530842685,2.0523379472577856,14.051352854865105,11.999014907607318,7.308824408805986,5.1589948220761865,-1.993073989901069,-7.152068811977255,7.250689746648555
pared_h,ESP,36,447.860273979617,427.3717911409679,-20.488482838649077,3.974551199154204,482.9361291149541,456.19579901624104,-26.74033009871306,3.4674328903512097,488.3872181537248,472.566916735169,-15.8203014185558,3.444005531130412,486.7716583494909,473.0512387085414,-13.720419640949501,3.192286106109482,35.075855135337,28.82400787527312,-6.2518472600638795,4.376472847680484,40.52694417410769,45.19512559420109,4.668181420093397,4.479812851229163,38.911384369873886,45.67944756757348,6.768063197699597,4.3519900508599685,5.451089038770687,16.371117718927962,10.920028680157277,4.028998226142644,3.8355292345368865,16.855439692300358,13.019910457763471,3.9199091947136164,-1.6155598042338,0.484321973372397,2.099881777606197,3.8718095618355544
pared_h,EST,36,490.595700057596,466.5898680882331,-24.005831969362873,4.827634858524445,499.60079663905105,497.35222111600734,-2.248575523043712,5.741327251896586,527.4708980130047,522.3603638550064,-5.110534157998245,4.992258743632506,530.6729494933033,522.0209014720181,-8.652048021285282,5.053727912440273,9.005096581455053,30.76235302777416,21.757256446319108,6.810658848998138,36.875197955408716,55.77049576677327,18.895297811364557,5.736748089287156,40.07724943570738,55.431033383784964,15.353783948077584,6.316703281657111,27.870101373953663,25.008142738999105,-2.861958634954558,6.6689961277687875,31.07215285425233,24.668680356010803,-6.403472498241527,6.335128914099497,3.2020514802986666,-0.33946238298830167,-3.5415138632869683,5.894293208823789
pared_h,FIN,36,463.75370678370865,446.1933940749448,-17.56031270876383,4.56718790092429,502.2391190823047,479.72386956776944,-22.515249514535242,5.258165766057896,504.50432050465895,502.9635505131222,-1.540769991536763,4.1914877122366825,503.3918141921778,500.34797275807944,-3.04384143409834,4.417181365758368,38.48541229859606,33.53047549282462,-4.954936805771439,6.52822795997727,40.75061372095033,56.77015643817744,16.01954271722711,5.685824190927518,39.63810740846911,54.15457868313456,14.516471274665449,5.737341365367083,2.2652014223542665,23.239680945352813,20.974479522998546,5.735270919508705,1.1526951098730478,20.62410319030993,19.471408080436884,5.64782045706132,-1.1125063124812187,-2.6155777550428807,-1.503071442561662,5.696138692951357
pared_h,FRA,36,444.5631575015644,433.60342336363993,-10.959734137924443,5.514261365156972,476.01159411393746,456.1391101862194,-19.872483927718065,5.658812757758428,495.4214261718207,489.0288227055511,-6.392603466269634,6.227841735364884,492.7861768949292,494.78614434000445,1.9999674450752423,6.147052476489515,31.448436612373133,22.535686822579436,-8.912749789793697,6.602959853842111,50.85826867025627,55.4253993419112,4.56713067165493,6.9034333161841,48.223019393364815,61.18272097636459,12.959701582999777,6.377586514947842,19.409832057883143,32.88971251933177,13.47988046144863,6.720911289988096,16.774582780991683,38.64703415378516,21.872451372793474,6.481858814372361,-2.63524927689146,5.7573216344533815,8.39257091134484,5.732013486693214
pared_h,GBR,36,485.43723844526187,482.19011477250626,-3.247123672755606,5.005520519443147,499.72628347427565,495.7617318373962,-3.9645516368794347,4.869324623760198,513.7642847143984,523.8567857006119,10.092500986213508,5.842009237017519,512.7110562354239,524.1804916004251,11.469435365001118,5.537148969401821,14.28904502901371,13.571617064889978,-0.7174279641237327,6.2200253384122615,28.327046269136495,41.6666709281056,13.339624658969107,7.060408572141779,27.273817790162134,41.990376827918865,14.716559037756731,7.032492396469255,14.038001240122787,28.09505386321563,14.057052623092842,6.702008512539902,12.984772761148424,28.41875976302889,15.433987001880467,6.914809980417413,-1.0532284789743642,0.3237058998132625,1.3769343787876267,6.42620998307847
pared_h,GRC,36,412.4774060250169,400.92268632706526,-11.554719697951612,6.129551924256708,435.2720260446102,414.10314213807015,-21.16888390654003,5.973782870654373,458.9096042170685,449.9219260153744,-8.987678201694052,5.607661814113969,451.1761282333558,450.6806846541871,-0.49544357916875015,5.019298062249422,22.79462001959332,13.1804558110048,-9.614164208588521,6.788960467623191,46.43219819205158,48.99923968830907,2.567041496257488,7.183943556979201,38.69872220833898,49.757998327121726,11.059276118782748,7.215244514472011,23.637578172458255,35.81878387730427,12.181205704846015,5.867153152079323,15.904102188745657,36.57754251611693,20.67344032737127,5.762457247702792,-7.7334759837126,0.7587586388126567,8.492234622525256,5.651423539238795
pared_h,HUN,36,440.5160657768409,425.6932771006183,-14.822788676222615,5.287030862548813,472.9767976360592,445.2749791984761,-27.701818437583086,5.714043927902943,491.48982661403977,478.35018059675565,-13.139646017284122,5.967219211423906,489.3034498070664,479.79730092365907,-9.50614888340732,5.117304996724501,32.46073185921834,19.581702097857868,-12.879029761360474,6.024958778955609,50.97376083719891,52.656903496137375,1.6831426589384648,7.520310399676792,48.787384030225525,54.104023823040755,5.316639792815231,7.024714239747385,18.513028977980564,33.0752013982795,14.562172420298939,7.2500084921512995,16.32665217100718,34.522321725182884,18.195669554175705,6.253520435096941,-2.186376806973385,1.4471203269033766,3.6334971338767614,6.389804444875094
pared_h,IRL,36,493.75505973686234,472.5826232204181,-21.172436516444236,4.904856123913168,519.1941656056547,512.3722368666142,-6.821928739040459,4.4752525347934755,529.8819110606435,520.5812819162668,-9.300629144376671,4.413585617268697,525.66789222998,520.6689266301366,-4.998965599843359,3.963218304273142,25.43910586879241,39.789613646196074,14.350507777403664,5.527457727948755,36.126851323781146,47.998658695848654,11.871807372067508,6.064910240344464,31.91283249311764,48.08630340971844,16.1734709166008,5.2896139321767,10.687745454988738,8.209045049652582,-2.4787004053361557,5.3649726550835295,6.473726624325229,8.296689763522362,1.8229631391971335,5.132568733833463,-4.214018830663508,0.0876447138697813,4.301663544533289,5.135171852021272
pared_h,ISL,36,409.4953983528637,406.9551984495363,-2.540199903327391,5.307228942642184,441.73801699979686,435.3866724007613,-6.351344599035542,6.029806799752038,446.0022163439867,455.3536618234386,9.351445479451911,5.96934348609144,454.1376289739367,455.6913572835301,1.5537283095933958,4.987797651859265,32.242618646933224,28.43147395122498,-3.8111446957082435,8.28187197672999,36.50681799112308,48.39846337390235,11.891645382779274,8.457121429294485,44.64223062107308,48.73615883399379,4.093928212920709,7.216230500199502,4.264199344189853,19.966989422677376,15.702790078487523,8.558014760379494,12.399611974139855,20.30468488276881,7.905072908628956,7.6894838548759035,8.135412629950002,0.337695460091436,-7.797717169858566,7.910769555338713
pared_h,ISR,36,436.03193924525795,424.95160347317096,-11.080335772086983,6.728377646988246,481.98214433097985,458.7377556692819,-23.24438866169794,7.670627183835111,496.3110171942129,477.10461185118413,-19.20640534302879,6.342873730191377,494.7120664033476,473.81196183464954,-20.900104568698055,6.247388025073596,45.950205085721805,33.78615219611091,-12.164052889610893,9.336978308469037,60.27907794895501,52.15300837801321,-8.126069570941802,7.739556808989806,58.68012715808968,48.86035836147856,-9.819768796611122,7.353921774055432,14.32887286323321,18.366856181902307,4.037983318669097,7.904147966855364,12.729922072367884,15.07420616536765,2.344284092999766,7.517758444260502,-1.598950790865325,-3.292650016534657,-1.6936992256693317,6.583346945854017
pared_h,ITA,36,460.538952904685,450.65798626571876,-9.880966638966242,4.826205988125177,483.95482131257495,471.06562946110114,-12.88919185147381,4.7388102808671295,489.9045654398322,491.4863917901983,1.5818263503661,5.775686122484335,495.95355028067127,501.8550119555822,5.901461674910934,5.4844542616596135,23.415868407889924,20.407643195382413,-3.0082252125075115,5.670019034893016,29.365612535147108,40.82840552447945,11.462792989332343,6.674227983783305,35.41459737598616,51.19702568986341,15.782428313877247,6.663818321865726,5.949744127257185,20.420762329097037,14.471018201839852,6.305136165215184,11.998728968096236,30.789382494480996,18.79065352638476,5.853417477200721,6.048984840839052,10.368620165383959,4.319635324544907,6.085099887006855
pared_h,JPN,36,486.08573350353555,470.19498487892025,-15.890748624615298,6.862882354325608,513.9235029772675,501.95834719912665,-11.965155778140854,6.13145656790177,535.2424993017161,531.2377296438495,-4.004769657866518,7.311572812636207,532.040279114231,525.1050785064278,-6.935200607803154,5.564274234753545,27.837769473731942,31.76336232020638,3.925592846474437,7.141661288776492,49.15676579818054,61.04274476492928,11.885978966748745,8.517971542084215,45.95454561069538,54.91009362750761,8.95554801681223,7.5356447580666295,21.318996324448598,29.279382444722906,7.960386120274308,6.79097793076854,18.116776136963438,23.146731307301224,5.029955170337786,6.507812415422393,-3.202220187485159,-6.13265113742168,-2.9304309499365213,6.88728745467543
pared_h,KOR,36,493.32390821355983,468.2956972087683,-25.028211004791558,6.919396807917322,499.4517745757621,514.91215052488,15.46037594911786,7.233679082700917,535.5862578430942,516.860904487522,-18.725353355572224,6.475062352609793,536.2335079811219,520.2373255029405,-15.996182478181368,5.457750005170841,6.127866362202321,46.61645331611162,40.4885869539093,8.259953608770896,42.26234962953442,48.565207278753675,6.302857649219256,7.573671320411338,42.90959976756213,51.94162829417221,9.032028526610084,6.671027138630355,36.1344832673321,1.9487539626420585,-34.18572930469004,7.283769586284449,36.78173340535981,5.325174978060602,-31.456558427299207,7.394017455767579,0.6472501380277095,3.3764210154185434,2.729170877390834,6.463203619633817
pared_h,LTU,36,445.2147596988499,444.3593057183945,-0.8554539804553656,4.661803567516596,470.4566884320249,475.16313756636885,4.706449134343927,4.453845185939704,492.0002218923617,484.32691531549864,-7.6733065768630695,4.639044650835967,486.9548114016683,486.36366333282194,-0.5911480688463371,4.631339514573558,25.241928733175143,30.803831847974294,5.561903114799151,6.03962695727099,46.78546219351192,39.9676095971041,-6.817852596407818,6.397531894589648,41.740051702818405,42.00435761442735,0.26430591160894323,6.415420331846461,21.54353346033677,9.163777749129803,-12.379755711206968,5.078281867798855,16.498122969643266,11.200525766453058,-5.297597203190207,5.516558010112121,-5.0454104906935076,2.0367480173232537,7.082158508016761,5.546807317097186
pared_h,LVA,36,455.3981262209253,423.0230372274074,-32.37508899351786,4.840156589887428,459.5260279185759,426.35433768364555,-33.17169023493034,4.945769933873786,496.317532558738,460.18317883205134,-36.13435372668664,5.607017372840588,493.14129793584937,466.5254690039369,-26.61582893191246,5.3009773048822035,4.1279016976506,3.33130045623804,-0.7966012414125601,5.799959149238832,40.91940633781279,37.16014160464389,-3.759264733168898,6.994299305335921,37.743171714924046,43.50243177652946,5.759260061605417,6.555046568565189,36.79150464016219,33.82884114840585,-2.962663491756338,6.824465722098135,33.615270017273446,40.17113132029142,6.555861303017977,6.335154996853697,-3.1762346228887397,6.342290171885577,9.518524794774317,7.044142811174238
pared_h,MEX,36,384.6643433197049,379.6926414309545,-4.971701888750431,4.468661277875287,408.2332282687522,406.7557821814843,-1.4774460872679356,4.4964983028008145,425.79884422137,421.5901189200202,-4.20872530134983,5.332156891753274,444.02531312961764,437.6844717420983,-6.340841387519333,6.275780074384126,23.568884949047238,27.06314075052987,3.4942558014826304,5.287547936504667,41.13450090166505,41.8974774890658,0.7629765874007504,6.212360707175009,59.360969809912646,57.99183031114393,-1.3691394987687175,6.9816272861679884,17.56561595261781,14.834336738535933,-2.7312792140818782,5.732925694636284,35.792084860865415,30.928689560614067,-4.863395300251348,6.719516685929043,18.226468908247607,16.094352822078132,-2.132116086169475,5.298443284534311
pared_h,NLD,36,439.8276304923649,410.91174023631464,-28.91589025605026,6.871048999130948,473.113672764843,437.64007783671525,-35.47359492812774,7.227024319442853,469.01879912685564,479.072294119563,10.053494992707385,7.030927173623394,474.8680279494068,476.6323342899465,1.764306340539747,7.083393166742726,33.28604227247815,26.72833760040055,-6.557704672077598,8.528457891596261,29.191168634490772,68.16055388324841,38.96938524875764,8.157195326521945,35.04039745704188,65.72059405363186,30.68019659658998,8.421797944789196,-4.0948736379873765,41.43221628284786,45.52708992083524,8.306602034641084,1.7543551845637295,38.99225645323132,37.23790126866759,8.38938603795739,5.849228822551106,-2.4399598296165435,-8.289188652167649,8.27203815107385
pared_h,NOR,36,451.49613628606414,421.72897998491845,-29.76715630114569,5.236881826289999,487.5836278942462,470.9026610088014,-16.680966885444832,5.582453081150242,491.70198602989103,482.1840339269694,-9.51795210292164,5.538336777611952,493.05760882633433,483.80959056181234,-9.248018264521988,5.017717611967454,36.08749160818199,49.173681023882935,13.086189415700943,6.9640274986558595,40.2058497438269,60.45505394205088,20.24920419822398,7.247524619513358,41.561472540270145,62.080610576893925,20.51913803662378,6.753185780200571,4.118358135644906,11.281372918167955,7.1630147825230495,7.088902123002964,5.473980932088148,12.906929553010979,7.432948620922831,6.437325593773008,1.3556227964432424,1.625556634843025,0.2699338383997827,6.688420738308248
pared_h,NZL,36,479.3281267768395,482.96033055851467,3.632203781675173,5.295469604706863,506.962776215135,502.5872580957027,-4.375518119432343,5.8460944261046395,528.4653015008791,535.2108137483658,6.7455122474866585,6.043829903856862,526.1389849334122,532.5475879545672,6.408603021155045,6.185289509157133,27.63464943829552,19.626927537188056,-8.007721901107463,7.338181801406267,49.137174724039696,52.25048318985121,3.1133084658115138,7.646037509532123,46.81085815657275,49.587257396052536,2.7763992394797867,7.630252185995817,21.502525285744177,32.62355565266316,11.12103036691898,8.818247865682428,19.17620871827723,29.96032985886448,10.78412114058725,8.885885470507674,-2.3263165674669493,-2.6632257937986763,-0.33690922633172704,7.800917824910772
pared_h,POL,36,463.97089782516076,455.68115998581,-8.289737839350778,5.242304433239919,469.5713274284229,464.2941716057383,-5.277155822684563,5.567559298184738,512.54023810602,513.6923157809674,1.1520776749474635,6.520878769304337,519.4069448402263,517.9705739033949,-1.4363709368313948,5.2365300334408476,5.600429603262137,8.61301161992829,3.012582016666153,6.501961721279133,48.56934028085914,58.011155795157435,9.441815514298298,7.557583627539611,55.43604701506558,62.28941391758492,6.85336690251934,6.869434853748667,42.968910677597,49.39814417522914,6.42923349763214,7.720812249520286,49.83561741180344,53.67640229765662,3.840784885853182,7.0420506970098575,6.86670673420644,4.278258122427485,-2.588448611778955,6.481060751630114
pared_h,PRT,36,442.3690436075922,429.61072236899247,-12.758321238599706,5.770148008114351,480.00254711793815,463.37260474318026,-16.62994237475789,4.7366712961060795,494.7257487344856,485.15146870155206,-9.57428003293353,5.956680063588074,496.28391014588334,496.6297255251842,0.34581537930085915,4.895182104391205,37.633503510345825,33.76188237418781,-3.871621136158012,5.887173050920554,52.356705126893345,55.540746332559664,3.1840412056663183,6.009686115603083,53.914866538291065,67.01900315619176,13.104136617900693,5.9301855470667455,14.723201616547517,21.778863958371847,7.0556623418243305,5.975935756868255,16.281363027945236,33.25712078200395,16.975757754058716,5.661093916231632,1.5581614113977196,11.478256823632103,9.920095412234383,5.664486763724213
pared_h,SVK,36,428.9632177476393,417.0647521487934,-11.898465598845917,6.160477182822258,438.18562423107215,437.95304820150693,-0.23257602956522305,5.670162881615528,459.8728909749672,473.3583445326406,13.485453557673395,6.54718523061139,462.80636859937357,486.2161366805447,23.409768081171137,5.998428079613713,9.222406483432815,20.888296052713592,11.665889569280777,7.22796445883781,30.909673227327914,56.29359238384732,25.383919156519404,8.14876500692297,33.843150851734165,69.15138453175136,35.308233680017196,7.587647833969227,21.6872667438951,35.40529633113372,13.718029587238618,7.9329405080357915,24.620744368301352,48.263088479037776,23.642344110736424,7.467403809091253,2.9334776244062537,12.857792147904059,9.924314523497806,6.733320086208845
pared_h,SVN,36,445.88254669152946,427.4435312279159,-18.439015463613543,3.884312400205602,466.48634041487304,449.6290267018937,-16.857313712979362,4.8652123824101,483.04580836408894,473.6206473259061,-9.425161038182864,4.507372074452745,483.48927260968605,468.2185168871696,-15.27075572251647,4.037225409680924,20.60379372334354,22.185495473977774,1.5817017506342346,5.850551531165839,37.16326167255944,46.17711609799012,9.01385442543068,5.585910467558988,37.6067259181566,40.774985659253666,3.168259741097067,5.854899079976116,16.559467949215907,23.991620624012352,7.432152674796445,6.921198355825313,17.00293219481306,18.589490185275896,1.5865579904628362,6.3004105857126715,0.44346424559715275,-5.402130438736458,-5.845594684333611,6.101718093930573
pared_h,SWE,36,460.13096882233856,430.22245620535693,-29.908512616981625,5.356832261587755,491.46810099959885,481.84023216178804,-9.627868837810809,5.815653817244255,508.2604663914807,501.81526898722143,-6.445197404259261,5.773658896607906,503.51702304705503,500.01069127346216,-3.5063317735928763,5.4705589837691075,31.3371321772602,51.61777595643097,20.280643779170767,6.815634106664341,48.12949756914212,71.59281278186441,23.463315212722293,6.389857520056784,43.38605422471643,69.78823506810514,26.402180843388706,6.8544723042865545,16.79236539188192,19.975036825433442,3.1826714335515227,6.847246234640909,12.048922047456234,18.17045911167416,6.121537064217925,6.494533328576158,-4.743443344425685,-1.8045777137592836,2.9388656306664016,6.189324601822359
pared_h,TUR,36,443.6000485041359,451.07595665211903,7.475908147983148,4.094681108384353,446.8326814091782,463.82969426182774,16.99701285264956,4.001627940958292,458.868412008812,478.278070101296,19.409658092483994,4.852453350799448,476.1553851520618,511.29643592297714,35.14105077091534,4.7227993218275985,3.232632905042192,12.753737609708532,9.521104704666339,4.714499095781482,15.268363504676074,27.20211344917687,11.933749944500796,5.9036736910826395,32.55533664792592,60.22047927085811,27.665142622932187,6.088421994469069,12.035730599633883,14.448375839468337,2.412645239834454,5.170821912793178,29.322703742883725,47.466741661149584,18.14403791826586,5.73866192755241,17.286973143249845,33.01836582168124,15.731392678431398,5.911831561263372
pared_h,USA,36,475.7827116794062,465.4129080169885,-10.369803662417667,7.728664707759832,504.2730951916903,497.8838305631069,-6.389264628583362,10.296869897499208,518.335587118376,516.606544276955,-1.7290428414210055,18.04479472619295,521.6263921862211,525.028526957047,3.40213477082591,11.518275818602412,28.490383512284115,32.47092254611847,3.980539033834358,10.24224724413194,42.55287543896977,51.19363625996647,8.640760820996697,16.759120629341666,45.843680506814835,59.615618940058404,13.77193843324357,10.831894648822997,14.062491926685658,18.72271371384799,4.6602217871623335,18.12735279728822,17.353296994530723,27.144696393939917,9.791399399409194,11.096083613956697,3.290805067845065,8.421982680091924,5.131177612246859,15.205374087983762
pared_h,OECD,36,452.41835883289815,438.9645197369282,-13.453839095969954,0.8817708189122397,477.07231980476143,466.22435399844943,-10.847965806312004,0.9103473378453953,494.0965619342105,488.9923047587552,-5.104257175455302,1.079959892760713,496.53719865001005,493.76845462678995,-2.7687440232201084,0.9855526201569371,24.653960971863334,27.25983426152119,2.605873289657854,1.1219791792109735,41.67820310131238,50.02778502182696,8.34958192051458,1.1577112575851187,44.1188398171119,54.803934889861694,10.685095072749796,1.0593497354998604,17.024242129449043,22.76795076030577,5.743708630856727,1.191494603807059,19.464878845248563,27.544100628340505,8.079221783091942,1.0767272714855443,2.4406367157995192,4.776149868034736,2.3355131522352166,1.1486833133269185
homepos,AUS,36,453.2424567459013,467.44067567373384,14.198218927832556,4.67212241699519,493.6360634129472,496.7830745858816,3.1470111729344126,4.271587173254573,516.858107957825,505.81838072809353,-11.039727229731511,3.981359769680748,533.6398114241185,502.205217054489,-31.434594369629508,3.920349586958711,40.39360666704579,29.342398912147683,-11.051207754898105,5.9058210361731955,63.615651211923634,38.377705054359616,-25.237946157564018,5.572207719926946,80.39735467821711,34.76454138075506,-45.63281329746205,5.423678113220121,23.222044544877853,9.035306142211931,-14.186738402665922,4.5930477875993745,40.00374801117131,5.422142468607381,-34.58160554256393,4.8012716819840024,16.781703466293457,-3.613163673604549,-20.394867139898007,4.958099338123422
homepos,AUT,36,416.53488157102055,429.3949174229077,12.860035851887176,5.999395999449951,474.5466413665149,467.704898401619,-6.8417429648959,6.295500176244892,506.8401536363459,485.37446051252283,-21.465693123823087,4.56705577529735,526.9571263128041,488.6888854867819,-38.268240826022236,4.718628652206759,58.01175979549426,38.30998097871115,-19.701778816783104,6.502670060092499,90.30527206532516,55.979543089615106,-34.32572897571005,6.842782439018126,110.42224474178352,59.293968063874125,-51.12827667790939,6.8292795260567,32.29351226983091,17.66956211090395,-14.623950158926963,6.705704996919255,52.41048494628926,20.983987085162976,-31.426497861126283,6.85571809855576,20.116972676458346,3.314424974259026,-16.80254770219932,5.806700960663616
homepos,BEL,36,417.22048501391464,429.5104887402924,12.290003726377734,7.168297831594183,470.93905042523585,467.00561022326394,-3.933440201971905,5.515679690691716,501.7796835975332,486.32208769570025,-15.457595901832974,4.755573883642341,527.2373254643403,489.9277972797081,-37.3095281846322,5.653218869420982,53.71856541132106,37.49512148297153,-16.223443928349532,6.872135615247982,84.55919858361852,56.8115989554078,-27.747599628210722,7.342544228111047,110.01684045042563,60.41730853941573,-49.599531911009905,8.409825542430351,30.84063317229746,19.316477472436276,-11.524155699861183,6.1240352540370395,56.29827503910458,22.922187056444198,-33.37608798266038,7.227680004452695,25.457641866807126,3.605709584007923,-21.851932282799204,6.267213087338402
homepos,CAN,36,470.7959744031471,469.1354521633278,-1.6605222398193291,4.2869872977707,505.1059748586903,497.5608093086501,-7.545165550040167,3.5485506976141026,522.9021385788425,508.1092364468847,-14.79290213195776,3.7792971597889804,535.7784319254837,494.15012227308824,-41.628309652395444,4.564547855322305,34.31000045554315,28.425357145322288,-5.884643310220859,4.594413958589021,52.10616417569531,38.97378428355695,-13.13237989213836,5.129812828271456,64.9824575223366,25.014670109760505,-39.9677874125761,5.881670779619321,17.79616372015216,10.548427138234661,-7.247736581917497,4.582387132948272,30.672457066793463,-3.4106870355617844,-34.08314410235525,5.122559881560491,12.876293346641308,-13.959114173796445,-26.835407520437755,4.693474193132157
homepos,CHE,36,420.55686029448736,439.23254511533105,18.675684820843685,6.09342041621027,470.001101359547,471.7151816222812,1.7140802627341714,4.584414250590755,505.80401896459017,490.02915433047366,-15.774864634116511,5.555524867778681,537.6978212086235,484.0473098509465,-53.65051135767703,5.583704453086832,49.444241065059664,32.48263650695014,-16.96160455810952,6.377188946598652,85.24715867010283,50.79660921514264,-34.450549454960196,6.875395062736523,117.1409609141363,44.81476473561547,-72.32619617852083,7.279895250068533,35.80291760504317,18.313972708192495,-17.488944896850676,6.0047407858622535,67.69671984907663,12.33212822866533,-55.3645916204113,6.221633489510094,31.893802244033452,-5.981844479527166,-37.87564672356062,6.651275231801418
homepos,CHL,36,412.9762164131356,413.6952678366157,0.7190514234800958,5.311754885415076,443.11452738112195,432.38149436994655,-10.733033011175394,5.378770318910638,460.3752204083268,440.5756660419394,-19.799554366387383,5.647582913360336,482.6709199148534,464.98366878251534,-17.687251132338076,5.901140138544635,30.138310967986257,18.686226533330732,-11.452084434655525,5.855844973321473,47.39900399519117,26.880398205323747,-20.518605789867426,6.816010002170429,69.69470350171775,51.288400945899596,-18.406302555818158,6.997244308509051,17.260693027204915,8.194171671993013,-9.066521355211902,6.640579988813911,39.55639253373148,32.60217441256886,-6.954218121162626,6.2219578156364745,22.295699506526564,24.408002740575842,2.1123032340492784,6.821701791707782
homepos,COL,36,358.6978501547376,362.16366660208746,3.46581644734988,4.857054886643674,388.35358335208423,387.9685343125112,-0.38504903957300485,6.675539534362122,422.4545821224362,414.5183299878031,-7.936252134633094,7.332001234660933,470.92037104290466,442.7215180254394,-28.19885301746524,8.239728619895601,29.655733197346684,25.804867710423814,-3.8508654869228707,6.968698654475131,63.75673196769863,52.35466338571564,-11.402068581982988,7.910307742969456,112.22252088816713,80.55785142335196,-31.664669464815162,9.664471660387632,34.10099877035195,26.54979567529182,-7.551203095060131,6.150446277537677,82.56678769082045,54.75298371292814,-27.813803977892306,8.211678390163817,48.46578892046849,28.203188037636323,-20.262600882832167,7.908318365861047
homepos,CZE,36,430.44174704986307,436.31985952411924,5.87811247425617,5.192299273574319,482.0729617889072,469.252022616078,-12.820939172829185,5.2109332734802605,511.61333944249316,481.9868993112988,-29.62644013119433,4.965896137438919,530.1565434881297,485.6700093472532,-44.48653414087653,4.901169051594676,51.63121473904412,32.93216309195866,-18.69905164708546,5.514992783223059,81.17159239263,45.66703978717954,-35.50455260545046,6.237447059964446,99.71479643826653,49.35014982313383,-50.3646466151327,6.976251680671677,29.54037765358588,12.734876695220885,-16.805500958364995,5.334880036768048,48.08358169922242,16.417986731175176,-31.665594968047245,6.0488062223010255,18.543204045636536,3.6831100359542917,-14.860094009682244,5.773726610239232
homepos,DEU,36,414.12498096790796,412.944394622153,-1.1805863457549322,7.578340445580368,476.4994439666425,463.44511383287426,-13.054330133768246,6.881865167690918,508.7979615125988,497.2429336632269,-11.555027849371925,7.239564343766757,537.2178116152198,510.9740395634059,-26.24377205181395,5.6553444725106585,62.3744629987346,50.50071921072115,-11.87374378801345,6.747927966098096,94.67298054469093,84.29853904107377,-10.374441503617163,8.011801004340937,123.0928306473119,98.02964494125274,-25.06318570605916,8.667860407594278,32.29851754595632,33.797819830352616,1.4993022843962933,7.247999090947006,60.71836764857729,47.52892573053159,-13.189441918045702,7.744490418662429,28.419850102620966,13.731105900178978,-14.688744202441988,7.076437830715174
homepos,DNK,36,453.71517319170636,435.4185682529052,-18.29660493880118,5.6115461918859975,484.8898101596475,467.76974734559315,-17.120062814054336,4.971948290041694,509.0295947601229,475.6924110650798,-33.33718369504311,5.026171628950264,512.7202527842829,465.9832825495008,-46.73697023478212,6.048559291898636,31.174636967941034,32.35117909268796,1.1765421247469234,6.346946598480732,55.314421568416584,40.273842812174614,-15.04057875624197,6.637052261163596,59.00507959257652,30.564714296595714,-28.440365295980808,6.917876482371866,24.139784600475554,7.922663719486661,-16.217120880988894,6.47034459997763,27.830442624635474,-1.786464796092241,-29.616907420727713,6.782314718201506,3.6906580241599216,-9.709128515578902,-13.399786539738823,7.064435531920795
homepos,ESP,36,432.2280752493085,428.11814241403334,-4.109932835275174,4.2669949929875655,468.40158512016507,455.4940334160794,-12.907551704085677,3.4169483160046368,491.75116099073176,463.5254546928668,-28.225706297864974,2.9652466533977173,510.29479431832925,468.6975058048846,-41.59728851344465,3.3674252199796415,36.173509870856535,27.375891002046103,-8.797618868810432,4.308397802038086,59.52308574142326,35.40731227883344,-24.11577346258982,4.130741271773981,78.0667190690207,40.57936339085125,-37.48735567816946,4.934343736674225,23.349575870566735,8.031421276787336,-15.318154593779399,3.4205576224818532,41.89320919816417,13.203472388805148,-28.689736809359026,3.796077672072085,18.54363332759744,5.172051112017812,-13.371582215579629,3.298042027334061
homepos,EST,36,474.32781014529945,479.3222243330956,4.994414187796167,4.914386614421194,507.8345961708483,497.39913105791095,-10.435465112937322,5.307694924799128,528.2272634636126,513.4984974760044,-14.728765987608199,4.776633789138217,536.7928475256829,510.5650448673785,-26.22780265830437,4.936549311925323,33.50678602554879,18.07690672481537,-15.429879300733422,5.850186526025022,53.899453318313206,34.17627314290887,-19.723180175404337,5.824655869006915,62.465037380383365,31.242820534282934,-31.22221684610043,5.966774447949925,20.392667292764408,16.099366418093496,-4.293300874670912,6.421605778653037,28.95825135483458,13.165913809467565,-15.792337545367015,6.010231682038671,8.565584062070172,-2.93345260862593,-11.499036670696103,5.087984226875236
homepos,FIN,36,449.394879183313,462.90130246238897,13.506423279075989,4.590028241716397,490.02862870972797,482.89635033372963,-7.1322783759983395,4.455825316468715,508.6736624865058,485.09981563063076,-23.573846855875047,4.616846619435568,518.4158331158017,477.93623380949714,-40.47959930630452,4.378401470482779,40.63374952641502,19.995047871340574,-20.63870165507445,5.248920675763699,59.27878330319281,22.198513168241806,-37.08027013495101,5.461182359107254,69.02095393248862,15.034931347108193,-53.98602258538043,5.193803060206915,18.64503377677779,2.203465296901231,-16.44156847987656,5.6261156348055685,28.387204406073597,-4.960116524232381,-33.347320930305976,5.232216757837971,9.742170629295805,-7.163581821133613,-16.905752450429418,5.593902398089253
homepos,FRA,36,412.1284690292059,419.56436316150496,7.43589413229904,5.846101672612938,460.0477597976319,453.6472967145698,-6.400463083062107,6.058988617747883,496.5550385109723,476.20932324554985,-20.345715265422427,6.633559505432418,528.5925470916793,485.4679092395878,-43.124637852091496,5.641612938997201,47.919290768425995,34.0829335530649,-13.836357215361097,6.676652149208715,84.42656948176636,56.6449600840449,-27.781609397721468,7.223130551375518,116.46407806247339,65.90354607808288,-50.56053198439051,7.2190170480883395,36.50727871334037,22.56202653098,-13.94525218236037,6.778260030732028,68.54478729404741,31.820612525017985,-36.724174769029425,6.503222613807651,32.03750858070704,9.258585994037986,-22.778922586669054,6.191349674242956
homepos,GBR,36,453.9049526038881,474.0921684032123,20.187215799324235,4.814550768089857,482.88418943279595,492.11086974890424,9.226680316108286,5.317603769977325,512.0656201795239,502.84978869420246,-9.215831485321416,5.324824671019124,541.6583017576039,515.9364565281464,-25.72184522945747,5.767023665792028,28.9792368289078,18.018701345691852,-10.96053548321595,6.424854767365903,58.16066757563569,28.757620290990076,-29.403047284645616,6.662459955841325,87.75334915371585,41.84428812493401,-45.909061028781835,6.973235067486406,29.181430746727887,10.738918945298224,-18.442511801429664,6.25916426704304,58.77411232480803,23.825586779242155,-34.94852554556587,7.059768080467288,29.592681578080146,13.086667833943931,-16.506013744136215,6.911468696613028
homepos,GRC,36,398.00535028003304,398.0707462626585,0.06539598262543223,5.704432029236556,432.48977672659055,430.79718398242005,-1.692592744170497,5.262281804335205,455.47478187182526,436.7342400567833,-18.74054181504198,5.656478199197991,469.18253331133303,431.2628594988661,-37.919673812466954,5.760663655634066,34.48442644655747,32.72643771976161,-1.7579887267958583,5.90628108983985,57.469431591792215,38.66349379412478,-18.805937797667433,6.610779011925832,71.17718303129982,33.19211323620764,-37.98506979509218,6.367605985507916,22.985005145234748,5.93705607436317,-17.047949070871578,5.362757348101651,36.69275658474234,0.46567551644602645,-36.227081068296314,6.146660964128529,13.707751439507593,-5.4713805579171435,-19.179131997424737,5.721927397910509
homepos,HUN,36,403.371127905638,411.8094442003709,8.438316294732886,5.96521541811924,464.87600642034795,453.9843089630529,-10.891697457295038,5.506626926087393,500.41873544947947,468.6739336014142,-31.744801848065265,5.69171164777106,522.965089525067,478.1170972218621,-44.84799230320493,5.2516062294340164,61.50487851470997,42.17486476268216,-19.33001375202781,6.444098725220751,97.04760754384164,56.86448940104344,-40.18311814279819,7.861512253161399,119.59396161942917,66.30765302149129,-53.286308597937875,7.846456605540755,35.54272902913168,14.689624638361277,-20.8531043907704,6.063181888859816,58.0890831047192,24.132788258809125,-33.95629484591008,6.533254601890356,22.546354075587526,9.443163620447848,-13.103190455139679,6.131356498767576
homepos,IRL,36,474.43875350446143,469.29617508986337,-5.142578414598063,5.159710282377913,510.3966291418609,499.9001285362186,-10.496500605642325,4.201130570850363,532.2264401195607,513.8372581687802,-18.38918195078054,4.107662946909685,549.5576034496158,522.0012716595388,-27.556331790077024,4.434290754920921,35.95787563739961,30.60395344635517,-5.35392219104444,5.408149745684607,57.787686615099325,44.54108307891682,-13.246603536182505,5.435987623747186,75.11884994515451,52.705096569675355,-22.413753375479153,6.032620969526503,21.829810977699715,13.937129632561646,-7.892681345138069,4.812924472496236,39.16097430775489,22.101143123320192,-17.0598311844347,5.255159082242892,17.331163330055176,8.164013490758544,-9.167149839296632,5.063773325125482
homepos,ISL,36,399.91801336796846,397.7616059137689,-2.1564074541995524,5.64509977276429,433.1066437697409,431.5578400909738,-1.5488036787671149,5.232577560065095,449.01049661283696,439.34074342608693,-9.669753186750029,4.603921358064045,464.69227954094424,430.9569283916256,-33.73535114931866,5.45950364818869,33.18863040177258,33.79623417720491,0.6076037754323309,8.125571663827117,49.092483244868596,41.579137512317985,-7.5133457325506114,7.106455462625075,64.7742661729759,33.19532247785667,-31.57894369511923,7.509873483100922,15.903852843096018,7.782903335113076,-8.120949507982942,6.58372541742065,31.585635771203336,-0.6009116993482337,-32.18654747055157,7.600452707900875,15.681782928107316,-8.38381503446131,-24.065597962568624,7.2212508766637615
homepos,ISR,36,408.62166098831534,406.65867879868154,-1.9629821896338058,6.754282806924006,465.44134814360666,449.63589559040173,-15.80545255320493,6.56116945481351,503.08061468230574,456.8188316541826,-46.26178302812315,6.8953149004632825,524.8198190657213,457.54254666474856,-67.27727240097272,7.186663967585775,56.819687155291334,42.97721679172021,-13.842470363571124,7.219352170762721,94.45895369399041,50.16015285550102,-44.29880083848939,7.83922474798008,116.19815807740588,50.88386786606692,-65.31429021133896,8.650795755078276,37.63926653869906,7.182936063780812,-30.45633047491825,7.729947115171673,59.378470922114545,7.906651074346717,-51.471819847767826,7.7370269354052015,21.739204383415483,0.7237150105659055,-21.01548937284958,8.043403655732787
homepos,ITA,36,436.72090443963117,436.6558648958361,-0.06503954379508059,5.07945166302194,475.2386065868897,471.9889625362189,-3.249644050670838,5.190631689803841,499.20057807686163,491.4320864218686,-7.768491654993056,4.9536493056872475,517.9032414128212,499.71392239955895,-18.189319013262264,5.586506081133063,38.517702147258525,35.33309764038269,-3.1846045068758357,5.898520354856234,62.479673637230505,54.77622152603245,-7.703452111198054,5.9930580896555385,81.18233697319002,63.05805750372283,-18.12427946946719,6.99230509784041,23.96197148997199,19.443123885649765,-4.518847604322225,5.447380264085495,42.6646348259315,27.72495986334014,-14.939674962591361,5.891310426176035,18.70266333595951,8.281835977690372,-10.420827358269138,5.72731356438148
homepos,JPN,36,473.7670161051873,484.4410977765491,10.674081671361819,7.400426342763622,513.5225615131236,509.9820733581778,-3.5404881549458196,5.47603246761074,532.4914654948968,517.7066883855304,-14.784777109366473,5.658873064699641,544.967772495261,506.85583890846556,-38.11193358679543,6.942000859941413,39.75554540793632,25.540975581628665,-14.214569826307653,6.750287415130109,58.724449389709456,33.26559060898121,-25.458858780728242,7.186309849428399,71.20075639007375,22.414741131916408,-48.78601525815734,7.779017091091885,18.96890398177313,7.724615027352553,-11.244288954420579,6.47722909564415,31.44521098213743,-3.126234449712257,-34.57144543184968,6.956034397444212,12.476307000364296,-10.85084947706481,-23.327156477429106,6.217956554159106
homepos,KOR,36,460.21839175845315,472.90134510895757,12.68295335050442,8.884815457527743,512.6266127807031,502.31049709103434,-10.316115689668777,6.842200120536767,536.7256276869368,514.7306665888241,-21.994961098112753,5.681906981726091,553.600711262921,517.9208868238578,-35.67982443906317,6.665448542161028,52.408221022249926,29.40915198207666,-22.999069040173264,8.13274208728102,76.50723592848368,41.8293214798665,-34.67791444861718,9.422119966154998,93.38231950446776,45.019541714900285,-48.362777789567474,10.272691556218325,24.099014906233748,12.42016949778984,-11.678845408443909,6.9946434777175925,40.974098482217826,15.61038973282362,-25.363708749394206,8.340553290140358,16.875083575984082,3.19022023503378,-13.6848633409503,6.606076819166917
homepos,LTU,36,424.61430331273795,443.54181707519274,18.927513762454794,4.729752019899359,466.2246472309421,462.27704987607603,-3.9475973548660477,4.505259015864352,489.7753099410631,472.22732749838235,-17.547982442680734,4.081983298652807,510.62165431692154,481.01894238959466,-29.60271192732688,4.6737074659603435,41.61034391820406,18.735232800883267,-22.87511111732079,5.499493924309352,65.161006628325,28.68551042318965,-36.47549620513534,6.020655647567999,86.00735100418362,37.47712531440186,-48.53022568978176,6.172635399849813,23.550662710120964,9.950277622306384,-13.60038508781458,5.499507232468806,44.39700708597955,18.741892513518593,-25.65511457246096,5.681555813242678,20.846344375858585,8.791614891212209,-12.054729484646376,5.457916177833803
homepos,LVA,36,436.33715304221306,409.91716698520423,-26.419986057008828,4.954278773399887,470.124353543457,433.1080745943157,-37.01627894914128,5.069535105768278,487.7644349454187,437.8915262383428,-49.87290870707591,5.265922177711769,507.10640369552175,441.92910446979374,-65.177299225728,4.040925460742657,33.78720050124391,23.190907609111413,-10.596292892132496,6.009549740112594,51.42728190320556,27.974359253138488,-23.452922650067073,5.9936829966236695,70.76925065330872,32.01193748458947,-38.75731316871925,5.615532357413751,17.640081401961645,4.7834516440270765,-12.856629757934568,5.8892314008290505,36.982050152064815,8.821029875478052,-28.16102027658676,6.042410047236245,19.341968750103167,4.0375782314509765,-15.304390518652191,6.2257183968350756
homepos,MEX,36,374.40905065902905,381.788948979642,7.379898320612938,4.702591253946268,405.56365068796373,400.5912056388735,-4.972445049090254,4.291730186737502,425.80134266345976,418.606139622349,-7.195203041110744,4.865719583582379,456.72280096772056,431.9089728264679,-24.813828141252657,6.644136278883135,31.1546000289347,18.802256659231425,-12.352343369703274,5.035857051638988,51.392292004430786,36.81719064270698,-14.575101361723803,5.769648154351074,82.31375030869151,50.12002384682585,-32.19372646186566,7.858953872856764,20.23769197549608,18.014933983475554,-2.222757992020526,4.641400869302591,51.15915027975681,31.317767187594427,-19.84138309216238,6.715880930368095,30.921458304260728,13.302833204118873,-17.618625100141855,5.8479005247906635
homepos,NLD,36,399.83811179569506,405.99626209685596,6.158150301160902,7.275205609586669,452.41904985613155,445.6324064519689,-6.786643404162646,7.8710553317395595,487.02500435767405,460.15587057973863,-26.869133777935417,6.137842827761966,506.7232149424102,459.2004224794381,-47.52279246297212,6.740951061771594,52.58093806043651,39.636144355112975,-12.944793705323534,7.53181435647041,87.18689256197902,54.1596084828826,-33.027284079096425,8.003093090558675,106.88510314671517,53.20416038258211,-53.68094276413306,8.879331949762197,34.605954501542506,14.523464127769625,-20.08249037377288,7.801665582240492,54.30416508627866,13.568016027469138,-40.73614905880952,8.86644499808998,19.698210584736152,-0.9554481003004867,-20.65365868503664,7.489942866545189
homepos,NOR,36,432.03035838880777,430.46303025833504,-1.5673281304727311,5.28860973105711,476.37662255918406,458.4667030672813,-17.90991949190277,5.051883849982189,496.95766406724334,473.5768754634112,-23.380788603832116,5.262081181200651,506.39072642611234,465.3392124245732,-41.05151400153915,5.677349755290921,44.34626417037627,28.00367280894617,-16.342591361430102,6.642871246135564,64.92730567843556,43.113845205076196,-21.813460473359363,6.382221822937448,74.36036803730455,34.87618216623814,-39.484185871066416,7.255231139475671,20.581041508059293,15.110172396130025,-5.470869111929268,6.593892315339424,30.01410386692829,6.872509357291972,-23.14159450963632,6.770115148955115,9.433062358869,-8.237663038838054,-17.670725397707052,7.115986166641066
homepos,NZL,36,450.18103957110554,458.0261609495119,7.845121378406361,4.743304733083098,495.90772052450194,501.7979285410039,5.890208016501958,6.4035776127331125,528.4079768426666,518.7717096414777,-9.636267201188844,5.528136416827552,534.7191274475801,523.2046417355145,-11.514485712065607,5.276345959012513,45.72668095339646,43.771767591492036,-1.954913361904424,7.094272388884842,78.22693727156116,60.74554869196584,-17.48138857959532,6.981756633236799,84.53808787647468,65.17848078600267,-19.35960709047201,7.011410501257161,32.500256318164695,16.973781100473804,-15.52647521769089,8.108315028197035,38.8114069230782,21.406713194510615,-17.404693728567587,8.197885227176545,6.311150604913507,4.432932094036812,-1.8782185108766951,7.092010063345118
homepos,POL,36,443.47325709856995,461.92354272333296,18.450285624763012,5.68545523984769,479.8842493873857,484.84672138484376,4.962471997458067,5.406047049990235,509.0222265463485,495.46820629920705,-13.554020247141466,4.943089614581236,525.8074035920465,493.25540273980533,-32.55200085224118,5.855188295218912,36.41099228881579,22.923178661510736,-13.487813627305055,6.306512955780139,65.54896944777855,33.54466357587405,-32.0043058719045,6.627293575876198,82.33414649347662,31.33186001647234,-51.00228647700428,7.260208988281411,29.137977158962748,10.621484914363311,-18.516492244599437,6.133527189735729,45.92315420466083,8.408681354961606,-37.514472849699224,6.396970365482099,16.785177045698084,-2.2128035594017037,-18.997980605099787,6.00134627087576
homepos,PRT,36,433.38090920307496,431.90258504490083,-1.4783241581741322,6.507766874161932,465.6926598007236,456.5496092917638,-9.143050508959846,5.088836077456869,493.15003684164367,476.4912034762492,-16.658833365394457,5.1342229370677535,516.7512195693473,487.4018804750755,-29.34933909427184,6.220681965667842,32.31175059764856,24.647024246862923,-7.664726350785639,6.181362993771727,59.769127638568605,44.58861843134841,-15.180509207220197,6.795951605194702,83.37031036627246,55.4992954301747,-27.871014936097765,8.113312935363902,27.45737704092004,19.941594184485485,-7.515782856434555,5.044946677020878,51.058559768623894,30.852271183311768,-20.206288585312127,6.3622316621699495,23.601182727703854,10.910676998826284,-12.69050572887757,6.420014628332767
homepos,SVK,36,370.54279378409245,404.37809212396735,33.835298339874896,7.301205733338508,443.1186766130967,454.4342968082436,11.315620195146892,5.464672625035088,480.3072769261729,465.47609846042144,-14.831178465751464,5.7098551816753,494.4192979638028,471.0791636990921,-23.34013426471074,5.546449228734743,72.57588282900429,50.05620468427626,-22.519678144728026,6.828379423191309,109.76448314208046,61.098006336454134,-48.66647680562633,7.96980134690521,123.87650417971045,66.7010715751248,-57.17543260458565,9.03784879796876,37.18860031307618,11.041801652177877,-26.146798660898302,6.555713991965492,51.30062135070616,16.64486689084854,-34.65575445985762,6.917289543363243,14.112021037629983,5.603065238670661,-8.508955798959322,6.439723280227885
homepos,SVN,36,424.8395598358883,424.09497314728867,-0.7445866885996111,5.02171261523001,468.09375136941753,455.7248556081472,-12.368895761270323,4.40804257840142,488.44107263950974,461.24372123392806,-27.197351405581685,4.543970259427703,494.19642736466795,447.949504481262,-46.246922883405944,4.708641271677921,43.25419153352921,31.629882460858454,-11.624309072670755,6.428966551758975,63.601512803621404,37.14874808663929,-26.452764716982117,7.194352934727887,69.35686752877965,23.854531333973274,-45.502336194806375,7.286258131005681,20.3473212700922,5.518865625780831,-14.828455644311369,6.946172424435178,26.10267599525043,-7.775351126885181,-33.87802712213561,6.686601649664225,5.75535472515823,-13.294216752666012,-19.04957147782424,6.284629204636546
homepos,SWE,36,425.2943798125828,432.877565476787,7.583185664204223,5.716592945673307,481.9639671084865,474.87713045760313,-7.086836650883356,6.120547553368024,513.2896637687634,487.6219023742933,-25.667761394470062,5.826824280098496,532.6885312662604,481.474936540823,-51.21359472543736,5.515352230967931,56.66958729590358,41.999564980816146,-14.670022315087436,6.732994397247682,87.99528395618053,54.74433689750629,-33.25094705867424,7.190600462870923,107.39415145367761,48.59737106403601,-58.7967803896416,7.309298931975346,31.32569666027694,12.74477191669015,-18.58092474358679,6.571220195567007,50.72456415777403,6.59780608321987,-44.12675807455416,7.029586418558893,19.398867497497093,-6.146965833470278,-25.545833330967373,6.583374765199141
homepos,TUR,36,408.0160705883335,438.8033589822562,30.787288393922722,4.599507361428454,449.42224626347206,471.0580909896885,21.63584472621642,4.244262811231097,472.7043444023523,487.28404496782304,14.579700565470716,4.0873762079588865,494.69193641269095,492.28484217375296,-2.4070942389379866,5.286231248566333,41.40617567513855,32.25473200743222,-9.151443667706332,5.210540646795637,64.68827381401883,48.48068598556675,-16.207587828452077,5.559365297807499,86.67586582435747,53.48148319149668,-33.194382632860794,6.724634148976655,23.28209813888028,16.225953978134537,-7.056144160745742,4.6430493451906125,45.26969014921893,21.226751184064465,-24.042938965154466,6.222871893990083,21.98759201033865,5.000797205929928,-16.98679480440872,5.625702654817564
homepos,USA,36,452.5589569347755,441.5109951561634,-11.047961778612091,10.100903087854604,488.7070406755644,488.66075231722715,-0.04628835833722178,10.872351568924248,521.0252017136988,509.1811335360418,-11.84406817765705,12.584614127809244,554.7647634088918,529.2837515525292,-25.481011856362557,14.709423776371892,36.1480837407888,47.14975716106371,11.001673420274912,11.958931226202465,68.46624477892331,67.6701383798783,-0.7961063990450157,12.123073417861052,102.20580647411632,87.7727563963659,-14.433050077750408,15.196720737309304,32.318161038134505,20.520381218814588,-11.797779819319917,14.225493257605278,66.05772273332751,40.6229992353022,-25.434723498025306,12.709654823106058,33.73956169519302,20.10261801648761,-13.636943678705407,14.522824327901498
homepos,OECD,36,427.8018881775953,433.39093038260654,5.589042205011253,0.9986109761714677,470.8209093890472,465.036552307373,-5.784357081674216,0.9900521215949583,497.38966228508826,478.61451797826146,-18.775144306826803,0.9392857471231887,517.0567582340976,481.6015869449686,-35.455171289129055,1.0799103100714005,43.01902121145186,31.64562192476644,-11.373399286685416,1.1581369051241803,69.58777410749299,45.22358759565498,-24.364186511838007,1.1225026814908783,89.25487005650241,48.21065656236202,-41.04421349414039,1.2703121109601399,26.568752896041126,13.57796567088854,-12.990787225152586,1.134082818468181,46.23584884505057,16.56503463759558,-29.67081420745499,1.245031922374827,19.667095949009443,2.9870689667070396,-16.680026982302405,1.093692174031016
homepos_h,AUS,36,464.74781748761177,458.6360997193259,-6.111717768285871,4.445251716766215,498.8364873809134,495.0976178064205,-3.7388695744929237,4.111422332261457,515.4266006194172,509.09850422120917,-6.328096398208004,3.8453321011551074,519.480331141766,510.68646785117437,-8.793863290591617,3.9453534482127774,34.08866989330157,36.461518087094575,2.372848193793004,4.882077731305199,50.6787831318053,50.46240450188321,-0.21637862992208312,5.26526568735675,54.7325136541542,52.05036813184838,-2.6821455223058166,5.183131969210531,16.590113238503722,14.000886414788635,-2.5892268237150873,4.621314385924433,20.643843760852615,15.588850044753798,-5.054993716098817,4.786135898325548,4.053730522348895,1.5879636299651623,-2.4657668923837326,4.886026519055161
homepos_h,AUT,36,428.1679281115301,424.68766075917927,-3.480267352350836,6.162639695786073,480.4585790664888,467.0666207112061,-13.391958355282725,5.664229059750832,508.5051201936782,488.79072278201266,-19.714397411665516,4.962809245750187,509.88685227430017,491.4990131008746,-18.38783917342556,4.637229120318964,52.290650954958686,42.37895995202685,-9.911691002931839,6.468475687932119,80.33719208214816,64.10306202283337,-16.234130059314793,6.727691130596983,81.7189241627701,66.81135234169531,-14.907571821074782,7.337481774055174,28.046541127189478,21.724102070806516,-6.3224390563829616,6.245551361425535,29.42827320781142,24.43239238966846,-4.9958808181429575,6.422598375258636,1.3817320806219413,2.708290318861947,1.3265582382400056,5.656871744045452
homepos_h,BEL,36,428.1386385580669,428.51363312607384,0.3749945680069686,7.040663519303437,478.0848407749677,466.1319910462074,-11.95284972876027,5.4579560188373115,501.532400014131,487.22785548171214,-14.304544532418845,4.574217045056408,511.5114806963692,496.3003679922673,-15.211112704101879,5.498743180951812,49.9462022169008,37.61835792013362,-12.327844296767182,6.5725038708859795,73.39376145606406,58.71422235563839,-14.679539100425664,8.00027545705173,83.3728421383023,67.78673486619351,-15.58610727210879,8.295306119049666,23.44755923916324,21.09586443550478,-2.351694803658461,6.19186746472506,33.4266399214015,30.168376946059887,-3.2582629753416157,6.55548359784291,9.979080682238266,9.072512510555105,-0.9065681716831602,5.706552100139361
homepos_h,CAN,36,474.3727414875957,460.190074542159,-14.182666945436722,4.466207686109896,507.7421309003415,492.05455762928506,-15.687573271056465,3.608381940393447,527.56874204296,511.9946723031782,-15.574069739781805,3.7354738633452302,527.0527627955887,507.664124462591,-19.388638332997687,4.448483212915158,33.36938941274583,31.86448308712602,-1.5049063256198139,4.816344565673895,53.19600055536428,51.80459776101916,-1.3914027943451188,5.326817432774447,52.68002130799302,47.47404992043195,-5.205971387561071,5.897873098362194,19.82661114261844,19.940114673893145,0.1135035312747057,4.35813916279242,19.31063189524719,15.609566833305934,-3.7010650619412573,5.095168056867407,-0.5159792473712514,-4.330547840587212,-3.814568593215961,4.653309310289466
homepos_h,CHE,36,434.7002553840872,430.6167216357133,-4.083533748373895,5.620343587888542,473.15741574442217,466.6041165221471,-6.553299222275086,5.048312510806613,501.1553047153642,491.3921306276582,-9.763174087705977,5.583091889708259,525.971169605565,497.6453956587461,-28.325773946818913,5.515847240090069,38.45716036033504,35.987394886433876,-2.4697654739011625,6.164684007537224,66.45504933127704,60.77540899194497,-5.679640339332067,6.682173579778795,91.27091422147782,67.02867402303285,-24.242240198444975,7.145290183631376,27.997888970941993,24.7880141055111,-3.209874865430894,6.120247754145507,52.81375386114278,31.041279136598984,-21.772474724543795,6.337977206523699,24.81586489020079,6.253265031087887,-18.5625998591129,6.7569832970567765
homepos_h,CHL,36,418.4038370802574,408.2168248316309,-10.187012248626502,5.122251445979302,446.41503712665406,428.8690940173715,-17.545943109282575,5.601329016167588,460.36687076549424,442.4377568104234,-17.929113955070818,5.853224445219702,476.2308387162769,475.67501429821516,-0.555824418061718,5.1245409458251,28.01120004639671,20.6522691857406,-7.358930860656109,6.103204514089754,41.963033685236844,34.2209319787925,-7.742101706444345,6.6954894371708695,57.82700163601942,67.45818946658426,9.63118783056484,6.752016889180106,13.951833638840133,13.568662793051896,-0.38317084578823746,6.220328633595106,29.8158015896227,46.805920280843665,16.990118691220964,6.110423935084277,15.86396795078257,33.237257487791766,17.373289537009196,6.139628953277644
homepos_h,COL,36,366.92278479989557,363.97186262784686,-2.950922172048706,5.066697745961776,388.22962530908956,388.04442816394646,-0.1851971451430927,6.412730252930898,424.340755505906,415.01261053862856,-9.32814496727741,6.902845276798903,468.38423557026147,446.7497131332195,-21.634522437041994,8.192391983324596,21.30684050919394,24.07256553609967,2.7657250269057307,6.3757426651531235,57.41797070601035,51.04074791078169,-6.377222795228661,7.30748027991274,101.46145077036583,82.7778505053727,-18.68360026499313,9.474080989395912,36.111130196816426,26.968182374682023,-9.142947822134403,6.010919566853654,80.15461026117188,58.70528496927303,-21.44932529189885,8.443678820477185,44.04348006435548,31.737102594591004,-12.306377469764474,7.5059655994532894
homepos_h,CZE,36,447.4738594773042,425.694248386951,-21.77961109035317,5.338399783382528,490.0746624126923,471.1308160719279,-18.943846340764424,5.052350288407168,503.7944612081251,482.1782502849354,-21.61621092318967,4.7212589954472,514.0341696453106,495.9313472726749,-18.10282237263573,5.023227822782679,42.60080293538819,45.436567684976836,2.835764749588648,5.430271173073076,56.320601730820954,56.48400189798433,0.16340016716337402,6.500697593221861,66.56031016800654,70.23709888572381,3.6767887177172724,6.737124205602294,13.71979879543277,11.0474342130075,-2.672364582425269,5.526613461017678,23.959507232618346,24.800531200746974,0.8410239681286278,5.774849792770027,10.239708437185579,13.753096987739474,3.513388550553895,5.593956777150031
homepos_h,DEU,36,428.3539727841154,411.0788250940947,-17.275147690020674,7.673624694971334,481.3352894967244,467.562114984746,-13.773174511978368,7.262670607793791,509.52283137281256,497.9594164672206,-11.56341490559197,6.892785424430574,520.2054498531622,513.5390701986875,-6.666379654474781,5.664336146537788,52.98131671260903,56.48328989065128,3.501973178042249,7.321765184718077,81.16885858869723,86.88059137312588,5.711732784428648,8.06722091427401,91.851477069047,102.46024510459286,10.608768035545864,8.834570777608636,28.187541876088186,30.397301482474596,2.2097596063864096,6.714611761605467,38.87016035643796,45.97695521394159,7.10679485750363,8.005374481599747,10.68261848034977,15.579653731466987,4.897035251117217,7.426338930941358
homepos_h,DNK,36,462.61423488190155,432.8328569640291,-29.781377917872476,5.974918696069773,491.7585670055545,467.12989269056663,-24.628674314987848,5.48464856938424,506.34384750043074,476.186830449588,-30.15701705084274,5.208594527938837,499.9460090014621,470.3142939608316,-29.631715040630468,5.579266965659015,29.144332123652976,34.29703572653759,5.1527036028846105,7.226837869111144,43.72961261852913,43.353973485558974,-0.37563913297015716,6.856021959212565,37.33177411956051,37.48143699680261,0.14966287724210048,7.0153678731719396,14.585280494876155,9.05693775902139,-5.528342735854766,6.982127437660516,8.187441995907534,3.1844012702650217,-5.003040725642512,7.404029248041055,-6.397838498968622,-5.872536488756367,0.525302010212255,6.599735934033788
homepos_h,ESP,36,439.19297829730067,421.2836481504461,-17.909330146854586,4.192629111999629,471.66362861105756,449.49386440934387,-22.16976420171369,3.480612911774571,490.7683886267313,467.4416049410314,-23.326783685699866,3.417167641026647,501.9833270188119,479.18545325898594,-22.79787375982596,3.262608719642996,32.47065031375694,28.210216258897795,-4.260434054859147,4.276639914789563,51.57541032943068,46.157956790585395,-5.417453538845287,4.371293781580973,62.790348721511215,57.90180510853985,-4.888543612971368,5.052251255770185,19.104760015673737,17.9477405316876,-1.1570194839861365,3.8197419668824644,30.319698407754267,29.691588849642056,-0.6281095581122109,3.845492052106303,11.21493839208053,11.743848317954455,0.5289099258739256,3.7179675079846697
homepos_h,EST,36,484.6383108452889,471.8466432606192,-12.79166758466971,4.946768155411778,510.55281244901255,497.6240423125053,-12.92877013650724,5.0937788865996545,522.4504441633605,512.7078850307137,-9.742559132646875,4.55706939923177,529.5512338441592,519.1202325579902,-10.431001286169021,5.186634453954554,25.914501603723625,25.77739905188608,-0.13710255183754683,5.7150392733764495,37.812133318071645,40.86124177009438,3.049108452022736,5.570845877811702,44.91292299887031,47.27358929737101,2.3606662985007034,6.080859197261678,11.897631714348018,15.083842718208302,3.1862110038602847,5.7389364819361335,18.998421395146682,21.496190245484932,2.4977688503382502,6.2432896853447,7.100789680798664,6.412347527276632,-0.6884421535220326,5.283163241374892
homepos_h,FIN,36,461.5814441114029,455.8963616968883,-5.685082414514625,4.588764086542507,495.31604806495625,477.8535731831691,-17.46247488178716,4.350982591279031,505.0631082763099,489.0177564893405,-16.045351786969377,4.4171950981448544,506.73184465378034,488.4823255675331,-18.249519086247233,4.26837591688719,33.73460395355336,21.957211486280794,-11.777392467272566,4.8553761746446655,43.481664164906945,33.121394792452236,-10.36026937245471,5.173827517910847,45.15040054237731,32.5859638706449,-12.564436671732409,5.25782737568199,9.747060211353585,11.164183306171442,1.4171230948178568,5.216133967814457,11.415796588823957,10.628752384364105,-0.7870442044598516,5.1072463547194085,1.6687363774703727,-0.5354309218073354,-2.2041672992777084,5.6002082108860165
homepos_h,FRA,36,425.6804412403114,415.0194758482883,-10.660965392023058,6.042293990392346,468.4057223423891,455.33173942988725,-13.073982912501833,5.76261153701219,490.1573210151786,471.7862309999744,-18.371090015204175,5.958135085979098,516.5557741250661,496.19561209978235,-20.360162025283785,5.829053845804688,42.72528110207768,40.312263581598984,-2.4130175204786966,6.18350558290858,64.47687977486717,56.766755151686084,-7.710124623181088,6.992754248906831,90.87533288475476,81.17613625149411,-9.699196633260641,7.798644467607033,21.75159867278951,16.4544915700871,-5.297107102702409,5.4443457360072305,48.15005178267707,40.86387266989512,-7.286179112781944,6.044076532677586,26.398453109887562,24.409381099808023,-1.9890720100795392,5.904315109867436
homepos_h,GBR,36,463.1869720740309,468.51800166153754,5.3310295875066345,5.40835387952045,492.2467721495685,492.4513617135767,0.20458956400818806,4.803672524292601,509.6465507827769,503.92253347522467,-5.724017307552231,5.349791742293068,528.0024516811387,521.599558228231,-6.402893452907733,5.737760463605493,29.059800075537556,23.933360052039234,-5.126440023498322,6.43070173125073,46.45957870874592,35.40453181368714,-11.05504689505878,6.7830838519584224,64.81547960710773,53.08155656669349,-11.73392304041424,7.479587733030957,17.399778633208363,11.471171761647906,-5.928606871560458,6.234213551490009,35.755679531570166,29.148196514654263,-6.607483016915904,6.855650171224208,18.355900898361803,17.677024753006357,-0.6788761453554457,6.690790280630268
homepos_h,GRC,36,409.7358719874102,397.27377291725907,-12.462099070151112,5.092737741365938,440.36071982473777,426.0522724963712,-14.308447328366583,6.120627767162587,450.1126703987585,438.68754831238795,-11.42512208637055,5.954604878365825,457.1820337127371,439.0294684073607,-18.152565305376413,5.670251412577685,30.62484783732764,28.77849957911211,-1.846348258215528,6.255829167159968,40.3767984113483,41.4137753951289,1.0369769837806047,6.726224271711888,47.446161725326945,41.755695490101616,-5.69046623522533,6.525598138623719,9.751950574020658,12.635275816016792,2.8833252419961344,6.4304738796036,16.821313887999302,12.977195910989503,-3.8441179770098,6.757648753610777,7.069363313978647,0.34192009497270986,-6.727443219005937,6.329688378740499
homepos_h,HUN,36,417.16198756721224,406.8948449708017,-10.267142596410508,6.47094559296332,468.3974679018921,452.8941390335764,-15.503328868315748,5.582156062599036,493.7719192785953,469.14260198903855,-24.629317289556752,4.974360574350652,514.9532289337146,486.61137032662975,-28.341858607084873,5.555271262823514,51.23548033467993,45.999294062774666,-5.236186271905261,6.933598765310258,76.6099317113831,62.24775701823687,-14.36217469314623,7.592968899369959,97.79124136650235,79.71652535582798,-18.074716010674365,8.234416880668178,25.374451376703167,16.248462955462195,-9.125988421240972,6.48089461225243,46.555761031822435,33.7172312930533,-12.838529738769132,6.613839317394964,21.18130965511927,17.468768337591104,-3.712541317528167,5.934317074138831
homepos_h,IRL,36,485.39898199605904,466.43148253424226,-18.96749946181677,5.155226551194055,510.8594472751426,498.341142761033,-12.518304514109616,4.744120097883917,530.5850328110187,515.3529126107845,-15.232120200234135,4.712494863392073,540.113352794192,525.7882266022577,-14.32512619193426,4.117940555326379,25.460465279083632,31.90966022679071,6.449194947707078,6.098463321354348,45.18605081495968,48.92143007654222,3.735379261582544,6.293378630003289,54.71437079813302,59.35674406801551,4.642373269882491,6.07674568133692,19.725585535876046,17.011769849751516,-2.71381568612453,5.282619345878942,29.25390551904938,27.447083841224792,-1.806821677824587,5.58700960860802,9.528319983173333,10.435313991473276,0.906994008299943,5.4497355586833205
homepos_h,ISL,36,410.4786051585569,392.92918291274657,-17.54942224581032,5.548544442009927,441.15705884324717,431.047217776876,-10.109841066371189,5.649786257830925,447.759474670477,439.9654962694882,-7.793978400988806,5.239164415818103,449.90344346634663,437.87611135057085,-12.027332115775778,5.278465837057307,30.678453684690275,38.11803486412941,7.439581179439138,8.546321942680215,37.28086951192008,47.036313356741616,9.755443844821535,7.253575884597796,39.424838307789734,44.94692843782427,5.522090130034535,7.148591153585473,6.602415827229805,8.918278492612199,2.3158626653823937,8.444381285527326,8.746384623099459,6.828893573694853,-1.9174910494046058,7.506212929100323,2.143968795869654,-2.0893849189173466,-4.233353714787,7.37569096675071
homepos_h,ISR,36,419.15271773785446,389.59243032057987,-29.560287417274594,7.482909321849571,471.94561031237845,436.61169429176255,-35.3339160206159,6.83900061326591,503.27472609983033,461.9394134134817,-41.33531268634863,6.523643915555171,507.3270480458623,465.9855238089949,-41.34152423686737,6.767378134207206,52.79289257452406,47.01926397118258,-5.7736286033414785,7.56578330768811,84.1220083619759,72.34698309290188,-11.775025269074021,7.209280437613504,88.17433030800787,76.39309348841498,-11.781236819592891,8.664542947004994,31.329115787451844,25.32771912171929,-6.001396665732553,7.134879985833198,35.38143773348381,29.3738295172324,-6.0076082162514055,7.667267778426066,4.052321946031964,4.046110395513108,-0.006211550518855802,7.331317316861161
homepos_h,ITA,36,450.2006978292664,433.8729386534389,-16.32775917582751,5.083570405895208,476.03486692023296,471.0369722679253,-4.99789465230765,4.938954251891405,496.02110046586984,491.72866226927925,-4.292438196590581,5.272816223199536,507.86233665102446,503.86439711168634,-3.9979395393381196,5.307236426045908,25.834169090966675,37.16403361448646,11.329864523519788,5.656746125420935,45.82040263660343,57.85572361584051,12.035320979237078,5.999754000548823,57.6616388217581,69.9914584582475,12.32981963648939,6.836568910115301,19.986233545636757,20.691690001354043,0.705456455717286,5.733119759815281,31.82746973079144,32.82742484376102,0.9999551129695838,5.613441075007829,11.84123618515468,12.13573484240698,0.2944986572523014,5.61719734224879
homepos_h,JPN,36,488.75220289223034,479.04624122127944,-9.705961670950899,7.639030232235196,518.904859402282,508.1676106109505,-10.737248791331524,5.939174133266685,528.6677341489233,515.9227458188454,-12.744988330077831,5.614176297651211,529.1146375988004,516.81114909135,-12.303488507450425,6.385237376070602,30.152656510051486,29.121369389671052,-1.0312871203804335,6.9622826985376385,39.915531256692894,36.876504597566026,-3.0390266591268684,7.384265453243622,40.36243470657005,37.76490787007067,-2.5975268364993767,8.129563416784455,9.76287474664141,7.755135207894972,-2.0077395387464385,6.274031619195152,10.209778196518561,8.643538480399622,-1.5662397161189396,6.676410368882246,0.4469034498771521,0.8884032725046496,0.4414998226274975,6.187595588115484
homepos_h,KOR,36,476.8500237673784,474.48186908895957,-2.3681546784188185,7.6457165896091555,514.0082605451742,501.5501739430626,-12.458086602111564,6.561796327896186,529.8952093952403,511.34359229287566,-18.551617102364617,6.086129556911778,544.8389027291969,521.9777141170161,-22.86118861218074,7.015249289366078,37.15823677779581,27.06830485410311,-10.089931923692696,6.931294838701503,53.04518562786188,36.86172320391609,-16.18346242394579,8.570776551380002,67.98887896181847,47.49584502805659,-20.49303393376188,9.069958161592215,15.886948850066085,9.793418349812981,-6.093530500253104,7.058979296071545,30.83064218402268,20.427540173953485,-10.403102010069194,7.371458670677665,14.943693333956594,10.634121824140504,-4.30957150981609,8.391347606844072
homepos_h,LTU,36,439.2642215180971,435.5284946668374,-3.735726851259699,4.812834324456763,474.7789322523655,467.7133924982116,-7.065539754153917,4.333772251045493,483.64989204207194,473.7457810618069,-9.904110980265045,4.1199328272481095,495.16632386874954,484.1142084208994,-11.052115447850156,4.909031004135187,35.51471073426838,32.184897831374215,-3.3298129028941617,5.964748425049038,44.385670523974774,38.21728639496947,-6.168384129005304,5.9094054446140865,55.902102350652385,48.585713754061935,-7.31638859659045,6.205258395205294,8.870959789706399,6.032388563595259,-2.8385712261111395,5.479859834890848,20.387391616384015,16.400815922687723,-3.9865756936962917,5.937305988322994,11.516431826677614,10.368427359092465,-1.1480044675851495,5.614294120277966
homepos_h,LVA,36,445.59939242225744,402.725873837102,-42.873518585155466,4.885028008600321,475.57522961391334,431.39307557676057,-44.18215403715277,4.550952370082564,483.5128478431604,439.32765686634855,-44.18519097681184,4.910258886184656,497.0883127697689,450.31799283861045,-46.77031993115844,4.459575114116767,29.975837191655888,28.667201739658612,-1.3086354519972758,5.413082508045218,37.91345542090299,36.6017830292466,-1.3116723916563942,6.140986013308621,51.48892034751141,47.59211900150841,-3.896801346003002,5.4703108408635055,7.937618229247102,7.934581289587987,-0.003036939659114779,5.3868868615642524,21.51308315585552,18.924917261849792,-2.5881658940057264,5.431547917616714,13.575464926608419,10.990335972261807,-2.5851289543466116,6.125853714880993
homepos_h,MEX,36,382.0436306641138,380.26892550666935,-1.77470515744443,4.374649177454802,407.5847848145644,401.37945024031336,-6.205334574251026,4.42646594366922,424.10116432891016,418.45141000446057,-5.649754324449589,5.673974916504741,453.0561814199256,435.2674804428965,-17.788700977029123,6.7623495488356085,25.541154150450573,21.110524733643974,-4.4306294168066,5.112018437980631,42.057533664796395,38.18248449779122,-3.875049167005173,6.23617533851246,71.01255075581187,54.99855493622719,-16.013995819584686,7.9734329067548995,16.516379514345818,17.07195976414725,0.5555802498014302,5.8676755856313525,45.47139660536128,33.88803020258321,-11.583366402778069,7.20781107934332,28.955017091015463,16.816070438435965,-12.138946652579499,6.410374832535725
homepos_h,NLD,36,407.83721896657516,418.5537654129991,10.716546446423934,8.287255449411685,466.2580678143104,450.21788455963963,-16.04018325467075,6.271434752926409,485.8719538868019,461.9708545438215,-23.901099342980444,6.914359722446866,487.2751244499756,460.8733816722753,-26.401742777700292,6.557206736398507,58.42084884773527,31.664119146640513,-26.75672970109476,7.6174546693360385,78.03473492022667,43.41708913082239,-34.61764578940428,8.77215450467303,79.43790548340037,42.319616259276195,-37.118289224124176,8.967965067529889,19.61388607249139,11.75296998418188,-7.86091608830951,7.6978966741763335,21.017056635665085,10.65549711263568,-10.361559523029404,7.652094788510282,1.4031705631736942,-1.0974728715461992,-2.500643434719893,7.736961024584966
homepos_h,NOR,36,441.7816447630527,427.04635372130815,-14.735291041744574,5.693379658386872,480.9368869638316,457.52869491758094,-23.40819204625069,5.534355848512092,497.72563014160676,474.07703396203897,-23.64859617956779,5.24041772358196,492.61258044533497,471.3291269955272,-21.28345344980778,5.122419832790583,39.155242200778915,30.48234119627283,-8.672901004506084,7.126541521630916,55.94398537855402,47.03068024073075,-8.913305137823265,6.875586772202577,50.830935682282195,44.28277327421903,-6.548162408063163,7.426416062031822,16.78874317777511,16.548339044457926,-0.2404041333171847,6.862283777844978,11.675693481503277,13.800432077946203,2.124738596442926,6.877200366736663,-5.113049696271832,-2.747906966511721,2.3651427297601115,6.43123129365413
homepos_h,NZL,36,459.84123226162427,455.2419393984812,-4.599292863143091,5.218310860445285,505.9610209871718,496.5966648344138,-9.364356152758035,5.328974144601339,520.9266514083131,520.129109918832,-0.797541489481091,5.7218574631735715,525.8049835894916,531.3554729961945,5.550489406702923,5.056295303886864,46.11978872554757,41.35472543593254,-4.765063289615036,6.848162583063667,61.085419146688665,64.88717052035074,3.8017513736620714,7.176010454248537,65.96375132786743,76.11353359771324,10.149782269845815,7.366551263929206,14.965630421141089,23.532445084418196,8.566814663277107,7.049638273822949,19.843962602319856,34.75880816178069,14.914845559460836,6.95154622192146,4.878332181178768,11.226363077362498,6.3480308961837295,7.181777179575207
homepos_h,POL,36,457.33633644006414,458.2099986435102,0.8736622034460311,5.3274986980234855,492.64139271114425,483.60879099549663,-9.032601715647615,5.149670000064513,500.28200118700744,493.82338104846724,-6.458620138540198,4.944035886435038,509.04260377564015,502.7817648657768,-6.2608389098633666,5.931911927976087,35.305056271080076,25.39879235198648,-9.906263919093597,5.978935359948165,42.94566474694331,35.61338240495701,-7.3322823419863,6.189945172991088,51.70626733557606,44.571766222266476,-7.134501113309582,7.328057999958653,7.640608475863229,10.214590052970527,2.573981577107298,5.783917641853805,16.401211064495982,19.172973870279996,2.7717628057840145,6.419763651966174,8.760602588632754,8.958383817309471,0.19778122867671755,5.868627935458053
homepos_h,PRT,36,439.35251629691356,429.03300774126166,-10.319508555651907,5.795501068411493,471.1155842540309,456.343674060094,-14.771910193936947,5.316545080231353,491.41420697202483,477.03213920043453,-14.3820677715903,5.698036786010926,508.2785168256705,490.69188087538487,-17.586635950285654,5.571407213350017,31.763067957117347,27.310666318832432,-4.452401638284915,5.633765511190941,52.06169067511134,47.99913145917292,-4.062559215938421,6.375616171652516,68.92600052875702,61.65887313412329,-7.267127394633725,7.148288897049923,20.298622717993993,20.68846514034049,0.38984242234649713,5.505862528354012,37.16293257163967,34.34820681529085,-2.814725756348821,6.199265904020337,16.864309853645675,13.659741674950363,-3.204568178695313,5.808719431445483
homepos_h,SVK,36,391.77987894986364,404.944510282678,13.164631332814338,7.336569192029253,456.1963938511497,452.2577551880871,-3.9386386630625907,5.372122232332152,471.4302584176177,466.60996075226194,-4.820297665355781,4.911357674933014,482.8630292318121,479.2781184321282,-3.5849107996838825,5.479116563150908,64.41651490128609,47.31324490540908,-17.103269995877014,7.781836699961455,79.65037946775418,61.6654504695839,-17.984928998170275,7.645007522583798,91.08315028194843,74.33360814945017,-16.749542132498263,8.949454665577457,15.233864566468082,14.352205564174824,-0.881659002293258,5.328239894674851,26.66663538066233,27.02036324404109,0.35372786337875795,6.557596082419619,11.432770814194248,12.668157679866265,1.2353868656720177,5.916289633408008
homepos_h,SVN,36,439.7660103822548,416.4908324345644,-23.275177947690395,5.113818902382268,476.2391943824843,452.51658050156163,-23.722613880922665,4.085710836247677,481.5473912258053,462.5092075869719,-19.038183638833402,4.245233086624694,478.6413466594587,461.24031145196295,-17.401035207495738,4.787347199837248,36.47318400022955,36.02574806699717,-0.4474359332323843,6.614689483292597,41.781380843550565,46.0183751524075,4.236994308856936,6.890275900740563,38.87533627720388,44.74947901739849,5.874142740194614,7.52263362529994,5.308196843321014,9.992627085410339,4.684430242089325,5.738611107539509,2.4021522769743227,8.723730950401329,6.321578673427006,6.585180215955463,-2.906044566346691,-1.2688961350090096,1.6371484313376814,6.2317104448673355
homepos_h,SWE,36,436.9752706886928,424.65827747674473,-12.316993211948045,5.819352382597576,491.00441974426815,471.073633629774,-19.93078611449414,6.0751110970796764,511.36559700636747,493.0127850819723,-18.352811924395155,5.801510863871893,517.4759030588948,491.07586633517593,-26.40003672371887,5.7672076549932,54.02914905557534,46.41535615302925,-7.613792902546088,6.974892322418292,74.39032631767466,68.35450760522754,-6.035818712447124,7.048234873369948,80.50063237020198,66.41758885843124,-14.08304351177074,7.929151078466209,20.361177262099325,21.93915145219828,1.5779741900989563,7.1085246110504094,26.47148331462663,20.002232705402,-6.4692506092246305,6.642966098490198,6.1103060525273065,-1.9369187467962774,-8.047224799323583,6.951615550489952
homepos_h,TUR,36,417.6094058541783,434.56126013331414,16.95185427913583,4.741095424746491,451.3391979818851,464.81420858341824,13.475010601533143,4.398780240190596,469.75243153707913,490.8823426019928,21.129911064913642,4.048399936006311,486.99486591006126,500.13608308417787,13.141217174116605,5.488493280950074,33.72979212770677,30.25294845010406,-3.4768436776027123,5.301432432951956,52.14302568290084,56.321082468678604,4.178056785777763,5.762387617144146,69.38546005588293,65.57482295086382,-3.8106371050191115,7.110794762750295,18.41323355519407,26.06813401857454,7.654900463380471,4.721725308335792,35.65566792817618,35.32187450075976,-0.33379342741641693,6.460152261655162,17.24243437298211,9.253740482185226,-7.988693890796885,6.154141804388057
homepos_h,USA,36,459.2662115283043,439.0887367863458,-20.17747474195852,9.037413686243893,492.16815124910147,482.31576798707385,-9.852383262027615,11.838297986089819,525.9373103770004,509.5844225916152,-16.352887785385178,14.127857691599319,541.7777507945761,540.3164401351338,-1.461310659442347,14.630161138860116,32.90193972079719,43.22703120072795,10.325091479930762,12.246840329627771,66.67109884869612,70.49568580526929,3.824586956573171,14.125581580105981,82.511539266272,101.22770334878793,18.71616408251593,15.846825351843348,33.76915912789893,27.26865460454136,-6.50050452335757,14.709599738552722,49.60959954547481,58.00067214805997,8.391072602585162,12.930319487085857,15.840440417575882,30.732017543518616,14.891577125942733,16.598196126611658
homepos_h,OECD,36,439.0100076747961,428.996602137942,-10.013405536854123,1.0001821713205825,476.60403240222615,463.21962854017465,-13.3844038620515,0.9781563608156656,494.56244306792104,479.7887171972237,-14.77372587069732,0.9423386633797085,505.08056770428476,489.0919466389948,-15.988621065289976,1.0006004201444065,37.59402472743001,34.22302640223285,-3.3709983251971636,1.1282877439227688,55.55243539312494,50.7921150592819,-4.76032033384304,1.1901713273575332,66.07056002948869,60.095344501052956,-5.975215528435733,1.2382661009793041,17.95841066569492,16.569088657049047,-1.3893220086458733,1.0527076493857404,28.476535302058675,25.872318098820113,-2.604217203238562,1.1626163579579392,10.518124636363757,9.303229441771066,-1.2148951945926907,1.1160675876826507
books_h,AUS,36,445.60659378117424,442.87706396958555,-2.729529811588691,3.891348068940114,495.63170346650713,490.6679925914297,-4.963710875077425,4.032187185386547,514.9054995267046,506.7494161002666,-8.156083426437988,4.059719558092695,541.9664698690756,533.1813931551922,-8.785076713883427,4.158564235732991,50.02510968533291,47.79092862184414,-2.2341810634887693,4.58219195140053,69.29890574553038,63.872352130681044,-5.4265536148493325,4.747234034723706,96.35987608790143,90.30432918560648,-6.0555469022949495,5.056474616372685,19.273796060197476,16.081423508836906,-3.1923725513605703,4.752434096612315,46.33476640256852,42.513400563762346,-3.821365838806173,4.750486893616107,27.060970342371046,26.431977054925436,-0.6289932874456099,5.035209850497364
books_h,AUT,36,413.6795405360335,407.09801165271386,-6.581528883319663,5.511799645298129,475.13709132063894,463.3489658016857,-11.788125518953223,5.78054607356819,502.3041949539429,486.5124835067594,-15.791711447183502,4.629413626135632,534.5127912591468,514.2871662654901,-20.225624993656652,5.057970429236517,61.45755078460549,56.25095414897171,-5.20659663563378,5.875294948731285,88.62465441790935,79.41447185404556,-9.210182563863796,6.631437503383371,120.83325072311322,107.18915461277615,-13.644096110337074,6.70235686900763,27.167103633303867,23.16351770507386,-4.003585928230006,6.204120312543992,59.37569993850775,50.93820046380444,-8.437499474703309,6.2740901788582955,32.208596305203876,27.77468275873058,-4.4339135464732955,5.37962652464515
books_h,BEL,36,414.68048665180305,407.17908722022423,-7.501399431578818,5.792962584872995,473.3085238148794,462.33203871467174,-10.97648510020764,6.026489791085945,501.66642368311494,491.2407628815334,-10.425660801581557,4.996634623482629,529.4997663993361,514.454772389723,-15.044994009613106,4.791953471363801,58.62803716307631,55.15295149444747,-3.475085668628836,5.934475953699625,86.98593703131182,84.06167566130921,-2.924261370002611,6.40072454035263,114.8192797475328,107.27568516949869,-7.543594578034117,6.928792934631404,28.357899868235524,28.90872416686174,0.5508242986262175,5.9650524103113325,56.19124258445652,52.122733675051236,-4.068508909405281,6.574870787105602,27.833342716221,23.21400950818949,-4.6193332080315095,5.352214714419422
books_h,CAN,36,462.2687044129451,450.6087427111831,-11.659961701762029,3.9898518287077143,509.41265943806013,491.2287523690993,-18.18390706896082,3.5384007975430354,523.3559244526516,507.150676977247,-16.205247475404633,3.9037069982161343,542.6666811815787,522.0075785332689,-20.65910264830984,4.268759542142787,47.143955025115105,40.62000965791627,-6.523945367198834,4.646777258349108,61.08722003970653,56.54193426606393,-4.545285773642597,4.959051460412575,80.3979767686336,71.39883582208574,-8.999140946547854,5.161180847125697,13.943265014591418,15.921924608147668,1.9786595935562499,4.19816526059568,33.2540217435185,30.778826164169477,-2.4751955793490232,4.988895560905813,19.310756728927082,14.856901556021807,-4.453855172905275,4.574648168336938
books_h,CHE,36,418.11686175491934,410.75316476488354,-7.363696990035805,5.211408519293946,474.3822323984058,462.37051321160953,-12.011719186796256,5.598446304648369,502.47844466585536,493.5413446657969,-8.937100000058479,5.378551268701358,540.1163331466626,518.8146019900421,-21.301731156620463,6.2495155175641,56.26537064348652,51.61734844672607,-4.648022196760451,5.9729976940757386,84.36158291093604,82.78817990091336,-1.5734030100226732,6.6116063855431575,121.99947139174307,108.06143722515876,-13.938034166584316,7.614711596721102,28.09621226744951,31.170831454187294,3.0746191867377846,6.444256432260082,65.73410074825658,56.444088778432686,-9.290011969823894,7.310486249260606,37.637888480807064,25.273257324245385,-12.364631156561678,6.938485811113408
books_h,CHL,36,411.9181622846446,404.4730872402649,-7.445075044379735,5.050354872269142,435.2214877834559,428.8664332669467,-6.355054516509256,5.552978513923931,464.34365337859833,446.8231627468266,-17.520490631771736,5.323745164590837,488.0968681134118,472.3717191542008,-15.725148959211026,5.3619552863641164,23.303325498811308,24.393346026681712,1.0900205278704043,5.860354808219152,52.42549109395377,42.35007550656171,-10.075415587392058,5.989634433105711,76.17870582876722,67.89863191393582,-8.280073914831405,6.753921658022789,29.122165595142462,17.956729479879993,-11.16543611526247,5.821484441965935,52.87538032995592,43.5052858872541,-9.37009444270182,5.76179972035444,23.75321473481346,25.548556407374104,1.7953416725606424,5.876818981897332
books_h,COL,36,371.6823091198976,369.0356297821022,-2.6466793377953763,5.336566276290943,395.41285336089425,390.80664958601307,-4.60620377488118,5.327145926562885,417.67285632152823,409.6632635363276,-8.009592785200653,6.599926194758655,458.28734159121586,439.66520539009906,-18.622136201116803,7.766765559420769,23.730544240996757,21.771019803910896,-1.9595244370858609,5.683961977611716,45.99054720163076,40.62763375422533,-5.3629134474054325,6.2294959085226145,86.60503247131831,70.62957560799691,-15.975456863321398,7.536048702540454,22.260002960634004,18.856613950314436,-3.403389010319568,5.586816872600432,62.874488230321546,48.858555804086016,-14.01593242623553,7.162661217303025,40.61448526968754,30.00194185377158,-10.612543415915962,7.023056174049978
books_h,CZE,36,423.01720392995924,408.62281868330314,-14.3943852466561,5.378673333933967,487.5144373080387,464.7887485824773,-22.725688725561383,5.37071635568993,507.23926312428705,487.7525328165958,-19.486730307691232,4.3532400880296445,537.1177638196007,512.442164603844,-24.67559921575662,5.621819261212449,64.49723337807943,56.16592989917423,-8.331303478905198,6.0216264267773365,84.22205919432774,79.12971413329268,-5.092345061035061,6.097801671098238,114.10055988964129,103.81934592054094,-10.28121396910035,7.668998057574103,19.72482581624832,22.963784234118457,3.238958417870137,5.042768123260061,49.60332651156186,47.65341602136671,-1.9499104901951512,6.8812321755123245,29.87850069531354,24.68963178724825,-5.188868908065292,5.681095752129987
books_h,DEU,36,412.32390150759875,397.06662217292063,-15.257279334678117,7.265378553659758,474.454084244584,458.91169005037284,-15.54239419421117,6.727838414322086,510.1342181001137,498.63700482090644,-11.497213279207244,6.394700266186863,541.3120773972296,532.2114522694912,-9.10062512773834,5.9659700990826146,62.13018273698524,61.84506787745217,-0.28511485953306703,6.820897765770237,97.81031659251487,101.57038264798584,3.760066055470972,7.776658228633502,128.98817588963078,135.1448300965707,6.156654206939919,8.099173931050078,35.68013385552963,39.72531477053367,4.045180915004039,6.503373493291601,66.85799315264558,73.29976221911849,6.441769066472915,6.985316547873561,31.17785929711594,33.57444744858483,2.3965881514688867,6.4054263012327715
books_h,DNK,36,442.51070074885257,419.33948593719754,-23.171214811655034,4.929174123092242,489.1877600543209,456.2075875501155,-32.98017250420543,6.235831897936843,502.4301327579748,475.75828545006135,-26.671847307913424,5.341740467786343,526.7193670689446,494.8387045693729,-31.880662499571713,5.5262992108405165,46.67705930546844,36.86810161291798,-9.808957692550457,7.0498804728615925,59.919432009122126,56.418799512863814,-3.500632496258312,6.36182524835833,84.20866632009202,75.49921863217537,-8.70944768791665,6.873679339663982,13.24237270365369,19.550697899945828,6.308325196292138,6.874223233371807,37.53160701462357,38.63111701925738,1.0995100046338138,7.3743685350837715,24.28923431096988,19.08041911931155,-5.208815191658331,7.115469170534112
books_h,ESP,36,425.4957021845115,409.5822226348844,-15.91347954962714,4.217830731465702,472.1604778646944,450.06963352984155,-22.090844334852875,3.4224870209932936,491.1430458384233,469.6565875123376,-21.48645832608571,3.1778083557739554,514.4509744125596,487.61664694325134,-26.834327469308278,3.3017525164273542,46.6647756801829,40.48741089495725,-6.177364785225649,3.9046768789904704,65.64734365391179,60.07436487745324,-5.572978776458548,4.271221257078503,88.95527222804814,78.03442430836694,-10.920847919681208,4.636001897422898,18.982567973728898,19.58695398249599,0.6043860087670936,3.6453282384822128,42.290496547865246,37.54701341340969,-4.743483134455559,4.2138759945809765,23.307928574136348,17.96005943091369,-5.347869143222656,3.7156059792425085
books_h,EST,36,466.6840667347727,453.8944311346707,-12.78963560010203,5.016853917711521,506.5517900077545,497.5376095506669,-9.014180457087605,4.61494805632754,522.3620285267399,512.8158390430921,-9.546189483647822,5.269117096620435,551.5150884199677,536.878460430338,-14.636627989629687,4.805537119232735,39.86772327298166,43.64317841599615,3.77545514301449,5.848660180401588,55.67796179196705,58.921407908421386,3.2434461164543364,5.985109455190817,84.83102168519486,82.9840292956674,-1.8469923895274576,6.043427244571482,15.810238518985397,15.278229492425236,-0.5320090265601607,5.75808329396276,44.963298412213206,39.34085087967125,-5.622447532541955,5.425309116098502,29.153059893227805,24.062621387246015,-5.0904385059817905,5.367480737111203
books_h,FIN,36,444.42099910861555,431.36783452435685,-13.053164584258695,4.887843456933394,487.0946904693243,474.30488470774856,-12.789805761575735,4.190333427164487,507.2326631590283,490.4310944851867,-16.801568673841587,4.817898041749987,531.5257759636426,514.1303491663659,-17.395426797276627,4.66435503839273,42.673691360708624,42.9370501833918,0.26335882268317334,5.975443521298051,62.81166405041265,59.063259960829875,-3.7484040895827775,5.892570596652897,87.10477685502687,82.76251464200898,-4.342262213017889,6.095117949631059,20.13797268970402,16.126209777438085,-4.011762912265937,5.328921541016814,44.43108549431824,39.82546445861718,-4.605621035701056,5.163343211359763,24.293112804614218,23.6992546811791,-0.593858123435119,5.801644862848268
books_h,FRA,36,403.622708339132,395.38001889140185,-8.242689447730129,5.936754794529782,462.6424687352886,453.08368059367206,-9.55878814161656,5.506125904047104,499.17531544450446,482.5164510355395,-16.658864408964973,5.77919465607294,534.7004425817887,506.0008101846821,-28.699632397106598,6.392075588226412,59.01976039615668,57.70366170227025,-1.316098693886424,5.972721008352153,95.55260710537246,87.13643214413761,-8.416174961234844,7.1456161304915184,131.0777342426567,110.62079129328012,-20.456942949376582,7.496612586400404,36.53284670921577,29.43277044186737,-7.100076267348399,5.85189386836619,72.0579738465,52.9171295910099,-19.1408442554901,6.50923157824188,35.525127137284244,23.484359149142534,-12.04076798814171,5.677710419676117
books_h,GBR,36,440.8686393114611,447.43401037338083,6.565371061919734,4.965362686243286,489.8105740946856,491.00856095853914,1.1979868638535436,4.757240878211649,512.042276696495,505.96441089997154,-6.077865796523497,5.085664985358365,549.1395201602422,542.441542086988,-6.697978073254262,5.695329455810846,48.9419347832245,43.57455058515832,-5.367384198066176,5.80949725512304,71.17363738503391,58.53040052659067,-12.643236858443245,6.143820297883693,108.27088084878116,95.00753171360705,-13.26334913517411,7.157564702606864,22.231702601809424,14.955849941432337,-7.275852660377087,6.102930296263531,59.32894606555667,51.43298112844873,-7.895964937107941,6.367872785302047,37.09724346374725,36.4771311870164,-0.6201122767308505,6.5855976550276845
books_h,GRC,36,395.39797196492293,381.3050659888239,-14.092905976099019,5.568118307184444,433.117396895413,417.2275671090216,-15.889829786391374,5.624050600061333,452.2769252292802,438.84911050641085,-13.427814722869357,5.309282675561027,475.44846705122984,461.4959608845173,-13.952506166712567,5.73710593674658,37.71942493049008,35.92250112019779,-1.7969238102922844,5.553695478758914,56.87895326435718,57.54404451758696,0.6650912532297824,6.035430139408534,80.05049508630684,80.19089489569342,0.14039980938657948,6.634812930801432,19.159528333867097,21.62154339738917,2.462015063522074,6.233444040736686,42.33107015581676,44.268393775495625,1.937323619678864,6.125515046791895,23.17154182194966,22.646850378106457,-0.5246914438432029,5.569009819503204
books_h,HUN,36,396.1087847327577,388.683187537716,-7.425597195041746,6.619521037487324,468.66260673257295,450.43183706476265,-18.230769667810307,4.887595136504473,498.817892712121,476.50403286416395,-22.313859847957076,4.915082335914769,528.4135125148438,496.391974395106,-32.021538119737784,5.862912914101139,72.55382199981528,61.74864952704659,-10.805172472768696,7.085647371953492,102.70910797936331,87.820845326448,-14.888262652915316,7.417308053649355,132.30472778208613,107.70878685738997,-24.595940924696166,8.591012510999962,30.155285979548033,26.072195799401403,-4.08309018014663,5.445254296367795,59.75090578227084,45.96013733034337,-13.79076845192747,6.531727538765855,29.595619802722815,19.88794153094197,-9.707678271780846,5.7098588726821315
books_h,IRL,36,463.49334580192334,448.7345835850392,-14.758762216884122,4.858126528697427,515.1205557439037,498.78058545013164,-16.339970293772012,4.27378729506619,530.6689709178179,515.118865152769,-15.550105765048897,4.431711072805443,557.8449507481748,543.7282485234776,-14.116702224697178,4.136057223934627,51.62720994198031,50.04600186509241,-1.5812080768879042,5.265032990999851,67.17562511589445,66.38428156772976,-0.79134354816469,5.161947752494643,94.35160494625144,94.99366493843851,0.6420599921870718,5.750975770422754,15.548415173914146,16.338279702637358,0.7898645287232124,5.239327695285622,42.72439500427113,44.94766307334609,2.2232680690749618,5.136405596622644,27.175979830356983,28.609383370708734,1.433403540351751,4.708319888330571
books_h,ISL,36,391.0366915949306,377.5082309692409,-13.528460625689661,5.390903648131611,433.1345603172179,420.2939793823506,-12.840580934867319,5.531944818157375,455.7234843859863,440.17998208140824,-15.543502304578055,5.481252053233582,468.53664146773417,463.41441886770747,-5.122222600026703,5.107162195612724,42.09786872228733,42.78574841310971,0.6878796908223777,7.854699249999788,64.68679279105567,62.67175111216737,-2.015041678888295,7.942130957414037,77.49994987280354,85.90618789846651,8.406238025662972,7.625946496408303,22.58892406876833,19.886002699057673,-2.702921369710655,6.924489780228574,35.402081150516224,43.1204394853568,7.718358334840573,7.672969766689014,12.813157081747892,23.234436786299124,10.421279704551232,7.689358606236329
books_h,ISR,36,412.1264847961969,383.43258468401234,-28.693900112184565,6.593159459212931,466.15317116760025,435.6440246946633,-30.509146472936948,6.35343589615051,501.96128066289293,467.643654649984,-34.31762601290893,7.949053777396486,525.4949951479622,488.13118626980815,-37.36380887815403,7.412872911764664,54.02668637140336,52.211440010650946,-1.8152463607524112,6.7587018338636256,89.83479586669591,84.21106996597162,-5.6237259007242955,8.510304485991023,113.36851035176532,104.69860158579574,-8.66990876596958,9.520679211227991,35.808109495292555,31.99962995532067,-3.8084795399718843,7.775193469956777,59.34182398036196,52.487161575144796,-6.854662405217162,8.809839399140634,23.533714485069403,20.487531619824118,-3.046182865245285,9.122331671950525
books_h,ITA,36,436.990311166083,423.3434729269523,-13.646838239130716,5.09743888800339,476.759395175181,470.12707895789464,-6.632316217286359,4.975638816704325,498.48130321701274,491.6924938596368,-6.788809357375953,4.956152665532542,517.2188165790806,515.3726960202409,-1.8461205588396297,5.738345554518311,39.769084009097924,46.783606030942394,7.014522021844471,5.770809017794783,61.490992050929705,68.34902093268447,6.8580288817547626,6.473192601525123,80.22850541299746,92.02922309328865,11.800717680291186,6.759180015613101,21.721908041831778,21.56541490174207,-0.15649314008970805,5.236307641533788,40.45942140389955,45.245617062346255,4.786195658446708,5.662473301251492,18.737513362067766,23.68020216060419,4.942688798536423,6.055671290229044
books_h,JPN,36,477.6805560522345,463.55624150855556,-14.124314543678963,6.705605003629008,519.2355150329403,507.1961288723338,-12.039386160606455,5.895276804637723,528.3335961851803,515.2785907835812,-13.055005401599146,6.225415292080613,539.9826224314171,534.3873416186393,-5.595280812777787,6.3516008061071565,41.554958980705614,43.639887363778236,2.084928383072622,6.717105059782803,50.65304013294572,51.72234927502559,1.0693091420798737,7.270442052520376,62.30206637918246,70.83110011008367,8.529033730901205,7.541487841320377,9.098081152240104,8.08246191124735,-1.0156192409927538,6.159067507415023,20.74710739847685,27.191212746305446,6.444105347828597,5.829231773064538,11.649026246236748,19.108750835058096,7.459724588821349,5.9094646176090615
books_h,KOR,36,471.0591511745994,469.2486585180468,-1.810492656552583,8.307819633580028,513.6852025130931,501.06703779090185,-12.618164722191295,8.815743203274469,531.8080719669514,514.1766743327491,-17.631397634202244,5.711906762691738,546.5787174472484,524.0061141865107,-22.572603260737765,6.13728843416363,42.62605133849382,31.818379272854987,-10.807672065638837,10.386239962643334,60.7489207923521,44.9280158147023,-15.820904977649803,8.207856071797828,75.519566272649,54.7574556684639,-20.762110604185104,9.577645948236261,18.12286945385828,13.109636541847312,-5.013232912010967,8.703705233806417,32.893514934155164,22.939076395608907,-9.954438538546256,9.632734535123635,14.770645480296889,9.829439853761595,-4.941205626535293,6.504808388484762
books_h,LTU,36,424.34117984583554,423.4924848191845,-0.8486950266510576,4.469907967550869,464.80595222595656,460.72098701921084,-4.084965206745721,4.544663364217461,488.9056084161246,478.8305978961768,-10.075010519947796,4.0459743023375445,513.2681536084833,496.67321750058807,-16.59493610789525,4.8466430485406775,40.46477238012102,37.228502200026334,-3.236270180094685,5.788038601856417,64.56442857028908,55.33811307699237,-9.22631549329671,5.329382433771137,88.92697376264769,73.18073268140363,-15.746241081244065,5.8552002586805,24.099656190168055,18.10961087696604,-5.990045313202014,5.169380531004497,48.46220138252667,35.95223048137729,-12.50997090114938,6.449338640878405,24.362545192358617,17.842619604411247,-6.51992558794737,5.3512086185976875
books_h,LVA,36,434.1699729244777,388.5104713483973,-45.6595015760804,4.860864411798056,472.8074651458197,423.27758063815355,-49.52988450766617,5.211917357199349,485.22581386775937,445.7471907020011,-39.47862316575828,4.363054526967447,509.4829965205237,466.4492879303678,-43.033708590155925,4.393491370414925,38.63749222134206,34.7671092897562,-3.8703829315858584,5.862418100639867,51.055840943281694,57.2367193536038,6.180878410322109,5.673680454190885,75.31302359604607,77.93881658197047,2.625792985924406,5.487663965238398,12.418348721939633,22.469610063847604,10.05126134190797,5.452453777514391,36.67553137470399,43.17170729221427,6.4961759175102785,5.794441227741188,24.257182652764364,20.70209722836667,-3.555085424397692,5.722749984260116
books_h,MEX,36,390.8850889050771,380.38124193576436,-10.503846969312747,4.545824294795685,405.77504138923206,398.0214162689476,-7.753625120284482,4.058416425122047,422.14712116978455,416.1369118157451,-6.010209354039432,5.039368313031693,444.43914621350893,439.2205364946085,-5.218609718900439,6.857566032717737,14.88995248415498,17.640174333183097,2.750221849028117,4.95879175752744,31.26203226470745,35.75566987998067,4.493637615273222,5.293519824430651,53.55405730843184,58.83929455884398,5.285237250412145,7.515367148272801,16.37207978055247,18.115495546797575,1.743415766245107,5.256443392954436,38.66410482427686,41.19912022566088,2.5350154013840154,7.322769154984367,22.29202504372439,23.083624678863305,0.7915996351389154,6.001360088710654
books_h,NLD,36,394.2459839026056,381.7384875351387,-12.5074963674669,8.325003959527358,452.40114713657397,436.7447414826922,-15.65640565388179,7.655302746016975,486.3506288546071,465.56022595701995,-20.79040289758717,6.021699340032207,513.9166878132405,488.54063730260697,-25.376050510633547,6.63952115319088,58.15516323396834,55.0062539475535,-3.1489092864148347,8.606471826708663,92.10464495200146,83.82173842188118,-8.282906530120286,8.450046377933186,119.67070391063494,106.80214976746825,-12.86855414316669,9.628158190161763,33.949481718033134,28.815484474327672,-5.133997243705462,8.013127665262903,61.51554067666659,51.79589581991473,-9.719644856751856,8.98450374538989,27.56605895863346,22.98041134558706,-4.5856476130463975,7.561156515752191
books_h,NOR,36,422.84558089919585,411.4145491184507,-11.431031780745172,5.0785987064977025,473.6927166512346,452.1930908695499,-21.4996257816847,4.523053681410019,501.5852741068178,471.51723766579306,-30.06803644102473,5.6310499707252415,515.3541904695976,494.91290376142297,-20.44128670817463,5.191317970794273,50.84713575203877,40.778541751099205,-10.068594000939562,5.974042820129145,78.73969320762197,60.10268854734236,-18.637004660279608,6.1374029743151475,92.50860957040175,83.4983546429723,-9.010254927429443,6.935362509284795,27.892557455583205,19.32414679624315,-8.568410659340056,6.118815301341581,41.66147381836298,42.7198128918731,1.058339073510119,5.980368045051516,13.768916362779771,23.395666095629945,9.626749732850174,6.9959888601300975
books_h,NZL,36,448.2111959711718,443.3697262602985,-4.841469710873298,5.331128383607094,498.50696273237634,490.38943985937647,-8.11752287299987,5.678763973806519,517.079130981549,524.5773042609997,7.4981732794506115,5.7757763047901935,548.3449889319606,545.3209767049232,-3.024012227037474,5.227623523365673,50.29576676120453,47.01971359907806,-3.2760531621264732,7.453280302391469,68.8679350103773,81.20757800070112,12.339642990323824,7.20062721798489,100.1337929607888,101.95125044462478,1.8174574838359803,7.202120142289012,18.572168249172773,34.18786440162306,15.615696152450287,7.677126844075982,49.83802619958426,54.9315368455467,5.093510645962439,7.565117412386748,31.265857950411487,20.74367244392364,-10.522185506487848,7.613486165691476
books_h,POL,36,437.2207280495477,428.2201533260874,-9.00057472346026,5.889474364772951,483.5140897710315,479.5763649498573,-3.9377248211741858,5.28190347881323,506.21138136378585,501.2848508929872,-4.926530470798639,5.00428125220441,533.1016209818573,528.6539769233206,-4.447644058536753,5.98327963381851,46.29336172148379,51.35621162376981,5.062849902286018,6.117741757557017,68.99065331423814,73.06469756689967,4.074044252661523,6.79504975805865,95.88089293230959,100.43382359723299,4.5529306649233945,8.109639755148468,22.697291592754368,21.708485943129865,-0.9888056496245028,6.0760870411197345,49.587531210825816,49.07761197346318,-0.509919237362638,6.481345920363335,26.89023961807145,27.369126030333312,0.47888641226186124,6.628415531147523
books_h,PRT,36,424.7938589701641,412.99614201081056,-11.797716959353522,5.761897631593654,468.1563106918985,453.69375250339726,-14.462558188501248,6.97768783905528,494.5903556181088,483.02220405574934,-11.568151562359446,4.976093368038826,522.3772907140028,503.3088370746347,-19.0684536393681,4.940203300850033,43.36245172173436,40.69761049258656,-2.6648412291477968,6.1546404005743796,69.79649664794468,70.02606204493881,0.2295653969941327,5.876560137806407,97.58343174383867,90.31269506382407,-7.270736680014608,6.846316344950586,26.434044926210323,29.32845155235225,2.894406626141926,6.71650760706548,54.22098002210432,49.61508457123751,-4.605895450866811,7.037355293600409,27.786935095893995,20.28663301888526,-7.500302077008733,5.743633983913784
books_h,SVK,36,367.821869844615,379.1612583822247,11.339388537609693,6.827088761352689,445.31199783327236,447.2362636388587,1.9242658055863444,5.993799153927316,478.8088124472579,470.12094196860596,-8.687870478651917,4.881532008103509,499.29156958423835,499.4157767378941,0.12420715365573187,5.725035094346441,77.49012798865743,68.07500525663401,-9.41512273202342,7.1374765403546885,110.98694260264293,90.9596835863814,-20.027259016261524,7.296496211034486,131.4696997396233,120.25451835566938,-11.215181383953933,8.6352899873667,33.496814613985485,22.884678329747384,-10.612136284238101,5.928094115720851,53.979571750965874,52.179513099035375,-1.8000586519304989,6.707249005989074,20.482757136980393,29.29483476928799,8.812077632307599,6.307028618364372
books_h,SVN,36,416.36939453269014,393.5755241446981,-22.793870387992058,3.8890161962341643,465.79874541161416,444.93530672088275,-20.863438690731414,4.14179943450308,486.92424560283325,465.0429607834114,-21.881284819421865,4.229515641050008,507.20888547819203,486.7893865188935,-20.41949895929855,4.610317893169625,49.429350878923984,51.35978257618469,1.9304316972607083,5.258349495142058,70.55485107014309,71.46743663871328,0.9125855685701936,5.426552613916379,90.8394909455019,93.21386237419543,2.374371428693536,6.374146330709442,21.1255001912191,20.10765406252859,-1.0178461286905112,5.833447859408605,41.41014006657791,41.85407979801075,0.4439397314328417,6.0267664776698195,20.284639875358806,21.746425735482166,1.46178586012336,6.855600483951465
books_h,SWE,36,425.38412751942235,407.80502941757857,-17.579098101843783,5.889829506120305,480.453103663998,458.1554638999825,-22.297639764015457,5.694570775687991,508.75687193654875,489.6517708555517,-19.10510108099703,5.454549644619338,539.8676210073193,522.4245453180945,-17.44307568922477,5.798262220210922,55.06897614457578,50.35043448240398,-4.718541662171795,6.342989312165709,83.37274441712654,81.84674143797307,-1.5260029791534748,6.969715623119517,114.483493487897,114.61951590051612,0.13602241261912695,7.618258937420813,28.30376827255077,31.49630695556909,3.19253868301832,5.9301011351359145,59.414517343321236,64.26908141811212,4.854564074790886,6.795447965863621,31.11074907077047,32.77277446254304,1.6620253917725698,6.207686229840332
books_h,TUR,36,407.7635653207461,426.57924891229356,18.81568359154744,4.656050470964786,449.1812785364153,467.9149070625696,18.733628526154348,4.412874251919109,471.3223617017937,486.648109490563,15.32574778876932,3.8668860862878875,496.66820656341224,508.5800021778887,11.911795614476432,4.768456246623669,41.41771321566911,41.33565815027601,-0.08205506539309937,5.267863074084077,63.55879638104752,60.06886057826936,-3.489935802778163,5.38514626205832,88.9046412426662,82.00075326559518,-6.903887977071022,6.139345049625301,22.141083165378422,18.733202427993355,-3.4078807373850672,4.707506335032357,47.48692802699709,40.665095115319176,-6.821832911677916,5.537042706633421,25.345844861618666,21.93189268732582,-3.413952174292845,5.3941541419222805
books_h,USA,36,440.473475157795,423.6332115322293,-16.840263625565683,8.077311065276977,488.51047517990116,479.24081702199675,-9.269658157904416,12.678154450747174,527.3265839191494,515.5480627203914,-11.778521198757971,14.751143149051186,561.0983597923662,551.4295361041528,-9.668823688213365,12.0073475953525,48.03700002210617,55.60760548976744,7.570605467661267,11.662853107508875,86.85310876135432,91.91485118816209,5.061742426807768,15.189568419235336,120.62488463457116,127.79632457192346,7.171439937352304,13.31865149496473,38.81610873924815,36.307245698394645,-2.5088630408535053,15.450080913354553,72.58788461246499,72.188719082156,-0.3991655303089914,11.643195384593596,33.77177587321684,35.88147338376135,2.109697510544514,11.726286485429785
books_h,OECD,36,424.31433054259213,413.650049615406,-10.664280927186155,0.9761605431342194,472.2974034530216,459.12228089784514,-13.175122555176472,1.031667465484479,495.88310155259234,481.62069693817074,-14.262404614421598,0.9599864695029187,521.8212695125221,505.5552813457708,-16.2659881667513,1.0025475194133209,47.983072910429584,45.4722312824391,-2.5108416279904873,1.1180515042610357,71.56877101000028,67.97064732276469,-3.598123687235585,1.1549353539027787,97.50693896993009,91.90523173036483,-5.601707239565258,1.241949313612212,23.585698099570685,22.4984160403256,-1.0872820592450836,1.0906265506621793,49.52386605950051,46.43300044792574,-3.0908656115747704,1.2260669107066466,25.938167959929824,23.93458440760014,-2.003583552329683,1.0344045151820824
escs_cc,AUS,36,458.9756848542138,465.1508815204176,6.175196666203817,3.7450940303091182,487.986239082664,492.92561426822857,4.939375185564586,4.286025162112938,521.7970091540059,523.3689759918451,1.571966837839227,4.143206688233697,552.9035724404894,533.2437552521084,-19.659817188381,4.18293862660984,29.010554228450246,27.77473274781092,-1.235821480639327,5.571168740018649,62.821324299792174,58.21809447142741,-4.603229828364761,5.002268315778365,93.92788758627555,68.09287373169073,-25.835013854584815,5.083281953256183,33.81077007134193,30.443361723616484,-3.367408347725444,5.069991795087474,64.91733335782533,40.318140983879815,-24.599192373945513,5.072393756312875,31.10656328648339,9.874779260263335,-21.231784026220055,4.658273521436097
escs_cc,AUT,36,438.9392440765922,440.36174563163166,1.422501555039446,5.363097890997325,472.17555570410315,471.8887301149186,-0.28682558918455925,5.203368777084882,509.88949703955734,494.34413868739546,-15.545358352161884,4.697976312694228,542.8051342386374,520.511196047748,-22.293938190889435,4.6463926622332075,33.23631162751087,31.526984483286878,-1.7093271442239946,6.3509943135587825,70.9502529629652,53.98239305576376,-16.967859907201436,6.022141267862615,103.8658901620452,80.14945041611625,-23.71643974592895,6.663291386721184,37.71394133545431,22.455408572476887,-15.25853276297742,5.9291493758159985,70.62957853453432,48.62246593282937,-22.007112601704947,5.770621930077612,32.91563719908001,26.16705736035248,-6.7485798387275295,5.133610289652837
escs_cc,BEL,36,433.50335689978374,449.8640945004293,16.360737600645564,5.054738142910764,469.6155741966492,482.25783684184626,12.642262645197036,5.651192045473438,508.78875519449684,510.5533785663092,1.7646233718123767,4.821247368145604,543.6659332372534,524.2690075631094,-19.396925674143972,5.227417990635039,36.11221729686552,32.39374234141706,-3.718474955448464,6.221100774818262,75.28539829471318,60.689284065879995,-14.59611422883318,6.346970364301087,110.16257633746952,74.40491306268021,-35.75766327478931,6.887043203168406,39.173180997847645,28.29554172446293,-10.877639273384716,5.867452447897577,74.05035904060401,42.01117072126315,-32.03918831934086,7.153177723695238,34.87717804275637,13.715628996800216,-21.161549045956153,5.883655092845372
escs_cc,CAN,36,480.7843897215006,473.75359824349715,-7.030791478003437,3.6931846776759474,504.0946862420184,502.9011941067035,-1.193492135314898,3.6906171555924563,528.2755085310666,525.1576998050783,-3.1178087259883114,3.6254084330795107,550.463237435263,525.7463863926047,-24.716851042658277,4.74793996535684,23.310296520517834,29.147595863206256,5.837299342688421,4.683554282690979,47.49111880956603,51.404101561581115,3.9129827520150826,4.760168262127741,69.67884771376244,51.9927881491076,-17.68605956465484,5.426449132987852,24.180822289048194,22.25650569837486,-1.9243165906733353,4.5151917240743895,46.368551193244606,22.84519228590134,-23.523358907343265,5.425660583093645,22.187728904196412,0.5886865875264788,-21.599042316669934,4.873382569262057
escs_cc,CHE,36,433.8188018802697,448.83350440558405,15.014702525314362,5.200196445559749,474.2899150684116,476.41930090152607,2.1293858331144975,5.500772480704656,511.0081549306909,504.7064841264144,-6.301670804276512,5.502549014056778,552.6097806215623,529.1417213768195,-23.46805924474279,5.373832308380499,40.471113188141985,27.58579649594206,-12.885316692199925,6.196745463286134,77.18935305042127,55.87297972083032,-21.316373329590952,6.510292389199058,118.79097874129263,80.30821697123542,-38.48276177005721,7.308967567048825,36.71823986227929,28.287183224888263,-8.431056637391027,6.308246250343539,78.31986555315065,52.72242047529337,-25.59744507785728,6.281734065244225,41.60162569087136,24.435237250405113,-17.166388440466246,6.607095604433328
escs_cc,CHL,36,418.90127757934454,422.8216627452513,3.920385165906737,6.147810449826251,445.68392208890475,435.3123540992971,-10.371567989607627,5.417967573129339,463.6433663352209,454.0547234983637,-9.588642836857161,5.594781161158796,495.3413712659262,492.8766277748961,-2.464743491030106,5.302252286706995,26.782644509560185,12.490691354045845,-14.29195315551434,7.290906120862753,44.74208875587628,31.233060753112408,-13.509028002763873,7.493983188432121,76.44009368658173,70.05496502964483,-6.3851286569368995,8.049069898355844,17.9594442463161,18.742369399066565,0.7829251527504653,6.615989575628034,49.65744917702155,57.564273675598976,7.9068244985774285,5.875081399692118,31.698004930705444,38.82190427653241,7.123899345826963,6.49056841965529
escs_cc,COL,36,369.7052682129938,372.17628578191426,2.4710175689204448,4.707295160061732,395.31262365122006,402.5615248033206,7.2489011521005295,6.117152428848969,418.9910391849322,423.71335438770654,4.722315202774325,6.722344624576784,471.7841941240634,464.1515910207322,-7.632603103331178,9.503338452622948,25.607355438226268,30.385239021406345,4.777883583180078,6.339157208492869,49.28577097193839,51.53706860579234,2.2512976338539517,7.0311195890723575,102.07892591106956,91.97530523881797,-10.103620672251594,10.463876684542626,23.67841553371212,21.151829584385997,-2.5265859493261225,5.602037391904754,76.4715704728433,61.59006621741163,-14.881504255431665,9.566584154595894,52.793154939131185,40.43823663302563,-12.354918306105553,8.994633897604121
escs_cc,CZE,36,438.07139040572366,444.90650553412127,6.835115128397604,5.129545415087572,484.4306056888594,468.5217855818986,-15.908820106960775,4.640781960796813,506.08456542815856,490.20686511716366,-15.877700310994896,5.12335194213981,548.8784281316422,519.752011500768,-29.126416630874132,5.632112742984713,46.35921528313574,23.615280047777286,-22.743935235358453,5.768442467882621,68.01317502243498,45.300359583042415,-22.712815439392564,6.032945914624388,110.80703772591846,74.8455059666467,-35.961531759271764,7.633104119357601,21.65395973929923,21.685079535265128,0.031119795965899755,5.53522401630016,64.44782244278272,51.23022591886943,-13.217596523913294,6.551481407878027,42.7938627034835,29.545146383604294,-13.248716319879204,6.4453687597126414
escs_cc,DEU,36,450.4973037356038,442.6922484988462,-7.805055236757596,5.710800541338674,481.2007168508411,481.8253301039164,0.6246132530752675,6.741666648845341,506.6629465899755,511.02484918995816,4.36190259998267,7.18597456593295,553.9234030379,548.7957069283751,-5.127696109524891,5.822208530038099,30.703413115237367,39.13308160507006,8.429668489832693,7.1253464697246685,56.165642854371754,68.33260069111194,12.166957836740181,7.575081243504501,103.42609930229625,106.10345842952897,2.6773591272327195,7.744492137392173,25.462229739134393,29.199519086041867,3.737289346907474,7.504460846989194,72.72268618705888,66.97037682445892,-5.752309362599959,7.651201922305134,47.2604564479245,37.77085773841705,-9.489598709507447,7.443679949649053
escs_cc,DNK,36,457.51470524077797,444.7404702444158,-12.774234996362168,5.0014339947746045,484.9040207853219,466.8746471053382,-18.029373679983678,5.7802639115220025,513.4128386921575,493.83991126726767,-19.572927424889826,6.100681984883931,523.5942520973816,496.01906718840917,-27.57518490897246,6.717037419289167,27.38931554454402,22.134176860922413,-5.255138683621606,6.650607148598151,55.89813345137954,49.09944102285191,-6.79869242852763,6.916394207570771,66.07954685660377,51.278596943993534,-14.800949912610236,8.057119393832256,28.508817906835525,26.965264161929504,-1.5435537449060206,7.0238781527831975,38.690231312059744,29.14442008307113,-9.545811228988615,8.304383308461711,10.18141340522422,2.179155921141626,-8.002257484082595,8.271516993728973
escs_cc,ESP,36,444.96993520351725,430.4665768726721,-14.503358330845174,3.6271017612738565,466.172540540006,451.8980310827483,-14.27450945725775,3.6134958795714978,491.4598430436839,477.0161910595223,-14.44365198416159,3.070967754365155,521.4118282243552,488.9304085061359,-32.481419718219286,3.282020647536544,21.202605336488734,21.431454210076225,0.2288488735874914,3.934295324040194,46.48990784016667,46.549614186850285,0.059706346683611855,4.049250779665415,76.44189302083785,58.46383163346386,-17.97806138737399,4.66394681882669,25.28730250367794,25.11815997677406,-0.16914252690387954,3.730566330341781,55.239287684349094,37.03237742338762,-18.20691026096147,4.353354287286471,29.951985180671166,11.914217446613566,-18.0377677340576,3.655010955915589
escs_cc,EST,36,481.19026573374424,468.7890414001589,-12.401224333585333,4.889018176989007,501.13743669616923,493.72883200117747,-7.408604694991766,5.204294120750091,527.0143555269649,525.6688142017395,-1.3455413252254402,4.750246744704992,553.2791765788133,535.7826777519306,-17.49649882688277,5.193353084938128,19.947170962424984,24.93979060101855,4.992619638593567,6.4705252014833725,45.82408979322064,56.87977280158052,11.055683008359885,6.363583200974247,72.08891084506907,66.99363635177173,-5.095274493297339,6.540175634366367,25.87691883079565,31.939982200561968,6.0630633697663185,5.829877092578224,52.141739882644075,42.053845750753176,-10.087894131890899,5.957613866472988,26.264821051848422,10.113863550191207,-16.150957501657217,5.584929148845625
escs_cc,FIN,36,458.8357737875811,453.91777311036833,-4.918000677212774,4.243535447882661,481.83036932084406,477.54380465377,-4.28656466707406,4.4164222193015705,513.658732843943,507.771459997674,-5.8872728462689565,4.772681689324126,540.4541192637178,517.8581242557278,-22.595995007989927,4.359847806508181,22.994595533263045,23.6260315434017,0.6314360101386569,5.414553119877234,54.822959056361945,53.85368688730561,-0.9692721690563388,5.718087003509198,81.6183454761368,63.94035114535952,-17.677994330777274,6.047063632203006,31.828363523098904,30.227655343903905,-1.6007081791949993,5.3450169319134755,58.623749942873744,40.31431960195781,-18.30943034091593,5.657689968094512,26.79538641977485,10.086664258053906,-16.708722161720942,5.948799676591102
escs_cc,FRA,36,434.11965668773354,439.0826851260355,4.96302843830199,5.575873635883913,469.66595063522107,462.1748268510187,-7.491123784202387,5.701196269293921,499.5106582459757,493.8658456285337,-5.644812617442028,6.684995266407228,542.6715235828564,520.243817730034,-22.427705852822328,5.837208853540041,35.546293947487484,23.092141724983115,-12.45415222250437,6.377432223727343,65.39100155824215,54.78316050249806,-10.607841055744089,7.5510784306220335,108.5518668951228,81.16113260399847,-27.390734291124332,7.222290189568633,29.844707610754675,31.691018777514945,1.8463111667602696,6.930236328300672,73.0055729476353,58.06899087901536,-14.936582068619941,6.688097329158742,43.16086533688063,26.37797210150041,-16.78289323538022,5.962063882364518
escs_cc,GBR,36,474.8101769868189,481.73858278078814,6.928405793969262,4.737154453617942,496.0250795204603,503.3795636292034,7.354484108743122,5.469183261856944,508.19171760773986,521.2125338853832,13.020816277643348,5.088876904104268,556.5465758808296,544.4394289624145,-12.107146918415083,6.774731754116444,21.214902533641357,21.640980848415275,0.42607831477391755,6.701469260183615,33.381540620921015,39.47395110459511,6.092410483674094,6.311742861482313,81.73639889401065,62.70084618162641,-19.035552712384238,7.983183719625862,12.16663808727966,17.832970256179834,5.666332168900174,6.268996263449502,60.521496360369284,41.059865333211135,-19.46163102715815,7.920702619613193,48.354858273089626,23.226895077031305,-25.12796319605832,7.105849815722964
escs_cc,GRC,36,407.1106914861656,399.2912522961349,-7.819439190030664,6.395423334493137,430.2501708492773,422.11457397473544,-8.135596874541875,4.816849985872599,453.98788928720177,452.8726461390963,-1.1152431481054919,5.8977345673037345,490.2087133733192,471.44990287247236,-18.758810500846835,5.3418271255329,23.13947936311168,22.823321678600486,-0.3161576845111931,6.507803129391452,46.87719780103616,53.58139384296142,6.7041960419252575,7.035161765974117,83.09802188715362,72.15865057633752,-10.9393713108161,7.591598290694173,23.737718437924478,30.758072164360925,7.020353726436447,5.763014611263478,59.958542524041945,49.33532889773705,-10.623213626304896,6.1404395765626,36.22082408611746,18.577256733376124,-17.643567352741336,6.350670678546679
escs_cc,HUN,36,418.1000981052901,420.3937001139235,2.2936020086333997,5.870875956391126,460.4023153449633,451.01974551647436,-9.382569828488954,5.666015437931841,496.58489260987136,476.0160823947516,-20.568810215119754,5.771097569985268,539.8286019516605,504.62550373510464,-35.20309821655587,6.018651389482203,42.30221723967334,30.62604540255084,-11.6761718371225,7.130634053355146,78.48479450458133,55.62238228082814,-22.86241222375319,7.987509168403003,121.72850384637044,84.23180362118123,-37.496700225189215,8.453757304832125,36.182577264908,24.996336878277297,-11.1862403866307,6.426891808329985,79.42628660669712,53.6057582186304,-25.82052838806672,7.875193425493784,43.24370934178911,28.609421340353094,-14.634288001436019,6.7989118714427
escs_cc,IRL,36,481.60010066794655,478.2975980214952,-3.3025026464513303,4.094023497466905,506.8311082808821,495.9404866385248,-10.890621642357303,4.537747099626084,530.7614444434801,522.8147103465828,-7.946734096897217,4.512940956666628,556.0742436723666,543.8811401613009,-12.193103511065715,4.607292291195017,25.231007612935535,17.642888617029637,-7.588118995905898,5.641241273209474,49.16134377553365,44.51711232508772,-4.644231450445929,5.453815369620061,74.47414300442009,65.58354213980579,-8.8906008646143,5.363124608018838,23.930336162598117,26.874223708058082,2.9438875454599653,5.764296542899512,49.24313539148455,47.940653522776145,-1.302481868708405,5.530696342890309,25.312799228886433,21.06642981471806,-4.246369414168374,5.471065569621434
escs_cc,ISL,36,404.6796249372484,414.90015545149254,10.22053051424416,5.295777164645899,439.5646488095691,440.2926190798136,0.7279702702444979,5.944304859219609,454.66484031512425,464.16078556080004,9.495945245675784,5.349252843191024,482.60896299506965,470.9935594122924,-11.615403582777219,5.4090359048196195,34.88502387232073,25.39246362832112,-9.492560243999609,8.15158616940748,49.98521537787589,49.26063010930745,-0.7245852685684397,7.190506455277991,77.9293380578213,56.0934039607998,-21.8359340970215,7.9675668411057545,15.100191505555165,23.868166480986325,8.76797497543116,7.755321182350733,43.04431418550057,30.700940332478677,-12.343373853021891,7.7665797429236,27.9441226799454,6.832773851492351,-21.11134882845305,7.427962060856752
escs_cc,ISR,36,421.25976878665796,423.3148430555003,2.055074268842361,6.683593873018845,466.3481482313191,468.34383829916885,1.9956900678497504,7.797508745573481,514.0371351565159,488.4630148354706,-25.574120321045314,7.819949938798411,540.3350090175139,497.58890681223164,-42.746102205282284,6.145476920025928,45.08837944466107,45.02899524366857,-0.05938420099250408,8.530760603447748,92.77736636985784,65.14817177997038,-27.62919458988746,9.28660728414233,119.07524023085602,74.27406375673141,-44.80117647412462,8.343482030237912,47.68898692519678,20.119176536301815,-27.569810388894965,9.3008854963242,73.98686078619494,29.24506851306284,-44.7417922731321,8.53932390840601,26.297873860998163,9.125891976761029,-17.171981884237134,7.954652638081187
escs_cc,ITA,36,446.439814573877,446.38415773078657,-0.05565684309044627,4.974355109910938,476.6229699007363,477.69242766838215,1.069457767645872,4.887905178344427,495.4147035864209,494.2613342535568,-1.153369332864088,5.2840292676681235,522.7784699650973,521.0782416150626,-1.700228350034763,5.645554274954253,30.183155326859215,31.30826993759568,1.125114610736464,6.272900884151828,48.9748890125439,47.87717652277028,-1.0977124897736203,6.574414630403732,76.33865539122039,74.69408388427607,-1.6445715069443168,6.900361899019707,18.791733685684687,16.568906585174595,-2.2228271005100915,6.004905893848477,46.155500064361185,43.38581394668041,-2.769686117680777,6.836567763825411,27.363766378676495,26.81690736150581,-0.5468590171706857,5.22486775693036
escs_cc,JPN,36,482.61268901274326,477.32560468949424,-5.287084323249019,6.963210085124108,511.5037154873723,503.52601320667674,-7.977702280695553,6.146810710187115,533.1304797126533,525.2321979700017,-7.898281742651534,6.283651109686722,555.2594015486432,540.4473309761141,-14.812070572529024,6.596800965694092,28.891026474628955,26.200408517182478,-2.6906179574464772,7.090903586652397,50.51779069990986,47.90659328050747,-2.6111974194023873,7.7768921260594865,72.64671253589988,63.121726286619875,-9.524986249280005,9.10905959916955,21.6267642252809,21.706184763324995,0.07942053804409355,6.603037534663857,43.755686061270936,36.92131776943741,-6.834368291833528,7.954909895257749,22.128921835990035,15.21513300611241,-6.913788829877625,6.243976609537584
escs_cc,KOR,36,478.1768968249253,473.49997744292733,-4.676919381997948,7.016710698255508,510.12034174126086,510.6759393987766,0.5555976575157615,6.558965745848064,530.4530993898213,528.5773466245435,-1.8757527652778663,6.391254179873893,559.8819822171092,539.109074711318,-20.77290750579118,6.124017112965115,31.943444916335533,37.175961955849246,5.232517039513713,7.749264677895993,52.27620256489606,55.0773691816162,2.8011666167201383,7.905288698549794,81.70508539218399,65.60909726839068,-16.095988123793305,7.906343044569839,20.332757648560527,17.901407225766945,-2.4313504227935816,7.326721688571581,49.761640475848445,28.433135312541424,-21.32850516330702,7.816182630721411,29.428882827287918,10.531728086774478,-18.89715474051344,7.580636017135241
escs_cc,LTU,36,437.43191866452116,449.8254054459729,12.393486781451713,5.469926609417701,469.2407319853537,476.25723260684634,7.016500621492639,5.388013685835077,495.12712529902035,506.24361448627434,11.11648918725399,5.37771075177963,525.1286445918305,511.18487408931014,-13.943770502520351,6.315768374620102,31.80881332083258,26.431827160873496,-5.376986159959085,6.923585764983275,57.6952066344993,56.41820904030143,-1.2769975941978728,7.456957295751891,87.6967259273094,61.359468643337166,-26.337257283972235,8.100339001687292,25.886393313666712,29.98638187942793,4.099988565761219,6.998489959213497,55.88791260647681,34.92764148246368,-20.960271124013133,7.086486570270048,30.001519292810098,4.941259603035746,-25.06025968977435,7.147392000649577
escs_cc,LVA,36,442.9660929114375,423.6572166290269,-19.30887628241061,4.849140409255001,468.364050394637,446.75067393246053,-21.61337646217646,5.571608961528868,495.3068490313506,466.62613655560847,-28.680712475742155,4.925113022393088,519.4596570422931,475.74126308068014,-43.718393961612946,4.904414376142108,25.397957483199395,23.093457303433677,-2.304500179765718,6.054655974198014,52.34075611991307,42.96891992658154,-9.371836193331525,6.118793048178469,76.49356413085562,52.08404645165325,-24.409517679202366,6.513328921810167,26.94279863671367,19.875462623147865,-7.067336013565804,6.531554073259775,51.095606647656226,28.990589148219573,-22.105017499436652,6.920420858416685,24.15280801094256,9.115126525071707,-15.037681485870854,6.590400515619588
escs_cc,MEX,36,382.0899693335018,383.7346890059272,1.6447196724253672,4.298410537355341,403.4785187483465,405.61898791679096,2.14046916844444,4.3632007069724885,426.25904808648045,422.00540703714023,-4.253641049340217,5.655240709076535,462.22242193254186,451.91487411601247,-10.307547816529393,6.479117036852091,21.388549414844732,21.884298910863826,0.49574949601909424,4.678349815646863,44.16907875297863,38.27071803121313,-5.898360721765499,6.203470489383963,80.13245259904,68.18018511008532,-11.952267488954675,7.546058362693861,22.780529338133896,16.386419120349302,-6.394110217784593,5.449176465339125,58.743903184195275,46.2958861992215,-12.448016984973776,6.9056012582698685,35.96337384606137,29.9094670788722,-6.053906767189172,6.455197835460285
escs_cc,NLD,36,426.11842688745236,420.8324998741946,-5.285927013257776,6.774818507587455,449.9791867460135,446.80839780376164,-3.1707889422518747,7.978778081292069,494.02521334172604,481.14986863511666,-12.875344706609383,6.4432508187841036,523.4733529776519,503.1735278090259,-20.299825168625944,6.113490871103103,23.860759858561075,25.975897929567026,2.1151380710059513,8.527955885394606,67.90678645427371,60.317368760922044,-7.58941769335167,8.601685096701507,97.35492609019944,82.34102793483135,-15.013898155368096,8.753223002630435,44.04602659571263,34.341470831355025,-9.704555764357607,8.09856221634515,73.49416623163839,56.36513000526431,-17.129036226374076,8.67769777751289,29.44813963592575,22.023659173909294,-7.424480462016454,6.991873072456708
escs_cc,NOR,36,445.88873283894884,430.5769672049928,-15.311765633956043,4.984505814921778,473.16350737865395,464.4311992523252,-8.732308126328746,5.443638699484524,500.2218509135493,488.17494256930934,-12.046908344239966,4.787707195963248,528.6956351240339,503.32426019256263,-25.371374931471223,5.5025398707531865,27.27477453970519,33.85423204733247,6.579457507627275,6.429857804578181,54.33311807460052,57.59797536431656,3.2648572897160406,6.572958061056737,82.80690228508509,72.74729298756988,-10.059609297515209,7.117276867811509,27.05834353489532,23.743743316984098,-3.3146002179112237,5.978910927814784,55.532127745379874,38.89306094023741,-16.639066805142463,6.765900493394948,28.47378421048456,15.149317623253314,-13.324466587231246,6.0891201452783115
escs_cc,NZL,36,469.6803017703613,482.5658307104571,12.885528940095753,5.771201945842212,505.17869974524217,505.8210044448465,0.642304699604324,5.789382108339326,529.9429840259393,543.0317566173164,13.088772591377165,5.825153066838529,557.2242089564368,555.9327136427135,-1.291495313723317,5.804995763803535,35.49839797488088,23.255173734389423,-12.243224240491458,7.758053839973233,60.26268225557785,60.465925906859276,0.20324365128142574,7.623918531424219,87.5439071860754,73.36688293225647,-14.177024253818928,8.460920624655547,24.764284280696973,37.21075217246986,12.446467891772887,7.469577942549474,52.04550921119453,50.11170919786705,-1.9338000133274775,8.027467840684595,27.281224930497558,12.90095702539719,-14.380267905100368,8.168977636469567
escs_cc,POL,36,449.82372966622114,459.34725849882005,9.523528832598913,5.416775923304783,482.0674358256845,481.7024723963881,-0.3649634292964379,5.399932119427929,509.06540261494746,517.3265482979275,8.261145682980043,6.213715789827397,547.6993797064499,535.6769727953495,-12.022406911100461,5.523543355157357,32.24370615946344,22.355213897568007,-9.888492261895436,5.87163004973413,59.24167294872633,57.97928979910747,-1.2623831496188629,7.738476425125568,97.87565004022876,76.3297142965293,-21.54593574369946,7.956572760359824,26.997966789262893,35.62407590153947,8.626109112276577,6.719525054127874,65.6319438807653,53.9745003989613,-11.657443481804009,7.258084767585074,38.633977091502416,18.35042449742183,-20.283552594080586,6.746051039466591
escs_cc,PRT,36,442.33101658555853,434.41165015480783,-7.919366430750699,5.135625603052707,467.2038378689552,463.12957433102974,-4.074263537925447,5.800194621262632,488.7715099969938,489.17237903757496,0.40086904058114214,5.978461988611718,529.6597874418724,515.2131240943547,-14.446663347517642,5.191415786790122,24.87282128339668,28.71792417622192,3.845102892825242,5.839445161289728,46.44049341143524,54.76072888276709,8.320235471331848,5.8734983917741435,87.3287708563139,80.80147393954678,-6.5272969167671135,6.610894729039902,21.56767212803856,26.042804706545173,4.475132578506614,5.855830462734103,62.45594957291721,52.08354976332485,-10.372399809592366,6.971782802083754,40.88827744487865,26.040745056779677,-14.847532388098976,6.725176968304286
escs_cc,SVK,36,397.0697167687135,415.6843403293694,18.6146235606559,6.8335308397084225,449.63439812417647,447.36193101552044,-2.2724671086560306,5.736688444573296,469.95927988636697,475.46501362669835,5.5057337403313795,5.570755405988608,509.74141012149005,509.31752367979317,-0.4238864416968795,5.939906933999454,52.56468135546292,31.677590686151,-20.887090669311924,7.554661751783987,72.88956311765344,59.780673297328896,-13.108889820324542,7.991721061543086,112.67169335277649,93.63318335042374,-19.03851000235275,8.921731025949466,20.324881762190522,28.103082611177893,7.778200848987371,7.40971085413677,60.10701199731356,61.95559266427274,1.8485806669591796,7.695030078615989,39.78213023512304,33.85251005309484,-5.929620182028202,6.529944935372969
escs_cc,SVN,36,431.22239910626547,428.63248476095043,-2.5899143453150373,4.8188549733618435,459.0024352103175,449.62641414860207,-9.376021061715448,4.735904367556924,488.7219649568727,481.6163170745452,-7.105647882327503,4.666856740310336,512.4911837637269,489.19091385054526,-23.300269913181637,4.934741970802789,27.780036104052094,20.993929387651654,-6.78610671640044,7.063724102830233,57.499565850607134,52.9838323135948,-4.515733537012331,6.642214196166329,81.2687846574615,60.558429089594895,-20.7103555678666,7.074892868230037,29.719529746555043,31.98990292594314,2.2703731793880984,6.795464687053984,53.488748553409394,39.56449970194323,-13.924248851466167,6.783253336661099,23.769218806854347,7.574596776000083,-16.194622030854262,6.767146769371776
escs_cc,SWE,36,443.8485149797699,433.7524376504842,-10.09607732928572,5.347159122773157,479.30415848408273,473.81732606294247,-5.486832421140264,4.907292095750428,518.857878642343,515.310235135673,-3.547643506670056,5.961569609046928,549.4025301385722,523.1016263018267,-26.30090383674542,5.690147104829145,35.45564350431286,40.06488841245825,4.609244908145392,6.023628439381308,75.00936366257324,81.55779748518876,6.548433822615522,6.970286542781538,105.55401515880229,89.3491886513425,-16.204826507459785,7.127043464720556,39.553720158260376,41.49290907273049,1.9391889144701153,6.515935377274563,70.09837165448943,49.28430023888425,-20.814071415605177,6.824898583435922,30.54465149622905,7.791391166153756,-22.753260330075296,6.53315254067199
escs_cc,TUR,36,428.8466305941546,447.42849841839825,18.58186782424366,4.327123858353731,444.49953053276977,469.48377143763156,24.984240904861792,4.009605205213016,458.4088892806719,481.79734287949725,23.38845359882538,4.786865733933706,498.37098987830524,522.0758069356726,23.704817057367393,4.553510657901561,15.65289993861515,22.055273019233255,6.402373080618105,5.148051787802627,29.562258686517293,34.36884446109896,4.8065857745816665,5.843064933208737,69.5243592841506,74.64730851727425,5.122949233123649,6.392818232427067,13.909358747902143,12.313571441865701,-1.595787306036442,5.134573626096985,53.871459345535456,52.592035498041014,-1.2794238474944422,5.409276943815654,39.96210059763331,40.27846405617531,0.3163634585419999,5.728684890325564
escs_cc,USA,36,466.7548917099449,463.6598691803985,-3.095022529546384,8.083976608556114,493.9850401740794,488.55975889940294,-5.425281274676479,8.415811610474139,517.6068568231742,518.9513374963806,1.3444806732063626,15.235677982829454,565.1674549890715,560.8724228510766,-4.295032137994895,15.824120539302946,27.230148464134402,24.899889719004523,-2.3302587451298784,9.170388789697824,50.85196511322937,55.29146831598221,4.439503202752839,14.9341636177536,98.4125632791267,97.21255367067815,-1.2000096084485534,16.092434997891257,23.621816649094967,30.391578596977684,6.769761947882717,15.558067436157817,71.1824148149923,72.31266395167363,1.1302491366813285,16.25380289491928,47.56059816589733,41.92108535469595,-5.639512811201385,13.282947704523309
escs_cc,OECD,36,441.0747015893862,441.3003359183802,0.2256343289939764,0.9031994906817112,471.14639405376073,468.3107712271115,-2.835622826649228,1.0156277457225866,498.0471757152526,494.32706230511724,-3.7201134101353546,0.9431101859321038,531.2790158768263,514.101530332962,-17.177485543864236,1.076768315584138,30.071692464374514,27.01043530873132,-3.061257155643194,1.1551372430234916,56.97247412586641,53.02672638673705,-3.9457477391293594,1.170616665217404,90.20431428744007,72.80119441458184,-17.403119872858227,1.3658605268576285,26.9007816614919,26.016291078005736,-0.8844905834861656,1.1057402654869983,60.13262182306555,45.79075910585053,-14.341862717215015,1.2101251446352415,33.23184016157365,19.774468027844797,-13.457372133728853,1.1904141492939568
escs_h_cc,AUS,36,461.33787901947346,461.5580428178444,0.22016379837094746,3.852068947373349,489.6338294748888,492.5937752434602,2.9599457685714015,3.9824483156763386,526.1828787317169,522.5403011238329,-3.6425776078839363,4.0675655256087015,544.514205886339,538.0004914612575,-6.513714425081503,3.997094919219876,28.295950455415387,31.03573242561574,2.7397819702003545,5.151659972146798,64.84499971224345,60.98225830598852,-3.8627414062549263,5.045332245757284,83.17632686686571,76.44244864341313,-6.733878223452578,4.882514243255274,36.54904925682807,29.946525880372782,-6.602523376455288,4.812658189227358,54.88037641145032,45.40671621779738,-9.47366019365294,4.6651871785540715,18.33132715462225,15.460190337424603,-2.871136817197648,4.347850940833967
escs_h_cc,AUT,36,441.2179655133077,439.5460894526045,-1.6718760607031982,5.4131011093108,476.1600840059247,470.6849586097678,-5.475125396156898,5.007668611338434,509.1795761348174,494.367958444663,-14.811617690154435,4.799910706486687,537.2562247269032,522.5070168770347,-14.749207849868412,4.9706747967463665,34.942118492616984,31.138869157163292,-3.8032493354536925,6.565079984964802,67.96161062150965,54.82186899205844,-13.139741629451208,6.061789048775075,96.0382592135953,82.96092742443031,-13.077331789164987,6.771219559708744,33.019492128892665,23.68299983489515,-9.336492293997516,5.989090589567894,61.09614072097831,51.82205826726704,-9.274082453711273,6.00037352894628,28.076648592085643,28.139058432371883,0.062409840286239415,5.34888964644693
escs_h_cc,BEL,36,436.86697798329976,449.78207339657104,12.915095413271274,5.138242443183815,472.0514524725859,480.085711621738,8.034259149152149,5.136408663083091,510.6176353504003,509.17224857878665,-1.4453867716136415,5.373963651623846,536.0199584944284,527.9688149493038,-8.051143545124546,5.033804817497063,35.18447448928599,30.303638225167056,-4.880836264118933,5.788204596066417,73.7506573671005,59.39017518221567,-14.36048218488483,6.719484882974466,99.15298051112858,78.1867415527328,-20.966238958395778,6.89309389770489,38.56618287781451,29.086536957048622,-9.47964592076589,5.86770778185103,63.968506021842586,47.883103327565735,-16.08540269427685,6.495148121775829,25.40232314402808,18.796566370517116,-6.605756773510965,6.257932594540665
escs_h_cc,CAN,36,480.84279145380805,470.45267984747824,-10.39011160632981,3.8070615884558925,506.44162171370124,500.73410526890063,-5.7075164448006035,3.727757207573517,528.4065819481566,521.5990874854389,-6.807494462717727,3.5277742012587576,547.9281759374326,534.7844315243418,-13.143744413090758,4.512780201744407,25.598830259893106,30.281425421422377,4.682595161529271,4.675014756324226,47.56379049434851,51.146407637960536,3.582617143612026,4.736095606173976,67.0853844836245,64.33175167686356,-2.7536328067609332,5.420448924134696,21.9649602344554,20.86498221653816,-1.0999780179172411,4.243948241587551,41.486554223731375,34.0503262554412,-7.436227968290176,5.174136521568537,19.52159398927597,13.185344038903043,-6.3362499503729275,4.692014496656338
escs_h_cc,CHE,36,436.61410280379795,446.33569791029083,9.721595106492884,5.449375885257948,475.86564407775313,474.91067653607223,-0.9549675416809009,5.068796791564104,511.65757273060547,504.4997740331064,-7.157798697499061,5.84941147100395,547.5925456167914,533.3506946365666,-14.241850980224854,5.260330248218272,39.2515412739552,28.574978625781398,-10.6765626481738,6.008171377585324,75.04346992680742,58.16407612281555,-16.879393803991867,6.9187630721125535,110.97844281299345,87.01499672627577,-23.96344608671768,7.307097321381994,35.791928652852214,29.589097497034146,-6.2028311558180675,6.011045774204615,71.72690153903822,58.440018100494356,-13.286883438543867,6.513201930503078,35.934972886186024,28.850920603460207,-7.084052282725818,6.681182175090763
escs_h_cc,CHL,36,422.88867611602853,418.0259895560196,-4.86268656000891,6.2926791367201105,445.64256266550984,437.80895116614636,-7.833611499363485,6.027294867030291,462.07916912021653,452.44235517522446,-9.63681394499207,5.730444933227085,492.9427100946247,496.8018500197659,3.8591399251411644,5.245124621153377,22.75388654948127,19.78296161012678,-2.9709249393544894,8.06880776078069,39.19049300418799,34.416365619204846,-4.774127384983146,7.654454853501694,70.05403397859618,78.77586046374631,8.721826485150132,8.278180251759826,16.436606454706727,14.633404009078067,-1.80320244562866,7.646201901828262,47.3001474291149,58.99289885361952,11.692751424504621,6.052040824961799,30.863540974408174,44.35949484454146,13.495953870133285,6.777814083485017
escs_h_cc,COL,36,371.36384955584356,371.6270023808112,0.2631528249676194,4.718633423892917,395.9044585864286,403.8122725595396,7.907813973111047,5.960791192933778,418.7839113726492,421.86544349307877,3.0815321204295856,6.93653768148022,469.7289011193927,465.27336193598023,-4.455539183412441,9.103390045561635,24.540609030584914,32.18527017872847,7.644661148143559,6.194876141193052,47.42006181680555,50.238441112267665,2.8183792954621154,6.986152259490482,98.36505156354909,93.64635955516913,-4.718692008379961,9.906399001495567,22.879452786220632,18.053170933539196,-4.826281852681436,5.73453784424851,73.82444253296417,61.46108937644065,-12.363353156523523,9.312062184419224,50.94498974674354,43.407918442901455,-7.537071303842083,8.571911164901561
escs_h_cc,CZE,36,444.4751546704965,442.56988837706666,-1.905266293429861,5.2693746332076925,482.7328767690113,468.34755192693393,-14.385324842077353,4.8415497729097305,505.5429547126661,490.1766038227691,-15.366350889896978,5.257695541365968,544.7331959455796,522.2748793969698,-22.458316548609787,5.505464089616954,38.25772209851483,25.77766354986731,-12.480058548647524,6.296846194512034,61.06780004216955,47.606715445702484,-13.461084596467067,6.140386285744584,100.25804127508312,79.70499101990313,-20.553050255179983,7.498588963998002,22.810077943654715,21.829051895835175,-0.9810260478195403,5.881386017766656,62.00031917656829,53.92732747003581,-8.072991706532477,6.808871958658931,39.19024123291358,32.09827557420064,-7.091965658712937,6.46138861917422
escs_h_cc,DEU,36,452.4884627598987,441.58990917742676,-10.898553582471948,5.884970928372817,483.57341555406254,482.82283932419267,-0.7505762298698642,6.299327798121241,508.0883465035916,509.1674368795874,1.0790903759958042,6.893066149765074,548.16737549901,550.7636139516845,2.5962384526745836,6.087734921986808,31.084952794163787,41.23293014676594,10.147977352602151,6.681302274356125,55.59988374369284,67.57752770216062,11.97764395846778,7.375360834829227,95.67891273911121,109.1737047742577,13.494792035146489,7.897738369323893,24.51493094952905,26.344597555394692,1.8296666058656434,7.227913151718863,64.59395994494741,67.94077462749178,3.3468146825443625,7.389396309687847,40.07902899541837,41.59617707209709,1.5171480766787226,7.13537201873262
escs_h_cc,DNK,36,458.8205183607979,444.792383033851,-14.028135326946881,4.910559836564315,491.1373992550357,465.18965868318674,-25.947740571848954,5.572311546065784,513.9477703370382,493.58825645177785,-20.3595138852603,6.160297668852733,515.494588313699,497.90054227926123,-17.594046034437724,6.528660328702161,32.31688089423778,20.39727564933573,-11.919605244902048,6.524341880894776,55.12725197624034,48.79587341792693,-6.331378558313411,6.710203410710958,56.67406995290096,53.10815924541023,-3.5659107074907297,7.837859501968249,22.810371082002558,28.398597768591195,5.588226686588637,7.172967895606788,24.35718905866318,32.7108835960745,8.353694537411322,7.58004178852605,1.5468179766606227,4.312285827483305,2.7654678508226826,8.119322355583238
escs_h_cc,ESP,36,446.0287061402811,428.1135205266469,-17.915185613634208,3.6871179882052765,468.49407030942183,450.9709127672789,-17.52315754214294,3.3946711143857704,493.30782997564955,475.4960374328624,-17.811792542787146,3.2922803516815042,516.1895877161394,493.73610082910966,-22.453486887029726,3.362395325326534,22.46536416914082,22.857392240631953,0.39202807149113283,3.8769497733744394,47.27912383536851,47.38251690621553,0.10339307084701943,4.189090637323635,70.16088157585841,65.6225803024627,-4.538301273395717,4.825233948126337,24.813759666227686,24.525124665583576,-0.28863500064410985,3.6924074863416583,47.69551740671759,42.76518806183073,-4.930329344886864,4.246125365053505,22.881757740489906,18.240063396247155,-4.641694344242751,3.9611038644563448
escs_h_cc,EST,36,484.64885138103836,466.86361859329566,-17.7852327877427,4.974325853310072,500.8267707019475,494.92008723936596,-5.9066834625815545,5.4108998757048665,527.373072185838,523.3099342784694,-4.063137907368628,4.899510381679929,549.7656661847567,538.8645361597808,-10.901130024975942,5.00983052065791,16.177919320909155,28.056468646070396,11.878549325161242,6.626548963871114,42.72422080479969,56.44631568517374,13.722094880374044,6.505882601358135,65.11681480371837,72.00091756648523,6.884102762766858,6.614696878283788,26.546301483890538,28.38984703910334,1.8435455552128026,6.190426538877372,48.93889548280923,43.94444892041483,-4.994446562394401,5.856889443280224,22.392593998918688,15.554601881311488,-6.8379921176072,5.778791381770345
escs_h_cc,FIN,36,463.20807841653607,450.9253627668988,-12.282715649637282,4.239036730980872,482.13311678609216,478.5929161073938,-3.5402006786983407,4.5445868733867565,516.0268989763825,504.4382453675238,-11.588653608858749,4.612341733272545,533.4230506303136,523.1477452742192,-10.27530535609435,4.281301128165734,18.925038369556056,27.667553340495118,8.742514970939062,5.496244986481015,52.81882055984653,53.51288260062512,0.69406204077859,5.562597852062898,70.21497221377761,72.22238250732042,2.0074102935428044,5.614508779731998,33.89378219029047,25.84532926013,-8.048452930160472,5.8301184023667245,51.28993384422156,44.5548291668253,-6.735104677396258,5.635847179006383,17.39615165393109,18.7094999066953,1.3133482527642109,5.645078445150334
escs_h_cc,FRA,36,438.0512944109379,436.86345300754977,-1.18784140338812,5.826646372287544,472.3513719729743,463.61350449024405,-8.737867482730223,5.3657843516252495,498.6844476852135,492.7203962598263,-5.964051425387197,6.647011180591943,536.8163882487955,522.1852139101567,-14.631174338638857,6.316303608627114,34.30007756203635,26.75005148269428,-7.5500260793420715,6.4886555920611935,60.633153274275614,55.856943252276686,-4.776210021998928,7.150131228226973,98.76509383785769,85.32176090260695,-13.443332935250737,7.984706276175112,26.333075712239264,29.106891769582415,2.7738160573431507,6.667231753225276,64.46501627582134,58.57170941991269,-5.893306855908648,7.032587005733297,38.13194056358208,29.464817650330268,-8.66712291325181,6.747659797722774
escs_h_cc,GBR,36,479.2386334420141,480.56559008297444,1.3269566409603613,4.961553960959935,494.8430339000987,501.22372153244334,6.380687632344632,5.121122380647982,516.6356743965216,523.2574746717316,6.621800275210035,5.3875332852093525,544.8353908063809,545.7502764431946,0.9148856368136649,6.572427935573321,15.604400458084536,20.658131449468847,5.053730991384311,6.555596524791849,37.39704095450752,42.69188458875717,5.294843634249652,6.635914438377548,65.5967573643668,65.18468636022006,-0.41207100414673903,7.8698276325730205,21.792640496422983,22.033753139288326,0.2411126428653425,6.611385149786281,49.99235690628226,44.52655491075121,-5.465801995531052,7.479654175637475,28.199716409859274,22.492801771462883,-5.706914638396391,6.943367740780628
escs_h_cc,GRC,36,411.1603309437156,397.52325321556907,-13.63707772814655,5.935390136685066,430.6449465567286,422.69611464931586,-7.948831907412739,5.292730949884743,454.4047092467801,452.7466542704441,-1.6580549763360182,5.3856041235307925,485.34071004841053,472.75625116782646,-12.584458880584066,5.722989370357635,19.484615613013073,25.172861433746856,5.688245820733783,6.460907902488946,43.24437830306448,55.223401054875055,11.979022751810575,6.237555541297673,74.18037910469492,75.23299795225746,1.0526188475625418,7.854738851775901,23.759762690051407,30.050539621128202,6.290776931076795,5.462420734575464,54.69576349168185,50.060136518510596,-4.635626973171256,6.301373297613322,30.93600080163044,20.009596897382398,-10.92640390424804,6.246787181968062
escs_h_cc,HUN,36,422.53413232364574,419.0932182321254,-3.4409140915203125,5.9414520215573425,457.1974435759539,450.6794275206281,-6.518016055325802,5.363484340233456,498.79607382005486,476.3370129642778,-22.459060855777068,6.189617126804018,536.4094112476107,505.95820177530743,-30.451209472303276,5.800944700546725,34.663311252308254,31.586209288502687,-3.0771019638055677,6.898064020745207,76.26194149640914,57.24379473215242,-19.018146764256713,8.095645448453507,113.87527892396493,86.86498354318202,-27.010295380782907,8.315566850519689,41.598630244100875,25.657585443649747,-15.941044800451127,7.000098972100236,79.21196767165668,55.278774254679334,-23.933193416977346,7.554471471586835,37.6133374275558,29.621188811029583,-7.992148616526215,6.876754932582305
escs_h_cc,IRL,36,483.389831733559,477.8213390123545,-5.568492721204507,3.990336986377889,509.79608420247735,494.8664649389145,-14.92961926356287,4.472345505522411,530.8305555452362,522.9182330127047,-7.912322532531448,4.694786317657328,551.2334508230945,545.3094690607292,-5.923981762365315,4.008932440925631,26.406252468918172,17.04512592655995,-9.361126542358221,5.213996694754232,47.4407238116771,45.096894000350275,-2.3438298113268274,5.398967421079765,67.84361908953531,67.48813004837464,-0.3554890411606664,5.125348637159944,21.034471342758934,28.051768073790328,7.017296731031394,5.4797475415713475,41.43736662061713,50.443004121814674,9.005637501197548,5.155753111530081,20.402895277858192,22.391236048024346,1.988340770166154,5.029508601577757
escs_h_cc,ISL,36,407.5631447552354,414.68912794935204,7.125983194116657,5.331751068026297,440.72486149119516,439.07514337188906,-1.649718119306101,5.770844832120738,461.2157321158587,463.69812580800647,2.4823936921477525,5.810107955142817,472.0151367197791,472.8607588875883,0.8456221678092106,5.4478886634923605,33.16171673595967,24.38601542253703,-8.77570131342264,7.786027366571216,53.65258736062337,49.00899785865438,-4.6435895019689895,7.806311332628828,64.45199196454368,58.17163093823633,-6.280361026307347,7.964639553332607,20.490870624663692,24.622982436117347,4.132111811453655,7.887640419526556,31.29027522858401,33.7856155156993,2.4953402871152868,7.6011916739379775,10.799404603920317,9.162633079581951,-1.636771524338366,8.252390114537649
escs_h_cc,ISR,36,421.85350307620104,419.3780808986614,-2.475422177539656,6.562811341909984,472.9884700933159,464.64923490954334,-8.339235183772587,7.435437686274157,516.7886449163784,486.71518242520034,-30.073462491178077,7.606416824871598,530.3380033475205,507.00548283235304,-23.33252051516746,6.32280161043645,51.13496701711486,45.271154010881894,-5.8638130062329665,8.48952903002814,94.93514184017731,67.33710152653887,-27.598040313638435,8.652798979723821,108.48450027131935,87.62740193369159,-20.85709833762776,8.379823371622292,43.80017482306245,22.065947515656994,-21.734227307405455,8.08206278093305,57.349533254204495,42.356247922809686,-14.993285331394809,8.435334297726271,13.549358431142036,20.290300407152692,6.740941976010657,8.051709990832308
escs_h_cc,ITA,36,450.26440708149767,446.21329642717967,-4.051110654317995,5.005486599703348,476.5299405651396,474.75102076795474,-1.7789197971848694,4.652147049582333,494.74708664497,496.1649696430562,1.4178829980862133,5.270097108885039,519.7093816045013,522.2806165417697,2.5712349372684002,5.5380591898745894,26.265533483641878,28.53772434077512,2.2721908571332428,5.830105258785601,44.48267956347238,49.951673215876625,5.468993652404244,6.625355853763462,69.44497452300362,76.06732011459005,6.6223455915864236,6.993717099240887,18.217146079830503,21.413948875101504,3.196802795271001,5.686172863446404,43.17944103936175,47.52959577381493,4.350154734453184,6.300873659279504,24.962294959531242,26.115646898713425,1.1533519391821834,5.330483426333102
escs_h_cc,JPN,36,487.48914428087176,475.48103457595926,-12.0081097049125,6.958673584563209,513.8738114129027,503.49950864011015,-10.374302772792532,5.746414549916334,532.9513657570258,521.8797826647985,-11.071583092227229,6.764582324476648,548.1620885099162,545.6902776985813,-2.4718108113348762,6.449034184310536,26.38466713203105,28.01847406415098,1.6338069321199278,6.668677702854119,45.462221476154035,46.398748088839184,0.9365266126851495,8.046337883600593,60.67294422904458,70.20924312262215,9.536298893577573,8.973734789263473,19.077554344122984,18.38027402468821,-0.6972803194347748,6.908880118221845,34.288277097013534,42.190769058471176,7.902491961457642,7.665695954610694,15.210722752890547,23.810495033782967,8.59977228089242,6.414686209347655
escs_h_cc,KOR,36,484.16026011071443,472.6177634533418,-11.542496657372624,6.996633531371757,508.01255503847324,511.3463741271282,3.333819088654934,6.595759503641772,529.8499615666136,528.5527590113595,-1.2972025552541027,6.851315361074623,556.6130788962636,539.3753259641251,-17.237752932138505,6.085841310581427,23.852294927758805,38.72861067378628,14.876315746027473,7.441290309099698,45.68970145589909,55.93499555801766,10.24529410211857,9.020151882525758,72.45281878554908,66.75756251078329,-5.695256274765796,8.008314098555463,21.837406528140285,17.206384884231387,-4.631021643908898,7.511140920550179,48.600523857790265,28.02895183699701,-20.571572020793255,7.4239974965130875,26.76311732964998,10.822566952765623,-15.940550376884357,8.217784131099506
escs_h_cc,LTU,36,440.79484469450716,449.1321066902866,8.337261995779443,5.309890731242667,470.6540275969044,476.37681347592877,5.722785879024343,5.220338690257543,499.6085816848711,504.88373039611787,5.275148711246743,5.663541850220273,515.8576304945202,513.137883026022,-2.7197474684982126,6.316400659733656,29.859182902397187,27.24470678564209,-2.614476116755096,6.598331149593815,58.813736990364,55.751623705831186,-3.0621132845328134,7.580430966595119,75.0627858000131,64.00577633573538,-11.057009464277726,8.172700196489838,28.954554087966805,28.50691692018909,-0.4476371677777138,6.606915190108866,45.20360289761592,36.76106955009329,-8.442533347522634,7.080057599596909,16.249048809649118,8.254152629904194,-7.994896179744924,7.512874263387385
escs_h_cc,LVA,36,446.3195963887491,423.1766331185114,-23.142963270237715,5.080022040608893,469.40067630432986,443.9243994075954,-25.476276896734475,5.35488267499034,496.62491108283,467.3907704153791,-29.2341406674509,5.145595268393132,513.74324695886,478.2777850751153,-35.46546188374475,4.964025172350305,23.081079915580734,20.74776628908405,-2.3333136264966825,6.182359494150244,50.305314694080884,44.21413729686775,-6.091177397213137,6.5078866400259505,67.42365057011087,55.10115195660385,-12.322498613507015,6.474277855470489,27.224234778500154,23.4663710077837,-3.7578637707164546,6.977120342872267,44.342570654530135,34.35338566751979,-9.989184987010347,7.015324667002397,17.11833587602998,10.887014659736092,-6.231321216293889,6.403437755955405
escs_h_cc,MEX,36,383.8102773200013,383.1446756940852,-0.6656016259161106,4.285417091909507,403.3441788385506,405.65206084803737,2.307882009486775,4.4314126092834645,426.1341926283958,421.5908704047338,-4.543322223662017,5.618715745190376,460.7618664343496,452.88897141915834,-7.872895015191261,6.773634432706301,19.53390151854935,22.507385153952136,2.9734836354027863,4.986172694813698,42.323915308394525,38.44619471064855,-3.877720597745977,6.366121758165569,76.95158911434824,69.7442957250731,-7.2072933892751365,7.9259762918805405,22.790013789845176,15.938809556696413,-6.8512042331487635,5.5718078619303455,57.41768759579888,47.23691057112097,-10.180777024677909,7.152970266220876,34.627673805953705,31.29810101442456,-3.329572791529145,6.501285026346354
escs_h_cc,NLD,36,430.2156968329917,423.98374352811004,-6.2319533048816425,7.016979462971407,451.2282083365876,441.6355101673832,-9.592698169204425,7.258386382234268,498.3889189482983,482.9724564563845,-15.416462491913762,7.465434544706552,513.7747328335578,503.3584000374161,-10.41633279614166,6.332253593798828,21.012511503595967,17.651766639273244,-3.3607448643227222,8.195617343377876,68.1732221153067,58.98871292827452,-9.184509187032177,9.97485972530627,83.55903600056608,79.3746565093062,-4.184379491259875,8.865302289269517,47.160710611710726,41.33694628900129,-5.823764322709437,8.24716096722075,62.54652449697011,61.722889870032965,-0.8236346269371424,8.546314184360241,15.385813885259386,20.385943581031672,5.000129695772285,8.024044141205769
escs_h_cc,NOR,36,448.5030798553893,430.8355727852083,-17.66750707018099,4.975067207981121,479.739301525908,463.3107776318472,-16.42852389406079,5.198564740137489,499.99956439315235,488.7811885577524,-11.218375835399968,5.563477632505937,519.736029536718,503.6009658643804,-16.135063672337594,5.249137755463256,31.236221670518592,32.47520484663893,1.238983176120339,6.269958561022461,51.49648453776306,57.94561577254406,6.4491312347809995,6.945630440071635,71.23294968132862,72.76539307917213,1.5324433978435081,6.973390482566849,20.26026286724446,25.470410925905128,5.210148058660668,6.5703336378351676,39.996728010810024,40.2901882325332,0.29346022172317276,6.731320073980929,19.73646514356556,14.819777306628072,-4.916687836937488,6.2799138732439905
escs_h_cc,NZL,36,473.4983542063869,481.0760628783476,7.577708671960693,5.205753840322636,506.0228162761673,505.48195630643033,-0.5408599697369709,6.54487082403795,532.0405849327504,538.1633302085711,6.122745275820648,6.056319862089582,550.4691615525994,562.6213376218923,12.152176069292864,5.330997018318939,32.5244620697804,24.405893428082702,-8.118568641697696,7.725814025446874,58.54223072636357,57.0872673302235,-1.454963396140073,7.469703608277881,76.97080734621272,81.54527474354457,4.574467397331844,8.004577164280098,26.017768656583172,32.681373902140805,6.663605245557633,8.039661231871323,44.446345276432325,57.139381315461875,12.69303603902955,8.491518672565501,18.42857661984915,24.45800741332107,6.029430793471921,7.912592790349253
escs_h_cc,POL,36,456.3616278673646,458.16298408728755,1.8013562199229796,5.205795160776383,480.3452421043986,482.5594310662315,2.2141889618329174,5.363738912285235,510.4621513660363,516.8147020616697,6.35255069563334,5.984000493453766,541.477760609439,536.5329426864848,-4.944817922954144,6.140167980911417,23.983614237033883,24.396446978943978,0.4128327419100941,6.048794931351836,54.10052349867171,58.651717974382144,4.551194475710432,7.178958852355142,85.1161327420743,78.36995859919725,-6.746174142877052,8.004943199940017,30.116909261637822,34.25527099543816,4.138361733800338,6.725754846715395,61.13251850504041,53.97351162025327,-7.159006884787139,7.834822388699005,31.015609243402583,19.71824062481511,-11.297368618587473,7.016815772784905
escs_h_cc,PRT,36,442.5284920459582,434.1772321851111,-8.351259860847108,5.211205205207058,467.01945819982694,462.9986717545865,-4.0207864452404465,6.44365884532568,494.1330842901526,487.9964340697371,-6.136650220415504,5.169752491766534,524.2969615339889,516.7605120055705,-7.536449528418416,5.292768551562455,24.490966153868698,28.82143956947533,4.330473415606633,6.316474785413162,51.60459224419443,53.819201884626,2.2146096404315685,5.613935795118116,81.76846948803072,82.58327982045941,0.8148103324286922,6.523973044401944,27.11362609032573,24.997762315150663,-2.115863775175068,6.722904467483119,57.277503334162006,53.76184025098407,-3.515663083177934,6.914105408797803,30.163877243836282,28.764077935833416,-1.3997993080028657,6.0133341002250775
escs_h_cc,SVK,36,405.6219173922851,412.36449960021747,6.742582207932344,6.5981499087684465,445.273639794242,449.4696565685642,4.196016774322175,5.434874286297125,469.0062249574809,474.53257799346466,5.526353035983732,6.004189014832537,506.51008259798175,511.4477386368235,4.937656038841737,5.527300412694703,39.65172240195684,37.105156968346726,-2.5465654336101124,6.779565156530493,63.38430756519581,62.16807839324726,-1.2162291719485552,8.112386458767947,100.88816520569665,99.083239036606,-1.804926169090649,8.548269115956774,23.732585163238973,25.06292142490052,1.3303362616615466,7.095816001406383,61.236442803739806,61.97808206825927,0.7416392645194634,7.318424004979497,37.503857640500826,36.91516064335875,-0.5886969971420726,6.612066224951331
escs_h_cc,SVN,36,433.60276191196397,426.46773629072396,-7.135025621240004,4.828963058683593,463.08470914054953,447.38564779942334,-15.699061341126196,4.769215004545565,493.55326100477635,478.57125977408657,-14.982001230689775,4.80315660036068,501.2015495986904,496.60572623994824,-4.595823358742166,4.609683106440649,29.481947228585504,20.9179115086993,-8.564035719886203,6.954845537949563,59.95049909281238,52.10352348336264,-7.846975609449736,6.7686426156188615,67.59878768672635,70.13798994922418,2.539202262497824,6.976733491963565,30.468551864226878,31.18561197466334,0.71706011043646,7.077126056369047,38.11684045814085,49.220078440524865,11.103237982384016,6.513670986409853,7.6482885939139695,18.034466465861527,10.386177871947558,6.403521906795428
escs_h_cc,SWE,36,447.64890643029304,433.57930853078614,-14.069597899506903,5.250295816353004,483.2947902826953,471.15068702292774,-12.144103259767576,5.06321483648607,517.0504073692478,515.0995174861821,-1.9508898830656562,6.1629840418402875,543.4266101972537,526.1551572725224,-17.271452924731307,6.131599716993578,35.64588385240228,37.57137849214155,1.92549463973927,6.42687711420399,69.40150093895473,81.52020895539593,12.118708016441204,7.03544858767112,95.77770376696068,92.57584874173622,-3.201855025224461,7.555405853751024,33.75561708655244,43.94883046325437,10.193213376701927,7.0472546944110235,60.1318199145584,55.00447024959469,-5.12734966496371,7.340826522997433,26.376202828005965,11.055639786340317,-15.320563041665649,6.974970750940026
escs_h_cc,TUR,36,432.4660567877074,446.5545122612145,14.08845547350711,4.236892840115465,445.5827130384775,466.9278740362678,21.345160997790288,4.090791197194474,455.5093215036947,482.9403634845354,27.43104198084069,5.0671310890131975,496.56675005898467,524.3399776873698,27.773227628385143,4.838679716803441,13.116656250770069,20.373361775053247,7.256705524283179,5.203932652885983,23.043264715987316,36.38585122332081,13.342586507333497,5.959892727521447,64.10069327127725,77.78546542615523,13.684772154877976,6.485674521445627,9.926608465217248,16.012489448267566,6.085880983050318,5.432643933422789,50.98403702050718,57.41210365110196,6.428066630594778,5.95189886785697,41.05742855528993,41.39961420283441,0.34218564754447556,6.450879908149297
escs_h_cc,USA,36,469.0082753729521,460.52271207016713,-8.485563302784954,7.767465091523508,493.33957314584995,493.2459538022331,-0.09361934361686508,9.166215807241398,521.7100485626113,512.419770126998,-9.290278435613345,13.601805727021993,559.4696393471305,566.0666746201333,6.597035273002803,17.33341066673129,24.33129777289792,32.72324173206606,8.391943959168138,9.755791505110155,52.70177318965928,51.897058056830815,-0.8047151328284627,13.544718512449316,90.46136397417834,105.54396254996621,15.08259857578787,17.633055109057757,28.370475416761348,19.17381632476476,-9.196659091996587,13.82376306318487,66.13006620128041,72.82072081790015,6.690654616619739,17.421111286457535,37.75959078451906,53.64690449313539,15.887313708616325,14.371966049241284
escs_h_cc,OECD,36,444.3579606510986,439.8779498447758,-4.4800108063228095,0.8998748612616759,472.3858098823919,467.7220658858224,-4.663743996569508,1.004075513002174,499.45332506940775,493.3280901315038,-6.12523493790394,0.9719659425988425,525.3478124492154,517.1205562713818,-8.227256177833624,1.0666109147943774,28.02784923129325,27.844116041046522,-0.18373319024672696,1.1449041175049117,55.09536441830911,53.45014028672798,-1.6452241315811307,1.1676002792021287,80.98985179811682,77.24260642660603,-3.747245371510786,1.3746326260184212,27.067515187015864,25.60602424568146,-1.4614909413344037,1.1143009482882233,52.96200256682357,49.3984903855595,-3.5635121812640733,1.2172260267913244,25.894487379807714,23.79246613987804,-2.102021239929673,1.1888161322796786
