index,cnt,n_systems,Q1_2022,Q1_2025,Q1_change,Q1_se,Q2_2022,Q2_2025,Q2_change,Q2_se,Q3_2022,Q3_2025,Q3_change,Q3_se,Q4_2022,Q4_2025,Q4_change,Q4_se,Q2-Q1_2022,Q2-Q1_2025,Q2-Q1_change,Q2-Q1_se,Q3-Q1_2022,Q3-Q1_2025,Q3-Q1_change,Q3-Q1_se,Q4-Q1_2022,Q4-Q1_2025,Q4-Q1_change,Q4-Q1_se,Q3-Q2_2022,Q3-Q2_2025,Q3-Q2_change,Q3-Q2_se,Q4-Q2_2022,Q4-Q2_2025,Q4-Q2_change,Q4-Q2_se,Q4-Q3_2022,Q4-Q3_2025,Q4-Q3_change,Q4-Q3_se
escs,AUS,36,458.88261978541,469.155210182353,10.2725903969427,5.28092982742411,489.219580756105,499.718225792861,10.4986450367551,4.96779835150528,526.269360747842,535.872501001359,9.60314025351659,5.12137934032212,561.113711709885,549.207501990889,-11.9062097189958,5.2507726191678,30.3369609706955,30.5630156105079,0.226054639812446,5.14069982057532,67.3867409624324,66.7172908190063,-0.669450143426104,5.28900200414856,102.231091924475,80.0522918085367,-22.1788001159385,5.83979207107909,37.0497799917369,36.1542752084984,-0.89550478323855,4.24375318951766,71.8941309537797,49.4892761980287,-22.4048547557509,5.13354639555272,34.8443509620428,13.3350009895304,-21.5093499725124,4.64747658250487
escs,AUT,36,429.362549194594,449.095392565645,19.7328433710513,6.24363769127292,476.638979584819,489.351904367641,12.7129247828216,6.34367610145739,517.229361312996,521.793523888973,4.56416257597721,5.55488423091102,553.161610225065,546.921910814798,-6.23969941026701,5.80196923352624,47.2764303902251,40.2565118019954,-7.0199185882297,6.04546853173907,87.8668121184018,72.6981313233278,-15.1686807950741,5.59627497765374,123.799061030471,97.8265182491531,-25.9725427813183,6.3846994757615,40.5903817281767,32.4416195213323,-8.14876220684437,5.97235370699653,76.5226306402462,57.5700064471577,-18.9526241930886,6.02120027611651,35.9322489120696,25.1283869258253,-10.8038619862442,5.18253066689858
escs,BEL,36,432.743761775729,449.422394509614,16.6786327338848,6.06917772972914,471.046549657004,480.87139785337,9.82484819636528,6.11419791640684,513.219857529139,521.966995955561,8.747138426422,5.82023890959819,552.465378400464,547.194106417584,-5.27127198288054,5.93079289499887,38.302787881275,31.4490033437555,-6.85378453751952,5.86269068437329,80.47609575341,72.5446014459472,-7.9314943074628,6.02832637425212,119.721616624735,97.7717119079696,-21.9499047167653,6.92225930836345,42.173307872135,41.0955981021917,-1.07770976994328,5.21803796735964,81.4188287434599,66.3227085642141,-15.0961201792458,6.38741718524905,39.245520871325,25.2271104620224,-14.0184104093025,5.42321537205569
escs,CAN,36,479.353976731794,480.368038584493,1.01406185269929,4.65580941001297,505.864256961852,511.565884288007,5.70162732615461,4.66749519758577,530.016632272817,538.44573769779,8.42910542497248,4.75504548455265,551.868016013527,538.858914903379,-13.0091011101475,5.31655704836749,26.5102802300583,31.1978457035136,4.68756547345532,4.00630082337805,50.6626555410236,58.0776991132968,7.41504357227319,4.25257325302639,72.5140392817329,58.4908763188861,-14.0231629628468,5.088229593347,24.1523753109653,26.8798534097832,2.72747809881787,3.77421619332553,46.0037590516746,27.2930306153725,-18.7107284363021,4.59233844045502,21.8513837407093,0.41317720558925,-21.43820653512,4.27263879223445
escs,CHE,36,447.259085140763,456.850223952724,9.5911388119614,5.92955516883649,485.899657344236,491.791260870375,5.89160352613823,6.18429041664029,519.310371971401,528.70946980757,9.39909783616952,5.92549640742388,566.871918964942,555.667416993058,-11.2045019718837,5.65949743161062,38.6405722034738,34.9410369176507,-3.69953528582317,6.01339867463443,72.0512868306382,71.8592458548463,-0.192040975791883,6.16356397159287,119.612833824179,98.817193040334,-20.7956407838451,6.62533602035652,33.4107146271644,36.9182089371957,3.50749431003129,5.8278816094218,80.9722616207053,63.8761561226834,-17.0961054980219,6.03379962307431,47.5615469935409,26.9579471854877,-20.6035998080532,5.9127389749271
escs,CHL,36,409.535391309993,415.271038688826,5.73564737883322,6.23316016982622,436.278335050514,432.807935447243,-3.47039960327101,6.02986896342693,449.577145696962,449.143802437236,-0.433343259725973,6.12310002634954,489.241135426942,491.382852348591,2.14171692164894,6.08426059477789,26.7429437405208,17.5368967584166,-9.20604698210423,6.12044515719193,40.0417543869685,33.8727637484093,-6.16899063855919,6.7630851051281,79.7057441169488,76.1118136597645,-3.59393045718429,7.31564498552219,13.2988106464477,16.3358669899927,3.03705634354503,6.57105279805274,52.9628003764279,58.5749169013479,5.61211652491994,6.37617224721324,39.6639897299802,42.2390499113552,2.57506018137491,5.9664787763591
escs,COL,36,375.536460268396,377.346910568981,1.81045030058471,5.49579004921896,397.680859637444,406.16499967595,8.48414003850593,5.84834680538686,413.799523315827,423.069031202413,9.26950788658627,7.68884686102621,465.198050596868,470.565843840221,5.36779324335339,9.88994321113073,22.1443993690477,28.8180891069689,6.67368973792122,5.65265708878173,38.2630630474309,45.7221206334324,7.45905758600156,6.9261746216845,89.6615903284716,93.2189332712402,3.55734294276868,10.2097445045665,16.1186636783832,16.9040315264635,0.785367848080341,6.21253753328317,67.5171909594239,64.4008441642714,-3.11634679515254,9.90105311017285,51.3985272810407,47.4968126378078,-3.90171464323288,8.64214854140191
escs,CZE,36,437.085703592917,446.313829738177,9.22812614526055,5.99643130484301,489.878475341955,480.721813200321,-9.15666214163434,5.85119828806891,509.728392093114,504.960021028258,-4.76837106485647,5.72756339260261,555.714663046409,542.140882781653,-13.573780264756,6.48958561595415,52.7927717490383,34.4079834621434,-18.3847882868949,5.60595988596757,72.6426885001971,58.6461912900801,-13.996497210117,5.92333130721055,118.628959453492,95.8270530434752,-22.8019064100166,7.63991108121146,19.8499167511588,24.2382078279367,4.38829107677788,5.75668303071186,65.8361877044534,61.4190695813318,-4.41711812312167,6.27093785560873,45.9862709532947,37.1808617533951,-8.80540919989954,6.37278376199423
escs,DEU,36,443.258518035926,436.003112184245,-7.25540585168034,7.01828149606483,481.43913378739,485.401605445631,3.9624716582407,7.52577085339092,506.989193133824,516.116004147584,9.12681101375978,7.22204668053149,563.88974931322,560.91464333651,-2.97510597670998,6.99739165359686,38.1806157514644,49.3984932613855,11.217877509921,7.14326415242808,63.7306750978987,80.1128919633388,16.3822168654401,7.33830133458351,120.631231277294,124.911531152265,4.28029987497035,8.165387865981,25.5500593464343,30.7143987019534,5.16433935551908,6.38266153281019,82.4506155258297,75.5130378908791,-6.93757763495069,7.70981320948672,56.9005561793954,44.7986391889257,-12.1019169904698,6.84355538725214
escs,DNK,36,451.749350825692,443.357107124854,-8.39224370083815,5.89922128125503,482.574973181722,473.779012775853,-8.7959604058691,5.94645896437933,513.323200845446,506.818223896062,-6.50497694938338,6.3407215272789,532.113474164417,512.566150526496,-19.5473236379206,6.66072068883339,30.8256223560308,30.4219056509998,-0.403716705030945,5.72400469465899,61.5738500197541,63.4611167712089,1.88726675145477,6.30888128304667,80.3641233387248,69.2090434016423,-11.1550799370825,7.44969799357366,30.7482276637234,33.0392111202091,2.29098345648572,6.744271763791,49.538500982694,38.7871377506425,-10.7513632320515,6.3807624398184,18.7902733189707,5.74792663043343,-13.0423466885372,7.49214143243638
escs,ESP,36,447.615248194962,443.121717301358,-4.49353089360426,4.70690242293855,472.567973233712,469.053460880373,-3.5145123533386,4.4616212687467,495.250924224968,497.934040876282,2.68311665131421,4.73825723438563,526.922045349071,514.332207602312,-12.589837746759,4.50060063053371,24.9527250387496,25.9317435790152,0.979018540265656,3.64028578509223,47.6356760300056,54.8123235749241,7.17664754491847,4.07124617920038,79.3067971541087,71.2104903009539,-8.09630685315477,4.28318102010372,22.6829509912561,28.8805799959089,6.19762900465281,3.39293820210526,54.3540721153591,45.2787467219387,-9.07532539342043,3.88659016548922,31.671121124103,16.3981667260298,-15.2729543980732,3.81029965188402
escs,EST,36,490.394330625677,491.867142856076,1.47281223039909,5.50369090725695,512.413993109847,514.741626197895,2.32763308804783,5.37443863761486,536.137928853086,548.288410395719,12.1504815426326,5.89451997434888,566.691389568717,559.916759760928,-6.77462980778876,5.86695506535444,22.0196624841707,22.8744833418195,0.854820857648747,5.3993020441925,45.7435982274098,56.4212675396433,10.6776693122335,5.77965642415219,76.2970589430403,68.0496169048525,-8.24744203818784,6.40515323943075,23.7239357432391,33.5467841978239,9.8228484545848,5.63500399712096,54.2773964588696,45.175133563033,-9.10226289583659,5.8146285904732,30.5534607156305,11.6283493652091,-18.9251113504214,5.63790366278027
escs,FIN,36,470.209974538004,469.846027401916,-0.363947136087802,5.40650399362759,494.931615801617,495.523094141855,0.591478340238439,5.89679872140684,527.157918067223,530.549511592494,3.39159352527099,5.69205653752565,559.460290885601,547.718985859803,-11.7413050257979,5.62191498722511,24.7216412636132,25.6770667399394,0.955425476326241,5.80259968056522,56.9479435292199,60.7034841905787,3.75554066135879,5.50727583456425,89.2503163475978,77.8729584578877,-11.3773578897101,5.71695226448027,32.2263022656068,35.0264174506393,2.80011518503255,5.36064620649979,64.5286750839846,52.1958917179483,-12.3327833660364,5.73826082699037,32.3023728183779,17.1694742673089,-15.1328985510689,5.34276322922893
escs,FRA,36,429.416975029449,442.725869215387,13.3088941859372,6.35459937488193,469.107720659956,476.205463735195,7.09774307523918,6.62194799018181,506.49834054286,507.757881926238,1.25954138337829,6.2176543432846,550.799724592137,542.731933652826,-8.06779093931141,6.54439122109722,39.6907456305062,33.4795945198082,-6.21115111069804,6.74964923566088,77.0813655134105,65.0320127108516,-12.0493528025589,6.46890458618014,121.382749562688,100.006064437439,-21.3766851252486,7.38533417420319,37.3906198829043,31.5524181910434,-5.83820169186089,5.6368580392963,81.6920039321817,66.5264699176311,-15.1655340145506,6.47298595348562,44.3013840492774,34.9740517265877,-9.3273323226897,5.62110725843061
escs,GBR,36,466.399926656394,479.200290906714,12.8003642503196,5.63888433104268,490.31430199839,506.396068107753,16.0817661093633,6.02517836596007,506.966950166416,530.701969946997,23.7350197805818,5.89303522992756,558.118756328028,559.224520359003,1.10576403097457,7.17686600904674,23.9143753419955,27.1957772010392,3.28140185904374,6.13167738387397,40.5670235100214,51.5016790402836,10.9346555302622,6.39523211468058,91.7188296716341,80.024229452289,-11.694600219345,7.79975657570857,16.6526481680259,24.3059018392444,7.65325367121847,6.06181147784761,67.8044543296386,52.8284522512498,-14.9760020783888,7.856918003603,51.1518061616127,28.5225504120054,-22.6292557496072,6.81812641657062
escs,GRC,36,404.321521637357,399.425494631453,-4.89602700590456,6.27293277866496,426.082238789132,423.946316154929,-2.13592263420372,6.04153688459608,449.596547530738,454.884088720089,5.28754118935063,6.25734558732915,485.966544995239,475.410182249528,-10.5563627457109,6.48218651212717,21.760717151775,24.5208215234758,2.76010437170083,6.06358215545526,45.2750258933811,55.4585940886363,10.1835681952552,6.41970740160909,81.6450233578818,75.9846876180755,-5.66033573980639,7.0557762541522,23.5143087416061,30.9377725651605,7.42346382355436,5.15222496646215,59.8843062061068,51.4638660945996,-8.42044011150722,5.94513518058916,36.3699974645007,20.5260935294392,-15.8439039350616,5.46880385585457
escs,HUN,36,423.795102571148,430.543155639163,6.74805306801534,6.35277081314642,468.06875290797,469.691067231024,1.62231432305356,6.49348947090558,506.085077006854,498.897373495164,-7.18770351168922,5.95342387811983,548.945798669257,533.036602001485,-15.9091966677722,7.0429955804635,44.2736503368226,39.1479115918609,-5.12573874496178,6.63496552541758,82.2899744357057,68.3542178560011,-13.9357565797046,6.94112490279573,125.150696098109,102.493446362321,-22.6572497357876,8.36742457637302,38.0163240988831,29.2063062641403,-8.81001783474278,6.01648495287952,80.8770457612862,63.3455347704605,-17.5315109908258,7.67530166942316,42.8607216624032,34.1392285063202,-8.721493156083,6.28860209633941
escs,IRL,36,466.950321756178,465.753880769054,-1.19644098712462,5.68076820077912,489.539977919114,487.165597407663,-2.37438051145148,5.80879494614038,517.732233998644,517.278828344354,-0.453405654289895,5.13380222772244,545.002381473066,538.231236480267,-6.77114499279924,5.63687566092238,22.589656162936,21.4117166386092,-1.17793952432686,5.37588249311811,50.7819122424654,51.5249475753001,0.743035332834722,5.76495908897783,78.052059716888,72.4773557112134,-5.57470400567462,5.88352666209595,28.1922560795294,30.113230936691,1.92097485716158,5.49097962123791,55.462403553952,51.0656390726043,-4.39676448134776,5.66290863533551,27.2701474744226,20.9524081359133,-6.31773933850934,5.27401580125714
escs,ISL,36,402.716449907759,415.266918469637,12.550468561878,5.65398136087592,441.483411617734,446.022151509778,4.53873989204357,6.0396097551306,460.521814335103,466.382945438591,5.86113110348805,5.71044101602504,486.290430836668,481.006407003845,-5.28402383282355,6.07333341978051,38.7669617099754,30.755233040141,-8.01172866983438,7.1778444591463,57.8053644273439,51.116026968954,-6.6893374583899,6.72964918512486,83.5739809289093,65.7394885342078,-17.8344923947015,7.40928660529738,19.0384027173685,20.360793928813,1.32239121144448,6.91471593132382,44.8070192189339,34.9842554940668,-9.82276372486712,7.33038922446381,25.7686165015654,14.6234615652538,-11.1451549363116,6.83336121805782
escs,ISR,36,406.770854037985,414.138439474089,7.36758543610364,6.44109519488727,447.307658176064,447.019929465966,-0.287728710098179,7.2012901055813,490.255819081531,482.907823752192,-7.34799532933869,7.16574160680718,525.957454747088,496.136866587288,-29.8205881597996,7.08484952016514,40.5368041380792,32.8814899918774,-7.65531414620182,7.4593567545286,83.4849650435459,68.7693842781035,-14.7155807654423,7.35800783897764,119.186600709103,81.9984271131996,-37.1881735959033,7.53968439589299,42.9481609054666,35.8878942862261,-7.06026661924051,6.1339566702857,78.6497965710237,49.1169371213222,-29.5328594497015,7.36580512823631,35.701635665557,13.2290428350961,-22.4725928304609,6.7455885907501
escs,ITA,36,434.169067503106,445.470796762171,11.3017292590649,5.9062237149848,470.31846500852,475.375695304474,5.0572302959543,6.12955135636776,487.192479668745,496.026695477332,8.83421580858658,6.03394755363042,521.71969093697,524.684338189667,2.96464725269766,6.87916704239101,36.1493975054132,29.9048985423027,-6.24449896311057,5.51484405427819,53.0234121656387,50.5558987151604,-2.46751345047829,6.31011922487056,87.550623433863,79.2135414274958,-8.33708200636721,7.21229880070951,16.8740146602255,20.6510001728578,3.77698551263228,5.31155272731821,51.4012259284498,49.3086428851931,-2.09258304325664,6.65916096255285,34.5272112682243,28.6576427123354,-5.86956855588892,5.40796897694007
escs,JPN,36,510.815155101067,503.618517930566,-7.19663717050042,7.65378714501371,538.088921832455,532.73096837819,-5.35795345426527,6.32634479904545,557.971413194223,552.906763355354,-5.06464983886849,6.81776330456523,582.066374551422,574.846617657588,-7.21975689383373,7.30331975760758,27.2737667313885,29.1124504476236,1.83868371623515,6.28666225577711,47.1562580931558,49.2882454247877,2.13198733163193,7.48779927761239,71.2512194503546,71.2280997270213,-0.0231197233333091,9.16277230903953,19.8824913617673,20.1757949771641,0.293303615396781,5.96770995118418,43.9774527189661,42.1156492793976,-1.86180343956846,7.28065306256122,24.0949613571988,21.9398543022336,-2.15510705496524,5.93549588587008
escs,KOR,36,486.139691651527,488.469701314614,2.33000966308737,7.84996502813778,515.565529453775,524.604216901617,9.03868744784211,7.38611028230427,538.840404364554,547.417591124561,8.57718676000695,7.3138748850427,572.876913296894,557.729096871046,-15.147816425848,7.73802232198196,29.4258378022483,36.134515587003,6.70867778475474,6.81653756439281,52.7007127130278,58.9478898099474,6.24717709691959,7.87151139185936,86.7372216453675,69.2593955564322,-17.4778260889353,9.02953453881608,23.2748749107795,22.8133742229444,-0.461500687835155,7.34811539292777,57.3113838431192,33.1248799694291,-24.1865038736901,8.76130935899048,34.0365089323396,10.3115057464847,-23.7250031858549,8.37773876762132
escs,LTU,36,444.386101293538,460.65519793619,16.2690966426524,5.18939327682841,468.464358283118,480.642807888603,12.1784496054844,5.22057618736278,498.880742783385,511.182164746189,12.3014219628034,5.53264795165805,532.144286723061,522.812111989197,-9.33217473386367,5.79253514243335,24.07825698958,19.9876099524121,-4.09064703716791,5.01689519732815,54.4946414898473,50.5269668099983,-3.96767467984893,5.57516327984796,87.7581854295228,62.1569140530068,-25.601271376516,6.21982999467286,30.4163845002673,30.5393568575863,0.122972357318986,5.24736005375224,63.6799284399428,42.1693041005947,-21.5106243393481,5.82739123352928,33.2635439396756,11.6299472430085,-21.6335966966671,5.18691174923017
escs,LVA,36,460.642286168412,448.858861181014,-11.783424987398,5.38107574108961,481.271281771671,473.089093949245,-8.1821878224265,5.72048791286535,503.319326409094,490.670958001554,-12.6483684075397,5.75224334268932,533.424295101294,507.041211035808,-26.3830840654858,5.30859907175644,20.6289956032594,24.2302327682309,3.60123716497145,5.21817486664573,42.6770402406815,41.8120968205398,-0.864943420141742,5.51767686774217,72.7820089328818,58.182349854794,-14.5996590780878,5.86326984762968,22.0480446374222,17.581864052309,-4.46618058511319,5.87826958806671,52.1530133296224,33.9521170865631,-18.2008962430593,5.81036515263549,30.1049686922003,16.3702530342542,-13.7347156579461,5.88376791471816
escs,MEX,36,379.458661676596,383.008526621166,3.54986494457,4.76268934629072,398.28819204923,406.835380601519,8.54718855228867,5.09097699941659,414.45999699696,420.201671677597,5.74167468063689,6.10266677935406,447.406540265033,450.866391060882,3.45985079584875,6.81694240469206,18.8295303726341,23.8268539803527,4.99732360771867,4.5908898395905,35.0013353203641,37.193145056431,2.19180973606689,5.54664317286039,67.9478785884369,67.8578644397157,-0.0900141487212522,6.73480218245516,16.17180494773,13.3662910760783,-2.80551387165178,5.43716596559871,49.1183482158029,44.031010459363,-5.08733775643992,6.9105651062723,32.9465432680729,30.6647193832847,-2.28182388478814,6.46810354372389
escs,NLD,36,440.756583847347,438.622260329625,-2.13432351772224,7.80128117809534,465.461455108183,473.705322881192,8.24386777300873,7.64645167406691,511.561746512482,512.73908260556,1.17733609307805,7.33493465309927,551.056675994339,543.548896637664,-7.50777935667497,6.84101749504298,24.7048712608363,35.0830625515673,10.378191290731,6.64427914897762,70.8051626651349,74.1168222759352,3.31165961080029,8.4861608680554,110.300092146992,104.926636308039,-5.37345583895274,9.33640429390456,46.1002914042986,39.0337597243679,-7.06653167993068,7.10391051295266,85.5952208861554,69.8435737564717,-15.7516471296837,8.26757903234332,39.4949294818568,30.8098140321038,-8.68511544975303,6.96399684046912
escs,NOR,36,435.9029370008,432.063396570688,-3.83954043011187,5.46497628626006,469.311045278157,469.178418731136,-0.132626547020948,5.74550372265265,495.147563197694,495.808065866503,0.660502668808761,5.90182760128246,525.730037344257,508.774108881793,-16.9559284624644,6.16765462678615,33.4081082773562,37.1150221604472,3.70691388309092,5.85947129082188,59.2446261968939,63.7446692958146,4.50004309892063,6.21579048254962,89.8271003434571,76.7107123111046,-13.1163880323525,6.54924631923998,25.8365179195377,26.6296471353674,0.793129215829708,6.0389806583877,56.4189920661008,39.5956901506574,-16.8233019154434,6.07557477109968,30.5824741465631,12.96604301529,-17.6164311312731,6.09155320375192
escs,NZL,36,452.683230806687,472.959691121506,20.2764603148188,5.68473176010352,497.782234918262,503.533594380914,5.75135946265192,6.29421642791307,528.585537853131,540.713601225441,12.1280633723103,6.26169850488525,558.649175670149,562.314597394564,3.66542172441427,5.55373734932193,45.0990041115745,30.5739032594076,-14.5251008521669,5.60994659895621,75.9023070464435,67.753910103935,-8.1483969425085,6.48061906039707,105.965944863462,89.3549062730576,-16.6110385904045,6.55915792017021,30.8033029348691,37.1800068445274,6.37670390965837,6.82365727649896,60.8669407518877,58.78100301365,-2.08593773823765,7.20375257158538,30.0636378170186,21.6009961691226,-8.46264164789602,6.96542391110182
escs,POL,36,454.526278807555,458.633630961639,4.10735215408357,5.54366330158935,487.012429314276,483.432178815517,-3.58025049875897,5.87073801308781,512.722516230593,517.875243284861,5.15272705426787,6.14980287312586,548.881985886773,540.367575275728,-8.51441061104504,6.10921200123062,32.4861505067208,24.7985478538783,-7.68760265284254,5.09091213432913,58.1962374230384,59.2416123232227,1.0453749001843,5.99250214467096,94.3557070792181,81.7339443140895,-12.6217627651286,6.99035276625517,25.7100869163176,34.4430644693444,8.73297755302684,5.46914211563491,61.8695565724972,56.9353964602112,-4.93416011228607,6.29350157320259,36.1594696561797,22.4923319908668,-13.6671376653129,5.73840697811543
escs,PRT,36,444.683406886458,442.232107304452,-2.4512995820059,6.18006922546898,467.933766953653,469.501120493544,1.56735353989092,6.66573583367664,492.199709811443,496.909147205514,4.70943739407016,6.79481627604155,536.595439905487,533.762797697102,-2.83264220838498,6.29573119623265,23.2503600671953,27.2690131890922,4.01865312189682,5.35523282653551,47.5163029249857,54.6770399010617,7.16073697607607,5.91528657367897,91.9120330190295,91.5306903926505,-0.38134262637908,6.78934731721613,24.2659428577903,27.4080267119696,3.14208385417925,6.18147128973446,68.6616729518342,64.2616772035583,-4.3999957482759,6.50056500922503,44.3957300940439,36.8536504915887,-7.54207960245515,6.16583890247501
escs,SVK,36,389.675682514234,421.200213294718,31.5245307804842,7.10544783184543,453.374584197355,467.450885457845,14.0763012604901,6.26523094908458,479.493958348454,494.161504775898,14.6675464274444,6.63827754319402,527.493786992056,535.662619679852,8.16883268779611,6.79675923609207,63.6989016831212,46.2506721631271,-17.4482295199941,6.48812483727718,89.8182758342199,72.9612914811801,-16.8569843530398,7.96099550235623,137.818104477822,114.462406385134,-23.355698092688,8.97363377976868,26.1193741510987,26.710619318053,0.591245166954309,6.285616136733,74.1192027947008,68.2117342220068,-5.90746857269397,7.68702290630621,47.999828643602,41.5011149039538,-6.49871373964828,6.06473188168357
escs,SVN,36,455.150094252281,450.127370061481,-5.02272419079981,5.23662939206007,485.362593142656,475.954172571812,-9.40842057084376,5.17770329301916,516.716039828094,513.409909629479,-3.3061301986146,5.08925386983828,546.340596400858,521.803843986535,-24.5367524143233,5.06470042372687,30.2124988903753,25.8268025103313,-4.38569638004395,5.78133864121337,61.5659455758127,63.2825395679979,1.71659399218521,5.51539458364507,91.190502148577,71.6764739250535,-19.5140282235234,5.99772792222472,31.3534466854374,37.4557370576666,6.10229037222916,5.67193219593121,60.9780032582017,45.8496714147222,-15.1283318434795,5.99023754121485,29.6245565727643,8.39393435705563,-21.2306222157087,5.94748292816434
escs,SWE,36,440.477354744029,439.112874842615,-1.36447990141403,5.6647854733998,476.411633393614,480.103912308676,3.69227891506245,6.20978974356361,515.38570699145,521.063452826105,5.67774583465507,6.41476373326138,553.049759759608,531.751620643131,-21.2981391164765,6.50030231142426,35.9342786495845,40.991037466061,5.05675881647647,5.54980811170797,74.9083522474201,81.9505779834892,7.0422257360691,6.37064491706967,112.572405015578,92.6387458005158,-19.9336592150625,7.10713248566265,38.9740735978356,40.9595405174282,1.98546691959263,6.19406121596916,76.6381263659937,51.6477083344548,-24.9904180315389,7.0066478741661,37.6640527681582,10.6881678170266,-26.9758849511316,5.86928164198218
escs,TUR,36,446.690526522478,463.688147868651,16.9976213461725,5.33326471458767,462.193855754817,483.946953499785,21.753097744968,5.15710919741551,474.748585175556,496.626938621716,21.8783534461596,5.77400616301302,520.370862137702,544.779527322769,24.4086651850677,6.11086650124991,15.5033292323392,20.2588056311347,4.75547639879551,5.14772533036693,28.0580586530781,32.9387907530652,4.88073209998709,5.92151415464818,73.6803356152237,81.0913794541188,7.41104383889513,6.91532916555251,12.5547294207389,12.6799851219305,0.125255701191577,5.01717770506001,58.1770063828845,60.8325738229841,2.65556744009962,6.19866310495806,45.6222769621456,48.1525887010536,2.53031173890804,6.30044543040735
escs,USA,36,450.919153519228,456.902067175558,5.9829136563298,8.53444918750551,480.378767067967,485.069114609156,4.69034754118923,9.51127055720745,510.307935673333,512.68980610227,2.38187042893674,14.3837302918657,559.140335436968,561.3277753078,2.18743987083178,17.2948258201503,29.4596135487392,28.1670474335986,-1.29256611514057,10.4088516778066,59.3887821541051,55.7877389267121,-3.60104322739306,13.8816665322902,108.22118191774,104.425708132242,-3.79547378549802,17.9304593417712,29.9291686053659,27.6206914931134,-2.30847711225249,14.1942067037877,78.7615683690007,76.2586606986432,-2.50290767035744,17.2953020372082,48.8323997636347,48.6379692055298,-0.194430558104955,14.2735436200663
escs,OECD,36,441.678731497541,446.685987667817,5.00725617027615,3.23461750419733,473.487709973453,477.030351425636,3.5426414521836,3.24027930515686,500.922229326833,505.635577279913,4.71334795308019,3.25756232638275,537.853868936374,530.145529309489,-7.70833962688573,3.28247486737962,31.8089784759118,30.3443637578193,-1.46461471809255,1.00379517488306,59.2434978292919,58.949589612096,-0.293908217195963,1.10940899100795,96.1751374388335,83.4595416416717,-12.7155957971619,1.28643367674976,27.4345193533801,28.6052258542767,1.17070650089659,1.03819525730987,64.3661589629217,53.1151778838524,-11.2509810790693,1.20091492549226,36.9316396095416,24.5099520295757,-12.4216875799659,1.08314514304964
escs,OECD35,35,441.509116734757,446.787823964001,5.27870722924416,3.23979178670265,473.513988166017,477.258262584072,3.74427441805574,3.24605467704233,501.084266615457,505.855621177159,4.77135456170197,3.26398601218196,538.166206753155,530.597338501122,-7.5688682520323,3.29055758942066,32.0048714312593,30.4704386200709,-1.53443281118842,1.02722295711696,59.5751498807002,59.067797213158,-0.507352667542193,1.13516216712176,96.6570900183972,83.8095145371207,-12.8475754812765,1.31751770309416,27.5702784494409,28.5973585930871,1.02708014364623,1.06344867670347,64.6522185871379,53.3390759170499,-11.313142670088,1.2302252277625,37.081940137697,24.7417173239628,-12.3402228137343,1.10876037570364
escs_h,AUS,36,460.204255507344,465.256088133098,5.05183262575366,5.15624547330439,493.363942641514,500.992941766292,7.62899912477803,5.00022404467226,530.53216879691,533.6302468788,3.09807808189032,5.07069640414226,552.039811692872,554.159344566534,2.1195328736618,5.11895504339442,33.1596871341694,35.7368536331937,2.57716649902437,4.72972620373497,70.3279132895657,68.3741587457024,-1.95375454386334,5.04226410040527,91.8355561855278,88.9032564334359,-2.93229975209187,5.62284896333813,37.1682261553964,32.6373051125087,-4.53092104288771,4.59557456290097,58.6758690513584,53.1664028002422,-5.50946625111624,4.84110513496535,21.507642895962,20.5290976877335,-0.978545208228525,4.34702007178215
escs_h,AUT,36,434.375858038136,447.208928241084,12.8330702029481,6.19360494491915,479.729257445073,490.194390193727,10.4651327486546,6.61265697524317,515.731636522475,520.24637944916,4.51474292668536,5.66136432402512,547.126249493981,549.671114721114,2.54486522713273,5.70363464325386,45.3533994069362,42.9854619526426,-2.36793745429355,6.4734409114641,81.3557784843384,73.0374512080756,-8.31832727626278,5.6302804082573,112.750391455845,102.462186480029,-10.2882049758154,6.37749362826247,36.0023790774022,30.051989255433,-5.95038982196923,6.41220829694189,67.3969920489086,59.4767245273868,-7.92026752152185,6.10163877516419,31.3946129715064,29.4247352719538,-1.96987769955263,5.17158510457796
escs_h,BEL,36,435.806442926566,448.08204226161,12.275599335044,6.15735045036142,473.526967350871,480.172588295708,6.64562094483711,5.92460390275968,516.089894698002,524.000093833574,7.91019913557147,6.41261844304127,544.622171554518,549.049989002191,4.42781744767319,5.66757051836927,37.7205244243046,32.0905460340977,-5.62997839020687,5.84037292831658,80.2834517714361,75.9180515719636,-4.3654001994725,6.81589242485009,108.815728627951,100.967946740581,-7.84778188737079,6.72336341199564,42.5629273471315,43.8275055378659,1.26457819073437,5.6714813514929,71.0952042036467,68.8774007064828,-2.21780349716391,6.04616859801475,28.5322768565152,25.0498951686169,-3.48238168789828,5.99321785827763
escs_h,CAN,36,480.141986148087,477.750487134754,-2.39149901333241,4.84340196932653,506.213839005263,509.31706651241,3.10322750714658,4.77643986034927,531.325829860175,536.486504997865,5.16067513768974,4.74219968455895,549.971175354281,546.346877447964,-3.62429790631688,5.27760588740201,26.0718528571765,31.5665793776555,5.49472652047899,4.32959014620564,51.1838437120886,58.7360178631107,7.55217415102214,4.53442335952504,69.8291892061944,68.59639031321,-1.23279889298448,5.32471609833429,25.1119908549121,27.1694384854552,2.05744763054315,3.89691469856323,43.7573363490179,37.0298109355545,-6.72752541346347,4.58707725138683,18.6453454941059,9.86037245009925,-8.78497304400662,4.31450242992617
escs_h,CHE,36,451.863444696066,454.723076193285,2.85963149721857,5.9985244473473,486.197306513901,491.799381624498,5.60207511059673,6.23115727798427,523.473747214167,527.330710497352,3.85696328318466,5.77905714610788,557.793401557395,559.013626170582,1.22022461318761,5.65498879095045,34.3338618178352,37.0763054312133,2.74244361337816,6.18968033716121,71.6103025181009,72.607634304067,0.997331785966082,6.02840676533196,105.929956861329,104.290549977298,-1.63940688403096,6.77977546631336,37.2764407002658,35.5313288728537,-1.74511182741207,5.42658630177629,71.5960950434935,67.2142445460844,-4.38185049740912,6.219597067961,34.3196543432277,31.6829156732307,-2.63673866999704,5.76573805369899
escs_h,CHL,36,413.312119765412,412.765772552205,-0.546347213206843,6.17660206156935,434.470023714673,433.299272420426,-1.17075129424637,5.65080973067631,449.170150181006,449.873367273525,0.703217092518912,6.16346336726471,488.004316927134,494.12347645051,6.1191595233754,6.20947614353213,21.1579039492612,20.5334998682217,-0.624404081039529,6.01951229355215,35.8580304155948,37.1075947213206,1.24956430572576,6.34961525973406,74.6921971617225,81.3577038983048,6.66550673658225,7.32827728367603,14.7001264663336,16.5740948530989,1.87396838676528,5.98499692107155,53.5342932124613,60.8242040300831,7.28991081762177,5.86715258194214,38.8341667461277,44.2501091769842,5.41594243085649,6.5241362291243
escs_h,COL,36,377.620166201088,377.424144860585,-0.196021340503535,5.38652738252104,397.071667017639,404.743218317857,7.67155130021769,6.25696732166364,415.605270998501,424.397170538492,8.79189953999014,6.92846739827477,462.990598558619,472.45423830988,9.46363975126133,10.2331903972661,19.4515008165507,27.3190734572719,7.86757264072122,6.11659597042661,37.9851047974133,46.973025677907,8.98792088049368,6.69678926205545,85.3704323575307,95.0300934492955,9.65966109176486,10.8102920789593,18.5336039808626,19.6539522206351,1.12034823977245,4.92455495440857,65.91893154098,67.7110199920236,1.79208845104364,9.32468693078469,47.3853275601173,48.0570677713885,0.671740211271185,9.21587113210037
escs_h,CZE,36,442.732573206767,442.638436397944,-0.0941368088231229,6.03485820429861,489.020537680956,482.541596817094,-6.4789408638627,5.64418643996033,509.752435806742,504.184139538796,-5.56829626794576,5.80891662534228,551.512066173183,545.259227409928,-6.25283876325443,6.35571472041183,46.2879644741896,39.90316041915,-6.38480405503958,5.33008670043761,67.0198625999748,61.5457031408522,-5.47415945912263,5.98779527594718,108.779492966416,102.620791011985,-6.15870195443131,7.71931099312277,20.7318981257853,21.6425427217022,0.910644595916949,5.12661073800405,62.4915284922265,62.7176305928347,0.226102100608273,6.12100972900088,41.7596303664412,41.0750878711325,-0.684542495308676,6.26896716901685
escs_h,DEU,36,446.238092163276,436.694420638697,-9.54367152457877,6.88136746350763,483.866453104776,484.750044510009,0.88359140523346,7.60433346911504,511.441118657546,517.149134130494,5.70801547294752,6.67850811887552,555.744415750076,562.243142937811,6.49872718773474,7.34361322686101,37.6283609414999,48.0556238713121,10.4272629298122,7.274363505625,65.2030264942701,80.4547134917964,15.2516869975263,6.38471155008145,109.5063235868,125.548722299113,16.0423987123135,8.2248634427031,27.5746655527702,32.3990896204843,4.82442406771406,6.59051054918248,71.8779626453,77.4930984278013,5.61513578250128,7.92632530867614,44.3032970925298,45.094008807317,0.790711714787221,6.66415414706128
escs_h,DNK,36,454.004842814232,442.49873015768,-11.5061126565519,5.66166411020572,489.005618863294,472.639423417934,-16.3661954453609,6.2731984364258,514.232172329959,504.761544158785,-9.47062817117444,6.17373903422801,522.588484003961,516.873658958446,-5.71482504551511,6.30591513634096,35.0007760490626,30.1406932602536,-4.860082788809,5.86856420047564,60.2273295157272,62.2628140011047,2.03548448537748,5.99693055155871,68.5836411897293,74.3749288007661,5.79128761103681,6.78681216468728,25.2265534666647,32.1221207408511,6.89556727418648,6.45902129498617,33.5828651406667,44.2342355405125,10.6513703998458,6.71436072640645,8.35631167400209,12.1121147996614,3.75580312565933,6.7011870757015
escs_h,ESP,36,450.579568127055,440.958223944828,-9.62134418222712,4.74066712600453,473.381489818655,468.331733063041,-5.04975675561337,4.59621212023411,497.055725094237,495.81682433832,-1.23890075591657,4.67327263890322,521.61939553166,519.950710379814,-1.66868515184592,4.51550811972341,22.8019216915998,27.3735091182135,4.57158742661375,4.04996068648241,46.4761569671817,54.8586003934923,8.38244342631055,3.96200013812074,71.0398274046053,78.9924864349865,7.9526590303812,4.34452324935488,23.674235275582,27.4850912752788,3.8108559996968,3.40421120917624,48.2379057130055,51.6189773167729,3.38107160376745,4.19965331945287,24.5636704374235,24.1338860414942,-0.429784395929346,3.69462145343936
escs_h,EST,36,494.003208110616,489.405863182283,-4.5973449283328,5.3110955437933,511.160477801976,515.167754803472,4.00727700149594,5.62204879915292,537.14987563958,547.071594236476,9.92171859689643,5.58198004143032,563.349732991195,563.220875801745,-0.128857189449946,5.80554515158877,17.1572696913602,25.761891621189,8.60462192982874,5.21133575834061,43.1466675289636,57.6657310541929,14.5190635252292,5.49842547293451,69.3465248805788,73.8150126194616,4.46848773888286,6.23797378325653,25.9893978376034,31.9038394330039,5.91444159540049,5.23401237342116,52.1892551892186,48.0531209982727,-4.13613419094588,5.75154800625262,26.1998573516152,16.1492815652688,-10.0505757863464,5.42836003432253
escs_h,FIN,36,474.383119871645,467.602300798923,-6.78081907272224,5.39327988098889,496.356026026599,496.615004047811,0.258978021211988,5.72143717097679,528.097679582904,528.063860143627,-0.0338194392776359,5.60051557164939,553.586424044061,552.415875340534,-1.17054870352661,5.61183579788831,21.9729061549537,29.0127032488879,7.03979709393423,5.18380364683217,53.7145597112589,60.4615593447035,6.7469996334446,5.37848566209053,79.2033041724153,84.8135745416109,5.61027036919563,5.29729761549421,31.7416535563052,31.4488560958156,-0.292797460489624,5.32148557652218,57.2303980174615,55.800871292723,-1.42952672473859,5.69329206580549,25.4887444611563,24.3520151969074,-1.13672926424897,5.41389942512903
escs_h,FRA,36,434.641212020418,440.602144857914,5.96093283749633,6.19230621404532,473.358947739339,475.283890921669,1.92494318232997,6.27202260141045,502.894895239401,508.69196957116,5.79707433175821,7.15467586456342,546.672795842308,546.15535573279,-0.517440109517565,6.36941011876382,38.7177357189216,34.6817460637552,-4.03598965516636,6.47370470438681,68.2536832189836,68.0898247132455,-0.163858505738119,6.97897659989822,112.03158382189,105.553210874876,-6.4783729470139,7.03315003781982,29.535947500062,33.4080786494903,3.87213114942824,6.73855155304011,73.3138481029685,70.8714648111209,-2.44238329184753,6.59494773532465,43.7779006029064,37.4633861616306,-6.31451444127578,6.01895219142875
escs_h,GBR,36,468.285202216377,479.143092580324,10.8578903639466,6.10132054965166,489.330458894119,505.783422250806,16.4529633566878,5.71856008548547,515.970164066858,529.701046738133,13.7308826712755,6.1037162255297,549.548309137895,561.137744574135,11.5894354362405,7.22687863560643,21.0452566777415,26.6403296704827,5.59507299274117,6.80765613615195,47.6849618504808,50.5579541578097,2.87299230732884,6.85563343072599,81.2631069215175,81.9946519938114,0.731545072293841,8.14403074708837,26.6397051727393,23.917624487327,-2.72208068541232,6.57564558133795,60.217850243776,55.3543223233287,-4.86352792044733,7.391641041462,33.5781450710367,31.4366978360017,-2.141447235035,6.84093165943481
escs_h,GRC,36,408.887552624265,397.684818294496,-11.202734329769,6.47960322464486,427.35944315198,425.20777527646,-2.15166787551993,5.76791343507943,450.800068475397,454.683683102561,3.88361462716381,6.62829148830545,480.086753613803,477.789610481847,-2.29714313195586,6.70179251188225,18.4718905277151,27.5229569819641,9.05106645424905,6.46923132465662,41.9125158511324,56.9988648080652,15.0863489569328,6.5634846798067,71.199200989538,80.1047921873511,8.90559119781312,7.65864174266731,23.4406253234174,29.4759078261011,6.03528250268374,5.71184052447092,52.7273104618229,52.581835205387,-0.14547525643593,5.90746623277784,29.2866851384056,23.1059273792859,-6.18075775911967,6.35990653365264
escs_h,HUN,36,430.764097081762,430.498476229329,-0.265620852431994,6.48231667775821,465.938108330766,468.43063290254,2.4925245717742,5.97881225849981,505.367572315353,499.361527146614,-6.00604516873904,6.68913621559127,546.126722732096,534.832127150326,-11.2945955817704,6.82396136931558,35.1740112490043,37.9321566732105,2.75814542420619,6.2632403776418,74.6034752335916,68.8630509172845,-5.74042431630704,7.72378091180551,115.362625650335,104.333650920996,-11.0289747293384,8.11939830917527,39.4294639845872,30.930894244074,-8.49856974051323,6.16541110122316,80.1886144013306,66.401494247786,-13.7871201535446,7.27720236617492,40.7591504167434,35.470600003712,-5.28855041303137,6.92970937375916
escs_h,IRL,36,469.954098239329,463.253252938446,-6.70084530088303,5.65651900706568,492.578505521748,487.645283609565,-4.93322191218306,5.6220071865797,516.397264587342,519.272069474757,2.87480488741483,5.45133819975938,540.451182077096,538.712589301344,-1.73859277575173,5.395954686527,22.6244072824194,24.3920306711194,1.76762338869997,5.22068059705147,46.4431663480132,56.018816536311,9.57565018829786,5.76740455549908,70.497083837767,75.4593363628984,4.96225252513131,5.5951765302296,23.8187590655938,31.6267858651917,7.80802679959788,5.43417866531627,47.8726765553477,51.067305691779,3.19462913643133,5.61639324802787,24.0539174897539,19.4405198265873,-4.61339766316655,5.26654234753385
escs_h,ISL,36,406.976274941884,413.640045118905,6.66377017702138,5.73907266520711,441.908387367365,447.242746980459,5.33435961309397,5.89131164924874,467.373250288172,464.234374759823,-3.13887552834922,6.00565074350267,475.56051356833,483.693786817044,8.13327324871449,5.95941138628236,34.9321124254814,33.602701861554,-1.32941056392741,6.84402684583536,60.3969753462884,50.5943296409178,-9.80264570537059,7.4658127300596,68.5842386264459,70.0537416981391,1.46950307169311,7.09753073474666,25.464862920807,16.9916277793638,-8.47323514144318,7.33866047394165,33.6521262009646,36.4510398365851,2.79891363562052,6.74763979042867,8.1872632801576,19.4594120572213,11.2721487770637,7.30417392477137
escs_h,ISR,36,412.480101538154,412.011371708821,-0.46872982933246,6.73993478875111,456.376979995153,449.540254503679,-6.8367254914732,6.97312397497294,498.086850526015,485.218244444977,-12.8686060810386,7.60560609806425,514.799321046758,503.21950606833,-11.5798149784288,6.86297775570562,43.8968784569989,37.5288827948582,-6.36799566214074,7.52529548504262,85.6067489878617,73.2068727361556,-12.3998762517061,7.82096717282644,102.319219508605,91.2081343595085,-11.1110851490964,7.97827288678448,41.7098705308628,35.6779899412974,-6.03188058956539,6.92590141556577,58.4223410516059,53.6792515646503,-4.74308948695563,7.24927332608896,16.7124705207432,18.0012616233529,1.28879110260976,7.28805564833575
escs_h,ITA,36,439.770329962156,443.681108442055,3.91077847989942,5.89047372158757,469.288585745991,475.665483561552,6.37689781556082,5.78020394502292,487.965027087041,497.463574953711,9.49854786666992,6.26849357412156,517.197671748091,525.018635937879,7.82096418978847,6.69790468585932,29.5182557838352,31.9843751194966,2.4661193356614,5.22200848222437,48.194697124885,53.7824665116555,5.5877693867705,6.25756956688918,77.4273417859346,81.3375274958237,3.91018570988905,6.96009706347121,18.6764413410498,21.7980913921589,3.1216500511091,5.37168741918462,47.9090860020995,49.3531523763271,1.44406637422765,6.28791735066226,29.2326446610497,27.5550609841682,-1.67758367688145,5.18568676701571
escs_h,JPN,36,515.406733397793,501.046404230462,-14.3603291673308,8.0981596462279,540.684672863811,530.843785511408,-9.84088735240323,6.24861885140833,558.340983767393,553.168359358245,-5.17262440914794,6.4536665856839,575.124765881281,579.085842839515,3.96107695823321,7.35018138977241,25.2779394660181,29.7973812809457,4.51944181492758,7.11189300706404,42.9342503695993,52.1219551277822,9.18770475818286,7.55350750731938,59.7180324834882,78.0394386090522,18.321406125564,9.3062498915971,17.6563109035812,22.3245738468365,4.66826294325529,5.784233643261,34.4400930174701,48.2420573281065,13.8019643106364,7.08006695762532,16.7837821138888,25.91748348127,9.13370136738115,5.95624122737191
escs_h,KOR,36,494.908644608555,488.572329329514,-6.33631527904112,7.48100190859303,515.385209349654,524.454623000398,9.06941365074317,7.47945619955464,538.826185121921,545.443152118281,6.61696699635957,7.26228573421802,566.373228529546,559.723164606889,-6.65006392265775,7.63235125098147,20.4765647410991,35.8822936708834,15.4057289297843,7.85954763877925,43.9175405133658,56.8708227887665,12.9532822754007,7.39084667419167,71.464583920991,71.1508352773744,-0.313748643616634,8.1862054002584,23.4409757722667,20.9885291178831,-2.45244665438361,7.26798146065659,50.9880191798919,35.268541606491,-15.7194775734009,8.49218562066559,27.5470434076252,14.2800124886079,-13.2670309190173,7.82908000192051
escs_h,LTU,36,447.163416655459,457.136601605628,9.97318495016879,5.24358430941249,471.908233168396,483.501358652881,11.5931254844847,5.09229067929523,501.755151329369,511.115512114832,9.36036078546238,5.512148331937,523.42688951094,524.07522520988,0.648335698939945,6.06248780618865,24.7448165129373,26.3647570472532,1.6199405343159,4.93034369562954,54.5917346739107,53.9789105092043,-0.61282416470641,5.52666019800235,76.2634728554813,66.9386236042524,-9.32484925122884,6.37082108241472,29.8469181609734,27.6141534619511,-2.23276469902231,5.28914459329252,51.518656342544,40.5738665569992,-10.9447897855447,6.05916830859998,21.6717381815706,12.9597130950482,-8.71202508652243,5.67216056998734
escs_h,LVA,36,463.464367860121,447.628079358865,-15.8362885012561,5.62314080362496,481.150248313981,470.256174057861,-10.8940742561201,5.70804823723166,505.1928286922,494.645302232875,-10.5475264593246,5.41413095484728,529.284669612497,507.356860017913,-21.9278095945839,5.34425166594945,17.6858804538597,22.6280946989957,4.94221424513603,5.38488258537612,41.7284608320785,47.0172228740101,5.28876204193159,5.74725153285968,65.8203017523762,59.7287806590484,-6.09152109332774,5.99762408288603,24.0425803782188,24.3891281750144,0.346547796795562,5.24708905618453,48.1344212985165,37.1006859600527,-11.0337353384638,5.64802380640777,24.0918409202977,12.7115577850383,-11.3802831352593,5.96065135070689
escs_h,MEX,36,382.491606813762,382.773637480602,0.282030666839944,4.79703560664379,397.9467343709,406.326071581764,8.37933721086347,5.05853552102894,414.128735200206,420.583096468916,6.45436126870914,5.59128301147174,445.685948669461,452.06764312788,6.38169445841896,6.98595170565458,15.4551275571379,23.5524341011615,8.09730654402353,4.58065404139068,31.6371283864443,37.8094589883135,6.17233060186919,5.2115182286727,63.1943418556988,69.2940056472778,6.09966379157902,6.94696297513184,16.1820008293064,14.2570248871521,-1.92497594215433,4.59769360346778,47.7392142985609,45.7415715461164,-1.99764275244451,6.84218579601506,31.5572134692545,31.4845466589643,-0.0726668102901726,6.2100324010879
escs_h,NLD,36,445.610429479571,445.542517749115,-0.067911730455819,7.96849742227652,467.363220910771,475.189193175558,7.82597226478634,7.87453545550859,513.711725104474,515.614137860471,1.90241275599669,8.42495169736675,542.53017281668,543.11283754738,0.582664730700344,6.68997238562664,21.7527914312003,29.6466754264424,7.89388399524216,7.59187801314822,68.1012956249031,70.0716201113556,1.97032448645251,10.0060891206731,96.9197433371088,97.570319798265,0.650576461156163,9.05450297252998,46.3485041937028,40.4249446849132,-5.92355950878965,8.27687932264053,75.1669519059086,67.9236443718226,-7.243307534086,8.45428691489411,28.8184477122057,27.4986996869094,-1.31974802529635,9.09767430180642
escs_h,NOR,36,441.045571275619,430.835869527925,-10.2097017476942,5.67447101382649,471.326265887027,464.874228467567,-6.45203741945966,5.86457750156411,499.62296678645,499.076524327371,-0.546442459078776,5.82269560657458,514.316857078742,511.422772335363,-2.89408474337927,5.97373180008653,30.2806946114078,34.0383589396423,3.75766432823451,5.83101416628643,58.577395510831,68.2406547994464,9.66325928861539,6.43507249699434,73.2712858031229,80.5869028074378,7.3156170043149,6.61907444837854,28.2967008994232,34.2022958598041,5.90559496038088,6.13940145835129,42.9905911917151,46.5485438677955,3.55795267608039,6.00187251043329,14.6938902922919,12.3462480079915,-2.34764228430049,5.91797186491678
escs_h,NZL,36,456.313648148475,472.263771107649,15.9501229591739,5.99459422080012,497.825081951134,502.784686299018,4.95960434788384,6.05807517633245,531.698480635142,537.717463386824,6.01898275168173,6.02261719003616,553.219893485269,567.312972065362,14.0930785800929,5.57051036669889,41.5114338026592,30.5209151913691,-10.99051861129,6.01722937971308,75.3848324866668,65.4536922791747,-9.93114020749215,6.57851747313214,96.9062453367942,95.0492009577132,-1.857044379081,6.44330793959044,33.8733986840077,34.9327770878056,1.05937840379789,6.73042211296408,55.394811534135,64.5282857663441,9.13347423220904,6.41272064623267,21.5214128501274,29.5955086785385,8.07409582841115,6.95625917103976
escs_h,POL,36,459.215589487179,456.403489320826,-2.81210016635339,5.7431461482524,489.159794186794,485.193110909704,-3.96668327708994,5.6982004742442,512.177312328663,518.285662463293,6.10835013463088,6.15083569736986,542.782016850835,540.701114632731,-2.08090221810437,6.29040006485015,29.9442046996152,28.7896215888786,-1.15458311073655,5.39994903100884,52.9617228414834,61.8821731424677,8.92045030098427,6.02022567808569,83.5664273636558,84.2976253119048,0.731197948249019,7.12757527534662,23.0175181418682,33.092551553589,10.0750334117208,5.70404448134028,53.6222226640406,55.5080037230262,1.88578105898557,6.34600305725729,30.6047045221724,22.4154521694371,-8.18925235273525,5.90992936752321
escs_h,PRT,36,444.338449302636,438.937790128118,-5.40065917451784,6.35118495288106,469.258932605704,471.812147837656,2.55321523195272,6.59304145864445,497.105211365375,497.744674670582,0.639463305207471,6.68511234588414,531.386158966134,534.211736962836,2.8255779967011,5.9478643970104,24.9204833030674,32.874357709538,7.95387440647056,5.25544158853035,52.7667620627383,58.8068845424637,6.04012247972531,5.88155391172848,87.0477096634983,95.2739468347172,8.22623717121894,6.57352003564692,27.8462787596709,25.9325268329257,-1.91375192674525,5.67023295470406,62.1272263604308,62.3995891251792,0.27236276474838,6.38371651949795,34.2809476007599,36.4670622922536,2.18611469149363,5.70230324389301
escs_h,SVK,36,401.715122831594,421.454780790352,19.7396579587573,6.98676916545124,451.913124750667,468.780221600142,16.867096849475,6.3874003449937,477.204412311505,493.407749179804,16.2033368682993,6.47284087938981,523.963343069866,538.306281400875,14.3429383310083,6.9612388714752,50.1980019190722,47.3254408097899,-2.87256110928234,6.36046267432176,75.4892894799108,71.9529683894527,-3.53632109045805,7.87806555796489,122.248220238272,116.851500610523,-5.39671962774901,8.83366067178162,25.2912875608386,24.6275275796629,-0.663759981175701,6.63857030021423,72.0502183191998,69.5260598007332,-2.52415851846666,7.70289154518742,46.7589307583613,44.8985322210703,-1.86039853729096,6.37412529859167
escs_h,SVN,36,458.43103568446,446.319774437906,-12.1112612465537,5.17617654965252,488.885145501601,475.7651362769,-13.1200092247011,5.43596078258323,520.148785363834,509.910920075322,-10.2378652885121,5.09511775333646,536.236569105221,530.055186277179,-6.18138282804262,4.85686934806705,30.4541098171414,29.445361838994,-1.00874797814737,5.9821337131068,61.7177496793748,63.5911456374164,1.87339595804161,5.72104814576804,77.8055334207617,83.7354118392728,5.92987841851107,5.57807081193771,31.2636398622334,34.1457837984224,2.88214393618898,5.94562162730958,47.3514236036203,54.2900500002788,6.93862639665844,6.01959464762974,16.0877837413869,20.1442662018564,4.05648246046945,5.66887318912545
escs_h,SWE,36,446.190548437022,436.946590394564,-9.24395804245773,5.73590868686173,478.457140118079,480.361829413663,1.90468929558455,6.4884692212989,516.953368322516,520.614041373866,3.66067305134993,6.15880465471211,544.51947627971,534.973071216363,-9.54640506334761,6.79057785287372,32.2665916810568,43.4152390190991,11.1486473380423,6.34664588198269,70.7628198854947,83.6674509793023,12.9046310938077,6.21409461521168,98.3289278426885,98.0264808217986,-0.302447020889872,7.30549307682377,38.4962282044378,40.2522119602032,1.75598375576539,6.16236235019384,66.0623361616317,54.6112418026995,-11.4510943589322,7.24598507070406,27.5661079571938,14.3590298424963,-13.2070781146975,6.40100660013372
escs_h,TUR,36,450.120796289067,461.035207980681,10.9144116916141,5.31074018788446,463.51612710337,483.484699679401,19.9685725760307,5.06661251179356,472.070493291086,498.029634707296,25.9591414162109,5.66927736112445,518.44803308435,547.045147450516,28.597114366166,6.2596312790328,13.3953308143034,22.44949169872,9.0541608844166,4.93985080230621,21.9496970020185,36.9944267266152,15.0447297245967,5.66279245646117,68.3272367952832,86.0099394698351,17.6827026745519,6.78117485155844,8.55436618771512,14.5449350278952,5.99056884018012,4.84452850080076,54.9319059809798,63.560447771115,8.62854179013527,6.62448836556991,46.3775397932646,49.0155127432198,2.63797294995516,6.3670664384746
escs_h,USA,36,455.310062451445,453.304396880169,-2.00566557127593,8.51000288597301,479.693724356427,485.736300573503,6.04257621707569,9.58926306964819,512.765356573394,510.795905291178,-1.96945128221535,12.7167049498126,554.143317607916,567.913640419287,13.7703228113705,17.4209151168863,24.3836619049822,32.4319036933338,8.04824178835162,10.0603611127514,57.455294121949,57.4915084110096,0.036214289060581,12.3515624368554,98.8332551564715,114.609243539118,15.7759883826465,18.14267009237,33.0716322169669,25.0596047176758,-8.01202749929104,11.8480266387107,74.4495932514894,82.1773398457842,7.72774659429484,17.0255182662861,41.3779610345225,57.1177351281084,15.7397740935859,13.0393363142422
escs_h,OECD,36,445.798626914539,445.103446249712,-0.695180664826353,3.23719894675852,474.832685532499,477.07576313429,2.24307760179067,3.23853460147996,502.672633171147,505.49417210656,2.82153893541232,3.25417938223427,531.745357054105,533.130694713075,1.3853376589708,3.28225657879692,29.0340586179606,31.9723168845776,2.93825826661703,1.02289135731518,56.8740062566088,60.3907258568475,3.51671960023867,1.11005259043386,85.9467301395659,88.027248463363,2.08051832379715,1.28292843436176,27.8399476386483,28.4184089722699,0.578461333621647,1.02352390744571,56.9126715216053,56.0549315787855,-0.857739942819876,1.18214649278345,29.0727238829571,27.6365226065155,-1.43620127644152,1.0955557797167
escs_h,OECD35,35,445.662028594181,445.221881172709,-0.440147421472034,3.24247827166859,474.87414826718,477.325592564897,2.45144429771665,3.24405872680577,502.833116259059,505.770667757081,2.93755149802183,3.26049050351351,532.03467024046,533.507265694026,1.47259545356576,3.29031054264994,29.2121196729993,32.103711392188,2.89159171918868,1.04573432418489,57.171087664878,60.5487865843719,3.37769891949387,1.13614294425429,86.3726416462789,88.2853845213167,1.91274287503779,1.31373232892199,27.9589679918788,28.4450751921839,0.486107200305185,1.04826483923213,57.1605219732796,56.1816731291287,-0.978848844150889,1.20998716815428,29.2015539814009,27.7365979369448,-1.46495604445607,1.12190217801287
escs_pca,AUS,36,461.581929673168,465.95571190547,4.37378223230149,5.06541434456024,490.141629229525,497.31049435219,7.16886512266427,4.99923960518082,529.065145510069,533.049390323296,3.98424481322763,5.19068893728669,555.374681774442,557.736722758162,2.36204098372059,5.0917103688027,28.559699556357,31.3547824467198,2.79508289036278,4.70558205073946,67.4832158369003,67.0936784178264,-0.389537419073861,5.08738856328419,93.7927521012733,91.7810108526924,-2.0117412485809,5.49390041180638,38.9235162805433,35.7388959711066,-3.18462030943664,4.51986814586945,65.2330525449163,60.4262284059726,-4.80682413894368,4.9943426551204,26.309536264373,24.687332434866,-1.62220382950704,4.38863370865155
escs_pca,AUT,36,436.124082118939,449.371003861788,13.2469217428483,6.11582838480158,477.491424183336,488.091980651187,10.6005564678516,6.5697341675538,514.838740359916,517.746682821166,2.90794246124972,5.7259043385825,548.491604611002,552.079511717506,3.58790710650374,5.68352172042883,41.3673420643962,38.7209767893995,-2.6463652749967,6.26057150398088,78.7146582409768,68.3756789593782,-10.3389792815986,5.74450489529537,112.367522492063,102.708507855718,-9.65901463634458,6.41843629017585,37.3473161765805,29.6547021699786,-7.6926140066019,6.2378692668898,71.0001804276665,63.9875310663186,-7.01264936134788,5.88577048493574,33.6528642510859,34.33282889634,0.679964645254017,5.31943502423917
escs_pca,BEL,36,436.650285418485,451.283089562992,14.6328041445077,6.08181872773083,472.404303727224,475.496587225037,3.09228349781313,5.82683945527967,513.479231101263,520.780294307428,7.30106320616494,6.42098757101226,547.514582194445,553.744642299937,6.23006010549216,5.61385904070876,35.7540183087391,24.2134976620445,-11.5405206466946,5.84183754405704,76.8289456827787,69.497204744436,-7.33174093834276,6.75707139013031,110.86429677596,102.461552736945,-8.40274403901555,6.55702632131515,41.0749273740397,45.2837070823915,4.20877970835181,5.77726296137166,75.1102784672214,78.2480550749004,3.13777660767903,5.78996116453845,34.0353510931817,32.9643479925089,-1.07100310067278,5.51402865148314
escs_pca,CAN,36,480.935112197406,477.816071187592,-3.11904100981417,4.73031900044807,504.609096904273,506.405539056619,1.79644215234566,4.84170257253211,530.384214273602,534.721267299177,4.33705302557462,4.66880019157077,551.724895428554,550.960161092509,-0.764734336044853,5.30731031561352,23.6739847068669,28.5894678690267,4.91548316215983,4.25346433143315,49.4491020761961,56.9051961115849,7.45609403538879,4.39094982851123,70.7897832311482,73.1440899049175,2.35430667376932,5.14813836472028,25.7751173693292,28.3157282425582,2.54061087322896,3.90950579318485,47.1157985242813,44.5546220358908,-2.56117648839052,4.67861796732863,21.3406811549521,16.2388937933326,-5.10178736161947,4.2558041377417
escs_pca,CHE,36,452.035695434979,456.376960027954,4.34126459297528,6.0531892420932,483.555576675966,488.249228298475,4.69365162250824,6.01313000924879,523.558863199346,524.690859448814,1.1319962494689,6.16712897099294,560.179433071296,563.558797004947,3.37936393365123,5.4540115742478,31.5198812409878,31.8722682705208,0.352387029532963,6.13601211473045,71.523167764367,68.3138994208607,-3.20926834350638,6.46899605005733,108.143737636317,107.181836976993,-0.961900659324044,6.83017194424383,40.0032865233792,36.4416311503399,-3.56165537303934,5.3207215141299,76.6238563953295,75.3095687064725,-1.31428768885701,6.04900679244278,36.6205698719504,38.8679375561327,2.24736768418234,5.72236682092505
escs_pca,CHL,36,415.687404285636,417.733749484916,2.04634519928067,6.15236416263801,433.279538355402,429.323162658881,-3.95637569652081,5.85427942929375,447.936986796915,447.970767697848,0.0337809009332659,6.32322483904459,488.056782892814,495.048124833171,6.99134194035736,6.09103818531551,17.592134069766,11.5894131739645,-6.00272089580147,6.05015324459131,32.2495825112789,30.2370182129315,-2.0125642983474,6.72215683946821,72.3693786071783,77.314375348255,4.94499674107669,7.31944007309195,14.6574484415129,18.647605038967,3.99015659745407,6.38819492962396,54.7772445374122,65.7249621742904,10.9477176368782,6.05640219170833,40.1197960958994,47.0773571353234,6.95756103942409,6.36289867543069
escs_pca,COL,36,379.320357806281,382.436139163306,3.11578135702496,5.40312174092419,397.901540172931,403.083913787002,5.18237361407063,6.18170301611223,414.448306925183,421.865066666387,7.41675974120369,7.25155606851072,461.603986355636,471.627220911711,10.0232345560757,10.5965668799576,18.58118236665,20.6477746236956,2.06659225704567,6.13341178621027,35.1279491189023,39.428927503081,4.30097838417873,6.7655156731605,82.2836285493545,89.1910817484052,6.90745319905074,11.2020697415408,16.5467667522523,18.7811528793854,2.23438612713306,5.78815245595022,63.7024461827045,68.5433071247096,4.84086094200507,9.8801422969383,47.1556794304522,49.7621542453242,2.606474814872,10.0316109944303
escs_pca,CZE,36,445.58033856114,446.332692497077,0.752353935936867,5.97833004725529,486.609327973042,478.859252558059,-7.7500754149832,5.64207657907605,508.878903616254,502.74890007578,-6.13000354047398,6.12805369234709,551.990897114032,546.671402499066,-5.31949461496561,6.43727445827052,41.0289894119023,32.5265600609823,-8.50242935092007,5.34040830013724,63.2985650551147,56.4162075787039,-6.88235747641085,5.96790153463421,106.410558552892,100.33871000199,-6.07184855090247,7.68874097746514,22.2695756432124,23.8896475177216,1.62007187450922,5.71376668354538,65.38156914099,67.8121499410076,2.43058080001759,6.31195294989482,43.1119934977776,43.922502423286,0.810508925508373,6.91042117430485
escs_pca,DEU,36,449.126240933922,440.172395531479,-8.95384540244277,6.54313851268238,482.805687185632,482.976914208698,0.171227023065683,7.67078799050551,508.11855201559,513.122709908472,5.00415789288246,7.29318736173756,557.237088970846,564.587498650799,7.35040967995303,7.19655118490994,33.6794462517103,42.8045186772188,9.12507242550845,7.20551083256615,58.992311081668,72.9503143769932,13.9580032953252,7.01856407704706,108.110848036925,124.41510311932,16.3042550823958,8.02555962216378,25.3128648299577,30.1457956997745,4.83293086981678,6.72375705804551,74.4314017852142,81.6105844421015,7.17918265688735,7.94054273380277,49.1185369552565,51.4647887423271,2.34625178707057,7.0511798571604
escs_pca,DNK,36,453.571042706694,442.420259423836,-11.1507832828579,5.7983937513516,487.223453044174,473.175040234444,-14.0484128097303,6.63728676607139,514.935900067126,499.539592282578,-15.3963077845484,6.55531107150394,524.103547776042,521.615531847794,-2.48801592824782,6.39811042530555,33.6524103374808,30.7547808106084,-2.89762952687238,6.87976286862434,61.3648573604325,57.1193328587419,-4.24552450169051,5.91072478149168,70.5325050693481,79.1952724239582,8.66276735461008,7.24782454141268,27.7124470229517,26.3645520481335,-1.34789497481813,7.61257957982835,36.8800947318673,48.4404916133498,11.5603968814825,7.20310027045722,9.16764770891564,22.0759395652162,12.9082918563006,7.28861218927866
escs_pca,ESP,36,451.404582858149,442.465984842576,-8.93859801557227,4.61394298976049,473.148450846963,465.867728809996,-7.28072203696632,4.59748283546519,494.807651803169,495.646957390842,0.839305587673437,4.83031734502084,523.272172343608,521.071703034446,-2.2004693091618,4.46390663693202,21.7438679888138,23.4017439674198,1.65787597860594,3.80466384254475,43.4030689450202,53.1809725482659,9.7779036032457,4.15633748843256,71.8675894854588,78.6057181918693,6.73812870641046,4.24886382406765,21.6592009562064,29.7792285808462,8.12002762463976,3.41104773364162,50.123721496645,55.2039742244496,5.08025272780452,3.99617822239647,28.4645205404386,25.4247456436034,-3.03977489683524,3.97810629264703
escs_pca,EST,36,494.657571790968,489.838621074273,-4.81895071669447,5.41944239642411,510.679216979722,513.330730294223,2.6515133145009,5.3934478023864,536.09815156244,545.841358024617,9.74320646217689,5.63363706197006,564.200013153764,565.845672257235,1.64565910347051,5.91827036794637,16.0216451887545,23.4921092199499,7.47046403119538,5.17930642709268,41.4405797714722,56.0027369503436,14.5621571788714,5.7236740229215,69.5424413627966,76.0070511829616,6.46460982016498,6.2662627023862,25.4189345827177,32.5106277303937,7.09169314767598,5.11596072090775,53.5207961740421,52.5149419630117,-1.0058542110304,5.64027312893277,28.1018615913243,20.004314232618,-8.09754735870638,5.61832027077319
escs_pca,FIN,36,476.340057503817,469.311692952349,-7.02836455146758,5.47470753831163,493.744010171751,491.885414713073,-1.85859545867839,5.63997993170534,526.30871074062,527.103640909289,0.794930168669225,5.85063449037328,556.0414245703,556.379029332093,0.337604761793045,5.42382578045987,17.4039526679342,22.5737217607234,5.16976909278918,5.31698755742458,49.9686532368027,57.7919479569395,7.8232947201368,5.48381124755197,79.7013670664836,87.0673363797442,7.36596931326062,5.69353591848111,32.5647005688685,35.2182261962161,2.65352562734762,5.30835693648245,62.2974143985493,64.4936146190208,2.19620022047144,5.17695890625791,29.7327138296809,29.2753884228047,-0.45732540687618,5.56933784666069
escs_pca,FRA,36,436.972480146906,444.762066456289,7.78958630938314,6.2411210041688,469.479877763983,471.410411461252,1.93053369726891,6.4284805929566,503.627674478586,505.496095278321,1.86842079973451,7.32653889830638,547.518941516538,549.054312595952,1.53537107941395,6.03939642847897,32.5073976170775,26.6483450049632,-5.85905261211423,6.81070646695366,66.6551943316806,60.734028822032,-5.92116550964863,6.95333390692477,110.546461369633,104.292246139664,-6.25421522996919,6.97169695940463,34.1477967146031,34.0856838170687,-0.062112897534405,6.592452876359,78.0390637525554,77.6439011347004,-0.395162617854965,6.54973661038752,43.8912670379522,43.5582173176317,-0.33304972032056,6.23863558838285
escs_pca,GBR,36,470.547800352946,479.527738444146,8.97993809119976,6.21753048857423,487.059301285869,503.017253637795,15.9579523519251,5.68229476776612,515.530798293993,528.418589985794,12.8877916918016,6.07967927651229,549.998419298802,564.800679852031,14.8022605532295,7.2809382356822,16.5115009329231,23.4895151936484,6.97801426072533,6.72019756896679,44.9829979410465,48.8908515416483,3.90785360060181,7.0513941630727,79.4506189458552,85.272941407885,5.82232246202977,8.43852730785837,28.4714970081234,25.4013363479999,-3.07016066012352,6.15310944089007,62.9391180129321,61.7834262142366,-1.15569179869556,7.64089065971019,34.4676210048087,36.3820898662367,1.91446886142796,6.93915770315188
escs_pca,GRC,36,409.389512753796,401.041185514434,-8.34832723936177,6.30873478670449,426.425043573992,422.074233715889,-4.35080985810339,6.03100615042473,447.324617521352,452.262890758823,4.93827323747138,6.58043136567204,483.974219172958,480.013341171796,-3.96087800116243,6.55517630700482,17.0355308201966,21.033048201455,3.99751738125838,6.4354439439196,37.935104767556,51.2217052443891,13.2866004768331,6.67269225514916,74.5847064191623,78.9721556573616,4.38744923819934,7.51626887036405,20.8995739473594,30.1886570429342,9.28908309557477,5.51617092644581,57.5491755989657,57.9391074559067,0.389931856940962,5.91307944448848,36.6496016516063,27.7504504129725,-8.89915123863381,6.09312866193629
escs_pca,HUN,36,431.456138882418,432.830997629021,1.37485874660331,6.2614833352288,464.977370655591,466.062908421749,1.08553776615827,6.03256560473338,505.429082818409,496.683818399745,-8.74526441866442,6.74817352119608,546.34648208284,537.537196639417,-8.80928544342294,6.68893349306445,33.5212317731725,33.2319107927275,-0.289320980445041,6.19717136871018,73.9729439359911,63.8528207707234,-10.1201231652677,7.52223056346463,114.890343200422,104.706199010396,-10.1841441900262,7.87827880940315,40.4517121628186,30.6209099779959,-9.83080218482269,6.10467772482625,81.3691114272494,71.4742882176682,-9.8948232095812,7.35199079772331,40.9173992644309,40.8533782396723,-0.0640210247585173,6.54369710615916
escs_pca,IRL,36,470.469677041948,464.774405548667,-5.69527149328116,5.52382213445069,491.753720622676,485.199808383117,-6.55391223955922,5.75758149254383,516.010300179767,516.89501998237,0.884719802603399,5.46279381418326,541.137024551207,542.021031289256,0.884006738049038,5.46053090493144,21.2840435807284,20.4254028344503,-0.85864074627807,5.42740940118681,45.540623137819,52.1206144337035,6.57999129588455,5.49788612359937,70.6673475092592,77.2466257405894,6.57927823133019,5.74975001903867,24.2565795570906,31.6952115992532,7.43863204216262,5.59312989361609,49.3833039285308,56.821222906139,7.43791897760826,5.6723039939129,25.1267243714402,25.1260113068859,-0.000713064554361154,5.29356880112377
escs_pca,ISL,36,406.941878797267,412.319683646424,5.37780484915697,5.85362271988931,440.298378446316,443.355000728892,3.05662228257683,6.08289028105784,465.040274363582,464.47305393634,-0.567220427242773,5.94754447308818,479.566248311148,488.668361550922,9.10211323977376,5.80214434369178,33.3564996490481,31.0353170824679,-2.32118256658015,7.71651059551093,58.0983955663148,52.153370289915,-5.94502527639975,7.17973004185647,72.624369513881,76.3486779044978,3.72430839061678,7.19130921047098,24.7418959172667,21.1180532074471,-3.6238427098196,7.20904245169057,39.2678698648329,45.3133608220298,6.04549095719693,6.85810509806735,14.5259739475662,24.1953076145828,9.66933366701653,6.94855811875413
escs_pca,ISR,36,412.901055655576,412.941300224217,0.0402445686412989,6.89758765366056,451.12356681868,442.680947486256,-8.44261933242444,6.44224915277555,498.066583833095,484.144403747697,-13.9221800853979,7.69552383010388,519.625004149658,510.259681806552,-9.36532234310516,7.0022063887873,38.2225111631041,29.7396472620383,-8.48286390106574,7.40497427165128,85.1655281775184,71.2031035234792,-13.9624246540392,7.56026512749467,106.723948494081,97.318381582335,-9.40556691174646,8.06214803485514,46.9430170144144,41.4634562614409,-5.47956075297344,7.01196414061527,68.5014373309774,67.5787343202967,-0.922703010680721,7.00163153141939,21.5584203165631,26.1152780588558,4.55685774229272,7.31343590538955
escs_pca,ITA,36,440.889444372721,446.553286351795,5.66384197907439,5.83247182023948,469.079504457197,473.627395274321,4.54789081712431,5.7959587678753,487.121355575662,494.950100350834,7.82874477517225,6.46279571959346,517.108406323068,526.688867453906,9.58046113083799,6.70214995334746,28.1900600844763,27.0741089225262,-1.11595116195008,5.15461141293387,46.2319112029414,48.3968139990392,2.16490279609786,6.34726910411118,76.2189619503473,80.1355811021109,3.9166191517636,6.88936948409636,18.0418511184651,21.322705076513,3.28085395804794,5.63384697183687,48.028901865871,53.0614721795847,5.03257031371368,6.59765512103412,29.9870507474059,31.7387671030717,1.75171635566574,5.36071079038372
escs_pca,JPN,36,516.006194558729,501.525251038943,-14.4809435197852,7.50839874736133,539.833266042925,531.000579900521,-8.83268614240365,7.25805977476421,557.934865582968,550.09289054864,-7.84197503432813,6.30592933295745,575.763030221388,581.512673901121,5.74964367973291,7.30998379745194,23.8270714841964,29.4753288615779,5.64825737738153,7.31267303795881,41.9286710242392,48.5676395096962,6.63896848545704,7.40097049628322,59.7568356626595,79.9874228621775,20.2305871995181,9.08053403625098,18.1015995400428,19.0923106481183,0.990711108075516,6.41252484195578,35.9297641784631,50.5120940005996,14.5823298221366,7.38468244097148,17.8281646384203,31.4197833524813,13.591618714061,5.90675028696963
escs_pca,KOR,36,495.793461208397,489.255782306658,-6.53767890173936,7.13122925129715,515.074436289391,520.68345202366,5.60901573426941,7.52350088481957,536.919212056124,544.020148366744,7.10093631062011,7.22967271799493,567.725443515171,564.204219766019,-3.52122374915155,7.50671890038633,19.2809750809935,31.4276697170023,12.1466946360088,6.70999545650107,41.1257508477266,54.7643660600861,13.6386152123595,7.69082377904751,71.9319823067737,74.9484374593615,3.01645515258781,7.82351018081993,21.8447757667331,23.3366963430838,1.49192057635071,7.31454374259165,52.6510072257802,43.5207677423592,-9.13023948342095,8.06427567864577,30.8062314590471,20.1840713992755,-10.6221600597717,7.65521737105727
escs_pca,LTU,36,448.186988668161,457.534652143967,9.3476634758058,5.23273245068648,470.014325940208,479.875226596118,9.86090065590992,5.12239334687936,499.741770525745,507.663896990832,7.92212646508671,5.85068549016036,526.331794418799,530.755421282911,4.42362686411263,5.8002225142212,21.827337272047,22.3405744521511,0.513237180104113,4.98030589289722,51.554781857584,50.1292448468649,-1.4255370107191,5.80102632156601,78.1448057506377,73.2207691389446,-4.92403661169317,6.2090845630177,29.7274445855369,27.7886703947137,-1.93877419082321,5.67788453128638,56.3174684785907,50.8801946867934,-5.43727379179728,5.86253299775655,26.5900238930537,23.0915242920797,-3.49849960097407,5.68845305491262
escs_pca,LVA,36,464.627456772483,447.33019033559,-17.2972664368932,5.67352998129152,479.976378036114,469.196559658306,-10.7798183778083,5.50919482584434,503.188846170622,490.175497159351,-13.0133490112714,5.74476799940451,531.299001872844,513.173441708342,-18.1255601645016,5.20535396470907,15.3489212636313,21.8663693227161,6.51744805908481,5.35856324379146,38.5613893981389,42.8453068237607,4.28391742562172,5.76215069562993,66.6715451003609,65.8432513727524,-0.828293727608468,5.98959368751751,23.2124681345076,20.9789375010445,-2.23353063346309,5.53985585991366,51.3226238367296,43.9768820500363,-7.34574178669328,5.56839150629327,28.110155702222,22.9979445489918,-5.11221115323019,5.97789987679233
escs_pca,MEX,36,384.481841695432,386.820914644021,2.33907294858886,4.74164276878539,395.985610227386,403.7523891124,7.76677888501439,5.19157057051757,413.66151968129,418.561773771561,4.90025409027101,5.69122628720005,446.117757248906,452.61251842883,6.49476117992327,6.87795933891924,11.5037685319534,16.931474468379,5.42770593642553,4.62674473446101,29.1796779858571,31.7408591275392,2.56118114168214,5.3593635528933,61.6359155534739,65.7916037848083,4.15568823133441,6.94608921113437,17.6759094539037,14.8093846591603,-2.86652479474338,4.82613537798909,50.1321470215205,48.8601293164294,-1.27201770509112,6.79329143552697,32.4562375676168,34.0507446572691,1.59450708965227,6.08538574413427
escs_pca,NLD,36,447.545943336958,445.721377158155,-1.82456617880302,7.96178878893548,464.143603288982,473.705039066285,9.56143577730296,7.64921933819092,511.873093308679,510.884425655044,-0.988667653634479,8.42353560438414,545.638987519734,549.168085710414,3.52909819068009,6.45153989913013,16.5976599520236,27.9836619081295,11.386001956106,7.55367570937035,64.3271499717206,65.1630484968891,0.835898525168545,10.1742991553239,98.0930441827752,103.446708552258,5.35366436948311,9.14991843701033,47.729490019697,37.1793865887596,-10.5501034309374,7.84715168773497,81.4953842307517,75.4630466441288,-6.03233758662287,7.86240990341182,33.7658942110546,38.2836600553692,4.51776584431457,8.23419240028103
escs_pca,NOR,36,441.055944807029,431.074740073346,-9.9812047336834,5.51289799342981,469.253596853291,463.477209758767,-5.7763870945243,6.05702729932348,495.603683630572,496.695295282896,1.09161165232348,5.96115087625885,520.382895649658,514.945113224692,-5.43778242496671,5.81318863173709,28.1976520462619,32.402469685421,4.2048176391591,5.93913199492977,54.5477388235434,65.6205552095502,11.0728163860069,6.48747354680923,79.3269508426294,83.8703731513461,4.54342230871669,6.44572807235054,26.3500867772814,33.2180855241292,6.86799874684778,5.7921908068792,51.1292987963675,51.4679034659251,0.338604669557583,6.32985637388434,24.7792120190861,18.2498179417959,-6.52939407729019,6.02860147135009
escs_pca,NZL,36,457.539652607304,473.277443084268,15.737790476964,5.84088299276242,497.261632696583,500.961300481385,3.69966778480142,6.45270865290109,529.322867601839,534.27850010541,4.95563250357111,5.81437798891516,554.920650657229,571.558098316721,16.6374476594913,5.5143856811171,39.7219800892796,27.683857397117,-12.0381226921626,6.04288663452573,71.7832149945353,61.0010570211424,-10.7821579733929,6.48987918619424,97.3809980499257,98.280655232453,0.899657182527278,6.38468338683616,32.0612349052557,33.3171996240254,1.25596471876969,7.23387252957108,57.6590179606462,70.596797835336,12.9377798746899,6.60922236687909,25.5977830553904,37.2795982113106,11.6818151559202,6.36179589428216
escs_pca,POL,36,464.808053833369,462.190922016267,-2.61713181710201,5.5631017183404,482.890372186947,478.615358243364,-4.27501394358308,5.78132733943502,510.724206409629,515.336429292259,4.61222288263002,6.39594346757608,544.894577861139,544.430533885151,-0.464043975988375,6.2080701010927,18.0823183535778,16.4244362270967,-1.65788212648107,5.3090427179081,45.91615257626,53.145507275992,7.22935469973203,5.95022448592068,80.0865240277698,82.2396118688835,2.15308784111363,7.06389913556729,27.8338342226822,36.7210710488953,8.8872368262131,5.94900109281583,62.0042056741921,65.8151756417868,3.8109699675947,6.42523494893128,34.1703714515098,29.0941045928914,-5.0762668586184,6.11424280188607
escs_pca,PRT,36,446.457437255897,442.90969726386,-3.54773999203667,5.95540244812238,467.768613532415,467.710757756129,-0.0578557762858623,6.86717803445682,496.156378874198,494.374280425314,-1.78209844888369,6.72504382692776,531.720092025845,537.700430701249,5.98033867540403,6.07918214124631,21.3111762765181,24.8010604922689,3.48988421575081,5.48469950663694,49.6989416183005,51.4645831614535,1.76564154315298,5.64642977645997,85.2626547699482,94.7907334373889,9.5280786674407,6.46421293007969,28.3877653417824,26.6635226691846,-1.72424267259782,5.73015838733792,63.9514784934301,69.98967294512,6.03819445168989,6.59278038229342,35.5637131516477,43.3261502759354,7.76243712428772,5.89599680258963
escs_pca,SVK,36,405.183791264472,422.740433979481,17.5566427150093,6.90738630927488,450.736392333747,467.144348075057,16.4079557413109,6.24506318798695,473.697568029971,491.776477534042,18.0789095040708,6.90625337994479,525.154946113572,540.245996699548,15.0910505859769,6.9130460079328,45.5526010692748,44.4039140955765,-1.14868697369838,6.30978728856784,68.5137767654991,69.0360435545606,0.522266789061519,7.94697352109683,119.9711548491,117.505562720067,-2.46559212903242,8.7999978393681,22.9611756962242,24.6321294589841,1.67095376275989,6.95793942927375,74.4185537798251,73.101648624491,-1.31690515533404,7.75507676993871,51.4573780836008,48.4695191655069,-2.98785891809393,6.67946384614589
escs_pca,SVN,36,458.508114226497,447.733095774625,-10.7750184518718,5.11781108352244,487.303100352889,471.277302320076,-16.0257980328132,5.316984500557,519.198819493451,508.793244735811,-10.4055747576398,5.23975923030383,538.687403748928,534.297568973696,-4.38983477523198,5.09612742715178,28.7949861263919,23.5442065454505,-5.25077958094136,5.51281637657692,60.6907052669545,61.0601489611865,0.369443694231961,5.87866823314628,80.1792895224311,86.5644731990709,6.38518367663983,5.77043581121626,31.8957191405627,37.515942415736,5.62022327517332,6.04494887066926,51.3843033960392,63.0202666536204,11.6359632575812,6.10315711685874,19.4885842554766,25.5043242378844,6.01573998240787,6.27965535051573
escs_pca,SWE,36,446.939107626285,437.522216291711,-9.41689133457328,5.69687953972684,476.97093447664,477.979127439201,1.00819296256077,6.5263360370818,514.978082998435,515.508264809431,0.530181810995941,6.08729981037606,547.231690255124,541.899674098239,-5.33201615688483,6.87150776576654,30.0318268503557,40.4569111474897,10.425084297134,6.46132681462491,68.0389753721506,77.9860485177198,9.94707314556922,6.01723989023696,100.292582628839,104.377457806528,4.08487517768845,7.52697523398865,38.0071485217949,37.5291373702301,-0.478011151564829,6.04347946713738,70.2607557784835,63.9205466590379,-6.3402091194456,7.05706861016243,32.2536072566886,26.3914092888078,-5.86219796788078,6.63520353898132
escs_pca,TUR,36,450.765900149136,464.272972095018,13.507071945882,5.20406184096806,463.688518283588,482.561005293125,18.8724870095364,5.14371654462449,471.884446885575,495.110769082799,23.2263221972245,5.68509638982271,517.831543781884,547.644244082792,29.8127003009081,6.39280731090155,12.9226181344523,18.2880331981067,5.36541506365444,4.92008169664283,21.1185467364388,30.8377969877814,9.71925025134254,5.65321112664159,67.0656436327478,83.3712719877739,16.3056283550261,7.03414369810407,8.19592860198651,12.5497637896746,4.35383518768811,4.86953863995221,54.1430254982955,65.0832387896671,10.9402132913717,6.45825904226934,45.947096896309,52.5334749999925,6.58637810368356,6.74982880525343
escs_pca,USA,36,456.435534442841,454.826225242788,-1.60930920005359,8.20539445933853,478.069608068812,484.484967748196,6.41535967938427,9.91180383416504,510.544366140964,510.487170546746,-0.0571955942181717,13.2087420802059,556.878910967008,567.899762138164,11.0208511711559,17.1578647422039,21.6340736259705,29.6587425054084,8.02466887943785,10.432483059915,54.108831698123,55.6609453039584,1.55211360583542,12.9692537040913,100.443376524167,113.073536895376,12.6301603712095,17.8285341093422,32.4747580721524,26.00220279855,-6.47255527360244,12.3206086082567,78.8093028981963,83.4147943899679,4.6054914917716,16.5207467011407,46.3345448260438,57.4125915914179,11.078046765374,13.3121676288765
escs_pca,OECD,36,447.136614215171,446.972248577203,-0.164365637968046,3.23228720578478,473.132233546782,474.275238039715,1.14300449293273,3.2419547699384,501.2899936785,503.108625663958,1.81863198545841,3.2623301481105,533.490127264451,536.444924264364,2.95479699991313,3.27960436814221,25.9956193316115,27.3029894625122,1.30737013090078,1.02818297723074,54.1533794633291,56.1363770867555,1.98299762342646,1.12269593726066,86.35351304928,89.4726756871611,3.11916263788118,1.28102803132654,28.1577601317176,28.8333876242433,0.675627492525678,1.04641781626478,60.3578937176685,62.1696862246489,1.8117925069804,1.17869080960779,32.2001335859509,33.3362986004056,1.13616501445472,1.10788492186667
escs_pca,OECD35,35,447.014672253943,447.100998969621,0.0863267156778989,3.23743955677455,473.131770195349,474.515452589136,1.38368239378696,3.24766939204711,501.475203446367,503.321816186047,1.84661273968078,3.26891006065339,533.782068833618,536.884159156647,3.10209032302942,3.28756894776862,26.1170979414058,27.4144536195149,1.29735567810906,1.05195801777554,54.4605311924238,56.2208172164267,1.76028602400288,1.14865070508788,86.7673965796751,89.7831601870266,3.01576360735152,1.31202466598703,28.343433251018,28.8063635969118,0.462930345893824,1.07189403696116,60.6502986382693,62.3687065675118,1.71840792924246,1.20697934431584,32.3068653872513,33.5623429706,1.25547758334864,1.13385624631559
hisei_h,AUS,36,468.761286452388,477.333966588328,8.57268013594023,4.80258664812329,506.027382973379,509.472604275793,3.44522130241415,4.83751123594946,526.201456008383,528.819663139962,2.61820713157908,5.2591690017377,552.684899864438,555.757946434268,3.07304656982979,5.17535473937604,37.2660965209913,32.1386376874652,-5.12745883352608,4.38868498331689,57.4401695559949,51.4856965516337,-5.95447300436115,4.71429280541641,83.9236134120507,78.4239798459403,-5.49963356611045,5.08795145405714,20.1740730350036,19.3470588641685,-0.827014170835071,4.88476033193165,46.6575168910594,46.285342158475,-0.372174732584369,4.98876075638714,26.4834438560558,26.9382832943065,0.454839438250701,4.49111127524413
hisei_h,AUT,36,448.119941440227,458.759513770701,10.6395723304744,6.04670139073156,489.633620332827,504.275820204818,14.6421998719917,6.81298105826748,516.298044322858,521.606961300322,5.30891697746404,5.76893980070393,544.961622928234,545.840814743894,0.879191815659851,5.50600337133497,41.5136788925998,45.5163064341171,4.00262754151726,6.77476165683323,68.1781028826314,62.847447529621,-5.3306553530104,6.34751587993321,96.8416814880071,87.0813009731925,-9.76038051481459,6.04504553492792,26.6644239900316,17.3311410955039,-9.33328289452766,6.12170516730429,55.3280025954073,41.5649945390755,-13.7630080563318,6.39839577973607,28.6635786053757,24.2338534435716,-4.42972516180419,5.53195983263424
hisei_h,BEL,36,443.049688344825,453.71297607017,10.6632877253443,5.75292853759633,484.612523284243,500.945618657165,16.3330953729223,5.64783638328222,520.566202126854,529.274255703107,8.70805357625386,6.54548471082932,540.973562241252,544.384164643575,3.41060240232241,5.44618755032099,41.5628349394175,47.2326425869956,5.66980764757801,5.81998399583362,77.5165137820282,75.5612796329377,-1.95523414909042,6.65918459613847,97.9238738964271,90.6711885734052,-7.25268532302187,6.15705908109271,35.9536788426106,28.3286370459422,-7.62504179666843,5.8153083525478,56.3610389570095,43.4385459864096,-12.9224929705999,5.26611900279653,20.4073601143989,15.1099089404675,-5.29745117393145,5.96698693753896
hisei_h,CAN,36,488.460497740923,489.352914521539,0.892416780616429,4.90928412167117,519.57138495564,521.094663717681,1.5232787620406,4.54195142143022,528.713141092442,531.328043348794,2.61490225635157,4.8473625652559,549.721118104694,548.002368149569,-1.71874995512496,4.9628426008699,31.110887214717,31.7417491961412,0.630861981424175,4.45134988099638,40.2526433515191,41.9751288272543,1.72248547573514,4.61572888485572,61.2606203637714,58.64945362803,-2.61116673574139,4.5186967461234,9.14175613680209,10.2333796311131,1.09162349431097,4.11460599478196,30.1497331490543,26.9077044318888,-3.24202871716557,4.1549803706318,21.0079770122522,16.6743248007757,-4.33365221147653,4.03083169004946
hisei_h,CHE,36,457.941693234284,460.339578755671,2.39788552138725,6.19109162605052,493.907099674135,502.841036036268,8.93393636213233,5.64750899018384,528.992480462859,535.05232508667,6.05984462381093,5.80753292171424,554.724970541107,557.843765658448,3.11879511734105,6.44767262179614,35.9654064398514,42.5014572805965,6.53605084074508,5.91208161182195,71.0507872285752,74.7127463309989,3.66195910242368,6.50423363787737,96.7832773068228,97.5041869027766,0.720909595953799,7.4032331254189,35.0853807887238,32.2112890504024,-2.8740917383214,5.17020427521188,60.8178708669714,55.0027296221801,-5.81514124479128,6.24980879182615,25.7324900782476,22.7914405717777,-2.94104950646988,7.01038724645572
hisei_h,CHL,36,426.002733865908,422.838114724148,-3.16461914175989,6.08934500483724,436.007846602866,438.914019274732,2.90617267186605,6.380072817745,454.653781207878,464.787084530823,10.1333033229459,6.08249034624771,488.12348100369,492.343270630909,4.21978962721983,6.00981101282484,10.0051127369588,16.0759045505848,6.07079181362593,6.31927354181285,28.65104734197,41.9489698066757,13.2979224647058,7.16866207734922,62.120747137782,69.5051559067617,7.38440876897971,7.18829821959599,18.6459346050111,25.873065256091,7.22713065107985,6.52768825407893,52.1156344008231,53.4292513561769,1.31361695535378,7.0280032938025,33.469699795812,27.5561861000859,-5.91351369572607,6.09059754246584
hisei_h,COL,36,384.190524762534,387.67348866136,3.48296389882574,5.51124098913306,401.218074402613,411.831820094458,10.6137456918444,6.31464357993718,420.290696056614,437.386251805091,17.0955557484776,7.29112840777236,453.535765979216,468.602881172658,15.0671151934421,9.38227689126609,17.0275496400789,24.1583314330976,7.13078179301868,5.8466763286423,36.1001712940791,49.712763143731,13.6125918496519,6.57129788939673,69.3452412166818,80.9293925112982,11.5841512946163,9.51970327793263,19.0726216540002,25.5544317106334,6.48181005663321,6.44006723895127,52.3176915766029,56.7710610782006,4.45336950159765,9.4112522419611,33.2450699226027,31.2166293675671,-2.02844055503556,7.74199205326224
hisei_h,CZE,36,447.346036490581,454.506481750391,7.16044525980948,5.38816925278044,496.242010175646,492.360076921918,-3.88193325372839,6.0618309812939,515.595376080339,512.22969570176,-3.36568037857967,5.77030721830014,549.44339692507,543.079201049417,-6.36419587565388,6.45962447135789,48.8959736850651,37.8535951715272,-11.0423785135379,5.42590570608565,68.2493395897582,57.7232139513691,-10.5261256383891,5.62087092703571,102.097360434489,88.5727192990258,-13.5246411354634,6.97746896551991,19.3533659046931,19.8696187798419,0.516252875148723,5.77395107738575,53.2013867494241,50.7191241274986,-2.48226262192549,6.8573244575172,33.848020844731,30.8495053476568,-2.99851549707421,6.15922024685025
hisei_h,DEU,36,457.332305739399,453.616378828458,-3.71592691094139,6.85700638784321,494.787227192854,500.381404997619,5.59417780476463,6.69356308352014,514.846489801476,523.62132315603,8.77483335455406,8.79314354301782,558.898066533922,560.683043711925,1.78497717800269,6.52532243126721,37.4549214534549,46.7650261691609,9.31010471570602,6.89302275592413,57.5141840620765,70.0049443275719,12.4907602654955,7.8627353712069,101.565760794523,107.066664883467,5.50090408894408,7.74884096619464,20.0592626086216,23.2399181584111,3.18065554978944,8.77259453418654,64.1108393410685,60.3016387143065,-3.80920062676194,7.16191952834821,44.0515767324469,37.0617205558955,-6.98985617655137,8.32552911940269
hisei_h,DNK,36,461.167506750718,452.223680041579,-8.94382670913882,6.44091990278027,491.539794125906,482.504051262965,-9.03574286294111,6.2833153910702,512.330857723064,504.051119045937,-8.2797386771262,7.21415859715126,527.003058013351,519.861560754093,-7.14149725925802,6.12233039951424,30.3722873751879,30.2803712213856,-0.0919161538022877,7.34505542982339,51.1633509723457,51.8274390043583,0.664088032012614,6.97420061914493,65.8355512626329,67.6378807125137,1.8023294498808,7.02598449372556,20.7910635971578,21.5470677829727,0.756004185814902,8.26068639790943,35.463263887445,37.357509491128,1.89424560368309,6.94359882044229,14.6722002902872,15.8104417081553,1.13824141786819,7.35394693601013
hisei_h,ESP,36,457.601939132033,449.523918563305,-8.07802056872794,4.69081672352726,478.4702798638,476.240431446058,-2.2298484177424,4.55961095290473,499.782562669086,500.270885825448,0.488323156362355,4.63829897746237,521.043908229718,514.858722181292,-6.18518604842609,4.4128566474816,20.8683407317675,26.716512882753,5.84817215098553,3.94170442517045,42.1806235370531,50.7469672621434,8.56634372509029,3.97338339486145,63.441969097685,65.3348036179868,1.89283452030185,4.02765729121448,21.3122828052856,24.0304543793904,2.71817157410476,3.59453537419955,42.5736283659175,38.6182907352338,-3.95533763068369,3.88198953886925,21.2613455606319,14.5878363558434,-6.67350920478845,3.74721330645661
hisei_h,EST,36,494.837453371478,492.740826737214,-2.09662663426485,5.58123475733902,522.458244269255,529.651664937346,7.19342066809065,6.17921730372425,546.818298414624,548.358343444949,1.5400450303257,5.21944591909828,555.75432682893,556.586073886707,0.831747057777534,5.57216045725583,27.6207908977765,36.910838200132,9.2900473023555,6.01333878806779,51.9808450431452,55.6175167077358,3.63667166459055,5.51117361879198,60.9168734574515,63.8452471494939,2.92837369204239,6.1000759724608,24.3600541453687,18.7066785076038,-5.65337563776495,5.9754208229767,33.296082559675,26.9344089493619,-6.36167361031312,5.88501878216207,8.93602841430629,8.22773044175813,-0.708297972548166,5.27552810136466
hisei_h,FIN,36,479.266985172173,477.507611034661,-1.75937413751205,5.51120650139485,503.497967979476,507.081201421019,3.58323344154297,5.7288894340552,530.091352086152,535.515131214313,5.42377912816073,5.68194829628477,557.209085953993,550.726998669742,-6.48208728425107,6.13125196049809,24.2309828073024,29.5735903863575,5.34260757905503,5.41218423901437,50.8243669139789,58.0075201796517,7.18315326567279,5.42030973374058,77.9421007818194,73.2193876350804,-4.72271314673901,6.67090871743954,26.5933841066765,28.4339297932942,1.84054568661776,5.78930165112906,53.7111179745169,43.6457972487229,-10.065320725794,6.05091340621602,27.1177338678405,15.2118674554287,-11.9058664124118,6.66354760651478
hisei_h,FRA,36,449.070964979719,456.590115754961,7.51915077524211,5.84240695669639,483.174235627483,491.644113978992,8.46987835150895,7.04634274846015,509.568776188443,512.25578337127,2.68700718282656,6.70748921697787,546.776798521715,546.901032387353,0.124233865637393,5.85767853130093,34.1032706477644,35.0539982240312,0.950727576266843,6.62760253017637,60.4978112087246,55.6656676163091,-4.83214359241555,7.14821616932142,97.7058335419969,90.3109166323921,-7.39491690960472,6.24978802613276,26.3945405609603,20.6116693922779,-5.78287116868239,6.40331369027034,63.6025628942325,55.256918408361,-8.34564448587156,6.01754252982167,37.2080223332723,34.6452490160831,-2.56277331718917,5.72640108677443
hisei_h,GBR,36,474.013650655599,481.25072422408,7.23707356848058,5.52749431735127,505.008853116393,519.545071705103,14.5362185887106,6.54261926817883,523.25464466315,543.259681474887,20.0050368117368,5.77278501568744,541.338694411869,550.882208793924,9.54351438205481,6.7216897761943,30.9952024607934,38.2943474810234,7.29914502023001,6.96167643466733,49.2409940075505,62.0089572508067,12.7679632432562,6.12160579195732,67.3250437562694,69.6314845698436,2.30644081357423,7.19855324849116,18.2457915467571,23.7146097697832,5.46881822302618,6.55583442035168,36.329841295476,31.3371370888202,-4.99270420665579,6.72164577100082,18.0840497487189,7.62252731903698,-10.461522429682,6.26477958493566
hisei_h,GRC,36,414.638060568406,405.025858740168,-9.61220182823746,5.92335404688143,428.250453263623,437.134790963014,8.88433769939098,6.85419995753788,459.276027540517,460.190122719056,0.914095178539469,5.92935944826287,484.323061260978,477.86076625746,-6.46229500351842,5.73648125879903,13.6123926952168,32.1089322228453,18.4965395276284,6.15756568209816,44.6379669721111,55.164263978888,10.5262970067769,6.15734751506531,69.6850006925723,72.8349075172913,3.14990682471904,6.13439473783066,31.0255742768943,23.0553317560427,-7.97024252085151,5.90439198384099,56.0726079973554,40.725975294446,-15.3466327029094,5.72703875763189,25.0470337204612,17.6706435384033,-7.37639018205789,5.09194431924549
hisei_h,HUN,36,427.539837085513,436.01400468091,8.47416759539755,6.44453649138802,481.702565379866,477.754965473269,-3.94759990659753,5.94404668943597,508.292656785155,504.075528894184,-4.21712789097126,6.71152799545886,546.962020350398,534.042518315581,-12.9195020348166,6.81781377145861,54.1627282943534,41.7409607923583,-12.4217675019951,6.33066379092627,80.7528196996424,68.0615242132736,-12.6912954863688,7.38395190245874,119.422183264885,98.0285136346708,-21.3936696302141,8.35802716748941,26.5900914052891,26.3205634209153,-0.269527984373724,6.28676219218543,65.2594549705315,56.2875528423125,-8.97190212821903,7.18634904388463,38.6693635652425,29.9669894213972,-8.7023741438453,6.60931566829528
hisei_h,IRL,36,474.984651250628,470.929402250638,-4.05524899998926,5.33958898491456,500.62295118138,498.316703628514,-2.30624755286624,5.4941312964198,518.354324748714,522.60967848518,4.25535373646653,5.62283104655356,531.49276005759,529.201070420125,-2.2916896374652,5.30296758957228,25.6382999307526,27.3873013778756,1.74900144712302,5.16883911475539,43.3696734980862,51.680276234542,8.31060273645579,5.46340429128751,56.5081088069626,58.2716681694867,1.76355936252406,5.11949371137352,17.7313735673337,24.2929748566664,6.56160128933277,6.01745558293816,30.8698088762101,30.8843667916111,0.014557915401042,5.10713931437297,13.1384353088764,6.59139193494468,-6.54704337393173,5.11680747795363
hisei_h,ISL,36,420.313369180786,427.790703511595,7.47733433080936,6.16662155257494,452.224833060417,451.251514698634,-0.973318361783527,5.98040709796234,462.334785156629,474.113014270058,11.778229113429,6.27738881737565,483.678625894981,485.310643425444,1.6320175304632,5.63536237552927,31.9114638796317,23.4608111870388,-8.45065269259288,7.33296692402433,42.0214159758431,46.3223107584627,4.30089478261965,7.36926282343837,63.3652567141956,57.5199399138494,-5.84531680034615,7.50292999935447,10.1099520962114,22.8614995714239,12.7515474752125,7.73232838529092,31.4537928345638,34.0591287268106,2.60533589224673,6.99997379071949,21.3438407383525,11.1976291553867,-10.1462115829658,6.66607270400633
hisei_h,ISR,36,423.582414967963,428.881578095739,5.29916312777607,6.70559238150258,469.575072132842,461.503382623994,-8.07168950884773,6.75251267350028,498.835137314911,492.146435221211,-6.68870209370044,7.15904130907371,514.121196297348,504.820223183569,-9.30097311377875,7.26492244918658,45.9926571648788,32.621804528255,-13.3708526366238,6.87112852626171,75.2527223469477,63.2648571254712,-11.9878652214765,7.9579483666214,90.538781329385,75.9386450878302,-14.6001362415548,8.18070761871246,29.260065182069,30.6430525972162,1.38298741514728,6.95025297773819,44.5461241645062,43.3168405595752,-1.22928360493103,6.82727697826054,15.2860589824373,12.673787962359,-2.61227102007831,7.2346551525717
hisei_h,ITA,36,446.29462338229,456.623003397564,10.3283800152746,5.94793204357542,468.795682424849,478.651474838466,9.8557924136166,6.00744384308009,493.859490029765,504.904473967887,11.044983938122,6.65523984260548,514.582414351127,522.833700401915,8.25128605078749,6.49789129156395,22.5010590425596,22.0284714409016,-0.472587601658006,5.96027502439339,47.5648666474755,48.2814705703229,0.716603922847355,6.61425950145957,68.2877909688376,66.2106970043504,-2.07709396448712,6.89210927381788,25.0638076049159,26.2529991294213,1.18919152450536,5.96504702553814,45.7867319262779,44.1822255634488,-1.60450636282911,6.18374943527626,20.722924321362,17.9292264340276,-2.79369788733447,5.95912947392678
hisei_h,JPN,36,525.286421312682,514.708146060975,-10.5782752517071,7.47623251811071,556.692940564886,549.470123240302,-7.22281732458396,6.48929053604278,547.37181015938,544.758495523025,-2.61331463635554,6.55320062550465,573.136263856333,571.285917985315,-1.85034587101791,8.13419073394186,31.4065192522046,34.7619771793277,3.3554579271231,7.17898654247357,22.0853888466984,30.0503494620499,7.96496061535152,7.65916304753734,47.8498425436515,56.5777719243406,8.72792938068915,8.87769200063946,-9.32113040550621,-4.71162771727779,4.60950268822842,6.92359066702735,16.4433232914469,21.8157947450129,5.37247145356605,6.98046343433869,25.7644536969531,26.5274224622907,0.762968765337632,8.37877504967551
hisei_h,KOR,36,508.5024094137,505.64594387766,-2.85646553603988,7.2913801567193,531.914688836467,534.693984102735,2.77929526626747,6.89027667527589,528.400849266038,545.83270594128,17.431856675242,6.94922654647145,558.736619767737,562.670538847997,3.93391908026024,6.99470579191797,23.412279422767,29.0480402250744,5.63576080230735,6.87874962092628,19.8984398523374,40.1867620636193,20.2883222112819,6.7793747294789,50.2342103540369,57.024594970337,6.79038461630012,7.57544057944036,-3.51383957042958,11.1387218385449,14.6525614089745,6.78721754873608,26.8219309312699,27.9765547452627,1.15462381399277,6.91102503195098,30.3357705016995,16.8378329067177,-13.4979375949818,6.64836382869782
hisei_h,LTU,36,456.612400100549,465.227981097657,8.61558099710743,6.05320974166965,484.015876986819,504.029340816107,20.0134638292879,6.13057241183474,506.139541598081,519.316701935351,13.1771603372702,5.92088434036781,526.405964636772,529.837348666064,3.43138402929174,6.46156730716427,27.4034768862698,38.8013597184503,11.3978828321805,6.25412859324265,49.5271414975312,54.0887208376939,4.56157934016272,6.60420406248104,69.7935645362229,64.6093675684072,-5.18419696781569,6.62263588168241,22.1236646112614,15.2873611192436,-6.83630349201775,6.4703698397869,42.3900876499531,25.8080078499569,-16.5820797999962,6.34748529267647,20.2664230386918,10.5206467307133,-9.74577630797842,6.17916518241964
hisei_h,LVA,36,469.725367532279,452.450495340955,-17.2748721913239,5.79118266405205,485.090869417276,486.625627649284,1.53475823200796,5.79407802890957,514.845469601089,504.834045310824,-10.0114242902647,5.48321080970892,528.426462269804,499.179940026998,-29.2465222428057,5.37368420038163,15.3655018849966,34.1751323083285,18.8096304233319,5.68985041534697,45.1201020688096,52.3835499698689,7.26344790105924,5.61062792641443,58.7010947375242,46.7294446860424,-11.9716500514817,6.37271752675049,29.754600183813,18.2084176615404,-11.5461825222727,5.95145641385275,43.3355928525276,12.5543123777139,-30.7812804748136,5.81715954930959,13.5809926687145,-5.65410528382643,-19.235097952541,5.88314088981836
hisei_h,MEX,36,387.552419853613,389.971629137654,2.41920928404079,5.22963130085667,400.870318513479,409.276086205709,8.40576769222997,4.92377804557723,421.209313926007,430.532151948861,9.32283802285406,5.7606737772527,436.384803697509,445.562541719746,9.1777380222365,6.07671865684488,13.317898659866,19.3044570680552,5.98655840818918,5.06988064061203,33.6568940723935,40.5605228112067,6.90362873881327,5.33916153219178,48.832383843896,55.5909125820917,6.75852873819571,5.88978832434818,20.3389954125274,21.2560657431515,0.917070330624085,5.05963840141915,35.5144851840299,36.2864555140365,0.771970330006525,5.24848943944819,15.1754897715025,15.0303897708849,-0.14510000061756,5.50505594411331
hisei_h,NLD,36,447.54374756203,452.79406405832,5.25031649629028,8.04564963044678,491.020792940971,489.552944905682,-1.46784803528919,6.57150093455817,520.000362098958,520.918939131252,0.918577032293683,7.08882234060611,543.116800871808,540.534077972614,-2.5827228991941,6.45672163135523,43.4770453789409,36.7588808473614,-6.71816453157948,6.94031018129992,72.4566145369279,68.1248750729313,-4.3317394639966,8.48712008904973,95.5730533097781,87.7400139142937,-7.83303939548438,8.55313271353585,28.979569157987,31.3659942255699,2.38642506758288,7.12977806896701,52.0960079308372,50.9811330669323,-1.1148748639049,7.01125551774562,23.1164387728502,19.6151388413624,-3.50129993148778,6.44651396385107
hisei_h,NOR,36,450.038201878773,438.05080660982,-11.9873952689524,6.02142521417256,482.749406509144,482.037255631474,-0.712150877670695,5.55096750160754,501.005851468724,489.148949008534,-11.8569024601898,5.81297245906235,513.511051781776,517.717633034151,4.2065812523756,6.19613652680971,32.7112046303717,43.9864490216534,11.2752443912817,6.93356352901588,50.967649589951,51.0981423987136,0.130492808762597,6.04200725762643,63.4728499030031,79.6668264243311,16.193976521328,6.55356898334799,18.2564449595793,7.11169337706025,-11.1447515825191,6.06497149714796,30.7616452726314,35.6803774026777,4.91873213004629,6.50683874169492,12.5052003130521,28.5686840256175,16.0634837125654,5.99632782010949
hisei_h,NZL,36,466.293656524825,481.657118981225,15.3634624564006,6.56972674930167,510.262002707561,518.579095203212,8.31709249565171,6.77971982394916,532.658616093864,545.585188253915,12.9265721600513,6.53532407656187,546.860235904706,558.21362160731,11.3533857026039,6.26179335341131,43.968346182736,36.9219762219871,-7.04636996074891,7.84909314644966,66.3649595690394,63.92806927269,-2.43689029634936,7.43289922340155,80.5665793798815,76.5565026260848,-4.01007675379674,7.81134653404999,22.3966133863034,27.0060930507029,4.60947966439954,8.73522751175287,36.5982331971455,39.6345264040976,3.03629320695217,7.10292140465531,14.2016198108421,12.6284333533947,-1.57318645744738,8.53312471659825
hisei_h,POL,36,472.294550584661,473.742267668764,1.44771708410337,5.7835756985758,490.575227842543,491.454444097034,0.87921625449178,5.58950802548119,521.494725630133,530.448319780679,8.95359415054656,6.53328829016533,541.387075133283,541.414434113758,0.0273589804751282,5.94719805232446,18.2806772578819,17.7121764282703,-0.568500829611594,5.64350898206379,49.2001750454721,56.7060521119153,7.50587706644319,6.91920362946589,69.0925245486226,67.6721664449944,-1.42035810362825,6.91513325397726,30.9194977875902,38.993875683645,8.07437789605478,5.68984051488609,50.8118472907407,49.9599900167241,-0.851857274016652,6.14870145274247,19.8923495031505,10.9661143330791,-8.92623517007144,6.13604379283697
hisei_h,PRT,36,450.216245111016,451.383454440156,1.16720932913961,6.69404698609017,473.384024454742,476.791157041621,3.40713258687941,7.24390522435932,502.073386523844,504.35863354709,2.28524702324529,5.45583055834899,528.490080181066,533.757206239705,5.26712605863895,7.10545727110702,23.167779343726,25.4077026014658,2.2399232577398,6.12599708541608,51.8571414128283,52.975179106934,1.11803769410568,6.50603467635538,78.2738350700502,82.3737517995495,4.09991672949934,7.29759903094464,28.6893620691023,27.5674765054682,-1.12188556363412,6.63781321605056,55.1060557263241,56.9660491980837,1.85999347175954,6.65190555425801,26.4166936572219,29.3985726926155,2.98187903539366,6.75952065113008
hisei_h,SVK,36,400.671032638445,433.501690880409,32.8306582419634,7.61045393370237,460.704790118107,473.031691087202,12.3269009690955,6.34635000575384,487.967072744669,504.667899854095,16.7008271094259,6.31501737641472,524.877399196794,535.927867670869,11.0504684740749,6.90085951361866,60.0337574796615,39.5300002067936,-20.5037572728679,7.39000372960928,87.2960401062236,71.1662089736861,-16.1298311325375,7.67403266207514,124.206366558348,102.42617679046,-21.7801897678885,9.12029949550614,27.2622826265621,31.6362087668925,4.37392614033041,7.10245933012973,64.172609078687,62.8961765836664,-1.27643249502057,7.72766102993331,36.9103264521249,31.2599678167739,-5.65035863535098,6.62996937172559
hisei_h,SVN,36,458.12562149173,450.933853967706,-7.19176752402359,5.48473562657976,495.312346527855,485.355281180571,-9.95706534728373,5.70280929328782,523.945571208943,515.911771214106,-8.03379999483684,5.46337741861052,537.81770552503,535.513079566898,-2.30462595813185,5.55949827278351,37.1867250361254,34.4214272128652,-2.76529782326014,6.3371661493638,65.8199497172137,64.9779172464005,-0.842032470813251,6.38434751403285,79.6920840333005,84.5792255991922,4.88714156589174,6.52894967974592,28.6332246810883,30.5564900335352,1.92326535244689,6.9450269224632,42.5053589971751,50.157798386327,7.65243938915188,6.87685467992302,13.8721343160868,19.6013083527918,5.72917403670499,6.50975543413202
hisei_h,SWE,36,455.749695912646,447.768313383351,-7.98138252929465,6.0375257599403,496.249135035982,493.910240463242,-2.33889457273926,5.52119630528911,525.782731641756,518.612588481391,-7.17014316036421,7.07057458386001,532.331433870537,536.745750656929,4.41431678639208,6.11362528980577,40.4994391233356,46.1419270798909,5.64248795655539,5.95470418046032,70.0330357291097,70.8442750980402,0.811239368930444,6.92861564146083,76.5817379578911,88.9774372735778,12.3956993156867,6.75919938107453,29.5335966057742,24.7023480181492,-4.83124858762494,7.26428273958474,36.0822988345556,42.8355101936869,6.75321135913134,6.4077280925796,6.54870222878139,18.1331621755377,11.5844599467563,6.48741175485063
hisei_h,TUR,36,447.762757348763,474.639166543744,26.8764091949805,5.22078633703172,462.87654173304,482.903068843581,20.0265271105403,5.23424302019807,480.661000117327,504.694467280801,24.0334671634735,5.63074404321764,516.559143017158,543.098223082413,26.5390800652555,5.72694042438035,15.1137843842772,8.26390229983701,-6.8498820844402,4.7162675767879,32.898242768564,30.055300737057,-2.84294203150699,5.33645349135373,68.7963856683948,68.4590565386697,-0.337329129725049,5.95605323893551,17.7844583842868,21.79139843722,4.0069400529332,5.49872157927821,53.6826012841175,60.1951542388327,6.51255295471515,5.75833540169599,35.8981428998308,38.4037558016127,2.50561290178194,6.1633659212043
hisei_h,USA,36,460.40978037165,458.528007084641,-1.88177328700897,9.20026624508457,495.336356870476,490.8522663365,-4.48409053397592,9.59247256907389,513.726057452882,525.430941917172,11.7048844642898,20.6991290564772,552.69293634603,561.808874344814,9.11593799878415,10.8453007564713,34.926576498826,32.3242592518591,-2.60231724696695,11.1827011487283,53.3162770812322,66.902934832531,13.5866577512987,21.5452143473279,92.2831559743802,103.280867260173,10.9977112857931,13.0621775946076,18.3897005824062,34.5786755806719,16.1889749982657,18.580978392907,57.3565794755542,70.9566080083142,13.6000285327601,12.4752566749754,38.966878893148,36.3779324276424,-2.58894646550561,18.4311996156346
hisei_h,OECD,36,452.813902005715,455.117716106562,2.30381410084675,3.24074330061488,484.010650585523,487.832195498947,3.82154491342334,3.24124285195668,506.006637222545,510.858544467648,4.85190724510306,3.28935071759963,529.946855843055,531.213611955762,1.26675611270775,3.25472317407478,31.1967485798085,32.7144793923851,1.51773081257659,1.06654294028216,53.1927352168297,55.740828361086,2.54809314425631,1.22896529846274,77.1329538373398,76.0958958492008,-1.037057988139,1.20452189324091,21.9959866370212,23.0263489687009,1.03036233167973,1.17392347399161,45.9362052575313,43.3814164568157,-2.55478880071559,1.113014517177,23.9402186205101,20.3550674881148,-3.58515113239531,1.163295602849
hisei_h,OECD35,35,452.677100944963,455.277538893512,2.6004379485488,3.24628095185315,484.168946891859,488.163388757601,3.9944418657422,3.24696112746359,506.184467924072,511.161049000282,4.97658107620998,3.29765793530281,530.201225774864,531.680894520747,1.47966874588315,3.26136083982414,31.4918459468955,32.8858498640889,1.3940039171934,1.09121946663921,53.507366979109,55.8835101067702,2.37614312766118,1.25897049546451,77.5241248299012,76.4033556272356,-1.12076920266566,1.23358094080707,22.0155210322135,22.9976602426813,0.982139210467778,1.20308859319824,46.0322788830057,43.5175057631466,-2.51477311985906,1.1394293817303,24.0167578507922,20.5198455204654,-3.49691233032684,1.19173309684357
pared_h,AUS,36,472.421159638567,476.836445142914,4.41528550434759,5.07651063509208,509.215277440099,515.496125755631,6.28084831553161,5.37852515010549,528.594601818498,539.955195782865,11.3605939643664,5.49488775920334,526.474892919893,534.324161776677,7.84926885678397,5.11262459010105,36.7941178015327,38.6596806127167,1.86556281118402,5.35522465644429,56.1734421799316,63.1187506399505,6.94530846001885,5.43253112502224,54.0537332813265,57.4877166337628,3.43398335243637,5.4461981420114,19.379324378399,24.4590700272338,5.07974564883483,5.55689310228154,17.2596154797938,18.8280360210462,1.56842054125235,5.18231014124454,-2.11970889860515,-5.63103400618763,-3.51132510758248,5.18388611076876
pared_h,AUT,36,458.670616055835,472.394514283691,13.7238982278564,6.14021722982599,488.490007434061,491.853895314194,3.36388788013335,5.91136843485115,509.936245131281,517.077393127999,7.14114799671768,5.93856005551445,524.444054787704,538.07052253686,13.626467749156,6.07903831253118,29.8193913782255,19.4593810305025,-10.360010347723,5.98771398490287,51.2656290754461,44.6828788443074,-6.58275023113868,6.17841046444361,65.7734387318686,65.6760082531682,-0.097430478700403,6.66345018049807,21.4462376972205,25.2234978138048,3.77726011658433,5.63682468928058,35.954047353643,46.2166272226656,10.2625798690226,5.20821063952187,14.5078096564225,20.9931294088608,6.48531975243827,5.96305777401075
pared_h,BEL,36,457.204036766224,462.981303615611,5.77726684938699,6.06095043383411,501.127997465914,507.991945377458,6.86394791154413,6.7819585343402,509.280422504112,528.919100760327,19.6386782562145,5.32565466704307,509.828050284692,524.050111923747,14.2220616390547,5.74110957249058,43.9239606996895,45.0106417618467,1.08668106215714,6.38576793142347,52.0763857378884,65.9377971447158,13.8614114068275,5.70410957782346,52.6240135184684,61.0688083081361,8.4447947896677,6.15819955633972,8.15242503819883,20.9271553828692,12.7747303446703,5.89501158134435,8.70005281877883,16.0581665462894,7.35811372751056,6.42930451758941,0.547627780580001,-4.86898883657977,-5.41661661715978,5.30118329728362
pared_h,CAN,36,490.904678746413,487.924326761038,-2.98035198537514,4.60650992841839,515.383913439119,515.930161007095,0.546247567976138,5.14894934874189,531.192198893976,540.594882973345,9.40268407936867,4.9653681411995,530.101876467385,536.463834302118,6.36195783473363,4.9015262047961,24.479234692706,28.0058342460573,3.52659955335128,4.51727429176095,40.287520147563,52.6705562123068,12.3830360647438,4.72193382158159,39.1971977209718,48.5395075410805,9.34230982010877,4.57620015920012,15.808285454857,24.6647219662495,8.85643651139253,4.47694581610429,14.7179630282658,20.5336732950233,5.81571026675749,4.44167998982507,-1.09032242659123,-4.13104867122627,-3.04072624463504,4.26845231794222
pared_h,CHE,36,475.426278652877,472.266600339162,-3.1596783137154,6.22605741046549,498.29193271394,506.306843388668,8.01491067472807,5.83332531671326,528.053485350954,535.984406482209,7.93092113125545,6.02793739128508,525.55763366588,539.246250472409,13.688616806529,5.56832376582859,22.865654061062,34.0402430495055,11.1745889884435,6.20843032370511,52.6272066980762,63.7178061430471,11.0905994449708,6.41010573796767,50.1313550130026,66.9796501332471,16.8482951202444,6.43830025682532,29.7615526370142,29.6775630935416,-0.0839895434726259,5.87164750630686,27.2657009519406,32.9394070837416,5.67370613180094,5.63140990700004,-2.4958516850736,3.26184399019996,5.75769567527357,5.89664092954578
pared_h,CHL,36,416.756320313874,419.53109051214,2.7747701982654,5.81949810061655,445.450520303144,438.680118212696,-6.77040209044748,6.00484983094946,463.105968828633,464.956949127591,1.85098029895835,5.78388487922819,461.347276556062,470.130972734855,8.78369617879287,5.77550191152314,28.6941999892695,19.1490277005566,-9.54517228871288,5.57610894925771,46.3496485147588,45.4258586154518,-0.923789899307053,6.08400475647201,44.5909562421878,50.5998822227153,6.00892598052747,6.09021165047028,17.6554485254894,26.2768309148952,8.62138238940582,6.12331689162671,15.8967562529184,31.4508545221587,15.5540982692403,5.60970845199345,-1.75869227257101,5.17402360726351,6.93271587983452,5.2940646305949
pared_h,COL,36,387.159999732043,381.64617305403,-5.51382667801278,5.77230345467224,398.666894981077,414.236894245152,15.5699992640748,5.67838433978036,433.103639083552,437.390038672653,4.28639958910026,7.48339806332247,433.370299737583,451.824794967056,18.4544952294734,8.60827951739427,11.5068952490339,32.5907211911215,21.0838259420876,5.66359918869136,45.9436393515092,55.7438656186222,9.80022626711303,6.68766142258262,46.2103000055395,70.1786219130257,23.9683219074861,8.26151169080393,34.4367441024753,23.1531444275008,-11.2835996749745,6.49771448510835,34.7034047565056,37.5879007219042,2.88449596539857,8.10813668871355,0.266660654030318,14.4347562944034,14.1680956403731,5.97629465316855
pared_h,CZE,36,471.414418120699,462.254912762329,-9.15950535836993,5.78333519108154,480.669324216296,478.111607816523,-2.55771639977286,5.47009184494441,509.830540335305,512.166115380857,2.33557504555154,6.26407320498165,532.879986681827,525.328828958987,-7.55115772284057,5.99804794402394,9.25490609559677,15.8566950541938,6.60178895859707,5.40632462591774,38.4161222146059,49.9112026185274,11.4950804039215,6.01213074194982,61.4655685611282,63.0739161966575,1.60834763552936,6.40278370113165,29.1612161190092,34.0545075643336,4.89329144532439,6.39116453104492,52.2106624655314,47.2172211424637,-4.99344132306771,5.6836612384274,23.0494463465222,13.1627135781301,-9.88673276839211,5.76520875794564
pared_h,DEU,36,468.04326921612,448.034957843671,-20.0083113724481,6.67995226956618,496.826824042461,508.807124226698,11.9803001842371,7.04344241242418,519.260925613104,520.135378173823,0.874452560718737,7.03867675670064,522.425243696228,541.156297571671,18.7310538754433,7.4787320662956,28.7835548263418,60.7721663830271,31.9886115566853,7.18408629779051,51.2176563969849,72.1004203301518,20.8827639331669,6.98631684573408,54.3819744801085,93.121339728,38.7393652478914,7.75802365722241,22.4341015706431,11.3282539471247,-11.1058476235184,7.05268140951334,25.5984196537667,32.3491733449729,6.75075369120617,7.42001806529322,3.16431808312359,21.0209193978482,17.8566013147246,6.56624749447579
pared_h,DNK,36,475.582762492652,451.198874339611,-24.383888153041,6.01750272585072,502.569613950105,488.487513165953,-14.082100784152,6.58262047636515,506.489477987087,503.27302331546,-3.21645467162756,6.43778051564151,498.103804865157,504.923924521431,6.82011965627441,6.19889005104552,26.986851457453,37.288638826342,10.301787368889,7.13125236062639,30.9067154944352,52.0741489758486,21.1674334814135,6.86300149486137,22.5210423725044,53.7250501818199,31.2040078093154,7.18948100803352,3.91986403698212,14.7855101495066,10.8656461125245,6.64320795734033,-4.4658090849486,16.4364113554778,20.9022204404265,6.86003939214532,-8.38567312193072,1.65090120597125,10.036574327902,6.70701944014453
pared_h,ESP,36,460.070848029617,447.094768342522,-12.9760796870942,4.61922537884452,493.064409253544,480.180730563658,-12.8836786898864,4.65891603849153,494.908517545873,500.908460648228,5.99994310235422,4.55702327861701,495.060377745915,502.138503509002,7.07812576308726,4.40723062492502,32.9935612239275,33.0859622211353,0.0924009972077897,3.8792850825693,34.8376695162567,53.8136923057051,18.9760227894484,4.2073999528066,34.9895297162986,55.04373516648,20.0542054501814,3.7759604574477,1.84410829232922,20.7277300845698,18.8836217922406,3.95038611657925,1.99596849237111,21.9577729453447,19.9618044529736,3.47130987652855,0.151860200041881,1.23004286077492,1.07818266073303,3.35646135665411
pared_h,EST,36,508.424482838636,498.774263954882,-9.65021888375423,5.32449659735562,511.370689991902,519.302997414255,7.93230742235278,5.69903632654558,543.370680065567,549.493603310386,6.12292324481928,5.85247301692994,542.430894173007,551.179787747116,8.74889357410905,5.59434013434323,2.94620715326585,20.5287334593729,17.582526306107,5.49760519028767,34.9461972269304,50.7193393555039,15.7731421285735,6.05312984938469,34.0064113343706,52.4055237922339,18.3991124578633,5.846979928584,31.9999900736646,30.190605896131,-1.8093841775335,5.65152321305585,31.0602041811047,31.876790332861,0.816586151756269,5.64881562627205,-0.939785892559826,1.68618443672995,2.62597032928977,5.54761325336674
pared_h,FIN,36,484.743408415113,471.072468380532,-13.6709400345808,5.67955249593524,522.478675269354,508.536955577118,-13.9417196922359,6.1048704678721,524.345470315027,532.877835459531,8.53236514450384,5.47611973395409,521.252157583158,535.28413008042,14.0319724972619,5.48903101499562,37.7352668542409,37.4644871965858,-0.270779657655055,6.26671216658212,39.602061899914,61.8053670789987,22.2033051790847,5.53449612677311,36.5087491680451,64.2116616998879,27.7029125318427,5.8165550130381,1.86679504567314,24.3408798824129,22.4740848367397,5.77887229126961,-1.22651768619573,26.7471745033021,27.9736921894978,5.42461550732985,-3.09331273186888,2.40629462088918,5.49960735275806,5.47119365202103
pared_h,FRA,36,450.754874800976,457.430494912775,6.67562011179962,5.80665208414733,493.208475896739,486.38819469402,-6.82028120271917,6.91233389041892,508.23776920425,515.458357125986,7.22058792173573,6.36915674795789,507.645392466495,524.555537644717,16.9101451782219,6.24170302528115,42.4536010957634,28.9576997812446,-13.4959013145188,6.09714781135066,57.4828944032744,58.0278622132105,0.544967809936111,6.14468844857104,56.8905176655195,67.1250427319417,10.2345250664223,5.90272197405057,15.0292933075111,29.070162431966,14.0408691244549,6.4888862809206,14.4369165697561,38.1673429506972,23.7304263809411,6.29886222500685,-0.592376737754989,9.09718051873119,9.68955725648618,5.4418366076917
pared_h,GBR,36,482.86879897259,492.256643931291,9.3878449587009,5.80953356446554,501.20614886427,518.576856935199,17.3707080709287,5.81377614779037,523.623010952122,542.118027590072,18.4950166379497,6.19384857435975,520.098925372138,545.345113768019,25.2461883958805,6.52719380370614,18.3373498916803,26.3202130039082,7.98286311222785,6.08121418409212,40.7542119795323,49.8613836587811,9.10717167924878,6.3452985928708,37.2301263995485,53.0884698367281,15.8583434371796,7.35527699218075,22.4168620878519,23.5411706548729,1.12430856702093,6.4632548377097,18.8927765078682,26.7682568328199,7.87548032495175,6.36997074045288,-3.52408557998376,3.22708617794706,6.75117175793082,6.13624617407135
pared_h,GRC,36,414.708371993595,406.941868104477,-7.76650388911708,6.05678674592443,441.430698627693,425.961518968515,-15.4691796591786,6.87136621149339,453.323531317497,464.363977651673,11.0404463341757,6.1516963726752,456.564864196496,460.245965729076,3.68110153258004,5.76696003370804,26.7223266340987,19.0196508640372,-7.70267577006149,6.26784456477118,38.6151593239027,57.4221095471954,18.8069502232927,6.79989658156699,41.8564922029015,53.3040976245986,11.4476054216971,5.9875829387454,11.892832689804,38.4024586831582,26.5096259933542,5.91769617857137,15.1341655688028,34.2844467605614,19.1502811917586,5.35750074642648,3.24133287899878,-4.11801192259685,-7.35934480159563,5.11332367608642
pared_h,HUN,36,452.042916210405,447.87592288345,-4.16699332695526,5.92360533656245,483.818038217706,474.042753995064,-9.77528422264169,6.69360070682128,506.552009892113,508.215170278937,1.66316038682396,6.09748153272081,504.668243533548,508.511797973653,3.84355444010538,6.00988178363945,31.7751220073006,26.1668311116142,-5.60829089568642,6.35332138477953,54.5090936817081,60.3392473954874,5.83015371377923,6.7910957538499,52.6253273231427,60.6358750902033,8.01054776706064,6.28139288303346,22.7339716744075,34.1724162838731,11.4384446094656,6.85653351057211,20.850205315842,34.4690439785891,13.6188386627471,6.30066934503199,-1.88376635856548,0.296627694715937,2.18039405328142,5.53780867519435
pared_h,IRL,36,478.816117686945,467.284714614668,-11.5314030722774,5.51251052834853,507.691610170789,513.327506603656,5.63589643286684,5.70187721038626,515.355853045582,518.920658565731,3.56480552014921,5.24463897308126,517.735461349628,520.129567876436,2.39410652680817,5.36475521607479,28.8754924838435,46.0427919889878,17.1672995051443,5.12596117921314,36.5397353586369,51.6359439510636,15.0962085924267,5.46354944252332,38.9193436626822,52.8448532617678,13.9255095990856,5.18950920333182,7.66424287479345,5.59315196207581,-2.07109091271764,5.71309812277293,10.0438511788387,6.80206127278007,-3.24178990605867,5.47336272616069,2.37960830404529,1.20890931070426,-1.17069899334103,5.20341518348859
pared_h,ISL,36,416.028219656955,424.579122619046,8.5509029620905,6.06385431436542,455.229522624429,453.556767356623,-1.672755267806,6.36412984333893,458.609773205389,476.933780385376,18.3240071799868,6.05310995562288,462.169228134903,466.725246730937,4.55601859603416,6.05062580975655,39.2013029674737,28.9776447375772,-10.2236582298965,7.64415245321729,42.5815535484342,52.3546577663304,9.77310421789628,7.88281866686271,46.1410084779476,42.1461241118913,-3.99488436605634,7.47058432907146,3.38025058096042,23.3770130287532,19.9967624477928,7.48293081063786,6.93970551047386,13.168479374314,6.22877386384016,7.61323695106389,3.55945492951344,-10.2085336544392,-13.7679885839526,7.53365713017342
pared_h,ISR,36,423.800297602233,420.986832250983,-2.81346535124959,6.60598577925856,472.173409872741,467.205230535707,-4.96817933703443,7.10234759873922,486.310256513166,488.062043230626,1.75178671745971,7.07902473251203,488.544537968294,480.956530648794,-7.5880073194997,6.93937853180311,48.3731122705083,46.2183982847234,-2.15471398578484,7.14711802723319,62.5099589109336,67.0752109796429,4.5652520687093,7.08040915266138,64.7442403660614,59.9696983978113,-4.77454196825011,6.55208525338339,14.1368466404253,20.8568126949195,6.71996605449414,6.29603451652137,16.3711280955532,13.7513001130879,-2.61982798246527,6.88951818437704,2.23428145512781,-7.10551258183159,-9.3397940369594,6.66924559760563
pared_h,ITA,36,454.533985134708,458.88586656535,4.35188143064227,6.17337355681723,477.620749109014,481.274654809677,3.65390570066273,5.5197541967635,490.304722576173,494.821767814236,4.51704523806336,6.30588703541358,490.983048165093,512.53598705234,21.5529388872473,6.54231228870425,23.0867639743059,22.3887882443264,-0.697975729979532,5.39404883964951,35.7707374414648,35.9359012488859,0.165163807421095,6.71692753037593,36.4490630303845,53.6501204869895,17.201057456605,6.68310827072618,12.6839734671589,13.5471130045595,0.863139537400627,5.52335635134912,13.3622990560786,31.2613322426631,17.8990331865845,5.69279767699882,0.678325588919734,17.7142192381036,17.0358936491839,4.9105366784094
pared_h,JPN,36,517.366022772314,503.606275318392,-13.7597474539216,7.26587730129208,544.211021632561,534.642722090992,-9.56829954156922,7.69087206565176,565.97407749538,564.426910064731,-1.5471674306491,7.12431599560188,562.239738820499,564.077163414021,1.83742459352152,6.38049351634427,26.8449988602472,31.0364467725996,4.19144791235237,7.81177828879739,48.6080547230664,60.8206347463389,12.2125800232725,8.18071184767535,44.8737160481857,60.4708880956288,15.5971720474431,7.69070309863917,21.7630558628192,29.7841879737393,8.02113211092012,7.36373236864723,18.0287171879385,29.4344413230292,11.4057241350907,6.72609940658856,-3.73433867488075,-0.349746650710131,3.38459202417062,6.16490614308403
pared_h,KOR,36,508.183099049288,494.618791666561,-13.5643073827266,7.38463775787101,510.860901381058,539.349862616756,28.4889612356982,7.37786866857216,550.656027931571,544.804056089204,-5.85197184236665,7.75231293085171,545.197764759995,544.743899521275,-0.453865238720482,6.50344602167514,2.67780233177035,44.7310709501951,42.0532686184248,7.651425804414,42.4729288822832,50.1852644226431,7.71233554035996,7.68951927365432,37.0146657107073,50.1251078547135,13.1104421440061,7.80170706812895,39.7951265505128,5.45419347244797,-34.3409330780648,7.56171055587416,34.336863378937,5.39403690451832,-28.9428264744187,6.57745199349396,-5.45826317157582,-0.0601565679296527,5.39810660364617,7.05984294749839
pared_h,LTU,36,458.807862769011,467.385605585224,8.57774281621391,5.18415043434889,485.188436711416,495.712597880891,10.5241611694748,5.73627300623078,497.422758488862,508.222404544187,10.7996460553246,5.31443264889128,503.031987989642,509.406362600425,6.37437461078258,5.38628479470287,26.3805739424055,28.3269922956664,1.94641835326087,5.71982639187943,38.6148957198519,40.8367989589626,2.2219032391107,5.56972395894104,44.2241252206318,42.0207570152004,-2.20336820543133,5.5227598973478,12.2343217774463,12.5098066632962,0.275484885849835,5.79242483891514,17.8435512782262,13.693764719534,-4.1497865586922,5.41061118229377,5.60922950077992,1.18395805623788,-4.42527144454203,4.41479797556525
pared_h,LVA,36,472.590847483451,459.060645100902,-13.5302023825489,5.82216940777713,480.035778366277,462.728451621647,-17.30732674463,5.94569993522382,511.093757263744,499.923606851247,-11.1701504124974,6.0697070260873,515.822212010531,502.352716148319,-13.4694958622122,5.79798804027078,7.44493088282655,3.6678065207455,-3.77712436208105,5.93447107889239,38.5029097802935,40.862961750345,2.36005197005153,6.68496738622694,43.2313645270804,43.292071047417,0.0607065203366801,6.44970670276375,31.0579788974669,37.1951552295995,6.13717633213258,6.44125504489508,35.7864336442538,39.6242645266715,3.83783088241773,6.46454799290646,4.7284547467869,2.42910929707205,-2.29934544971485,6.4171988956537
pared_h,MEX,36,384.201097055046,387.038032764999,2.83693570995285,4.77266445944758,404.887003353308,410.583133554137,5.69613020082852,5.41861374371918,417.15764407972,425.165271030651,8.00762695093164,6.03874250350199,433.580451539967,444.673294759351,11.092843219384,6.18503868370889,20.6859062982623,23.545100789138,2.85919449087567,4.78902675573405,32.9565470246736,38.1272382656524,5.17069124097878,5.95278964908733,49.3793544849214,57.6352619943526,8.25590750943115,5.88722381558398,12.2706407264113,14.5821374765144,2.31149675010312,5.67320491874205,28.6934481866591,34.0901612052146,5.39671301855549,6.16321385554496,16.4228074602478,19.5080237287002,3.08521626845237,5.71955326855875
pared_h,NLD,36,468.12778936835,453.5398555452,-14.5879338231504,7.40244644475147,501.466333366984,479.479826385048,-21.9865069819364,7.30290351038144,501.537757298603,522.241373811864,20.7036165132614,6.42594542964473,500.833077570761,525.34678277981,24.5137052090485,7.23940801158967,33.3385439986335,25.9399708398475,-7.39857315878601,7.4122214112878,33.4099679302525,68.7015182666643,35.2915503364118,7.65813424524057,32.705288202411,71.8069272346098,39.1016390321988,6.83564299853363,0.0714239316189946,42.7615474268168,42.6901234951978,6.64319968607781,-0.6332557962225,45.8669563947623,46.5002121909848,7.61000757205612,-0.704679727841494,3.10540896794555,3.81008869578704,6.5933012228875
pared_h,NOR,36,452.055786368198,438.969157348809,-13.0866290193891,5.70044805509891,489.410439674783,484.154691050378,-5.25574862440453,5.99043183783196,495.748329131975,498.576274064499,2.82794493252368,5.89185024693316,492.467131441657,498.954378067788,6.48724662613165,5.90750698010858,37.3546533065851,45.1855337015697,7.8308803949846,6.24247151593664,43.6925427637773,59.6071167156901,15.9145739519128,6.48424052305352,40.411345073459,59.9852207189798,19.5738756455208,6.4898777329699,6.33788945719221,14.4215830141204,8.08369355692821,6.00498956207437,3.05669176687388,14.7996870174101,11.7429952505362,6.31332329264617,-3.28119769031832,0.37810400328965,3.65930169360797,6.14435103399727
pared_h,NZL,36,475.399418959781,488.331867099826,12.9324481400449,6.3027456778639,512.568686389623,524.316197033148,11.7475106435252,6.57350402520252,527.582394709236,547.379454822151,19.7970601129157,6.5882741876096,537.140866066833,543.995257324017,6.85439125718426,6.60302372709822,37.1692674298422,35.9843299333225,-1.18493749651969,7.53910458464475,52.1829757494549,59.0475877223257,6.86461197287082,7.16092182972668,61.7414471070522,55.6633902241916,-6.07805688286061,7.79052182260302,15.0137083196126,23.0632577890032,8.04954946939051,8.09598026894058,24.57217967721,19.6790602908691,-4.89311938634091,8.83976590858901,9.55847135759734,-3.38419749813409,-12.9426688557314,7.94826594925593
pared_h,POL,36,476.988674270133,467.443895307076,-9.5447789630565,5.81024631438425,480.371301813528,475.868251313116,-4.50305050041226,5.69522921220198,517.177477561038,531.588922360736,14.4114447996981,6.70663099040929,530.110296989613,527.152142426858,-2.95815456275557,5.82293322975345,3.3826275433957,8.42435600603994,5.04172846264424,5.48744452700812,40.1888032909058,64.1450270536603,23.9562237627546,6.75738982314841,53.1216227194806,59.7082471197815,6.58662440030093,6.44859978023334,36.8061757475101,55.7206710476204,18.9144953001103,6.69325048707637,49.7389951760849,51.2838911137416,1.54489593765669,5.70677705106249,12.9328194285748,-4.43677993387882,-17.3695993624536,5.96593935211829
pared_h,PRT,36,447.441484106458,443.850116185551,-3.59136792090726,6.4661371319465,488.012533976835,483.446624474759,-4.56590950207681,6.04461830608744,498.940657303098,506.981311830184,8.04065452708608,7.18210551063879,508.402870489981,517.633266418178,9.23039592819731,6.07662781519644,40.5710498703771,39.5965082892076,-0.974541581169547,6.27517438071627,51.4991731966395,63.1311956446328,11.6320224479933,6.23067034560276,60.9613863835227,73.7831502326272,12.8217638491046,6.02354153389845,10.9281233262623,23.5346873554252,12.6065640291629,6.90040711427622,20.3903365131455,34.1866419434197,13.7963054302741,5.977294986119,9.46221318688322,10.6519545879945,1.18974140111123,6.51888212432572
pared_h,SVK,36,430.875532251289,439.422907651265,8.54737539997535,6.67911982159355,453.187861873123,463.956480404709,10.7686185315859,6.01126499222557,478.046848792062,506.93911812626,28.8922693341972,7.20625426304747,488.006500203664,514.092446782562,26.0859465788981,7.09129721658458,22.3123296218337,24.5335727534443,2.22124313161055,6.60531918122383,47.171316540773,67.5162104749948,20.3448939342218,7.68616956542684,57.1309679523741,74.6695391312969,17.5385711789227,8.24126851494775,24.8589869189393,42.9826377215505,18.1236508026113,7.88277110302995,34.8186383305404,50.1359663778526,15.3173280473122,7.49593991845101,9.95965141160116,7.15332865630205,-2.80632275529911,6.47906830045891
pared_h,SVN,36,474.298363397717,459.151569989707,-15.1467934080102,4.91547300902877,498.377922429769,484.059988679163,-14.3179337506061,5.64093541531624,515.504459217849,513.514332680761,-1.99012653708792,5.58923611185329,515.657828755859,511.680303444586,-3.97752531127281,5.0931348902738,24.0795590320524,24.9084186894565,0.828859657404109,6.05489501954598,41.2060958201321,54.3627626910545,13.1566668709223,6.22155659131864,41.3594653581418,52.5287334548792,11.1692680967374,5.32886055651998,17.1265367880798,29.454344001598,12.3278072135182,6.75893886048966,17.2799063260894,27.6203147654227,10.3404084393333,5.91111268312248,0.153369538009656,-1.83402923617524,-1.9873987741849,6.8035591935123
pared_h,SWE,36,464.241061917939,448.974013940162,-15.2670479777775,6.0866389847468,499.201425291407,500.590971711313,1.38954641990648,6.27057767246427,514.302358443433,519.926542137704,5.6241836942703,6.61008029781696,509.704980902544,517.881386651821,8.17640574927651,6.07022363847258,34.9603633734671,51.6169577711511,16.656594397684,6.36269008030573,50.0612965254939,70.9525281975417,20.8912316720478,6.78202922399348,45.4639189846048,68.9073727116588,23.443453727054,6.77303797120692,15.1009331520268,19.3355704263906,4.23463727436382,6.50894964524843,10.5035556111377,17.2904149405077,6.78685932937003,6.26719874598065,-4.59737754088911,-2.0451554858829,2.55222205500621,6.37952142889407
pared_h,TUR,36,461.45917818224,469.057139473275,7.59796129103484,5.23817196858833,467.108282752646,485.953992400211,18.845709647565,5.0213229116542,476.089433183565,495.964819300663,19.8753861170981,6.16164937070625,499.904954132924,542.286114858805,42.3811607258807,5.81588205576848,5.649104570406,16.8968529269362,11.2477483565302,4.61743042160836,14.6302550013247,26.9076798273879,12.2774248260632,6.3231729278964,38.4457759506834,73.2289753855292,34.7831994348458,6.3683023557052,8.98115043091872,10.0108269004518,1.02967646953306,5.44373831852133,32.7966713802774,56.3321224585931,23.5354510783156,5.98630365504083,23.8155209493587,46.3212955581413,22.5057746087826,6.5410066507463
pared_h,USA,36,471.555206901497,468.992174194094,-2.5630327074029,8.48155643633039,493.294199960987,505.497033866028,12.2028339050408,11.5262552836347,515.517876434324,532.934506900937,17.4166304666127,15.4565477500567,520.902744361074,523.176310508781,2.27356614770645,11.6941468035946,21.7389930594906,36.5048596719342,14.7658666124437,11.4827173219089,43.9626695328274,63.942332706843,19.9796631740156,15.2911125193424,49.3475374595774,54.1841363146867,4.83659885510934,11.3615582066748,22.2236764733369,27.4374730349088,5.21379656157188,12.3583962412234,27.6085444000868,17.6792766427525,-9.92926775733434,10.7635463580842,5.38486792674996,-9.75819639215626,-15.1430643189062,11.6425859133909
pared_h,OECD,36,460.110202386939,456.047061455145,-4.06314093179373,3.23278098717817,486.226857301631,486.794367251274,0.567509949643238,3.2504057926474,503.515026597604,511.422640846491,7.90761424888763,3.26710961784313,506.519157121851,515.571658173137,9.0525010512859,3.24895725581156,26.1166549146919,30.7473057961289,4.63065088143696,1.06392294079081,43.4048242106651,55.3755793913465,11.9707551806814,1.14908306660765,46.4089547349123,59.5245967179919,13.1156419830796,1.1164666945558,17.2881692959732,24.6282735952176,7.34010429924439,1.09760044328066,20.2922998202204,28.777290921863,8.48499110164266,1.07298499300367,3.00413052424716,4.14901732664544,1.14488680239828,1.03492374457045
pared_h,OECD35,35,460.111326797148,456.302841258363,-3.80848553878514,3.23795497562349,486.031498674433,486.983328299491,0.951829625058281,3.2565225953255,503.760926856224,511.723045995013,7.96211913878858,3.27427599341491,506.846550818306,515.955462592112,9.10891177380586,3.25527908083559,25.9201718772853,30.6804870411287,4.76031516384342,1.08869330036784,43.6496000590767,55.4202047366504,11.7706046775737,1.17578482003838,46.7352240211583,59.6526213337493,12.917397312591,1.14328683892472,17.7294281817914,24.7397176955217,7.0102895137303,1.12330427143133,20.815052143873,28.9721342926206,8.15708214874758,1.09917618662924,3.08562396208157,4.23241659709885,1.14679263501728,1.06016448578681
homepos,AUS,36,458.457426606455,484.203138768863,25.7457121624088,5.50594488362488,500.030927982688,514.534396935328,14.5034689526392,5.25174921985223,526.627406339632,524.021657489093,-2.60574885053904,4.93366352428372,547.487638662165,521.230528942907,-26.257109719258,4.93947130589871,41.5735013762339,30.3312581664642,-11.2422432097696,5.46340121363004,68.1699797331775,39.8185187202296,-28.3514610129479,5.32148652826568,89.0302120557106,37.0273901740438,-52.0028218816668,5.65605379492575,26.5964783569436,9.4872605537654,-17.1092178031782,4.72721928347966,47.4567106794767,6.69613200757954,-40.7605786718972,4.66805883363012,20.8602323225331,-2.79112854618586,-23.6513608687189,4.38548708379868
homepos,AUT,36,419.41867194287,451.737374907236,32.3187029643659,6.80420929993637,483.023528084932,496.532776278734,13.5092481938023,7.10424537150928,520.787076251953,517.48878144443,-3.29829480752278,5.5830245140626,544.5708216263,523.644261431953,-20.9265601943468,5.63908223409899,63.6048561420616,44.7954013714981,-18.8094547705636,6.49132531286082,101.368404309083,65.7514065371948,-35.6169977718886,6.88186489602402,125.15214968343,71.9068865247177,-53.2452631587127,6.92814170166937,37.7635481670218,20.9560051656967,-16.8075430013251,6.56867140525606,61.5472935413687,27.1114851532196,-34.4358083881492,6.66487146800705,23.783745374347,6.15547998752288,-17.6282653868241,5.62917770321644
homepos,BEL,36,425.198716780677,445.654083856404,20.4553670757268,7.27119793526665,481.306566112229,486.783471411309,5.47690529908061,6.30946788599297,513.31043763542,512.036401505315,-1.27403613010472,5.54837024084032,542.000605533196,519.870042273642,-22.1305632595536,6.10070777641921,56.1078493315519,41.1293875549057,-14.9784617766462,6.07281209832898,88.1117208547427,66.3823176489112,-21.7294032058315,6.91220371569721,116.801888752519,74.2159584172384,-42.5859303352804,7.73907944880318,32.0038715231908,25.2529300940055,-6.75094142918533,5.975524561874,60.6940394209669,33.0865708623327,-27.6074685586342,6.6316533874309,28.6901678977761,7.8336407683272,-20.8565271294489,5.70293580358077
homepos,CAN,36,480.13346624476,488.491823527363,8.35835728260264,5.12633443269982,510.906431610705,516.979273773064,6.07284216235973,4.82665405817469,528.368072044496,527.530419400392,-0.837652644103741,4.66264598295202,544.507689567193,516.442971389454,-28.064718177739,5.28127297909963,30.7729653659443,28.4874502457014,-2.28551512024291,4.42184377996537,48.2346057997356,39.0385958730292,-9.19600992670638,4.62206451519493,64.3742233224328,27.9511478620912,-36.4230754603416,5.51437744102578,17.4616404337913,10.5511456273279,-6.91049480646348,4.12995287935435,33.6012579564886,-0.536302383610178,-34.1375603400987,4.71180382761702,16.1396175226972,-11.087448010938,-27.2270655336353,4.24329572727685
homepos,CHE,36,440.897353396081,465.598537533133,24.701184137052,6.64425118834918,487.773181598456,501.214310379003,13.4411287805467,5.60206832705012,523.908509310377,523.494743277287,-0.413766033090042,5.87053000320503,557.735792494471,519.046874066739,-38.6889184277317,5.91495262738726,46.8758282023748,35.6157728458694,-11.2600553565053,6.63621731547915,83.0111559142955,57.8962057441535,-25.114950170142,6.7042691518373,116.838439098389,53.4483365336056,-63.3901025647837,7.11675894320249,36.1353277119208,22.2804328982841,-13.8548948136367,5.46988306052042,69.9626108960145,17.8325636877362,-52.1300472082783,5.67837033245822,33.8272831840937,-4.44786921054788,-38.2751523946416,5.93576518737156
homepos,CHL,36,405.217339596997,414.529858830034,9.31251923303711,5.88750011307187,436.461482485772,438.2185910602,1.7571085744284,6.0258436277984,456.378083608932,450.33253579767,-6.04554781126188,6.19080094864759,484.393435444631,474.717937037012,-9.67549840761922,6.03532368019624,31.2441428887746,23.6887322301658,-7.55541065860871,5.68822428494189,51.160744011935,35.802676967636,-15.358067044299,6.27391176689176,79.176095847634,60.1880782069777,-18.9880176406563,6.42451887333834,19.9166011231604,12.1139447374701,-7.80265638569028,6.62333979653268,47.9319529588595,36.4993459768119,-11.4326069820476,5.96553946330024,28.0153518356991,24.3854012393417,-3.62995059635733,6.26864475297564
homepos,COL,36,369.24367143206,375.681442999725,6.43777156766493,5.7503116943151,393.796652208801,401.719991614099,7.92333940529795,6.51738368590303,422.48641355588,426.739504304667,4.25309074878732,7.58791783531352,465.473506386634,460.488652316096,-4.98485407053829,8.51297939785709,24.5529807767414,26.0385486143744,1.48556783763303,6.28175051853229,53.2427421238201,51.0580613049424,-2.18468081887761,7.96172193544168,96.2298349545745,84.8072093163713,-11.4226256382032,9.34514083171844,28.6897613470787,25.019512690568,-3.67024865651064,5.61489122660027,71.6768541778331,58.7686607019969,-12.9081934758362,7.82659349427507,42.9870928307544,33.7491480114288,-9.23794481932561,7.05234330685508
homepos,CZE,36,432.542091788979,454.571578105978,22.0294863169987,6.33907893421464,491.182170329461,491.525041396091,0.342871066629982,5.81502141516713,521.198049654392,503.741206298114,-17.4568433562781,5.78134746641958,544.725710751245,510.780703045862,-33.9450077053832,5.7591248372761,58.6400785404812,36.9534632901124,-21.6866152503687,5.27074860892761,88.6559578654124,49.1696281921356,-39.4863296732768,6.47525803975402,112.183618962266,56.2091249398839,-55.9744940223819,7.11803277234422,30.0158793249312,12.2161649020232,-17.799714422908,5.53285766791972,53.5435404217847,19.2556616497715,-34.2878787720132,5.78498038141527,23.5276610968534,7.03949674774827,-16.4881643491051,5.31013055752503
homepos,DEU,36,424.862842820758,428.241856435896,3.37901361513821,8.03718905446626,486.943395163097,482.96366247511,-3.97973268798671,7.74198773466248,520.239346345839,518.151960437235,-2.08738590860457,7.43553138448485,554.80305633479,536.961668372984,-17.8413879618057,6.35195943467441,62.0805523423393,54.7218060392144,-7.35874630312492,7.03160802330037,95.3765035250812,89.9101040013384,-5.46639952374278,7.85949228974092,129.940213514032,108.719811937088,-21.2204015769439,8.72021073424674,33.2959511827419,35.1882979621241,1.89234677938214,7.02220144362441,67.8596611716925,53.9980058978735,-13.861655273819,7.74522036925397,34.5637099889506,18.8097079357494,-15.7540020532011,6.74842195762694
homepos,DNK,36,452.568386101039,444.656641078937,-7.91174502210174,6.47952919836491,488.535829347101,483.31582538666,-5.2200039604412,6.07899530463714,513.455198204537,496.364810384497,-17.0903878200404,5.89459938223594,522.578305434745,490.143785719539,-32.4345197152057,6.52101179925332,35.9674432460623,38.6591843077229,2.69174106166054,6.52147460524682,60.8868121034981,51.7081693055594,-9.17864279793866,6.82114665259754,70.0099193337062,45.4871446406022,-24.522774693104,6.50668722199891,24.9193688574358,13.0489849978366,-11.8703838595992,6.74291077027322,34.0424760876439,6.82796033287934,-27.2145157547645,7.020842797196,9.12310723020812,-6.22102466495721,-15.3441318951653,6.73590842272105
homepos,ESP,36,442.137393853954,451.868854630437,9.73146077648363,5.15271946666033,477.183063043073,479.469343080683,2.2862800376102,4.50527084242462,500.360457061122,488.960277906996,-11.4001791541262,4.48482034893126,520.918548283414,497.689870553325,-23.2286777300886,4.4803773904486,35.0456691891191,27.6004884502456,-7.44518073887343,4.27534212843827,58.2230632071684,37.0914232765586,-21.1316399306098,4.22085505928657,78.7811544294602,45.8210159228879,-32.9601385065723,4.87410340897572,23.1773940180494,9.49093482631298,-13.6864591917364,3.23493345745666,43.7354852403411,18.2205274726423,-25.5149577676988,3.62408009963295,20.5580912222918,8.72959264632931,-11.8284985759624,3.27784175080549
homepos,EST,36,483.794093362251,508.540424494078,24.7463311318273,5.35706428675769,522.280364572384,523.897803442299,1.61743886991439,5.68300916092361,542.836289607019,539.726786259052,-3.10950334796689,5.54521844247671,556.097375239958,539.270444946381,-16.826930293577,5.75803282325013,38.4862712101334,15.3573789482205,-23.1288922619129,5.15576233019645,59.0421962447678,31.1863617649735,-27.8558344797942,5.58852119378396,72.3032818777068,30.7300204523025,-41.5732614254043,5.8113470936034,20.5559250346344,15.8289828167531,-4.72694221788129,6.11017446866471,33.8170106675734,15.372641504082,-18.4443691634914,5.71943421733062,13.2610856329391,-0.456341312671043,-13.7174269456101,5.09408490293909
homepos,FIN,36,466.094629997509,489.960387217619,23.8657572201097,5.69475426131502,509.294515986717,511.560400230183,2.26588424346676,5.48285976069503,527.824897908669,515.03584957183,-12.7890483368392,5.82342349941111,543.343377118237,511.408752597477,-31.9346245207602,5.81976511374487,43.1998859892073,21.6000130125643,-21.599872976643,5.72708834638653,61.7302679111598,25.0754623542109,-36.6548055569489,5.30934884758215,77.2487471207275,21.4483653798575,-55.80038174087,5.38975511533661,18.5303819219525,3.4754493416466,-15.0549325803059,5.78888676763923,34.0488611315202,-0.151647632706784,-34.200508764227,5.39341230520751,15.5184792095677,-3.62709697435338,-19.145576183921,5.72763744063422
homepos,FRA,36,423.349784900406,442.32430479752,18.9745198971141,6.59867668460522,471.884966921519,478.598137186827,6.71317026530869,6.54578655449362,510.105741683929,504.622353522131,-5.48338816179728,7.11055543225172,544.028207919401,516.903202571576,-27.1250053478254,5.98025603284732,48.5351820211128,36.2738323893074,-12.2613496318054,6.35239196952363,86.7559567835225,62.2980487246111,-24.4579080589114,6.96013550680456,120.678423018995,74.5788977740558,-46.0995252449395,7.01461905222545,38.2207747624097,26.0242163353037,-12.196558427106,6.58175807369581,72.1432409978825,38.3050653847483,-33.8381756131341,6.26259218509587,33.9224662354728,12.2808490494446,-21.6416171860282,6.01632837393324
homepos,GBR,36,454.550049233334,483.388838407595,28.8387891742611,6.04429777475162,486.769497849484,508.580227338152,21.8107294886686,5.96808790529559,517.903198170311,522.434248560484,4.53105039017271,6.24003259778089,551.304399418481,539.650051764053,-11.6543476544281,6.53507963392285,32.2194486161495,25.191388930557,-7.0280596855925,6.18693150265186,63.3531489369772,39.0454101528887,-24.3077387840884,6.93033724904251,96.7543501851465,56.2612133564572,-40.4931368286892,7.48485142393256,31.1337003208277,13.8540212223318,-17.2796790984959,6.21878989576126,64.534901568997,31.0698244259003,-33.4650771430967,7.21023778793457,33.4012012481693,17.2158032035685,-16.1853980446008,6.68167049199159
homepos,GRC,36,397.828144526637,408.593846542845,10.7657020162083,6.1478398352712,435.40079275733,440.475451796085,5.07465903875516,6.01888513822203,458.865087730699,447.052135163938,-11.8129525667608,6.05520410402822,472.125949206844,445.987900852981,-26.1380483538628,6.69700979558708,37.5726482306931,31.88160525324,-5.69104297745315,5.61475208301165,61.0369432040613,38.4582886210923,-22.5786545829691,6.17097343059867,74.2978046802068,37.3940543101357,-36.9037503700711,6.63119965248655,23.4642949733682,6.5766833678523,-16.8876116055159,5.27599110157405,36.7251564495136,5.51244905689572,-31.2127073926179,6.07065334366854,13.2608614761454,-1.06423431095658,-14.325095787102,5.68578937417979
homepos,HUN,36,418.293716341591,433.423011468648,15.1292951270566,6.58903831417656,477.145774744114,479.850598210706,2.7048234665919,6.01941621362593,513.291257762735,497.076315796675,-16.2149419660602,6.36567348927946,536.607454962058,512.185375704366,-24.4220792576919,6.0470337401527,58.8520584025228,46.4275867420581,-12.4244716604647,6.09626564068133,94.997541421144,63.6533043280272,-31.3442370931168,7.41444673688514,118.313738620466,78.7623642357179,-39.5513743847484,7.76576293637601,36.1454830186212,17.2257175859691,-18.9197654326521,5.50953568166931,59.4616802179435,32.3347774936598,-27.1269027242838,6.11901925241462,23.3161971993223,15.1090599076907,-8.20713729163168,5.86617023643839
homepos,IRL,36,460.922022386109,468.538607534686,7.61658514857737,6.30514053622008,497.940216926141,501.022773234926,3.08255630878529,5.32142154375863,521.440343836626,512.221177627078,-9.21916620954801,5.36548825494411,537.871171001943,519.213797833454,-18.657373168489,5.26715639818962,37.0181945400322,32.4841657002401,-4.53402883979209,5.35363838517393,60.5183214505172,43.6825700923918,-16.8357513581254,6.08260125920082,76.9491486158343,50.6751902987679,-26.2739583170664,6.38923668258173,23.500126910485,11.1984043921517,-12.3017225183333,5.13725151328063,39.9309540758021,18.1910245985277,-21.7399294772743,5.18250159987039,16.4308271653171,6.99262020637605,-9.43820695894101,5.19754282375661
homepos,ISL,36,410.987798721234,416.508266887318,5.52046816608379,5.85226840817505,442.580079355434,448.324006729549,5.74392737411449,5.97194177408925,459.241385649921,457.635445333056,-1.6059403168656,5.32998121200661,475.468579146304,451.335941666517,-24.1326374797867,6.36513039749492,31.5922806342001,31.8157398422308,0.223459208030704,7.66901484354868,48.2535869286871,41.1271784457377,-7.12640848294939,6.60537748633436,64.4807804250693,34.8276747791988,-29.6531056458705,7.16278490667625,16.661306294487,9.31143860350687,-7.34986769098009,6.31234478798219,32.8884997908692,3.01193493696803,-29.8765648539012,7.50152498798096,16.2271934963823,-6.29950366653884,-22.5266971629211,7.24417305176323
homepos,ISR,36,404.793069680469,412.345952805811,7.55288312534242,6.70340638124255,456.209669291469,453.054945568012,-3.15472372345761,6.96381438638638,489.130769686239,462.568324357878,-26.562445328361,7.34509106565752,514.748158834219,466.975736977347,-47.7724218568725,7.59406067974418,51.4165996110008,40.7089927622008,-10.7076068488,6.41812184615627,84.3377000057706,50.2223715520672,-34.1153284537034,7.23749203219263,109.95508915375,54.6297841715356,-55.3253049822149,7.90385387026576,32.9211003947698,9.51337878986647,-23.4077216049034,7.21897331865915,58.5384895427497,13.9207914093348,-44.6176981334149,7.3934600391483,25.6173891479799,4.40741261946835,-21.2099765285115,7.65116300455478
homepos,ITA,36,426.286273404424,443.335812205997,17.0495388015729,5.78753673324506,469.025020924946,480.224712702348,11.1996917774025,6.35550217846603,495.517804431949,501.014994262768,5.49718983081891,6.05299928692912,521.044393454778,509.272582748026,-11.7718107067524,6.5728204362878,42.7387475205214,36.888900496351,-5.8498470241704,5.6826903787179,69.231531027525,57.679182056771,-11.552348970754,5.61426628829766,94.7581200503535,65.9367705420282,-28.8213495083253,6.71345887289029,26.4927835070035,20.7902815604199,-5.7025019465836,5.65048561001437,52.0193725298321,29.0478700456772,-22.9715024841549,5.69392666529301,25.5265890228285,8.25758848525726,-17.2690005375713,5.73189968468135
homepos,JPN,36,506.17986277016,513.343692421328,7.16382965116793,7.77770898086772,544.143507830853,543.290898949251,-0.852608881602123,6.03826579151868,560.503079705403,553.53435756725,-6.96872213815232,6.35450477535318,577.110063881936,547.447231434298,-29.6628324476374,7.28352353200448,37.9636450606934,29.9472065279233,-8.01643853277005,6.57223853873529,54.3232169352427,40.1906651459225,-14.1325517893202,6.93206753680437,70.9302011117758,34.1035390129705,-36.8266620988053,7.57390302430764,16.3595718745494,10.2434586179992,-6.11611325655019,6.04423521741433,32.9665560510824,4.15633248504719,-28.8102235660352,6.84428474615492,16.606984176533,-6.08712613295199,-22.694110309485,5.69484091873496
homepos,KOR,36,474.715854217702,493.786056713066,19.0702024953634,9.23284979545661,521.472592831594,527.784838881591,6.31224604999704,7.13307185476519,549.849123219075,540.687236284862,-9.16188693421361,6.55828815972503,567.141630394551,547.310359401693,-19.8312709928582,7.22154975983073,46.7567386138912,33.9987821685248,-12.7579564453664,8.08271478133872,75.1332690013728,46.9011795717958,-28.2320894295771,9.90786927222303,92.4257761768486,53.5243026886269,-38.9014734882217,9.76764837083717,28.3765303874816,12.9023974032709,-15.4741329842107,6.9916557159514,45.6690375629573,19.5255205201021,-26.1435170428553,6.98131726820842,17.2925071754757,6.62312311683115,-10.6693840586446,5.96275653342171
homepos,LTU,36,437.063272258794,463.094869656154,26.03159739736,5.60907642972357,476.624878784182,484.040773910499,7.41589512631634,5.28556785682454,502.919815585705,497.934884783139,-4.984930802566,4.97939253373212,525.015677821089,507.809454201412,-17.2062236196768,5.60451112651902,39.5616065253879,20.9459042543443,-18.6157022710436,5.22803379576006,65.8565433269108,34.8400151269848,-31.016528199926,5.79107521578795,87.9524055622948,44.714584545258,-43.2378210170368,5.81188918753759,26.2949368015229,13.8941108726406,-12.4008259288823,4.91702712999895,48.3907990369069,23.7686802909138,-24.6221187459931,5.23092491321857,22.095862235384,9.87456941827321,-12.2212928171108,5.37324767735143
homepos,LVA,36,459.023476954155,443.913296470789,-15.110180483366,5.79996115143848,487.867812295556,471.78062523603,-16.087187059526,5.58941672917652,505.475781164138,478.66573464309,-26.8100465210485,5.6285083498269,525.127815114369,483.928438596216,-41.1993765181525,4.93755876201706,28.8443353414011,27.8673287652412,-0.977006576159965,5.40687404744216,46.4523042099832,34.7524381723007,-11.6998660376825,5.39969979231944,66.1043381602135,40.015142125427,-26.0891960347864,5.5074100625254,17.6079688685821,6.88510940705959,-10.7228594615225,5.19515882718901,37.2600028188123,12.1478133601859,-25.1121894586265,5.52772380839154,19.6520339502302,5.26270395312628,-14.389329997104,5.66341478517558
homepos,MEX,36,372.566769375538,388.047740915522,15.480971539984,5.0478556224846,402.569178634569,407.764229228319,5.19505059374973,5.08561003243026,419.33165119696,423.388506289683,4.05685509272251,5.18014856474319,445.257220213947,435.971900465222,-9.28531974872493,6.75084242254512,30.0024092590318,19.7164883127975,-10.2859209462343,4.57436229959411,46.7648818214229,35.3407653741614,-11.4241164472615,5.02894404988383,72.6904508384093,47.9241595497003,-24.7662912887089,7.07557031904647,16.7624725623911,15.6242770613638,-1.13819550102721,4.18057735587405,42.6880415793775,28.2076712369028,-14.4803703424747,6.14209965143724,25.9255690169864,12.583394175539,-13.3421748414474,5.51453098117943
homepos,NLD,36,423.153398741737,442.207353665647,19.0539549239105,7.90887598890269,479.642667162468,490.945926045842,11.3032588833739,8.14681910548912,518.339254069665,505.707107812775,-12.6321462568905,7.18692751500752,540.916294306276,507.200182143236,-33.7161121630405,6.89925702345836,56.489268420731,48.7385723801944,-7.75069604053658,7.09408207824684,95.1858553279281,63.4997541471272,-31.6861011808009,8.33870386351549,117.76289556454,64.9928284775887,-52.7700670869509,8.91024203810853,38.6965869071971,14.7611817669328,-23.9354051402643,7.89946329890956,61.2736271438087,16.2542560973943,-45.0193710464143,8.39847121297757,22.5770402366115,1.49307433046152,-21.08396590615,7.34990480196027
homepos,NOR,36,432.661851166225,446.167951883117,13.506100716892,5.75065439032774,477.842501875082,474.738176087244,-3.10432578783781,5.75294037570549,498.431426479998,490.205559561082,-8.22586691891632,5.77726194476721,511.326614116017,481.189130407851,-30.1374837081661,5.98579403508632,45.1806507088564,28.5702242041265,-16.6104265047298,6.04890108706062,65.7695753137726,44.0376076779642,-21.7319676358084,5.91139029389179,78.6647629497916,35.0211785247334,-43.6435844250581,6.28246285199668,20.5889246049162,15.4673834738377,-5.12154113107852,5.9882059310311,33.4841122409352,6.45095432060691,-27.0331579203283,6.12301811154941,12.895187636019,-9.01642915323077,-21.9116167892498,6.39474162879992
homepos,NZL,36,445.118213475123,469.43592768834,24.317714213217,5.79886658101416,498.322534738377,512.827113493118,14.5045787547408,7.11272293677261,533.115777461109,528.73998578816,-4.37579167294962,5.91945820438422,545.035036794115,539.120249773878,-5.91478702023699,5.66380438342397,53.2043212632547,43.3911858047784,-9.81313545847621,6.53036432909533,87.9975639859866,59.30405809982,-28.6935058861666,6.70950371022932,99.916823318992,69.684322085538,-30.232501233454,6.40820227879904,34.793242722732,15.9128722950416,-18.8803704276904,7.47583650009949,46.7125020557373,26.2931362807595,-20.4193657749778,8.05213973479053,11.9192593330054,10.380263985718,-1.53899534728737,6.61761689639506
homepos,POL,36,453.216183466348,471.486671746601,18.2704882802533,5.77521451954656,490.205586309258,496.382471223131,6.17688491387298,6.19849223665988,520.213914012726,507.990445007971,-12.2234690047549,5.69040416788066,534.503106610451,511.235721048102,-23.2673855623488,6.24555138827796,36.9894028429109,24.8957994765306,-12.0936033663803,5.79473297847595,66.9977305463788,36.5037732613706,-30.4939572850082,5.50577876407691,81.286923144103,39.7490493015009,-41.537873842602,6.50244534710359,30.0083277034679,11.6079737848401,-18.4003539186278,5.70695754401895,44.2975203011921,14.8532498249704,-29.4442704762217,6.22040659460986,14.2891925977242,3.24527604013031,-11.0439165575939,5.72808200575916
homepos,PRT,36,438.776388707873,445.518325136176,6.74193642830323,6.78132679953238,470.803128727612,472.977813002193,2.17468427458158,6.52453613569498,500.705161323025,498.332380079313,-2.37278124371238,6.18038156156853,528.656240469447,513.282876087472,-15.3733643819751,7.05109322809318,32.0267400197388,27.4594878660172,-4.56725215372165,5.06334531150539,61.9287726151525,52.8140549431369,-9.11471767201562,6.53032392491903,89.8798517615738,67.7645509512955,-22.1153008102783,7.73201898916406,29.9020325954136,25.3545670771197,-4.54746551829396,5.58153614587034,57.8531117418349,40.3050630852783,-17.5480486565567,6.93837671422093,27.9510791464213,14.9504960081586,-13.0005831382627,6.5398410501286
homepos,SVK,36,378.80567826149,424.336655671021,45.5309774095313,8.06583694307907,456.748834784554,480.226911856475,23.4780770719206,6.36626530762432,495.866649874805,494.047433867317,-1.81921600748876,6.35938872038367,517.218200023219,504.673464254461,-12.5447357687578,6.53439857761867,77.9431565230644,55.8902561854536,-22.0529003376108,7.08814796030374,117.060971613315,69.7107781962954,-47.3501934170201,8.22124573157373,138.412521761729,80.3368085834402,-58.0757131782892,9.53131366522555,39.1178150902511,13.8205220108418,-25.2972930794093,6.626023148408,60.469365238665,24.4465523979866,-36.0228128406784,7.48713299524981,21.3515501484139,10.6260303871448,-10.7255197612691,6.3562216547432
homepos,SVN,36,449.766651692014,459.59425590592,9.82760421390572,5.73082110089344,495.777402640335,490.910582096563,-4.86682054377172,5.39069270153821,521.022047889041,501.071564990367,-19.9504828986743,5.1586223336954,534.615612315485,491.295628990793,-43.3199833246914,5.01354573101087,46.0107509483208,31.3163261906434,-14.6944247576774,6.58265793660877,71.2553961970274,41.4773090844474,-29.77808711258,6.42598327339529,84.8489606234708,31.7013730848737,-53.1475875385971,6.56469014144772,25.2446452487066,10.160982893804,-15.0836623549026,6.47210574997941,38.83820967515,0.3850468942303,-38.4531627809197,6.25787711081422,13.5935644264434,-9.77593599957368,-23.3695004260171,5.39244417045814
homepos,SWE,36,429.999980825409,451.148761240425,21.1487804150158,6.23409815128485,484.713834646844,491.992500904326,7.27866625748231,6.4977260028912,520.945218951391,505.363427847577,-15.5817911038145,6.17647888760772,542.058506523212,502.442091956198,-39.616414567014,6.32289129667689,54.7138538214352,40.8437396639017,-13.8701141575335,5.96976931065132,90.9452381259823,54.214666607152,-36.7305715188303,6.88568930693149,112.058525697803,51.2933307157736,-60.7651949820298,7.11348811165314,36.2313843045471,13.3709269432503,-22.8604573612968,6.20858826748204,57.3446718763682,10.4495910518719,-46.8950808244964,6.72603040736668,21.1132875718212,-2.92133589137836,-24.0346234631995,6.10077847827615
homepos,TUR,36,428.505436235256,459.028107619425,30.5226713841688,5.62301700708359,469.758190294782,493.159973598793,23.4017833040116,5.55878442947862,490.526358316603,509.132622445614,18.606264129011,5.26431062967927,515.1834051744,517.003467586162,1.82006241176248,6.5543862853855,41.2527540595254,34.1318659793682,-7.12088808015722,5.65063097112941,62.0209220813463,50.1045148261886,-11.9164072551578,5.6979508091825,86.6779689391434,57.9753599667371,-28.7026089724063,7.35638714878727,20.7681680218209,15.9726488468203,-4.79551917500055,5.01371696735469,45.425214879618,23.8434939873688,-21.5817208922491,7.00848326085154,24.6570468577971,7.87084514054851,-16.7862017172486,6.33285535764776
homepos,USA,36,448.102892080344,456.161364388289,8.05847230794473,10.1009298520882,481.119229318402,497.324678545813,16.2054492274102,10.8568883899082,517.50317089822,517.102709513869,-0.400461384351729,12.8243960483485,552.333597851329,533.656525689201,-18.6770721621285,14.5123222793562,33.0163372380584,41.1633141575239,8.14697691946549,11.8293882063867,69.4002788178764,60.9413451255799,-8.45893369229646,12.257115820428,104.230705770986,77.4951613009123,-26.7355444700733,14.9812971064862,36.3839415798179,19.778030968056,-16.6059106117619,13.2914489234847,71.2143685329271,36.3318471433884,-34.8825213895387,11.8442945825986,34.8304269531092,16.5538161753324,-18.2766107777768,13.318476461009
homepos,OECD,36,435.423134815188,451.09626872661,15.6731339114216,3.25901448273778,478.98016689362,484.86092370246,5.88075680883998,3.24731850537843,506.611784906348,500.004274588407,-6.60751031794138,3.24533779651564,528.98147773419,505.744105690219,-23.2373720439711,3.26355721825794,43.5570320784322,33.7646549758505,-9.79237710258167,1.04889619851697,71.1886500911604,48.9080058617974,-22.280644229363,1.13505382579084,93.5583429190024,54.6478369636097,-38.9105059553927,1.24424050955485,27.6316180127282,15.1433508859469,-12.4882671267814,1.04630681905065,50.0013108405702,20.8831819877591,-29.118128852811,1.10960506963175,22.369692827842,5.73983110181229,-16.6298617260297,1.05064967123655
homepos,OECD35,35,435.231298842652,451.074194843643,15.8428960009913,3.26500685610733,479.031512717921,485.014968863082,5.98345614516086,3.2534390736997,506.790394273355,500.319817350733,-6.47057692262177,3.25137055236871,529.21184714707,505.974226694131,-23.2376204529391,3.27061226215151,43.8002138752697,33.9407740194392,-9.85943985583049,1.07192709262665,71.559095430703,49.2456225070899,-22.3134729236131,1.16123872547638,93.9805483044179,54.9000318504874,-39.0805164539304,1.27219089745777,27.7588815554333,15.3048484876506,-12.4540330677826,1.07222504535344,50.1803344291482,20.9592578310482,-29.2210765981,1.13660130087421,22.4214528737149,5.65440934339756,-16.7670435303173,1.0766025343172
homepos_h,AUS,36,469.828698595455,476.541555394449,6.71285679899387,5.49711910103762,507.888932883845,512.434328412142,4.54539552829772,5.07892138652149,525.72970770467,528.206294864995,2.4765871603247,4.9379439130622,530.133533958122,527.821500290765,-2.31203366735713,5.02525579481164,38.0602342883893,35.8927730176931,-2.16746127069615,4.95748296017134,55.901009109215,51.6647394705458,-4.23626963866917,5.23980524883429,60.3048353626667,51.2799448963157,-9.024890466351,5.60261186203662,17.8407748208257,15.7719664528527,-2.06880836797302,4.67667077567007,22.2446010742774,15.3871718786226,-6.85742919565485,4.65571872515908,4.40382625345171,-0.384794574230114,-4.78862082768183,4.69522621320691
homepos_h,AUT,36,430.726129631563,447.130167961942,16.404038330379,6.77020624405847,488.698003576377,496.520297320671,7.82229374429369,6.46952876223928,521.963221225595,520.513132475721,-1.45008874987457,5.8124935449963,528.486509565891,525.946206750126,-2.54030281576536,5.63605048651401,57.9718739448143,49.390129358729,-8.58174458608528,5.97425454570707,91.2370915940326,73.382964513779,-17.8541270802535,6.36157927818175,97.7603799343289,78.8160387881845,-18.9443411461443,7.18066686955251,33.2652176492183,23.99283515505,-9.27238249416826,5.83761812594911,39.7885059895146,29.4259094294555,-10.362596560059,6.4252654931923,6.52328834029629,5.4330742744055,-1.09021406589079,5.4456199416808
homepos_h,BEL,36,435.174514809324,443.200683703192,8.02616889386792,7.06855470421607,489.435510301551,487.809026930504,-1.62648337104685,6.06760533846158,512.819442353877,513.227807352908,0.408364999030709,5.72340969515171,526.41367361979,525.008146466984,-1.40552715280546,5.89289747018647,54.2609954922261,44.6083432273114,-9.65265226491476,5.75794705004907,77.6449275445531,70.0271236497159,-7.61780389483721,7.06844609135111,91.2391588104654,81.807462763792,-9.43169604667338,7.70963509567317,23.3839320523269,25.4187804224045,2.03484837007755,5.52209622263081,36.9781633182392,37.1991195364806,0.220956218241383,6.07882220469754,13.5942312659123,11.7803391140761,-1.81389215183617,5.58409631469674
homepos_h,CAN,36,485.221894225581,480.663406176878,-4.5584880487026,5.04343169213272,514.466120061873,512.676421155574,-1.7896989062989,4.87462864843362,531.94682068399,530.039791286706,-1.90702939728385,4.75392798961714,534.116152138652,528.710788060936,-5.40536407771629,5.37826296352615,29.2442258362928,32.0130149786965,2.76878914240371,4.06878763627686,46.7249264584094,49.3763851098282,2.65145865141875,4.7354195806905,48.8942579130716,48.0473818840579,-0.846876029013686,5.73529692543214,17.4807006221166,17.3633701311317,-0.117330490984955,4.06038894063979,19.6500320767788,16.0343669053614,-3.61566517141739,4.98634734590174,2.16933145466214,-1.32900322577029,-3.49833468043244,4.55317250771359
homepos_h,CHE,36,454.50908059727,457.151570391713,2.64248979444375,6.03532972149821,492.583984673658,499.269347540456,6.68536286679876,5.69305266423389,520.796521539488,523.293031398526,2.49650985903736,6.05030164585684,543.235144826312,530.624145302162,-12.61099952415,5.98055129258626,38.0749040763881,42.1177771487431,4.04287307235501,5.61276480067242,66.2874409422186,66.1414610068122,-0.145979935406388,6.4821279011605,88.7260642290427,73.472574910449,-15.2534893185937,6.83913165715079,28.2125368658305,24.0236838580691,-4.1888530077614,5.50435582996316,50.6511601526547,31.3547977617059,-19.2963623909487,5.88795994870303,22.4386232868242,7.33111390363683,-15.1075093831873,6.28120551551754
homepos_h,CHL,36,410.882074330931,408.828432103806,-2.05364222712535,5.69659311393364,439.693501720543,436.004107585725,-3.68939413481758,6.3976509849282,456.195815069399,453.034125429813,-3.16168963958563,5.97813711914438,477.709523375766,483.500685867201,5.79116249143522,5.72629554366495,28.8114273896115,27.1756754819193,-1.63575190769222,5.78927127816023,45.3137407384673,44.205693326007,-1.10804741246028,6.12071896113639,66.8274490448342,74.6722537633948,7.84480471856057,6.08622004677237,16.5023133488558,17.0300178440878,0.527704495231944,6.26941420982884,38.0160216552227,47.4965782814755,9.48055662625279,6.09421212591488,21.5137083063669,30.4665604373878,8.95285213102085,5.92243208827382
homepos_h,COL,36,376.283105913013,378.78701094223,2.50390502921738,5.72035705055844,395.856599380196,399.808377822288,3.95177844209172,6.03406295283379,422.858937534985,428.153729440023,5.29479190503787,7.71366211090688,462.480002117493,463.943709743598,1.46370762610457,8.53415534174903,19.5734934671836,21.0213668800579,1.44787341287434,5.76285415864417,46.5758316219727,49.3667184977932,2.79088687582049,7.57760757127058,86.1968962044802,85.1566988013674,-1.04019740311281,9.14563679378575,27.0023381547891,28.3453516177352,1.34301346294615,5.96074768572189,66.6234027372966,64.1353319213095,-2.48807081598716,8.14499122586075,39.6210645825075,35.7899803035742,-3.8310842789333,7.0923060242005
homepos_h,CZE,36,448.296400360464,445.655011197461,-2.64138916300323,6.20452545741496,496.405874085831,491.525909463156,-4.87996462267489,5.8327753660376,518.05321123389,504.775402908495,-13.2778083253947,5.60218982162551,528.003204772827,520.251806260019,-7.7513985128071,5.85358300287612,48.1094737253668,45.8708982656951,-2.23857545967167,5.22075883515496,69.7568108734258,59.1203917110343,-10.6364191623915,6.28760327542308,79.7068044123624,74.5967950625586,-5.11000934980388,7.03741207820513,21.647337148059,13.2494934453392,-8.39784370271985,5.23086020161134,31.5973306869956,28.7258967968634,-2.87143389013221,5.6369099149718,9.94999353893661,15.4764033515243,5.52640981258764,5.36412480764293
homepos_h,DEU,36,440.266117415776,426.581524926512,-13.6845924892642,8.18465172287985,491.511331172794,484.626609074112,-6.88472209868161,7.95561360444106,520.628820652353,521.138963121973,0.510142469619723,6.80482348599747,536.787540660817,539.262575882561,2.4750352217435,6.35250330641276,51.2452137570184,58.045084147601,6.79987039058256,7.20819100867368,80.3627032365772,94.5574381954611,14.1947349588839,7.66178947906262,96.5214232450418,112.681050956049,16.1596277110077,8.45360421459403,29.1174894795588,36.5123540478601,7.39486456830133,6.95967062360846,45.2762094880234,54.6359668084485,9.3597573204251,7.84275920288748,16.1587200084646,18.1236127605883,1.96489275212377,6.34628791015623
homepos_h,DNK,36,463.020529511822,442.940612305619,-20.0799172062031,6.71070479468076,495.376210832921,482.886037436785,-12.4901733961358,6.13061856606817,510.354755943235,496.32905004523,-14.0257058980051,6.24021946974524,508.593752067248,493.854701662646,-14.7390504046019,6.43696327123521,32.3556813210992,39.9454251311664,7.58974381006726,6.91402001898722,47.3342264314126,53.3884377396106,6.05421130819804,6.85787492107747,45.5732225554257,50.9140893570269,5.34086680160118,7.03098256073995,14.9785451103134,13.4430126084442,-1.53553250186923,6.67870725063664,13.2175412343265,10.9686642258604,-2.24887700846608,7.59819194544976,-1.76100387598689,-2.47434838258374,-0.713344506596854,7.29402428688948
homepos_h,ESP,36,451.29286183577,443.957098799226,-7.33576303654348,5.29714135979016,480.814783961677,474.908842207661,-5.90594175401611,4.68561063103881,499.258992899391,492.46209612762,-6.79689677177174,4.57514634531411,509.882712777221,508.072707409158,-1.81000536806317,4.48509117164077,29.5219221259074,30.9517434084348,1.42982128252737,4.85075449173314,47.9661310636215,48.5049973283932,0.538866264771741,4.63097606717888,58.5898509414517,64.115608609932,5.52575766848031,5.18801732433318,18.4442089377141,17.5532539199584,-0.89095501775563,3.36028046886871,29.0679288155443,33.1638652014972,4.09593638595294,3.66460111965105,10.6237198778302,15.6106112815388,4.98689140370857,3.77900350722828
homepos_h,EST,36,495.104184941399,499.637408732037,4.53322379063758,5.35479753186828,522.439006426951,526.119388337424,3.68038191047265,5.37934027714827,537.85795902463,538.972415380345,1.11445635571556,5.39790627844991,549.619616074547,547.103355957014,-2.51626011753331,5.88426222131067,27.3348214855516,26.4819796053866,-0.852841880164931,4.70992343007714,42.7537740832303,39.3350066483083,-3.41876743492202,5.46211552982095,54.5154311331475,47.4659472249766,-7.04948390817089,5.87129960742357,15.4189525976788,12.8530270429217,-2.56592555475709,5.39401536828708,27.1806096475959,20.98396761959,-6.19664202800595,5.55446302122378,11.7616570499172,8.13094057666831,-3.63071647324887,5.14997954993139
homepos_h,FIN,36,479.057496822813,483.106472348159,4.04897552534572,5.5777845867408,513.650263047591,507.286566212974,-6.36369683461624,5.22063757554044,526.473331486588,519.551892076019,-6.92143941056906,5.57061763276844,529.110359431673,520.357608939758,-8.75275049191464,5.82230038187138,34.5927662247773,24.1800938648153,-10.412672359962,4.93871995655628,47.4158346637747,36.4454197278599,-10.9704149359148,4.79522712585303,50.0528626088596,37.2511365915993,-12.8017260172604,5.37380447542347,12.8230684389974,12.2653258630446,-0.55774257595283,5.02059682518935,15.4600963840824,13.071042726784,-2.3890536572984,5.07266692734243,2.63702794508492,0.805716863739349,-1.83131108134558,5.6997189202592
homepos_h,FRA,36,434.019869478987,436.835891073461,2.81602159447357,6.92453040535923,479.709875420072,480.348485932209,0.638610512136779,6.25993944484895,507.372844764743,500.927898958578,-6.44494580616475,6.29736277420506,531.288167761634,527.981212557803,-3.30695520383097,6.38132541822601,45.6900059410847,43.5125948587479,-2.17741108233679,6.34608580718703,73.3529752857551,64.0920078851168,-9.26096740063832,6.94814224163239,97.2682982826468,91.1453214843423,-6.12297679830454,7.51391355712209,27.6629693446703,20.5794130263688,-7.08355631830153,5.17359730652339,51.5782923415621,47.6327266255943,-3.94556571596775,5.62930057887096,23.9153229968917,27.0533135992255,3.13799060233379,5.98207245021402
homepos_h,GBR,36,466.779721695365,477.392761514663,10.6130398192979,6.56738558147781,495.564978159892,511.283250470104,15.7182723102121,6.09623816970983,515.070534321532,523.709534825346,8.6390005038138,6.13474203707987,535.844551023152,543.091914556365,7.24736353321327,6.60034921497213,28.7852564645272,33.8904889554414,5.1052324909142,7.32519071608086,48.2908126261679,46.3167733106837,-1.97403931548411,6.9447140177087,69.0648293277872,65.6991530417025,-3.36567628608464,8.34739440879651,19.5055561616407,12.4262843552424,-7.07927180639831,6.35993299664957,40.27957286326,31.8086640862612,-8.47090877699884,7.33423008295002,20.7740167016193,19.3823797310188,-1.39163697060053,6.51802100898477
homepos_h,GRC,36,410.212857390769,406.188518991104,-4.02433839966517,6.00402904424167,442.037456869415,437.23841179538,-4.79904507403518,6.48833526344412,455.561163014537,451.454245046398,-4.10691796813893,6.15575537617961,458.723377945309,450.746854638431,-7.97652330687811,6.74446645275527,31.8245994786464,31.0498928042763,-0.774706674370009,6.43441501457297,45.3483056237681,45.2657260552944,-0.0825795684737614,6.42227575464131,48.5105205545397,44.5583356473268,-3.95218490721294,6.85497393409839,13.5237061451218,14.215833251018,0.692127105896248,6.00871597194858,16.6859210758934,13.5084428430504,-3.17747823284293,6.4630933337759,3.1622149307716,-0.70739040796758,-3.86960533873918,5.90526791528955
homepos_h,HUN,36,430.437862165069,429.171168487329,-1.26669367773997,6.96798626849597,482.787347210564,477.900121694246,-4.88722551631781,6.00473433104062,508.215958437732,498.568148160446,-9.64781027728611,5.46321820547984,526.74267575384,519.354204005767,-7.38847174807279,6.43558972581119,52.3494850454945,48.7289532069166,-3.62053183857785,6.28697104909901,77.7780962726628,69.3969796731167,-8.38111659954615,7.37901836864552,96.3048135887703,90.1830355184375,-6.12177807033282,7.90118357986848,25.4286112271683,20.6680264662,-4.7605847609683,5.68950327063477,43.9553285432758,41.4540823115208,-2.50124623175498,6.10701022619399,18.5267173161075,20.7860558453208,2.25933852921332,5.29644427714933
homepos_h,IRL,36,472.758066639181,466.02142379845,-6.73664284073124,6.54704258499451,499.425097878072,498.382621262994,-1.04247661507765,5.12618644827827,518.760401228999,514.818532627511,-3.94186860148841,5.58020407829261,527.724876540031,522.454728675508,-5.27014786452321,5.19457520649703,26.6670312388905,32.3611974645441,5.69416622565359,5.81735306782402,46.0023345898181,48.797108829061,2.79477423924283,6.35078295272554,54.9668099008502,56.4333048770582,1.46649497620803,6.66790959503844,19.3353033509276,16.4359113645169,-2.89939198641076,5.14666349783232,28.2997786619597,24.0721074125141,-4.22767124944556,5.12846573794654,8.96447531103206,7.63619604799726,-1.3282792630348,5.17908915988125
homepos_h,ISL,36,420.201051584277,410.277635116234,-9.92341646804306,5.81531927265982,452.686191656503,448.593414530292,-4.09277712621042,5.66336454704115,456.660916019391,457.448101472841,0.787185453449695,5.52234797709662,460.589553443662,459.558055468244,-1.03149797541823,6.01531118487063,32.4851400722258,38.3157794140584,5.83063934183264,7.13899970668436,36.4598644351143,47.1704663566071,10.7106019214928,6.71868380380611,40.3885018593853,49.2804203520101,8.89191849262483,6.91510340385368,3.97472436288854,8.85468694254865,4.87996257966012,6.66824961988648,7.90336178715955,10.9646409379517,3.06127915079219,6.79733146196422,3.92863742427102,2.10995399540309,-1.81868342886793,6.72084132576901
homepos_h,ISR,36,418.298139187364,403.305456550551,-14.9926826368127,7.30936113345347,470.337826678447,449.696385098902,-20.6414415795451,7.54226008323739,495.745621557018,471.958508317728,-23.7871132392909,7.07552607815569,499.807091595226,480.704780317054,-19.1023112781717,7.4475140323684,52.0396874910829,46.3909285483505,-5.64875894273246,6.96355164701615,77.4474823696543,68.653051767176,-8.79443060247826,7.07101680702823,81.5089524078619,77.3993237665029,-4.109628641359,7.79272276175632,25.4077948785713,22.2621232188255,-3.1456716597458,6.71300401763108,29.469264916779,31.0083952181524,1.53913030137346,7.44450826066784,4.06147003820763,8.74627199932689,4.68480196111926,7.28369951422997
homepos_h,ITA,36,440.631923790924,440.723256232131,0.0913324412072711,5.92581475419232,469.96739381349,480.526998331257,10.5596045177666,5.97062660326744,494.536579507954,500.70309012943,6.16651062147537,6.02517404023825,507.764465880583,512.474922729208,4.71045684862463,6.3755642876772,29.3354700225667,39.803742099126,10.4682720765593,5.36443630501003,53.9046557170305,59.9798338972986,6.0751781802681,5.5220307286384,67.1325420896594,71.7516664970768,4.61912440741736,6.59259089888978,24.5691856944638,20.1760917981726,-4.39309389629125,5.1689094724836,37.7970720670928,31.9479243979508,-5.84914766914199,5.47762814580132,13.2278863726289,11.7718325997782,-1.45605377285074,5.03930598717404
homepos_h,JPN,36,517.827099651015,507.358850165315,-10.4682494856998,8.11143855756118,548.168090500244,543.513926089588,-4.65416441065634,6.48252014623418,559.436409405022,550.524116117515,-8.91229328750706,6.03809294795814,563.423549040683,557.06087400376,-6.36267503692329,6.88671120269729,30.3409908492298,36.1550759242733,5.81408507504347,7.29903465077416,41.6093097540074,43.1652659522002,1.55595619819275,6.96798440745516,45.5964493896688,49.7020238384453,4.10557444877651,8.25177012795787,11.2683189047776,7.01019002792691,-4.25812887685072,5.88509734461523,15.255458540439,13.5469479141721,-1.70851062626696,6.39510800715164,3.98713963566138,6.53675788624514,2.54961825058376,5.12848808916664
homepos_h,KOR,36,492.173180196324,495.040570561539,2.86739036521476,8.11983589288054,524.95147443173,527.696678552324,2.74520412059348,7.50196524155001,543.775216237718,538.387811531707,-5.38740470601124,6.85571340975993,554.948618169816,550.126602512828,-4.8220156569887,7.46096606296553,32.7782942354065,32.6561079907853,-0.122186244621275,7.2932424183204,51.6020360413938,43.3472409701678,-8.254795071226,8.32399576675357,62.7754379734923,55.0860319512889,-7.68940602220346,8.96904373448593,18.8237418059873,10.6911329793826,-8.13260882660472,8.14443313815072,29.9971437380858,22.4299239605036,-7.56721977758218,6.55008467767122,11.1734019320985,11.738790981121,0.565389049022542,7.90988016418303
homepos_h,LTU,36,451.790436483881,458.440118792385,6.64968230850451,5.42565310615375,485.089373140175,487.591482627344,2.50210948716881,5.36430408583242,497.1522378359,499.488020499515,2.33578266361502,5.12053279270564,509.101847648743,509.168432352541,0.0665847037985259,5.71125076208308,33.2989366562945,29.1513638349588,-4.1475728213357,5.3409350366668,45.361801352019,41.0479017071295,-4.31389964488949,5.40241656526451,57.311411164862,50.728313560156,-6.58309760470598,5.56274109384843,12.0628646957246,11.8965378721708,-0.166326823553788,5.51979155821005,24.0124745085676,21.5769497251973,-2.43552478337028,5.86437072614897,11.949609812843,9.6804118530265,-2.2691979598165,5.42050402756875
homepos_h,LVA,36,468.29908204767,436.776723215137,-31.5223588325328,5.56459057366504,492.369692787256,471.328940915856,-21.0407518714002,5.39256386575239,502.056607163833,482.244729303764,-19.8118778600692,5.63918907561382,515.234478817315,488.864896326457,-26.3695824908579,5.20391601059462,24.0706107395866,34.5522177007192,10.4816069611326,5.14409269851684,33.7575251161633,45.468006088627,11.7104809724636,5.29132509562986,46.9353967696453,52.0881731113203,5.15277634167495,5.36466274186407,9.68691437657674,10.9157883879078,1.22887401133102,5.19814603489027,22.8647860300587,17.5359554106011,-5.32883061945768,5.42842241713537,13.177871653482,6.6201670226933,-6.55770463078869,5.70656538246743
homepos_h,MEX,36,379.954023516321,386.193414538173,6.2393910218517,5.05690607912162,404.75874411336,408.41863250308,3.65988838971992,5.1143673659032,418.993508036857,423.498643643248,4.50513560639109,5.60474244086961,440.291289494746,439.287111136134,-1.00417835861202,6.47613552314443,24.8047205970393,22.2252179649075,-2.57950263213178,4.86243962189692,39.0394845205359,37.3052291050753,-1.73425541546061,5.30912954555777,60.3372659784245,53.0936965979608,-7.24356938046373,6.90736127263612,14.2347639234966,15.0800111401678,0.845247216671169,4.43031238098418,35.5325453813853,30.8684786330533,-4.66406674833195,6.29503856121971,21.2977814578886,15.7884674928855,-5.50931396500312,5.4684172126332
homepos_h,NLD,36,431.122502941828,456.523772856321,25.4012699144926,8.95303653447746,494.448112887492,495.638490686828,1.19037779933615,6.66903268743902,517.064408833658,508.198011532211,-8.86639730144714,6.536491337584,520.640269720157,511.401795813329,-9.23847390682806,7.10961229636168,63.3256099456633,39.1147178305068,-24.2108921151564,7.31878269076073,85.94190589183,51.6742386758903,-34.2676672159397,8.30021191427444,89.517766778329,54.8780229570084,-34.6397438213206,9.28658450706153,22.6162959461668,12.5595208453835,-10.0567751007833,6.43280782116376,26.1921568326657,15.7633051265015,-10.4288517061642,6.97794303421012,3.57586088649896,3.20378428111803,-0.372076605380926,6.94013332957985
homepos_h,NOR,36,444.280744391231,440.802687993447,-3.4780563977838,6.33531916195316,481.682612884995,474.130045579426,-7.55256730556977,5.88120663045006,499.849916354313,491.01362178218,-8.83629457213357,5.74585819129499,495.744689380252,488.154710158328,-7.58997922192424,5.86984303292944,37.4018684937643,33.3273575859783,-4.07451090778596,7.18184225896073,55.5691719630822,50.2109337887324,-5.35823817434977,6.18274492154335,51.4639449890207,47.3520221648803,-4.11192282414044,7.00525076088746,18.1673034693179,16.8835762027541,-1.2837272665638,6.04409512035194,14.0620764952565,14.024664578902,-0.0374119163544719,6.10749454960046,-4.10522697406145,-2.85891162385212,1.24631535020933,6.31191824301465
homepos_h,NZL,36,457.208595364925,469.380401258985,12.1718058940597,6.68186276413197,510.061909707186,507.129280859847,-2.93262884733963,6.27051589652405,525.104630370044,532.324474412295,7.21984404225088,5.86881370131692,532.698429062963,542.803952758309,10.1055236953468,5.74616220919396,52.8533143422614,37.748879600862,-15.1044347413994,6.6592912759971,67.896035005119,62.9440731533101,-4.95196185180885,7.50272736527396,75.4898336980377,73.4235514993249,-2.06628219871288,7.20241919945091,15.0427206628576,25.1951935524481,10.1524728895905,6.66883218408171,22.6365193557763,35.6746718984628,13.0381525426865,7.03776392149394,7.59379869291877,10.4794783460147,2.88567965309596,7.08455915192249
homepos_h,POL,36,463.950207068502,467.675707658655,3.72550059015271,5.99057914968974,500.390297393233,494.477607418123,-5.91268997511008,5.82203837271016,515.129881702714,509.231287070074,-5.89859463264071,6.01366731411614,519.256255605258,518.086438220974,-1.16981738428387,6.23453693380035,36.4400903247312,26.8018997594684,-9.63819056526279,5.85962378725803,51.1796746342121,41.5555794114187,-9.62409522279341,6.07241086622537,55.3060485367557,50.4107305623192,-4.89531797443658,6.62447549984496,14.739584309481,14.7536796519503,0.0140953424693748,5.73645471072545,18.8659582120246,23.6088308028508,4.74287259082621,6.33187029047786,4.12637390254361,8.85515115090044,4.72877724835684,6.04464455308385
homepos_h,PRT,36,444.238175444134,443.037346829084,-1.20082861505011,6.51828000470876,477.214928248246,473.660576855006,-3.5543513932393,6.80802092505294,499.727273842903,498.656865791258,-1.0704080516449,6.56207300978163,518.927274323312,515.371060037468,-3.55621428584334,6.14113474472556,32.976752804112,30.6232300259229,-2.35352277818919,5.73505225929007,55.4890983987696,55.6195189621748,0.13042056340521,6.35430213125381,74.689098879178,72.3337132083848,-2.35538567079323,6.79467775700854,22.5123455946575,24.9962889362519,2.4839433415944,5.59966357799989,41.712346075066,41.7104831824619,-0.00186289260403782,6.50769559568346,19.2000004804085,16.71419424621,-2.48580623419844,5.49667871932372
homepos_h,SVK,36,399.951022298897,424.890442036589,24.9394197376918,7.54839573738746,466.360248090922,478.797090136479,12.4368420455562,6.35934609149325,491.458958556663,495.276952062792,3.81799350612926,5.89366488468496,504.422053613073,512.5462452349,8.1241916218263,6.41228319403628,66.4092257920249,53.9066480998894,-12.5025776921356,6.7350280490112,91.5079362577656,70.3865100262031,-21.1214262315625,7.85672994389719,104.471031314176,87.6558031983105,-16.8152281158655,9.02258847842018,25.0987104657406,16.4798619263137,-8.61884853942695,5.75067246147424,38.0618055221511,33.7491550984212,-4.31265042372991,6.89886528958519,12.9630950564105,17.2692931721075,4.30619811569704,5.92034068718886
homepos_h,SVN,36,463.737742616044,446.106395708554,-17.6313469074906,5.66125922588086,505.840519690698,491.15007658547,-14.6904431052274,5.29058899634091,514.871378642369,504.685011569508,-10.1863670728613,5.29363567445112,517.344314397891,504.192652486206,-13.1516619116846,5.21654973094434,42.1027770746533,45.0436808769165,2.94090380226322,6.15897526216804,51.133636026325,58.5786158609542,7.44497983462924,7.00919705208334,53.6065717818466,58.0862567776526,4.47968499580594,6.24097552904832,9.03085895167163,13.5349349840376,4.50407603236602,5.87710926534659,11.5037947071933,13.042575900736,1.53878119354272,6.41247974241157,2.47293575552169,-0.492359083301608,-2.9652948388233,6.4795098439917
homepos_h,SWE,36,441.665644531497,442.311368327986,0.645723796489108,6.01512170947016,495.283549633214,490.69528111127,-4.58826852194403,6.47861849533905,518.800328215,511.193403930538,-7.60692428446129,6.37485139353664,524.950129698046,509.579518542025,-15.3706111560207,6.44330230908626,53.6179051017168,48.3839127832837,-5.23399231843314,6.01751407034965,77.1346836835026,68.8820356025522,-8.25264808095039,6.82422191927946,83.2844851665486,67.2681502140387,-16.0163349525099,7.4334032505083,23.5167785817858,20.4981228192685,-3.01865576251726,6.54814212748307,29.6665800648318,18.884237430755,-10.7823426340767,6.58238315347112,6.14980148304596,-1.6138853885135,-7.76368687155946,6.31860712607087
homepos_h,TUR,36,438.159299153725,454.083383056413,15.9240839026884,5.7711881358937,469.648929716446,486.136867243649,16.4879375272038,5.47365728826304,488.430709025303,511.739016368474,23.3083073431712,5.12374453733895,508.659757358997,527.470288583491,18.8105312244943,6.81273085089523,31.4896305627207,32.0534841872361,0.563853624515389,5.45787981098994,50.2714098715783,57.6556333120611,7.3842234404828,5.654008814483,70.5004582052717,73.3869055270776,2.88644732180592,7.8557787301511,18.7817793088576,25.602149124825,6.82036981596741,4.8269141260249,39.010827642551,41.3334213398416,2.32259369729053,7.4468195581071,20.2290483336934,15.7312722150165,-4.49777611867688,6.43608752801943
homepos_h,USA,36,454.161223844924,453.866536322729,-0.294687522194806,8.53254095590001,482.660317194098,492.960816310317,10.3004991162196,11.4149600844732,522.612918605568,518.547370138721,-4.06554846684708,13.6897868472951,541.532620285996,541.007544448795,-0.52507583720103,14.9008924618852,28.4990933491741,39.0942799875886,10.5951866384144,10.3459193543671,68.4516947606442,64.6808338159919,-3.77086094465227,12.9060659912281,87.3713964410723,87.1410081260661,-0.230388315006223,15.8562372820957,39.95260141147,25.5865538284033,-14.3660475830667,11.2013713485272,58.8723030918982,48.0467281384775,-10.8255749534206,13.4188036269026,18.9197016804282,22.4601743100742,3.54047262964605,15.6729543801959
homepos_h,OECD,36,446.70893223539,446.849577390791,0.140645155400591,3.25824944703428,485.007363617543,483.86585394693,-1.14150967061374,3.24440969975874,504.759053861996,501.785975755568,-2.97307810642826,3.24529785348718,516.117557276307,512.387409282135,-3.73014799417183,3.26418756647675,38.2984313821535,37.0162765561392,-1.28215482601433,1.03950030639204,58.0501216266064,54.9363983647775,-3.11372326182885,1.12996462875379,69.4086250409167,65.5378318913443,-3.87079314957242,1.25996439486403,19.7516902444528,17.9201218086383,-1.83156843581452,1.00018371577245,31.1101936587632,28.5215553352051,-2.58863832355809,1.1038809770027,11.3585034143103,10.6014335265668,-0.757069887743569,1.07773076540252
homepos_h,OECD35,35,446.577962818236,446.932219636264,0.354256818027466,3.26401024187756,485.127151607711,484.121768568052,-1.00538303965942,3.25015924704206,504.916198460928,502.052372316367,-2.8638261445613,3.25122563746051,516.295695690566,512.510686478506,-3.78500921206057,3.27127242985547,38.5491887894748,37.189548931788,-1.35963985768689,1.06017984242523,58.3382356426916,55.1201526801028,-3.21808296258877,1.15469330191477,69.71773287233,65.5784668422419,-4.13926603008804,1.28745843423603,19.7890468532167,17.9306037483149,-1.85844310490188,1.0242706714156,31.1685440828551,28.388917910454,-2.77962617240115,1.13058253382511,11.3794972296384,10.4583141621391,-0.921183067499271,1.1032522614137
books_h,AUS,36,454.064278151727,460.411066076383,6.34678792465576,5.03961084000038,504.742822325103,508.952864415494,4.21004209039126,4.86789481529831,521.308414238737,526.213762856286,4.90534861754907,4.9867235305154,553.060621881806,549.650613459347,-3.41000842245853,5.15757502833534,50.6785441733757,48.5417983391112,-2.1367458342645,4.6018287132756,67.2441360870103,65.8026967799036,-1.44143930710669,4.52592458264154,98.9963437300789,89.2395473829646,-9.75679634711429,5.16506345923664,16.5655919136347,17.2608984407925,0.695306527157811,4.29100226987768,48.3177995567032,40.6977490438534,-7.62005051284979,4.78830719804051,31.7522076430686,23.436850603061,-8.3153570400076,4.38091012802285
books_h,AUT,36,422.980775064015,429.540735140395,6.55996007638009,6.29431708867648,485.392773550506,493.684524903972,8.29175135346605,6.78137124610511,513.673196796495,519.982015069836,6.30881827334065,5.51869696897134,546.69443944874,546.33023022251,-0.364209226229718,6.02242998893668,62.411998486491,64.143789763577,1.73179127708596,6.01616452757213,90.6924217324803,90.4412799294409,-0.251141803039445,6.13691476024028,123.713664384725,116.789495082115,-6.92416930260981,6.38029780322288,28.2804232459893,26.2974901658639,-1.98293308012541,6.07737217874252,61.3016658982339,52.6457053185382,-8.65596057969577,6.60733053089414,33.0212426522446,26.3482151526742,-6.67302749957037,5.67013917711394
books_h,BEL,36,424.90232055316,428.6192701201,3.71694956694051,6.83224936525479,484.749435370696,485.280991552495,0.531556181798919,6.54410455560683,514.69946214374,513.285528579361,-1.41393356437891,5.89000167229994,539.515763008277,539.213167065606,-0.302595942671701,5.80345397422519,59.8471148175368,56.6617214323952,-3.18539338514159,6.26461669460007,89.7971415905806,84.6662584592612,-5.13088313131942,6.640233154151,114.613442455118,110.593896945505,-4.01954550961221,6.98200207406311,29.9500267730438,28.0045370268659,-1.94548974617783,6.52929329586822,54.7663276375807,53.9321755131101,-0.83415212447062,6.48378856856669,24.816300864537,25.9276384862442,1.11133762170721,5.70051503819494
books_h,CAN,36,472.301335588256,471.647098847414,-0.654236740841839,4.85687322844048,514.496477126457,507.243426120379,-7.25305100607739,4.66749139023265,531.424164942278,528.316531720487,-3.10763322179116,4.75551388481801,548.229744469962,543.896438095194,-4.33330637476797,5.09873204075981,42.1951415382007,35.5963272729652,-6.59881426523555,4.01271113260515,59.1228293540225,56.6694328730732,-2.45339648094932,4.22058980169331,75.9284088817062,72.24933924778,-3.67906963392613,4.7079994352116,16.9276878158217,21.073105600108,4.14541778428622,3.96890123962333,33.7332673435054,36.6530119748148,2.91974463130941,4.33458103579376,16.8055795276837,15.5799063747069,-1.22567315297681,4.30239730656552
books_h,CHE,36,438.900388933113,438.900822229836,0.000433296722917476,5.51953387609492,495.532439497032,494.127958300667,-1.40448119636454,6.18674438408756,520.800781520757,523.059467834342,2.25868631358514,5.80823702879616,555.961341311254,553.943461455204,-2.01787985605006,6.21777260096332,56.632050563919,55.2271360708315,-1.40491449308746,5.43913141990765,81.9003925876435,84.1586456045058,2.25825301686223,5.91921283310566,117.060952378141,115.042639225368,-2.01831315277298,6.79523572168248,25.2683420237245,28.9315095336742,3.66316750994969,5.20625803500027,60.4289018142225,59.815503154537,-0.613398659685515,6.46261545451464,35.1605597904979,30.8839936208627,-4.2765661696352,6.27237736896315
books_h,CHL,36,404.857471315694,410.023937966824,5.16646665113024,6.12253924681394,430.745731545084,432.60653438183,1.86080283674693,5.92204368100314,457.047864056521,454.669398255332,-2.37846580118895,5.95204967727578,489.997507925976,481.455215963943,-8.54229196203352,5.54353591684362,25.8882602293893,22.582596415006,-3.30566381438331,5.86082891631111,52.1903927408268,44.6454602885077,-7.54493245231919,6.41647899483534,85.1400366102821,71.4312779971183,-13.7087586131638,6.10282765292617,26.3021325114376,22.0628638735017,-4.23926863793588,5.90308449351194,59.2517763808928,48.8486815821124,-10.4030947987804,5.24096894273739,32.9496438694553,26.7858177086107,-6.16382616084457,5.46916859994424
books_h,COL,36,378.255077116684,379.438949741552,1.18387262486874,5.97522140145311,398.280877090466,406.289440759118,8.0085636686515,5.43503591087656,421.3538155107,423.557825395441,2.20400988474103,7.72502972882979,455.253714135701,457.353267231411,2.09955309571006,7.65916588351177,20.0257999737829,26.8504910175656,6.82469104378276,5.49600031014116,43.0987383940165,44.1188756538888,1.02013725987229,5.98724000699532,76.998637019017,77.9143174898583,0.915680470841323,6.67655229325928,23.0729384202336,17.2683846363232,-5.80455378391048,6.48410127155073,56.9728370452341,51.0638264722927,-5.90901057294144,7.29440120852292,33.8998986250004,33.7954418359695,-0.104456789030962,6.45602595573886
books_h,CZE,36,431.419302013608,427.783435415933,-3.63586659767429,6.05729409569918,492.855558749562,489.586801967963,-3.26875678159905,5.92626138792372,519.497248080345,506.490067481519,-13.0071805988256,5.7397650705019,546.59454747641,537.0205950922,-9.57395238421032,6.68380089269587,61.4362567359547,61.80336655203,0.367109816075242,5.86620669062547,88.0779460667372,78.706632065586,-9.37131400115129,6.17964427734212,115.175245462802,109.237159676266,-5.93808578653602,7.55428382067151,26.6416893307825,16.903265513556,-9.73842381722653,5.31182910502882,53.7389887268476,47.4337931242363,-6.30519560261126,6.96310212646834,27.0972993960651,30.5305276106803,3.43322821461527,6.34245615382692
books_h,DEU,36,422.234044758063,416.516504126121,-5.71754063194283,7.62636497267177,488.848497077433,476.80990841725,-12.0385886601824,7.39130619524139,519.278156566714,517.843384926315,-1.43477164039882,6.83047482198869,557.580482601487,557.301729651636,-0.2787529498504,6.71303138384718,66.6144523193692,60.2934042911296,-6.3210480282396,6.64050087276928,97.0441118086508,101.326880800195,4.282768991544,7.64081879258804,135.346437843423,140.785225525516,5.43878768209243,8.17829996780085,30.4296594892816,41.0334765090652,10.6038170197836,5.86944152391623,68.731985524054,80.4918212343861,11.759835710332,6.86261896119921,38.3023260347725,39.4583447253209,1.15601869054842,6.2299541639026
books_h,DNK,36,447.954717647422,429.672249217306,-18.282468430116,5.67552365876721,490.628913305309,474.579632159738,-16.0492811455716,6.80448658386273,506.390251620368,494.004894700383,-12.3853569199852,6.05772989325873,532.839305314898,517.365984654066,-15.473320660832,6.3809739208259,42.6741956578866,44.9073829424311,2.23318728454444,6.66614121714184,58.4355339729458,64.3326454830766,5.8971115101308,6.31599000937816,84.8845876674752,87.6937354367593,2.80914776928404,6.73046782549184,15.7613383150592,19.4252625406455,3.66392422558636,6.62156463261076,42.2103920095886,42.7863524943282,0.575960484739596,7.32878955085414,26.4490536945294,23.3610899536827,-3.08796374084676,6.76239458762141
books_h,ESP,36,436.030053696133,431.174792424298,-4.85526127183442,4.95744653798552,480.737376844434,476.839554735307,-3.89782210912784,4.76039323228301,501.54700750718,495.323741278518,-6.22326622866262,4.39098541610988,522.922374280116,515.484515508016,-7.43785877210019,4.57001260359039,44.7073231483018,45.6647623110084,0.957439162706578,3.93923226157712,65.5169538110479,64.1489488542197,-1.3680049568282,4.39948275341852,86.8923205839835,84.3097230837178,-2.58259750026576,4.122325737421,20.8096306627461,18.4841865432113,-2.32544411953478,3.54521573207531,42.1849974356817,38.6449607727094,-3.54003666297234,4.18245191487081,21.3753667729357,20.1607742294981,-1.21459254343756,3.79081700927866
books_h,EST,36,481.157489439461,481.804566594747,0.647077155285729,5.69946610855001,520.083732677598,523.276146629709,3.19241395211031,5.37835090226982,536.052400270503,543.516221938873,7.46382166836906,5.67600949655509,567.651739904846,563.209539338745,-4.4422005661005,5.701564181101,38.9262432381374,41.471580034962,2.54533679682459,5.64400349597391,54.8949108310426,61.7116553441259,6.81674451308334,5.43994925408386,86.494250465385,81.4049727439988,-5.08927772138623,6.4000894946502,15.9686675929051,20.2400753091639,4.27140771625875,4.9626661546467,47.5680072272476,39.9333927090368,-7.63461451821081,5.45497824518361,31.5993396343424,19.6933173998729,-11.9060222344696,5.94738262426548
books_h,FIN,36,465.575589436427,458.955316918538,-6.62027251788896,6.01801634536465,506.046186054466,502.731943962088,-3.31424209237798,5.50666542129541,524.006773449716,520.653870842902,-3.35290260681393,5.79452610888388,553.938290858768,546.790823839613,-7.14746701915487,5.66075314345129,40.4705966180392,43.7766270435502,3.30603042551098,5.96324562421775,58.431184013289,61.698553924364,3.26736991107504,5.86528895898446,88.3627014223409,87.835506921075,-0.52719450126591,5.81134597718874,17.9605873952498,17.9219268808138,-0.0386605144359464,5.59465451781527,47.8921048043017,44.0588798775248,-3.83322492677689,5.47184616740023,29.9315174090519,26.136952996711,-3.79456441234095,5.33691141274953
books_h,FRA,36,418.323895086521,418.810257442094,0.486362355572624,6.58940683663508,473.135315066685,476.713242386846,3.57792732016128,6.35963868715208,511.488278200585,511.921632449743,0.433354249158526,6.24744227434899,548.676497764324,537.371304391264,-11.3051933730593,6.3390285380965,54.8114199801637,57.9029849447524,3.09156496458866,5.70618112075227,93.1643831140634,93.1113750076493,-0.0530081064140973,6.47749386051196,130.352602677803,118.561046949171,-11.7915557286319,7.0211209723013,38.3529631338997,35.2083900628969,-3.14457307100275,5.49765569499574,75.5411826976388,60.6580620044182,-14.8831206932206,6.16216078026945,37.1882195637392,25.4496719415213,-11.7385476222178,5.31905786144873
books_h,GBR,36,442.222652375658,457.719622135933,15.4969697602749,5.8294554710699,492.334644832769,503.70259005706,11.3679452242906,5.82052576806684,520.664551418697,530.061715299455,9.39716388075772,5.78049925098111,556.500586454297,564.1595559816,7.6589695273027,6.89099784887369,50.1119924571108,45.9829679211265,-4.12902453598434,5.7769902473669,78.4418990430389,72.3420931635217,-6.09980587951719,6.09826705510459,114.277934078639,106.439933845666,-7.83800023297221,7.52673121940036,28.3299065859281,26.3591252423952,-1.97078134353285,5.71011620171258,64.1659416215277,60.4569659245398,-3.70897569698786,7.07167216677066,35.8360350355996,34.0978406821446,-1.73819435345501,6.9761408187539
books_h,GRC,36,395.839457152544,392.134747392457,-3.7047097600863,6.19687395390092,437.589496406808,423.206458584166,-14.3830378226419,6.23520656573229,457.169729697415,452.244879017274,-4.92485068014105,5.72919621932249,474.248270185455,476.294349589677,2.0460794042213,6.60188368475756,41.7500392542642,31.0717111917086,-10.6783280625556,5.81074842103666,61.3302725448713,60.1101316248165,-1.22014092005475,5.57404126288889,78.4088130329118,84.1596021972194,5.75078916430761,6.61345810603777,19.5802332906071,29.0384204331079,9.45818714250083,5.30659842783924,36.6587737786476,53.0878910055108,16.4291172268632,5.94450887914151,17.0785404880405,24.0494705724029,6.97093008436235,5.72573481430668
books_h,HUN,36,411.516006216217,409.801085899759,-1.71492031645812,6.84048547871169,480.02462003011,477.325438100693,-2.69918192941776,6.13597508834928,513.973533285975,504.123746360525,-9.84978692545002,5.90111924067667,540.237220481844,531.073288904843,-9.16393157700043,6.54686032604748,68.5086138138931,67.5243522009335,-0.984261612959642,6.62594300665783,102.457527069758,94.3226604607657,-8.1348666089919,7.04413345644795,128.721214265626,121.272203005084,-7.44901126054231,8.17545146357935,33.9489132558645,26.7983082598322,-7.15060499603226,5.90200300509577,60.2126004517334,53.7478508041507,-6.46474964758266,7.02733347664772,26.2636871958689,26.9495425443185,0.685855348449593,5.68448076235372
books_h,IRL,36,451.911824351527,449.306817156608,-2.60500719491984,6.14714719316779,501.432355257904,493.814363607465,-7.61799165043863,5.34200946013772,521.531410272993,516.393884629548,-5.13752564344463,5.86696809658644,543.77876996715,542.663451642973,-1.11531832417666,5.22146979640323,49.5205309063766,44.5075464508578,-5.01298445551879,5.67517489193206,69.6195859214653,67.0870674729405,-2.5325184485248,6.13361235950177,91.8669456156222,93.3566344863654,1.48968887074318,6.32117156798774,20.0990550150887,22.5795210220826,2.48046600699399,5.59991960545085,42.3464147092456,48.8490880355075,6.50267332626197,5.47185852516604,22.2473596941569,26.2695670134249,4.02220731926798,5.53523595521641
books_h,ISL,36,405.203087025407,395.802753245544,-9.40033377986333,5.82726593787788,440.754125499966,439.595572580633,-1.15855291933269,5.83526858154206,462.352011837629,458.06254156361,-4.28947027401921,6.4669486720517,481.612236934444,482.14211347491,0.529876540465466,5.727154884825,35.5510384745585,43.7928193350892,8.24178086053064,6.60026841980776,57.1489248122223,62.2597883180664,5.11086350584412,7.24061112668077,76.409149909037,86.3393602293658,9.9302103203288,7.32887628681874,21.5978863376637,18.4669689829772,-3.13091735468652,7.93294235515899,40.8581114344784,42.5465408942766,1.68842945979816,7.09959216605957,19.2602250968147,24.0795719112994,4.81934681448468,7.49264437294362
books_h,ISR,36,409.591747311334,391.039211699267,-18.5525356120671,7.23723315663103,461.488623848832,444.68092737184,-16.8076964769923,6.66383084195076,489.134646768024,474.367476122412,-14.7671706456119,6.96485052065928,507.801878360476,488.965741559237,-18.8361368012392,8.05627842882326,51.8968765374974,53.6417156725722,1.74483913507481,5.93863153503091,79.542899456689,83.3282644231442,3.78536496645523,7.19978614465965,98.2101310491417,97.9265298599697,-0.283601189172032,9.09184019526448,27.6460229191916,29.686548750572,2.04052583138042,6.67735199315468,46.3132545116443,44.2848141873975,-2.02844032424684,7.83953951554008,18.6672315924527,14.5982654368254,-4.06896615562727,8.17150827751837
books_h,ITA,36,429.65002702367,432.434644070096,2.78461704642604,5.69124870452521,471.955240092623,478.062971147369,6.10773105474567,6.18007814094147,493.476176237154,499.384596354883,5.90842011772816,5.92878129952079,517.270602992129,524.606287032788,7.33568404065886,6.68914857642518,42.3052130689532,45.6283270772728,3.32311400831964,5.42534387390669,63.8261492134847,66.9499522847868,3.12380307130212,5.91322223424195,87.6205759684591,92.1716429626919,4.55106699423283,6.6462303253414,21.5209361445315,21.321625207514,-0.199310937017515,5.1382571931909,45.3153628995058,46.543315885419,1.22795298591319,5.51483526402509,23.7944267549743,25.221690677905,1.42726392293071,5.48833459859434
books_h,JPN,36,510.774181365321,496.691227527111,-14.0829538382105,7.06410387051907,544.440120062764,540.048619425472,-4.3915006372921,6.42064825812161,559.476905364597,552.147113502569,-7.3297918620284,6.27671802656359,573.694623930469,570.014808870539,-3.67981505993055,7.03052054191395,33.6659386974428,43.3573918983612,9.69145320091837,6.33271747375973,48.702723999276,55.4558859754581,6.75316197618207,6.59079335114812,62.9204425651479,73.3235813434279,10.4031387782799,7.11065481352733,15.0367853018332,12.0984940770969,-2.9382912247363,5.2419432349693,29.2545038677051,29.9661894450667,0.71168557736155,5.61574198697037,14.2177185658719,17.8676953679698,3.64997680209785,5.42687643441596
books_h,KOR,36,484.403983725639,494.201734766072,9.79775104043279,8.67312590434399,523.568707718316,520.405178359112,-3.16352935920361,7.72580532771682,546.264059396337,540.393619490671,-5.87043990566554,6.81970357690932,559.579321996758,555.46035764773,-4.11896434902735,7.93028274136687,39.1647239926766,26.2034435930402,-12.9612803996364,9.01911764187703,61.8600756706974,46.1918847245991,-15.6681909460983,8.3550257734415,75.1753382711187,61.2586228816586,-13.9167153894601,9.86921846810099,22.6953516780209,19.9884411315589,-2.70691054646193,6.96234736635365,36.0106142784422,35.0551792886184,-0.955434989823743,9.54740433075995,13.3152626004213,15.0667381570595,1.75147555663818,7.36731690030106
books_h,LTU,36,436.61807772212,448.385593270844,11.7675155487236,5.1323990379792,476.477228136892,481.00770270409,4.53047456719844,5.36059535973277,499.774436207197,504.217107511173,4.44267130397589,5.08693660722572,528.694838854346,520.024694473373,-8.67014438097317,5.83407828703148,39.8591504147711,32.622109433246,-7.23704098152513,4.90676698586098,63.156358485077,55.8315142403293,-7.32484424474768,4.87107294256656,92.076761132226,71.6391012025293,-20.4376599296967,6.01110545579982,23.2972080703059,23.2094048070833,-0.0878032632225541,4.48751010941079,52.2176107174549,39.0169917692833,-13.2006189481716,5.9876583419323,28.920402647149,15.8075869621999,-13.1128156849491,5.69241324235291
books_h,LVA,36,456.158759003474,427.243350819558,-28.9154081839156,5.85224135685655,490.394218087562,463.922396521724,-26.4718215658381,5.69972188597242,504.534687535645,484.78805607374,-19.746631461905,5.31960086002606,526.764616318405,503.344867541131,-23.4197487772746,4.90658267200587,34.2354590840882,36.6790457021658,2.44358661807752,5.54838478473276,48.3759285321715,57.5447052541821,9.16877672201059,5.49691186398688,70.6058573149316,76.1015167215726,5.49565940664104,5.30258981373544,14.1404694480833,20.8656595520163,6.72519010393307,5.35214200703812,36.3703982308433,39.4224710194068,3.05207278856352,5.16643319878383,22.2299287827601,18.5568114673905,-3.67311731536955,5.14284245316754
books_h,MEX,36,388.606493463667,386.183612201519,-2.42288126214834,4.80974768781273,401.325460389909,404.080158219343,2.75469782943395,4.68483447987511,415.917396226357,421.129893448881,5.2124972225248,5.95862849824921,434.242167810606,444.678565898046,10.4363980874401,6.58142765559823,12.718966926242,17.8965460178243,5.17757909158229,4.23360289091765,27.3109027626892,34.9462812473624,7.63537848467314,4.99123757614881,45.6356743469389,58.4949536965273,12.8592793495885,6.36444239492661,14.5919358364473,17.0497352295381,2.45779939309085,5.49548371193449,32.9167074206969,40.598407678703,7.68170025800617,6.55531810438949,18.3247715842496,23.5486724491649,5.22390086491532,4.9541234363707
books_h,NLD,36,417.576284418585,423.42158190197,5.84529748338548,8.80184541446403,479.797670411793,476.53234220976,-3.26532820203357,7.64095043960045,518.314126409257,511.483215662917,-6.83091074633921,6.70604593758036,547.169122678972,536.334698164567,-10.8344245144052,7.23275999395994,62.2213859932088,53.1107603077897,-9.11062568541905,7.16526374172182,100.737841990672,88.0616337609474,-12.6762082297247,8.53979957375928,129.592838260388,112.913116262597,-16.6797219977907,9.67492669280952,38.5164559974633,34.9508734531577,-3.56558254430564,7.17591915643337,67.3714522671789,59.8023559548073,-7.56909631237164,9.0581888359112,28.8549962697156,24.8514825016496,-4.003513768066,7.59014676655516
books_h,NOR,36,423.567301618342,424.636233775498,1.06893215715536,5.73320578228763,479.125028373385,469.58837145435,-9.53665691903529,5.72180430461195,501.747976962913,491.768450076925,-9.97952688598809,5.87212344435852,517.442749125742,508.272880330796,-9.16986879494601,5.98352864322609,55.557726755043,44.9521376788524,-10.6055890761907,6.07627802057887,78.1806753445708,67.1322163014274,-11.0484590431435,5.83551141572379,93.8754475073996,83.6366465552982,-10.2388009521014,6.30291253647082,22.6229485895278,22.180078622575,-0.442869966952799,6.37854970520544,38.3177207523566,38.6845088764459,0.366788124089283,6.32865825664396,15.6947721628288,16.5044302538709,0.809658091042081,6.08062749766348
books_h,NZL,36,445.912898991572,454.250644375048,8.33774538347552,6.07602219079259,503.471423047891,510.555481002397,7.08405795450625,6.53894495574114,527.040332527211,525.604257577652,-1.43607494955938,5.76128670574388,548.16139659147,561.719897153017,13.5585005615467,5.78603586082166,57.5585240563187,56.3048366273494,-1.25368742896927,6.53917948821854,81.127433535639,71.3536132026041,-9.77382033303491,6.52852668067334,102.248497599898,107.469252777969,5.22075517807116,7.1130182389644,23.5689094793203,15.0487765752547,-8.52013290406563,7.02552099112373,44.6899735435789,51.1644161506193,6.47444260704043,7.26279847184625,21.1210640642586,36.1156395753646,14.9945755111061,6.31016373209579
books_h,POL,36,451.966123690106,445.913644390489,-6.05247929961723,6.27113863102141,489.12132382134,489.118451596085,-0.00287222525469133,5.78326900618592,517.386632543275,513.333788687135,-4.05284385613902,5.53537686192073,540.900123106476,541.10737820416,0.207255097683856,6.31476627955703,37.1552001312338,43.2048072055963,6.04960707436254,5.46027082890406,65.4205088531683,67.4201442966465,1.99963544347821,6.34837641914266,88.9339994163701,95.1937338136712,6.25973439730109,7.5483823813573,28.2653087219346,24.2153370910502,-4.04997163088433,5.03173304048609,51.7787992851364,51.9889266080749,0.210127322938547,5.90780106639799,23.5134905632018,27.7735895170247,4.26009895382288,5.66416397677209
books_h,PRT,36,431.98465537204,429.878897551646,-2.10575782039382,6.62429101588264,472.26442047767,470.758201609841,-1.50621886782966,8.12959229746913,502.149754793772,504.428220950668,2.27846615689526,5.56894163189077,533.242815987806,525.727789766623,-7.51502622118346,6.20833404459319,40.27976510563,40.8793040581942,0.59953895256416,6.27736432988877,70.1650994217321,74.5493233990212,4.38422397728908,6.14206875398804,101.258160615766,95.8488922149763,-5.40926840078964,6.6507033397829,29.8853343161021,33.670019340827,3.78468502472492,6.91172402474532,60.978395510136,54.9695881567822,-6.0088073533538,7.42611853434286,31.0930611940339,21.2995688159551,-9.79349237807872,6.02558201212071
books_h,SVK,36,377.162772984887,398.105019850011,20.9422468651246,7.53719117752897,460.1480405567,476.162574201229,16.0145336445289,6.68880928421594,494.875216411067,500.411109014298,5.53589260323065,6.01987242594864,519.037355499229,529.28844591267,10.2510904134411,6.54838485401335,82.9852675718129,78.0575543512173,-4.92771322059565,7.27857926644948,117.71244342618,102.306089164286,-15.4063542618939,7.99291473968426,141.874582514342,131.183426062658,-10.6911564516834,8.80906803501705,34.7271758543673,24.248534813069,-10.4786410412983,6.09039011643313,58.8893149425287,53.1258717114409,-5.76344323108776,7.02576837945877,24.1621390881614,28.8773368983719,4.7151978102105,6.33295203762491
books_h,SVN,36,445.99125715566,425.237449871842,-20.7538072838177,5.01272963862385,492.88409999164,483.819831406235,-9.0642685854051,5.53191223893548,517.880880148336,504.687475766336,-13.1934043819999,5.09341067117985,545.043718150816,530.434351924522,-14.6093662262946,5.09409232092228,46.8928428359795,58.5823815343921,11.6895386984126,5.82846737189012,71.8896229926755,79.4500258944934,7.56040290181784,5.50625374180646,99.052460995156,105.196902052679,6.14444105752313,5.89085354417242,24.996780156696,20.8676443601012,-4.12913579659477,6.35045815669008,52.1596181591765,46.614520518287,-5.54509764088948,6.2201204521466,27.1628380024805,25.7468761581858,-1.41596184429471,6.08418708432466
books_h,SWE,36,427.776683062135,425.525435542389,-2.25124751974545,6.16692644898871,490.732992958433,475.596931003765,-15.1360619546674,6.71040071771589,512.954364971166,511.248529294379,-1.70583567678756,5.88694863259706,547.5803980539,539.840003259408,-7.74039479449164,6.15107958122689,62.9563098962979,50.071495461376,-12.884814434922,6.10784548138011,85.1776819090317,85.7230937519896,0.54541184295789,6.52682735420923,119.803714991765,114.314567717019,-5.48914727474619,7.08870130571014,22.2213720127338,35.6515982906137,13.4302262778799,6.22963781617328,56.8474050954669,64.2430722556427,7.39566716017578,6.05403420780302,34.6260330827331,28.591473965029,-6.03455911770408,5.66892384913065
books_h,TUR,36,425.880010925299,446.460981176156,20.5809702508573,5.41354304348441,468.128382524997,488.507708464504,20.3793259395076,5.39432086655821,493.412752601623,508.277296367964,14.8645437663413,5.01871616557753,516.679931748435,535.221317558216,18.5413858097808,5.58281215830233,42.2483715996976,42.0467272883479,-0.201644311349696,4.48005109336326,67.5327416763234,61.8163151918075,-5.71642648451592,5.05600268294653,90.799920823136,88.7603363820595,-2.0395844410765,5.98861644422245,25.2843700766258,19.7695879034596,-5.51478217316623,4.720834605536,48.5515492234384,46.7136090937116,-1.8379401297268,5.33055574397295,23.2671791468126,26.944021190252,3.67684204343942,5.26831155162394
books_h,USA,36,433.658553301677,436.602033161326,2.94347985964953,7.67692145379854,488.790014626205,486.329657949352,-2.46035667685243,12.5356643501204,521.058683854066,526.629505389087,5.57082153502142,14.0643931759999,555.776218558417,556.302771329002,0.526552770584999,12.4785436049773,55.1314613245278,49.7276247880258,-5.40383653650196,11.3600955657836,87.4001305523892,90.0274722277611,2.6273416753719,14.5065600654138,122.117665256741,119.700738167676,-2.41692708906453,12.6842585073018,32.2686692278614,40.2998474397353,8.03117821187385,12.437817769435,66.9862039322128,69.9731133796502,2.98690944743743,11.2860630579951,34.7175347043514,29.6732659399149,-5.04426876443642,10.8144538672351
books_h,OECD,36,433.41471047381,432.618759001186,-0.795951472624438,3.2465362018265,480.903454817648,479.042913840815,-1.86054097683325,3.25239933630759,505.268280010426,503.16735615254,-2.10092385788641,3.24494774746308,531.510425949172,528.168458394127,-3.34196755504513,3.25741664162236,47.4887443438381,46.4241548396293,-1.06458950420881,1.02614869896728,71.8535695366162,70.5485971513542,-1.30497238526198,1.10454504338557,98.0957154753623,95.5496993929416,-2.54601608242069,1.19846276618493,24.3648251927781,24.1244423117249,-0.240382881053165,1.01934050148569,50.6069711315242,49.1255445533123,-1.48142657821188,1.10932282864128,26.2421459387461,25.0011022415874,-1.24104369715872,1.02661063829314
books_h,OECD35,35,433.339986381744,432.660015189097,-0.679971192646917,3.25207599721087,480.908199902597,479.105866958115,-1.80233294448198,3.25850795906485,505.374602081948,503.391459434655,-1.98314264729265,3.25106322607259,531.755798854003,528.530856762302,-3.22494209170065,3.26402802763031,47.5682135208535,46.4458517690184,-1.12236175183506,1.04944923268902,72.0346157002038,70.7314442455581,-1.30317145464574,1.12912830789456,98.4158124722588,95.870841573205,-2.54497089905374,1.22706488394153,24.4664021793503,24.2855924765397,-0.180809702810677,1.04356015464371,50.8475989514053,49.4249898041866,-1.42260914721868,1.13474297620796,26.381196772055,25.139397327647,-1.241799444408,1.05037299973272
escs_cc,AUS,36,463.791748436062,479.204469427867,15.4127209918047,5.10386217711058,496.264254725837,511.020730505205,14.7564757793676,5.34319586685763,529.57922172102,542.153010735917,12.5737890148971,5.05040019463175,565.95309854907,553.748826675182,-12.2042718738882,5.18135346433946,32.4725062897747,31.8162610773376,-0.656245212437113,5.5476125305519,65.7874732849575,62.9485413080498,-2.83893197690765,5.32573666751009,102.161350113007,74.5443572473145,-27.6169928656929,5.68333289386773,33.3149669951828,31.1322802307122,-2.18268676447053,4.78603351478625,69.6888438232327,42.7280961699769,-26.9607476532558,5.19146253442678,36.3738768280499,11.5958159392646,-24.7780608887853,4.4471549179677
escs_cc,AUT,36,441.627823858531,459.853995880942,18.2261720224111,6.31662042439021,483.993452751701,501.5486573964,17.555204644699,6.07153165487742,522.759187253559,529.66398479628,6.90479754272064,5.78909425570172,557.576289995212,554.598271728975,-2.97801826623618,5.50124561438227,42.3656288931703,41.6946615154582,-0.670967377712088,6.17890741599758,81.131363395028,69.8099889153376,-11.3213744796904,5.82914974526372,115.948466136681,94.7442758480333,-21.2041902886472,6.67295582764846,38.7657345018577,28.1153273998793,-10.6504071019783,5.81631815343871,73.5828372435102,53.0496143325751,-20.5332229109351,5.76752679899977,34.8171027416526,24.9342869326957,-9.88281580895682,5.31566982129864
escs_cc,BEL,36,441.584510198296,466.2259049838,24.6413947855031,5.86825469156946,480.821440761696,502.099608419717,21.278167658021,5.73961819031761,521.114234076064,536.922376248884,15.8081421728201,5.80591783980437,555.966320957489,554.098307954953,-1.86801300253615,5.79108833046991,39.2369305633998,35.8737034359177,-3.36322712748211,5.78100209564699,79.5297238777678,70.6964712650848,-8.833252612683,6.21780683146096,114.381810759192,87.8724029711531,-26.5094077880393,6.54958039986147,40.292793314368,34.8227678291671,-5.47002548520089,5.07185887005002,75.1448801957925,51.9986995352354,-23.1461806605572,6.10527271716811,34.8520868814245,17.1759317060682,-17.6761551753563,5.24616285456052
escs_cc,CAN,36,486.798287030277,492.305807885861,5.50752085558378,4.77309453655769,509.98938744108,521.058299031267,11.0689115901873,4.66181682505882,534.467519572734,545.760015326548,11.2924957538143,4.72722756006803,556.96942707504,545.706231646301,-11.2631954287391,5.43503344172948,23.1911004108028,28.7524911454064,5.56139073460355,4.47127204803719,47.6692325424569,53.4542074406874,5.78497489823047,4.4445001635189,70.1711400447634,53.4004237604406,-16.7707162843229,5.27988934656986,24.4781321316541,24.701716295281,0.223584163626924,3.97206030831419,46.9800396339606,24.6479326150342,-22.3321070189264,4.52761611568311,22.5019075023065,-0.0537836802468519,-22.5556911825534,4.77442644565071
escs_cc,CHE,36,454.897170340901,470.386675456907,15.4895051160055,5.92889796692341,492.804224074093,507.913681481919,15.109457407826,6.06777331950267,527.427891629016,539.687271409126,12.2593797801109,5.97709841346906,570.060397317514,563.522166001586,-6.53823131592822,5.69030648222219,37.9070537331918,37.5270060250122,-0.380047708179575,5.92336701856796,72.5307212881141,69.3005959522195,-3.23012533589468,6.52686402294751,115.163226976613,93.1354905446792,-22.0277364319338,6.82030475555564,34.6236675549224,31.7735899272072,-2.85007762771511,5.72468864424656,77.2561732434211,55.608484519667,-21.6476887237542,5.82147606294965,42.6325056884988,23.8348945924597,-18.7976110960391,6.04810873649098
escs_cc,CHL,36,415.928984129186,425.917368219768,9.9883840905822,6.16127457891402,440.707864186128,440.361001876579,-0.346862309549749,5.7938870204634,457.244010345744,460.629360434766,3.38535008902238,6.15439837364421,495.255597177946,500.279345720417,5.0237485424712,6.0085924071925,24.7788800569421,14.4436336568102,-10.335246400132,6.0076506183425,41.3150262165573,34.7119922149975,-6.60303400155982,6.70699236080591,79.3266130487597,74.3619775006487,-4.96463554811101,7.36044867844055,16.5361461596152,20.2683585581873,3.73221239857213,6.35152634273074,54.5477329918176,59.9183438438386,5.37061085202095,5.86241475281015,38.0115868322024,39.6499852856512,1.63839845344882,6.49437353486085
escs_cc,COL,36,378.077959631339,385.709565402716,7.63160577137728,5.57906841663838,400.60696584722,414.273381305658,13.6664154584385,6.22773570185865,418.305701026679,436.554468708466,18.2487676817861,7.27206100289896,467.570448877281,482.557187056306,14.9867381790246,10.0035721085117,22.5290062158811,28.5638159029422,6.03480968706117,5.94003746966897,40.2277413953407,50.8449033057496,10.6171619104088,7.11640681501372,89.4924892459425,96.8476216535898,7.35513240764732,10.7814426108304,17.6987351794597,22.2810874028073,4.58235222334764,5.5441786191476,66.9634830300614,68.2838057506476,1.32032272058615,9.7422098145848,49.2647478506017,46.0027183478402,-3.26202950276149,8.89497158190631
escs_cc,CZE,36,441.02657544929,456.565777597395,15.5392021481046,5.91666731635979,495.461716830843,489.324637817916,-6.13707901292673,5.57404110511737,514.980967806651,514.112749231097,-0.868218575554693,5.86037616982502,560.276637205862,547.368940183885,-12.9076970219768,6.69140958301833,54.4351413815525,32.7588602205212,-21.6762811610313,5.71344609187037,73.9543923573612,57.5469716337019,-16.4074207236592,5.96497608858711,119.250061756572,90.8031625864903,-28.4468991700813,7.87508866783083,19.5192509758086,24.7881114131807,5.26886043737204,5.61908482740689,64.8149203750192,58.0443023659691,-6.77061800905005,6.41359842540994,45.2956693992105,33.2561909527884,-12.0394784464221,6.61190029006137
escs_cc,DEU,36,457.327951553743,456.71133131891,-0.616620234833135,6.68299829059819,493.686969764113,502.858065005727,9.17109524161447,7.45742123804106,520.56901707951,533.384899665517,12.8158825860064,7.36252164454002,570.180560348804,572.959865465875,2.77930511707029,6.6430901575376,36.3590182103702,46.1467336868178,9.7877154764476,7.20775943469297,63.2410655257675,76.673568346607,13.4325028208395,7.61582216888942,112.852608795062,116.248534146965,3.39592535190343,7.99672633933062,26.8820473153973,30.5268346597893,3.64478734439194,7.48976387205323,76.4935905846915,70.1018004601473,-6.39179012454417,7.80013832249988,49.6115432692942,39.5749658003581,-10.0365774689361,6.87757656744179
escs_cc,DNK,36,459.31522912806,457.259979395294,-2.05524973276607,6.03976985331523,485.216030868113,481.694992472407,-3.52103839570577,6.51799192013311,518.054866626455,515.072128377875,-2.98273824858018,6.90875469329661,532.976924978625,520.901834525213,-12.0750904534121,7.20868495682635,25.9008017400534,24.4350130771137,-1.4657886629397,6.84887407883147,58.7396374983955,57.8121489825814,-0.927488515814105,6.64706083363423,73.661695850565,63.641855129919,-10.0198407206461,8.1558346392757,32.8388357583421,33.3771359054677,0.538300147125597,7.9645548786983,47.7608941105116,39.2068420528053,-8.55405205770637,7.7879227518925,14.9220583521695,5.82970614733756,-9.09235220483197,8.52612093287573
escs_cc,ESP,36,453.219753174574,450.382830941952,-2.83692223262233,4.65138440637273,475.960302088684,476.319295578789,0.358993490104808,4.66332923561264,499.543362797362,504.112047624813,4.56868482745085,4.32059220351662,529.554885800507,517.863861616939,-11.6910241835683,4.51018375856816,22.7405489141098,25.9364646368369,3.19591572272714,3.85057764420389,46.3236096227882,53.7292166828614,7.40560706007318,3.87832995924637,76.335132625933,67.481030674987,-8.85410195094596,4.29648504038224,23.5830607086784,27.7927520460245,4.20969133734604,3.26122604565227,53.5945837118233,41.5445660381502,-12.0500176736731,3.96508931254148,30.0115230031448,13.7518139921257,-16.2597090110191,3.59075583414157
escs_cc,EST,36,494.022291423333,495.713003669726,1.69071224639276,5.4322585329468,515.444375508327,520.427576129833,4.98320062150572,5.53759693613735,540.326013429506,553.249729793259,12.9237163637533,5.63358335643872,570.113387670741,563.013839995236,-7.09954767550482,5.88699360310668,21.4220840849942,24.7145724601072,3.29248837511295,5.69892643652668,46.303722006173,57.5367261235336,11.2330041173606,5.59296840963571,76.0910962474083,67.3008363255107,-8.79025992189759,6.55970586020774,24.8816379211788,32.8221536634264,7.94051574224761,5.62983395540748,54.6690121624141,42.5862638654036,-12.0827482970105,5.75710435652444,29.7873742412353,9.76411020197713,-20.0232640392582,5.39769519608074
escs_cc,FIN,36,475.951528238221,479.247859816034,3.29633157781279,5.47231838828564,500.621153961032,505.436209912722,4.8150559516892,5.47784120790625,531.526437441629,538.482585046816,6.95614760518697,5.70817444689567,563.644196101255,553.00921014228,-10.6349859589743,5.56478196819862,24.6696257228114,26.1883500966878,1.51872437387641,5.23715882070428,55.5749092034083,59.2347252307824,3.65981602737418,5.5400697717245,87.6926678630337,73.7613503262466,-13.9313175367871,5.86849280088979,30.9052834805969,33.0463751340947,2.14109165349777,5.36890868884827,63.0230421402224,47.5730002295588,-15.4500419106635,5.43939004353271,32.1177586596255,14.5266250954642,-17.5911335641613,5.67777329356137
escs_cc,FRA,36,441.549744093649,462.306382977087,20.7566388834388,6.2557293089244,481.171633878121,490.804828344496,9.63319446637593,6.06823675479494,514.672562906666,523.636469649182,8.96390674251597,7.03462681673252,557.498906701546,550.705687018875,-6.7932196826705,6.19440108388999,39.6218897844721,28.4984453674092,-11.1234444170629,6.01791892988604,73.1228188130177,61.3300866720948,-11.7927321409229,7.08398761333557,115.949162607897,88.3993040417878,-27.5498585661093,6.63314679691883,33.5009290285456,32.8316413046857,-0.669287723859952,6.52765373048702,76.3272728234251,59.9008586743786,-16.4264141490464,6.00505040125659,42.8263437948795,27.069217369693,-15.7571264251865,5.92971589421803
escs_cc,GBR,36,471.726999048411,490.296611798394,18.5696127499826,6.03574615859311,498.168196921036,521.439584395628,23.2713874745916,6.15174196514211,516.856585514598,541.65192407709,24.7953385624916,6.18511151627565,565.266309277932,569.90026183663,4.63395255869807,7.21741702011127,26.4411978726249,31.1429725972339,4.70177472460898,6.86956994410573,45.129586466187,51.3553122786959,6.22572581250893,6.93722220632683,93.5393102295208,79.6036500382362,-13.9356601912846,8.07999912925753,18.6883885935621,20.212339681462,1.52395108789995,6.49335671097771,67.0981123568959,48.4606774410023,-18.6374349158936,7.60727633454163,48.4097237633338,28.2483377595403,-20.1613860037935,6.78297773090867
escs_cc,GRC,36,409.520439778207,407.85973859075,-1.66070118745665,6.91690383585324,430.681464671732,432.200192065223,1.51872739349085,5.44193013676302,456.108824370423,463.295680019591,7.18685564916837,6.61886375065524,491.163899969112,482.645490918094,-8.51840905101756,6.17302926288224,21.1610248935253,24.3404534744728,3.1794285809475,6.68467847167631,46.588384592216,55.435941428841,8.84755683662502,6.76688436603668,81.6434601909053,74.7857523273444,-6.8577078635609,7.14105212508131,25.4273596986907,31.0954879543682,5.66812825567752,5.86290926699257,60.48243529738,50.4452988528716,-10.0371364445084,5.8497430127883,35.0550755986893,19.3498108985034,-15.7052647001859,6.01892274904966
escs_cc,HUN,36,429.369880742457,439.997267904846,10.6273871623887,6.5243548094482,474.459707195506,477.100948665802,2.64124147029594,6.1504673665391,509.952288723378,505.367444738511,-4.58484398486667,6.31008163625507,552.600183028339,538.2630661385,-14.337116889839,6.8185842888769,45.0898264530492,37.1036807609564,-7.98614569209281,6.67949879195361,80.5824079809211,65.3701768336657,-15.2122311472554,7.44777294414982,123.230302285882,98.2657982336543,-24.9645040522277,8.34573097265153,35.4925815278719,28.2664960727093,-7.2260854551626,5.99302653647916,78.1404758328328,61.1621174726979,-16.9783583601349,7.27588652365112,42.6478943049609,32.8956213999886,-9.7522729049723,6.31373957724562
escs_cc,IRL,36,469.616806334768,473.717089305374,4.10028297060649,5.39922439513743,492.817575052163,495.495592842768,2.678017790605,5.82482707555877,517.917001074156,522.049541356259,4.13254028210304,5.28024418741091,546.294909258599,542.366715110049,-3.92819414855012,5.71697443617755,23.2007687173957,21.7785035373942,-1.42226518000149,5.80832338685161,48.300194739388,48.3324520508845,0.0322573114965508,5.64710687579983,76.6781029238309,68.6496258046743,-8.02847711915661,5.70621361922807,25.0994260219923,26.5539485134904,1.45452249149804,5.9063828409836,53.4773342064353,46.8711222672802,-6.60621193915512,5.89142257865126,28.377908184443,20.3171737537898,-8.06073443065316,5.45323969762728
escs_cc,ISL,36,412.164772223693,429.716471385051,17.5516991613575,5.99088853236087,449.881387873221,458.937307560958,9.05591968773666,6.06528416079664,465.310735424772,478.004776977945,12.6940415531726,6.00267047866009,493.072491206983,489.862514751581,-3.20997645540155,6.17128987531597,37.7166156495273,29.2208361759065,-8.49577947362087,7.37824549843301,53.1459632010788,48.2883055928938,-4.85765760818498,7.03904185015437,80.9077189832892,60.1460433665301,-20.7616756167591,7.86202291688288,15.4293475515514,19.0674694169873,3.63812186543589,7.16550701718912,43.1911033337619,30.9252071906237,-12.2658961431382,7.18006127241372,27.7617557822105,11.8577377736364,-15.9040180085741,7.21351054724469
escs_cc,ISR,36,418.001721635386,430.199866205244,12.1981445698585,6.92208103118741,460.943461279534,476.817046147679,15.8735848681453,8.22173289793753,504.080978068228,501.253328324427,-2.82764974380103,8.42868417213141,534.69931435262,516.21717888423,-18.4821354683907,6.9828855914899,42.9417396441478,46.6171799424346,3.67544029828679,8.046179462834,86.079256432842,71.0534621191825,-15.0257943136596,9.08198521158518,116.697592717235,86.0173126789855,-30.6802800382492,8.1405159955321,43.1375167886942,24.4362821767479,-18.7012346119464,8.52489368705078,73.7558530730868,39.4001327365509,-34.355720336536,8.80361450026365,30.6183362843926,14.963850559803,-15.6544857245896,7.79592253039907
escs_cc,ITA,36,438.09277727545,453.018908723607,14.926131448157,5.86937638717185,471.973392880754,485.313513117558,13.3401202368041,6.09302469460843,490.718206105437,503.113396451791,12.3951903463539,6.30995435074608,523.257507791218,528.91093157665,5.65342378543255,6.77024217298093,33.8806156053045,32.2946043939516,-1.58601121135291,6.09297619211163,52.6254288299872,50.0944877281841,-2.53094110180314,6.68817741788415,85.1647305157684,75.892022853044,-9.27270766272449,6.99743979743827,18.7448132246827,17.7998833342325,-0.944929890450226,5.49133276379685,51.2841149104639,43.5974184590924,-7.68669645137157,6.67910442516109,32.5393016857813,25.7975351248599,-6.74176656092135,5.46703022465366
escs_cc,JPN,36,514.490096343476,509.174923284233,-5.31517305924291,7.59577235850589,542.065064410829,535.852159947855,-6.21290446297371,6.43860111629766,561.502702645625,559.796465800631,-1.70623684499367,6.9320769225052,585.924816293538,579.502134583862,-6.42268170967634,7.01007228284875,27.5749680673528,26.677236663622,-0.897731403730802,6.73936117395636,47.0126063021485,50.6215425163977,3.60893621424924,8.02273288772137,71.4347199500619,70.3272112996285,-1.10750865043343,9.01267036994961,19.4376382347957,23.9443058527758,4.50666761798004,6.13791376401192,43.8597518827091,43.6499746360065,-0.209777246702629,7.30616311168065,24.4221136479134,19.7056687832308,-4.71644486468267,5.72754727223427
escs_cc,KOR,36,494.380755659624,499.650760744047,5.27000508442279,7.22636073486519,521.749564666721,535.096532553306,13.3469678865841,7.48737437190265,540.941059451023,554.36220457432,13.421145123297,7.32299988316881,573.111092092061,567.420694776976,-5.69039731508508,7.63870567593835,27.3688090070975,35.4457718092589,8.07696280216135,6.76219641884855,46.5603037913988,54.7114438302731,8.15114003887425,8.10736464148199,78.730336432437,67.7699340329291,-10.9604023995079,8.80101102782864,19.1914947843013,19.2656720210142,0.0741772367128988,7.66951144589149,51.3615274253394,32.3241622236702,-19.0373652016692,8.79135581317603,32.1700326410381,13.058490202656,-19.1115424383821,8.11194248967683
escs_cc,LTU,36,449.772759446537,470.922342600486,21.149583153949,5.94254634783376,480.596152321789,496.954224476001,16.358072154212,5.95456668065968,506.029840988755,526.58663188554,20.5567908967847,5.99414068116869,538.834082189117,535.686888837077,-3.14719335204006,6.78678602116126,30.8233928752516,26.0318818755146,-4.791510999737,5.99328884569235,56.2570815422178,55.6642892850534,-0.592792257164376,6.69413619775087,89.0613227425799,64.7645462365908,-24.2967765059891,7.39106489576673,25.4336886669662,29.6324074095388,4.19871874257262,6.42228989069382,58.2379298673283,38.7326643610762,-19.5052655062521,6.45453065990744,32.8042412003621,9.1002569515374,-23.7039842488247,6.20985875334702
escs_cc,LVA,36,464.286266311612,457.01062848638,-7.27563782523225,5.94866062994871,486.214653343895,482.704709500637,-3.50994384325827,6.06200971588324,510.935435301763,503.073106456999,-7.86232884476431,5.92543294409099,537.730548948516,515.451887017322,-22.2786619311945,5.64848407479509,21.928387032283,25.694081014257,3.76569398197398,6.02495712139474,46.6491689901514,46.0624779706193,-0.586691019532054,6.19933459107476,73.4442826369043,58.441258530942,-15.0030241059623,6.59369321292316,24.7207819578684,20.3683969563624,-4.35238500150604,6.25151827754675,51.5158956046213,32.747177516685,-18.7687180879362,6.63773682152481,26.7951136467529,12.3787805603227,-14.4163330864302,6.7952959157207
escs_cc,MEX,36,382.874841569467,389.806061752504,6.93122018303779,4.80905295617029,400.194525364947,410.829637914218,10.6351125492711,5.17828255723288,416.820080919359,427.541438964737,10.7213580453784,5.90790955780333,450.377132990235,455.334989342106,4.95785635187121,6.66284504587088,17.3196837954804,21.0235761617137,3.70389236623328,4.48578397282213,33.9452393498923,37.7353772122329,3.7901378623406,5.35217076635647,67.5022914207682,65.5289275896016,-1.97336383116658,6.72444176171653,16.6255555544119,16.7118010505192,0.086245496107324,5.22067047619443,50.1826076252878,44.5053514278879,-5.67725619739986,6.82453172396153,33.5570520708759,27.7935503773687,-5.76350169350718,6.09878879883621
escs_cc,NLD,36,451.286291905839,460.223153306786,8.93686140094695,7.08744669689632,476.360506825912,491.730801302852,15.3702944769394,7.91794521224208,520.532277681115,527.216876524249,6.68459884313438,7.15535263209007,557.63887727938,551.539594789849,-6.09928248953065,6.60612494744367,25.0742149200728,31.5076479960653,6.43343307599247,7.15495482363426,69.2459857752751,66.9937232174626,-2.25226255781257,8.48556407320571,106.35258537354,91.3164414830628,-15.0361438904776,8.52794299783858,44.1717708552023,35.4860752213973,-8.68569563380504,7.6569063668217,81.2783704534676,59.8087934869975,-21.4695769664701,8.27861920849864,37.1065995982652,24.3227182656002,-12.783881332665,7.08491157692362
escs_cc,NOR,36,446.664794138291,443.323259004521,-3.34153513376958,5.58990306950868,474.421396381028,480.811734528436,6.39033814740805,6.1347162428161,500.312666932168,504.793272561329,4.48060562916112,5.66743340367001,530.930298519678,516.527721899658,-14.4025766200206,5.97086313897597,27.7566022427369,37.4884755239145,9.73187328117763,6.22011242254127,53.6478727938771,61.4700135568078,7.8221407629307,6.36441902690236,84.2655043813875,73.2044628951365,-11.061041486251,6.44881433239946,25.8912705511402,23.9815380328933,-1.90973251824693,5.95951354626096,56.5089021386506,35.715987371222,-20.7929147674286,6.48608810054937,30.6176315875104,11.7344493383287,-18.8831822491817,5.98255117688615
escs_cc,NZL,36,466.742682893849,487.768964045927,21.0262811520785,6.76943522747026,509.197036320769,521.820904897138,12.623868576369,6.15773762558349,534.052298925417,553.775652866739,19.7233539413218,6.07531541899753,564.015160624838,573.224370061862,9.20920943702458,5.97694558047609,42.4543534269205,34.0519408512111,-8.40241257570943,7.17869575517573,67.3096160315684,66.0066888208117,-1.30292721075671,7.57956140805863,97.2724777309889,85.455406015935,-11.8170717150539,7.74854019999426,24.8552626046479,31.9547479696006,7.09948536495273,7.0539441242153,54.8181243040684,51.4034651647239,-3.41465913934445,7.21021551175002,29.9628616994205,19.4487171951233,-10.5141445042972,7.35258138485854
escs_cc,POL,36,461.451329223999,468.105387265341,6.65405804134258,5.53249546992881,492.823773440072,494.817332448543,1.99355900847115,5.95855494590697,518.688264174833,527.961137961309,9.27287378647634,6.48625787320396,554.785608916934,550.069290300898,-4.71631861603589,5.7628995516025,31.3724442160728,26.7119451832014,-4.66049903287143,5.42532071793438,57.2369349508339,59.8557506959677,2.61881574513376,6.80827630424116,93.3342796929348,81.9639030355563,-11.3703766573785,6.80524579512045,25.8644907347612,33.1438055127663,7.27931477800519,5.79030218504269,61.961835476862,55.251957852355,-6.70987762450704,6.3651216271948,36.0973447421009,22.1081523395886,-13.9891924025122,5.67463300440031
escs_cc,PRT,36,448.144720350066,448.094248526763,-0.0504718233026438,6.05546270721762,471.651125173152,480.580494970343,8.9293697971911,6.77880057302006,496.976534303236,510.778009912323,13.8014756090879,7.1584471279403,539.055882067531,539.985798214704,0.929916147172321,5.82228332833056,23.5064048230862,32.4862464435799,8.97984162049374,5.93368613969569,48.8318139531695,62.68376138556,13.8519474323905,6.38665761824079,90.9111617174651,91.89154968794,0.980387970474965,6.90694491618547,25.3254091300832,30.19751494198,4.8721058118968,5.75726913053886,67.4047568943789,59.4053032443601,-7.99945365001878,6.94470513124973,42.0793477642956,29.20778830238,-12.8715594619156,6.73943409470808
escs_cc,SVK,36,399.718755318022,437.625251908104,37.906496590082,7.34443917665984,462.012363215209,473.985252910952,11.9728896957434,6.32158277972126,489.853934809,504.907812473999,15.0538776649997,5.99549388869547,532.086421167021,541.736824313375,9.65040314635439,7.09389325643663,62.2936078971865,36.360001002848,-25.9336068943385,7.14103977390984,90.1351794909776,67.2825605658954,-22.8526189250823,7.66874978670959,132.367665848999,104.111572405271,-28.2560934437276,9.28104491103323,27.8415715937911,30.9225595630474,3.08098796925628,6.64108553096301,70.074057951812,67.7515714024229,-2.32248654938905,7.73282337534655,42.2324863580209,36.8290118393755,-5.40347451864534,6.07404811179746
escs_cc,SVN,36,458.057538052279,459.63824634648,1.58070829420109,5.47853112070138,488.872342692772,484.158623431514,-4.71371926125772,5.42550298727103,518.59934920361,522.915911817339,4.31656261372837,5.28457561694054,550.488961700354,532.051772196279,-18.4371895040747,5.46511497937365,30.8148046404925,24.5203770850337,-6.29442755545881,6.07805397308716,60.5418111513311,63.2776654708583,2.73585431952728,6.26802179537025,92.4314236480747,72.4135258497989,-20.0178977982758,6.4655655561848,29.7270065108386,38.7572883858247,9.03028187498609,6.02331608775253,61.6166190075823,47.8931487647653,-13.723470242817,6.34633037000372,31.8896124967437,9.13586037894061,-22.7537521178031,6.33325876167905
escs_cc,SWE,36,449.332291521955,450.704729091629,1.37243756967388,5.85690645366468,484.04413799317,493.039939320804,8.99580132763344,5.83457858568242,523.205962470712,530.884275195144,7.67831272443243,6.2547739019532,558.481243582198,542.351031653992,-16.1302119282058,6.34263305790244,34.7118464712152,42.3352102291747,7.62336375795957,5.85086090411011,73.8736709487567,80.1795461035152,6.30587515475855,6.4185775502297,109.148952060243,91.6463025623631,-17.5026494978796,7.11772755245862,39.1618244775415,37.8443358743405,-1.31748860320101,6.00464969303653,74.4371055890276,49.3110923331884,-25.1260132558392,6.74768476557132,35.275281111486,11.4667564588478,-23.8085246526382,6.04649255939813
escs_cc,TUR,36,447.716825232924,467.465136704697,19.7483114717738,5.46459510961032,463.340361782317,490.356539127237,27.0161773449195,5.07690445017277,475.926472782108,502.825599998878,26.8991272167701,5.95809042204153,522.169251330929,549.976031711012,27.8067803800827,5.81888377057605,15.6235365493937,22.8914024225395,7.26786587314575,5.183336246063,28.2096475491846,35.3604632941809,7.15081574499629,6.25033226046375,74.4524260980052,82.5108950063141,8.05846890830895,6.75888784234019,12.5861109997909,12.4690608716414,-0.117050128149458,5.18712862728249,58.8288895486114,59.6194925837746,0.790603035163201,6.01880779927143,46.2427785488205,47.1504317121332,0.907653163312659,6.27925806869183
escs_cc,USA,36,456.409467477732,467.263570883082,10.8541034053503,8.57459478128613,487.782325486954,493.351275532905,5.56895004595094,9.11551166683604,515.587942484971,526.176947158789,10.5890046738184,15.4462343788007,563.838409816706,567.421921541546,3.58351172484004,16.5249546811853,31.3728580092222,26.0877046498229,-5.28515335939932,9.94493139620681,59.1784750072387,58.9133762757069,-0.26509873153185,15.0891190112486,107.428942338974,100.158350658464,-7.27059168051022,17.0600448836701,27.8056169980165,32.825671625884,5.02005462786747,15.4217163998953,76.0560843297517,74.0706460086408,-1.98543832111091,16.7662562245878,48.2504673317352,41.2449743827568,-7.00549294897837,13.1365088499962
escs_cc,OECD,36,448.47062136582,457.760376967736,9.28975560191662,3.23845519840911,479.805563555013,488.292647581583,8.48708402657019,3.24190154680584,506.707789890758,515.882014809625,9.17422491886686,3.26777412493335,542.206096698909,537.966130171897,-4.23996652701248,3.27839621543625,31.3349421891935,30.5322706138471,-0.802671575346437,1.05237013523939,58.2371685249382,58.1216378418884,-0.115530683049769,1.17428513551484,93.7354753330895,80.2057532041604,-13.5297221289291,1.29641940725053,26.9022263357447,27.5893672280413,0.687140892296668,1.09864583008871,62.400533143896,49.6734825903133,-12.7270505535827,1.20727599108789,35.4983068081513,22.084115362272,-13.4141914458793,1.10682408840423
escs_cc,OECD35,35,448.334931885569,457.971163997044,9.63623211147501,3.24391066820276,479.915428168337,488.634743353092,8.71931518475486,3.24753654313709,506.912487807712,516.218299586334,9.3058117786216,3.27523905506854,542.567559867435,538.540480702038,-4.0270791653968,3.28624227490146,31.5804962827673,30.6635793560472,-0.916916926720148,1.07683242673629,58.5775559221426,58.2471355892892,-0.330420332853407,1.20274245389704,94.2326279818655,80.5693167049937,-13.6633112768718,1.32779752160758,26.9970596393752,27.583556233242,0.586496593866741,1.12618763507214,62.6521316990982,49.9057373489465,-12.7463943501517,1.23659107448197,35.655072059723,22.3221811157046,-13.3328909440184,1.13381554334759
escs_h_cc,AUS,36,466.424207362848,476.376396783374,9.95218942052628,5.23503879878245,498.203717690836,510.249937051651,12.0462193608156,4.82692665743114,534.046720814421,542.14382137995,8.0971005655291,5.14191527605755,556.904376976483,557.359801412594,0.455424436110889,5.14352383664317,31.7795103279876,33.8735402682769,2.09402994028932,4.95693322632906,67.6225134515732,65.7674245965761,-1.85508885499718,5.33337094683901,90.4801696136349,80.9834046292195,-9.49676498441539,5.66959037691419,35.8430031235857,31.8938843282992,-3.9491187952865,4.56918898103672,58.7006592856473,47.1098643609426,-11.5907949247047,4.780816368773,22.8576561620616,15.2159800326434,-7.64167612941822,4.32988139705747
escs_h_cc,AUT,36,444.772959999665,458.058951201371,13.2859912017062,6.41055221578976,486.857527276035,501.639327931733,14.7818006556977,6.07590852820658,522.780899929322,528.156556996026,5.37565706670489,5.7352989652527,551.564681639018,557.813055739344,6.24837410032569,5.61032283156606,42.0845672763705,43.5803767303621,1.49580945399151,6.6656966001166,78.0079399296569,70.0976057946556,-7.91033413500128,5.81099449643331,106.791721639353,99.7541045379728,-7.03761710138048,6.79333219736262,35.9233726532863,26.5172290642935,-9.40614358899279,5.97832726953065,64.7071543629828,56.1737278076108,-8.53342655537199,5.65761561491512,28.7837817096964,29.6564987433172,0.872717033620802,5.19909424445148
escs_h_cc,BEL,36,444.546146371858,466.030079241759,21.4839328699019,5.77356265904411,483.123326957407,500.742071729796,17.6187447723889,5.98699924154057,523.526441025186,535.13827206378,11.611831038594,5.98937830731531,548.286439835598,557.448972605044,9.16253276944678,5.83089827534644,38.5771805855499,34.7119924880369,-3.865188097513,6.11267248932177,78.9802946533288,69.1081928220209,-9.87210183130787,6.36154693859394,103.74029346374,91.4188933632851,-12.3214001004551,6.47745385369148,40.4031140677789,34.396200333984,-6.00691373379488,5.81913264951216,65.1631128781903,56.7069008752482,-8.4562120029421,6.14003795120443,24.7599988104114,22.3107005412642,-2.44929826914722,5.63736554424511
escs_h_cc,CAN,36,487.034113078774,489.448973501291,2.4148604225162,4.71101515834368,511.536879176691,519.251905195396,7.71502601870537,4.78347978903896,536.656396185393,542.971024096261,6.3146279108679,4.69026418410555,552.999072038807,553.16360555681,0.164533518002713,5.4078644110814,24.5027660979167,29.8029316941058,5.30016559618917,4.4953548174156,49.6222831066189,53.5220505949706,3.8997674883517,4.42880346047626,65.9649589600329,63.7146320555194,-2.25032690451349,5.22356583929307,25.1195170087022,23.7191189008647,-1.40039810783748,4.04656330957593,41.4621928621162,33.9117003614135,-7.55049250070266,4.72370135588729,16.342675853414,10.1925814605488,-6.15009439286519,4.5304099096358
escs_h_cc,CHE,36,457.605384554923,468.218378915288,10.6129943603647,6.11498887953843,495.107647654806,506.658178465828,11.5505308110219,5.83546838647499,529.732863173734,539.736222431407,10.0033592576738,6.27743154051628,562.769797042909,566.893242852883,4.12344580997387,5.59436597568655,37.5022630998825,38.4397995505397,0.937536450657149,5.89772146474327,72.1274786188104,71.5178435161195,-0.609635102690959,6.63087647289794,105.164412487986,98.6748639375952,-6.48954855039085,6.88417903207545,34.6252155189279,33.0780439655798,-1.54717155334811,5.70042178339789,67.6621493881036,60.2350643870556,-7.427085001048,5.82795649435705,33.0369338691756,27.1570204214758,-5.87991344769989,6.57357210319265
escs_h_cc,CHL,36,419.431850305321,421.469034441604,2.0371841362836,6.25298589581274,440.230622826031,441.41204868099,1.18142585495912,5.90300890204179,455.00900771288,461.131884328684,6.12287661580336,5.94125147433138,494.437821681865,503.201565624991,8.76374394312586,6.1159560368088,20.7987725207099,19.9430142393854,-0.855758281324484,6.1765027493414,35.5771574075596,39.6628498870794,4.08569247951976,7.07763060008274,75.0059713765441,81.7325311833864,6.72655980684226,7.50345210336722,14.7783848868497,19.719835647694,4.94145076084425,5.84907351497626,54.2071988558342,61.7895169440009,7.58231808816674,5.78403021109041,39.4288139689845,42.069681296307,2.6408673273225,6.66660702087138
escs_h_cc,COL,36,379.395646929562,384.623636923429,5.2279899938668,5.56938182196576,400.742612098715,415.031613637651,14.289001538936,6.36034576671984,419.201090566848,435.819014845035,16.6179242781873,7.092704839035,465.194699381158,483.608001716078,18.4133023349199,9.90962590964156,21.3469651691527,30.4079767142218,9.06101154506916,6.05021465616827,39.8054436372862,51.1953779216066,11.3899342843205,7.1027484030939,85.7990524515961,98.9843647926492,13.1853123410531,10.4854260224438,18.4584784681335,20.7874012073848,2.32892273925131,5.49310489284849,64.4520872824435,68.5763880784274,4.12430079598391,9.56316733477728,45.99360881431,47.7889868710426,1.7953780567326,8.79660088802377
escs_h_cc,CZE,36,447.290475359579,454.148175644261,6.85770028468238,6.06146183794957,493.907309217038,489.26093787184,-4.6463713451983,5.44125070741878,515.052865366328,513.416625216932,-1.63624014939614,5.96179504807632,555.479992447421,550.551643375874,-4.9283490715469,6.78075735177444,46.6168338574591,35.1127622275784,-11.5040716298807,5.86348843532403,67.7623900067494,59.2684495726709,-8.49394043407853,5.97004334306419,108.189517087842,96.4034677316126,-11.7860493562293,8.16695658147644,21.1455561492903,24.1556873450925,3.01013119580216,5.62295562550182,61.5726832303828,61.2907055040342,-0.2819777263486,6.39763361209514,40.4271270810925,37.1350181589418,-3.29210892215076,6.92794004686039
escs_h_cc,DEU,36,459.383012243801,455.597438486345,-3.78557375745623,6.81854754321991,495.83896676803,503.543850934271,7.7048841662409,6.92826700753122,522.562333497446,530.311851664964,7.74951816751741,7.63136938588369,564.001261089082,576.48008042199,12.4788193329078,6.90465618437751,36.4559545242286,47.9464124479257,11.4904579236971,6.76217308146278,63.1793212536449,74.7144131786185,11.5350919249736,7.65747294032308,104.618248845281,120.882641935645,16.2643930903641,8.28113768356212,26.7233667294163,26.7680007306928,0.0446340012765063,7.5133714637403,68.1622943210526,72.9362294877196,4.77393516666695,7.94045592459513,41.4389275916363,46.1682287570268,4.72930116539044,7.23703170605528
escs_h_cc,DNK,36,459.949953528027,457.449135596846,-2.50081793118187,5.69906610212866,493.482346738815,479.34876602267,-14.1335807161448,6.60689274945477,517.528211219186,515.847941374786,-1.6802698444003,6.58247948417194,524.581426752725,522.279618363105,-2.30180838961974,6.52195111039741,33.5323932107872,21.8996304258243,-11.632762784963,6.171020728252,57.5782576911587,58.3988057779403,0.820548086781571,6.93516024272348,64.6314732246979,64.83048276626,0.199009541562134,7.24580870196668,24.0458644803715,36.499175352116,12.4533108717445,6.78129002476449,31.0990800139106,42.9308523404357,11.8317723265251,7.12359194251391,7.05321553353917,6.43167698831974,-0.621538545219437,7.24342589568083
escs_h_cc,ESP,36,455.476069970056,447.789151666121,-7.68691830393436,4.66624025639363,477.663003394166,475.477262621809,-2.18574077235718,4.73581427059157,500.858486367981,502.943010744877,2.08452437689652,4.42811802431032,524.279258508921,522.4823345996,-1.79692390932098,4.51335038940362,22.1869334241101,27.6881109556873,5.50117753157718,4.12999645468152,45.3824163979249,55.1538590787558,9.77144268083089,3.99899093248126,68.8031885388656,74.693182933479,5.88999439461338,4.36085607458251,23.1954829738148,27.4657481230685,4.2702651492537,3.35833337500547,46.6162551147555,47.0050719777917,0.388816863036197,4.13792835798442,23.4207721409407,19.5393238547232,-3.88144828621751,3.76922893677664
escs_h_cc,EST,36,496.909239632877,494.3203551202,-2.58888451267751,5.41907503033283,515.533824342859,521.077616026727,5.54379168386788,5.60428166461593,540.627890869131,550.814718444696,10.1868275755643,5.43563203140132,566.837073500354,566.182292825751,-0.654780674602421,5.88624161978895,18.6245847099821,26.7572609065275,8.13267619654539,5.52861436800383,43.7186512362541,56.4943633244959,12.7757120882418,5.48146966010925,69.9278338674764,71.8619377055515,1.93410383807509,6.46560714943872,25.094066526272,29.7371024179683,4.6430358916964,5.41100641413425,51.3032491574943,45.104676799024,-6.1985723584703,5.77715856325973,26.2091826312223,15.3675743810556,-10.8416082501667,5.40555036887645
escs_h_cc,FIN,36,480.189481849746,477.077447642929,-3.11203420681665,5.49185539789057,501.662268615202,506.216510999078,4.55424238387639,5.6286088104929,532.176868875056,534.520625748843,2.34375687378702,5.77799654227129,557.714077440617,558.357052773443,0.642975332826609,5.4341573698279,21.472786765456,29.1390633561491,7.66627659069303,5.32298762569327,51.9873870253102,57.4431781059139,5.45579108060366,5.43769606935492,77.5245955908708,81.2796051305141,3.75500953964325,5.77357867768949,30.5146002598542,28.3041147497648,-2.21048551008937,5.71808020024892,56.0518088254148,52.140541774365,-3.91126705104978,5.70189225834277,25.5372085655606,23.8364270246002,-1.70078154096041,5.64167728333031
escs_h_cc,FRA,36,445.629986941318,460.234070573223,14.604083631905,6.36974091328234,483.227467534815,491.806963522987,8.5794959881718,5.99843123737136,514.164745034378,522.587459618566,8.42271458418827,6.90959296090825,551.815169324557,552.842073761923,1.02690443736674,6.55343838309103,37.5974805934976,31.5728929497643,-6.02458764373324,6.13902627866943,68.53475809306,62.3533890453433,-6.18136904771677,6.70764123233924,106.185182383239,92.6080031887005,-13.5771791945383,6.88283574190636,30.9372774995625,30.7804960955789,-0.15678140398353,6.36451800110671,68.5877017897412,61.0351102389362,-7.55259155080506,6.82088758395376,37.6504242901788,30.2546141433572,-7.39581014682153,6.43096773637128
escs_h_cc,GBR,36,478.010049446364,489.99819951709,11.9881500707261,6.29036251090734,495.970709890824,518.778142674364,22.8074327835408,6.24154755589165,522.034225460539,544.035338833567,22.0011133730275,6.21277625831547,555.985637497402,570.50594318955,14.5203056921484,7.05031498107679,17.9606604444594,28.7799431572741,10.8192827128147,7.03001414070043,44.0241760141749,54.0371393164763,10.0129633023013,7.46115633133258,77.9755880510377,80.50774367246,2.53215562142231,7.87221979580554,26.0635155697156,25.2571961592022,-0.806319410513368,7.09246713564221,60.0149276065783,51.7278005151859,-8.28712709139239,7.5524060503918,33.9514120368627,26.4706043559837,-7.48080768087903,6.41925734015778
escs_h_cc,GRC,36,412.30823642076,406.495260635037,-5.81297578572327,6.43860800942244,431.578132984637,433.317066003605,1.73893301896862,6.05558202417308,457.549956877603,461.803469531645,4.25351265404225,6.43230711631992,486.033039737549,484.404657290532,-1.62838244701692,6.61678455781022,19.2698965638762,26.8218053685681,7.55190880469189,6.59612566920121,45.2417204568422,55.3082088966078,10.0664884397655,6.72865032345994,73.7248033167882,77.9093966554945,4.18459333870635,7.51605306775901,25.971823892966,28.4864035280397,2.51457963507363,6.17161712143309,54.4549067529119,51.0875912869264,-3.36731546598554,5.96588805992447,28.4830828599459,22.6011877588867,-5.88189510105917,6.55911720445989
escs_h_cc,HUN,36,434.113255952668,439.542679282582,5.42942332991476,6.30926252569748,470.784429732559,475.301200766175,4.51677103361595,6.15184738057863,513.02016851292,505.767046676788,-7.25312183613164,6.49931953067446,548.46241553238,540.117450341803,-8.34496519057643,6.84842220457061,36.6711737798918,35.758521483593,-0.912652296298802,6.44785840512938,78.9069125602519,66.2243673942055,-12.6825451660464,7.51936584786501,114.349159579712,100.574771059221,-13.7743885204912,8.14840203985859,42.2357387803601,30.4658459106125,-11.7698928697476,6.01277394486149,77.6779857998201,64.8162495756277,-12.8617362241924,7.40535694609559,35.44224701946,34.3504036650152,-1.09184335444479,6.58262062387997
escs_h_cc,IRL,36,472.426637253756,472.844844548817,0.418207295060654,5.50920010486251,494.885078063356,495.781899117793,0.896821054437567,5.6828319776771,518.207129212076,521.674567273634,3.46743806155735,5.46423098336329,541.099535854414,543.328865047888,2.22932919347431,5.45899670853668,22.4584408095998,22.9370545689767,0.478613759376913,5.49188428199911,45.7804919583204,48.8297227248171,3.04923076649669,5.77477194458305,68.6728986006578,70.4840204990715,1.81112189841366,5.76862690516691,23.3220511487206,25.8926681558404,2.57061700711978,5.78412793361309,46.214457791058,47.5469659300948,1.33250813903675,5.66311033874712,22.8924066423374,21.6542977742544,-1.23810886808303,5.46944807399131
escs_h_cc,ISL,36,415.661754043024,429.072645606536,13.4108915635121,6.02763774873404,451.179378626443,458.570954680035,7.39157605359151,6.59235300906485,471.355321061783,477.148323022835,5.7930019610518,6.13914257472268,482.240017584502,491.746918743726,9.50690115922379,5.99231761935383,35.5176245834195,29.4983090734989,-6.0193155099206,7.48666036880436,55.6935670187592,48.0756774162989,-7.61788960246031,7.56551444992348,66.5782635414782,62.6742731371899,-3.90399040428832,7.64188483529528,20.1759424353397,18.5773683428,-1.59857409253971,8.21652906867626,31.0606389580587,33.175964063691,2.11532510563228,7.30773700492214,10.8846965227191,14.5985957208911,3.71389919817199,7.38239797537747
escs_h_cc,ISR,36,419.569406997333,427.383762124228,7.81435512689552,7.0118667613314,466.549908212813,473.153268911303,6.60336069848921,7.74020267218834,508.115687270604,500.919359515871,-7.19632775473303,8.15145830033707,523.468554407607,523.050690202257,-0.417864205349815,7.20241372550423,46.9805012154806,45.7695067870743,-1.21099442840631,7.86371248880139,88.5462802732711,73.5355973916425,-15.0106828816286,8.50852768600076,103.899147410274,95.6669280780285,-8.23221933224534,8.20734940348328,41.5657790577905,27.7660906045683,-13.7996884532222,7.88769960035769,56.9186461947933,49.8974212909543,-7.02122490383903,8.2460591608079,15.3528671370028,22.131330686386,6.77846354938322,7.84041916373919
escs_h_cc,ITA,36,441.386813370333,453.235603183843,11.84878981351,5.82690486126894,472.324393513263,482.724351219848,10.3999577065845,5.97572185360309,491.411498641172,504.59228763112,13.1807889899484,6.00581116135831,518.922509854875,529.771014212125,10.8485043572497,6.71383547975619,30.9375801429297,29.4887480360042,-1.44883210692552,5.41569334286901,50.0246852708383,51.3566844472767,1.33199917643844,6.22397907106049,77.535696484542,76.5354110282817,-1.00028545626031,6.95754159898064,19.0871051279086,21.8679364112725,2.78083128336397,5.23245697559573,46.5981163416122,47.0466629922775,0.448546650665207,6.28481564580839,27.5110112137037,25.1787265810049,-2.33228463269876,5.16407371159012
escs_h_cc,JPN,36,518.677286161041,507.560322687155,-11.1169634738854,7.62874072132454,543.974185366456,534.761926639013,-9.21225872744253,6.50356330321447,562.721952496525,557.973213050236,-4.74873944628951,6.63439025337134,578.57913920879,584.044115668019,5.46497645922875,7.21046510498953,25.2968992054155,27.2016039518584,1.90470474644292,6.75903158600362,44.0446663354845,50.4128903630805,6.36822402759594,7.95539800507241,59.9018530477499,76.4837929808641,16.5819399331142,9.02130376616709,18.7477671300691,23.2112864112221,4.46351928115303,6.15984983473834,34.6049538423345,49.2821890290057,14.6772351866713,7.17156780009513,15.8571867122654,26.0709026177836,10.2137159055183,5.96321033222772
escs_h_cc,KOR,36,502.038325199843,498.76485422872,-3.27347097112312,7.07924042404409,519.541019034113,537.143458605469,17.6024395713554,8.1401077178503,540.542110109303,553.051537991044,12.509427881741,6.50537675566159,568.077097900368,567.614204740474,-0.462893159894179,7.59910264182569,17.5026938342705,38.378604376749,20.8759105424785,7.13153046780805,38.5037849094604,54.2866837623245,15.7828988528641,7.81641276517466,66.038772700525,68.8493505117539,2.81057781122894,8.63784649346092,21.0010910751898,15.9080793855754,-5.0930116896144,8.04363879291262,48.5360788662545,30.4707461350049,-18.0653327312496,8.69753418358376,27.5349877910646,14.5626667494295,-12.9723210416352,6.94104037543794
escs_h_cc,LTU,36,453.235239892547,470.184618823317,16.94937893077,5.87827660083849,482.706183896715,495.882367863785,13.1761839670708,6.2145057091594,508.509282971004,526.671891104788,18.1626081337847,6.03079551673053,530.77487492588,537.446740610875,6.67186568499471,6.68774580131482,29.4709440041675,25.6977490404682,-3.77319496369921,6.30141063467598,55.2740430784567,56.4872722814714,1.21322920301469,6.69195318763825,77.5396350333331,67.2621217875578,-10.2775132457753,7.23316099546177,25.8030990742893,30.7895232410032,4.9864241667139,6.41261829518413,48.0686910291656,41.5643727470896,-6.50431828207604,6.68184479555573,22.2655919548764,10.7748495060864,-11.4907424487899,6.33494733452538
escs_h_cc,LVA,36,467.717731633861,455.78229717417,-11.9354344596906,6.06104567029708,486.219409391148,480.943602359609,-5.27580703153888,6.07502627789561,512.699551517609,504.606683707024,-8.09286781058415,5.58523530616969,532.520385981925,516.893668062719,-15.6267179192062,5.64495757344884,18.5016777572876,25.1613051854393,6.65962742815174,6.10959313934694,44.9818198837478,48.8243865328543,3.84256664910646,6.16666768638647,64.8026543480644,61.1113708885488,-3.69128345951555,6.42874513106839,26.4801421264602,23.663081347415,-2.81706077904528,5.98336512936008,46.3009765907768,35.9500657031095,-10.3509108876673,6.60304741509921,19.8208344643166,12.2869843556946,-7.53385010862201,6.43826781156094
escs_h_cc,MEX,36,384.977798246803,389.04145999407,4.06366174726685,4.86222665340578,399.520837438707,410.82253015179,11.3016927130828,5.21240289731308,416.819281870825,427.310387986132,10.4911061153067,5.63787046909783,449.007917069244,456.352095677003,7.34417860775864,6.77558609226899,14.5430391919037,21.7810701577197,7.23803096581599,4.63084638121566,31.8414836240216,38.2689279920614,6.4274443680398,5.08024691288429,64.0301188224404,67.3106356829322,3.28051686049179,6.91743552695088,17.2984444321179,16.4878578343417,-0.810586597776194,4.83509853036645,49.4870796305367,45.5295655252125,-3.95751410532421,6.90806893131847,32.1886351984188,29.0417076908708,-3.14692750754801,5.98560030948693
escs_h_cc,NLD,36,455.342417584791,462.920751459273,7.57833387448233,7.23645771282696,478.266190858617,487.160132882515,8.89394202389747,7.48082932471995,525.10690012099,528.85888862596,3.75198850497009,6.9494062725884,547.084538572531,551.769256081691,4.68471750916081,6.95549692680373,22.9237732738262,24.2393814232414,1.31560814941514,6.9452510188732,69.7644825361991,65.9381371666868,-3.82634536951224,8.41303555741136,91.7421209877396,88.8485046224181,-2.89361636532152,8.85887478655663,46.8407092623729,41.6987557434455,-5.14195351892738,7.052023062766,68.8183477139134,64.6091231991767,-4.20922451473666,8.00622285998911,21.9776384515405,22.9103674557313,0.932729004190719,7.10321170987841
escs_h_cc,NOR,36,450.225700190298,443.318879768505,-6.9068204217927,5.67730712394014,480.161321755227,478.411488459737,-1.74983329549002,5.89378895190215,501.5136632834,505.359892723847,3.84622944044742,5.9285618782786,520.421683470674,518.360341113686,-2.06134235698869,6.05768969548569,29.9356215649288,35.0926086912315,5.15698712630268,6.11392293740116,51.2879630931014,62.0410129553416,10.7530498622401,6.8258318567157,70.1959832803762,75.0414613451802,4.84547806480401,6.64150886183486,21.3523415281726,26.9484042641101,5.59606273593744,6.31561943146837,40.2603617154474,39.9488526539487,-0.311509061498668,6.13380226255079,18.9080201872748,13.0004483898387,-5.90757179743611,6.07382551536558
escs_h_cc,NZL,36,470.922350795214,488.138002936944,17.2156521417301,6.28466600708963,509.982406569307,519.087941998114,9.10553542880677,6.62789657618442,536.634602484968,550.915569281777,14.2809667968088,6.00745181857485,556.484985673624,578.437282704182,21.9522970305583,5.89149258210583,39.0600557740933,30.94993906117,-8.11011671292334,6.54182275436634,65.7122516897549,62.7775663448335,-2.93468534492132,7.29852592978885,85.5626348784105,90.2992797672387,4.73664488882815,7.50428338895747,26.6521959156615,31.8276272836636,5.17543136800202,7.52008357868869,46.5025791043172,59.3493407060687,12.8467616017515,7.54695787608465,19.8503831886557,27.5217134224051,7.67133023374947,7.10584566825422
escs_h_cc,POL,36,466.509496223432,466.835509916148,0.326013692715435,5.64745618121688,492.366723602048,495.228281215282,2.86155761323386,5.5232663756944,518.889442536568,528.501752359011,9.61230982244342,6.44456402793039,549.971596598917,550.388334490962,0.416737892044466,6.40355725725805,25.857227378616,28.3927712991344,2.53554392051842,5.37889296476138,52.3799463131358,61.6662424428638,9.28629612972799,6.39913353629022,83.4621003754853,83.5528245748143,0.0907241993290313,7.18416817008994,26.5227189345198,33.2734711437294,6.75075220920957,6.2575785860689,57.6048729968692,55.1600532756799,-2.44481972118939,6.77000588709182,31.0821540623494,21.8865821319505,-9.19557193039896,6.00123186664975
escs_h_cc,PRT,36,447.790392185767,447.695465587055,-0.0949265987125614,6.22494353617826,472.992082527172,480.201789418793,7.2097068916209,7.01055512557317,501.891965096583,510.788601140847,8.89663604426386,6.36762142370512,533.176093393583,540.751265385801,7.57517199221809,5.84457746310505,25.2016903414051,32.5063238317385,7.30463349033346,6.01544546302732,54.1015729108156,63.093135553792,8.99156264297642,6.09483013723722,85.3857012078159,93.0557997987465,7.67009859093065,6.60816172726667,28.8998825694105,30.5868117220535,1.68692915264296,5.80079962461268,60.1840108664108,60.549475967008,0.365465100597191,6.89319945190511,31.2841282970003,29.9626642449545,-1.32146405204577,5.6554502281428
escs_h_cc,SVK,36,406.466059452692,434.724781528945,28.2587220762524,6.92192970472869,459.56678788967,476.373016969937,16.8062290802672,6.15011127668925,487.993962324145,503.617790963652,15.6238286395075,6.65072192928346,529.634994052486,543.526229839845,13.8912357873595,6.66583193907555,53.1007284369773,41.648235440992,-11.4524929959852,6.08545662299685,81.5279028714526,68.8930094347076,-12.634893436745,7.84626050214192,123.168934599793,108.8014483109,-14.3674862888929,8.47632212878875,28.4271744344753,27.2447739937156,-1.18240044075975,6.85427534646584,70.0682061628161,67.1532128699084,-2.9149932929077,7.533215027513,41.6410317283408,39.9084388761928,-1.73259285214795,6.29528833400416
escs_h_cc,SVN,36,460.239656173707,455.989839601577,-4.24981657213056,5.45460577777213,493.022952610533,482.633185755683,-10.3897668548496,5.51306585067418,524.126758441158,519.61636065271,-4.51039778844836,5.68638044685996,538.615004583591,540.412889279911,1.7978846963191,5.18668839372535,32.7832964368254,26.6433461541063,-6.13995028271904,6.19689733151635,63.887102267451,63.6265210511332,-0.260581216317803,6.66991630879813,78.375348409884,84.4230496783337,6.04770126844966,6.13830033604628,31.1038058306256,36.9831748970269,5.87936906640124,6.40395767996867,45.5920519730586,57.7797035242273,12.1876515511687,6.31560539484926,14.488246142433,20.7965286272005,6.30828248476746,6.43747695797673
escs_h_cc,SWE,36,454.074436457169,449.7960447539,-4.27839170326899,5.81708022807914,487.746166048734,490.543682136073,2.79751608733869,5.89693555529568,523.00877729626,530.96127718528,7.95249988901946,6.31677525659291,550.254077156553,545.676403806111,-4.57767335044161,6.56416844055802,33.6717295915652,40.7476373821729,7.07590779060769,6.15452032144694,68.9343408390913,81.1652324313797,12.2308915922885,6.525989108278,96.1796406993835,95.8803590522109,-0.29928164717262,7.43669156413477,35.2626112475261,40.4175950492069,5.15498380168077,6.20766672752542,62.5079111078183,55.132721670038,-7.37518943778031,6.91240966520283,27.2452998602922,14.7151266208311,-12.5301732394611,6.14591318488415
escs_h_cc,TUR,36,450.934358420533,465.922716757417,14.9883583368836,5.31219251665276,464.074679847357,487.833632853312,23.7589530059549,5.16640363280365,473.717720408613,503.821994370742,30.1042739621284,5.64808897574027,520.430110681674,553.031715335386,32.601604653712,6.06928974865839,13.1403214268234,21.9109160958948,8.77059466907139,4.956430203952,22.7833619880802,37.899277613325,15.1159156252448,5.75787789033364,69.4957522611407,87.1089985779692,17.6132463168285,6.83458614245111,9.64304056125673,15.9883615174302,6.34532095617345,4.79687557674796,56.3554308343173,65.1980824820743,8.84265164775707,6.41145514814494,46.7123902730605,49.2097209646441,2.49733069158361,6.35107351534228
escs_h_cc,USA,36,459.949792349602,463.285309974331,3.33551762472843,8.00419304248947,485.461583833256,496.339942853586,10.8783590203301,9.33344449735753,520.056891404888,522.006898165734,1.95000676084578,14.3859460208103,558.162652862403,572.645199260442,14.4825463980385,17.9421622363798,25.5117914836536,33.0546328792553,7.54284139560167,9.73901828256711,60.1070990552859,58.7215881914033,-1.38551086388264,14.1674693553028,98.2128605128008,109.359889286111,11.1470287733101,17.9983782265276,34.5953075716323,25.666955312148,-8.92835225948431,13.9200389936704,72.7010690291472,76.3052564068556,3.6041873777084,18.3228029611138,38.1057614575149,50.6383010947076,12.5325396371927,14.485365824487
escs_h_cc,OECD,36,451.85043673833,456.371529884103,4.52109314577234,3.23649346837225,480.999780055122,487.57530150634,6.57552145121809,3.24324458492352,508.329213056579,515.153948909696,6.82473585311743,3.26059856872512,536.007555840569,540.803850630956,4.79629479038681,3.28543132249451,29.1493433167919,31.2037716222377,2.05442830544575,1.03976116844465,56.4787763182482,58.7824190255933,2.30364270734509,1.163100585689,84.1571191022388,84.4323207468533,0.275201644614469,1.29991300123578,27.3294330014563,27.5786474033556,0.249214401899337,1.08720217536642,55.0077757854469,53.2285491246156,-1.77922666083128,1.22183657383865,27.6783427839906,25.64990172126,-2.02844106273062,1.11411992371458
escs_h_cc,OECD35,35,451.746847217424,456.616740690331,4.86989347290694,3.24182126614736,481.09511653115,487.920959760184,6.82584322903443,3.24886934936692,508.542662390539,515.502832857262,6.96017046672358,3.26754696269163,536.342650050045,541.327322517566,4.98467246752159,3.29366339923113,29.3482693137257,31.3042190698532,1.9559497561275,1.0629389330134,56.7958151731147,58.8860921669313,2.09027699381664,1.19086342327359,84.5958028326208,84.7105818272354,0.114778994614653,1.33123536092593,27.4475458593889,27.5818730970781,0.134327237689149,1.11414090774095,55.2475335188951,53.4063627573822,-1.84117076151284,1.25117284000619,27.7999876595061,25.8244896603042,-1.97549799920199,1.14088044273285
escs_h_min3,AUS,36,460.151532938901,465.434626012618,5.28309307371632,5.17575864601228,492.870570916055,501.079353034525,8.20878211847042,4.98651498994492,529.877594051141,532.506371359836,2.62877730869548,5.08476941423643,552.493590647874,554.922013028027,2.42842238015317,5.14472929670034,32.7190379771533,35.6447270219074,2.92568904475411,4.75600720887119,69.7260611122393,67.0717453472184,-2.65431576502084,5.05480371007453,92.3420577089725,89.4873870154094,-2.85467069356315,5.61135434448718,37.007023135086,31.427018325311,-5.58000480977495,4.61212496306157,59.6230197318192,53.8426599935019,-5.78035973831726,4.9867904146883,22.6159965967332,22.4156416681909,-0.200354928542311,4.36775815308581
escs_h_min3,AUT,36,434.374669406216,446.022753845762,11.6480844395464,6.33119203532416,477.761347148239,491.434123019694,13.6727758714555,6.60271744007291,516.269564796436,518.874540777956,2.60497598151994,5.40589268517794,547.97562459659,550.846632901365,2.87100830477505,5.6024167637711,43.386677742023,45.4113691739322,2.0246914319091,6.39971435160251,81.8948953902204,72.851786932194,-9.04310845802644,5.61271768791004,113.600955190374,104.823879055603,-8.77707613477134,6.38533386438519,38.5082176481974,27.4404177582619,-11.0677998899355,6.13748724704011,70.2142774483514,59.4125098816709,-10.8017675666804,5.90377948925704,31.706059800154,31.9720921234091,0.266032323255104,4.90397843394103
escs_h_min3,BEL,36,435.77135928757,448.290890711882,12.5195314243118,6.2583310955692,473.295415021428,478.796116846771,5.50070182534324,6.13255696905454,515.534451859801,523.555237400217,8.02078554041589,6.40802214292962,544.88423859199,548.766914255455,3.88267566346497,5.61617214869013,37.5240557338578,30.5052261348892,-7.01882959896858,6.16659735910692,79.7630925722311,75.2643466883351,-4.49874588389594,6.93843481588797,109.11287930442,100.476023543573,-8.63685576084686,6.8455985179242,42.2390368383733,44.7591205534459,2.52008371507264,5.84141580281959,71.5888235705621,69.9707974086838,-1.61802616187828,6.23156867498167,29.3497867321888,25.2116768552379,-4.13810987695092,5.87343856934221
escs_h_min3,CAN,36,480.760531226912,477.6647526692,-3.09577855771238,4.77869818943997,504.80491388619,508.23070291571,3.42578902951959,4.78606391569016,532.132087601761,536.487144927254,4.35505732549291,4.7354277216354,549.520133508078,546.846236731227,-2.67389677685139,5.28025617117519,24.0443826592776,30.5659502465096,6.52156758723197,4.09949646950303,51.3715563748485,58.8223922580538,7.45083588320529,4.5884640065453,68.7596022811659,69.1814840620269,0.421881780860986,5.26034198294753,27.3271737155708,28.2564420115442,0.929268295973316,3.74655517249976,44.7152196218883,38.6155338155173,-6.09968580637099,4.67604455981724,17.3880459063174,10.3590918039731,-7.0289541023443,4.38910273850867
escs_h_min3,CHE,36,450.945335593831,454.513041989804,3.56770639597272,5.94057965925861,485.909951638662,491.61530390721,5.70535226854798,6.3281153248885,524.029971636838,527.98529770162,3.95532606478184,5.65588738860126,558.418495540232,558.940981972593,0.522486432361006,5.71796551841426,34.9646160448313,37.1022619174065,2.13764587257526,6.29421899985887,73.0846360430069,73.472255711816,0.387619668809123,5.96985422800727,107.473159946401,104.42793998279,-3.04521996361171,6.78456663512746,38.1200199981756,36.3699937944095,-1.75002620376614,5.3662391775204,72.5085439015701,67.3256780653831,-5.18286583618698,6.27504456848631,34.3885239033945,30.9556842709736,-3.43283963242084,5.60019083117243
escs_h_min3,CHL,36,412.236721133266,412.367477194069,0.13075606080281,6.32184359166977,434.019694680546,434.112540399973,0.0928457194272028,5.68503288074256,450.976192118227,447.908984704178,-3.06720741404979,6.30631860768798,487.221535807166,494.240385909365,7.01885010219888,6.13817105431816,21.7829735472802,21.7450632059046,-0.037910341375607,6.3213284927078,38.7394709849615,35.5415075101089,-3.1979634748526,6.50826856010809,74.9848146739004,81.8729087152964,6.88809404139607,7.51958981604962,16.9564974376814,13.7964443042044,-3.16005313347699,6.21496053735041,53.2018411266202,60.1278455093919,6.92600438277168,6.17378880506986,36.2453436889388,46.3314012051875,10.0860575162487,6.33970665152222
escs_h_min3,COL,36,377.621739516088,376.911387622372,-0.710351893716052,5.38721108942065,397.334687162701,404.544850925023,7.21016376232234,6.12544212882195,415.090961495569,423.517848674018,8.42688717844851,7.066403282229,462.414808530381,472.248233042305,9.83342451192345,10.6655482508439,19.7129476466125,27.6334633026509,7.92051565603839,5.92454640863416,37.4692219794807,46.6064610516453,9.13723907216456,6.76336157658036,84.7930690142928,95.3368454199323,10.5437764056395,11.2708362873393,17.7562743328682,18.9729977489944,1.21672341612617,5.33675007078136,65.0801213676803,67.7033821172814,2.62326074960112,9.96981354915693,47.3238470348121,48.7303843682871,1.40653733347494,9.76748550723557
escs_h_min3,CZE,36,442.724943955118,442.286303442257,-0.438640512860445,6.01090364043511,488.442764784481,482.784202050677,-5.6585627338041,5.55545869968293,510.351139542886,503.712332989641,-6.6388065532451,5.9290327789373,550.911627887188,545.336289598938,-5.5753382882499,6.44221744686328,45.7178208293635,40.4978986084199,-5.21992222094366,5.36087142170363,67.6261955877683,61.4260295473836,-6.20016604038466,5.85062995757574,108.18668393207,103.049986156681,-5.13669777538945,7.76530850519361,21.9083747584048,20.9281309389638,-0.980243819441,5.16359431841705,62.4688631027067,62.552087548261,0.0832244455542082,6.23176194929769,40.560488344302,41.6239566092972,1.06346826499521,6.56164687940987
escs_h_min3,DEU,36,445.960015973604,435.108023881435,-10.8519920921691,6.60051233706072,483.388731104061,484.403475161611,1.0147440575501,7.71829676792293,511.629380570082,516.743581538181,5.11420096809962,7.31705989232127,554.812065852613,562.192278248368,7.38021239575483,7.2152655460671,37.4287151304574,49.2954512801766,11.8667361497192,7.26443668922429,65.6693645964777,81.6355576567464,15.9661930602687,6.71573360819051,108.852049879009,127.084254366933,18.2322044879239,7.96062528776264,28.2406494660203,32.3401063765698,4.09945691054952,7.13702814048038,71.4233347485514,77.7888030867562,6.36546833820472,7.8805992825458,43.1826852825312,45.4486967101864,2.2660114276552,7.22049781583926
escs_h_min3,DNK,36,454.329857018299,442.118307297533,-12.2115497207662,5.74389882049128,488.601208865182,473.446108260444,-15.155100604738,6.39613781179697,514.600535924734,503.638260242315,-10.9622756824193,6.14992678113115,522.256898037408,517.346821826271,-4.91007621113761,6.48068517394208,34.2713518468831,31.3278009629113,-2.94355088397185,6.06452120967341,60.2706789064349,61.5199529447817,1.24927403834687,6.05002568470512,67.927041019109,75.2285145287376,7.30147350962858,7.09277488123976,25.9993270595517,30.1921519818704,4.19282492231872,6.70954254452911,33.6556891722259,43.9007135658263,10.2450243936004,6.95656088859395,7.65636211267417,13.7085615839559,6.05219947128171,7.02354872172428
escs_h_min3,ESP,36,450.016520740113,440.451873107233,-9.56464763288079,4.71256833661823,473.935256913223,468.081493200383,-5.85376371284036,4.73683003535266,496.832526699272,496.869680455821,0.0371537565487756,4.45019059909635,521.579107568107,519.03212979322,-2.54697777488639,4.53973850049131,23.9187361731098,27.6296200931503,3.71088392004043,3.91738545741219,46.8160059591585,56.4178073485881,9.60180138942957,3.92560127107907,71.5625868279934,78.5802566859878,7.01766985799441,4.21501155855333,22.8972697860486,28.7881872554378,5.89091746938914,3.36757770005322,47.6438506548835,50.9506365928375,3.30678593795398,4.22070214239791,24.7465808688349,22.1624493373997,-2.58413153143516,3.57384099315605
escs_h_min3,EST,36,493.811847599542,489.668548010594,-4.14329958894757,5.33131567851209,512.230195171846,515.201815744272,2.97162057242542,5.53515401512772,535.889304312992,546.791307994568,10.9020036815757,5.56623543980638,563.721245119289,563.154831801595,-0.566413317693673,5.80262184284207,18.4183475723047,25.5332677336777,7.11492016137299,5.20129635816513,42.0774567134504,57.1227599839737,15.0453032705233,5.47328427267915,69.9093975197474,73.4862837910013,3.5768862712539,6.22393512365155,23.6591091411457,31.589492250296,7.93038310915028,5.07862646251363,51.4910499474427,47.9530160573236,-3.5380338901191,5.63816540539525,27.831940806297,16.3635238070276,-11.4684169992694,5.38677554819278
escs_h_min3,FIN,36,473.910234746348,467.344098449512,-6.56613629683619,5.39503518633562,497.115013679927,495.181024148495,-1.93398953143168,5.82347036096509,528.010331377973,528.560038092366,0.549706714392983,5.60922296901253,552.826565428916,552.724549964044,-0.102015464872238,5.63202792291792,23.2047789335787,27.8369256989832,4.63214676540451,5.41447039424716,54.1000966316249,61.2159396428541,7.11584301122917,5.3342558755057,78.9163306825677,85.3804515145316,6.46412083196395,5.48033416258619,30.8953176980462,33.3790139438709,2.48369624582466,5.46332354649001,55.711551748989,57.5435258155484,1.83197406655944,5.64588576924949,24.8162340509427,24.1645118716775,-0.651722179265221,5.54858536139485
escs_h_min3,FRA,36,433.91648294321,441.183106819717,7.26662387650754,6.21469563673891,472.306780671706,474.867347021459,2.56056634975266,6.48446393821543,504.195347373133,508.517204381214,4.32185700808014,7.20744852804353,545.475854649053,544.831534869121,-0.644319779931493,6.32662969800971,38.3902977284962,33.6842402017413,-4.70605752675488,6.68342230520058,70.2788644299236,67.3340975614962,-2.94476686842739,6.94829775863679,111.559371705843,103.648428049404,-7.91094365643903,7.02936836902562,31.8885667014274,33.6498573597549,1.76129065832748,6.71907738571126,73.1690739773467,69.9641878476625,-3.20488612968416,6.46454097425137,41.2805072759193,36.3143304879076,-4.96617678801164,6.77641942121109
escs_h_min3,GBR,36,468.198824715149,478.24482969756,10.0460049824109,5.99916743823009,488.96486834007,506.570291128251,17.6054227881807,5.66187371296475,515.946843590312,530.579726816182,14.6328832258699,6.20086229020927,548.716172214596,560.152701405433,11.4365291908368,7.22489239646879,20.7660436249215,28.3254614306914,7.55941780576984,6.41691088297559,47.7480188751635,52.3348971186226,4.58687824345907,6.91880617341616,80.517347499447,81.907871707873,1.39052420842597,8.17039313447927,26.981975250242,24.0094356879312,-2.97253956231077,6.35279579313166,59.7513038745255,53.5824102771816,-6.16889359734387,7.55116266190425,32.7693286242835,29.5729745892504,-3.1963540350331,6.9717108547657
escs_h_min3,GRC,36,408.941790030389,398.501628550182,-10.4401614802064,6.37196518913874,427.65422677837,423.550234512466,-4.10399226590425,5.96098460411408,449.191563705089,454.666556784984,5.47499307989421,6.57960944327051,480.33021325103,476.968971247018,-3.36124200401258,6.66569293646505,18.7124367479819,25.048605962284,6.33616921430212,6.34243917111005,40.2497736747007,56.1649282348013,15.9151545601006,6.67171853636642,71.3884232206416,78.4673426968354,7.07891947619379,7.4769266247344,21.5373369267188,31.1163222725173,9.57898534579846,5.90333609350533,52.6759864726597,53.4187367345514,0.742750261891672,5.76957996150886,31.1386495459409,22.3024144620341,-8.83623508390679,6.21477443770234
escs_h_min3,HUN,36,429.986253400279,430.021195797548,0.034942397268992,6.6524791659473,465.749060364519,467.695795570148,1.94673520562912,5.87376965009975,505.972166404215,499.808785584862,-6.1633808193522,6.56508754805563,545.343154857017,534.670760598011,-10.6723942590063,6.86766218327628,35.76280696424,37.6745997726002,1.91179280836013,6.36656163921256,75.9859130039359,69.7875897873147,-6.19832321662119,7.50800152160311,115.356901456738,104.649564800463,-10.7073366562753,8.38146638054453,40.2231060396958,32.1129900147145,-8.11011602498132,6.16598142326991,79.5940944924983,66.9749650278629,-12.6191294646354,7.30479727950946,39.3709884528025,34.8619750131484,-4.5090134396541,6.64741267107616
escs_h_min3,IRL,36,469.931230169205,462.993302534733,-6.93792763447175,5.63156652646401,492.018120317779,487.410673163699,-4.60744715407992,5.67777735491802,517.036484576628,518.391282859372,1.35479828274367,5.5327570482804,540.234938115219,539.654324725679,-0.580613389540531,5.31539665151297,22.0868901485738,24.4173706289656,2.33048048039183,5.26406331132986,47.1052544074229,55.3979803246384,8.29272591721542,5.87009780203419,70.3037079460143,76.6610221909455,6.35731424493122,5.61002380390642,25.0183642588492,30.9806096956727,5.96224543682359,5.42085370111802,48.2168177974405,52.2436515619799,4.02683376453939,5.5533416067164,23.1984535385914,21.2630418663072,-1.9354116722842,5.25312789618403
escs_h_min3,ISL,36,406.360603761228,413.179629069455,6.8190253082268,5.92978975571697,441.785229374205,446.023802196947,4.2385728227415,5.84277362818008,466.784354415406,465.017727792023,-1.76662662338282,6.01273564452743,476.342119603835,484.480041311236,8.13792170740061,6.02233007076726,35.4246256129776,32.8441731274923,-2.5804524854853,7.02497722304044,60.4237506541781,51.8380987225685,-8.58565193160962,7.57002394424519,69.9815158426071,71.3004122417809,1.31889639917381,7.43286003964,24.9991250412005,18.9939255950762,-6.00519944612432,7.24852505669376,34.5568902296295,38.4562391142886,3.89934888465911,6.86492983840951,9.55776518842896,19.4623135192124,9.90454833078343,7.38694374703004
escs_h_min3,ISR,36,407.009423102514,411.992958456896,4.98353535438224,6.44658808879827,453.61059870362,445.470503185272,-8.14009551834863,6.99772122755172,495.423682059274,480.220759030237,-15.2029230290369,7.33899094892517,515.147351379368,502.446898389401,-12.7004529899671,7.35499095664717,46.601175601106,33.4775447283752,-13.1236308727309,7.21446548335939,88.4142589567601,68.227800573341,-20.1864583834191,7.3775876582753,108.137928276854,90.453939932505,-17.6839883443493,7.95827168764546,41.8130833556541,34.7502558449659,-7.06282751068824,6.60950184681082,61.5367526757483,56.9763952041299,-4.56035747161843,7.17902210111496,19.7236693200942,22.226139359164,2.50247003906981,7.09626012259893
escs_h_min3,ITA,36,439.892828027573,444.074778393672,4.18195036609865,5.89504490591227,468.595507879008,474.302680450039,5.70717257103104,5.79317913135294,488.893760364736,497.738180191497,8.84441982676037,6.58100114691647,515.988911400649,525.441896006821,9.45298460617187,6.64602438134914,28.7026798514347,30.227902056367,1.52522220493239,5.10979809955094,49.000932337163,53.6634017978247,4.66246946066173,6.66279560352778,76.096083373076,81.3671176131492,5.27103424007322,7.01546390524585,20.2982524857283,23.4354997414577,3.13724725572934,5.71859623543889,47.3934035216413,51.1392155567821,3.74581203514083,6.28787596688353,27.095151035913,27.7037158153245,0.608564779411495,5.56246076287981
escs_h_min3,JPN,36,515.078487864697,500.569620091477,-14.5088677732202,7.89666851394405,540.368487454532,531.187871054095,-9.18061640043766,6.23849837338798,559.20043002288,554.088654779592,-5.11177524328843,6.658223342769,574.286528760382,578.266703477161,3.98017471677883,7.28725500602337,25.2899995898355,30.6182509626181,5.32825137278257,6.75547290864414,44.1219421581831,53.5190346881149,9.3970925299318,7.84547315707762,59.2080408956853,77.6970833856843,18.4890424899991,9.02136538447616,18.8319425683476,22.9007837254968,4.06884115714922,5.75229729354715,33.9180413058498,47.0788324230663,13.1607911172165,6.95551666917811,15.0860987375022,24.1780486975695,9.09194996006727,5.87797300749725
escs_h_min3,KOR,36,494.970372584867,488.429456698483,-6.54091588638443,7.4494100075191,513.153255625897,524.559588103926,11.4063324780288,7.22976538926952,538.321074170971,545.000453247031,6.67937907606006,7.36150716406587,566.956731121705,560.222798448768,-6.73393267293727,7.5350178383445,18.1828830410304,36.1301314054437,17.9472483644133,7.17772154301122,43.3507015861038,56.5709965485482,13.2202949624445,7.53631461517706,71.9863585368385,71.7933417502857,-0.193016786552846,8.0602698810544,25.1678185450734,20.4408651431046,-4.72695340196879,6.65798721662694,53.8034754958081,35.663210344842,-18.1402651509661,8.47670280914165,28.6356569507348,15.2223452017374,-13.4133117489973,7.60782688951999
escs_h_min3,LTU,36,447.929484673419,456.534069599711,8.60458492629164,5.40383722066135,471.041612641437,483.266525723758,12.2249130823213,5.17071332948476,500.92276546986,511.434412966726,10.5116474968659,5.56486014881296,523.846909407753,524.033583884826,0.186674477073439,5.93817099227452,23.112127968018,26.7324561240477,3.62032815602964,5.31102829955964,52.9932807964412,54.9003433670155,1.90706257057428,5.58409830483793,75.9174247343337,67.4995142851155,-8.4179104492182,6.46573572543334,29.8811528284232,28.1678872429678,-1.71326558545536,5.43712048635621,52.8052967663157,40.7670581610679,-12.0382386052478,5.94412000708645,22.9241439378926,12.5991709181001,-10.3249730197925,5.70356541020109
escs_h_min3,LVA,36,463.294440211805,445.93948506811,-17.3549551436954,5.68665066316971,482.08303978247,471.135391591066,-10.9476481914039,5.68466404392238,504.753903026574,494.980377351074,-9.77352567549974,5.54917786308451,528.491805389239,507.628488140374,-20.863317248865,5.44096641342576,18.7885995706649,25.1959065229565,6.40730695229155,5.50529744459951,41.4594628147687,49.0408922829644,7.58142946819567,5.87740635277395,65.1973651774342,61.6890030722647,-3.50836210516957,5.95790536929116,22.6708632441038,23.8449857600079,1.17412251590412,5.60671867517168,46.4087656067693,36.4930965493082,-9.91566905746112,5.83505004025077,23.7379023626655,12.6481107893003,-11.0897915733652,6.12481678382552
escs_h_min3,MEX,36,382.217584593597,383.008870457407,0.791285863810685,4.82070067254348,396.983644502502,405.191840376337,8.20819587383488,4.89692067199597,414.401671954321,420.796069458082,6.39439750376113,5.8183868244087,446.021232900192,451.889789752154,5.86855685196252,6.86763294705609,14.7660599089056,22.1829699189298,7.4169100100242,4.39053773664908,32.1840873607246,37.787199000675,5.60311163995044,5.35703640815115,63.8036483065952,68.880919294747,5.07727098815184,6.79247759867732,17.418027451819,15.6042290817452,-1.81379837007376,4.74058222802542,49.0375883976896,46.6979493758173,-2.33963902187236,6.79256692214385,31.6195609458706,31.093720294072,-0.525840651798603,6.07967175413907
escs_h_min3,NLD,36,443.872486456051,437.249598540488,-6.62288791556301,8.16777032333345,468.459741875077,474.771142932172,6.3114010570942,7.81097032551273,513.913738779005,512.061895244513,-1.85184353449176,8.33911480323922,542.537304677144,544.540444557868,2.00313988072321,6.60831130117743,24.5872554190259,37.5215443916831,12.9342889726572,7.25722269926177,70.0412523229534,74.8122967040246,4.77104438107125,9.79283874314476,98.6648182210929,107.290846017379,8.62602779628622,9.33990014625608,45.4539969039275,37.2907523123415,-8.16324459158597,8.40992161114389,74.077562802067,69.769301625696,-4.30826117637099,8.27558853628025,28.6235658981395,32.4785493133545,3.85498341521497,8.94895571204395
escs_h_min3,NOR,36,440.91408529156,430.912084429122,-10.0020008624374,5.72181548406253,470.930952266416,466.62061997206,-4.31033229435576,5.77955228018942,498.495798826994,497.659254583888,-0.836544243106062,5.7082236515537,515.736029508676,510.637172503229,-5.09885700544731,5.91012852251005,30.0168669748562,35.7085355429378,5.69166856808164,5.71972676362207,57.5817135354345,66.7471701547658,9.16545661933134,6.26148834273929,74.8219442171165,79.7250880741066,4.90314385699008,6.48200907274431,27.5648465605783,31.038634611828,3.4737880512497,5.72367766081646,44.8050772422603,44.0165525311688,-0.788524711091554,6.08829584134057,17.240230681682,12.9779179193408,-4.26231276234125,5.85116391305086
escs_h_min3,NZL,36,455.606140030674,472.532325632317,16.9261856016433,5.93812642393065,500.47126342688,500.686147538427,0.214884111546837,6.34220490376811,530.20927242113,539.252009321511,9.04273690038042,5.99168712290541,551.56544161634,567.064147380038,15.498705763698,5.65378252553524,44.8651233962062,28.1538219061097,-16.7113014900965,6.15973145385121,74.6031323904569,66.719683689194,-7.88344870126292,6.73467985840108,95.9593015856666,94.5318217477213,-1.42747983794533,6.49927054702328,29.7380089942507,38.5658617830843,8.82785278883358,6.95190065585709,51.0941781894605,66.3779998416117,15.2838216521512,6.86043388765042,21.3561691952098,27.8121380585274,6.45596886331759,6.9602585057284
escs_h_min3,POL,36,460.224194971689,456.484785519697,-3.73940945199149,5.70755736081657,486.335308324784,484.623639353719,-1.71166897106468,5.91566944649692,512.703380501406,518.318302669524,5.61492216811814,5.8705121183368,543.865098738548,540.898164667314,-2.96693407123405,6.41609881251703,26.1111133530952,28.138853834022,2.02774048092681,5.52725308309849,52.4791855297169,61.8335171498266,9.35433162010963,5.78356031726259,83.6409037668594,84.4133791476169,0.772475380757442,7.21977964865677,26.3680721766217,33.6946633158045,7.32659113918282,5.41069510411066,57.5297904137642,56.2745253135948,-1.25526510016937,6.70632502615586,31.1617182371425,22.5798619977903,-8.58185623935219,5.85210351568709
escs_h_min3,PRT,36,443.944676289877,440.245235520037,-3.69944076984012,6.03704040629663,468.799442674415,470.24983677284,1.45039409842428,7.0436945125136,498.024195489177,498.201154913414,0.176959424237054,6.10698705879535,530.648670412664,533.719250292224,3.07057987956034,6.27444139958923,24.8547663845383,30.0046012528027,5.14983486826441,5.25378754315887,54.0795191992999,57.955919393377,3.87640019407718,5.49303549518588,86.7039941227869,93.4740147721873,6.77002064940047,6.43705872229225,29.2247528147615,27.9513181405743,-1.27343467418723,5.57261045664099,61.8492277382486,63.4694135193846,1.62018578113606,6.64974544028502,32.624474923487,35.5180953788103,2.89362045532329,5.53249046176968
escs_h_min3,SVK,36,396.751281670165,417.924541046052,21.1732593758873,7.13477708044377,452.869359388086,468.871929058115,16.0025696700294,6.4884354166032,477.371070985405,494.745865379302,17.3747943938972,6.32769902966731,523.258276809993,536.97543742086,13.7171606108665,6.83665673105644,56.1180777179214,50.9473880120635,-5.17068970585791,6.50866004067093,80.6197893152405,76.8213243332504,-3.79846498199009,7.65174654252171,126.506995139829,119.050896374808,-7.45609876502084,8.8279834449053,24.5017115973191,25.8739363211869,1.37222472386782,6.792319750093,70.3889174219073,68.1035083627444,-2.28540905916293,7.56633598129607,45.8872058245882,42.2295720415575,-3.65763378303075,6.13939023107964
escs_h_min3,SVN,36,458.033736834185,445.388469813676,-12.6452670205093,5.15471376074381,488.206056762002,475.848407872389,-12.357648889613,5.43897993557562,520.505415604465,509.899373563448,-10.6060420410171,5.23376397274162,536.851309097226,530.108973316002,-6.74233578122494,4.943531937463,30.1723199278171,30.4599380587133,0.287618130896249,5.78701066397318,62.4716787702803,64.5109037497725,2.03922497949219,5.75348539008937,78.8175722630417,84.7205035023261,5.90293123928433,5.78930501130447,32.2993588424632,34.0509656910592,1.75160684859594,6.12714349267118,48.6452523352247,54.2605654436127,5.61531310838808,6.16617545009677,16.3458934927614,20.2095997525536,3.86370625979214,6.00954796487641
escs_h_min3,SWE,36,445.015149936539,437.104503591892,-7.91064634464749,5.7283390971934,479.447028047449,480.192219998381,0.745191950932281,6.0801700034216,516.348727819049,519.976788480208,3.62806066115923,6.26534376191915,543.950713390304,534.756532254825,-9.19418113547908,6.83324190422173,34.4318781109091,43.0877164064888,8.65583829557977,5.80373370233035,71.3335778825093,82.872284888316,11.5387070058067,6.09561128565455,98.9355634537649,97.6520286629333,-1.2835347908316,7.49623621751765,36.9016997716002,39.7845684818271,2.88286871022694,5.90881412598218,64.5036853428559,54.5643122564445,-9.93937308641136,6.6575333569187,27.6019855712557,14.7797437746174,-12.8222417966383,6.58303573181859
escs_h_min3,TUR,36,450.06816561791,460.494763256392,10.4265976384828,5.29301570517522,462.867665221227,484.113508362403,21.2458431411756,5.06189055895628,472.657137422889,496.762713449962,24.1055760270731,5.5529663343667,518.464934275851,547.672512409287,29.207578133436,6.23805503431511,12.7994996033174,23.6187451060102,10.8192455026928,4.99811149830126,22.5889718049793,36.2679501935697,13.6789783885903,5.51586339349948,68.3967686579413,87.1777491528944,18.7809804949532,6.71898995449548,9.78947220166191,12.6492050875594,2.85973288589753,4.65466626550093,55.5972690546238,63.5590040468842,7.96173499226035,6.53714932398811,45.8077968529619,50.9097989593248,5.10200210636282,6.21589417672245
escs_h_min3,USA,36,454.224182037638,453.902375214528,-0.321806823109739,8.45486801023661,480.997900297588,486.99047658094,5.9925762833513,9.76161743636225,511.736914411235,508.630342445016,-3.10657196621855,12.0132682199895,554.204882113788,566.970802196844,12.7659200830564,17.8730149322838,26.7737182599508,33.0881013664119,6.31438310646104,9.75652604198124,57.5127323735972,54.7279672304883,-2.78476514310881,11.7770684874993,99.9807000761504,113.068426982317,13.0877269061661,18.5250095619811,30.7390141136463,21.6398658640765,-9.09914824956985,11.0585787364268,73.2069818161996,79.9803256159046,6.77334379970506,16.8111889202282,42.4679677025533,58.3404597518282,15.8724920492749,13.854521312694
escs_h_min3,OECD,36,445.249922620834,444.585936056484,-0.663986564350068,3.23683414168752,474.539136158127,476.753099503714,2.21396334558654,3.24027399846515,502.617603927274,505.108292170879,2.49068824360461,3.25242452841597,531.591681133511,533.07306189798,1.48138076446833,3.28585820598668,29.2892135372933,32.1671634472299,2.8779499099366,1.01343090580007,57.36768130644,60.5223561143947,3.15467480795468,1.10489537208869,86.3417585126774,88.4871258414958,2.1453673288184,1.2937754934352,28.0784677691467,28.3551926671648,0.276724898018074,1.01868061243833,57.052544975384,56.3199623942658,-0.732582581118209,1.1867100555421,28.9740772062373,27.964769727101,-1.00930747913628,1.10990365239533
escs_h_min3,OECD35,35,445.11373410314,444.704052140748,-0.409681962392028,3.24212639062066,474.556389850839,477.000859683809,2.44446983297024,3.24573074310614,502.782891848074,505.343681077023,2.56078922894909,3.25889242726595,531.877754663952,533.474231386687,1.59647672273559,3.29408429349797,29.4426557476986,32.2968075430608,2.85415179536227,1.03635971355576,57.6691577449338,60.6396289362749,2.97047119134112,1.13091561162982,86.7640205608112,88.7701792459389,2.00615868512762,1.32528003758902,28.2265019972352,28.3428213932141,0.116319395978849,1.04335871573335,57.3213648131127,56.473371702878,-0.847993110234654,1.21464449593828,29.0948628158774,28.1305503096639,-0.964312506213503,1.1370395031875
