index,cnt,n_systems,Q1_2022,Q1_2025,Q1_change,Q1_se,Q2_2022,Q2_2025,Q2_change,Q2_se,Q3_2022,Q3_2025,Q3_change,Q3_se,Q4_2022,Q4_2025,Q4_change,Q4_se,Q2-Q1_2022,Q2-Q1_2025,Q2-Q1_change,Q2-Q1_se,Q3-Q1_2022,Q3-Q1_2025,Q3-Q1_change,Q3-Q1_se,Q4-Q1_2022,Q4-Q1_2025,Q4-Q1_change,Q4-Q1_se,Q3-Q2_2022,Q3-Q2_2025,Q3-Q2_change,Q3-Q2_se,Q4-Q2_2022,Q4-Q2_2025,Q4-Q2_change,Q4-Q2_se,Q4-Q3_2022,Q4-Q3_2025,Q4-Q3_change,Q4-Q3_se
escs,AUS,36,438.976612372699,436.562809773943,-2.41380259875558,3.49988212935744,471.217159142238,467.346532603046,-3.87062653919168,3.69984826596532,505.808462849715,502.703668667521,-3.10479418219421,3.978579562515,539.493377288553,518.655749235949,-20.8376280526044,4.0169396912023,32.2405467695392,30.7837228291031,-1.4568239404361,4.51086054641122,66.831850477016,66.1408588935774,-0.690991583438631,4.71211037142294,100.516764915854,82.0929394620055,-18.4238254538488,5.03804855211236,34.5913037074769,35.3571360644743,0.765832356997464,3.86610622144752,68.2762181463151,51.3092166329024,-16.9670015134127,4.47558211140591,33.6849144388382,15.9520805684281,-17.7328338704102,4.21906206412573
escs,AUT,36,435.128614791359,437.731575019701,2.60296022834166,4.82388193298775,472.958265480527,470.552609575541,-2.40565590498539,5.18455589293861,509.695670298972,497.535057003639,-12.1606132953334,4.34779669868438,541.618543519039,519.17081179386,-22.4477317251785,4.20501057332333,37.8296506891673,32.8210345558402,-5.00861613332705,5.68457026017888,74.5670555076129,59.8034819839379,-14.763573523675,5.11137164537249,106.48992872768,81.4392367741596,-25.0506919535202,5.4311535124168,36.7374048184456,26.9824474280977,-9.75495739034795,5.56845063210526,68.6602780385125,48.6182022183193,-20.0420758201931,5.67745163615316,31.9228732200668,21.6357547902217,-10.2871184298452,4.54850249971358
escs,BEL,36,434.451315424372,439.185439552048,4.7341241276759,4.87664475328025,470.324265914211,470.877205129854,0.552939215642766,4.82354896975881,509.355781111281,510.67257183265,1.31679072136819,4.58389310962749,551.360301896889,536.368466285101,-14.9918356117882,4.92208301599323,35.8729504898388,31.6917655778057,-4.18118491203313,5.27644040392781,74.9044656869094,71.4871322806017,-3.41733340630771,5.65796420862967,116.908986472517,97.1830267330533,-19.7259597394641,6.68892926432053,39.0315151970706,39.795366702796,0.763851505725427,4.57931565904492,81.0360359826787,65.4912611552476,-15.544774827431,5.94668952825221,42.0045207856081,25.6958944524516,-16.3086263331564,5.17291755420116
escs,CAN,36,459.587142515729,453.292246009296,-6.2948965064333,3.28068582545175,487.362280656072,485.735559691389,-1.62672096468333,3.36459274290633,512.475794634371,513.760271244871,1.28447661049927,3.36560180377966,536.072375582518,516.1231545611,-19.9492210214185,3.94479069166837,27.7751381403429,32.4433136820928,4.66817554174997,4.04404318707534,52.8886521186424,60.468025235575,7.57937311693257,4.24554496492984,76.4852330667894,62.8309085518043,-13.6543245149851,4.53432223345221,25.1135139782996,28.0247115534822,2.9111975751826,3.86999504546325,48.7100949264466,30.3875948697115,-18.3225000567351,4.48117115700058,23.596580948147,2.36288331622927,-21.2336976319177,3.83712032817681
escs,CHE,36,453.606255034992,455.838053575515,2.23179854052262,4.73345919820045,493.209840065748,487.567704391091,-5.64213567465725,5.08841274083434,523.482472282731,524.952446186527,1.46997390379534,5.20308334188209,570.645355020851,553.629285183441,-17.0160698374104,4.67115037896362,39.6035850307561,31.7296508155762,-7.87393421517987,5.39548253428191,69.876217247739,69.1143926110117,-0.761824636727283,5.99581561414771,117.039099985859,97.7912316079259,-19.2478683779331,6.30360819644883,30.272632216983,37.3847417954356,7.11210957845259,5.8781684150449,77.4355149551029,66.0615807923497,-11.3739341627532,5.69501425854065,47.16288273812,28.6768389969142,-18.4860437412058,5.65596348194254
escs,CHL,36,383.742300802873,377.592047156329,-6.15025364654377,4.16572140458612,403.432029575666,392.045304648025,-11.3867249276416,4.30675106503059,415.176438395493,408.344723730897,-6.83171466459658,4.72018396131188,452.852210062609,447.288670924513,-5.5635391380967,4.85924345113034,19.6897287727932,14.4532574916954,-5.23647128109786,4.99491994279214,31.43413759262,30.7526765745672,-0.681461018052801,5.48616040490184,69.1099092597362,69.6966237681833,0.586714508447074,6.4295692164764,11.7444088198268,16.2994190828719,4.55501026304506,5.46293223518329,49.420180486943,55.2433662764879,5.82318578954494,5.82556090961952,37.6757716671162,38.9439471936161,1.26817552649987,5.48761479705194
escs,COL,36,351.657763356477,350.46889055622,-1.18887280025706,4.00007642129306,369.669186442303,373.168536360185,3.49934991788246,4.14624575614763,384.204434567305,388.057455677169,3.85302110986419,5.93228552612757,430.212977693458,428.555627570042,-1.65735012341662,8.56927325988453,18.0114230858259,22.6996458039654,4.68822271813951,4.84382808782754,32.5466712108275,37.5885651209488,5.04189391012125,5.82531703529759,78.5552143369812,78.0867370138216,-0.468477323159561,9.24986652711769,14.5352481250017,14.8889193169834,0.353671191981732,5.15337469084605,60.5437912511553,55.3870912098562,-5.15670004129908,8.83059281100461,46.0085431261537,40.4981718928728,-5.51037123328081,7.53789948795021
escs,CZE,36,428.901439133805,431.563112944335,2.66167381053015,4.78030795905484,476.422423409673,466.153479835933,-10.2689435737406,4.8405949027413,499.902978948014,493.66387900348,-6.23909994453391,4.51394360566029,544.508084461973,530.990099328314,-13.5179851336599,5.09819747089665,47.5209842758679,34.5903668915971,-12.9306173842708,5.21740727882196,71.0015398142087,62.1007660591447,-8.90077375506405,5.4999398692139,115.606645328168,99.4269863839781,-16.17965894419,6.71359268191418,23.4805555383409,27.5103991675476,4.02984362920671,5.4543276041845,68.0856610523003,64.836619492381,-3.24904155991925,5.67154313237518,44.6051055139594,37.3262203248335,-7.27888518912596,5.75419369589317
escs,DEU,36,429.882045264661,418.747597605169,-11.1344476594924,5.5762177701835,464.386827195887,464.070666906202,-0.316160289684944,5.81735310952382,489.775232089599,490.581616036265,0.806383946665278,5.8356575674994,541.377674216763,530.470322970478,-10.9073512462849,5.39377161843578,34.5047819312256,45.3230693010331,10.8182873698074,6.25187722377264,59.8931868249383,71.834018431096,11.9408316061576,6.4705984310534,111.495628952102,111.722725365309,0.227096413207505,6.92420355819523,25.3884048937127,26.5109491300629,1.12254423635022,5.76123676498802,76.9908470208763,66.3996560642764,-10.5911909565999,6.41276501466406,51.6024421271636,39.8887069342135,-11.7137351929501,5.96140450072151
escs,DNK,36,451.314085785951,443.717560051169,-7.59652573478184,3.87569646257359,479.73562175601,467.20727426428,-12.5283474917299,4.52998237620957,507.018983832858,495.65257456875,-11.3664092641077,4.91555574001595,525.287145165056,501.625053994277,-23.662091170779,4.77418434673732,28.4215359700593,23.4897142131113,-4.93182175694807,5.4094364208299,55.7048980469074,51.9350145175815,-3.76988352932591,5.44014538778835,73.9730593791057,57.9074939431085,-16.0655654359972,6.15119725479179,27.2833620768481,28.4453003044702,1.16193822762216,5.56275563412009,45.5515234090464,34.4177797299973,-11.1337436790491,5.56314446909111,18.2681613321984,5.97247942552707,-12.2956819066713,6.32546963162795
escs,ESP,36,433.66101336865,423.169154215102,-10.4918591535478,3.25921313990955,458.508421980905,447.062890499987,-11.4455314809179,2.70961968105546,485.316646111087,477.521869169703,-7.79477694138421,3.48898809574769,519.951784892582,495.784800119282,-24.1669847733004,2.92592066808422,24.8474086122557,23.8937362848856,-0.953672327370043,3.31249442661127,51.6556327424371,54.3527149546007,2.69708221216359,4.04919905119403,86.2907715239323,72.6156459041797,-13.6751256197526,4.03142138136166,26.8082241301814,30.4589786697151,3.65075453953364,3.20494504032558,61.4433629116766,48.721909619294,-12.7214532923826,3.25251193633962,34.6351387814952,18.262930949579,-16.3722078319162,3.45068273111429
escs,EST,36,472.356700350319,468.355411252521,-4.00128909779846,4.29141884012982,495.822118389882,495.332449243616,-0.489669146266067,4.36447931215062,520.464899704072,528.948809563102,8.48390985903018,4.90542242898686,553.435402850025,544.112905015224,-9.32249783480074,4.67472760736377,23.4654180395625,26.9770379910949,3.5116199515324,5.32309386803902,48.1081993537529,60.5933983105815,12.4851989568286,5.71897144118663,81.0787024997057,75.7574937627035,-5.32120873700228,6.23501132270749,24.6427813141904,33.6163603194866,8.97357900529624,5.26621250343478,57.6132844601432,48.7804557716086,-8.83282868853468,5.51239749060947,32.9705031459529,15.164095452122,-17.8064076938309,5.25222643775334
escs,FIN,36,446.154096366847,437.751142359286,-8.40295400756105,3.53485944088928,469.892438570017,459.570019491577,-10.3224190784403,4.04261166495549,498.512509655661,491.306399461457,-7.20611019420409,4.04474587589786,529.307438880163,508.613963397969,-20.6934754821934,4.11912659376633,23.7383422031699,21.8188771322907,-1.91946507087926,4.52946426268478,52.3584132888135,53.5552571021705,1.19684381335696,4.2767164531552,83.1533425133152,70.8628210386829,-12.2905214746324,4.68285064837308,28.6200710856436,31.7363799698798,3.11630888423622,4.45403926678392,59.4150003101453,49.0439439063922,-10.3710564037531,4.77570694333725,30.7949292245017,17.3075639365124,-13.4873652879893,4.71057722698294
escs,FRA,36,421.982847727633,419.698975409817,-2.2838723178163,4.91219068327145,456.799313070915,449.468893341753,-7.33041972916215,5.35695481171737,489.094342401568,478.82795432762,-10.266388073948,4.89452643258925,534.554718959801,514.166415245331,-20.3883037144701,5.47236834102497,34.8164653432816,29.7699179319358,-5.04654741134584,5.97869856985076,67.1114946739349,59.1289789178032,-7.98251575613165,5.91394822316784,112.571871232168,94.4674398355139,-18.1044313966538,6.71807056112552,32.2950293306533,29.3590609858675,-2.93596834478581,5.09350232966609,77.7554058888861,64.6975219035782,-13.057883985308,5.91174532445008,45.4603765582328,35.3384609177107,-10.1219156405222,4.89929025719165
escs,GBR,36,458.028302973783,451.99869494267,-6.02960803111284,4.4004635687774,479.225603562267,480.400205401463,1.17460183919644,4.63458394098777,495.885968089978,506.829116575401,10.9431484854229,4.69904687431092,544.321983894113,538.536548219667,-5.78543567444535,6.82058839596894,21.1973005884843,28.4015104587936,7.20420987030929,5.76660872946925,37.8576651161949,54.8304216327306,16.9727565165357,6.01620081290728,86.29368092033,86.5378532769975,0.244172356667491,8.17087782922502,16.6603645277107,26.4289111739371,9.76854664622641,5.4074380087842,65.0963803318458,58.136342818204,-6.96003751364179,7.8537679692102,48.4360158041351,31.7074316442669,-16.7285841598682,6.77902701620075
escs,GRC,36,397.941799133966,388.671512205936,-9.27028692803037,4.65462519029054,415.474194315456,411.865276978145,-3.60891733731114,4.71151038015575,436.054875949653,442.2601106879,6.20523473824693,5.1834682244006,473.513990631543,465.294996246308,-8.21899438523519,5.81995551805301,17.5323951814901,23.1937647722093,5.66136959071923,5.41096999475032,38.1130768156872,53.5885984819645,15.4755216662773,5.76847710901171,75.5721914975773,76.6234840403724,1.05129254279518,6.80679004513251,20.5806816341971,30.3948337097552,9.81415207555807,4.73988259560533,58.0397963160872,53.4297192681631,-4.61007704792405,5.7820130499726,37.4591146818901,23.034885558408,-14.4242291234821,5.74512005368904
escs,HUN,36,413.859737724975,409.816076928912,-4.04366079606331,5.36476538673264,455.352826256312,448.25668516033,-7.09614109598169,5.13479630300252,490.070086599625,478.624935108616,-11.4451514910086,5.09181839339508,534.932242892626,513.661720623489,-21.2705222691369,6.40166867378059,41.4930885313366,38.4406082314183,-3.05248029991839,6.13334985420166,76.2103488746499,68.8088581797046,-7.40149069494527,6.72716214405744,121.072505167651,103.845643694577,-17.2268614730736,8.46514797117977,34.7172603433132,30.3682499482864,-4.34901039502688,5.47758236860012,79.5794166363143,65.405035463159,-14.1743811731552,7.47639009587729,44.862156293001,35.0367855148727,-9.82537077812833,6.29976895234275
escs,IRL,36,456.84433186887,446.315047349569,-10.5292845193008,4.06368866371386,478.198757306291,467.476099302651,-10.7226580036395,4.14934607357071,504.534922624349,495.964724501803,-8.57019812254549,3.89744650054582,530.481865574967,518.786913758744,-11.6949518162227,4.31404079451372,21.3544254374208,21.1610519530822,-0.193373484338679,4.74963846779921,47.6905907554789,49.6496771522342,1.95908639675531,5.18720391792859,73.6375337060966,72.4718664091747,-1.16566729692187,5.25889525147228,26.336165318058,28.488625199152,2.15245988109399,4.95503095119225,52.2831082686757,51.3108144560925,-0.972293812583189,5.16466569834678,25.9469429506177,22.8221892569405,-3.12475369367718,5.00463843922082
escs,ISL,36,422.282838826838,428.08928054709,5.8064417202516,4.24335633194163,454.692169074462,451.48332094825,-3.20884812621193,5.13000529723481,469.34196737966,471.809681990924,2.46771461126406,4.22987582012822,494.554244838372,486.401656369215,-8.15258846915674,4.69454064863333,32.4093302476233,23.3940404011598,-9.01528984646353,6.85719377166544,47.0591285528213,43.7204014438337,-3.33872710898754,5.99838810736882,72.2714060115337,58.3123758221254,-13.9590301894083,6.59937514188335,14.649798305198,20.326361042674,5.67656273747599,6.57370959058009,39.8620757639104,34.9183354209656,-4.94374034294481,7.01517907219014,25.2122774587124,14.5919743782916,-10.6203030804208,6.13315040645338
escs,ISR,36,397.94268556239,400.932620559727,2.989934997337,5.19593629697691,439.206044205016,439.870780061789,0.664735856773007,5.90132259153326,483.249637944731,469.922568775676,-13.3270691690547,6.38402448552421,522.286469140109,483.760875245185,-38.5255938949239,6.81428352349207,41.2633586426256,38.9381595020616,-2.325199140564,6.92324411038591,85.3069523823404,68.9899482159487,-16.3170041663917,7.33163928148485,124.343783577719,82.8282546854581,-41.5155288922609,7.69138770284107,44.0435937397148,30.0517887138871,-13.9918050258277,5.78814165404237,83.0804249350935,43.8900951833965,-39.1903297516969,7.44874013530028,39.0368311953786,13.8383064695094,-25.1985247258692,6.51799032545433
escs,ITA,36,429.915897000096,430.84899900454,0.933102004444265,4.72872628240092,462.741522707993,458.480683278124,-4.26083942986946,5.38433884086798,480.268413666829,480.347412181968,0.0789985151386645,5.4300583536443,515.095402294469,509.940415741874,-5.15498655259506,6.71119231257798,32.8256257078967,27.631684273583,-5.19394143431373,5.39396023071626,50.3525166667332,49.4984131774276,-0.854103489305601,5.87456344749093,85.1795052943731,79.0914167373338,-6.08808855703933,7.5620236824046,17.5268909588364,21.8667289038445,4.33983794500813,5.33152828058943,52.3538795864764,51.4597324637508,-0.894147122725599,6.94819553501812,34.8269886276399,29.5930035599062,-5.23398506773373,5.78747370270078
escs,JPN,36,494.451779637174,486.370375565025,-8.0814040721491,7.10227136862781,525.584827212479,519.156592604347,-6.42823460813236,5.64801127059812,549.178404628296,542.138365803048,-7.04003882524808,6.77265115552471,575.32524054064,565.219655776735,-10.1055847639049,7.42739118825964,31.1330475753052,32.786217039322,1.65316946401674,5.99518036371248,54.7266249911214,55.7679902380224,1.04136524690102,7.53273927393395,80.8734609034656,78.8492802117098,-2.02418069175576,9.64763038088957,23.5935774158162,22.9817731987005,-0.611804217115719,6.1197289589747,49.7404133281604,46.0630631723879,-3.6773501557725,7.74235498033154,26.1468359123442,23.0812899736874,-3.06554593865678,6.73266981562748
escs,KOR,36,479.440971278973,474.122091278718,-5.31888000025504,7.75211552730153,515.671123459,518.590796483989,2.91967302498961,7.03313968045776,539.845799061705,546.276530795319,6.43073173361347,7.24924255394138,576.874854610765,564.478245839529,-12.3966087712356,7.78015024962502,36.2301521800271,44.4687052052717,8.23855302524464,6.56295855343863,60.4048277827325,72.154439516601,11.7496117338685,8.55527929437621,97.4338833317918,90.3561545608112,-7.07772877098057,9.76926242293995,24.1746756027054,27.6857343113293,3.51105870862386,7.32641127437962,61.2037311517647,45.8874493555395,-15.3162817962252,8.58735276892635,37.0290555490593,18.2017150442102,-18.8273405048491,8.85430613499058
escs,LTU,36,432.448250370909,440.734289940965,8.28603957005521,3.97578068520639,458.648893908945,464.676475834518,6.02758192557252,3.90684983646857,489.331899686806,493.157267099649,3.82536741284207,4.52339415635993,524.590271913061,506.901419769854,-17.6888521432074,4.56809396756157,26.2006435380355,23.9421858935528,-2.25845764448269,4.96157757501184,56.883649315897,52.4229771586838,-4.46067215721314,5.60953444737762,92.1420215421516,66.167129828889,-25.9748917132626,6.14583188540129,30.6830057778615,28.480791265131,-2.20221451273045,5.39769932556955,65.9413780041161,42.2249439353362,-23.7164340687799,5.7505027058885,35.2583722262547,13.7441526702052,-21.5142195560495,5.109584964157
escs,LVA,36,447.551499030265,438.692981004956,-8.85851802530891,3.71007059625626,470.897773191689,462.193199497851,-8.70457369383809,4.51949727550276,494.219450609327,480.831650762041,-13.3877998472861,4.44860833527565,522.261363907453,496.99003417089,-25.2713297365631,3.88913177088382,23.3462741614233,23.5002184928941,0.153944331470825,5.05733534180155,46.6679515790618,42.1386697570846,-4.52928182197718,4.86304876767914,74.7098648771874,58.2970531659333,-16.4128117112542,5.09535061311798,23.3216774176385,18.6384512641905,-4.683226153448,5.70781063173161,51.3635907157642,34.7968346730392,-16.566756042725,5.44410704392334,28.0419132981257,16.1583834088487,-11.883529889277,5.59323049624608
escs,MEX,36,369.175222773638,362.659242644425,-6.51598012921295,3.30429301925387,385.859783430841,381.731702539055,-4.12808089178594,3.22711903817594,397.741731545139,392.301792834188,-5.43993871095177,4.85787764441434,427.647240480606,419.826815786573,-7.82042469403291,5.54790085446107,16.6845606572038,19.0724598946308,2.38789923742701,3.79816796950614,28.5665087715017,29.6425501897629,1.07604141826118,5.08011094054392,58.472017706968,57.1675731421481,-1.30444456481996,5.95110001269045,11.8819481142979,10.570090295132,-1.31185781916582,4.77336579525508,41.7874570497642,38.0951132475172,-3.69234380224697,5.77033121959231,29.9055089354663,27.5250229523852,-2.38048598308114,5.80827265931386
escs,NLD,36,446.321414325178,439.035430323901,-7.28598400127675,6.6731064621154,470.017336039814,471.345093964985,1.32775792517145,7.02402582072021,515.145888816626,509.047597970234,-6.09829084639205,6.20796338059306,552.32064292127,540.779148188612,-11.5414947326582,5.5030472611202,23.6959217146353,32.3096636410835,8.6137419264482,6.86178929971801,68.8244744914478,70.0121676463325,1.1876931548847,8.05658892194234,105.999228596092,101.743717864711,-4.25551073138143,8.66886045408776,45.1285527768125,37.702504005249,-7.4260487715635,6.68544293690785,82.3033068814568,69.4340542236272,-12.8692526578296,7.8526084390812,37.1747541046443,31.7315502183782,-5.44320388626613,6.2246157436347
escs,NOR,36,431.39320741837,412.942244602332,-18.4509628160386,3.75956860378502,459.682019160403,447.814551844283,-11.8674673161202,4.51533313583945,481.584576894843,475.90185702094,-5.68271987390341,4.67415715502012,512.12652268259,491.221283853622,-20.9052388289678,4.8667150769902,28.288811742033,34.8723072419514,6.5834954999184,5.19616386904127,50.1913694764732,62.9596124186083,12.7682429421351,5.3608098022317,80.7333152642195,78.2790392512902,-2.45427601292926,5.82581698429719,21.9025577344401,28.0873051766569,6.18474744221675,5.36997610005533,52.4445035221864,43.4067320093388,-9.03777151284766,5.52551577715461,30.5419457877463,15.3194268326819,-15.2225189550644,5.4842964209186
escs,NZL,36,430.48683437226,446.121592106371,15.6347577341109,4.18892229576224,471.738395687908,470.175772728529,-1.56262295937881,4.91454427196417,500.655496314026,503.896991407378,3.24149509335274,4.95663449325298,532.235433033195,531.855157213954,-0.380275819241092,5.08002993030136,41.2515613156475,24.0541806221577,-17.1973806934897,5.45552620322334,70.1686619417652,57.775399301007,-12.3932626407582,5.86367367354107,101.748598660935,85.7335651075828,-16.015033553352,6.71554127487626,28.9171006261177,33.7212186788493,4.80411805273155,5.9050002887505,60.4970373452874,61.6793844854251,1.18234714013772,7.04406365264558,31.5799367191697,27.9581658065758,-3.62177091259383,6.57595601444384
escs,POL,36,444.095029831785,447.789080088576,3.69405025679043,4.25040082982219,476.200933597189,472.586428808767,-3.61450478842198,4.60124810132871,501.717338080683,505.406322184392,3.68898410370912,5.06106067356669,540.520618006309,529.261679431903,-11.258938574406,5.49302393777701,32.1059037654038,24.7973487201913,-7.30855504521242,4.85237223783762,57.6223082488974,57.6172420958161,-0.00506615308131586,5.75566098489728,96.4255881745239,81.4725993433275,-14.9529888311964,6.92538235314554,25.5164044834936,32.8198933756247,7.3034888921311,5.27591838165237,64.3196844091202,56.6752506231362,-7.64443378598401,6.23854635773214,38.8032799256266,23.8553572475115,-14.9479226781151,5.79445004408179
escs,PRT,36,428.796850804403,417.688021813411,-11.1088289909918,5.07556069470189,453.040287251428,444.263544258867,-8.77674299256017,5.19675512032701,480.440975113949,473.877336106189,-6.56363900776,6.13801577807183,529.305762195468,517.045018225083,-12.260743970385,5.52059348789308,24.2434364470245,26.5755224454562,2.33208599843164,4.8609885648566,51.6441243095458,56.1893142927776,4.54518998323181,5.96626309785828,100.508911391065,99.356996411672,-1.15191497939315,6.76440151705346,27.4006878625213,29.6137918473215,2.21310398480017,5.97449316747104,76.2654749440407,72.7814739662159,-3.48400097782479,6.31705339264411,48.8647870815194,43.1676821188944,-5.69710496262496,5.98402265886535
escs,SVK,36,394.419137925997,413.811652985696,19.3925150596999,6.40309509768487,455.467908250637,462.052833620618,6.58492536998108,5.49726413814305,480.823958096824,488.416245404823,7.59228730799941,5.86131308742869,527.704265567445,530.145793174995,2.44152760755014,5.68899027296905,61.0487703246403,48.2411806349214,-12.8075896897188,6.58265367385393,86.4048201708275,74.604592419127,-11.8002277517005,8.18570337718225,133.285127641448,116.334140189298,-16.9509874521498,8.89978288123478,25.3560498461872,26.3634117842055,1.00736193801833,6.48859545482187,72.2363573168077,68.0929595543768,-4.14339776243094,7.42142063598167,46.8803074706205,41.7295477701712,-5.15075970044927,6.19609874737309
escs,SVN,36,440.459180312349,428.857030492471,-11.6021498198778,4.079777093339,467.913739862763,451.895814724891,-16.0179251378723,3.87535582190681,500.261370825255,484.252937851708,-16.0084329735463,3.90611602089816,531.936435535,495.571331750663,-36.365103784337,3.63363548354955,27.454559550414,23.0387842324195,-4.41577531799453,5.52973461478316,59.8021905129056,55.395907359237,-4.40628315366854,5.33990153290357,91.4772552226509,66.7143012581917,-24.7629539644593,5.88021475285685,32.3476309624916,32.3571231268176,0.00949216432599087,5.5151028685681,64.0226956722369,43.6755170257722,-20.3471786464647,5.80005533558802,31.6750647097454,11.3183938989546,-20.3566708107907,5.55887661261956
escs,SWE,36,435.604343071964,425.121038748261,-10.4833043237023,3.91911953503553,466.682709702896,458.303924864254,-8.37878483864171,4.64691138146741,499.993182592652,495.097609371741,-4.89557322091105,5.05998593429654,535.151867252451,505.505873336403,-29.6459939160481,4.82803860917388,31.078366630932,33.1828861159926,2.10451948506056,5.03432385893125,64.3888395206878,69.9765706234791,5.58773110279122,5.8039082624595,99.5475241804873,80.3848345881415,-19.1626895923458,5.8571617898521,33.3104728897558,36.7936845074865,3.48321161773066,5.58882175509778,68.4691575495553,47.2019484721489,-21.2672090774064,5.852877256816,35.1586846597995,10.4082639646624,-24.7504206951371,5.16534073046555
escs,TUR,36,420.10099072329,424.414840998544,4.31385027525408,4.04975076744924,437.932205481919,447.353309532513,9.42110405059384,4.12410662612715,453.014565030801,463.907411039339,10.8928460085375,4.66181567655894,501.722547245354,519.994408569124,18.2718613237698,5.54943008674319,17.8312147586296,22.9384685339694,5.10725377533976,5.14136834736692,32.9135743075113,39.4925700407948,6.57899573328342,5.77717623031007,81.6215565220643,95.57956757058,13.9580110485157,7.08200413950221,15.0823595488817,16.5541015068254,1.47174195794366,5.10350063244506,63.7903417634346,72.6410990366106,8.85075727317599,6.34221260292756,48.707982214553,56.0869975297853,7.37901531523232,6.36608860164995
escs,USA,36,420.719991897164,424.545254743508,3.82526284634361,6.98752411210089,444.734845257851,449.47082958385,4.73598432599931,7.95191440521816,472.765934820261,469.968788690801,-2.79714612945986,12.6344622868804,522.730160520419,517.540432652024,-5.18972786839458,17.9076246015093,24.0148533606865,24.9255748403422,0.910721479655706,8.94951492759302,52.0459429230968,45.4235339472933,-6.62240897580347,12.5014151898441,102.010168623255,92.9951779085164,-9.01499071473819,18.5685562092647,28.0310895624103,20.4979591069512,-7.53313045545917,12.6628374724521,77.9953152625682,68.0696030681743,-9.9257121943939,17.6179169893637,49.9642257001579,47.5716439612231,-2.39258173893472,13.4516767079836
escs,OECD,36,431.491181365583,428.701428176557,-2.78975318902639,0.762051351400063,461.519558071489,457.655640222349,-3.86391784914065,0.90720784247079,487.955863645965,485.354626406604,-2.60123723936169,0.883109055756699,524.95324489357,510.952076376926,-14.0011685166439,1.00275173205089,30.0283767059057,28.9542120457915,-1.07416466011426,0.971561462727645,56.4646822803817,56.6531982300464,0.188515949664691,0.99229847122723,93.4620635279862,82.2506482003686,-11.2114153276175,1.18941612997552,26.436305574476,27.6989861842549,1.26268060977895,0.974746536934994,63.4336868220805,53.2964361545772,-10.1372506675033,1.09466645271429,36.9973812476045,25.5974499703223,-11.3999312772822,1.02822993990434
escs,OECD35,35,431.429186165496,428.859493146884,-2.56969301861147,0.77968300707033,461.60559053122,457.958290214416,-3.64730031680421,0.935957634955161,488.031269861247,485.578419470515,-2.45285039073247,0.906608816691075,525.096143750741,511.385427127144,-13.7107166235966,1.02699471128292,30.1764043657243,29.0987970675316,-1.07760729819273,0.983651453397086,56.6020836957515,56.7189263236305,0.116842627879009,1.01162292966286,93.6669575852449,82.5259339802597,-11.1410236049852,1.21054070673178,26.4256793300272,27.620129256099,1.19444992607174,1.01178680469379,63.4905532195206,53.4271369127282,-10.0634163067924,1.12887145950636,37.0648738894934,25.8070076566292,-11.2578662328642,1.05892807866876
escs_h,AUS,36,440.497338055474,433.602008600204,-6.8953294552702,3.46826773175323,474.771350705288,468.821174326811,-5.95017637847769,3.60117867043013,508.481095211531,500.553273777979,-7.92782143355254,3.96280514861562,532.248051749856,522.344542397157,-9.90350935269817,4.02685535952145,34.2740126498141,35.2191657266066,0.945153076792508,4.23911597723087,67.9837571560571,66.9512651777748,-1.03249197828234,4.57695971442576,91.7507136943814,88.7425337969534,-3.00817989742797,4.89250156434117,33.709744506243,31.7320994511682,-1.97764505507485,4.26095785009786,57.4767010445673,53.5233680703468,-3.95333297422047,4.27040518609733,23.7669565383243,21.7912686191787,-1.97568791914563,4.21783716812558
escs_h,AUT,36,440.444631143989,435.926595930484,-4.51803521350558,4.90522801796786,475.466466721563,471.615804791408,-3.85066193015507,5.30787749421025,508.002012224278,496.153526213699,-11.8484860105785,4.35728624927485,535.995142252938,521.435985113434,-14.5591571395037,4.26021636635976,35.0218355775733,35.6892088609238,0.667373283350514,5.9601257461938,67.5573810802883,60.2269302832154,-7.33045079707296,5.29664498724776,95.5505111089486,85.5093891829505,-10.0411219259981,5.69808404684791,32.535545502715,24.5377214222916,-7.99782408042347,5.72476877668276,60.5286755313753,49.8201803220267,-10.7084952093486,5.71242813532039,27.9931300286602,25.2824588997351,-2.71067112892513,4.62686192858921
escs_h,BEL,36,436.837284151227,437.779717659552,0.942433508324996,4.9809018142812,472.694799266727,470.274639403505,-2.42015986322275,4.87245703784157,511.785704597974,513.090090904603,1.30438630662894,4.9653290680325,544.735813989921,537.681159718634,-7.05465427128672,4.65227480699613,35.8575151155004,32.4949217439526,-3.36259337154775,5.46734664734985,74.9484204467472,75.3103732450512,0.361952798303946,6.10167802423809,107.898529838694,99.9014420590824,-7.99708777961172,6.52557054297674,39.0909053312469,42.8154515010986,3.72454616985169,5.00975474848294,72.0410147231938,67.4065203151298,-4.63449440806397,5.84457132357628,32.9501093919469,24.5910688140313,-8.35904057791566,5.52720953618243
escs_h,CAN,36,460.773293878188,451.214478541778,-9.55881533640928,3.34414980808298,488.095436136786,484.059120932854,-4.03631520393219,3.63746875053453,513.613847286023,511.6793816016,-1.93446568442363,3.395245879261,533.508452742813,522.526558575515,-10.9818941672986,3.85070323429465,27.3221422585987,32.8446423910758,5.52250013247709,4.25931492368643,52.8405534078356,60.4649030598212,7.62434965198565,4.27188714440859,72.7351588646257,71.3120800337364,-1.42307883088932,4.64084690189764,25.5184111492368,27.6202606687454,2.10184951950856,4.0289506697078,45.413016606027,38.4674376426606,-6.94557896336642,4.61372815385855,19.8946054567901,10.8471769739152,-9.04742848287498,4.01216500701438
escs_h,CHE,36,457.160126676242,454.349079287927,-2.81104738831505,4.81928001055355,494.138506296892,487.055533523735,-7.08297277315671,5.1283122050461,526.711145420015,522.982956898078,-3.72818852193711,4.8862812421789,563.019903041143,557.471947943744,-5.54795509739824,4.84129892465642,36.9783796206504,32.7064542358087,-4.27192538484167,5.3667776830275,69.5510187437735,68.6338776101514,-0.917141133622067,5.94123104976508,105.859776364901,103.122868655818,-2.7369077090832,6.40483131232734,32.5726391231231,35.9274233743427,3.3547842512196,5.3721115376707,68.8813967442505,70.416414420009,1.53501767575847,5.98297621842812,36.3087576211275,34.4889910456664,-1.81976657546113,5.75637048165457
escs_h,CHL,36,386.636324053496,375.166146416228,-11.4701776372673,4.25503630911843,402.216229597107,392.973218422377,-9.24301117473016,4.13258606585669,414.586448787628,408.908797545674,-5.67765124195341,4.65237119564101,452.011670554333,449.447867413845,-2.56380314048704,4.80252660485278,15.5799055436112,17.8070720061483,2.22716646253713,5.15969055687386,27.950124734132,33.7426511294459,5.79252639531387,5.32953128913197,65.3753465008369,74.2817209976171,8.90637449678025,6.3496687307412,12.3702191905209,15.9355791232976,3.56535993277674,5.27573343824087,49.7954409572257,56.4746489914688,6.67920803424312,5.38078229002021,37.4252217667049,40.5390698681712,3.11384810146637,5.52306288941468
escs_h,COL,36,353.184915019098,350.190953564808,-2.99396145429023,3.86366147561072,369.461788556556,371.323866251117,1.86207769456178,4.58037022054894,386.050830859938,389.805073144666,3.75424228472787,5.25606937295239,428.032659654789,430.157517682904,2.12485802811466,8.95911122137684,16.2768735374573,21.1329126863093,4.85603914885201,5.2532940063298,32.8659158408394,39.6141195798575,6.7482037390181,5.57745874376966,74.8477446356911,79.966564118096,5.11881948240489,9.71202879428669,16.5890423033821,18.4812068935482,1.89216459016609,4.33584842878147,58.5708710982338,58.8336514317867,0.262780333552882,8.73171892502507,41.9818287948517,40.3524445382385,-1.62938425661321,8.07999219565867
escs_h,CZE,36,434.497928005235,428.414962872921,-6.08296513231375,4.78238534964803,475.562332939797,468.523291042921,-7.03904189687529,4.47006603388757,499.486288752355,492.20163104632,-7.28465770603475,4.70459839663931,540.74381068605,533.718093488726,-7.02571719732373,4.97609710968092,41.064404934562,40.1083281700005,-0.956076764561544,4.94260924659283,64.9883607471198,63.7866681733988,-1.201692573721,5.51028898368963,106.245882680815,105.303130615805,-0.942752065009984,6.76319738059787,23.9239558125578,23.6783400033983,-0.24561580915946,4.73298756793042,65.1814777462532,65.1948024458048,0.0133246995515606,5.48015986793924,41.2575219336954,41.5164624424065,0.258940508711021,5.72692109570376
escs_h,DEU,36,433.260697421109,419.571286706076,-13.689410715033,5.52583477142682,466.251176235071,463.37517142913,-2.87600480594102,5.7581770632324,492.568303595608,491.547658704322,-1.02064489128549,5.47519975603392,535.089628902358,531.493220105356,-3.59640879700225,5.63001596326057,32.9904788139619,43.803884723054,10.813405909092,6.29096600658569,59.3076061744985,71.9763719982461,12.6687658237476,5.88648988082602,101.828931481249,111.92193339928,10.0930019180308,7.04802719496613,26.3171273605366,28.1724872751921,1.85535991465554,5.85529336124798,68.8384526672868,68.1180486762256,-0.720403991061232,6.44083619500814,42.5213253067502,39.9455614010334,-2.57576390571677,5.77786260132451
escs_h,DNK,36,453.189866544664,443.193845455638,-9.99602108902536,3.98381063943616,484.555820134719,466.659793249572,-17.8960268851472,4.20198188982769,508.431964892419,493.306941212953,-15.1250236794658,4.79288212183411,517.250090398989,505.257599330605,-11.9924910683847,4.65333160862244,31.3659535900553,23.4659477939334,-7.90000579612183,5.05488684412022,55.2420983477554,50.1130957573149,-5.12900259044045,5.21310238692072,64.0602238543258,62.0637538749665,-1.99646997935929,5.89640240357442,23.8761447577001,26.6471479633815,2.77100320568138,5.37122433018756,32.6942702642705,38.5978060810331,5.90353581676254,5.44332154195499,8.81812550657043,11.9506581176516,3.13253261108116,5.90681215992644
escs_h,ESP,36,436.331805480418,421.340976319255,-14.9908291611629,3.20953959113455,459.586257945311,447.02676364095,-12.5594943043608,2.8632795368762,486.83381622348,475.601672965925,-11.2321432575549,3.23148562406719,514.962420215267,500.18227788393,-14.7801423313369,3.03898268945154,23.2544524648934,25.6857873216954,2.43133485680204,3.39418709105371,50.5020107430624,54.2606966466704,3.75868590360801,3.67710237756603,78.6306147348495,78.8413015646754,0.210686829825931,4.03054340228775,27.247558278169,28.574909324975,1.32735104680597,3.18168566083906,55.3761622699561,53.15551424298,-2.22064802697611,3.53590454333314,28.1286039917871,24.580604918005,-3.54799907378208,3.28599415081718
escs_h,EST,36,475.034087406694,466.420054284892,-8.61403312180232,4.08675833653679,494.63292274607,495.330336643952,0.697413897881859,4.56758023176044,522.206830988413,527.591411883112,5.38458089469975,4.56169802992092,550.233368651527,547.446502832888,-2.78686581863963,4.64624344429182,19.5988353393758,28.91028235906,9.31144701968418,5.07784515569668,47.1727435817188,61.1713575982208,13.9986140165021,5.3763736389842,75.1992812448335,81.0264485479962,5.8271673031627,6.17921412235303,27.573908242343,32.2610752391608,4.68716699681789,5.01511847216976,55.6004459054577,52.1161661889362,-3.48427971652148,5.45360277862602,28.0265376631147,19.8550909497753,-8.17144671333938,4.92076860834074
escs_h,FIN,36,450.015897886192,435.713671168148,-14.3022267180444,3.52367382110203,470.632240128883,461.172565415935,-9.45967471294819,4.03384844732409,500.131240973902,488.940794706636,-11.1904462672666,4.15461691028202,523.596265955153,512.307368575729,-11.2888973794232,4.06932456811611,20.6163422426913,25.4588942477876,4.84255200509625,4.29992384218631,50.11534308771,53.2271235384878,3.11178045077781,4.52639931130288,73.5803680689605,76.5936974075817,3.01332933862119,4.32649864479936,29.4990008450187,27.7682292907003,-1.73077155431844,4.7089435667528,52.9640258262692,51.1348031597942,-1.82922266647506,4.86797181817118,23.4650249812505,23.3665738690939,-0.0984511121566243,4.90895405919797
escs_h,FRA,36,427.264798979565,417.987239723967,-9.27755925559819,4.71061176319387,459.85184022335,448.928242841487,-10.9235973818627,4.76491260985237,485.922045240683,479.384128984412,-6.53791625627054,5.78761276628092,531.10621696282,517.088348010113,-14.0178689527072,5.41981905238186,32.5870412437854,30.9410031175209,-1.6460381262645,5.46588113890752,58.6572462611177,61.3968892604454,2.73964299932766,6.23237821978259,103.841417983255,99.1011082861462,-4.74030969710901,6.49625948754107,26.0702050173323,30.4558861429245,4.38568112559216,5.83779788465414,71.2543767394698,68.1601051686253,-3.09427157084451,5.85382095883424,45.1841717221375,37.7042190257008,-7.47995269643667,5.32818207447786
escs_h,GBR,36,459.276580801822,452.091975348009,-7.18460545381248,4.73957303589336,479.687587786254,479.82828447153,0.140696685275316,4.42752436419624,502.669562482032,505.365132549031,2.6955700669991,5.02417485331942,537.025208514645,540.730643130161,3.70543461551608,6.7319254684663,20.4110069844325,27.7363091235203,7.3253021390878,6.28273585108692,43.3929816802099,53.2731572010215,9.88017552081158,6.56840674673433,77.7486277128231,88.6386677821516,10.8900400693286,8.19562229392346,22.9819746957774,25.5368480775012,2.55487338172378,5.93820502946422,57.3376207283906,60.9023586586313,3.56473793024077,7.46543302760541,34.3556460326132,35.3655105811301,1.00986454851699,6.70087956171359
escs_h,GRC,36,401.529475307009,386.928098123597,-14.6013771834121,4.60874223819951,416.951028418154,413.569274283441,-3.38175413471265,4.43159564754754,438.319274327596,440.739239435155,2.41996510755985,5.55103478418931,467.168667863611,468.277437103786,1.10876924017515,6.01827429759298,15.4215531111449,26.6411761598444,11.2196230486994,5.28509617651697,36.7897990205867,53.8111413115586,17.0213422909719,5.81047579728468,65.6391925566019,81.3493389801891,15.7101464235872,7.16784651975309,21.3682459094417,27.1699651517142,5.8017192422725,4.95192555014014,50.2176394454569,54.7081628203447,4.4905233748878,5.9942398713275,28.8493935360152,27.5381976686305,-1.3111958673847,6.34115744902237
escs_h,HUN,36,420.296008477363,409.900349224848,-10.3956592525155,5.43892241073054,453.690499327202,447.43251258892,-6.25798673828172,4.85800084400858,488.68455752209,478.508870983014,-10.1756865390763,5.698109550874,532.701779364095,515.394533462212,-17.3072459018836,6.30419374156187,33.3944908498389,37.5321633640726,4.13767251423377,6.00203022066106,68.3885490447268,68.6085217581659,0.219972713439176,7.46429394415832,112.405770886732,105.494184237364,-6.91158664936808,8.33350404381577,34.9940581948879,31.0763583940933,-3.91769980079459,5.70018910709024,79.0112800368934,67.9620208732915,-11.0492591636018,7.25793855153574,44.0172218420055,36.8856624791982,-7.13155936280725,6.91586889885035
escs_h,IRL,36,458.839550432294,444.589466642845,-14.2500837894494,3.96703751768686,480.943310366102,467.547043116648,-13.3962672494544,3.94857012818127,503.071162037197,498.151141596145,-4.92002044105215,4.28185173017989,527.356375687134,518.636644715479,-8.71973097165505,3.931958415545,22.1037599338083,22.9575764738034,0.85381653999508,4.56396853031268,44.2316116049033,53.5616749533006,9.33006334839729,5.11750017360533,68.5168252548403,74.0471780726347,5.53035281779438,5.09430716357446,22.127851671095,30.6040984794972,8.47624680840221,4.78288827638818,46.413065321032,51.0896015988313,4.6765362777993,5.00656435037648,24.285213649937,20.4855031193341,-3.79971053060291,4.81752930409377
escs_h,ISL,36,425.397431963746,426.891998493606,1.49456652986004,4.39829490708192,455.829788100218,453.24825602562,-2.5815320745977,4.81169548481946,476.042788850685,469.540000787319,-6.50278806336587,4.54609300848393,484.473123295449,488.162430598735,3.68930730328538,4.68534330994277,30.4323561364718,26.356257532014,-4.07609860445774,6.63962050864615,50.6453568869393,42.6480022937134,-7.99735459322591,6.53247475402261,59.0756913317032,61.2704321051285,2.19474077342534,6.38255670215122,20.2130007504676,16.2917447616994,-3.92125598876817,6.7109701463534,28.6433351952314,34.9141745731145,6.27083937788308,6.58783499278927,8.43033444476384,18.6224298114151,10.1920953666512,6.70148235552713
escs_h,ISR,36,402.451180951091,398.011976764475,-4.43920418661526,5.29113890595971,448.219294758733,442.176455041743,-6.04283971698976,5.82913578246261,491.106798973963,472.229789924649,-18.8770090493132,6.83994439642869,511.409804744162,489.647265257011,-21.7625394871511,6.06085335703493,45.7681138076423,44.1644782772678,-1.6036355303745,6.75273558401392,88.6556180228719,74.217813160174,-14.4378048626979,7.49276687365275,108.958623793072,91.635288492536,-17.3233353005358,7.38909810894122,42.8875042152296,30.0533348829062,-12.8341693323234,6.50765148479934,63.1905099854295,47.4708102152682,-15.7196997701613,6.80878823341486,20.3030057701999,17.417475332362,-2.88553043783787,6.69106885448741
escs_h,ITA,36,435.270003973604,428.749571615103,-6.52043235850113,4.77471002984864,461.678836354081,459.210877263069,-2.46795909101206,4.91320812279868,481.053093336959,481.819585048806,0.766491711846925,5.68435281364059,510.660196286246,510.035493022062,-0.624703264184291,6.60966982654918,26.4088323804767,30.4613056479657,4.05247326748906,5.15865959116607,45.783089363355,53.070013433703,7.28692407034805,6.01739084749675,75.3901923126422,81.285921406959,5.89572909431684,7.34395781814918,19.3742569828783,22.6087077857373,3.23445080285899,5.42346791660839,48.9813599321655,50.8246157589933,1.84325582682777,6.60200616551547,29.6071029492872,28.215907973256,-1.39119497603122,5.50092604836791
escs_h,JPN,36,499.004693930121,483.714389140173,-15.2903047899487,7.42211890120442,527.476507900743,517.72292971426,-9.75357818648229,6.1139393513262,548.956884279402,542.095778103424,-6.86110617597876,6.14080428776031,569.495401144056,569.387449676589,-0.107951467466819,7.35665438218066,28.4718139706211,34.0085405740875,5.53672660346638,6.88160845740073,49.9521903492809,58.3813889632508,8.4291986139699,7.40610368778917,70.4907072139343,85.6730605364161,15.1823533224818,9.6709546323735,21.4803763786598,24.3728483891633,2.89247201050353,5.99162847069346,42.0188932433132,51.6645199623287,9.64562671901547,7.65116637201266,20.5385168646534,27.2916715731653,6.75315470851194,6.5963050110889
escs_h,KOR,36,486.984884057244,473.986870019188,-12.9980140380554,7.21808675595445,515.05662995146,518.828667680022,3.77203772856137,6.99852779297744,539.930467909467,543.914928765295,3.98446085582748,6.66665684852562,571.295060278298,566.702929144518,-4.59213113378007,7.64460368675862,28.0717458942165,44.8417976608333,16.7700517666168,7.20223306620405,52.9455838522233,69.9280587461062,16.9824748938829,7.27029616021772,84.3101762210543,92.7160591253297,8.40588290427536,8.88762404629918,24.8738379580068,25.0862610852729,0.212423127266106,6.72637035990788,56.2384303268378,47.8742614644964,-8.36416886234144,8.10331023384009,31.364592368831,22.7880003792235,-8.57659198960755,7.51785564105466
escs_h,LTU,36,434.983451682151,437.347048684033,2.36359700188217,3.90019632197647,461.888170595643,467.255030244006,5.36685964836255,3.79336138631258,492.117573848958,494.410085673181,2.29251182422274,4.23304458617906,516.399255838021,506.943550603132,-9.45570523488908,5.12254707624867,26.9047189134924,29.9079815599728,3.00326264648038,4.78365656029815,57.1341221668079,57.0630369891484,-0.0710851776594268,5.20373052310102,81.4158041558703,69.596501919099,-11.8193022367713,6.45786836541718,30.2294032533155,27.1550554291757,-3.07434782413981,5.19985408200131,54.5110852423779,39.6885203591262,-14.8225648832516,6.16678600537535,24.2816819890624,12.5334649299506,-11.7482170591118,5.56571418274268
escs_h,LVA,36,450.150106055602,436.654352898121,-13.495753157481,3.9869377946869,470.448700657093,460.743570255679,-9.70513040141418,4.29635697835476,495.509405318076,483.318010726343,-12.1913945917325,4.08458901514039,519.175679154308,498.163633552497,-21.0120456018114,3.8940840327108,20.2985946014911,24.0892173575579,3.79062275606685,4.78951310457038,45.3592992624737,46.6636578282222,1.30435856574854,4.96072544481569,69.0255730987061,61.5092806543757,-7.51629244433036,5.3168950887762,25.0607046609826,22.5744404706643,-2.48626419031831,4.9293117865858,48.726978497215,37.4200632968178,-11.3069152003972,5.24334377956986,23.6662738362324,14.8456228261535,-8.82065101007891,5.50579250045019
escs_h,MEX,36,371.627236004587,362.711069411844,-8.91616659274376,3.31875464165768,385.569035675644,381.336238933435,-4.23279674220919,3.21510528696462,397.941568339153,392.280694835926,-5.66087350322709,4.47879466820831,425.833249929248,420.899599755795,-4.93365017345298,5.70727447647259,13.9417996710569,18.6251695215915,4.68336985053458,3.87277977581856,26.3143323345657,29.5696254240823,3.25529308951667,4.87893266972184,54.2060139246606,58.1885303439514,3.98251641929079,6.12759461972408,12.3725326635088,10.9444559024909,-1.42807676101791,4.25464199378251,40.2642142536037,39.5633608223599,-0.700853431243786,5.88933043828617,27.8916815900949,28.618904919869,0.72722332977412,5.57442360551659
escs_h,NLD,36,451.464371586742,445.397411493001,-6.06696009374082,6.76485472912957,469.708817047501,473.158491514525,3.44967446702452,7.01146222179514,517.228588917017,512.499946772634,-4.72864214438312,6.7923931267506,545.807546324503,539.345194900592,-6.4623514239114,5.51347912430343,18.2444454607589,27.7610800215243,9.51663456076534,7.45791605077166,65.764217330275,67.1025352796327,1.3383179493577,8.91903225562259,94.343174737761,93.9477834075904,-0.395391330170583,8.53683194770585,47.5197718695161,39.3414552581085,-8.17831661140764,7.23367682883613,76.0987292770021,66.1867033860662,-9.91202589093592,7.66506276818414,28.578957407486,26.8452481279577,-1.73370927952828,7.3799819054176
escs_h,NOR,36,436.002384520003,411.830450384969,-24.1719341350342,4.13965475140595,460.32727932903,444.07262279216,-16.2546565368701,4.44789907790476,486.424196617183,479.034852168283,-7.38934444889929,4.58553218642948,502.237973616562,493.301672543668,-8.93630107289482,4.81738727476184,24.3248948090273,32.2421724071915,7.91727759816411,5.17578088717413,50.4218120971796,67.2044017833145,16.7825896861349,5.5524408578349,66.2355890965594,81.4712221586988,15.2356330621394,5.99989853457652,26.0969172881522,34.9622293761231,8.86531208797084,5.55343191391707,41.9106942875321,49.2290497515074,7.31835546397531,5.52081099381485,15.8137769993799,14.2668203753843,-1.54695662399553,5.30987087197617
escs_h,NZL,36,433.509047620024,445.310792249446,11.8017446294225,4.44399509958492,471.940031172426,469.963114130352,-1.9769170420733,4.8659344904193,503.886778995324,502.543329462651,-1.34344953267265,5.12797615520016,526.762962751679,534.633940132603,7.8709773809245,5.04618188284234,38.430983552402,24.6523218809062,-13.7786616714958,5.83966296682499,70.3777313753002,57.2325372132051,-13.1451941620952,6.24560264147127,93.253915131655,89.3231478831571,-3.930767248498,6.58702100066107,31.9467478228983,32.5802153322989,0.633467509400646,6.36547233447303,54.8229315792531,64.6708260022509,9.8478944229978,6.75397281811145,22.8761837563548,32.090610669952,9.21442691359715,6.86050769479749
escs_h,POL,36,449.054325048777,446.024321095831,-3.03000395294538,4.39956945892936,477.001629613306,473.790036761672,-3.21159285163435,4.32594663802163,501.424233472175,506.287785472041,4.86355199986633,5.38489578809811,535.27055745905,529.224063195939,-6.04649426311039,5.61780065931187,27.9473045645294,27.7657156658404,-0.181588898688972,4.99897161608083,52.3699084233986,60.2634643762103,7.89355595281171,6.08872748747861,86.2162324102729,83.1997421001079,-3.01649031016501,7.02076798521839,24.4226038588691,32.4977487103698,8.07514485150068,5.5216688540139,58.2689278457435,55.4340264342675,-2.83490141147604,6.372071851758,33.8463239868744,22.9362777238977,-10.9100462629767,6.15129300009361
escs_h,PRT,36,428.330462062293,415.121293866533,-13.2091681957605,5.23038584439466,453.89496106168,446.012238379009,-7.88272268267076,5.50324063142522,484.977767590639,474.928003660204,-10.0497639304348,5.98490461319668,524.999364209722,517.121348097708,-7.87801611201428,5.20849262329654,25.5644989993868,30.8909445124765,5.32644551308971,5.01672165551638,56.6473055283457,59.8067097936714,3.15940426532569,5.94171049147052,96.6689021474288,102.000054231175,5.33115208374619,6.75415682367445,31.0828065289589,28.9157652811949,-2.16704124776402,5.53978660236721,71.104403148042,71.1091097186985,0.00470657065648084,6.54163375934573,40.0215966190831,42.1933444375036,2.1717478184205,5.99933767772933
escs_h,SVK,36,406.399573928141,414.235845602948,7.83627167480728,6.22970795481032,454.314828926247,463.634903288823,9.32007436257624,5.67432672112373,477.121815716441,487.59638753864,10.4745718221994,5.3445123750963,525.177903194283,532.466299329711,7.288396135428,5.85391140925495,47.9152549981062,49.3990576858751,1.48380268776896,6.5402287351965,70.7222417882999,73.360541935692,2.63830014739216,7.77359055357768,118.778329266142,118.230453726763,-0.547875539379277,8.77800536468906,22.8069867901937,23.9614842498169,1.1544974596232,6.4272683511085,70.8630742680356,68.8313960408874,-2.03167822714823,7.48339705104022,48.0560874778419,44.8699117910705,-3.18617568677144,5.90196822124262
escs_h,SVN,36,443.430120857926,425.528759405806,-17.9013614521199,4.04312898533045,470.839670853055,451.534023146613,-19.3056477064422,4.04730864025935,503.903411002774,482.379610361926,-21.5238006408478,4.22094458293346,522.535139097004,501.869179107788,-20.6659599892158,3.43945880245413,27.4095499951293,26.005263740807,-1.4042862543223,5.57765899735493,60.4732901448482,56.8508509561204,-3.62243918872781,5.71985171188825,79.1050182390784,76.3404197019825,-2.76459853709588,5.62481445314128,33.0637401497189,30.8455872153133,-2.21815293440551,5.84076033536671,51.6954682439491,50.3351559611755,-1.36031228277358,5.86919070095685,18.6317280942302,19.4895687458621,0.857840651631932,5.78377432748276
escs_h,SWE,36,440.419394875601,423.228423614374,-17.1909712612266,3.94448088176546,468.663928175987,458.621570325754,-10.0423578502334,5.03327381771109,500.969030063558,494.816430420785,-6.15259964277379,4.86046594209199,528.158851284352,508.202739159562,-19.9561121247904,5.12694530528203,28.2445333003863,35.3931467113795,7.14861341099322,5.77186629001019,60.5496351879577,71.5880068064105,11.0383716184528,5.80179378484877,87.7394564087517,84.9743155451879,-2.76514086356377,6.03399407415401,32.3051018875714,36.194860095031,3.88975820745958,5.75881263034553,59.4949231083654,49.5811688338084,-9.91375427455699,6.28734759536433,27.189821220794,13.3863087387774,-13.8035124820166,5.4729203266099
escs_h,TUR,36,423.00065692652,420.999251785132,-2.00140514138866,4.21614932247143,439.802129594741,447.124759084436,7.32262948969554,3.84422506452345,450.240764298065,465.805574136848,15.5648098387825,4.67976272789326,499.885788188607,522.243634572051,22.3578463834442,5.73766703253779,16.8014726682204,26.1255072993046,9.3240346310842,4.80971655987888,27.2401073715453,44.8063223517165,17.5662149801712,5.80439171353316,76.8851312620868,101.24438278692,24.3592515248329,6.9912017634451,10.4386347033249,18.6808150524118,8.24218034908699,5.01035253842851,60.0836585938664,75.1188754876151,15.0352168937487,6.87337133839088,49.6450238905416,56.4380604352032,6.79303654466168,6.64650360293517
escs_h,USA,36,424.368416170694,421.087415421716,-3.2810007489777,6.96556404305896,444.721275868427,451.590728543892,6.86945267546537,8.68442932595327,474.192457308065,467.450916176509,-6.74154113155589,10.9654179558164,518.621853033847,522.724520289422,4.10266725557585,18.2597634569081,20.3528596977332,30.5033131221762,10.1504534244431,9.30335106552381,49.8240411373711,46.3635007547929,-3.46054038257819,11.0968637217894,94.2534368631526,101.637104867706,7.38366800455356,18.9460041822547,29.4711814396379,15.8601876326167,-13.6109938070213,11.1274661739913,73.9005771654195,71.13379174553,-2.76678541988952,17.8347884255599,44.4293957257815,55.2736041129133,10.8442083871317,13.1446622239024
escs_h,OECD,36,435.192176442637,427.25589299493,-7.93628344770752,0.818655699036674,462.682530810218,457.93169859726,-4.75083221295785,0.899019039337687,489.460659896141,485.207317616355,-4.25334227978533,0.84716417526014,519.582923250468,513.407588622878,-6.17533462758991,1.03023433412562,27.4903543675807,30.6758056023303,3.18545123474968,1.0792552320727,54.2684834535033,57.9514246214255,3.6829411679222,0.987681069946014,84.3907468078305,86.1516956279481,1.76094882011762,1.22152198243317,26.7781290859226,27.2756190190951,0.497489933172517,0.93202461919314,56.9003924402498,55.4758900256177,-1.42450241463206,1.16812140394943,30.1222633543272,28.2002710065226,-1.92199234780458,1.01621661833507
escs_h,OECD35,35,435.159615612986,427.424890614235,-7.73472499875163,0.836442647004122,462.770995749215,458.24326816744,-4.52772758177491,0.924213220226382,489.535712572502,485.481764606368,-4.05394796613484,0.868803958693708,519.714937622902,513.785454643991,-5.92948297891155,1.05761319512537,27.6113801362288,30.8183775532056,3.20699741697672,1.09168084607994,54.3760969595159,58.0568739921327,3.68077703261679,0.998538909150494,84.5553220099157,86.3605640297557,1.80524201984008,1.24444456617797,26.7647168232871,27.2384964389271,0.473779615640069,0.961925018222551,56.9439418736868,55.5421864765502,-1.40175539713664,1.20769971272734,30.1792250503997,28.303690037623,-1.87553501277671,1.04682429434416
escs_pca,AUS,36,441.793235783908,434.166722595869,-7.62651318803853,3.28857357046042,472.240589711827,465.488397424673,-6.75219228715389,3.65838331164075,507.088222951472,500.088810072345,-6.99941287912679,4.08701546930615,534.898951869754,525.590661493261,-9.30829037649289,3.90629031973085,30.447353927919,31.3216748288036,0.874320900884641,4.0837938112392,65.2949871675647,65.9220874764764,0.627100308911736,4.64656914300145,93.105716085846,91.4239388973917,-1.68177718845436,4.65765056335448,34.8476332396457,34.6004126476728,-0.247220591972905,4.20260530407267,62.6583621579271,60.1022640685881,-2.556098089339,4.40994733386586,27.8107289182814,25.5018514209153,-2.3088774973661,4.10548010192654
escs_pca,AUT,36,441.813790404114,437.7791708178,-4.0346195863138,4.8090935279854,473.676529673653,469.978560479097,-3.69796919455615,5.36307978683826,507.049713517322,494.455717053767,-12.5939964635546,4.26852211424308,537.35369496465,522.89231030289,-14.4613846617601,4.1815756549396,31.8627392695388,32.1993896612964,0.336650391757644,5.79456654683752,65.2359231132077,56.676546235967,-8.55937687724077,5.15436730614583,95.5399045605356,85.1131394850893,-10.4267650754463,5.62115990834932,33.3731838436689,24.4771565746705,-8.89602726899841,5.61750962286704,63.6771652909968,52.9137498237929,-10.763415467204,5.60004224891438,30.3039814473279,28.4365932491223,-1.86738819820556,4.58195844768486
escs_pca,BEL,36,437.796823268543,441.06905458628,3.27223131773673,4.81055344022878,471.438884990689,465.652744814388,-5.78614017630088,4.70613024233865,509.291900338003,509.49894413031,0.207043792307559,5.1118590679264,547.530790396797,542.60452022242,-4.92627017437678,4.61375584348043,33.6420617221456,24.583690228108,-9.0583714940376,5.3972782634965,71.4950770694598,68.4298895440306,-3.06518752542917,6.14369340744179,109.733967128254,101.53546563614,-8.19850149211351,6.33454075816602,37.8530153473142,43.8461993159227,5.99318396860843,5.2017563766063,76.0919054061083,76.9517754080324,0.859870001924094,5.48728811819021,38.2388900587941,33.1055760921097,-5.13331396668434,5.16718553078815
escs_pca,CAN,36,461.032476848855,451.169765370121,-9.86271147873367,3.27523501801763,486.989821513631,481.077333216111,-5.91248829751982,3.61768829233078,512.560826088344,510.719436998924,-1.84138908941941,3.50885924312208,535.408500004064,526.515020240942,-8.89347976312229,3.83308487482455,25.9573446647755,29.9075678459893,3.95022318121386,4.30380915759999,51.5283492394884,59.5496716288026,8.02132238931426,4.31276004087103,74.3760231552088,75.3452548708202,0.969231715611386,4.48589959262731,25.5710045747129,29.6421037828133,4.07109920810041,4.14736022142225,48.4186784904333,45.4376870248308,-2.98099146560247,4.66360982599841,22.8476739157204,15.7955832420175,-7.05209067370288,3.93801424660399
escs_pca,CHE,36,457.345322784035,455.99465728441,-1.35066549962556,4.97554079382929,491.41599809393,484.110568295099,-7.30542979883097,4.99916899274099,526.935738809707,520.775648639999,-6.16009016970838,5.23248951128433,565.332177842389,560.984650186928,-4.34752765546057,4.52065224729605,34.0706753098947,28.1159110106893,-5.95476429920541,5.57414115161295,69.5904160256715,64.7809913555887,-4.80942467008282,6.29171093139626,107.986855058354,104.989992902519,-2.996862155835,6.51442417037887,35.5197407157768,36.6650803448994,1.14533962912259,5.40535136888247,73.9161797484589,76.8740818918293,2.9579021433704,5.78430570388325,38.3964390326821,40.2090015469299,1.81256251424782,5.50172796585777
escs_pca,CHL,36,388.480320815325,378.816042110955,-9.66427870436991,4.08686274096974,401.365092999006,389.911130523192,-11.4539624758143,4.49384688812759,413.463444521593,407.503561164625,-5.95988335696791,4.46677626054329,452.144373357411,450.27845601133,-1.86591734608095,4.73101064450991,12.8847721836811,11.0950884122367,-1.7896837714444,5.16799098341354,24.9831237062678,28.6875190536698,3.704395347402,5.25207232743661,63.6640525420861,71.462413900375,7.79836135828896,6.40919033175257,12.0983515225867,17.5924306414331,5.4940791188464,5.26309147012508,50.779280358405,60.3673254881383,9.58804512973336,5.30881185088372,38.6809288358183,42.7748948467053,4.09396601088696,5.3524173890022
escs_pca,COL,36,354.602366104533,354.150184845444,-0.4521812590894,3.86466024716309,370.015026138016,370.381695992027,0.366669854010524,4.45654314865609,385.381216082688,387.579460560665,2.19824447797657,5.49026216723116,426.719433336915,429.359459976177,2.6400266392622,9.30599694615842,15.4126600334834,16.2315111465833,0.818851113099925,5.18220354992345,30.7788499781555,33.4292757152215,2.65042573706597,5.6350441062476,72.1170672323823,75.2092751307339,3.0922078983516,10.1106409348836,15.3661899446721,17.1977645686382,1.83157462396605,4.67177311274519,56.7044071988989,58.9777639841506,2.27335678525168,9.11831570414776,41.3382172542268,41.7799994155124,0.44178216128563,8.85208437735194
escs_pca,CZE,36,436.568845140931,431.509617705619,-5.05922743531221,4.71324254573894,473.609316517682,465.245916083343,-8.36340043433864,4.67660743832807,498.959284508187,491.429833231743,-7.52945127644404,4.82971218665134,541.193586574089,534.661335528218,-6.53225104587148,5.08882307184567,37.0404713767508,33.7362983777244,-3.30417299902643,5.0639194018312,62.3904393672561,59.9202155261243,-2.47022384113183,5.36184986620377,104.624741433158,103.151717822599,-1.47302361055927,6.80155196813862,25.3499679905053,26.1839171483999,0.833949157894608,5.30108208349959,67.5842700564074,69.4154194448745,1.83114938846717,5.83781941400417,42.2343020659021,43.2315022964747,0.99720023057256,6.09743147390789
escs_pca,DEU,36,436.257218699481,422.504985724868,-13.7522329746132,5.24242442500946,464.677103579433,461.898291592931,-2.77881198650198,5.83772703763152,489.888418407622,487.56939088308,-2.31902752454181,6.02667049416838,536.343307948025,534.03565137789,-2.30765657013535,5.59101731874642,28.4198848799523,39.3933058680635,10.9734209881112,6.26592513467587,53.631199708141,65.0644051582123,11.4332054500713,6.39868341686831,100.086089248544,111.530665653022,11.4445764044778,6.93366630344685,25.2113148281887,25.6710992901489,0.459784461960169,6.21091409523805,71.6662043685921,72.1373597849587,0.471155416366628,6.51064295292842,46.4548895404034,46.4662604948099,0.0113709544064591,6.22953570001187
escs_pca,DNK,36,452.573489929301,443.376013472447,-9.19747645685334,3.9099519171037,483.698063109317,466.763217812877,-16.9348452964403,4.72154199641713,509.135340813625,488.961077242227,-20.1742635713986,4.93375407209318,518.023046009147,509.296101051378,-8.72694495776824,4.79116250882398,31.1245731800166,23.3872043404296,-7.73736883958696,5.65259253440811,56.5618508843246,45.5850637697793,-10.9767871145453,5.27185711150459,65.4495560798461,65.9200875789312,0.470531499085098,6.08599469092325,25.437277704308,22.1978594293497,-3.23941827495833,5.9874613241978,34.3249828998295,42.5328832385016,8.20790033867206,5.87786781277479,8.88770519552151,20.3350238091519,11.4473186136304,6.39381229355043
escs_pca,ESP,36,437.050435007426,422.578023609167,-14.4724113982592,3.05051989100456,459.609704186774,444.838585595677,-14.7711185910969,3.0019750196006,484.493406201748,475.622265722069,-8.87114047967901,3.47091590020753,516.556660797739,501.108025281958,-15.4486355157812,2.90203833245037,22.5592691793476,22.2605619865099,-0.298707192837753,3.40860165626176,47.4429711943216,53.0442421129017,5.60127091858016,3.87999580703464,79.5062257903129,78.5300016727908,-0.976224117522065,3.86879659671875,24.883702014974,30.7836801263919,5.89997811141791,3.21471114801575,56.9469566109653,56.269439686281,-0.677516924684312,3.50278353310623,32.0632545959913,25.4857595598891,-6.57749503610222,3.58775032814399
escs_pca,EST,36,475.459568717795,466.691818263308,-8.76775045448687,4.26490005790467,494.445264596607,493.727446744689,-0.717817851918028,4.38560061017628,520.676792321697,526.943621703991,6.26682938229419,4.56032784287721,551.494560686206,549.41451957052,-2.08004111568641,4.76278523633497,18.9856958788124,27.0356284813813,8.04993260256885,5.13008956533364,45.2172236039021,60.2518034406832,15.0345798367811,5.52933975723991,76.0349919684113,82.7227013072118,6.68770933880046,6.22961120358031,26.2315277250897,33.2161749593019,6.98464723421222,4.98519543623267,57.0492960895989,55.6870728258305,-1.36222326376839,5.26112403549356,30.8177683645092,22.4708978665286,-8.3468704979806,5.2389540840652
escs_pca,FIN,36,451.511797427335,436.970196194897,-14.5416012324371,3.6206226640894,468.857637490753,457.371329007964,-11.4863084827891,3.96025906757444,498.321789097351,488.31266173763,-10.0091273597213,4.24420772731499,525.694479562628,515.465098138879,-10.2293814237487,3.90326375008172,17.3458400634184,20.4011328130664,3.055292749648,4.23674088963828,46.8099916700166,51.3424655427323,4.53247387271574,4.52293728498642,74.1826821352937,78.494901943982,4.31221980868838,4.62295669873741,29.4641516065982,30.9413327296659,1.47718112306774,4.55376494883865,56.8368420718753,58.0937691309156,1.25692705904038,4.56602226021322,27.3726904652771,27.1524364012497,-0.220254064027358,4.92557689077104
escs_pca,FRA,36,428.963859066334,421.252360593107,-7.71149847322704,4.70474723594688,456.531385370238,445.615987623224,-10.915397747014,4.94889581862944,487.029482173123,476.815063937606,-10.2144182355177,5.86327111932278,531.649382543405,519.696483647363,-11.952898896042,5.02496826193179,27.5675263039037,24.3636270301167,-3.20389927378699,5.55623932161939,58.065623106789,55.5627033444984,-2.50291976229062,6.13823947653516,102.68552347707,98.4441230542553,-4.24140042281499,6.30909685677462,30.4980968028854,31.1990763143817,0.700979511496371,5.60399510951524,75.1179971731667,74.0804960241387,-1.037501149028,5.8514409083306,44.6199003702813,42.8814197097569,-1.73848066052437,5.21516665633441
escs_pca,GBR,36,461.602307600221,452.521874599601,-9.08043300061956,4.79688132195867,477.415079049094,476.448155834145,-0.966923214948679,4.43892134279635,502.266631266387,504.465002052639,2.19837078625238,5.04572922345696,537.375938655821,544.579697773526,7.2037591177052,6.9126140321895,15.8127714488725,23.9262812345434,8.11350978567089,6.18829369279585,40.6643236661659,51.9431274530379,11.2788037868719,6.63216539856334,75.7736310556002,92.057823173925,16.2841921183248,8.56997667210435,24.8515522172934,28.0168462184944,3.16529400120106,5.93730208214519,59.9608596067277,68.1315419393816,8.17068233265388,7.80891749100812,35.1093073894343,40.1146957208871,5.00538833145282,6.86763288300365
escs_pca,GRC,36,402.297749598453,389.457158404024,-12.8405911944288,4.41179858079148,415.804390953964,411.375419237518,-4.42897171644637,4.77833105044461,435.009943363725,438.859268914991,3.84932555126613,5.48929085582343,470.83818203168,469.852237202186,-0.985944829494372,5.77719843566456,13.5066413555112,21.9182608334937,8.41161947798247,5.36420289938067,32.7121937652721,49.4021105109671,16.689916745695,5.94524877028871,68.5404324332274,80.3950787981618,11.8546463649345,7.01062468610857,19.2055524097609,27.4838496774734,8.2782972677125,4.63579303898408,55.0337910777161,58.4768179646681,3.443026886952,5.84652406551866,35.8282386679553,30.9929682871947,-4.83527038076051,6.04263814475582
escs_pca,HUN,36,421.11324521968,411.694056252958,-9.41918896672223,5.17593323382227,452.654141597495,445.622442523119,-7.03169907437655,5.08916340433293,488.508644476663,476.110695478684,-12.3979489979785,5.82380660260258,533.109176645725,517.801575802435,-15.3076008432901,6.0328248567156,31.5408963778155,33.9283862701612,2.38748989234568,6.07686417777824,67.3953992569827,64.4166392257264,-2.97876003125629,7.30514486898599,111.995931426045,106.107519549477,-5.88841187656783,7.977793278894,35.8545028791672,30.4882529555652,-5.36624992360197,5.86885302234486,80.4550350482293,72.1791332793158,-8.27590176891351,7.44707405478056,44.6005321690621,41.6908803237506,-2.90965184531154,6.39542934482333
escs_pca,IRL,36,458.929396620963,445.800233477144,-13.1291631438192,3.77205160978542,480.335860483112,465.742002091183,-14.5938583919288,4.13408607474753,502.988596853165,495.976201400094,-7.01239545307124,4.16770917726214,527.946243941895,521.412643014299,-6.53360092759624,3.97476301259189,21.406463862149,19.9417686140394,-1.46469524810959,4.5458920909379,44.059200232202,50.17596792295,6.11676769074796,4.91572446473907,69.0168473209321,75.612409537155,6.59556221622296,5.07969700380501,22.652736370053,30.2341993089106,7.58146293885756,4.824592156731,47.6103834587831,55.6706409231156,8.06025746433255,5.00961414246334,24.9576470887301,25.4364416142051,0.478794525474996,4.75493113118787
escs_pca,ISL,36,425.490055402975,426.290192945497,0.800137542521441,4.41453434249081,454.573214817573,449.444672467307,-5.128542350266,5.10800237887912,473.519561979543,469.411485692471,-4.10807628707181,4.48071637141658,488.18553443319,492.702747824134,4.51721339094422,4.48845570298637,29.0831594145979,23.1544795218104,-5.92867989278744,7.22673539461636,48.0295065765674,43.1212927469742,-4.90821382959325,6.43218385821378,62.6954790302146,66.4125548786374,3.71707584842278,6.33878469645703,18.9463471619696,19.9668132251638,1.02046606319419,6.66019502142747,33.6123196156167,43.258075356827,9.64575574121022,6.82995663363586,14.6659724536472,23.2912621316632,8.62528967801603,6.23253280915941
escs_pca,ISR,36,402.704807951267,399.349742573587,-3.35506537767986,5.39383730885125,444.087841583252,436.181269129267,-7.90657245398495,5.30571261925238,489.340804204269,470.461108393547,-18.8796958107213,7.35683254544249,517.025493565439,496.114469908458,-20.9110236569811,6.21425828740834,41.3830336319847,36.8315265556797,-4.55150707630509,6.67788458152772,86.6359962530019,71.1113658199604,-15.5246304330414,7.72734934680728,114.320685614172,96.7647273348711,-17.5559582793013,7.36079629289885,45.2529626210171,34.2798392642808,-10.9731233567363,7.35132857341768,72.9376519821876,59.9332007791915,-13.0044512029962,6.75189821777532,27.6846893611705,25.6533615149107,-2.03132784625984,7.07033790367064
escs_pca,ITA,36,436.129022188609,431.822967806352,-4.3060543822566,4.7357456515081,461.453731129478,457.067737985125,-4.38599314435288,5.25517579423738,480.573897199624,479.534408201827,-1.03948899779715,5.94499666098282,510.482990852808,511.381038541175,0.898047688367058,6.50910955412895,25.3247089408694,25.2447701787731,-0.0799387620962762,5.53532434173215,44.4448750110151,47.7114403954746,3.26656538445945,6.30722236341063,74.3539686641999,79.5580707348236,5.20410207062366,7.32658731949416,19.1201660701457,22.4666702167015,3.34650414655573,5.86730847229247,49.0292597233305,54.3133005560504,5.28404083271994,6.97434683377534,29.9090936531848,31.846630339349,1.93753668616421,5.67701721425943
escs_pca,JPN,36,499.416582533466,484.006158458056,-15.4104240754098,6.81500808359353,526.814199553387,517.916953183352,-8.89724637003531,7.10752025846301,548.554364438441,539.09087045302,-9.46349398542077,6.01200543255401,570.125729868509,571.892534046025,1.76680417751561,7.45786707178749,27.3976170199214,33.9107947252959,6.51317770537452,7.1508137139155,49.1377819049753,55.0847119949644,5.94693008998905,7.32181298846958,70.7091473350432,87.8863755879686,17.1772282529254,9.5809163997768,21.7401648850539,21.1739172696684,-0.566247615385464,6.74828470247675,43.3115303151218,53.9755808626727,10.6640505475509,7.92777880563294,21.5713654300679,32.8016635930043,11.2302981629364,6.82884498238235
escs_pca,KOR,36,487.508208457093,474.168572936666,-13.3396355204268,6.85824192373595,515.036810192452,515.531121007845,0.494310815392964,7.30341014734285,538.841923679098,542.454034510996,3.61211083189778,6.40095249209026,571.90088952224,571.243684038382,-0.657205483858547,7.62069861369743,27.5286017353592,41.3625480711789,13.8339463358197,6.51829966249792,51.333715222005,68.2854615743296,16.9517463523246,7.27046688546552,84.3926810651475,97.0751111017157,12.6824300365682,8.48873184236141,23.8051134866458,26.9229135031507,3.11780001650482,6.85682968910828,56.8640793297883,55.7125630305368,-1.15151629925151,8.10644117905112,33.0589658431425,28.7896495273861,-4.26931631575633,7.31296560573146
escs_pca,LTU,36,436.174327795174,437.624562165489,1.45023437031557,3.9562300519494,459.884306797012,463.339947420898,3.45564062388593,3.7108043318601,490.90867651029,491.269849798005,0.361173287715701,4.39801557574333,518.442412120159,513.722883205191,-4.71952891496767,4.77570651094172,23.7099790018381,25.7153852554084,2.00540625357036,4.74405745754032,54.7343487151161,53.6452876325163,-1.08906108259987,5.46514390747676,82.268084324985,76.0983210397018,-6.16976328528324,6.29381524679044,31.0243697132781,27.9299023771079,-3.09446733617023,5.06038223666316,58.558105323147,50.3829357842934,-8.1751695388536,5.82309211845398,27.5337356098689,22.4530334071855,-5.08070220268337,5.23087978219755
escs_pca,LVA,36,451.131642439492,436.653037037295,-14.4786054021967,3.99650046314854,469.553400248852,459.756781369359,-9.79661887949271,4.13233203905458,493.652070720277,479.434059913937,-14.2180108063401,4.42538564475168,520.9464788855,503.024251281625,-17.9222276038755,3.89103807639546,18.4217578093602,23.1037443320642,4.68198652270399,4.86422644123328,42.5204282807853,42.7810228766419,0.260594595856617,5.06376010390831,69.8148364460083,66.3712142443295,-3.44362220167881,5.38584826054634,24.0986704714251,19.6772785445777,-4.42139192684738,5.0970456216972,51.3930786366481,43.2674699122653,-8.1256087243828,5.14281114230814,27.294408165223,23.5901913676876,-3.70421679753542,5.78695581760608
escs_pca,MEX,36,373.475128336694,366.191084829641,-7.28404350705267,3.16031722773267,383.903261740077,379.358460485778,-4.54480125429916,3.49296669001788,397.188995407778,390.458121582069,-6.73087382570873,4.53388278279934,426.398767087637,421.218657874032,-5.18010921360474,5.62821949615827,10.4281334033833,13.1673756561368,2.73924225275351,4.02604291734222,23.7138670710841,24.267036752428,0.553169681343945,4.94895171352707,52.9236387509424,55.0275730443904,2.10393429344794,6.15844643921738,13.2857336677008,11.0996610962912,-2.18607257140957,4.40997705270772,42.4955053475591,41.8601973882535,-0.635307959305578,5.86801578163311,29.2097716798584,30.7605362919624,1.55076461210399,5.42998782299881
escs_pca,NLD,36,452.891246988982,445.852610233166,-7.03863675581567,6.91242601114574,467.584331899283,471.245314216406,3.66098231712283,6.90625365772355,514.959700437312,508.284421267856,-6.6752791694563,6.96079245757823,548.761294305532,545.038520483736,-3.7227738217955,5.31691739005262,14.6930849103014,25.3927039832399,10.6996190729385,7.77267508641312,62.0684534483302,62.4318110346895,0.363357586359371,9.32200530805515,95.8700473165499,99.18591025057,3.31586293402017,8.77283006864034,47.3753685380287,37.0391070514496,-10.3362614865791,7.07977828102991,81.1769624062484,73.7932062673301,-7.38375613891833,7.29353447358396,33.8015938682197,36.7540992158805,2.9525053476608,7.00072960092246
escs_pca,NOR,36,435.996548396344,411.998340987724,-23.9982074086209,3.88716752765326,458.779139959866,442.936111927233,-15.8430280326327,4.68591544413498,483.275117917514,476.629209932988,-6.64590798452605,4.66661198808942,506.926578833815,496.658610936033,-10.2679678977824,4.72566365599942,22.7825915635212,30.9377709395094,8.15517937598816,5.21640462298969,47.2785695211695,64.6308689452644,17.3522994240948,5.55772544532336,70.9300304374706,84.6602699483091,13.7302395108385,5.91088090028207,24.4959779576483,33.693098005755,9.19712004810668,5.14460880595448,48.1474388739494,53.7224990087997,5.57506013485033,5.80291956005965,23.6514609163011,20.0294010030448,-3.62205991325635,5.48384037451555
escs_pca,NZL,36,433.863343071796,446.348096919763,12.4847538479668,4.32286048909407,472.25465346826,468.038118245011,-4.21653522324965,5.14636353233033,501.509247492286,499.788257578219,-1.72098991406733,4.8683929807175,528.462399763319,538.275246492868,9.81284672954928,5.13679854927749,38.3913103964646,21.6900213252482,-16.7012890712164,5.71325214484604,67.6459044204903,53.4401606584562,-14.2057437620341,6.09434328248899,94.599056691523,91.9271495731055,-2.67190711841749,6.71926069048516,29.2545940240257,31.750139333208,2.49554530918232,6.67984593593112,56.2077462950583,70.2371282478573,14.0293819527989,6.97913166329221,26.9531522710327,38.4869889146493,11.5338366436166,6.46283596727855
escs_pca,POL,36,453.24092881978,450.918985184947,-2.32194363483342,4.29032217116324,472.052593175432,468.442374498348,-3.6102186770845,4.40708970508607,500.138795741657,503.688512050772,3.54971630911496,5.43788322453812,537.301152802497,532.26615144309,-5.03500135940658,5.59597319806851,18.811664355652,17.5233893134009,-1.28827504225109,4.94719136874399,46.8978669218764,52.7695268658247,5.87165994394837,5.81360965076998,84.0602239827167,81.3471662581435,-2.71305772457316,7.07999487164763,28.0862025662244,35.2461375524238,7.15993498619946,5.6401036770673,65.2485596270647,63.8237769447426,-1.42478268232207,6.50736321918883,37.1623570608404,28.5776393923188,-8.58471766852154,6.15385194935702
escs_pca,PRT,36,430.414493167232,418.171720823016,-12.2427723442163,4.73068182494921,452.706610776959,442.518273637833,-10.1883371391255,5.59185220851748,483.572249583742,472.299764450321,-11.2724851334209,6.29950825125618,525.524990117982,520.179624290889,-5.34536582709347,5.33079178013036,22.2921176097265,24.3465528148173,2.05443520509084,4.96782017746232,53.1577564165102,54.1280436273055,0.970287210795391,5.93863963188924,95.1104969507502,102.007903467873,6.89740651712282,6.53675541403382,30.8656388067837,29.7814908124882,-1.08414799429545,5.89365392639374,72.8183793410237,77.6613506530557,4.84297131203198,6.67974954567601,41.95274053424,47.8798598405675,5.92711930632743,6.20787835745778
escs_pca,SVK,36,409.08217119334,416.068382394665,6.98621120132526,5.99615324104783,453.451767211618,461.458241829114,8.00647461749554,5.66366514620639,474.475163222289,485.835257122171,11.3600938998821,6.00307628346843,525.981192493584,534.52825478538,8.54706229179544,5.78765006609522,44.3695960182779,45.3898594344482,1.02026341617028,6.44097510234234,65.3929920289491,69.7668747275059,4.37388269855683,7.94797381782351,116.899021300244,118.459872390714,1.56085109047018,8.65882550630204,21.0233960106712,24.3770152930577,3.35361928238655,7.05783154495249,72.5294252819661,73.070012956266,0.5405876742999,7.518135170578,51.5060292712949,48.6929976632083,-2.81303160808665,6.43248126540786
escs_pca,SVN,36,443.429371525184,427.047448320604,-16.3819232045798,3.9949329213813,470.522011495168,446.952767859747,-23.5692436354211,3.94319484921156,501.967548233396,481.189001628051,-20.7785466053452,4.30515370184679,524.785373858818,506.168573656724,-18.6168002020935,3.61364841254573,27.0926399699849,19.9053195391436,-7.18732043084128,5.20299298155895,58.5381767082128,54.1415533074474,-4.39662340076541,5.79419361993357,81.3560023336342,79.1211253361204,-2.23487699751377,5.73204594984353,31.4455367382279,34.2362337683038,2.79069703007588,5.94315950280689,54.2633623636493,59.2158057969768,4.95244343332752,5.88096372235497,22.8178256254214,24.979572028673,2.16174640325164,6.08593224878573
escs_pca,SWE,36,441.285222853839,423.610215737241,-17.6750071165981,3.9483937734773,467.577712843765,456.650714702323,-10.9269981414416,5.16688367392404,498.941836345192,490.958175820288,-7.98366052490349,4.70841843130044,530.40422390038,513.662440003788,-16.7417838965914,5.25436195608756,26.2924899899255,33.0404989650819,6.74800897515644,6.11537667533759,57.6566134913526,67.3479600830472,9.69134659169458,5.5069765526962,89.1190010465406,90.0522242665472,0.933223220006653,6.2914593023798,31.3641235014272,34.3074611179653,2.94333761653814,5.79907070091006,62.8265110566151,57.0117253014653,-5.81478575514979,6.13529134917961,31.4623875551879,22.7042641835,-8.75812337168793,5.70786689462786
escs_pca,TUR,36,423.865972187037,424.750421156814,0.88444896977677,4.02412731186154,439.904879825315,445.700823934447,5.79594410913171,4.14097352214356,449.715919814464,463.134681026613,13.4187612121488,4.48459810265642,499.459872437985,522.580802874999,23.1209304370145,5.98049606830301,16.038907638278,20.950402777633,4.91149513935494,5.08569707150524,25.8499476274274,38.3842598697994,12.534312242372,5.58907918293971,75.593900250948,97.8303817181858,22.2364814672378,7.32457701538078,9.81103998914938,17.4338570921664,7.62281710301704,4.8417749180606,59.55499261267,76.8799789405528,17.3249863278828,6.81863496604088,49.7439526235206,59.4461218483864,9.70216922486577,7.0048063110524
escs_pca,USA,36,425.258839600142,423.177772159939,-2.08106744020228,6.80748394612357,443.902800920933,449.285058639903,5.38225771897055,8.35117654654553,471.851490373154,467.943310389452,-3.90817998370272,11.3358665066501,520.90680201578,522.402351905407,1.49554988962745,18.3901970035753,18.6439613207912,26.1072864799641,7.46332515917283,9.09584407610701,46.5926507730126,44.7655382295122,-1.82711254350045,11.4142000678185,95.6479624156384,99.2245797454681,3.57661732982973,18.9630251597568,27.9486894522214,18.6582517495481,-9.29043770267327,11.389250657395,77.0040010948471,73.117293265504,-3.8867078293431,17.4679738096621,49.0553116426257,54.4590415159559,5.40372987333018,13.8280135303848
escs_pca,OECD,36,436.293060054047,428.932006904958,-7.36105314908878,0.750404012122659,461.356198824831,455.36316576196,-5.99303306287089,0.91673966975614,488.11213208591,483.154199742722,-4.95793234318768,0.876585893469625,521.156518445375,516.35025806707,-4.80626037830484,1.0037341572134,25.0631387707841,26.431158857002,1.36802008621788,0.99322342793379,51.8190720318631,54.2221928377642,2.4031208059011,0.959087490733529,84.8634583913287,87.4182511621127,2.55479277078393,1.18427022095593,26.755933261079,27.7910339807622,1.03510071968321,0.950562072174521,59.8003196205447,60.9870923051107,1.18677268456605,1.14825740922265,33.0443863594657,33.1960583243485,0.151671964882837,1.02297075137233
escs_pca,OECD35,35,436.271420769664,429.113549284838,-7.15787148482673,0.771752363299264,461.406098671632,455.663868052425,-5.74223061920731,0.944458615023256,488.215524254029,483.369397857598,-4.84612639643081,0.896391667643875,521.287942949594,516.785750432359,-4.50219251723411,1.03062416520958,25.134677901968,26.5503187675874,1.41564086561942,1.01203578366737,51.9441034843642,54.2558485727602,2.31174508839592,0.973760426529907,85.0165221799292,87.6722011475218,2.65567896759262,1.20676150432274,26.8094255823963,27.7055298051728,0.896104222776501,0.986230258851971,59.8818442779613,61.1218823799345,1.2400381019732,1.18535596357585,33.072418695565,33.4163525747617,0.343933879196698,1.05193695914135
hisei_h,AUS,36,448.850901199985,444.903992681928,-3.94690851805763,3.31704986007801,486.004423080982,476.876029990645,-9.12839309033768,3.3713985344131,505.178739860381,495.601358351386,-9.57738150899416,4.0889174645776,531.421898738065,523.071649741314,-8.35024899675102,4.09421355115983,37.1535218809972,31.9720373087172,-5.18148457228006,4.02047104030532,56.3278386603955,50.6973656694589,-5.63047299093654,4.41042204373272,82.5709975380797,78.1676570593863,-4.40334047869339,4.57684748414595,19.1743167793982,18.7253283607417,-0.448988418656484,4.47968489233947,45.4174756570825,46.1956197506692,0.778144093586661,4.37864751101679,26.2431588776843,27.4702913899274,1.22713251224315,4.19366565537831
hisei_h,AUT,36,451.915830570834,448.252912882961,-3.66291768787363,4.88716329676059,484.763556595559,483.281519088609,-1.48203750695052,5.43042645597477,509.115847449411,497.116546832357,-11.9993006170548,4.51126045802841,534.443069197297,517.497743833412,-16.9453253638852,4.35635751879125,32.8477260247249,35.028606205648,2.18088018092311,6.48365957007171,57.2000168785771,48.8636339493959,-8.33638292918118,6.06569122370829,82.527238626463,69.2448309504515,-13.2824076760116,5.51129123941093,24.3522908538522,13.8350277437479,-10.5172631101043,5.57038511067894,49.6795126017382,34.2162247448035,-15.4632878569347,6.06281916941225,25.327221747886,20.3811970010556,-4.9460247468304,5.57730125973739
hisei_h,BEL,36,443.671025462683,443.995135135815,0.32410967313217,4.43143419339921,482.88625069971,489.276766040106,6.39051534039533,4.38264171159464,517.523994559785,517.369509278036,-0.154485281748862,5.04708731030137,540.017771494365,533.268313968674,-6.74945752569136,4.51131062726518,39.2152252370274,45.2816309042905,6.06640566726316,5.16319900010274,73.8529690971019,73.3743741422209,-0.478594954881032,5.64420588821189,96.3467460316821,89.2731788328586,-7.07356719882353,5.9140838512743,34.6377438600745,28.0927432379303,-6.54500062214419,5.28271888035846,57.1315207946547,43.991547928568,-13.1399728660867,4.84575774178336,22.4937769345802,15.8988046906377,-6.59497224394249,5.20799565266454
hisei_h,CAN,36,467.386374273864,460.021227030505,-7.36514724335859,3.3279579700908,499.444099857115,493.303145523367,-6.14095433374848,2.9848804953148,511.932846922497,506.914766676534,-5.01808024596323,3.39793864296731,534.749117972378,526.512330213144,-8.23678775923372,3.86386400198157,32.0577255832516,33.2819184928617,1.22419290961011,4.20343515967928,44.5464726486337,46.8935396460291,2.34706699739536,4.29951933882628,67.3627436985146,66.4911031826395,-0.871640515875129,4.17117190452994,12.4887470653821,13.6116211531674,1.12287408778525,3.68204335147819,35.3050181152631,33.2091846897778,-2.09583342548524,4.10067166989198,22.8162710498809,19.5975635366104,-3.21870751327049,3.94572811279996
hisei_h,CHE,36,464.393779098455,460.069984328949,-4.32379476950598,5.15809276452468,500.506515263672,497.156607464689,-3.34990779898345,4.9057740226274,533.435616135107,531.162332372573,-2.27328376253422,4.73562481004833,558.530059632773,553.755561490068,-4.77449814270494,5.64843651590552,36.1127361652174,37.0866231357399,0.973886970522528,5.67247744271867,69.0418370366522,71.092348043624,2.05051100697176,6.03558770109886,94.1362805343179,93.6855771611189,-0.450703373198962,7.15345967744696,32.9291008714349,34.0057249078841,1.07662403644923,5.36542811490087,58.0235443691005,56.5989540253791,-1.42459034372149,6.25847962865405,25.0944434976657,22.593229117495,-2.50121438017072,6.66758442707616
hisei_h,CHL,36,395.662772488208,382.995984617559,-12.6667878706494,4.14499970959956,404.133371558956,398.380863537141,-5.75250802181552,4.91969904523612,421.319744783052,421.984121164258,0.664376381205727,4.81788879549932,450.355720232729,447.923987340832,-2.4317328918969,4.35040615540862,8.47059907074794,15.3848789195818,6.91427984883387,5.84556414922652,25.6569722948441,38.9881365466993,13.3311642518551,6.23125785623207,54.6929477445208,64.9280027232733,10.2350549787525,5.81087376489791,17.1863732240962,23.6032576271174,6.41688440302124,6.10086050593354,46.2223486737729,49.5431238036915,3.32077512991862,6.12381107743005,29.0359754496767,25.9398661765741,-3.09610927310263,5.13467331847808
hisei_h,COL,36,359.410740496418,360.14461908812,0.733878591702478,3.87016747995622,373.828733641512,379.377209154218,5.54847551270581,4.56030617366304,389.056727951515,399.144559277416,10.0878313259015,5.62206908349801,419.8507914409,422.128449270648,2.27765782974808,8.31037231859586,14.4179931450939,19.2325900660973,4.81459692100333,4.75766604513931,29.6459874550968,38.9999401892958,9.35395273419903,5.43367189817049,60.4400509444824,61.983830182528,1.5437792380456,8.7662394943335,15.2279943100028,19.7673501231985,4.5393558131957,5.60874945959765,46.0220577993885,42.7512401164307,-3.27081768295773,8.5486606042164,30.7940634893856,22.9838899932322,-7.81017349615343,6.9953285541375
hisei_h,CZE,36,438.425936176091,441.085634527307,2.65969835121678,4.3427729720586,482.965139946176,479.05942533619,-3.90571460998552,4.9543472304245,504.843431546051,498.332902926538,-6.51052861951337,4.73905465686979,538.067935682224,529.399121121328,-8.66881456089561,5.23816608915784,44.5392037700852,37.9737908088829,-6.5654129612023,5.06986681767342,66.4174953699605,57.2472683992304,-9.17022697073014,5.44608526246159,99.6419995061334,88.313486594021,-11.3285129121124,6.54367208363019,21.8782915998753,19.2734775903475,-2.60481400952784,5.46394836569343,55.1027957360482,50.3396957851381,-4.76309995091009,6.37912534607104,33.2245041361729,31.0662181947906,-2.15828594138225,5.8551023757542
hisei_h,DEU,36,444.86176561258,436.505875603405,-8.35589000917491,5.41461771614787,475.680887058845,475.002533803349,-0.678353255495608,5.18175168438356,494.376235395303,495.49702776279,1.12079236748713,7.46589203164644,536.731785742275,531.313636943551,-5.41814879872402,5.07584548544981,30.8191214462646,38.4966581999439,7.67753675367931,6.08214229833612,49.5144697827232,58.9911521593853,9.47668237666204,7.4063961170193,91.8700201296947,94.8077613401456,2.9377412104509,6.79595411491783,18.6953483364587,20.4944939594414,1.79914562298274,7.84560215354787,61.0508986834302,56.3111031402017,-4.73979554322841,6.19471246045908,42.3555503469715,35.8166091807603,-6.53894116621115,7.71920638075643
hisei_h,DNK,36,459.052693807757,455.332076363881,-3.72061744387543,4.71605628882902,488.51705247725,474.799364343969,-13.7176881332807,4.85236189502003,506.723922045174,493.297011465432,-13.4269105797428,5.90961054588734,518.913184295934,505.108215005948,-13.8049692899859,4.72586629277149,29.4643586694933,19.467287980088,-9.99707068940529,6.68646884488448,47.6712282374178,37.9649351015505,-9.70629313586733,6.42536323140897,59.8604904881769,49.7761386420665,-10.0843518461105,6.27521699100634,18.2068695679245,18.4976471214625,0.290777553537964,7.43584416289206,30.3961318186837,30.3088506619785,-0.0872811567051599,6.29923007262129,12.1892622507592,11.811203540516,-0.378058710243124,6.96256805258293
hisei_h,ESP,36,443.612257684192,428.566798012652,-15.0454596715395,2.89653883156417,465.443029220882,453.753755223485,-11.6892739973964,3.13055861873882,490.415922765124,480.286885511063,-10.1290372540614,3.22880043527035,512.255917182327,494.81859350667,-17.4373236756571,2.95486134922031,21.8307715366899,25.186957210833,3.35618567414315,3.49822980529456,46.8036650809324,51.7200874984105,4.91642241747815,3.59397052205171,68.6436594981349,66.2517954940173,-2.39186400411762,3.55734567262176,24.9728935442425,26.5331302875775,1.560236743335,3.39964386197789,46.812887961445,41.0648382831842,-5.74804967826077,3.62796835285167,21.8399944172025,14.5317079956067,-7.30828642159577,3.48302728883456
hisei_h,EST,36,476.609082252485,467.11206073387,-9.49702151861487,4.54290230934533,505.182088486474,508.336391338522,3.15430285204815,5.29869108714513,529.787321001429,530.56963230053,0.782311299100797,4.17570338584041,543.505230684981,541.191501636815,-2.3137290481659,4.47363954747235,28.5730062339887,41.2243306046518,12.651324370663,5.94904010027824,53.1782387489442,63.4575715666599,10.2793328177157,5.62234494897992,66.8961484324956,74.0794409029446,7.18329247044898,6.09360309432979,24.6052325149554,22.2332409620081,-2.37199155294735,5.95644665173051,38.3231421985068,32.8551102982928,-5.46803190021404,5.75276412780686,13.7179096835514,10.6218693362847,-3.09604034726669,5.00464745074463
hisei_h,FIN,36,454.318442415294,444.328761990255,-9.98968042503884,3.77640228735075,476.35546755631,469.213449755087,-7.14201780122295,4.23897506697467,501.877742072318,496.122869293304,-5.75487277901374,4.15398608074432,525.710556582768,509.583991329923,-16.1265652528443,4.39877811645118,22.0370251410155,24.8846877648314,2.84766262381589,4.70400422529164,47.5592996570236,51.7941073030488,4.2348076460251,4.60923408412297,71.3921141674733,65.2552293396678,-6.13688482780549,5.53069862070284,25.5222745160081,26.9094195382173,1.38714502220921,5.11014900247152,49.3550890264578,40.3705415748364,-8.98454745162138,5.24710279730341,23.8328145104497,13.4611220366191,-10.3716924738306,5.67438842505054
hisei_h,FRA,36,438.1251407733,432.774150412549,-5.35099036075093,4.46314818125367,468.72132560995,462.78334847762,-5.9379771323301,5.5788085403807,494.28775560803,484.30104100072,-9.98671460730986,5.43445008207942,529.657523932392,515.520487697623,-14.1370362347692,4.70730068146312,30.5961848366505,30.0091980650713,-0.586986771579177,5.78393778143204,56.1626148347296,51.5268905881707,-4.63572424655894,6.41382180584059,91.5323831590922,82.7463372850739,-8.78604587401827,5.71112525465132,25.5664299980791,21.5176925230994,-4.04873747497976,5.5493397097942,60.9361983224417,52.7371392200026,-8.19905910243909,5.19140973023579,35.3697683243626,31.2194466969032,-4.15032162745933,5.04182167046673
hisei_h,GBR,36,463.789476272578,456.546589483747,-7.2428867888305,4.01694596797444,491.54004358738,492.449462904032,0.909419316652134,5.58707973236631,510.223951432618,518.321494196029,8.09754276341107,4.96081302548752,530.143142977587,528.879359406345,-1.26378357124224,6.0088291725174,27.750567314802,35.9028734202846,8.15230610548264,6.52845136948417,46.4344751600403,61.7749047122819,15.3404295522416,6.29529122061194,66.3536667050095,72.3327699225977,5.97910321758826,6.91407742873436,18.6839078452383,25.8720312919973,7.18812344675894,6.44716677105552,38.6030993902075,36.4298965023131,-2.17320288789438,6.75173277462462,19.9191915449692,10.5578652103159,-9.36132633465331,6.42896731369664
hisei_h,GRC,36,407.169843251437,393.966072344455,-13.2037709069818,4.21265571548576,418.315403096853,424.492295859411,6.17689276255777,5.7112299034888,442.466426152032,446.682919859547,4.21649370751453,5.10037714922682,472.387314503358,465.953579235107,-6.43373526825116,5.13285390888975,11.1455598454166,30.5262235149562,19.3806636695396,5.83417069997473,35.2965829005956,52.716847515092,17.4202646144963,5.77992357763004,65.2174712519216,71.9875068906522,6.77003563873063,5.9640450766529,24.151023055179,22.1906240001358,-1.96039905504324,5.71057297093571,54.0719114065049,41.461283375696,-12.6106280308089,5.83572782512849,29.9208883513259,19.2706593755602,-10.6502289757657,5.28411840237655
hisei_h,HUN,36,414.780047988262,416.120970835754,1.34092284749227,5.40117260397592,470.493180304821,456.657011378413,-13.8361689264087,4.72149100501235,493.092763600917,482.609374061979,-10.4833895389385,6.01570883897727,532.822999322143,512.613012911653,-20.2099864104904,6.18745125876442,55.7131323165597,40.5360405426588,-15.1770917739009,5.69643543509748,78.3127156126556,66.4884032262249,-11.8243123864307,7.20816759511492,118.042951333881,96.4920420758988,-21.5509092579827,8.33567699982347,22.5995832960959,25.9523626835661,3.35277938747021,6.17397760631099,62.3298190173217,55.95600153324,-6.37381748408171,7.26532850683082,39.7302357212258,30.0036388496739,-9.72659687155192,6.94815188863268
hisei_h,IRL,36,463.366774026195,449.489429490335,-13.8773445358603,3.56227034831194,488.888129001532,477.951007277434,-10.9371217240984,4.45678402707159,505.037251772105,501.382602497834,-3.65464927427081,4.05513469090252,518.467879296414,510.046631901425,-8.421247394989,3.84131003136696,25.5213549753366,28.4615777870986,2.94022281176194,4.92282263814577,41.6704777459098,51.8931730074993,10.2226952615895,4.7388672718569,55.1011052702185,60.5572024110899,5.45609714087135,4.44622561173231,16.1491227705732,23.4315952204008,7.28247244982759,5.64552129817814,29.5797502948819,32.0956246239913,2.51587432910941,5.04740615167628,13.4306275243087,8.66402940359052,-4.76659812071819,4.46854332056812
hisei_h,ISL,36,437.632226094868,438.356023707284,0.723797612416604,4.85254112594683,463.914826090597,456.054695127493,-7.86013096310421,4.78063999365434,472.509074339555,478.200087038832,5.69101269927745,5.15054898396475,490.347198618522,488.291642370815,-2.05555624770767,4.43402748597237,26.2825999957294,17.6986714202085,-8.58392857552082,6.62933952218564,34.8768482446869,39.8440633315478,4.96721508686085,6.62793998964351,52.7149725236547,49.9356186635304,-2.77935386012427,6.77426178371306,8.59424824895757,22.1453919113392,13.5511436623817,7.50903417413191,26.4323725279253,32.2369472433219,5.80457471539654,6.25503220548472,17.8381242789678,10.0915553319826,-7.74656894698512,6.61010214433074
hisei_h,ISR,36,413.445858547747,413.253363690485,-0.192494857261636,5.68564221675421,462.017458135399,450.519645624068,-11.4978125113305,5.66086095611756,494.341015652388,479.323137564388,-15.0178780879993,6.83567027552288,507.398702397781,491.180120704892,-16.2185816928895,6.64147707771448,48.5715995876519,37.266281933583,-11.3053176540689,6.72692397211126,80.8951571046409,66.0697738739032,-14.8253832307377,8.17972952467591,93.9528438500342,77.9267570144064,-16.0260868356278,7.95150659883851,32.323557516989,28.8034919403202,-3.5200655766688,6.94137416847357,45.3812442623823,40.6604750808233,-4.72076918155898,6.75222081430802,13.0576867453933,11.8569831405031,-1.20070360489018,6.95797152766776
hisei_h,ITA,36,440.072615545336,442.22990891203,2.15729336669455,4.90802648286921,462.902982232889,463.828762335493,0.925780102603426,5.50721241822301,487.15963789453,488.069292694981,0.909654800451676,5.8381934272924,507.293638662142,506.546800959876,-0.746837702265964,6.11510127785252,22.8303666875535,21.5988534234624,-1.23151326409112,6.10137099586819,47.087022349194,45.8393837829511,-1.24763856624287,6.43277393161498,67.2210231168066,64.3168920478461,-2.90413106896051,7.13433069708497,24.2566556616405,24.2405303594887,-0.0161253021517496,5.79072983364905,44.3906564292531,42.7180386243837,-1.67261780486939,6.55308035495867,20.1340007676126,18.4775082648949,-1.65649250271764,5.6936498101219
hisei_h,JPN,36,508.929699141662,498.96146930449,-9.96822983717158,6.76901909145712,545.429201000921,536.541969392264,-8.8872316086572,6.25287430940348,537.835163898583,531.694680781225,-6.14048311735849,6.14789345316547,564.43288378772,560.337207988906,-4.09567579881434,8.44347597901567,36.4995018592592,37.5805000877736,1.08099822851437,7.12605705756123,28.9054647569217,32.7332114767348,3.82774671981309,7.45619282348846,55.5031846460588,61.375738684416,5.87255403835724,9.4008275679162,-7.59403710233755,-4.84728861103883,2.74674849129872,7.4846407010092,19.0036827867996,23.7952385966424,4.79155580984286,7.21860868830506,26.5977198891371,28.6425272076813,2.04480731854414,9.27657386379029
hisei_h,KOR,36,501.772269263116,493.856547958616,-7.91572130450061,6.86128935379906,531.560956446976,530.589905938746,-0.971050508230064,6.3740945839192,530.459194260003,543.431332426409,12.9721381664062,7.12199846418969,561.20422560134,565.092479192766,3.88825359142572,6.82919807569509,29.7886871838595,36.7333579801301,6.94467079627054,6.70256535177196,28.6869249968864,49.5747844677932,20.8878594709068,6.54210984113164,59.4319563382238,71.2359312341501,11.8039748959263,7.90746030647469,-1.10176218697313,12.8414264876632,13.9431886746363,7.0928388374304,29.6432691543643,34.50257325402,4.85930409965579,6.40866764598758,30.7450313413374,21.6611467663569,-9.08388457498052,7.54500988965981
hisei_h,LTU,36,443.703557444045,447.214576680927,3.51101923688191,4.80555666713544,472.402599941001,487.252238014322,14.8496380733215,5.14835779910999,495.655118444594,502.599324365621,6.94420592102762,4.71892112915196,517.559869059816,512.366840446758,-5.19302861305789,5.33491930609897,28.6990424969559,40.0376613333955,11.3386188364396,6.21740099705914,51.9515610005489,55.3847476846946,3.43318668414571,6.50849785885397,73.8563116157709,65.1522637658311,-8.7040478499398,6.57845290939313,23.252518503593,15.3470863512991,-7.90543215229388,6.31487758932205,45.157269118815,25.1146024324356,-20.0426666863794,6.34812498961679,21.904750615222,9.76751608113648,-12.1372345340855,5.94322197172009
hisei_h,LVA,36,455.990120674725,441.75607474953,-14.2340459251943,4.26465813476083,475.548904357486,475.622081189049,0.0731768315629893,4.53520898800682,504.103694202445,492.748449861393,-11.3552443410518,4.20903443157742,515.624962166979,487.305816495842,-28.3191456711375,3.89300680021251,19.5587836827614,33.8660064395186,14.3072227567573,5.52387067641721,48.1135735277198,50.9923751118623,2.87880158414242,5.0511646627055,59.6348414922546,45.5497417463114,-14.0850997459432,5.38074850912627,28.5547898449585,17.1263686723436,-11.4284211726148,5.50795285422069,40.0760578094932,11.6837353067928,-28.3923225027004,5.5861749449552,11.5212679645347,-5.44263336555088,-16.9639013300856,5.26146436626224
hisei_h,MEX,36,375.667164067051,368.164662471876,-7.50250159517572,3.79756589645166,386.872261279249,384.620093941268,-2.25216733798015,3.39304391254526,405.962839722699,401.762262729533,-4.20057699316618,4.40508033758911,417.535730015002,413.844663703897,-3.69106631110475,4.90985659890073,11.2050972121972,16.4554314693928,5.25033425719556,4.50621120744526,30.295675655648,33.5976002576576,3.30192460200954,4.75263486526417,41.8685659479501,45.6800012320211,3.81143528407097,5.45156742573237,19.0905784434508,17.1421687882648,-1.94840965518603,4.63487530498986,30.6634687357529,29.2245697626283,-1.43889897312459,4.72525368873171,11.5728902923021,12.0824009743635,0.509510682061432,4.95865769346687
hisei_h,NLD,36,451.967903635752,447.638673361217,-4.32923027453512,7.01061872246037,493.946291718598,488.279628172528,-5.66666354606986,5.44635056121798,524.24326176414,518.437873382628,-5.80538838151176,5.71509395757688,545.820288259779,538.586803865605,-7.23348439417396,5.41934169411474,41.9783880828459,40.6409548113111,-1.33743327153474,6.54935556465789,72.2753581283874,70.7992000214108,-1.47615810697664,7.77643628412281,93.8523846240269,90.948130504388,-2.90425411963884,8.14640040511218,30.2969700455416,30.1582452100997,-0.138724835441906,6.44771049588058,51.873996541181,50.3071756930769,-1.5668208481041,6.62739816642886,21.5770264956394,20.1489304829772,-1.4280960126622,6.10846313155339
hisei_h,NOR,36,443.499859440942,418.4229101007,-25.0769493402424,4.37327349467475,471.527583318861,460.429152368243,-11.098430950618,4.17581578900029,487.695532050945,470.146886914361,-17.548645136584,4.87939568538906,499.910105029052,496.991493742418,-2.91861128663453,5.01198352633704,28.027723877919,42.0062422675434,13.9785183896245,5.96288620228121,44.1956726100026,51.7239768136611,7.52830420365848,5.38722093121387,56.4102455881101,78.568583641718,22.1583380536079,5.78248970683009,16.1679487320836,9.71773454611764,-6.45021418596599,5.77515866268077,28.3825217101911,36.5623413741745,8.17981966398344,5.75758706458725,12.2145729781075,26.8446068280569,14.6300338499494,5.80103902182795
hisei_h,NZL,36,443.727724746877,453.644742221044,9.91701747416698,5.10185605536085,483.200652127286,483.518090779978,0.317438652692317,6.13092702654516,504.980862141889,510.472701124414,5.49183898252483,5.42552007325925,518.429121662804,524.087580838935,5.65845917613092,5.20630540002363,39.4729273804089,29.8733485589342,-9.59957882147467,7.85397134628594,61.2531373950122,56.82795890337,-4.42517849164216,7.14987653878068,74.7013969159269,70.4428386178908,-4.25855829803606,7.40370495356235,21.7802100146033,26.9546103444358,5.17440032983251,8.56397365498883,35.228469535518,40.5694900589566,5.3410205234386,7.25274926667213,13.4482595209147,13.6148797145208,0.166620193606093,7.46410806437745
hisei_h,POL,36,461.271968851693,463.909735107105,2.63776625541169,4.45085052529619,478.298083602184,479.513199970325,1.21511636814103,4.44564845965454,509.719302612302,516.767461794236,7.04815918193356,5.86925535576864,533.084566587357,527.886943605415,-5.19762298194155,4.90813826606741,17.0261147504902,15.6034648632195,-1.42264988727067,5.48441883060006,48.4473337606087,52.8577266871306,4.41039292652187,7.00927890256108,71.8125977356633,63.97720849831,-7.83538923735324,6.67346802831102,31.4212190101185,37.2542618239111,5.83304281379253,5.64418975099434,54.7864829851731,48.3737436350905,-6.41273935008258,5.79784738987978,23.3652639750545,11.1194818111794,-12.2457821638751,5.88840271946843
hisei_h,PRT,36,435.036397770834,424.498754192997,-10.5376435778378,5.4821734631266,457.712655469763,452.005893524004,-5.7067619457593,6.53371624585795,490.669098627173,483.268628041827,-7.40047058534674,4.3146996887365,520.515215372656,514.67779086259,-5.83742451006674,6.34418410716802,22.6762576989291,27.5071393310076,4.8308816320785,6.25766293998948,55.632700856339,58.76987384883,3.13717299249106,5.79887011449542,85.478817601822,90.179036669593,4.70021906777106,7.41192434635568,32.9564431574099,31.2627345178224,-1.69370863958744,6.34137235439379,62.8025599028929,62.6718973385854,-0.130662564307443,6.75644329044183,29.846116745483,31.409162820763,1.56304607528,6.49312097609717
hisei_h,SVK,36,403.160406379912,426.644404304925,23.4839979250131,7.07236652123214,463.266296482591,466.778412384003,3.51211590141236,5.44869820324993,489.33612683518,499.169731275978,9.83360444079801,5.54302574138698,525.969497126099,529.384797917024,3.41530079092502,5.60520090027725,60.1058901026784,40.1340080790777,-19.9718820236007,7.44117137032373,86.1757204552676,72.5253269710525,-13.650393484215,8.0373569213642,122.809090746187,102.740393612098,-20.068697134088,8.95629885682274,26.0698303525892,32.3913188919748,6.32148853938566,6.73796083714822,62.7032006435081,62.6063855330208,-0.0968151104873414,7.40708480712117,36.633370290919,30.215066641046,-6.418303649873,6.24866822229562
hisei_h,SVN,36,443.397374737549,432.421883047296,-10.9754916902533,4.33220936858164,476.358643790668,461.231543855807,-15.1270999348617,4.22545593268101,507.237977182098,486.970515480093,-20.2674617020053,4.29903159266968,523.989704518845,503.745051623995,-20.2446528948502,4.14308284109446,32.9612690531193,28.8096608085109,-4.15160824460844,5.92498493665042,63.8406024445493,54.5486324327973,-9.29197001175203,6.27725791146243,80.5923297812959,71.3231685766989,-9.26916120459697,6.37935533205926,30.87933339143,25.7389716242864,-5.14036176714359,6.30468481010548,47.6310607281765,42.513507768188,-5.11755295998853,6.1863773290013,16.7517273367466,16.7745361439016,0.0228088071550587,6.11708422645555
hisei_h,SWE,36,447.48379734766,431.729287890046,-15.7545094576142,4.40009178349948,482.417162509658,470.038790567602,-12.3783719420564,4.29996590420206,509.945129716687,492.852534197612,-17.0925955190744,5.62519769196291,516.432110733913,509.886442715953,-6.54566801795943,4.66545140350889,34.9333651619981,38.3095026775559,3.37613751555784,5.67683466352425,62.4613323690267,61.1232463075665,-1.33808606146016,6.17998548515408,68.9483133862524,78.1571548259072,9.2088414396548,5.90335399079027,27.5279672070286,22.8137436300106,-4.714223577018,6.68100729562729,34.0149482242543,39.8476521483512,5.83270392409696,5.83711928581784,6.48698101722573,17.0339085183407,10.546927501115,5.81483933372616
hisei_h,TUR,36,424.422770391787,436.559130858575,12.1363604667875,3.75907680690056,437.138838978954,444.872539397845,7.73370041889103,4.27107138568218,458.573046666995,472.672953278731,14.0999066117356,4.81088169399717,496.193340691673,517.923900763548,21.7305600718745,4.99884705173006,12.7160685871665,8.31340853927009,-4.40266004789646,4.6641674574374,34.1502762752081,36.1138224201562,1.96354614494811,5.50877171378821,71.7705702998864,81.3647699049733,9.594199605087,6.04889247644387,21.4342076880415,27.8004138808861,6.36620619284457,5.60833233874221,59.0545017127198,73.0513613657033,13.9968596529835,6.18872370564707,37.6202940246783,45.2509474848172,7.63065346013889,6.00034352313319
hisei_h,USA,36,430.364264459122,426.75107806423,-3.61318639489184,7.69997387559786,455.066637870187,452.810224878768,-2.25641299141904,8.31469641687009,479.075727801617,484.226577983475,5.15085018185783,20.7876678716601,514.395194338125,514.272219978693,-0.122974359431851,10.9140840854579,24.7023734110654,26.0591468145382,1.3567734034728,9.8375904971943,48.7114633424957,57.4754999192454,8.76403657674968,21.2374734524551,84.030929879003,87.521141914463,3.49021203545999,13.3288205772495,24.0090899314303,31.4163531047071,7.40726317327687,19.4629092141526,59.3285564679376,61.4619950999248,2.13343863198719,12.5991573620685,35.3194665365073,30.0456419952176,-5.27382454128968,18.1776771180144
hisei_h,OECD,36,441.581912844203,436.895152838539,-4.68676000566313,0.784651135328104,471.201409233257,467.684918165502,-3.51649106775437,0.902898517417033,493.061056801852,490.264205160113,-2.79685164173918,1.0105775287981,516.782451487237,510.305410120345,-6.47704136689197,0.938859989344489,29.6194963890543,30.7897653269631,1.17026893790876,0.964758731590909,51.4791439576495,53.3690523215734,1.88990836392395,1.02749777243763,75.200538643034,73.4102572818051,-1.79028136122884,1.15240637774516,21.8596475685952,22.5792869946104,0.719639426015192,1.17379369873262,45.5810422539797,42.6204919548421,-2.96055029913759,1.1440485627919,23.7213946853845,20.0412049602317,-3.68018972515279,1.06662581154379
hisei_h,OECD35,35,441.523902991631,437.133105833565,-4.39079715806668,0.807977435643907,471.365934376467,468.082951392417,-3.28298298405025,0.920282339819097,493.136632060044,490.5492714358,-2.58736062424424,1.04620642962442,516.911781038805,510.747890595021,-6.1638904437844,0.954928937976207,29.8420313848361,30.9498455588525,1.10781417401643,0.986631741967982,51.6127290684128,53.4161656022352,1.80343653382243,1.06335810609633,75.3878780471739,73.6147847614562,-1.77309328571772,1.18289903174803,21.7706976835767,22.4663200433827,0.695622359806009,1.2028418845833,45.5458466623379,42.6649392026037,-2.88090745973415,1.16241344431435,23.7751489787611,20.198619159221,-3.57652981954016,1.09724655728821
pared_h,AUS,36,453.686136998255,445.225863731098,-8.46027326715711,3.20348371790302,488.036401624563,481.300468890935,-6.73593273362826,4.3914737790275,508.485476109459,507.657602601081,-0.827873508378559,4.38047335267936,506.443466320935,502.077437429417,-4.36602889151817,4.03763008021383,34.350264626308,36.0746051598368,1.72434053352885,4.98083317018213,54.7993391112041,62.4317388699826,7.63239975877855,4.96893147581819,52.7573293226802,56.8515736983191,4.09424437563894,4.90801471121131,20.4490744848961,26.3571337101458,5.9080592252497,5.15245277882079,18.4070646963722,20.7769685384823,2.36990384211009,4.88707498286385,-2.0420097885239,-5.58016517166351,-3.53815538313961,4.98707815773746
pared_h,AUT,36,459.330551637635,458.348853439966,-0.981698197669232,4.56851536421713,484.702153589637,472.415298723763,-12.2868548658748,4.5449878639058,503.448239003668,492.399278994442,-11.0489600092259,4.51611189573808,516.516849474336,510.487561085063,-6.02928838927335,5.06496692119731,25.3716019520023,14.0664452837967,-11.3051566682056,5.08878532230545,44.1176873660331,34.0504255544764,-10.0672618115566,5.11242831080233,57.1862978367014,52.1387076450973,-5.04759019160412,6.10269436210459,18.7460854140307,19.9839802706797,1.23789485664895,5.20379228507749,31.8146958846991,38.0722623613005,6.25756647660148,4.96767497946763,13.0686104706683,18.0882820906209,5.01967161995253,5.7143200414957
pared_h,BEL,36,457.208679817437,453.757051058134,-3.45162875930305,4.70338605690169,500.139843605979,496.06805744965,-4.07178615632915,5.49341460534059,506.704302873686,517.256543882859,10.5522410091728,4.39166241966705,508.465115273712,513.883691942352,5.41857666864041,4.5327474449259,42.9311637885427,42.3110063915166,-0.620157397026105,5.71296006506732,49.4956230562495,63.4994928247253,14.0038697684759,5.4983754882021,51.256435456275,60.1266408842185,8.87020542794346,5.58100690505537,6.56445926770675,21.1884864332087,14.624027165502,5.77090308011032,8.3252716677323,17.8156344927019,9.49036282496957,5.75715280800621,1.76081240002554,-3.37285194050685,-5.13366434053239,5.18078992457491
pared_h,CAN,36,470.924847631514,460.391104852723,-10.533742778791,3.25523760369925,497.972013994108,491.271062550195,-6.70095144391331,3.71182080899273,513.82179358789,515.414707409423,1.59291382153265,3.44517806793743,513.423696947965,512.346390145926,-1.07730680203895,3.54472702657873,27.0471663625944,30.879957697472,3.83279133487764,4.14532143796689,42.8969459563766,55.0236025567002,12.1266566003236,4.19377860942193,42.4988493164513,51.9552852932033,9.456435976752,4.19980997511475,15.8497795937822,24.1436448592281,8.29386526544596,4.19994842324725,15.4516829538569,21.0753275957313,5.62364464187436,4.25486675159826,-0.398096639925257,-3.06831726349685,-2.6702206235716,4.00071677284554
pared_h,CHE,36,481.37640055252,471.976634080355,-9.39976647216503,5.17562312841913,504.657312405865,495.796239754022,-8.86107265184262,4.97277551968145,532.984661132479,533.195623523881,0.210962391402518,5.2600321486137,529.368170172816,539.182944026919,9.81477385410244,4.58020298934698,23.2809118533449,23.8196056736673,0.538693820322408,6.11315276010131,51.6082605799588,61.2189894435264,9.61072886356754,6.14111804436582,47.9917696202964,67.2063099465639,19.2145403262675,5.99818426208215,28.3273487266139,37.3993837698591,9.07203504324514,5.95444109646518,24.7108577669515,43.3867042728966,18.6758465059451,5.76735482216542,-3.61649095966243,5.9873205030375,9.60381146269992,5.86751835192797
pared_h,CHL,36,390.484111139064,379.337927809093,-11.1461833299705,3.96607119658218,412.1879381563,397.489811985611,-14.6981261706885,4.41207475105319,428.368479301374,423.238904956869,-5.12957434450482,4.20863700710689,426.564122229896,428.159955986332,1.59583375643609,4.30844879569492,21.7038270172362,18.1518841765182,-3.55194284071797,4.65027951273082,37.8843681623105,43.9009771477761,6.01660898546567,5.1654942351509,36.0800110908319,48.8220281772385,12.7420170864066,5.21156225881634,16.1805411450743,25.7490929712579,9.56855182618364,5.27898920667865,14.3761840735957,30.6701440007203,16.2939599271245,4.9061378745662,-1.80435707147859,4.92105102946232,6.72540810094091,4.71978564119803
pared_h,COL,36,362.321648837826,354.105602081213,-8.21604675661297,4.14312014722228,371.147806828285,378.29742039317,7.14961356488482,4.20320959543847,401.170806433556,401.7920275438,0.621221110243312,5.72715439875908,401.169854129457,412.983076246182,11.8132221167244,7.44790464131037,8.82615799045863,24.1918183119564,15.3656603214978,4.8204843835182,38.8491575957301,47.6864254625863,8.83726786685628,5.76390573861895,38.8482052916312,58.8774741649685,20.0292688733373,7.68918983410411,30.0229996052714,23.4946071506299,-6.52839245464151,5.6486971497613,30.0220473011726,34.6856558530121,4.66360855183956,7.3212975695404,-0.000952304098859713,11.1910487023822,11.1920010064811,5.15849482403582
pared_h,CZE,36,460.523033643139,447.89018698415,-12.6328466589894,4.57220785229702,467.03739569511,462.587367691599,-4.4500280035104,4.41192478667973,499.47620826075,499.768636534902,0.292428274152485,5.10782766147527,524.577645217925,515.710106843571,-8.86753837435401,4.66929698293378,6.51436205197058,14.6971807074495,8.18281865547897,5.06946827794256,38.9531746176108,51.8784495507526,12.9252749331419,5.57290145338999,64.0546115747859,67.8199198594213,3.76530828463535,5.90906884139747,32.4388125656402,37.1812688433031,4.74245627766288,5.8121859189934,57.5402495228153,53.1227391519717,-4.41751037084362,5.25762711315051,25.1014369571751,15.9414703086686,-9.1599666485065,5.09676341347816
pared_h,DEU,36,452.03148081332,428.314047483606,-23.7174333297135,5.39938263366966,477.289246775152,481.896074758745,4.60682798359284,5.41070698753457,501.015634670486,497.610398367377,-3.40523630310878,5.44935101347425,505.695260586228,513.298056239354,7.60279565312538,5.96048315752769,25.2577659618326,53.5820272751388,28.3242613133063,6.30219419250144,48.9841538571664,69.2963508837711,20.3121970266047,6.20382699527885,53.6637797729084,84.9840087557473,31.3202289828388,6.89267524344179,23.7263878953339,15.7143236086322,-8.01206428670162,6.07162607249278,28.4060138110759,31.4019814806084,2.99596766953255,6.59611608296767,4.67962591574201,15.6876578719762,11.0080319562342,5.86455602263611
pared_h,DNK,36,474.021098824927,447.97080507364,-26.0502937512867,4.12529274888966,498.872544647531,478.106337172987,-20.7662074745438,4.78246858985829,500.554022287986,495.077482551909,-5.47653973607692,5.06945081766289,493.329350103866,495.679774051163,2.35042394729658,4.64529120005904,24.8514458226042,30.1355320993471,5.28408627674293,6.01285429987682,26.5329234630592,47.1066774782689,20.5737540152098,5.98508104337822,19.3082512789392,47.7089689775225,28.4007176985833,6.08940323175735,1.681477640455,16.9711453789218,15.2896677384668,5.9435387059824,-5.54319454366492,17.5734368781754,23.1166314218403,5.66118366754433,-7.22467218411993,0.602291499253568,7.82696368337349,6.26795349709695
pared_h,ESP,36,446.139502827736,428.588891440129,-17.5506113876065,3.13916130750247,480.902896858372,457.493968957499,-23.4089279008728,3.30688911083843,486.108792162117,480.893174781879,-5.21561738023814,3.10600033364331,485.351897431724,481.701981264718,-3.64991616700661,2.84334300579576,34.7633940306362,28.9050775173699,-5.85831651326623,3.67728640936547,39.9692893343808,52.3042833417492,12.3349940073684,3.97373423175574,39.2123946039882,53.1130898245882,13.9006952205999,3.61626979946709,5.20589530374463,23.3992058243792,18.1933105206346,3.85632254312657,4.44900057335207,24.2080123072182,19.7590117338661,3.12988994052388,-0.75689473039256,0.808806482838975,1.56570121323153,3.26999921306285
pared_h,EST,36,488.914855930746,478.786362031747,-10.1284938989992,4.04547793769991,496.102479572684,499.953507602451,3.85102802976729,4.81820550712688,528.666982114495,529.671864185914,1.00488207141893,4.89717776836638,528.443582559579,532.189723766364,3.7461412067853,4.66676745813344,7.18762364193844,21.1671455707049,13.9795219287665,5.47914363790282,39.7521261837492,50.8855021541674,11.1333759704181,5.91616379052322,39.5287266288333,53.4033617346178,13.8746351057845,5.87293415664767,32.5645025418108,29.7183565834624,-2.84614595834836,5.91019140498912,32.3411029868949,32.2362161639129,-0.104886822981996,5.43973911158963,-0.223399554915886,2.51785958045048,2.74125913536636,5.54292955214448
pared_h,FIN,36,459.011913719463,440.246645175177,-18.7652685442853,3.60949420971869,495.299764191265,472.125814977025,-23.1739492142396,4.63323077646925,495.973057353855,492.962499347167,-3.01055800668837,3.84719371347743,494.439605362442,495.24515169611,0.805546333668417,3.90377700868969,36.2878504718024,31.879169801848,-4.40868066995432,5.00528646667773,36.9611436343928,52.7158541719898,15.7547105375969,4.65889164265154,35.4276916429793,54.998506520933,19.5708148779537,4.60759311961465,0.673293162590483,20.8366843701417,20.1633912075512,5.13655455011204,-0.860158828823103,23.1193367190849,23.979495547908,4.70238101469686,-1.53345199141359,2.2826523489432,3.81610434035679,4.58397983397383
pared_h,FRA,36,442.674165169013,431.590768017703,-11.0833971513099,4.39671799989743,478.568570169714,459.107483227231,-19.4610869424836,5.5844484308669,492.887682194721,488.344235648871,-4.54344654584986,5.44307680535198,491.983946372135,494.772653129966,2.78870675783116,4.95093460728759,35.8944050007016,27.5167152095278,-8.37768979117374,5.59980106147477,50.2135170257085,56.7534676311685,6.53995060546004,5.84281810110899,49.3097812031224,63.1818851122635,13.8721039091411,5.39820652620921,14.3191120250069,29.2367524216407,14.9176403966338,5.96207228453645,13.4153762024209,35.6651699027357,22.2497937003148,5.78700764369298,-0.903735822586043,6.42841748109498,7.33215330368103,4.68796402425814
pared_h,GBR,36,475.429098740405,463.415987722744,-12.0131110176608,4.68753102509026,491.238411718369,490.181846128277,-1.05656559009196,4.67069466613264,511.446409299219,520.676735644234,9.23032634501436,5.40573199805897,506.022992408498,524.841379613159,18.8183872046615,5.75416617962245,15.8093129779643,26.7658584055332,10.9565454275689,6.22127064580775,36.0173105588144,57.2607479214896,21.2434373626752,6.68079894789077,30.5938936680927,61.425391890415,30.8314982223224,7.26592388562974,20.20799758085,30.4948895159563,10.2868919351063,6.30522181361693,14.7845806901283,34.6595334848818,19.8749527947535,6.08462654408853,-5.42341689072168,4.16464396892548,9.58806085964716,6.0154618391125
pared_h,GRC,36,406.899011307476,397.177551961729,-9.72145934574695,4.44373993709688,429.94048202708,414.140218297365,-15.8002637297151,5.76080492119312,441.987934201711,453.479929330922,11.4919951292101,5.06421475108521,444.278550900869,447.674696270958,3.39614537008833,4.63268222966457,23.0414707196046,16.9626663356364,-6.07880438396819,5.72710623620424,35.0889228942355,56.3023773691926,21.2134544749571,6.13340093448087,37.3795395933934,50.4971443092287,13.1176047158353,5.35712122315191,12.047452174631,39.3397110335562,27.2922588589253,5.63716838028678,14.3380688737889,33.5344779735923,19.1964090998035,4.9246589411821,2.29061669915791,-5.80523305996388,-8.09584975912179,4.7472306096595
pared_h,HUN,36,442.162290021632,425.25097900636,-16.9113110152726,5.01341464333108,471.178487122252,451.490006049724,-19.6884810725283,5.48431454738977,491.697135150225,489.896775599676,-1.80035955054893,5.11910422288714,489.33577818684,490.289403145795,0.953624958955231,5.22145929607533,29.0161971006198,26.2390270433642,-2.77717005725566,6.165488009167,49.5348451285929,64.6457965933166,15.1109514647237,6.68039605650898,47.1734881652078,65.0384241394357,17.8649359742279,6.35307738706042,20.5186480279731,38.4067695499525,17.8881215219794,6.54102065264369,18.157291064588,38.7993970960715,20.6421060314835,5.99367250852482,-2.36135696338511,0.392627546119059,2.75398450950416,5.20695086379358
pared_h,IRL,36,467.527036318423,450.834410577511,-16.6926257409114,3.96193246555212,495.223241946157,490.835188119006,-4.38805382715111,4.58394605363258,503.333697061918,497.846165554683,-5.48753150723496,3.78038735586884,504.592152144716,498.153727817805,-6.43842432691059,3.88482165814705,27.6962056277347,40.000777541495,12.3045719137602,4.83392902189361,35.8066607434948,47.0117549771712,11.2050942336764,5.09584547164642,37.0651158262928,47.3193172402936,10.2542014140008,4.87175377245706,8.11045511576009,7.01097743567624,-1.09947768008385,5.37110959501209,9.36891019855807,7.31853969879859,-2.05037049975948,5.06782898203221,1.25845508279798,0.30756226312235,-0.95089281967563,4.86732387831115
pared_h,ISL,36,434.977345438519,439.709419300548,4.73207386202904,4.92649072527347,464.548865927196,459.684173692344,-4.86469223485261,5.15567387280458,469.255760615767,483.517750942411,14.2619903266441,4.68836686821172,472.984784284411,469.215087033275,-3.76969725113582,4.96670508690762,29.5715204886774,19.9747543917958,-9.59676609688165,7.21952485080157,34.2784151772478,43.8083316418628,9.52991646461504,6.9713736058022,38.0074388458918,29.505667732727,-8.50177111316486,7.21144642126876,4.70689468857034,23.833577250067,19.1266825614967,7.164510334892,8.43591835721441,9.53091334093119,1.09499498371679,7.09417198266081,3.72902366864406,-14.3026639091358,-18.0316875777799,7.08302176926938
pared_h,ISR,36,416.400061219857,410.404911259721,-5.99514996013619,5.61534137212126,465.579503524317,458.594862281152,-6.98464124316507,6.2856851254548,479.195752188107,473.874147374822,-5.32160481328486,6.2077279323175,482.485340863036,467.557112493476,-14.9282283695604,6.21662508565081,49.1794423044605,48.1899510214316,-0.989491283028883,7.33802259040149,62.7956909682503,63.4692361151016,0.673545146851325,7.13260480848051,66.0852796431791,57.1522012337549,-8.93307840942424,6.75107858309878,13.6162486637899,15.2792850936701,1.66303642988021,6.25092868091323,16.9058373387186,8.96225021232328,-7.94358712639536,6.92544230366068,3.28958867492878,-6.31703488134679,-9.60662355627557,5.98678744665304
pared_h,ITA,36,448.435492676264,445.470459728872,-2.96503294739227,5.25222911319735,470.742572573186,461.824311180976,-8.91826139220973,4.66677251025544,483.234557482007,480.271880426852,-2.96267705515504,5.901761360733,485.585538225277,498.101690106407,12.5161518811306,6.09837858409063,22.3070798969212,16.3538514521038,-5.95322844481746,5.57726547255373,34.7990648057422,34.8014206979794,0.00235589223723309,6.84390991205463,37.1500455490124,52.6312303775353,15.4811848285229,6.98163698200945,12.491984908821,18.4475692458757,5.95558433705469,5.58784654760591,14.8429656520912,36.2773789254315,21.4344132733403,5.70029397064521,2.35098074327016,17.8298096795558,15.4788289362857,4.86392893059737
pared_h,JPN,36,500.958277154708,484.725595768536,-16.2326813861721,6.7418294559182,530.835155450601,520.181303685581,-10.6538517650206,7.74475716806498,557.973310762411,555.1309271274,-2.84238363501049,6.82233945056248,555.986985994553,555.839992109794,-0.146993884759013,5.93365759533795,29.8768782958931,35.4557079170447,5.57882962115156,8.42012619692535,57.0150336077028,70.4053313588644,13.3902977511617,8.08885565911937,55.028708839845,71.1143963412581,16.0856875014131,7.93839159768538,27.1381553118097,34.9496234418198,7.8114681300101,7.73629444616861,25.1518305439519,35.6586884242134,10.5068578802616,7.02517704043904,-1.98632476785781,0.70906498239367,2.69538975025148,6.08826754573952
pared_h,KOR,36,504.35680592554,482.959607978141,-21.3971979473985,7.08472484688693,511.55307700164,535.863081257402,24.310004255762,7.56439782559044,552.105324630987,545.695160597353,-6.41016403363358,7.47475004095322,545.026784044682,544.25523029636,-0.771553748322049,6.1427553883735,7.19627107610069,52.9034732792612,45.7072022031605,7.65808497192115,47.7485187054471,62.735552619212,14.9870339137649,7.79423959297469,40.6699781191427,61.2956223182192,20.6256441990764,7.60385121207349,40.5522476293464,9.83207933995084,-30.7201682893956,8.07432180373846,33.4737070430421,8.392149038958,-25.0815580040841,7.48014729752576,-7.07854058630437,-1.43993030099284,5.63861028531153,6.51910415281204
pared_h,LTU,36,447.368020363316,447.038786741727,-0.329233621589538,3.74719429348411,475.031249625463,478.101126988906,3.06987736344286,4.76068537137023,488.889991999719,491.627021511503,2.73702951178399,4.13955441389984,494.250072167046,493.774448650781,-0.47562351626425,4.26906603249268,27.6632292621463,31.0623402471787,3.39911098503239,5.8262899532556,41.5219716364026,44.5882347697761,3.06626313337353,5.65341091053717,46.8820518037291,46.7356619090544,-0.146389894674712,5.52396362893134,13.8587423742563,13.5258945225974,-0.332847851658869,5.75402576992287,19.2188225415828,15.6733216618757,-3.54550087970711,5.57156249398141,5.36008016732649,2.14742713927825,-3.21265302804824,4.31684670392256
pared_h,LVA,36,460.127713495842,444.841130913991,-15.2865825818507,4.68583281826858,469.937990293722,453.529234983371,-16.4087553103514,4.34179824674789,500.800328821234,489.932196426426,-10.8681323948081,4.57871990086424,504.900639558892,492.979117630891,-11.9215219280008,4.5436612943815,9.81027679788014,8.68810406937945,-1.12217272850069,5.72977472881264,40.6726153253918,45.0910655124343,4.41845018704254,6.27896821766202,44.7729260630498,48.1379867168997,3.36506065384987,5.86667069285934,30.8623385275117,36.4029614430549,5.54062291554322,5.78081496053505,34.9626492651697,39.4498826475202,4.48723338235055,5.77042939861125,4.10031073765799,3.04692120446532,-1.05338953319267,5.82908625254051
pared_h,MEX,36,373.250826028541,367.527940508935,-5.7228855196056,3.24418918486594,392.002002676203,385.680896351022,-6.32110632518067,3.92123686342514,401.056444947146,395.735819099494,-5.32062584765225,4.51276141021117,414.39604033124,413.198489665942,-1.1975506652974,5.06332223541174,18.7511766476621,18.1529558420871,-0.598220805575068,4.46405318495047,27.8056189186058,28.2078785905591,0.402259671953345,5.24542753801362,41.145214302699,45.6705491570072,4.5253348543082,5.21831934864375,9.05444227094364,10.0549227484721,1.00048047752841,4.87782727915546,22.3940376550368,27.5175933149201,5.12355565988327,5.48117064150523,13.3395953840932,17.462670566448,4.12307518235485,4.74114381126431
pared_h,NLD,36,471.846805033094,456.038493309275,-15.8083117238186,6.28302070385569,504.46548293463,476.948489530147,-27.5169934044824,6.25762459640597,506.115747480205,517.788192219799,11.6724447395936,5.44886357298406,504.541340936354,521.511243164355,16.969902228001,6.28524898442222,32.618677901536,20.9099962208722,-11.7086816806637,6.96133626758362,34.2689424471115,61.7496989105238,27.4807564634123,7.47849759811708,32.6945359032607,65.4727498550803,32.7782139518197,6.69665019707368,1.65026454557551,40.8397026896515,39.189438144076,6.3955982662346,0.0758580017246686,44.5627536342081,44.4868956324834,7.21928520213833,-1.57440654385084,3.72305094455658,5.29745748840742,6.22762501707862
pared_h,NOR,36,445.352831198136,418.202779063717,-27.1500521344195,4.01314284904561,476.4653591586,460.723152607201,-15.7422065513986,4.73378062288127,485.120195026302,480.335375248591,-4.78481977771099,4.49823645841909,481.578635603034,480.538162207989,-1.04047339504518,4.76478515457736,31.1125279604633,42.5203735434843,11.407845583021,5.46234051022169,39.7673638281658,62.1325961848743,22.3652323567085,5.52427961903395,36.225804404898,62.3353831442723,26.1095787393743,5.68998676137801,8.6548358677025,19.6122226413901,10.9573867736876,5.29357899747105,5.11327644443469,19.8150096007881,14.7017331563534,5.7790054621756,-3.54155942326781,0.202786959397997,3.74434638266581,5.41419677796602
pared_h,NZL,36,448.62949227557,462.45132094159,13.82182866602,4.9465033400605,486.469478759903,484.278591130411,-2.19088762949178,5.57241687144213,502.45181548063,514.589448874055,12.1376333934252,5.39111562170606,510.688480731085,512.86507324789,2.17659251680453,5.8429406541086,37.8399864843331,21.8272701888213,-16.0127162955118,7.07549298799644,53.8223232050606,52.1381279324658,-1.68419527259482,6.87926555837767,62.0589884555155,50.4137523063001,-11.6452361492155,7.55661470081303,15.9823367207276,30.3108577436445,14.328521022917,7.71463032914436,24.2190019711825,28.5864821174788,4.36748014629632,8.21791576282798,8.23666525045491,-1.72437562616574,-9.96104087662064,7.54310647840502
pared_h,POL,36,467.019964564556,455.857657305813,-11.1623072587432,4.46595164655598,469.432350218045,463.780421013336,-5.65192920470832,4.59090434463322,505.032029565342,519.800843253967,14.7688136886242,5.85377339358032,522.180101437167,516.760452572708,-5.41964886445851,4.68694815516663,2.41238565348829,7.92276370752319,5.5103780540349,5.1501645479253,38.012065000786,63.9431859481535,25.9311209473675,6.78474660975201,55.1601368726103,60.902795266895,5.74265839428472,6.07700072972137,35.5996793472978,56.0204222406303,20.4207428933325,6.67826356937754,52.747751219122,52.9800315593718,0.232280340249815,5.25368511811483,17.1480718718242,-3.04039068125849,-20.1884625530827,5.57710570363357
pared_h,PRT,36,434.133100039,422.745035131715,-11.388064907285,5.25903161266152,470.755360177632,456.629972544926,-14.125387632706,4.54220937779845,488.470759839793,485.144324907898,-3.32643493189477,6.75615906440278,499.885680703579,497.333445264422,-2.5522354391569,5.17856361067468,36.6222601386315,33.8849374132105,-2.737322725421,5.51131744133063,54.3376598007924,62.3992897761826,8.06162997539025,6.25377099348034,65.7525806645788,74.5884101327069,8.83582946812811,6.13569232551531,17.7153996621609,28.5143523629722,10.7989527008112,6.91437832739317,29.1303205259473,40.7034727194964,11.5731521935491,5.79713924333172,11.4149208637864,12.1891203565243,0.774199492737864,6.44246898169849
pared_h,SVK,36,435.359093015268,432.908441620466,-2.45065139480187,5.90707681346328,454.614779524359,457.655519800027,3.04074027566827,5.26557090316987,479.625768751178,500.645006828731,21.019238077553,6.3136633213328,488.887634135899,508.155293806338,19.2676596704384,5.94523764894242,19.2556865090911,24.7470781795612,5.49139167047014,6.8692129402984,44.2666757359102,67.7365652082651,23.4698894723549,7.70249576210494,53.5285411206311,75.2468521858714,21.7183110652403,8.02819944601361,25.0109892268191,42.9894870287039,17.9784978018848,7.72959069217246,34.2728546115401,50.4997740063103,16.2269193947702,7.17065111459789,9.26186538472098,7.51028697760637,-1.75157840711461,6.34945351624892
pared_h,SVN,36,457.981020630992,436.928403872851,-21.0526167581405,3.44771449684849,481.576903168787,455.413902815158,-26.1630003536293,4.4812455085857,500.190871155848,488.594775342329,-11.5960958135192,4.09915199382657,501.017035263669,484.574746655587,-16.4422886080814,3.80813345141366,23.5958825377953,18.4854989423064,-5.11038359548888,5.73084380981471,42.2098505248562,51.6663714694774,9.45652094462127,5.70147082137979,43.0360146326768,47.6463427827359,4.6103281500591,5.0683560553006,18.6139679870609,33.1808725271711,14.5669045401102,6.29701302175241,19.4401320948816,29.1608438404296,9.72071174554799,5.82431348013645,0.826164107820659,-4.02002868674151,-4.84619279456217,5.97913386954046
pared_h,SWE,36,458.855182495015,432.041033503956,-26.8141489910586,4.22904967194064,484.593241538779,475.613488161583,-8.97975337719635,4.98787149508848,498.441401274421,494.746907405537,-3.69449386888431,5.26617595824281,497.181404284335,493.285437937868,-3.89596634646637,4.65222985658547,25.7380590437647,43.5724546576269,17.8343956138622,5.66752848020002,39.5862187794063,62.7058739015806,23.1196551221743,6.02003774039457,38.3262217893199,61.2444044339121,22.9181826445922,5.93701717836265,13.8481597356416,19.1334192439537,5.28525950831204,6.28768082978079,12.5881627455552,17.6719497762852,5.08378703072998,5.8048147334926,-1.25999699008639,-1.46146946766845,-0.201472477582058,5.60351352814753
pared_h,TUR,36,435.317400672763,429.101340358599,-6.21606031416468,3.8331482385419,443.226143262105,451.859164791928,8.63302152982254,4.02799884579236,453.837689346926,462.175616785354,8.33792743842804,5.42067369983155,480.965931632405,516.726789045001,35.7608574125961,5.12589174284494,7.90874258934184,22.7578244333291,14.8490818439872,4.59029646995341,18.5202886741627,33.0742764267554,14.5539877525927,6.27128903822974,45.6485309596415,87.6254486864022,41.9769177267608,6.33504263375267,10.6115460848208,10.3164519934263,-0.295094091394503,5.6155116018087,37.7397883702996,64.8676242530731,27.1278358827735,6.31481393816989,27.1282422854788,54.5511722596468,27.422929974168,7.11063304354315
pared_h,USA,36,437.423100944481,434.802504059756,-2.62059688472419,7.22945085170783,458.046241608096,466.006695614154,7.96045400605749,10.8146417252771,479.983604958319,491.359470793123,11.3758658348033,14.2769489938565,486.237098059959,483.78996876739,-2.447129292569,11.4150633159268,20.6231406636157,31.2041915543974,10.5810508907817,11.0746758962148,42.5605040138387,56.5569667333663,13.9964627195275,14.6648386524786,48.8139971154782,48.9874647076334,0.173467592155191,11.9598659273789,21.937363350223,25.3527751789688,3.41541182874585,11.4642207860063,28.1908564518625,17.783273153236,-10.4075832986265,9.98141335150426,6.25349310163949,-7.56950202573285,-13.8229951273723,9.44918869108146
pared_h,OECD,36,449.123844363944,437.971237052647,-11.1526073112973,0.737657724015111,473.621465231991,465.914571143302,-7.70689408868907,0.94308841693262,491.108685209054,491.892984767376,0.784299558322005,0.885678476010315,494.410599002238,496.087208093268,1.67660909102972,0.915657719689852,24.4976208680471,27.9433340906554,3.44571322260828,1.00314366958218,41.9848408451097,53.921747714729,11.9369068696194,0.986769999372083,45.2867546382936,58.1159710406207,12.8292164023271,1.01280623503148,17.4872199770625,25.9784136240736,8.49119364701107,1.04561344299185,20.7891337702465,30.1726369499652,9.38350317971879,1.04520739445789,3.30191379318393,4.19422332589164,0.892309532707714,0.953145568649968
pared_h,OECD35,35,449.209111264979,438.239304070147,-10.9698071948313,0.758131513591887,473.41342432838,466.155159777182,-7.25826455119812,0.957250107597977,491.251539296109,492.207265052676,0.955725756566608,0.906581683338694,494.66941904711,496.498214574083,1.82879552697352,0.937448317245209,24.2043130634017,27.915855707035,3.71154264363321,1.00662040656906,42.0424280311305,53.9679609825284,11.9255329513979,1.00087655130127,45.4603077821309,58.2589105039358,12.7986027218049,1.02120825391215,17.8381149677288,26.0521052754935,8.21399030776473,1.06299172339112,21.2559947187292,30.3430547969009,9.08706007817165,1.06051931018166,3.41787975100044,4.29094952140736,0.873069770406914,0.97822798216642
homepos,AUS,36,441.393129678494,451.595401353057,10.2022716745628,4.16875532730655,479.235194258943,481.117644231863,1.88244997291963,3.83155496210384,504.79203842251,491.443260117894,-13.3487783046168,3.50463150862971,526.992117738905,492.874867675164,-34.1172500637413,3.77682091346709,37.8420645804488,29.5222428788056,-8.31982170164315,5.07474913015137,63.398908744016,39.8478587648364,-23.5510499791795,4.49309736706298,85.5989880604104,41.2794663221063,-44.3195217383041,5.11925685542883,25.5568441635672,10.3256158860308,-15.2312282775364,4.04835859360085,47.7569234799617,11.7572234433007,-35.999700036661,4.23053158547173,22.2000793163945,1.4316075572699,-20.7684717591246,4.10647752207866
homepos,AUT,36,426.58317125332,437.324932307125,10.7417610538043,5.67123143544513,480.173287380107,476.038536177433,-4.13475120267395,5.73266483678631,513.206593316896,494.102844774942,-19.1037485419548,4.0922635114664,532.141849786713,502.956721371174,-29.1851284155385,4.12348897912216,53.5901161267872,38.7136038703089,-14.8765122564783,5.78044724743728,86.6234220635762,56.7779124678171,-29.8455095957591,6.22681034942315,105.558678533392,65.6317890640497,-39.9268894693428,6.13906665630357,33.033305936789,18.0643085975082,-14.9689973392808,5.92584658680092,51.9685624066053,26.9181851937407,-25.0503772128645,5.92768762534108,18.9352564698163,8.85387659623257,-10.0813798735837,5.15380674240422
homepos,BEL,36,427.036959501866,435.350309279877,8.31334977801146,6.33781012211193,479.648566385383,477.271485424498,-2.37708096088437,5.04951781235992,510.868601802477,500.07665750212,-10.7919443003569,4.1000900367391,540.233021856667,511.832957547298,-28.4000643093684,4.95498874960987,52.611606883517,41.9211761446212,-10.6904307388958,5.87433639078325,83.8316423006115,64.7263482222431,-19.1052940783684,6.5190960074582,113.196062354801,76.4826482674212,-36.7134140873798,7.33984803338143,31.2200354170944,22.8051720776219,-8.41486333947256,5.42150819323337,60.584455471284,34.5614721228,-26.022983348484,6.06826568840776,29.3644200541896,11.7563000451781,-17.6081200090114,5.15011722109055
homepos,CAN,36,464.700186668015,465.404344713842,0.704158045827114,4.02358714895737,491.725984333034,491.845051221247,0.119066888213752,3.32900497042231,508.753733476947,501.169003636145,-7.58472984080174,3.32141454090445,526.787928378387,492.885347109569,-33.9025812688183,3.75966072913029,27.0257976650191,26.4407065074057,-0.585091157613363,4.14341732380522,44.0535468089325,35.7646589223037,-8.28888788662886,4.63831569306524,62.0877417103728,27.4810023957274,-34.6067393146454,4.80988438814591,17.0277491439135,9.32395241489797,-7.70379672901549,3.95409710996713,35.0619440453538,1.04029588832168,-34.0216481570321,4.29085636955845,18.0341949014403,-8.28365652657629,-26.3178514280166,3.95554885911411
homepos,CHE,36,446.388653297063,463.587546695368,17.1988933983053,5.43195044439904,494.328111985461,498.823294619489,4.49518263402723,4.56209067269503,529.533605393958,519.818600436882,-9.71500495707608,4.76295628930833,561.939649484179,518.18256369359,-43.7570857905882,4.9845683690514,47.9394586883985,35.2357479241205,-12.7037107642781,6.04801522026099,83.1449520968953,56.231053741514,-26.9138983553814,6.0722296874552,115.550996187116,54.5950169982222,-60.9559791888935,6.8307030745574,35.2054934084968,20.9953058173935,-14.2101875911033,5.06632179386699,67.6115374987172,19.3592690741017,-48.2522684246155,5.59423051689737,32.4060440902204,-1.63603674329181,-34.0420808335122,5.4632610668283
homepos,CHL,36,378.342039663602,380.638444230853,2.2964045672507,3.92090120071431,404.044554927735,396.492551400354,-7.55200352738126,4.36664131784778,421.038884949882,407.595467495984,-13.4434174538983,4.644921939485,449.656870528859,431.882761269518,-17.7741092593409,4.91092965753492,25.702515264133,15.854107169501,-9.84840809463196,4.78867958823741,42.6968452862797,26.9570232651307,-15.739822021149,5.3389932249652,71.3148308652565,51.2443170386649,-20.0705138265916,5.93471567999906,16.9943300221467,11.1029160956297,-5.89141392651703,5.44128470131052,45.6123156011235,35.3902098691639,-10.2221057319596,5.5473235896371,28.6179855789768,24.2872937735342,-4.3306918054426,5.53476896645916
homepos,COL,36,345.054323691981,348.112369118724,3.05804542674287,3.88014976927339,366.40466367039,368.142952215698,1.73828854530791,4.83170065977028,391.763061881241,390.73319578461,-1.02986609663157,6.03659197556817,431.655441529166,422.818033310413,-8.8374082187525,7.22249057654722,21.3503399784086,20.0305830969737,-1.31975688143496,4.82145871514284,46.7087381892603,42.6208266658858,-4.08791152337443,6.45093035316541,86.6011178371847,74.7056641916893,-11.8954536454954,8.21375303969539,25.3583982108517,22.5902435689122,-2.76815464193948,4.72474692539648,65.2507778587761,54.6750810947157,-10.5756967640604,7.04851714329754,39.8923796479244,32.0848375258035,-7.80754212212094,6.42102741611234
homepos,CZE,36,426.126716361602,439.628982013109,13.5022656515067,5.10088749446342,480.7028161592,476.434485358706,-4.2683308004942,4.72540871967021,508.900827729749,491.604398695064,-17.2964290346844,4.63493539176058,531.214667152816,501.252839611061,-29.9618275417551,4.39405796752267,54.5760997975984,36.8055033455975,-17.7705964520009,4.99381007788999,82.7741113681469,51.9754166819557,-30.7986946861911,5.92584410928348,105.087950791215,61.6238575979527,-43.4640931932618,6.28393030433721,28.1980115705484,15.1699133363582,-13.0280982341902,5.20538185883511,50.5118509936161,24.8183542523552,-25.6934967412609,5.21041078680008,22.3138394230677,9.64844091599701,-12.6653985070707,4.99271700507031
homepos,DEU,36,414.387983772553,416.590275229797,2.20229145724375,6.61308377940067,470.502070816954,460.585369858607,-9.91670095834712,5.89115797387867,500.428124729158,490.725832118689,-9.70229261046961,6.07185787012755,531.106754535313,508.723973326014,-22.3827812092993,5.01538299414336,56.1140870444009,43.99509462881,-12.1189924155909,6.26725548160019,86.0401409566052,74.1355568888918,-11.9045840677134,6.89350321870597,116.71877076276,92.1336980962169,-24.585072666543,7.64522076089682,29.9260539122043,30.1404622600818,0.214408347877509,6.25877629012552,60.604683718359,48.1386034674068,-12.4660802509521,6.74092958052184,30.6786298061547,17.998141207325,-12.6804885988296,6.09423968315057
homepos,DNK,36,450.874484784345,443.090121737112,-7.78436304723329,4.77035721029862,483.227757771349,475.939346909549,-7.28841086180012,4.37304351596624,509.381673139903,485.884272825719,-23.4974003141836,4.54238937167595,517.192056412417,484.030129008793,-33.1619274036245,4.74031631585786,32.3532729870042,32.8492251724373,0.495952185433168,5.59768922254538,58.5071883555581,42.7941510886078,-15.7130372669503,5.94539357114606,66.3175716280721,40.9400072716808,-25.3775643563912,5.51933172875238,26.1539153685539,9.9449259161704,-16.2089894523835,5.7576270498146,33.9642986410679,8.09078209924348,-25.8735165418244,5.96370884817301,7.810383272514,-1.85414381692692,-9.66452708944092,6.18976312999855
homepos,ESP,36,427.993464442142,430.767761494968,2.77429705282657,3.65057861026827,464.448590155504,458.05157413902,-6.39701601648386,2.88797652564521,488.165835893707,469.689580966855,-18.4762549268528,3.00185675187564,514.964262090373,479.806285912112,-35.1579761782605,2.93467277836986,36.4551257133618,27.2838126440514,-9.17131306931043,3.74576485625326,60.1723714515656,38.9218194718862,-21.2505519796794,3.90441866066274,86.970797648231,49.038524417144,-37.932273231087,4.38309302577536,23.7172457382038,11.6380068278348,-12.079238910369,2.94113037850061,50.5156719348692,21.7547117730925,-28.7609601617766,3.0491793515297,26.7984261966654,10.1167049452578,-16.6817212514076,3.05115903425645
homepos,EST,36,469.520861442704,486.056100906392,16.5352394636881,4.20807179128482,504.255976310248,504.313340672502,0.0573643622531677,4.81890386395776,526.458820718698,520.638251289385,-5.82056942931263,4.54907795669271,541.387365412246,522.49212116629,-18.8952442459566,4.5396998662216,34.7351148675446,18.2572397661096,-16.477875101435,5.32686162214282,56.9379592759939,34.5821503829931,-22.3558088930008,5.36857999102521,71.8665039695424,36.4360202598976,-35.4304837096448,5.45287699913751,22.2028444084493,16.3249106168835,-5.8779337915658,6.24670931708343,37.1313891019978,18.178780493788,-18.9526086082098,5.45906324484014,14.9285446935485,1.85386987690447,-13.074674816644,5.06809291297155
homepos,FIN,36,443.717953536308,453.063194647837,9.34524111152882,3.8687592334866,481.810479261174,473.851287874142,-7.95919138703181,3.89526245738982,499.979720725638,478.919199595902,-21.060521129736,4.17103741673815,514.251884785158,478.802466264218,-35.4494185209401,4.15923699767308,38.0925257248659,20.7880932263053,-17.3044324985606,4.48817971852675,56.2617671893302,25.8560049480654,-30.4057622412648,4.4881651575656,70.5339312488499,25.739271616381,-44.7946596324689,4.43368031928013,18.1692414644643,5.06791172176014,-13.1013297427042,4.86354983268708,32.441405523984,4.95117839007571,-27.4902271339083,4.64697467227618,14.2721640595196,-0.116733331684429,-14.3888973912041,4.91727658927071
homepos,FRA,36,416.171165813451,419.997868561167,3.82670274771658,5.115713337229,459.376583273158,450.956784413776,-8.41979885938184,5.09493315568504,493.857945001682,477.28810356323,-16.5698414384526,5.80352928058424,527.162107756702,491.205154562825,-35.9569531938769,4.76642818764057,43.2054174597074,30.958915852609,-12.2465016070984,5.58246015969122,77.6867791882315,57.2902350020624,-20.3965441861691,5.97375921663941,110.990941943251,71.2072860016578,-39.7836559415935,6.06393622693814,34.4813617285241,26.3313191494534,-8.15004257907071,5.88208009733807,67.7855244835438,40.2483701490488,-27.537154334495,5.63945449523479,33.3041627550197,13.9170509995954,-19.3871117554243,5.18197093493228
homepos,GBR,36,449.356167538258,460.258111784678,10.901944246419,4.54406838480029,476.201553992919,482.751440908141,6.54988691522198,4.64428865323308,503.98646369122,497.540199021289,-6.44626466993174,5.28159661894838,537.960299315081,518.03926423689,-19.9210350781914,5.83693275411818,26.8453864546606,22.4933291234636,-4.35205733119705,5.58934448805128,54.6302961529618,37.2820872366111,-17.3482089163508,6.63682520536355,88.6041317768225,57.7811524522121,-30.8229793246104,7.10265102215701,27.7849096983012,14.7887581131475,-12.9961515851537,5.96120810622667,61.7587453221618,35.2878233287485,-26.4709219934134,6.82185249931162,33.9738356238606,20.499065215601,-13.4747704082596,6.35853477681758
homepos,GRC,36,390.406348620686,397.133510879463,6.72716225877684,4.7069054178928,424.535186540633,426.447873523494,1.91268698286194,4.72490483796652,445.745153174433,436.501114182138,-9.24403899229486,5.02086774248111,460.95279985064,438.445669588423,-22.5071302622176,5.45729899348922,34.1288379199466,29.3143626440317,-4.8144752759149,4.95426982218977,55.338804553747,39.3676033026753,-15.9712012510717,5.79011990702535,70.5464512299544,41.3121587089599,-29.2342925209945,5.8686224946996,21.2099666338004,10.0532406586436,-11.1567259751568,4.90875966380366,36.4176133100078,11.9977960649282,-24.4198172450796,5.7178348323901,15.2076466762074,1.94455540628462,-13.2630912699228,5.16173951485557
homepos,HUN,36,405.462275659985,412.911158677567,7.44888301758175,5.38362624686711,465.205222728952,457.745101931819,-7.46012079713324,5.01791872718236,498.529709401004,477.184994300586,-21.3447151004183,5.39658895206021,523.461644962893,493.614577182637,-29.8470677802556,5.31412364096744,59.7429470689671,44.8339432542521,-14.909003814715,5.68871110975153,93.0674337410188,64.2738356230187,-28.793598118,7.13375083249253,117.999369302907,80.70341850507,-37.2959507978374,7.50853682011365,33.3244866720517,19.4398923687666,-13.884594303285,5.55264859789238,58.2564222339403,35.8694752508179,-22.3869469831224,5.98354419165172,24.9319355618886,16.4295828820513,-8.50235267983732,5.86360089862065
homepos,IRL,36,453.557329504266,449.769346691035,-3.78798281323122,4.44164608974727,484.938166158584,479.398241597262,-5.53992456132215,3.8672384501495,505.817269402928,491.961408230002,-13.8558611729256,3.93602470583804,524.502560961074,501.113464841131,-23.3890961199436,3.88450597879127,31.3808366543178,29.6288949062269,-1.75194174809093,4.60893637821545,52.2599398986616,42.1920615389672,-10.0678783596944,5.10111953112502,70.9452314568081,51.3441181500958,-19.6011133067124,5.46636057306488,20.8791032443438,12.5631666327403,-8.31593661160349,4.73330075551542,39.5643948024903,21.7152232438689,-17.8491715586214,4.71947315652343,18.6852915581465,9.15205661112856,-9.53323494701795,4.48631518081405
homepos,ISL,36,427.534007703649,424.034777591469,-3.49923011217965,4.56593447291575,455.126506973373,453.515732167338,-1.61077480603518,4.59138200153687,468.722621800924,463.906251298733,-4.81637050219024,4.15358528390723,486.826006738277,463.407890784484,-23.4181159537934,4.80316302462228,27.592499269724,29.4809545758685,1.88845530614447,6.78822611797711,41.1886140972745,39.8714737072639,-1.31714039001059,6.33667109339149,59.2919990346283,39.3731131930145,-19.9188858416138,6.460232715472,13.5961148275505,10.3905191313954,-3.20559569615506,5.94665965315722,31.6994997649043,9.89215861714604,-21.8073411477582,6.84933108141741,18.1033849373538,-0.498360514249384,-18.6017454516032,6.43124149981282
homepos,ISR,36,394.951066097957,405.12806857901,10.1770024810533,5.3835570201989,447.948920906832,442.285458464496,-5.6634624423358,5.80545390632013,481.298652984145,452.383501303389,-28.9151516807555,6.21873656712754,512.483279918748,457.271196075607,-55.2120838431418,7.12100095330499,52.9978548088749,37.1573898854859,-15.8404649233891,5.80754510045339,86.3475868861883,47.2554327243795,-39.0921541618088,6.91625158136762,117.532213820792,52.1431274965967,-65.389086324195,7.73672132083187,33.3497320773133,10.0980428388936,-23.2516892384197,6.91742424792229,64.5343590119168,14.9857376111108,-49.548621400806,7.18683100721957,31.1846269346035,4.88769477221723,-26.2969321623863,7.17776771699046
homepos,ITA,36,422.961274254623,426.709878462693,3.74860420807033,4.75316293277148,462.72843461721,463.538425049525,0.80999043231526,5.89247992787556,488.419196958421,485.055955383863,-3.36324157455772,5.14816613413556,512.608461484297,497.149825883105,-15.4586356011925,6.34128912918401,39.7671603625865,36.8285465868314,-2.93861377575507,6.09745710509912,65.4579227037978,58.3460769211698,-7.11184578262805,5.7244934403508,89.6471872296741,70.4399474204113,-19.2072398092628,6.98356548650427,25.6907623412113,21.5175303343383,-4.17323200687298,5.50011253076796,49.8800268670876,33.6114008335799,-16.2686260335078,6.22265102813448,24.1892645258763,12.0938704992415,-12.0953940266348,5.46628117590717
homepos,JPN,36,494.020682585529,499.727610731489,5.70692814596004,7.36747391017861,533.062790964611,531.220278349519,-1.8425126150911,5.46622280497378,548.940012754617,542.284029223233,-6.65598353138421,6.05840484504259,567.499384366611,532.988471323019,-34.5109130435923,7.21757519044576,39.0421083790817,31.4926676180306,-7.54944076105113,6.70982502921412,54.9193301690885,42.5564184917443,-12.3629116773442,7.03554665066512,73.4787017810827,33.2608605915304,-40.2178411895523,7.87511345744697,15.8772217900068,11.0637508737137,-4.81347091629311,6.23695185624453,34.436593402001,1.76819297349982,-32.6684004285012,7.07785293598497,18.5593716119942,-9.29555790021391,-27.8549295122081,5.83563883523253
homepos,KOR,36,469.23217793556,478.366862421339,9.13468448577817,8.82712434080684,522.2780252741,520.588040513877,-1.68998476022318,7.64767455504237,549.728950325023,540.944747611088,-8.78420271393532,6.33239845039789,570.189913952997,554.028838711881,-16.1610752411164,7.45255563169137,53.0458473385394,42.2211780925381,-10.8246692460013,8.07546043649732,80.4967723894631,62.5778851897496,-17.9188871997135,9.96719533671551,100.957736017437,75.6619762905426,-25.2957597268945,10.6416498337821,27.4509250509236,20.3567070972115,-7.09421795371213,7.78338752377805,47.9118886788977,33.4407981980045,-14.4710904808932,8.34998232210478,20.460963627974,13.084091100793,-7.37687252718104,6.3136481419042
homepos,LTU,36,426.772973292126,444.895298534757,18.1223252426315,4.40617705750619,466.003085592271,465.70988126743,-0.293204324841099,3.93944069099889,492.815423081392,480.667907336059,-12.1475157453336,3.56272695300422,517.454403401412,492.523066841357,-24.9313365600545,4.37870684278335,39.2301123001452,20.8145827326726,-18.4155295674726,5.11508019579697,66.0424497892664,35.7726088013013,-30.2698409879651,5.50177684250668,90.6814301092857,47.6277683065997,-43.053661802686,5.73773188347435,26.8123374891212,14.9580260686287,-11.8543114204925,4.55624009859224,51.4513178091405,26.813185573927,-24.6381322352135,4.90159776795835,24.6389803200192,11.8551595052983,-12.7838208147209,5.23277192220041
homepos,LVA,36,447.271165453656,437.49051162843,-9.78065382522595,4.26855373670676,476.668618705318,460.84596272937,-15.8226559759476,4.2092589885263,494.121958759811,469.770312226897,-24.3516465329138,4.36853335803085,515.586787537372,477.40619718277,-38.1805903546015,3.2357120555406,29.3974532516618,23.3554511009402,-6.0420021507216,5.18684934765564,46.8507933061545,32.2798005984666,-14.5709927076878,5.05541382751571,68.3156220837157,39.9156855543401,-28.3999365293756,4.79351216177881,17.4533400544927,8.92434949752646,-8.52899055696622,4.88024835239193,38.9181688320539,16.5602344533999,-22.357934378654,4.96086256623565,21.4648287775612,7.63588495587345,-13.8289438216877,5.1392059403057
homepos,MEX,36,362.52430085758,364.698677321526,2.17437646394649,3.51012531950019,387.76300875218,381.311939081608,-6.45106967057166,3.7491527365778,402.617093876416,395.572034815914,-7.04505906050133,3.84910742075332,427.641408036818,409.883578552959,-17.7578294838585,5.55508089311264,25.2387078945998,16.6132617600817,-8.62544613451814,4.15403265962921,40.092793018836,30.8733574943881,-9.21943552444782,4.44612366975473,65.1171071792379,45.184901231433,-19.932205947805,6.27885820991907,14.8540851242361,14.2600957343064,-0.593989389929675,4.0982877958691,39.8783992846381,28.5716394713513,-11.3067598132868,5.47752358269482,25.024314160402,14.3115437370448,-10.7127704233571,5.20700711858665
homepos,NLD,36,432.350679185369,442.35403769508,10.0033585097103,6.88591671049496,485.282132236032,487.815055041579,2.53292280554706,7.14909221624722,517.778142522022,502.575694981956,-15.2024475400664,6.12583788811338,541.979574857611,505.909826829239,-36.0697480283721,5.83942431172301,52.9314530506623,45.461017346499,-7.47043570416321,6.65750171189952,85.427463336653,60.2216572868763,-25.2058060497766,7.98032735440845,109.628895672242,63.5557891341593,-46.0731065380824,8.15391489710701,32.4960102859907,14.7606399403773,-17.7353703456134,7.5837965329152,56.6974426215795,18.0947717876603,-38.6026708339192,7.96607684561594,24.2014323355887,3.33413184728295,-20.8673004883058,6.76845704801856
homepos,NOR,36,429.137442409808,429.768897800455,0.631455390646579,4.25884347477762,465.452238380217,453.680747015354,-11.7714913648628,4.33795719171998,485.476237936648,469.128841226549,-16.3473967100993,4.91693528308691,499.297054653083,464.488402952617,-34.8086517004666,4.66780686362183,36.314795970409,23.9118492148996,-12.4029467555093,5.2890692533686,56.3387955268403,39.3599434260944,-16.9788521007459,5.333560734677,70.159612243275,34.7195051521618,-35.4401070911132,5.98395895852401,20.0239995564313,15.4480942111948,-4.57590534523655,5.86984276546877,33.8448162728661,10.8076559372622,-23.0371603356039,5.53387668323685,13.8208167164348,-4.64043827393255,-18.4612549903673,6.10489443980783
homepos,NZL,36,425.175493522989,440.730087830688,15.5545943076988,4.41865502206388,472.730753529462,478.564151716356,5.83339818689473,6.15794685319698,504.040431704801,497.707273983134,-6.33315772166736,4.99895028226079,518.76811119645,510.652106121161,-8.11600507528908,5.06428948641168,47.5552600064727,37.8340638856686,-9.72119612080411,6.61822221564442,78.8649381818121,56.9771861524459,-21.8877520293662,6.29384953819817,93.592617673461,69.922018290473,-23.6705993829879,6.39954910327236,31.3096781753394,19.1431222667773,-12.1665559085621,7.61579948823606,46.0373576669883,32.0879544048045,-13.9494032621838,8.13924948829154,14.7276794916489,12.9448321380272,-1.78284735362172,6.88698300956285
homepos,POL,36,444.192335347975,461.119134095301,16.9267987473254,4.5104429155955,478.295307732872,483.941885777748,5.6465780448757,5.2384074575079,507.89401860173,495.617328985906,-12.2766896158237,4.32008965163917,527.160914627626,502.724021345387,-24.4368932822396,5.42342297267055,34.1029723848965,22.8227516824468,-11.2802207024497,5.76500990873109,63.7016832537547,34.4981948906056,-29.2034883631491,5.3477565324477,82.968579279651,41.6048872500859,-41.363692029565,6.49766641396082,29.5987108688581,11.6754432081588,-17.9232676606994,5.39771771257665,48.8656068947544,18.7821355676391,-30.0834713271153,5.78767812813784,19.2668960258963,7.10669235948035,-12.160203666416,5.37545319363
homepos,PRT,36,421.290231010695,419.319449052995,-1.97078195770001,5.97205183959872,457.540848891564,448.658721202567,-8.88212768899723,5.2162999025269,489.756367860809,475.466424719615,-14.289943141194,5.27505378161502,520.922614756823,498.352438353287,-22.5701764035364,6.06720394820729,36.2506178808694,29.3392721495722,-6.91134573129722,5.24389355628977,68.4661368501139,56.1469756666199,-12.319161183494,6.09041574486186,99.6323837461283,79.0329893002919,-20.5993944458364,7.58717196289655,32.2155189692445,26.8077035170477,-5.40781545219681,5.38751845257609,63.3817658652589,49.6937171507198,-13.6880487145392,6.55604046263448,31.1662468960144,22.8860136336721,-8.28023326234234,6.31158048861393
homepos,SVK,36,383.793891802579,417.84053350097,34.0466416983916,7.26640249019482,459.470099036886,473.064611758643,13.5945127217564,5.71732269568143,496.135400512969,490.1673496306,-5.96805088236914,5.25175399222884,517.424013615231,499.945179872657,-17.4788337425735,5.49016137748466,75.6762072343078,55.2240782576726,-20.4521289766352,7.24038613527345,112.341508710391,72.3268161296298,-40.0146925807608,8.14523023413846,133.630121812652,82.104646371687,-51.5254754409651,9.54045977490834,36.6653014760828,17.1027378719572,-19.5625636041256,6.72972489736718,57.9539145783443,26.8805681140144,-31.0733464643299,7.12353744193622,21.2886131022615,9.77783024205712,-11.5107828602044,5.9472443905394
homepos,SVN,36,436.993500549075,435.425035497096,-1.56846505197916,4.46124277282858,478.691582856735,465.526959760229,-13.1646230965067,4.17222069201955,502.862498015121,476.541041346581,-26.3214566685393,3.96453511382155,520.112734599956,468.113751352498,-51.9989832474578,3.63300942583768,41.6980823076598,30.1019242631323,-11.5961580445275,6.04166217529761,65.868997466045,41.1160058494849,-24.7529916165601,6.03121249462381,83.11923405088,32.6887158554014,-50.4305181954787,6.20744296252734,24.1709151583852,11.0140815863526,-13.1568335720326,6.35663007772284,41.4211517432202,2.58679159226904,-38.8343601509512,5.90668166754561,17.250236584835,-8.42728999408354,-25.6775265789186,5.42484412046413
homepos,SWE,36,427.038290086113,436.013947957829,8.97565787171516,4.59641950920396,472.7100008463,469.398302129595,-3.31169871670443,4.85133310602779,505.940897259912,482.145562706121,-23.7953345537906,4.63696751301873,525.230266020163,479.311351953529,-45.9189140666343,4.80664001121127,45.6717107601863,33.3843541717667,-12.2873565884196,5.35342243986802,78.9026071737985,46.1316147482928,-32.7709924255058,5.87542614674502,98.1919759340495,43.2974039957001,-54.8945719383495,6.20003342091367,33.2308964136122,12.7472605765261,-20.4836358370862,5.39014348574807,52.5202651738633,9.91304982393336,-42.6072153499299,5.73791919486189,19.289368760251,-2.8342107525927,-22.1235795128437,5.32365921027563
homepos,TUR,36,402.192369386706,423.786471130022,21.5941017433157,4.39326728195246,444.286120607278,456.709379813907,12.4232592066294,4.43194552520787,468.191317518716,476.94382207043,8.75250455171312,4.19292233829817,498.044025796254,489.710664119255,-8.33336167699912,5.76588656046081,42.0937512205715,32.9229086838852,-9.17084253668628,5.18272408364129,65.9989481320104,53.1573509404078,-12.8415971916025,5.69085190357788,95.8516564095478,65.9241929892331,-29.9274634203148,7.19985624794771,23.9051969114389,20.2344422565226,-3.67075465491627,4.97250583301734,53.7579051889763,33.0012843053478,-20.7566208836285,6.95067915882991,29.8527082775375,12.7668420488253,-17.0858662287122,6.49004678996048
homepos,USA,36,418.657425638431,423.943353226205,5.28592758777484,8.30297051595176,447.09305731872,455.640823719851,8.54776640113124,9.14898791731702,478.338109109436,477.030971064046,-1.30713804538976,11.4061493648035,515.387346775481,492.959311204213,-22.4280355712682,14.5635801199218,28.4356316802894,31.6974704936458,3.26183881335641,10.1752002301177,59.6806834710049,53.0876178378403,-6.5930656331646,11.1975438862442,96.7299211370504,69.0159579780074,-27.713963159043,14.9489872705111,31.2450517907155,21.3901473441945,-9.854904446521,11.1806402346854,68.2942894567611,37.3184874843616,-30.9758019723994,11.0774639928884,37.0492376660455,15.9283401401671,-21.1208975258784,11.6603547200403
homepos,OECD,36,426.198958954196,433.406455927203,7.20749697300732,0.879523430137752,466.774897203658,464.672853278794,-2.10204392486372,0.895588163565772,492.896816512082,480.466262068099,-12.4305544439832,0.857720371754748,516.338321802022,488.549592142671,-27.7887296593516,0.958247300866282,40.5759382494618,31.2663973515908,-9.30954089787105,1.01870926067787,66.6978575578857,47.0598061408952,-19.6380514169906,0.99046459085776,90.1393628478261,55.1431362154672,-34.9962266323589,1.13608663671073,26.1219193084239,15.7934087893044,-10.3285105191195,1.0356320497474,49.5634245983642,23.8767388638764,-25.6866857344879,1.07840556188263,23.4415052899404,8.08333007457202,-15.3581752153684,0.946896123797843
homepos,OECD35,35,426.147687368826,433.481847196696,7.3341598278696,0.909605552508364,466.84136311932,464.862032682788,-1.97933043653177,0.920759256512856,493.031987386893,480.77416724242,-12.2578201444727,0.8730692501881,516.377580650926,488.799400892115,-27.5781797588112,0.982805421250091,40.6936757504932,31.3801854860919,-9.31349026440137,1.04079922335313,66.8843000180663,47.292320045724,-19.5919799723423,1.01661522849569,90.2298932821001,55.3175536954192,-34.9123395866808,1.16009322068656,26.190624267573,15.9121345596321,-10.2784897079409,1.0627597494231,49.5362175316068,23.9373682093274,-25.5988493222795,1.10920477560374,23.3455932640338,8.02523364969528,-15.3203596143385,0.974142351523957
homepos_h,AUS,36,450.971444307623,445.742676278482,-5.22876802914152,4.05795454793598,486.010858233154,479.095841581402,-6.91501665175275,3.84268224878415,503.208744257314,494.905796203094,-8.30294805421914,3.59357007942466,513.162758162831,498.201179460145,-14.9615787026864,3.78957493868388,35.0394139255309,33.3531653029197,-1.68624862261123,4.75672296449022,52.2372999496901,49.1631199246125,-3.07418002507762,4.44285256048456,62.1913138552079,52.458503181663,-9.73281067354486,5.01339677062664,17.1978860241592,15.8099546216928,-1.38793140246639,4.13200916226301,27.1518999296769,19.1053378787433,-8.04656205093363,4.4800922785946,9.95401390551774,3.2953832570505,-6.65863064846724,4.24870034662796
homepos_h,AUT,36,437.023856443995,433.24847591,-3.7753805339953,5.58826333925803,485.98395625738,475.888239686463,-10.0957165709166,5.25114465411826,513.450343414737,497.328028459066,-16.1223149556702,4.16856415833282,517.53152327912,504.611968427694,-12.9195548514259,4.18509196313882,48.9600998133852,42.6397637764639,-6.32033603692133,5.68413239224609,76.4264869707416,64.0795525490667,-12.3469344216749,5.66581162574124,80.5076668351253,71.3634925176947,-9.14417431743055,6.42287177831038,27.4663871573564,21.4397887726028,-6.02659838475358,5.16340562300004,31.5475670217401,28.7237287412308,-2.82383828050922,5.76938862210726,4.08117986438367,7.28393996862803,3.20276010424436,4.80234693352383
homepos_h,BEL,36,435.215249442002,432.970974506164,-2.24427493583715,5.91766265214308,487.170870734916,477.943274568364,-9.22759616655196,4.93338746582311,510.471031546954,500.797083465008,-9.67394808194575,4.57212525011244,526.8948882318,517.48337377891,-9.41151445288961,4.9111304707153,51.9556212929144,44.9723000621996,-6.98332123071481,5.37381318373,75.2557821049521,67.8261089588435,-7.4296731461086,6.66334225064128,91.6796387897982,84.5123992727457,-7.16723951705245,7.33060671287518,23.3001608120377,22.8538088966439,-0.446351915393791,5.26887697335352,39.7240174968838,39.5400992105462,-0.183918286337644,6.06726911317016,16.4238566848461,16.6862903139022,0.262433629056147,5.4110783349177
homepos_h,CAN,36,470.85967249908,458.579402796308,-12.2802697027715,3.81607801085985,494.882518929025,488.146309579895,-6.73620934913015,3.81191065619175,512.566114637154,503.113309294107,-9.45280534304732,3.29472261959044,515.438027072807,503.801699035232,-11.6363280375748,3.88491722136909,24.022846429945,29.5669067835863,5.54406035364133,4.01306441474703,41.7064421380744,44.5339064977985,2.82746435972416,4.59046955727132,44.5783545737269,45.2222962389236,0.643941665196678,4.971963205073,17.6835957081294,14.9669997142122,-2.71659599391717,4.30766997404242,20.5555081437819,15.6553894553373,-4.90011868844465,4.81883859494059,2.87191243565258,0.688389741125093,-2.18352269452748,4.17190753441911
homepos_h,CHE,36,457.926589806537,457.155266598128,-0.77132320840866,4.86082527260027,498.650800448574,496.865332944014,-1.78546750455968,4.76246718628588,527.087270190074,519.209905326275,-7.87736486379856,5.12942381413053,549.44041444075,527.962614519892,-21.4777999208581,5.11473164503041,40.7242106420372,39.7100663458862,-1.01414429615102,5.44692538782788,69.1606803835372,62.0546387281473,-7.1060416553899,5.96125785821264,91.5138246342132,70.8073479217638,-20.7064767124494,6.65014468498624,28.4364697415,22.3445723822611,-6.09189735923889,5.56419427763977,50.789613992176,31.0972815758776,-19.6923324162984,5.95111112528754,22.353144250676,8.75270919361651,-13.6004350570595,6.18154512685918
homepos_h,CHL,36,382.405640155181,375.362356634695,-7.0432835204856,3.91755904536671,406.347816462763,395.618909075974,-10.7289073867898,4.61358583205886,422.133209147202,409.047447623172,-13.0857615240297,4.43654042417122,443.994448739433,439.606694600632,-4.38775413880097,4.55441481620571,23.9421763075825,20.2565524412783,-3.68562386630418,4.7558586384463,39.7275689920213,33.6850909884772,-6.04247800354409,5.34271125288097,61.5888085842518,64.2443379659364,2.65552938168463,5.60636507134488,15.7853926844388,13.4285385471989,-2.35685413723991,5.37117022038524,37.6466322766693,43.9877855246581,6.34115324798881,5.36904928362974,21.8612395922305,30.5592469774592,8.69800738522872,5.22020861874661
homepos_h,COL,36,350.446885758396,349.08940200331,-1.35748375508609,4.02631056986041,368.083514210061,366.928525778792,-1.15498843126881,4.36457302544532,392.548826916389,392.530452193441,-0.0183747229484084,6.24215729364169,429.094079160784,425.316368900229,-3.77771026055467,7.15165119855173,17.6366284516643,17.8391237754815,0.202495323817288,4.60505722592088,42.101941157993,43.4410501901307,1.33910903213769,6.34674170296748,78.6471934023873,76.2269668969187,-2.42022650546858,7.94298395379767,24.4653127063287,25.6019264146491,1.1366137083204,5.01110058595871,61.010564950723,58.3878431214371,-2.62272182928587,7.29257518641456,36.5452522443943,32.785916706788,-3.75933553760626,6.47627756628461
homepos_h,CZE,36,441.476797494855,432.091348536121,-9.385448958734,4.94208472296566,485.654622464175,475.914441758813,-9.74018070536198,4.86467719582807,505.269305430976,493.312779253603,-11.9565261773723,4.62764586564819,515.453533178521,509.212610647019,-6.24092253150224,4.68944768319897,44.1778249693193,43.8230932226913,-0.354731746627976,5.26185117032891,63.7925079361203,61.221430717482,-2.57107721863827,5.90905498552439,73.9767356836659,77.1212621108977,3.14452642723177,6.366691490762,19.614682966801,17.3983374947907,-2.21634547201029,5.02975876451883,29.7989107143466,33.2981688882064,3.49925817385974,5.47846010198514,10.1842277475457,15.8998313934157,5.71560364587003,5.56585725083424
homepos_h,DEU,36,428.386979938809,416.021607744938,-12.3653721938709,6.56054457660096,473.515101170158,462.102419464782,-11.412681705376,6.45380617344054,501.631569045196,492.287064081938,-9.34450496325741,5.32036573298234,515.227745680434,510.733794375679,-4.49395130475517,4.92985953671683,45.1281212313491,46.080811719844,0.952690488494852,6.41176655089653,73.2445891063871,76.2654563370006,3.02086723061348,6.7810690696002,86.8407657416255,94.7121866307412,7.87142088911571,7.21570272071103,28.116467875038,30.1846446171566,2.06817674211862,6.17633403771678,41.7126445102764,48.6313749108973,6.91873040062086,6.89178505408511,13.5961766352384,18.4467302937406,4.85055365850224,5.69883590585631
homepos_h,DNK,36,459.667523472074,441.912654296563,-17.754869175511,5.11429099629774,488.825610737269,475.13234930828,-13.6932614289893,4.52962812508284,506.983127895994,487.075122298955,-19.9080055970389,4.67211536997463,505.448604393222,486.215354600376,-19.2332497928456,4.68107835955935,29.158087265195,33.2196950117166,4.06160774652165,6.08349689027731,47.3156044239197,45.1624680023917,-2.15313642152796,6.12429302916603,45.7810809211476,44.3027003038129,-1.47838061733466,5.90652772441006,18.1575171587247,11.9427729906751,-6.21474416804961,6.02619002188351,16.6229936559526,11.0830052920963,-5.53998836385631,6.26523252063745,-1.53452350277212,-0.859767698578821,0.674755804193296,6.45401912225616
homepos_h,ESP,36,436.550437785932,423.541723069151,-13.0087147167809,3.66925826870431,467.607812208649,455.167361180602,-12.4404510280471,2.99515529659837,487.434099817407,472.758375530561,-14.6757242868464,3.05189668103386,504.589891642986,488.116571880392,-16.4733197625937,2.93564183418018,31.0573744227177,31.6256381114516,0.56826368873385,3.98986645700683,50.8836620314752,49.2166524614098,-1.66700957006549,3.93002863753343,68.0394538570541,64.5748488112412,-3.46460504581285,4.43845018130233,19.8262876087575,17.5910143499582,-2.23527325879934,3.02707214561589,36.9820794343364,32.9492106997897,-4.0328687345467,3.11253154206672,17.1557918255788,15.3581963498315,-1.79759547574736,3.27657282352812
homepos_h,EST,36,479.866466526581,477.876066075331,-1.99040045125003,4.26753292222267,505.481983000444,506.780925030964,1.29894203051975,4.23632704955576,521.438403828262,519.139374071873,-2.29902975638856,4.48222011487888,534.84805302719,529.969774690812,-4.878278336378,4.86321745033106,25.6155164738636,28.9048589556334,3.28934248176978,4.73708162860687,41.5719373016809,41.2633079965424,-0.308629305138538,5.32274217197127,54.9815865006092,52.0937086154812,-2.88787788512798,5.62791326463057,15.9564208278173,12.358449040909,-3.59797178690832,5.40539624875623,29.3660700267456,23.1888496598478,-6.17722036689776,5.59118558988992,13.4096491989283,10.8304006189388,-2.57924857998944,5.35497141058254
homepos_h,FIN,36,454.163922639588,447.883725950443,-6.28019668914465,3.89443747654901,486.100538657255,470.419186959715,-15.6813516975407,3.60426356767734,498.629928984339,482.6022656907,-16.0276632936398,4.05301080214191,502.232570992207,485.754758769469,-16.4778122227384,4.24880171273618,31.9366160176677,22.5354610092717,-9.40115500839602,4.19936963096799,44.4660063447518,34.7185397402567,-9.74746660449512,4.33799259399038,48.0686483526193,37.8710328190255,-10.1976155335938,4.50845670026001,12.5293903270841,12.183078730985,-0.346311596099099,4.43024960913612,16.1320323349516,15.3355718097538,-0.796460525197745,4.52579159664744,3.60264200786747,3.15249307876883,-0.450148929098646,5.0709478322459
homepos_h,FRA,36,425.784962844523,415.474848980067,-10.3101138644555,5.23139761818228,466.339484812257,453.280791000337,-13.05869381192,4.93818616607322,491.240231915947,472.802249453933,-18.4379824620141,4.82108874485237,516.180728066011,501.183612222913,-14.9971158430984,5.30928760836172,40.5545219677344,37.8059420202699,-2.74857994746446,5.20511536524443,65.4552690714243,57.3274004738656,-8.12786859755863,5.83753871539387,90.3957652214887,85.7087632428459,-4.68700197864285,6.45496096983916,24.9007471036899,19.5214584535957,-5.37928865009417,4.62946295539128,49.8412432537543,47.9028212225759,-1.93842203117839,5.12091292715199,24.9404961500645,28.3813627689802,3.44086661891578,5.22500542466546
homepos_h,GBR,36,460.555376792711,454.442571484352,-6.11280530835961,5.16383236172598,483.697620589174,484.596946895601,0.899326306426474,4.86929090931797,501.104564318835,499.319401628151,-1.78516269068479,5.1805469745106,524.578211444612,521.545435663289,-3.03277578132372,5.81620807453974,23.1422437964629,30.154375411249,7.01213161478609,6.71577865530764,40.5491875261241,44.8768301437989,4.32764261767483,6.87724220219168,64.0228346519009,67.1028641789368,3.08002952703589,7.91917686657165,17.4069437296611,14.7224547325499,-2.68448899711126,5.82459093555857,40.880590855438,36.9484887676878,-3.9321020877502,7.07892673020836,23.4736471257768,22.2260340351379,-1.24761309063894,6.00023814466336
homepos_h,GRC,36,403.048295683945,394.718385195042,-8.32991048890341,4.40215421229912,429.842675902691,423.940652619286,-5.90202328340547,5.26469171006761,442.454341701217,439.580806119798,-2.8735355814195,5.01504569402761,448.532352205496,442.807653578387,-5.72469862710898,5.44185718601538,26.7943802187456,29.2222674242436,2.42788720549794,5.50581486913578,39.4060460172717,44.8624209247556,5.45637490748391,5.83905130879767,45.4840565215508,48.0892683833453,2.60521186179443,5.98872776671139,12.611665798526,15.640153500512,3.02848770198597,5.39116162048177,18.6896763028052,18.8670009591017,0.177324656296491,5.79522427896765,6.07801050427918,3.2268474585897,-2.85116304568948,5.33056448491004
homepos_h,HUN,36,418.363917188048,408.963907608464,-9.40000957958392,5.87022590311621,468.100389419485,456.582151806642,-11.5182376128425,4.85812342302879,493.719306224837,478.80295101963,-14.9163552052068,4.65344413143703,515.209618913637,499.302168107166,-15.9074508064712,5.67676809357823,49.7364722314367,47.6182441981781,-2.11822803325862,6.03056686160192,75.3553890367889,69.839043411166,-5.51634562562288,7.17905431972054,96.845701725589,90.3382604987018,-6.5074412268873,7.8736703640388,25.6189168053522,22.2207992129879,-3.39811759236426,5.40982157034813,47.1092294941523,42.7200163005236,-4.38921319362868,5.9905950888203,21.4903126888001,20.4992170875357,-0.991095601264419,5.44134680442729
homepos_h,IRL,36,462.02085371786,448.332595620161,-13.6882580976988,4.70409914543745,486.184451850548,476.379832363131,-9.80461948741703,3.59542017938879,504.695032244595,494.305352783431,-10.3896794611642,4.23114205933442,516.341383468242,503.791785556797,-12.5495979114445,3.75571677200444,24.1635981326876,28.0472367429694,3.88363861028176,4.86349588878349,42.6741785267348,45.9727571632694,3.29857863653461,5.22649529596155,54.3205297503817,55.459189936636,1.1386601862543,5.72367462507572,18.5105803940472,17.9255204203,-0.58505997374715,4.78872258728266,30.1569316176941,27.4119531936667,-2.74497842402747,4.68223592304805,11.6463512236469,9.48643277336663,-2.15991845028032,4.55827544774449
homepos_h,ISL,36,436.302432757459,420.486829543198,-15.815603214261,4.49667774738705,462.760831630772,453.137090102367,-9.62374152840448,4.52303651753291,467.907210467231,464.865441851148,-3.04176861608295,4.46582863532321,473.297386810924,468.059103770039,-5.23828304088482,4.58598518246813,26.458398873313,32.6502605591696,6.19186168585657,6.54824968821745,31.6047777097722,44.3786123079503,12.7738345981781,6.61453440582462,36.9949540534649,47.5722742268411,10.5773201733762,6.15529399938017,5.14637883645924,11.7283517487808,6.58197291232153,6.5321384180146,10.5365551801519,14.9220136676715,4.38545848751966,6.54721947761681,5.39017634369264,3.19366191889077,-2.19651442480188,6.34958767495832
homepos_h,ISR,36,406.987946658663,393.918571276932,-13.0693753817305,5.9417108183162,459.414488486481,440.809691199283,-18.6047972871984,6.44662432420604,490.219560517942,459.657132316446,-30.5624282014962,6.24090655964231,498.76452584345,468.970409094058,-29.7941167493929,6.41571176912419,52.4265418278182,46.8911199223503,-5.5354219054679,6.54888355732715,83.2316138592788,65.7385610395132,-17.4930528197656,6.6512312196059,91.7765791847875,75.0518378171252,-16.7247413676623,7.15024354078527,30.8050720314606,18.8474411171629,-11.9576309142977,6.71333760047861,39.3500373569693,28.1607178947749,-11.1893194621944,7.01268384643046,8.54496532550866,9.31327677761197,0.768311452103319,6.95774796596871
homepos_h,ITA,36,436.184871765286,426.040033119938,-10.1448386453473,4.99531866630024,463.616671105119,462.432314554355,-1.18435655076422,5.13339731387419,486.719068209467,485.40585267894,-1.31321553052675,5.7038236699741,501.013015820535,498.995648903022,-2.0173669175129,5.80965153634306,27.4317993398331,36.3922814344162,8.96048209458309,5.44493452792456,50.5341964441814,59.365819559002,8.83162311482056,5.86275756321819,64.8281440552496,72.955615783084,8.1274717278344,6.52476238301516,23.1023971043483,22.9735381245858,-0.128858979762526,5.35225675166639,37.3963447154165,36.5633343486678,-0.833010366748681,5.64994118653267,14.2939476110682,13.589796224082,-0.704151386986155,5.14372181678268
homepos_h,JPN,36,504.649413764313,495.271393939643,-9.37801982467005,7.78545424874588,537.484542099592,530.901689705443,-6.58285239414863,6.09378423230265,549.425029929169,538.234680848939,-11.1903490802298,5.64657427959376,552.647905764409,542.658045449647,-9.98986031476261,6.80004209233768,32.8351283352794,35.6302957658008,2.79516743052142,7.51291114728202,44.775616164856,42.9632869092963,-1.81232925555975,7.11648949930285,47.9984920000966,47.386651510004,-0.611840490092561,8.58037702269968,11.9404878295767,7.33299114349552,-4.60749668608116,6.18722436051392,15.1633636648172,11.7563557442032,-3.40700792061398,6.55635462350456,3.22287583524053,4.42336460070771,1.20048876546718,5.49809989666591
homepos_h,KOR,36,485.594861568892,478.480835902285,-7.11402566660718,7.67346899125887,525.226091859051,522.205571770582,-3.02052008846943,7.55963005714112,543.856150355135,539.906276187908,-3.94987416722677,6.02697998995156,558.663701476028,554.997617073271,-3.66608440275706,8.0239889385948,39.6312302901593,43.7247358682971,4.09350557813775,7.48640310835287,58.2612887862434,61.4254402856238,3.16415149938041,8.1558684259992,73.0688399071366,76.5167811709867,3.44794126385011,9.85777213797281,18.6300584960841,17.7007044173267,-0.929354078757342,7.3124329830006,33.4376096169773,32.7920453026896,-0.64556431428764,7.68163805824505,14.8075511208932,15.0913408853629,0.283789764469702,7.84695969543546
homepos_h,LTU,36,441.22216507418,441.219771232941,-0.00239384123881337,4.20648282215656,473.304636266151,469.482358398514,-3.82227786763735,4.1047732747784,487.666681487069,481.219138190313,-6.44754329675533,3.78716525263717,502.294939915392,493.606703057839,-8.68823685755308,4.33218008107627,32.0824711919713,28.2625871655727,-3.81988402639854,5.15007233676359,46.4445164128886,39.999366957372,-6.44514945551651,5.15796219621227,61.0727748412123,52.3869318248981,-8.68584301631427,5.48962695589154,14.3620452209173,11.7367797917993,-2.62526542911797,5.29038690126289,28.9903036492411,24.1243446593253,-4.86595898991573,5.3697755420918,14.6282584283238,12.387564867526,-2.24069356079775,5.16912532062455
homepos_h,LVA,36,454.914235422944,432.063955278707,-22.8502801442364,3.98949713086639,479.944131504913,459.52690057353,-20.4172309313834,4.00435971048846,492.022197705736,472.766786722567,-19.2554109831687,4.16111540549381,507.158132842256,481.876041275376,-25.2820915668799,3.48947251579919,25.0298960819692,27.4629452948223,2.43304921285306,4.64801183480716,37.1079622827916,40.7028314438593,3.59486916106772,4.87847057763975,52.2438974193121,49.8120859966687,-2.43181142264348,4.59658686031626,12.0780662008224,13.2398861490371,1.16181994821466,4.59774679398228,27.214001337343,22.3491407018464,-4.86486063549654,4.7537816602836,15.1359351365205,9.10925455280932,-6.0266805837112,4.99673044616974
homepos_h,MEX,36,368.946924862817,363.121633259313,-5.82529160350333,3.59006303311025,389.38475545918,382.647938179743,-6.73681727943733,3.531323903246,403.750617987273,395.157307339898,-8.59331064737523,4.18107279941275,421.915897483239,412.47290273339,-9.44299474984899,5.29174949682251,20.4378305963634,19.5263049204294,-0.911525675934001,4.1815387039956,34.8036931244567,32.0356740805848,-2.7680190438719,4.59052017576368,52.9689726204221,49.3512694740764,-3.61770314634566,6.1062415691984,14.3658625280933,12.5093691601554,-1.8564933679379,4.17784330583259,32.5311420240587,29.824964553647,-2.70617747041166,5.64787945410837,18.1652794959654,17.3155953934916,-0.849684102473759,4.80855799204207
homepos_h,NLD,36,439.284093274484,456.960799683617,17.6767064091334,7.7820492760509,496.558571139582,493.214882603726,-3.34368853585664,5.44689716529172,517.025890581473,503.382394746868,-13.6434958346046,5.7639753400649,525.810585719952,507.524923750701,-18.2856619692512,6.14875075239585,57.2744778650983,36.2540829201083,-21.02039494499,6.99059671465087,77.7417973069885,46.4215950632506,-31.3202022437379,7.8553637842376,86.5264924454683,50.5641240670837,-35.9623683783846,8.59832558210518,20.4673194418901,10.1675121431422,-10.2998072987479,6.06503390526174,29.25201458037,14.3100411469754,-14.9419734333946,6.36482211535323,8.78469513847983,4.14252900383315,-4.64216613464669,6.94873848120125
homepos_h,NOR,36,439.345651072372,424.982765895789,-14.362885176583,4.96116684729182,469.191676061936,453.244870067089,-15.9468059948467,4.47969298396593,485.781943464547,470.275834604327,-15.5061088602191,4.64303668845977,486.197992288234,470.184325910559,-16.013666377675,4.69527118102894,29.8460249895642,28.2621041713005,-1.58392081826372,6.38394218734314,46.4362923921746,45.2930687085385,-1.14322368363611,5.77460441043557,46.8523412158625,45.2015600147705,-1.650781201092,6.47110995186588,16.5902674026104,17.0309645372381,0.440697134627612,5.69922208727625,17.0063162262983,16.9394558434701,-0.0668603828282812,5.61546723405526,0.416048823687902,-0.0915086937679916,-0.507557517455894,6.0165503994391
homepos_h,NZL,36,435.479003163549,441.232768036337,5.75376487278777,5.20572433966008,482.499558626563,474.399395446714,-8.10016317984889,5.12318672049002,496.999919391333,500.393846870679,3.39392747934619,4.89371971601289,508.533901563632,512.905150814467,4.37124925083492,5.09590321963581,47.0205554630141,33.1666274103774,-13.8539280526367,6.46025018545892,61.5209162277843,59.1610788343427,-2.35983739344158,7.05308501037151,73.0548984000829,71.6723827781301,-1.38251562195285,7.03492409169988,14.5003607647702,25.9944514239652,11.4940906591951,6.48573096693213,26.0343429370688,38.5057553677526,12.4714124306838,6.88838418457504,11.5339821722986,12.5113039437874,0.977321771488732,6.87094298004525
homepos_h,POL,36,453.858739160167,457.419758856938,3.56101969677053,4.6262631223607,488.973097488845,482.612752627407,-6.36034486143802,4.82977503107981,502.504163869921,496.759977037286,-5.74418683263508,4.82398965706147,512.919961098199,508.934691356818,-3.9852697413811,5.23657003671612,35.1143583286774,25.1929937704688,-9.92136455820855,5.46052777471402,48.6454247097537,39.3402181803481,-9.30520652940561,5.7843702595676,59.061221938032,51.5149324998803,-7.54628943815163,6.35841439904841,13.5310663810763,14.1472244098792,0.616158028802943,5.70084508723155,23.9468636093546,26.3219387294115,2.37507512005692,6.17196416883505,10.4157972282783,12.1747143195323,1.75891709125398,5.24746045240397
homepos_h,PRT,36,425.991512204705,417.396134212034,-8.59537799267105,5.50716271797778,463.125680012844,449.31397005469,-13.8117099581539,5.97150672966491,489.151614460457,476.13067414619,-13.0209403142663,5.5027904359741,512.203940253846,499.54290657548,-12.6610336783659,5.18663641750795,37.1341678081386,31.9178358426557,-5.21633196548282,5.41177502864333,63.1601022557513,58.734539934156,-4.42556232159524,6.28313882991614,86.2124280491403,82.1467723634454,-4.06565568569488,6.754211778921,26.0259344476127,26.8167040915003,0.790769643887586,5.73218857046862,49.0782602410017,50.2289365207897,1.15067627978794,6.56950779909944,23.052325793389,23.4122324292894,0.359906635900359,5.16752788911997
homepos_h,SVK,36,404.410365175461,419.217631364456,14.8072661889945,6.86139024661132,469.153621817096,471.634251141041,2.4806293239451,5.43845055760555,491.53222110604,490.798171313446,-0.734049792593567,4.88747425034304,505.216301904227,507.655294688098,2.43899278387107,5.64448822208693,64.743256641635,52.4166197765856,-12.3266368650494,6.85167583105672,87.1218559305784,71.5805399489904,-15.5413159815881,8.05140271711513,100.805936728766,88.4376633236424,-12.3682734051234,9.07880073089035,22.3785992889435,19.1639201724048,-3.21467911653866,5.86419038872376,36.0626800871308,36.0210435470568,-0.0416365400740233,7.05408065421405,13.6840807981874,16.857123374652,3.17304257646464,5.96582461778124
homepos_h,SVN,36,450.82868671285,425.958695684504,-24.8699910283461,4.63907691631056,487.852962115544,464.206079789953,-23.6468823255909,3.89886403091181,497.608981951067,479.541361504553,-18.0676204465144,3.76047102692423,502.982748266054,478.682667879733,-24.300080386321,3.69720289015547,37.0242754026945,38.2473841054497,1.22310870275521,6.01885130571393,46.7802952382176,53.5826658200493,6.80237058183172,6.31474615234924,52.1540615532043,52.7239721952294,0.569910642025093,6.24461550661649,9.75601983552303,15.3352817145995,5.57926187907651,5.28395521933969,15.1297861505097,14.4765880897796,-0.653198060730119,5.72490429412704,5.37376631498671,-0.858693624819921,-6.23245993980663,5.77583383790055
homepos_h,SWE,36,436.152050979579,428.836428661699,-7.31562231788007,4.43042004707999,481.804436552368,467.415731948099,-14.3887046042693,4.91541452050111,503.725873702803,486.818398993919,-16.9074747088837,4.82491375845258,511.986902447265,486.274126376671,-25.7127760705941,4.97293799599831,45.6523855727887,38.5793032863994,-7.07308228638925,5.61230973044773,67.5738227232236,57.9819703322199,-9.59185239100367,6.03423118227462,75.8348514676856,57.4376977149715,-18.397153752714,6.45811990184396,21.9214371504349,19.4026670458205,-2.51877010461442,5.70063461111567,30.1824658948969,18.8583944285721,-11.3240714663248,5.73278647703327,8.26102874446201,-0.544272617248339,-8.80530136171035,5.65840229127765
homepos_h,TUR,36,411.846745434744,418.742711340797,6.89596590605351,4.67456909771847,444.429137280767,449.59926757133,5.17013029056278,4.34488785500815,466.160076681061,479.107345357022,12.9472686759605,3.89962474053778,491.253591021121,500.525277956333,9.27168693521241,6.04647062006729,32.5823918460231,30.8565562305324,-1.72583561549072,5.23723811073343,54.3133312463173,60.3646340162243,6.05130276990701,5.39020101574268,79.406845586377,81.7825666155359,2.37572102915891,7.78442713813125,21.7309394002941,29.5080777856919,7.77713838539773,4.65997507965604,46.8244537403538,50.9260103850035,4.10155664464963,7.65810470431298,25.0935143400597,21.4179325993116,-3.6755817407481,6.31779384856722
homepos_h,USA,36,423.623357806278,422.951935946013,-0.671421860264843,7.26459814681694,448.542148298716,452.251940034608,3.70979173589154,9.95154362615876,483.416049029984,476.720462368169,-6.69558666181501,13.0255531258585,505.613630839935,499.500904805051,-6.11272603488408,15.1595528818656,24.9187904924387,29.3000040885951,4.38121359615639,10.4636924925501,59.7926912237065,53.7685264221563,-6.02416480155017,13.0810214895879,81.9902730336576,76.5489688590383,-5.44130417461923,16.4554790779423,34.8739007312677,24.4685223335612,-10.4053783977066,10.3115222153275,57.0714825412188,47.2489647704432,-9.82251777077562,12.7220372740017,22.1975818099511,22.780442436882,0.582860626930938,15.4222244718091
homepos_h,OECD,36,436.398831371013,429.936406736746,-6.46242463426717,0.863918049206356,471.992990663708,463.883894093654,-8.10909657005476,0.861577935560718,491.431630622643,481.834967988204,-9.59666263443825,0.877481454646748,504.796497040522,494.138448896822,-10.6580481436999,0.930277655437063,35.5941592926949,33.9474873569074,-1.64667193578759,0.931299813389668,55.0327992516292,51.8985612514581,-3.13423800017108,1.05044571554964,68.3976656695084,64.2020421600756,-4.19562350943272,1.13934383445075,19.4386399589342,17.9510738945507,-1.48756606438349,0.955135038721238,32.8035063768134,30.2545548031683,-2.54895157364513,1.02353102180577,13.3648664178792,12.3034809086175,-1.06138550926164,1.00912032921416
homepos_h,OECD35,35,436.394499759159,430.119111984392,-6.27538777476673,0.89926423660929,472.11828147671,464.132937891169,-7.9853435855407,0.878676532752966,491.545845788506,482.09429920128,-9.45154658722663,0.896333980750932,504.80240005188,494.310502525863,-10.4918975260172,0.953254026393993,35.7237817175515,34.0138259067775,-1.70995581077398,0.946875102382932,55.1513460293479,51.975187216888,-3.1761588124599,1.0878031943874,68.4079002927213,64.1913905414709,-4.21650975125044,1.16608603557403,19.4275643117965,17.9613613101105,-1.46620300168593,0.983109673573985,32.6841185751699,30.1775646346934,-2.50655394047647,1.04765153566192,13.2565542633734,12.2162033245829,-1.04035093879054,1.03031183793883
books_h,AUS,36,441.349857700914,435.14460142364,-6.20525627727432,3.65761124961724,485.259808206047,476.969771176869,-8.29003702917777,3.51742482137118,499.909280715824,493.037903768422,-6.8713769474021,3.67573174628946,526.596378545632,513.051892422355,-13.5444861232772,4.01643180462458,43.9099505051326,41.8251697532291,-2.08478075190345,4.29631912544985,58.5594230149099,57.8933023447821,-0.666120670127782,4.18028351986997,85.2465208447176,77.9072909987147,-7.33922984600292,4.66123007127997,14.6494725097773,16.068132591553,1.41866008177567,4.17330767654566,41.336570339585,36.0821212454855,-5.25444909409947,4.3746152594341,26.6870978298077,20.0139886539325,-6.67310917587514,3.97418078871204
books_h,AUT,36,428.399647355997,422.469086025195,-5.93056133080239,5.22209609105762,483.576653102556,470.984654080958,-12.591999021598,5.43979115474165,506.23078816329,496.056615095698,-10.1741730675917,4.17427815380686,534.844193764883,521.010950317182,-13.8332434477003,4.58897027163257,55.1770057465588,48.5155680557632,-6.66143769079559,5.48074847483186,77.8311408072926,73.5875290705033,-4.24361173678932,5.7350617031097,106.444546408885,98.5418642919874,-7.90268211689789,5.79081782579553,22.6541350607338,25.0719610147401,2.41782595400628,5.62123231348057,51.2675406623265,50.0262962362242,-1.2412444261023,6.05686396505421,28.6134056015927,24.9543352214841,-3.65907038010857,5.37415683614583
books_h,BEL,36,428.628003631208,424.003639881016,-4.62436375019189,5.72012559287795,483.668265930611,474.340207601251,-9.32805832935986,5.29810061764964,511.685315904332,501.941781908364,-9.74353399596811,4.65676802753243,535.672924937822,526.137697361961,-9.53522757586109,4.60925605953694,55.0402622994036,50.3365677202356,-4.70369457916797,5.46047829332471,83.0573122731248,77.9381420273485,-5.11917024577622,6.37667788948912,107.044921306614,102.134057480945,-4.9108638256692,6.54747411021136,28.0170499737212,27.6015743071129,-0.415475666608245,6.27572502211475,52.0046590072104,51.7974897607092,-0.207169246501223,5.81350368234728,23.9876090334892,24.1959154535962,0.208306420107022,5.10578989384909
books_h,CAN,36,459.634130632683,450.863334128768,-8.77079650391437,3.58792798513202,496.502472588789,483.44558657701,-13.0568860117796,3.50310227959682,510.732929416085,502.490593101787,-8.24233631429746,3.42776404274488,527.497750021579,515.939699154205,-11.5580508673739,3.64432377855529,36.8683419561064,32.5822524482412,-4.28608950786526,4.05729252942918,51.0987987834018,51.6272589730188,0.528460189616908,4.12272049186859,67.8636193888964,65.0763650254368,-2.78725436345957,4.40045462677708,14.2304568272954,19.0450065247776,4.81454969748216,4.15633154455848,30.99527743279,32.4941125771957,1.49883514440569,4.08585469435685,16.7648206054946,13.4491060524181,-3.31571455307648,4.18168435465716
books_h,CHE,36,447.90624345151,442.639925036731,-5.26631841477894,4.4358802696421,501.416105493934,491.633955943828,-9.78214955010549,5.10865619203491,525.016385242704,517.498484105261,-7.51790113744323,4.84925313537537,558.609475977089,549.122825877993,-9.48665009909655,5.45482267935552,53.5098620424237,48.9940309070971,-4.51583113532655,5.37452869899764,77.1101417911944,74.8585590685301,-2.2515827226643,5.79451238469201,110.70323252558,106.482900841262,-4.22033168431761,6.67452503071422,23.6002797487707,25.864528161433,2.26424841266226,4.97309095877404,57.1933704831558,57.4888699341648,0.295499451008936,6.27100358077399,33.5930907343851,31.6243417727318,-1.96874896165332,6.21998532752397
books_h,CHL,36,380.725249295309,376.317991744492,-4.40725755081655,4.38406122026072,401.845041248999,394.706226452474,-7.13881479652451,4.25901323624967,421.181310563079,410.062817178714,-11.1184933843652,4.63716462215992,449.672586615192,436.315882998901,-13.356703616291,3.87692260056538,21.1197919536903,18.3882347079823,-2.73155724570796,5.05700822493834,40.4560612677705,33.7448254342219,-6.71123583354864,5.44900405139259,68.9473373198837,59.9978912544093,-8.94944606547443,5.13232596257216,19.3362693140803,15.3565907262396,-3.97967858784068,5.34520423197043,47.8275453661935,41.609656546427,-6.21788881976647,4.39898462880851,28.4912760521132,26.2530658201874,-2.23821023192579,4.93170826042284
books_h,COL,36,354.849765192072,354.249688891135,-0.600076300937701,4.16574039187887,373.29658080369,373.274624646289,-0.0219561574011209,3.96552434081834,388.72570869376,387.422603208602,-1.30310548515791,6.06431564615071,420.008318837465,416.511036910111,-3.49728192735353,6.332844030719,18.4468156116179,19.0249357551544,0.57812014353658,4.32456035926308,33.8759435016881,33.1729143174679,-0.703029184220213,5.11314772016129,65.1585536453924,62.2613480189766,-2.89720562641583,5.91404204085697,15.4291278900702,14.1479785623134,-1.28114932775679,5.29284062738897,46.7117380337746,43.2364122638222,-3.47532576995241,6.44564134535033,31.2826101437044,29.0884337015087,-2.19417644219561,5.57223025109773
books_h,CZE,36,427.082078020252,417.81229088383,-9.26978713642166,4.79681251030256,482.988849897733,477.358310813767,-5.63053908396597,4.76816139792549,506.676724773043,491.805922201202,-14.8708025718412,4.47915946038246,530.707375352393,522.36078527181,-8.3465900805827,5.49517873446153,55.9067718774811,59.5460199299368,3.63924805245568,5.12381991415388,79.5946467527913,73.9936313173718,-5.60101543541958,5.55894886519859,103.625297332141,104.54849438798,0.923197055838955,6.96008179567445,23.6878748753102,14.447611387435,-9.24026348787527,4.85298119936151,47.7185254546599,45.0024744580432,-2.71605099661673,6.4069348436174,24.0306505793497,30.5548630706082,6.52421249125854,5.87103428134972
books_h,DEU,36,414.92344972931,406.336589658959,-8.58686007035084,6.08673519105034,473.988374497709,458.377040680337,-15.6113338173718,5.96458441232091,498.61756241304,490.784743526874,-7.83281888616585,5.04476737425674,530.201778529523,523.044135895613,-7.15764263391009,5.38608097493482,59.0649247683987,52.0404510213778,-7.02447374702092,5.84649810667757,83.6941126837297,84.4481538679147,0.754041184184985,6.60549551151799,115.278328800213,116.707546236654,1.42921743644075,6.97505582420963,24.6291879153309,32.4077028465368,7.77851493120591,5.08094619130355,56.2134040318142,64.6670952152758,8.45369118346167,6.19654379067008,31.5842161164832,32.259392368739,0.675176252255767,5.67509485102467
books_h,DNK,36,448.722903855678,431.915640947997,-16.8072629076812,4.18024474876098,487.623176528545,469.140473765539,-18.4827027630066,5.15324853946105,501.55158252986,484.646750529002,-16.9048320008579,4.79463649322503,523.321489936903,504.200897786663,-19.1205921502393,4.80015557579091,38.9002726728675,37.2248328175421,-1.67543985532541,5.83022011759039,52.8286786741818,52.7311095810051,-0.0975690931766735,5.82544307366547,74.5985860812246,72.2852568386665,-2.3133292425581,6.0957539405562,13.9284060013143,15.5062767634631,1.57787076214873,6.25831739491582,35.6983134083571,35.0604240211245,-0.63788938723269,6.49102667740902,21.7699074070428,19.5541472576614,-2.21576014938142,6.26775745989967
books_h,ESP,36,424.187906404077,414.932355834977,-9.25555056910019,3.36380527912679,469.898900345124,456.377186270395,-13.5217140747289,3.11822789970999,490.00946196518,475.204353091086,-14.8051088740943,2.74486839941777,511.932198379683,492.585562580184,-19.346635799499,3.05293718844154,45.7109939410466,41.4448304354179,-4.2661635056287,3.43143125546311,65.821555561103,60.2719972561088,-5.54955830499415,3.51275889257696,87.7442919756057,77.6532067452069,-10.0910852303988,3.77754391866091,20.1105616200564,18.8271668206909,-1.28339479936545,3.32812876487853,42.0332980345592,36.2083763097891,-5.82492172477009,3.38234731785287,21.9227364145028,17.3812094890981,-4.54152692540464,3.16550540575186
books_h,EST,36,467.665091951158,465.888344942368,-1.77674700878981,4.77725485631612,504.082648956295,501.771877276175,-2.31077168012007,4.3835983981664,520.127065129795,522.793666973943,2.66660184414855,4.67861327929274,549.735633471401,543.32815096008,-6.40748251132118,4.52441411240932,36.4175570051364,35.8835323338062,-0.534024671330258,5.85055535922934,52.4619731786368,56.9053220315752,4.44334885293836,5.38750845474244,82.0705415202428,77.4398060177114,-4.63073550253137,6.36909702386249,16.0444161735004,21.021789697769,4.97737352426861,5.15727472549658,45.6529845151064,41.5562736839053,-4.09671083120111,5.37443676522787,29.608568341606,20.5344839861363,-9.07408435546972,5.51474825602498
books_h,FIN,36,444.930805523514,432.95973454126,-11.9710709822542,4.18248097764645,479.885711177526,469.261437412199,-10.6242737653268,4.04396856926258,496.686471606664,482.25511429794,-14.4313573087238,4.10349443933733,520.773706037914,501.110284116158,-19.6634219217563,4.12556045175858,34.9549056540116,36.301702870939,1.34679721692743,5.1995223703035,51.7556660831499,49.2953797566804,-2.46028632646954,4.98773395540827,75.8429005144001,68.150549574898,-7.69235093950209,4.92704708773622,16.8007604291383,12.9936768857414,-3.80708354339697,4.8176301911307,40.8879948603886,31.8488467039591,-9.03914815642952,4.71660276660324,24.0872344312502,18.8551698182177,-5.23206461303255,4.25609056093087
books_h,FRA,36,412.498150464789,403.595856544334,-8.90229392045507,5.15997459130595,463.701509812385,450.65206776925,-13.0494420431351,4.85597807738795,493.514103250544,481.137079637866,-12.3770236126784,5.08526939889005,528.929725444684,505.960260852397,-22.9694645922872,5.31180535034077,51.2033593475956,47.0562112249156,-4.14714812267999,5.07786154684486,81.0159527857551,77.5412230935317,-3.47472969222338,5.75222526108691,116.431574979895,102.364404308063,-14.0671706718321,6.33589605790673,29.8125934381595,30.4850118686161,0.672418430456617,4.94502157715538,65.2282156322993,55.3081930831472,-9.92002254915212,5.71094490447274,35.4156221941398,24.8231812145311,-10.5924409796087,5.02500727588725
books_h,GBR,36,439.569065341322,437.150723615149,-2.41834172617297,4.15840411197322,481.536522481373,479.56121435315,-1.97530812822282,4.39153942263179,506.819072202241,506.018519792313,-0.800552409928969,4.38362300604608,540.817624938643,537.176490802695,-3.64113413594805,6.14601719053467,41.967457140051,42.4104907380011,0.443033597950148,5.12388494950131,67.2500068609195,68.8677961771635,1.617789316244,5.20032913142267,101.248559597321,100.025767187546,-1.22279240977508,6.86112358415231,25.2825497208686,26.4573054391624,1.17475571829385,5.15829762526333,59.2811024572702,57.615276449545,-1.66582600772523,6.39728862515876,33.9985527364016,31.1579710103825,-2.84058172601908,6.36689801055665
books_h,GRC,36,394.136970467434,383.602206813638,-10.5347636537959,4.69574125999483,424.367378070529,412.782072295744,-11.5853057747851,4.89727974282491,441.48693837423,440.77364719746,-0.713291176769872,4.75506810186602,462.329839351423,463.020202930894,0.690363579471296,5.71766229143879,30.230407603095,29.1798654821058,-1.05054212098918,5.22672916712919,47.3499679067957,57.1714403838218,9.82147247702608,5.43547642533564,68.1928688839886,79.4179961172558,11.2251272332672,6.34552570964554,17.1195603037007,27.991574901716,10.8720145980153,5.06398144352568,37.9624612808936,50.23813063515,12.2756693542564,5.59657128219217,20.8429009771929,22.246555733434,1.40365475624117,5.49835968144925
books_h,HUN,36,401.579816895011,395.51581621194,-6.0640006830709,6.05331968814489,466.675553586441,457.308594257859,-9.36695932858271,4.9940962911052,498.954227232593,480.175496292707,-18.7787309398858,4.94876531502414,525.802599054449,508.236852813205,-17.5657462412435,5.75895533482422,65.09573669143,61.7927780459182,-3.30295864551181,6.55203109119092,97.3744103375815,84.6596800807666,-12.7147302568149,7.19976692303159,124.222782159438,112.721036601265,-11.5017455581726,8.18083692468914,32.2786736461515,22.8669020348484,-9.4117716113031,5.51460338220338,59.1270454680076,50.9282585553468,-8.19878691266081,6.87933386292663,26.8483718218561,28.0613565204984,1.21298469864229,5.75527079900169
books_h,IRL,36,448.232680365932,435.594970504392,-12.6377098615403,4.25523552178878,488.273454148232,476.113919244941,-12.1595349032914,3.77359712042156,505.111464447882,495.586725362585,-9.52473908529652,4.21359489253501,527.65829079169,515.907907649362,-11.7503831423278,3.8879341449088,40.0407737822996,40.5189487405485,0.478174958248872,4.44744041355972,56.8787840819492,59.991754858193,3.1129707762438,5.13761972692367,79.4256104257573,80.3129371449699,0.887326719212524,5.2926756777309,16.8380102996496,19.4728061176446,2.63479581799493,4.77745860238134,39.3848366434577,39.7939884044214,0.409151760963653,4.76370279077951,22.5468263438081,20.3211822867768,-2.22564405703127,4.8310451741399
books_h,ISL,36,424.714326276353,409.560423977443,-15.1539022989098,4.30437966848889,455.8978944825,448.809097373462,-7.0887971090383,4.70153431916111,470.40322036397,464.210391920975,-6.19282844299477,4.93571505600632,488.469724442559,483.714432067586,-4.75529237497261,4.36877024464976,31.1835682061468,39.2486733960183,8.06510518987153,6.36854736062687,45.6888940876168,54.6499679435318,8.96107385591506,6.1475330577511,63.7553981662055,74.1540080901427,10.3986099239372,6.59653117226412,14.50532588147,15.4012945475135,0.89596866604353,6.92490009857318,32.5718299600587,34.9053346941244,2.33350473406568,6.60458329389987,18.0665040785887,19.5040401466109,1.43753606802215,6.76549840241271
books_h,ISR,36,401.61531896082,389.706729429611,-11.9085895312087,5.693345314019,453.327144879788,432.404239766113,-20.9229051136753,5.64125377123736,482.530111840627,463.189809554717,-19.3403022859099,6.35548512908631,502.371689953467,475.295854629765,-27.0758353237027,8.12768786740968,51.7118259189688,42.6975103365023,-9.01431558246657,5.71318705381305,80.9147928798078,73.4830801251066,-7.43171275470121,6.89689955937862,100.756370992648,85.5891252001537,-15.167245792494,9.41388611984615,29.202966960839,30.7855697886043,1.58260282776536,6.69587118515233,49.0445450736789,42.8916148636515,-6.15293021002748,8.55504001635408,19.84157811284,12.1060450750471,-7.73553303779283,8.95714405766071
books_h,ITA,36,426.771731107565,418.145111208389,-8.62661989917586,4.59857215220935,466.742789607439,463.914049763087,-2.82873984435179,5.58342243797881,484.990196709245,484.995876672576,0.00567996333097653,5.46262880108802,508.579609752906,506.117243616557,-2.46236613634926,6.4026226303834,39.9710584998738,45.7689385546979,5.79788005482408,5.4841708762123,58.2184656016805,66.8507654641873,8.63229986250684,6.05570371594065,81.8078786453412,87.9721324081678,6.1642537628266,6.83487641122256,18.2474071018067,21.0818269094895,2.83441980768276,5.76574728038512,41.8368201454674,42.2031938534699,0.366373708002527,5.81722790259794,23.5894130436607,21.1213669439805,-2.46804609968024,5.94205242383809
books_h,JPN,36,498.4404801573,485.939461500322,-12.501018656978,6.62761910789178,535.331311783025,523.139275967913,-12.1920358151129,6.04475595565947,548.990578775557,539.157337080338,-9.83324169521927,6.01802411881141,561.057714366055,559.042588276707,-2.01512608934786,6.72319158342165,36.8908316257258,37.1998144675909,0.308982841865088,6.67010616050319,50.5500986182572,53.2178755800159,2.66777696175876,6.85750362711622,62.6172342087554,73.1031267763855,10.4858925676302,7.47466540401171,13.6592669925313,16.018061112425,2.35879411989367,5.55861360348534,25.7264025830295,35.9033123087946,10.1769097257651,5.451574275522,12.0671355904982,19.8852511963696,7.81811560587141,5.32109622580034
books_h,KOR,36,480.937351848005,484.294675370214,3.35732352220958,7.9645865793807,521.411862748882,512.242756553164,-9.16910619571786,6.97876211115148,546.379025166782,540.581937351803,-5.79708781497891,7.05901372303865,562.901566515824,557.700019427384,-5.20154708844041,7.40122204582119,40.4745109008774,27.9480811829499,-12.5264297179274,8.36927093798683,65.4416733187777,56.2872619815892,-9.15441133718849,7.84331770960257,81.9642146678198,73.4053440571698,-8.55887061064999,9.2424149207696,24.9671624179003,28.3391807986393,3.37201838073895,6.79858080086886,41.4897037669424,45.4572628742199,3.96755910727745,7.98899282104418,16.5225413490421,17.1180820755806,0.595540726538502,7.2774154174853
books_h,LTU,36,429.445608602697,432.5461880672,3.10057946450354,3.90691772078464,466.015401774706,465.301946113044,-0.713455661661442,4.12091536469699,488.650959095684,485.022374113635,-3.62858498204901,3.80472202953786,519.001967833576,501.618997342048,-17.3829704915276,4.60864875366261,36.5697931720089,32.755758045844,-3.81403512616498,4.69983681174289,59.2053504929876,52.476186046435,-6.72916444655255,4.85450492992924,89.5563592308793,69.0728092748481,-20.4835499560311,6.00394873272966,22.6355573209787,19.7204280005911,-2.91512932038756,4.65670760951147,52.9865660588703,36.3170512290042,-16.6695148298662,5.64440685649083,30.3510087378917,16.5966232284131,-13.7543855094786,5.60308254991348
books_h,LVA,36,448.185954680271,425.391981243917,-22.7939734363543,4.40110601296916,479.666895591111,455.358140051368,-24.3087555397433,4.38174622415709,493.215806394259,473.860175810551,-19.3556305837085,3.85512574935221,512.904903382121,491.635154905254,-21.2697484768671,3.61753288450284,31.4809409108395,29.9661588074505,-1.51478210338905,5.13144794993586,45.0298517139876,48.4681945666334,3.4383428526458,5.22109175221029,64.7189487018496,66.2431736613368,1.52422495948724,5.02398496696166,13.5489108031481,18.5020357591829,4.95312495603486,5.30182861960718,33.23800779101,36.2770148538863,3.03900706287629,4.91631093179684,19.6890969878619,17.7749790947034,-1.91411789315856,4.8282908515064
books_h,MEX,36,375.982143895784,363.462205799132,-12.519938096652,3.50005755106822,387.160343637921,381.739931043177,-5.42041259474365,3.12453649219154,401.239358571965,394.272627817493,-6.96673075447166,4.74171628334939,416.690064229827,412.874295126467,-3.81576910336008,5.45583052859505,11.1781997421371,18.2777252440454,7.09952550190832,4.13834878561097,25.257214676181,30.8104220183614,5.55320734218032,4.79243201665361,40.7079203340434,49.4120893273353,8.70416899329189,5.71041459916781,14.079014934044,12.532696774316,-1.546318159728,4.99675822673232,29.5297205919063,31.1343640832899,1.60464349138357,5.93569589286262,15.4507056578623,18.6016673089739,3.15096165111157,5.04712438364997
books_h,NLD,36,428.897193297997,427.900973010591,-0.996220287406459,7.70229063705162,486.023032868539,475.995914104674,-10.0271187638644,6.56280976803269,519.562694944337,506.028428282108,-13.5342666622288,5.56331227600168,543.826864861196,530.251200205537,-13.5756646556595,6.35320970434733,57.1258395705418,48.0949410940839,-9.03089847645793,6.90801846391281,90.66550164634,78.1274552715176,-12.5380463748224,7.73541761352048,114.929671563199,102.350227194946,-12.579444368253,9.15926790586231,33.5396620757982,30.0325141774337,-3.50714789836445,6.57777127059597,57.8038319926575,54.2552861008625,-3.54854589179507,8.50250878712941,24.2641699168594,24.2227719234288,-0.0413979934306212,7.219087139664
books_h,NOR,36,422.035954364611,412.116698387786,-9.91925597682547,4.39882987452574,468.412555614741,449.62428871967,-18.7882668950714,4.17912788742602,487.819732845526,469.33635273261,-18.4833801129161,4.50055923492282,502.750202871692,487.407801027334,-15.3424018443587,4.49575643405327,46.3766012501301,37.5075903318841,-8.86901091824598,5.35717954810876,65.7837784809145,57.2196543448239,-8.56412413609058,4.92681634224747,80.7142485070812,75.291102639548,-5.42314586753327,5.54857814055298,19.4071772307844,19.7120640129398,0.304886782155393,5.60844970467463,34.3376472569511,37.7835123076638,3.44586505071271,5.28565277611914,14.9304700261667,18.0714482947241,3.14097826855732,5.40988962057858
books_h,NZL,36,427.57159068499,430.580373528994,3.00878284400437,5.00599036300753,478.406832728555,480.514941807869,2.10810907931369,5.08501974917184,495.408905164537,494.697238571579,-0.711666592958409,4.97810491847272,521.718729411697,523.419847703675,1.70111829197765,4.88610779250941,50.8352420435655,49.9345682788749,-0.90067376469068,6.44954259573927,67.8373144795476,64.1168650425848,-3.72044943696278,6.31379830639047,94.1471387267076,92.8394741746809,-1.30766455202672,7.15987188582726,17.0020724359821,14.18229676371,-2.8197756722721,6.79157038840756,43.3118966831421,42.9049058958061,-0.406990787336042,6.74048511231499,26.30982424716,28.7226091320961,2.41278488493606,6.44669266138688
books_h,POL,36,444.827931036033,439.308403858248,-5.51952717778534,5.05150647497543,479.339159306299,478.705366813257,-0.633792493041995,4.61365644457954,505.29683042874,501.899839023953,-3.39699140478734,4.47967766147764,529.423154810999,525.86028794449,-3.56286686650935,5.74648294712547,34.5112282702658,39.3969629550091,4.88573468474334,5.31248861609917,60.4688993927068,62.5914351657048,2.12253577299799,6.21653929256788,84.5952237749662,86.5518840862422,1.95666031127598,7.61592876293582,25.957671122441,23.1944722106956,-2.76319891174535,4.98998825069333,50.0839955047004,47.154921131233,-2.92907437346736,6.17414487785943,24.1263243822594,23.9604489205374,-0.16587546172201,5.6880479808636
books_h,PRT,36,418.695994429597,409.254954423257,-9.44104000634024,5.16026297903785,459.908605044856,448.066110433074,-11.8424946117817,7.83736644741932,490.808641600451,480.12883439676,-10.6798072036917,4.09220774622719,520.587439406006,504.98472785054,-15.6027115554659,5.47026807423021,41.2126106152587,38.8111560098172,-2.40145460544142,6.46789131544596,72.1126471708543,70.8738799735028,-1.23876719735148,5.29757556387254,101.891444976409,95.7297734272833,-6.16167154912563,6.40688123221927,30.9000365555956,32.0627239636855,1.16268740808994,7.49089210205227,60.6788343611502,56.918617417466,-3.76021694368421,7.59038481280126,29.7787978055546,24.8558934537805,-4.92290435177415,5.98685166346489
books_h,SVK,36,383.748835991972,394.214827812599,10.4659918206271,6.70102640315673,463.151583876777,471.286707221135,8.13512334435745,6.00167814308389,495.954569794535,495.201073167994,-0.753496626541221,5.12131324390761,516.513107385954,520.934553415161,4.42144602920666,5.53657632616773,79.4027478848047,77.0718794085351,-2.33086847626964,7.3107154050527,112.205733802563,100.986245355394,-11.2194884471683,8.05771730151607,132.764271393982,126.719725602562,-6.04454579142043,8.81973289413229,32.8029859177581,23.9143659468594,-8.88861997089867,6.21483166866503,53.3615235091775,49.6478461940267,-3.71367731515079,7.09627785118127,20.5585375914194,25.7334802471673,5.17494265574788,6.17510051833325
books_h,SVN,36,435.031343264924,410.271467212996,-24.7598760519279,3.65244231793645,477.413129496842,459.144658986097,-18.2684705107454,4.16147318279691,499.694380244993,474.891745429798,-24.8026348151949,3.90028506179267,527.100422569713,502.232989691237,-24.8674328784764,3.7733401749546,42.3817862319185,48.8731917731009,6.49140554118247,5.21476815685798,64.663036980069,64.620278216802,-0.0427587632669884,5.3838499455829,92.0690793047892,91.9615224782407,-0.107556826548489,5.62493993730959,22.2812507481506,15.7470864437011,-6.53416430444946,5.95030220778685,49.6872930728708,43.0883307051398,-6.59896236773096,5.9094816623336,27.4060423247202,27.3412442614387,-0.0647980632815006,5.87424007640737
books_h,SWE,36,428.441749500941,413.691665992767,-14.7500835081743,4.42887326874296,477.083001877374,455.954007405812,-21.1289944715621,5.45874206953999,499.751938259145,487.599602258853,-12.1523360002919,4.43165053279903,526.773026153294,510.286123107836,-16.4869030454586,4.85432860969185,48.6412523764332,42.2623414130454,-6.3789109633878,5.84795354558022,71.3101887582036,73.9079362660859,2.59774750788233,5.68736668242094,98.3312766523532,96.5944571150689,-1.73681953728436,6.46104579149051,22.6689363817704,31.6455948530406,8.97665847127013,5.70827517801099,49.6900242759201,54.3321157020235,4.64209142610343,5.6185431320829,27.0210878941496,22.6865208489829,-4.33456704516669,5.68294630983984
books_h,TUR,36,401.909044553766,413.413758249857,11.5047136960904,4.0969868779833,443.933796964299,451.833718936822,7.89992197252337,4.34075815458797,470.135181623757,473.334247058413,3.19906543465606,4.35086467844322,496.847722589868,508.592367223797,11.7446446339292,4.73277479366793,42.0247524105327,38.4199606869656,-3.60479172356708,4.44337161743924,68.2261370699907,59.9204888085563,-8.30564826143439,5.18117861579298,94.9386780361015,95.1786089739402,0.239930937838722,5.9949755400852,26.201384659458,21.5005281215907,-4.70085653786731,5.20831728192423,52.9139256255688,56.7586482869746,3.8447226614058,5.82945448813399,26.7125409661109,35.258120165384,8.54557919927311,5.64930271941499
books_h,USA,36,410.069568513412,406.339530210451,-3.73003830296068,6.34030773226685,450.591811784674,450.741991044777,0.150179260102846,10.895819685524,482.34675659597,486.898949780245,4.5521931842755,13.0883360270694,516.591898933199,506.946808120433,-9.64509081276606,13.1258871798587,40.5222432712625,44.4024608343261,3.88021756306352,10.8224616666041,72.2771880825582,80.5594195697944,8.28223148723617,13.7420532839305,106.522330419787,100.607277909982,-5.91505250980538,13.7434922327141,31.7549448112957,36.1569587354683,4.40201392417265,11.8497175919472,66.0000871485248,56.2048170756559,-9.7952700728689,11.657744344411,34.2451423372291,20.0478583401875,-14.1972839970416,9.35860835928248
books_h,OECD,36,426.453998262367,419.364784080933,-7.08921418143376,0.872401017888281,469.400115581801,460.523232297849,-8.87688328395262,0.879446634912346,491.283757806784,482.638879397062,-8.64487840972214,0.87090919464109,516.08949165162,505.664911343988,-10.4245803076318,0.96162924183026,42.9461173194343,41.1584482169154,-1.78766910251886,0.941656815312273,64.8297595444171,63.2740953161288,-1.55566422828838,1.02376352383513,89.6354933892532,86.3001272630551,-3.33536612619804,1.17852600686204,21.8836422249829,22.1156470992133,0.232004874230483,0.904115934576116,46.6893760698189,45.1416790461397,-1.54769702367918,1.06925304023958,24.805733844836,23.0260319469264,-1.77970189790966,1.04877360611473
books_h,OECD35,35,426.518743744032,419.49142488796,-7.02731885607182,0.894392200836374,469.385864588563,460.641690755776,-8.74417383278762,0.904350349975033,491.320166259401,482.851294434376,-8.46887182502576,0.896554022691137,516.20827145939,506.038607022954,-10.1696644364355,0.982812406593325,42.8671208445311,41.1502658678153,-1.71685497671581,0.971754249330951,64.801422515369,63.3598695464151,-1.44155296895394,1.04544718751216,89.6895277153573,86.5471821349936,-3.14234558036372,1.20716711206682,21.9343016708378,22.2096036785997,0.275302007761866,0.922223379495564,46.8224068708262,45.3969162671783,-1.42549060364792,1.09230926197067,24.8881051999883,23.1873125885786,-1.70079261140978,1.06949542704741
escs_cc,AUS,36,443.692274466842,444.939401999391,1.24712753254875,3.2421150908829,477.501303447719,477.270457447982,-0.230845999737483,4.15925272479829,508.258025483012,508.462308366743,0.204282883731196,3.82215745694037,543.823571179844,522.601959897521,-21.2216112823237,3.98402761691071,33.8090289808771,32.3310554485909,-1.47797353228623,4.84525841174764,64.5657510161702,63.5229063673526,-1.04284464881755,4.57001003063661,100.131296713002,77.6625578981299,-22.4687388148724,4.77855190295058,30.7567220352931,31.1918509187618,0.435128883468678,4.35112992758542,66.3222677321252,45.331502449539,-20.9907652825862,4.6177424760756,35.5655456968321,14.1396515307773,-21.4258941660549,4.02005508954495
escs_cc,AUT,36,446.850611932726,446.478779487452,-0.371832445273526,4.95892087235082,479.636739324394,481.736636987976,2.09989766358171,4.95301228350123,514.446790755893,504.196176976868,-10.2506137790245,4.40471128755399,545.568901628214,524.699614049843,-20.8692875783707,3.95792732902475,32.7861273916683,35.2578575005235,2.47173010885524,5.78170845168697,67.596178823167,57.7173974894161,-9.87878133375096,5.44444645846382,98.7182896954883,78.2208345623911,-20.4974551330972,5.62031090648214,34.8100514314987,22.4595399888925,-12.3505114426062,5.45624748648255,65.93216230382,42.9629770618676,-22.9691852419525,5.50448713769459,31.1221108723213,20.503437072975,-10.6186737993463,4.539869376155
escs_cc,BEL,36,442.271227860479,455.834818689775,13.5635908292956,4.57136418578492,479.713094425541,490.65528749069,10.9421930651491,4.69348121498163,516.275894131571,524.797691880947,8.52179774937588,4.6332364007216,555.015497523964,542.771885559316,-12.2436119646488,4.72526436344402,37.4418665650617,34.8204688009151,-2.62139776414654,5.49592405531608,74.0046662710919,68.9628731911722,-5.04179307991973,5.77829447609453,112.744269663485,86.9370668695409,-25.8072027939444,6.24858680724363,36.5627997060302,34.142404390257,-2.42039531577319,4.97987996536826,75.3024030984236,52.1165980686257,-23.1858050297979,5.80949885344204,38.7396033923934,17.9741936783687,-20.7654097140247,5.02700039912215
escs_cc,CAN,36,466.06362488257,463.437810881143,-2.62581400142744,3.31417441355711,491.242172437412,494.458225789713,3.21605335230095,3.43262750968052,516.542087936952,520.649352887899,4.10726495094787,3.24297291768783,541.381384221064,521.7267576169,-19.6546266041646,4.02828806156534,25.1785475548417,31.0204149085701,5.84186735372839,4.46387679941737,50.4784630543815,57.2115420067568,6.73307895237531,4.17241518877598,75.3177593384941,58.2889467357569,-17.0288126027372,4.69908780692711,25.2999154995397,26.1911270981867,0.891211598646919,4.03315311656642,50.1392117836523,27.2685318271868,-22.8706799564656,4.42077943592406,24.8392962841126,1.07740472900014,-23.7618915551125,4.14519249523516
escs_cc,CHE,36,460.825195588091,467.603511274104,6.77831568601351,4.89045777397377,500.205925945936,501.411826129316,1.20590018338021,5.29406747610621,531.114258966839,534.168554162254,3.05429519541519,5.24911969336884,573.747380680527,561.189443430814,-12.5579372497126,4.80796611861193,39.3807303578456,33.8083148552122,-5.57241550263331,5.6857331854862,70.2890633787487,66.5650428881504,-3.72402049059832,6.45547991822835,112.922185092436,93.5859321567101,-19.3362529357261,6.60824459238123,30.9083330209032,32.7567280329382,1.84839501203498,6.12674730578868,73.5414547345907,59.7776173014979,-13.7638374330928,5.80126920990703,42.6331217136875,27.0208892685597,-15.6122324451278,5.91918896457512
escs_cc,CHL,36,389.727968281817,384.998638629603,-4.72932965221412,4.18040595159117,407.116442754155,398.983228693371,-8.13321406078433,4.10208704412664,420.81415516914,418.109737451786,-2.70441771735364,4.42016631741216,458.374486342896,454.973895278473,-3.40059106442322,4.82436442321504,17.3884744723378,13.9845900637675,-3.40388440857021,5.22897761417737,31.0861868873224,33.1110988221829,2.02491193486048,5.20030939381055,68.6465180610786,69.9752566488695,1.32873858779089,6.56534552430077,13.6977124149847,19.1265087584154,5.42879634343069,5.22037525093471,51.2580435887409,55.990666585102,4.7326229963611,5.41411371509849,37.5603311737562,36.8641578266866,-0.696173347069589,5.45578086079004
escs_cc,COL,36,353.828241693178,356.255614611127,2.42737291794896,4.15733458189824,372.058365179936,379.96004933202,7.90168415208342,4.34547545677088,388.003524518838,398.247617782229,10.2440932633911,5.78781716898608,432.508565279704,437.098685303074,4.59012002337062,8.79231903588559,18.2301234867582,23.7044347208927,5.47431123413446,5.01722037049742,34.1752828256605,41.9920031711026,7.81672034544209,6.10125489436404,78.6803235865259,80.8430706919476,2.16274710542166,9.77146426546811,15.9451593389023,18.2875684502099,2.34240911130763,5.01525985501187,60.4502000997677,57.1386359710549,-3.3115641287128,9.01275068190598,44.5050407608654,38.851067520845,-5.65397324002043,7.82125434817924
escs_cc,CZE,36,432.266338146078,440.914264414346,8.64792626826801,4.70827040912897,480.943232297506,474.458517118399,-6.48471517910627,4.61699125830126,505.01488360679,501.901965667936,-3.11291793885403,4.76491270171037,548.671626428584,535.463025052499,-13.2086013760853,5.33401892070664,48.6768941514275,33.5442527040532,-15.1326414473743,5.23089271836035,72.7485454607119,60.9877012535899,-11.760844207122,5.5496263201777,116.405288282506,94.5487606381529,-21.8565276443533,7.03788520211365,24.0716513092845,27.4434485495367,3.37179724025225,5.25752918446533,67.7283941310787,61.0045079340997,-6.72388619697904,5.93229181593195,43.6567428217943,33.561059384563,-10.0956834372313,6.05092642476057
escs_cc,DEU,36,442.682251547686,436.365878238007,-6.31637330967919,5.20115191781078,475.11153934068,479.580035135177,4.46849579449736,5.8536947567299,501.771520835196,505.627682892831,3.85616205763495,6.08127330951288,546.991232604878,540.750120141989,-6.24111246288862,5.05419015926901,32.4292877929941,43.2141568971707,10.7848691041766,6.63169573235122,59.0892692875097,69.2618046548238,10.1725353673141,6.85254719350967,104.308981057192,104.384241903983,0.0752608467905702,6.87696109728765,26.6599814945156,26.0476477576532,-0.612333736862411,6.6215080827312,71.879693264198,61.170085006812,-10.709608257386,6.65904396012186,45.2197117696824,35.1224372491589,-10.0972745205236,6.18816768039844
escs_cc,DNK,36,457.70523675136,456.016338233836,-1.68889851752334,4.06582900078398,482.189287741316,473.264802539411,-8.92448520190533,5.01632827502364,511.392125090681,502.908257330207,-8.48386776047386,5.50894665686044,525.881256736174,508.948875461585,-16.932381274589,5.51648690105461,24.4840509899566,17.2484643055747,-7.23558668438199,6.20190366119728,53.6868883393212,46.8919190963707,-6.79496924295052,5.91201110905645,68.1760199848141,52.9325372277484,-15.2434827570657,6.71474730966467,29.2028373493646,29.6434547907961,0.440617441431471,6.94964870015938,43.6919689948575,35.6840729221738,-8.00789607268371,6.53937725291261,14.4891316454929,6.0406181313777,-8.44851351411518,7.48062578647726
escs_cc,ESP,36,439.159249157285,428.975199251271,-10.1840499060132,3.11431040644959,462.060855560496,453.379037508427,-8.68181805206848,3.11762878428763,489.285676018374,483.216327583766,-6.06934843460778,2.84728197189153,522.905963639243,498.705022258859,-24.2009413803841,2.91296733967645,22.9016064032109,24.4038382571557,1.50223185394475,3.6612575408777,50.1264268610889,54.2411283324944,4.11470147140545,3.55738449579644,83.7467144819585,69.7298230075877,-14.0168914743709,3.9714952803659,27.224820457878,29.8372900753387,2.6124696174607,3.07893982119298,60.8451080787476,45.325984750432,-15.5191233283156,3.39214343171253,33.6202876208696,15.4886946750933,-18.1315929457763,3.00010863184802
escs_cc,EST,36,475.541989877772,470.996141708376,-4.54584816939621,4.25607312336786,498.584501157059,500.911803063077,2.32730190601745,4.61060368474817,524.368795255381,533.391944698315,9.02314944293425,4.68850748617773,556.675528872841,546.713939230271,-9.96158964256983,4.63391824961957,23.0425112792872,29.9156613547008,6.87315007541366,5.43282530574843,48.8268053776093,62.3958029899398,13.5689976123305,5.70400502423132,81.1335389950693,75.7177975218957,-5.41574147317363,6.3208012199237,25.7842940983221,32.4801416352389,6.6958475369168,5.22785591238237,58.0910277157822,45.8021361671949,-12.2888915485873,5.59911931308128,32.3067336174601,13.321994531956,-18.9847390855041,5.01053903052796
escs_cc,FIN,36,450.365412011616,445.329212545214,-5.03619946640197,3.70595751173418,474.534222927065,467.433032731318,-7.10119019574677,3.73889457708706,502.043165850834,497.765754450414,-4.27741140041974,4.13897951547056,532.717698670097,513.071264582802,-19.6464340872952,4.08298716709631,24.1688109154482,22.1038201861034,-2.0649907293448,4.36027619258971,51.6777538392176,52.4365419051999,0.75878806598223,4.46804986744861,82.3522866584806,67.7420520375873,-14.6102346208933,5.00413190702813,27.5089429237694,30.3327217190965,2.82377879532703,4.67180022374327,58.1834757430324,45.6382318514839,-12.5452438915485,4.76333037834473,30.6745328192629,15.3055101323874,-15.3690226868755,5.05164862591718
escs_cc,FRA,36,432.324743494808,434.923161008282,2.59841751347494,4.89046707758444,467.481661385731,462.701268461229,-4.780392924502,4.8058086083377,495.779577660993,492.650023905738,-3.12955375525473,5.87195424784582,540.919014564399,521.729062572308,-19.1899519920916,5.00792214104087,35.1569178909231,27.7781074529462,-7.37881043797694,5.30657504373874,63.4548341661856,57.7268628974559,-5.72797126872968,6.47651514409427,108.594271069592,86.8059015640252,-21.7883695055665,6.09750633112971,28.2979162752624,29.9487554445097,1.65083916924726,5.98001319446635,73.4373531786686,59.027794111079,-14.4095590675896,5.60761579395658,45.1394369034061,29.0790386665693,-16.0603982368368,5.22931631870603
escs_cc,GBR,36,463.607434841499,461.993441586802,-1.61399325469654,4.63975263904358,486.901220715923,494.045271520912,7.14405080498909,4.92412262057208,503.441227874027,517.752612054529,14.3113841805022,5.06391849624691,550.715395217411,549.03523620403,-1.68015901338117,6.94108825187457,23.2937858744248,32.0518299341105,8.75804405968563,6.2291277343626,39.8337930325284,55.7591704677271,15.9253774351987,6.53284661904725,87.1079603759127,87.0417946172281,-0.0661657586846332,8.24002651947063,16.5400071581036,23.7073405336166,7.16733337551307,6.13675784631431,63.8141745014879,54.9899646831176,-8.82420981837026,7.87490024216819,47.2741673433843,31.282624149501,-15.9915431938833,6.72826327744127
escs_cc,GRC,36,401.931942089735,395.964807186767,-5.9671349029673,5.18631085119844,419.214772121447,419.216813024893,0.00204090344601582,4.32253275172669,442.349701490127,449.273552567347,6.92385107722055,5.89447515028235,478.019796611301,472.358713759545,-5.66108285175585,5.50396872566916,17.2828300317125,23.2520058381258,5.96917580641332,5.94656544607374,40.417759400392,53.3087453805799,12.8909859801879,6.19377908276988,76.087854521566,76.3939065727774,0.306052051211452,6.7379079417136,23.1349293686795,30.0567395424541,6.92181017377453,5.66075646015938,58.8050244898535,53.1419007346517,-5.66312375520187,6.06306405107142,35.670095121174,23.0851611921976,-12.5849339289764,6.43887729440711
escs_cc,HUN,36,419.739906950012,418.436642414799,-1.30326453521229,5.44613801240043,461.0889283061,455.199255442759,-5.88967286334037,5.17593850342634,494.009133777826,484.584902456049,-9.42423132177692,5.30634406074302,538.244631425999,518.662082259951,-19.5825491660482,6.35550569133074,41.349021356088,36.7626130279599,-4.58640832812807,6.39520393573188,74.2692268278146,66.14826004125,-8.12096678656462,7.11653371276514,118.504724475987,100.225439845151,-18.2792846308359,8.60944614384826,32.9202054717266,29.3856470132901,-3.53455845843655,5.62863465301081,77.1557031198991,63.4628268171912,-13.6928763027079,7.28637217494798,44.2354976481724,34.0771798039011,-10.1583178442713,6.48892391060275
escs_cc,IRL,36,459.443654099191,452.897439646083,-6.54621445310772,3.86942976434381,481.198147805407,473.918017769524,-7.28013003588228,4.23939424169743,504.58216442455,500.609709794278,-3.97245463027144,3.94751146695378,531.872269393638,521.739352389192,-10.1329170044465,4.3658069930976,21.7544937062158,21.0205781234412,-0.733915582774557,5.17945165089605,45.1385103253589,47.7122701481952,2.57375982283628,5.18677440103255,72.4286152944472,68.8419127431084,-3.58670255133882,5.15555111859323,23.3840166191432,26.691692024754,3.30767540561084,5.25347202614648,50.6741215882314,47.8213346196672,-2.85278696856426,5.46289680900611,27.2901049690883,21.1296425949132,-6.1604623741751,5.03455767656597
escs_cc,ISL,36,429.664894620043,441.208263368362,11.5433687483194,4.72398711233431,462.441750751082,462.518965526915,0.0772147758326582,5.2580015106946,473.533093384723,481.412116852686,7.87902346796363,4.46028505071658,500.43327545429,494.475414206019,-5.957861248271,4.89777035222336,32.7768561310389,21.3107021585522,-11.4661539724867,7.15604908490318,43.8681987646797,40.2038534843239,-3.66434528035575,6.13367107792443,70.7683808342471,53.2671508376567,-17.5012299965904,6.95571648520961,11.0913426336408,18.8931513257717,7.80180869213098,6.65732324872103,37.9915247032082,31.9564486791045,-6.03507602410366,7.15617673094923,26.9001820695675,13.0632973533328,-13.8368847162346,6.23907939189732
escs_cc,ISR,36,407.283278986673,414.21941784075,6.93613885407666,5.77646906194482,451.382787425122,461.883719895331,10.5009324702096,6.98439437180896,497.724478072254,487.784191350933,-9.94028672132066,7.54462295733506,532.834068483841,501.492106927997,-31.3419615558438,6.41718494773713,44.0995084384487,47.6643020545816,3.56479361613293,7.26895803669457,90.4411990855811,73.5647735101838,-16.8764255753973,8.4713524559126,125.550789497168,87.2726890872473,-38.2781004099205,8.07162527995215,46.3416906471324,25.9004714556022,-20.4412191915303,7.98763016796497,81.451281058719,39.6083870326656,-41.8428940260534,8.35787397143165,35.1095904115866,13.7079155770635,-21.4016748345231,7.48867806100316
escs_cc,ITA,36,433.554440103412,438.232727809455,4.67828770604308,4.65334241250368,464.381707770794,468.714449173103,4.33274140230901,5.38044452798826,483.517333288811,487.168230635441,3.65089734663013,5.76555286449043,516.299622922718,513.908797569092,-2.39082535362627,6.37688661456239,30.8272676673823,30.4817213636482,-0.345546303734068,5.98117801169884,49.9628931853995,48.9355028259865,-1.02739035941295,6.41859643393874,82.7451828193069,75.6760697596376,-7.06911305966935,7.27722401120563,19.1356255180172,18.4537814623383,-0.68184405567888,5.39063346305024,51.9179151519247,45.1943483959894,-6.72356675593528,6.80898923126105,32.7822896339075,26.7405669336511,-6.0417227002564,5.44876507250629
escs_cc,JPN,36,498.297526904172,491.62422484256,-6.67330206161199,7.06295122917016,529.257866556722,522.119295885532,-7.13857067119045,5.97478107578324,552.046228079387,548.327893968462,-3.71833411092496,6.97293992219009,578.894377046838,569.837461748166,-9.05691529867113,7.00527761482505,30.9603396525503,30.4950710429718,-0.465268609578459,6.70538793777531,53.7487011752154,56.7036691259024,2.95496795068704,8.33476803533293,80.5968501426655,78.2132369056064,-2.38361323705914,9.48234151733019,22.7883615226651,26.2085980829306,3.42023656026549,6.49385927521027,49.6365104901153,47.7181658626346,-1.91834462748068,7.68116097762966,26.8481489674501,21.509567779704,-5.33858118774617,6.55922531633601
escs_cc,KOR,36,486.295635502711,484.260234205853,-2.03540129685757,7.09951558889963,521.769439825695,528.095807534314,6.3263677086195,6.98604830181206,542.31834701507,553.730581179634,11.412234164564,7.24049667310974,576.832190804071,574.535008054613,-2.2971827494581,7.51817115682305,35.4738043229839,43.835573328461,8.36176900547707,6.92342307189646,56.0227115123593,69.4703469737809,13.4476354614216,8.26988647108503,90.5365553013599,90.2747738487594,-0.26178145260053,9.23441634140349,20.5489071893754,25.6347736453199,5.08586645594448,7.88011530518957,55.062750978376,46.4392005202984,-8.6235504580776,8.7562442547415,34.5138437890006,20.8044268749785,-13.7094169140221,8.02935373513269
escs_cc,LTU,36,436.114179066365,451.325690123325,15.2115110569595,4.82912986621312,469.508512238132,481.02966148877,11.5211492506382,5.06337445449503,495.479986144045,509.189198550507,13.709212406462,4.59637855293286,529.913975390984,518.817841317539,-11.0961340734451,5.93671263782913,33.3943331717666,29.7039713654453,-3.69036180632128,6.26363050660392,59.3658070776803,57.8635084271828,-1.50229865049744,6.37501221334316,93.7997963246189,67.4921511942143,-26.3076451304046,7.50573871156335,25.9714739059137,28.1595370617375,2.18806315582384,6.50051581703253,60.4054631528524,37.7881798287691,-22.6172833240833,6.70343053213044,34.4339892469387,9.62864276703152,-24.8053464799071,6.16835965237595
escs_cc,LVA,36,450.675856153663,443.188206924524,-7.48764922913847,4.41989515644251,474.815810828375,470.523086761695,-4.29272406667991,4.85791274186636,501.069382601927,489.589117979983,-11.4802646219441,4.74697665461778,525.72139243127,505.048726355331,-20.6726660759391,4.47765565001371,24.1399546747122,27.3348798371708,3.19492516245856,5.63696510554016,50.3935264482648,46.4009110554592,-3.99261539280559,5.69268512511002,75.0455362776072,61.8605194308066,-13.1850168468006,5.87357194544301,26.2535717735526,19.0660312182884,-7.18754055526415,6.11550116613276,50.905581602895,34.5256395936358,-16.3799420092591,6.26852957029491,24.6520098293424,15.4596083753474,-9.19240145399499,6.43498381471525
escs_cc,MEX,36,371.708771437836,368.444697768865,-3.26407366897126,3.26180013877113,387.699949505353,384.92707786859,-2.77287163676289,3.34525765488344,399.812075753013,398.341886251458,-1.47018950155501,4.75745540810967,430.398648397329,423.680208425131,-6.71843997219827,5.38063719013156,15.9911780675172,16.4823800997256,0.491202032208378,3.92591604981347,28.1033043151773,29.8971884825936,1.79388416741625,5.04823524168828,58.6898769594932,55.2355106562662,-3.454366303227,5.91838679868443,12.1121262476601,13.4148083828679,1.30268213520787,4.59979571113659,42.698698891976,38.7531305565406,-3.94556833543538,5.66542686857361,30.5865726443159,25.3383221736727,-5.24825047064326,5.536775772068
escs_cc,NLD,36,457.050878990881,458.577593809166,1.52671481828469,5.9718630317651,480.250538071425,487.919757971183,7.66921989975782,6.75139418574057,524.447265751923,522.681922893531,-1.76534285839148,6.05284953262118,558.355937995435,548.391226486479,-9.96471150895582,5.2502118109228,23.1996590805443,29.3421641620175,6.14250508147313,7.11571349930195,67.3963867610415,64.1043290843654,-3.29205767667617,8.06290092951036,101.305059004554,89.813632677313,-11.4914263272405,8.11752932081354,44.1967276804972,34.7621649223479,-9.4345627581493,6.76843647928648,78.1053999240092,60.4714685152956,-17.6339314087136,7.43506934040535,33.908672243512,25.7093035929477,-8.19936865056434,6.25366035869664
escs_cc,NOR,36,440.664833438296,422.067192357422,-18.5976410808734,4.04788266743079,463.863199077684,457.096467130764,-6.76673194691972,4.72037083760814,486.728715791089,484.11286054309,-2.61585524799824,4.47031227348749,516.450793559677,497.707060245829,-18.7437333138477,4.95763528472661,23.198365639388,35.0292747733417,11.8309091339537,5.34931997499583,46.063882352793,62.0456681856682,15.9817858328752,5.5113639131451,75.7859601213812,75.6398678884069,-0.14609223297424,6.11094230070779,22.8655167134049,27.0163934123264,4.15087669892148,5.26316618702197,52.5875944819931,40.6105931150652,-11.9770013669279,5.77674340433589,29.7220777685882,13.5941997027388,-16.1278780658494,5.55276883114353
escs_cc,NZL,36,442.262713803333,457.80165176494,15.5389379616074,5.17505115435994,481.412875900734,486.566421411214,5.15354551048011,5.23144090320904,505.429293644754,514.514240235246,9.0849465904916,4.76456361006513,536.875776927087,541.761085001462,4.88530807437496,5.47017834825141,39.1501620974009,28.7647696462737,-10.3853924511272,6.52538106493719,63.1665798414213,56.7125884703056,-6.45399137111576,6.73435766462196,94.613063123754,83.9594332365217,-10.6536298872324,7.76063039760604,24.0164177440204,27.9478188240319,3.93140108001148,6.45515060926387,55.4629010263531,55.194663590248,-0.268237436105153,7.478620147473,31.4464832823327,27.2468447662161,-4.19963851611664,6.88363967132593
escs_cc,POL,36,449.021740585579,456.327852700715,7.30611211513599,4.15846121071781,482.269277523847,482.550867073546,0.281589549698424,4.83378631590673,506.334356400146,514.429141668641,8.09478526849546,5.60833463455094,546.294607712761,537.927330506173,-8.36727720658803,5.2649602832588,33.2475369382681,26.2230143728305,-7.02452256543756,5.3495478464687,57.3126158145661,58.1012889679256,0.788673153359468,6.62057829181515,97.2728671271818,81.5994778054578,-15.673389321724,6.74112083739201,24.065078876298,31.878274595095,7.81319571879703,5.7730378015167,64.0253301889137,55.3764634326273,-8.64886675628645,6.61208922444009,39.9602513126157,23.4981888375322,-16.4620624750835,5.94665871186557
escs_cc,PRT,36,432.033023644376,422.263207582361,-9.76981606201559,4.83312482484016,456.370721651048,453.67048225015,-2.70023940089806,5.67213614596112,485.332923726218,487.536445635758,2.20352190954054,6.62153753214685,532.128440819712,523.12202952696,-9.00641129275243,5.01713616146815,24.337698006672,31.4072746677896,7.06957666111754,5.46818560443518,53.2999000818412,65.2732380533973,11.9733379715561,6.43027796943705,100.095417175336,100.858821944599,0.763404769263161,6.73653477408024,28.9622020751692,33.8659633856078,4.9037613104386,5.74607407677295,75.757719168664,69.4515472768096,-6.30617189185438,6.91743064444655,46.7955170934948,35.5855838912019,-11.209933202293,6.83354053812732
escs_cc,SVK,36,404.024605741108,429.777788765711,25.7531830246037,6.68715777064164,464.032585897999,468.03674551033,4.0041596123304,5.63223438081786,490.598206487406,498.697813679334,8.09960719192776,5.34244544628709,532.632571798894,535.704638088187,3.07206628929316,6.30191635871683,60.0079801568916,38.2589567446182,-21.7490234122733,7.43562382343738,86.5736007462983,68.9200249136223,-17.653575832676,8.10422923673656,128.607966057786,105.926849322476,-22.6811167353106,9.28796506270764,26.5656205894068,30.6610681690041,4.09544757959736,6.93114583200823,68.5999859008948,67.6678925778575,-0.932093323037236,7.64938228341486,42.034365311488,37.0068244088534,-5.0275409026346,6.52669958932941
escs_cc,SVN,36,443.154836595467,436.525394482719,-6.62944211274885,4.35900307212624,470.920558454049,459.763769100763,-11.1567893532857,4.26104856753398,501.965539368827,491.558433669006,-10.4071056998215,4.44176473114152,535.677155442161,504.694896765824,-30.9822586763368,4.13977118122748,27.7657218585816,23.2383746180448,-4.52734724053687,5.91474058724331,58.81070277336,55.0330391862874,-3.77766358707265,6.32957410490473,92.5223188466931,68.1695022831052,-24.352816563588,6.51146378833225,31.0449809147784,31.7946645682426,0.749683653464217,6.33969764604547,64.7565969881115,44.9311276650604,-19.8254693230511,6.32297541248776,33.7116160733331,13.1364630968178,-20.5751529765153,6.22996817054366
escs_cc,SWE,36,442.502289527359,433.366750853212,-9.13553867414714,4.15804397994691,472.657653210977,468.761959729346,-3.89569348163144,4.33209541210586,505.591311596641,503.369034518361,-2.22227707827989,4.87722781820639,539.575304912019,514.383744049651,-25.1915608623677,4.85621647367318,30.1553636836179,35.3952088761336,5.2398451925157,5.23783648470517,63.0890220692813,70.0022836651485,6.91326159586726,5.81642385942147,97.0730153846594,81.0169931964388,-16.0560221882206,6.02786212756175,32.9336583856634,34.6070747890149,1.67341640335155,5.67150823294411,66.9176517010415,45.6217843203052,-21.2958673807363,5.65988544748885,33.9839933153781,11.0147095312903,-22.9692837840879,5.18627604648099
escs_cc,TUR,36,421.047444989097,427.59270054175,6.54525555265275,4.28411046493164,438.972412856058,453.155169627524,14.182756771466,3.94536669675956,454.204200078573,470.582668597661,16.3784685190875,5.23474713416163,503.404919465517,525.805265726151,22.4003462606337,5.08490866809023,17.9249678669613,25.5624690857745,7.63750121881321,5.29916667862763,33.1567550894759,42.9899680559107,9.83321296643476,6.27673034584833,82.3574744764201,98.2125651844011,15.8550907079809,6.77221644368742,15.2317872225146,17.4274989701362,2.19571174762154,5.65987297647882,64.4325066094589,72.6500960986266,8.21758948916772,6.12253127712538,49.2007193869442,55.2225971284904,6.02187774154618,6.54798305054114
escs_cc,USA,36,425.645189721749,433.064779986403,7.41959026465446,7.25644656702475,449.985176400112,457.47119179821,7.486015398098,7.75091823742449,477.52355791753,481.801869948405,4.27831203087521,14.3024169630166,527.359444367531,522.685989234524,-4.673455133007,17.6187981822342,24.3399866783632,24.4064118118068,0.0664251334435448,8.80548675097629,51.8783681957812,48.737089962002,-3.14127823377925,14.278825902704,101.714254645782,89.6212092481202,-12.0930453976615,17.962128176268,27.538381517418,24.3306781501952,-3.20770336722279,14.8684369778929,77.3742679674184,65.2147974363134,-12.159470531105,17.8697586108795,49.8358864500004,40.8841192861182,-8.95176716388221,12.5607398089227
escs_cc,OECD,36,437.473040096802,438.117485487069,0.644445390266867,0.800287409906024,467.188201022751,467.594123942319,0.4059229195679,0.922143478324248,493.143027887482,494.531717251897,1.3886893644144,0.869635370931565,529.003241804247,517.950493480114,-11.0527483241337,1.04356306812307,29.7151609259491,29.4766384552501,-0.238522470698968,1.04969030807851,55.6699877906805,56.414231764828,0.744243974147537,1.04668391787578,91.5302017074457,79.8330079930451,-11.6971937144006,1.2962213210685,25.9548268647314,26.9375933095779,0.982766444846504,1.00072035944781,61.8150407814966,50.356369537795,-11.4586712437016,1.13666676494724,35.8602139167652,23.4187762282171,-12.4414376885482,1.07591932517493
escs_cc,OECD35,35,437.424862695074,438.378693665234,0.953830970160595,0.819721366928145,467.334696607387,468.000269269001,0.665572661614647,0.945086410707643,493.253237940885,494.855014099557,1.60177615867218,0.89566482152994,529.177449751819,518.500364086435,-10.6770856653837,1.07032149143338,29.909833912313,29.621575603767,-0.288258308545949,1.0657721070093,55.8283752458116,56.4763204343232,0.647945188511585,1.07274030361787,91.7525870567454,80.1216704212011,-11.6309166355443,1.32394946009349,25.9185413334986,26.8547448305562,0.936203497057534,1.03232379972665,61.8427531444324,50.5000948174341,-11.3426583269984,1.17363284494421,35.9242118109338,23.6453499868779,-12.2788618240559,1.10557890491916
escs_h_cc,AUS,36,446.150186192933,442.720417145439,-3.42976904749423,3.45787981676482,479.164310330229,476.499333389967,-2.66497694026157,3.51050790445448,511.121667785691,508.952453075704,-2.16921470998682,4.05836319256672,536.829911677758,525.104734380029,-11.7251772977286,3.97323123753219,33.0141241372957,33.7789162445283,0.764792107232665,4.39647803808049,64.9714815927575,66.2320359302649,1.26055433750741,4.77107089764658,90.6797254848248,82.3843172345905,-8.29540825023435,4.78834437050366,31.9573574554618,32.4531196857366,0.49576223027475,4.06058921444154,57.6656013475292,48.6054009900622,-9.06020035746701,4.22546177347884,25.7082438920673,16.1522813043256,-9.55596258774176,4.15081110312609
escs_h_cc,AUT,36,449.743213724883,445.519415696732,-4.22379802815095,4.89880565992927,482.006655349993,480.894980958269,-1.11167439172436,4.99690111315617,514.585306615987,503.137538314456,-11.4477683015308,4.19552121534014,540.185840499253,527.561363061183,-12.6244774380707,4.22589458468572,32.2634416251101,35.3755652615367,3.11212363642659,6.05286204965974,64.8420928911037,57.6181226177239,-7.22397027337985,5.28618843497141,90.4426267743701,82.0419473644504,-8.40067940991975,5.68156951859759,32.5786512659936,22.2425573561872,-10.3360939098064,5.35632839915353,58.17918514926,46.6663821029137,-11.5128030463463,5.50491836077125,25.6005338832664,24.4238247467265,-1.1767091365399,4.49929644114946
escs_h_cc,BEL,36,444.749954620022,455.70290898759,10.9529543675679,4.39907918994637,481.546866113783,489.036456058273,7.48958994449026,4.79228179602769,518.80113262041,523.163686896815,4.36255427640549,4.70838015698677,548.174712763889,546.169908435257,-2.00480432863162,4.80453848937349,36.7969114937612,33.3335470706835,-3.46336442307768,5.54682809092193,74.0511780003881,67.4607779092256,-6.59040009116245,5.72672536985945,103.424758143867,90.4669994476678,-12.9577586961996,6.20380048082831,37.2542665066269,34.1272308385421,-3.12703566808477,5.26057452290368,66.6278466501062,57.1334523769843,-9.49439427312188,5.73606767761753,29.3735801434793,23.0062215384422,-6.36735860503711,5.22077129655096
escs_h_cc,CAN,36,466.744620751369,460.971171939355,-5.77344881201435,3.29810352064765,493.529401269312,492.906775250439,-0.622626018872836,3.57992444585427,518.489219025383,518.114282952607,-0.374936072776677,3.38666440104201,536.467658416969,528.285204211893,-8.18245420507628,3.93706911107631,26.7847805179426,31.9356033110841,5.15082279314152,4.56225017132065,51.7445982740141,57.1431110132518,5.39851273923767,4.31085068305166,69.7230376655996,67.3140322725377,-2.40900539306193,4.55218202010221,24.9598177560715,25.2075077021677,0.247689946096159,4.21344717268091,42.9382571476571,35.3784289614536,-7.55982818620345,4.66683683246874,17.9784393915855,10.1709212592859,-7.80751813229961,4.16172589068456
escs_h_cc,CHE,36,463.032450548528,466.351991410286,3.31954086175801,5.15590273262898,502.134300756206,499.238064722342,-2.896236033864,4.75815228625735,533.07021013393,534.517293867459,1.44708373352864,5.80718173500388,567.680791247066,564.26317591014,-3.41761533692602,4.68416721582492,39.101850207678,32.8860733120559,-6.21577689562201,5.30917056359259,70.0377595854016,68.1653024571722,-1.87245712822937,6.69713534600331,104.648340698537,97.9111844998534,-6.73715619868403,6.68817664997176,30.9359093777237,35.2792291451163,4.34331976739264,6.18354963608867,65.5464904908595,65.0251111877975,-0.52137930306202,5.66438470325528,34.6105811131358,29.7458820426812,-4.86469907045466,6.71038429515815
escs_h_cc,CHL,36,392.089314424734,382.031674050994,-10.0576403737401,4.19637110446718,406.926431946172,399.396707365645,-7.52972458052722,4.22793247177736,419.1279961975,418.320085173864,-0.807911023635597,4.28625859224377,457.866994270207,457.341762789567,-0.52523148063915,4.73561414707073,14.8371175214381,17.3650333146509,2.52791579321286,5.21360802043378,27.0386817727664,36.2884111228709,9.24972935010447,5.55393439961295,65.7776798454728,75.3100887385737,9.53240889310092,6.5600857818273,12.2015642513283,18.9233778082199,6.72181355689162,4.8297193647842,50.9405623240347,57.9450554239228,7.00449309988807,5.2004280348302,38.7389980727064,39.0216776157029,0.282679542996448,5.38001879757528
escs_h_cc,COL,36,354.605958639202,355.396126165549,0.79016752634692,4.09936620319503,372.40968889523,379.502004503735,7.09231560850446,4.66759373730728,389.142599184157,398.6388946444,9.49629546024238,5.55171877405232,430.217455840033,438.014444512996,7.79698867296378,8.73429949502314,17.8037302560288,24.1058783381864,6.30214808215754,5.29194563744293,34.5366405449558,43.2427684788513,8.70612793389546,6.02962689104711,75.6114972008309,82.6183183474478,7.00682114661686,9.52242971258284,16.732910288927,19.1368901406649,2.40397985173792,4.89991431572923,57.8077669448021,58.5124400092614,0.704673064459314,8.91980597480607,41.0748566558751,39.3755498685965,-1.6993067872786,7.88603706351311
escs_h_cc,CZE,36,438.180240176507,438.761590910569,0.581350734061971,4.96279734556535,479.542390908862,474.235812195941,-5.30657871292158,4.32767277739246,504.925962079431,501.260338250486,-3.66562382894546,4.86689411011335,544.232623420366,538.485635628757,-5.74698779160974,5.49099648601427,41.3621507323551,35.4742212853716,-5.88792944698355,5.46734899633232,66.7457219029242,62.4987473399168,-4.24697456300743,5.57982769969545,106.052383243859,99.7240447181874,-6.32833852567171,7.3511712787259,25.3835711705691,27.0245260545452,1.64095488397612,5.16480329796564,64.690232511504,64.2498234328158,-0.440409078688163,5.89128890225971,39.3066613409349,37.2252973782706,-2.08136396266428,6.39608119791492
escs_h_cc,DEU,36,444.364516653546,435.703937841678,-8.66057881186788,5.51113212248624,477.324170072304,479.665877921479,2.34170784917541,5.4744728410344,502.783966013263,503.986226842068,1.20226082880419,6.19681248014741,542.103866268334,542.984963209365,0.881096941031274,5.26804185294916,32.9596534187576,43.9619400798009,11.0022866610433,6.36923334573608,58.4194493597173,68.2822890003894,9.86283964067206,6.97761536651755,97.7393496147876,107.281025367687,9.54167575289915,7.17340275889532,25.4597959409597,24.3203489205885,-1.13944702037122,6.78877448409974,64.7796961960299,63.3190852878858,-1.46061090814413,6.79429372294689,39.3199002550703,38.9987363672973,-0.321163887772912,6.47449754709171
escs_h_cc,DNK,36,458.40576201498,456.716917762579,-1.68884425240122,3.98129029182709,488.357697326705,471.200733558473,-17.1569637682322,4.96963534011289,511.478368406284,502.919257334892,-8.55911107139161,5.0051706285583,518.907185041965,510.29734900264,-8.60983603932499,5.09315890897416,29.9519353117251,14.4838157958941,-15.468119515831,5.68488921021067,53.0726063913036,46.2023395723132,-6.87026681899039,5.87213917443818,60.5014230269848,53.5804312400611,-6.92099178692376,6.28927586035803,23.1206710795785,31.7185237764191,8.59785269684056,5.94185544994954,30.5494877152597,39.0966154441669,8.54712772890719,6.04972308057711,7.42881663568119,7.37809166774781,-0.0507249679333768,6.60509178863767
escs_h_cc,ESP,36,440.995484275927,426.92764965731,-14.0678346186165,3.08366378087679,463.850592528769,452.89860387844,-10.9519886503293,3.09811817797675,490.774573425649,481.951374976567,-8.82319844908153,2.95983356400281,517.790004496399,502.511199954235,-15.278804542164,3.02223683174106,22.8551082528422,25.9709542211294,3.1158459682872,3.67722419969033,49.7790891497218,55.0237253192568,5.24463616953494,3.67763753232102,76.7945202204723,75.5835502969247,-1.21096992354757,4.00001050128362,26.9239808968796,29.0527710981274,2.12879020124774,3.19231704170496,53.9394119676301,49.6125960757954,-4.32681589183477,3.42840228451552,27.0154310707505,20.559824977668,-6.45560609308251,3.27322411867333
escs_h_cc,EST,36,477.846088021314,470.245597495974,-7.60049052534038,4.26185460463835,498.342096395527,500.956037225661,2.61394083013403,4.72580207059563,525.335937753722,531.057160560946,5.72122280722397,4.39689818680055,553.648986439386,549.745807951662,-3.9031784877244,4.68588211587678,20.4960083742131,30.7104397296875,10.2144313554744,5.36082454453382,47.4898497324081,60.8115630649725,13.3217133325643,5.51613591746712,75.8028984180723,79.5002104556883,3.69731203761597,6.41619662701359,26.993841358195,30.101123335285,3.10728197708994,5.13083634615299,55.3068900438592,48.7897707260008,-6.51711931785843,5.47035872714988,28.3130486856642,18.6886473907158,-9.62440129494837,4.99985455608737
escs_h_cc,FIN,36,454.290415081407,443.344139165988,-10.9462759154182,3.67381545111116,474.893369716623,468.704812437297,-6.18855727932606,4.12166694061303,503.356376509072,494.420146217139,-8.9362302919335,4.20804568466068,527.120108692951,517.125992842556,-9.99411585039468,3.94906170457027,20.6029546352163,25.3606732713085,4.75771863609214,4.42038810678846,49.0659614276657,51.0760070511504,2.0100456234847,4.67857046517621,72.8296936115444,73.781853676568,0.95216006502352,4.8640846449223,28.4630067924494,25.715333779842,-2.74767301260744,5.02173287634935,52.2267389763281,48.4211804052595,-3.80555857106862,5.0176809448048,23.7637321838787,22.7058466254175,-1.05788555846118,5.26018715201176
escs_h_cc,FRA,36,436.45633573217,433.696061287335,-2.76027444483543,4.97444289176223,468.119518012549,463.000003634744,-5.11951437780533,4.67441344405099,495.736286681121,491.850874495616,-3.88541218550512,5.87913272587717,536.139615534904,523.475027971774,-12.6645875631302,5.26329575408435,31.6631822803789,29.303942347409,-2.3592399329699,5.2432276484543,59.2799509489508,58.1548132082811,-1.12513774066969,6.20625941043059,99.6832798027341,89.7789666844393,-9.90431311829479,6.28822766008842,27.6167686685719,28.8508708608721,1.23410219230021,6.07026169256942,68.0200975223552,60.4750243370303,-7.5450731853249,6.11809017515015,40.4033288537833,31.6241534761582,-8.77917537762511,5.61868379396607
escs_h_cc,GBR,36,468.28223725234,461.434040065029,-6.84819718731103,4.75935045216964,486.049201494005,492.31059154936,6.26139005535509,4.88787246240561,507.535147142367,519.505500332152,11.9703531897854,5.21632060944948,542.783929808739,549.609187974618,6.82525816587884,6.89258084620626,17.766964241665,30.8765514843311,13.1095872426661,6.33408964964556,39.2529098900268,58.0714602671233,18.8185503770965,6.76556016078218,74.5016925563992,88.1751479095891,13.6734553531899,8.21851209253679,21.4859456483618,27.1949087827921,5.70896313443035,6.45294980342639,56.7347283147343,57.298596425258,0.563868110523742,7.93104843310273,35.2487826663725,30.1036876424658,-5.14509502390661,6.56777475002926
escs_h_cc,GRC,36,404.637549448362,394.355582461453,-10.2819669869093,4.62677242188339,420.121607728263,420.737415048892,0.615807320629415,5.00700203286988,444.272710886574,447.365356557025,3.09264567045079,5.32157712837335,472.480094138376,474.374196227011,1.89410208863484,5.99716320808097,15.4840582799006,26.3818325874393,10.8977743075387,5.76865223103754,39.6351614382124,53.0097740955724,13.37461265736,5.83774817726169,67.8425446900143,80.0186137655584,12.1760690755441,7.11299064591159,24.1511031583118,26.6279415081332,2.47683834982138,5.48961033071723,52.3584864101138,53.6367811781192,1.27829476800542,6.26625282253447,28.207383251802,27.008839669986,-1.19854358181595,6.53460995878988
escs_h_cc,HUN,36,423.835719269741,417.896807433121,-5.93891183662095,5.27275089400934,458.135288839758,453.594635783931,-4.54065305582662,4.85166933447489,496.532846197832,484.852512505252,-11.6803336925795,5.72679320980191,534.578393489251,520.538135016708,-14.0402584725437,6.31593491565748,34.2995695700165,35.6978283508108,1.39825878079432,5.96294087697144,72.69712692809,66.9557050721315,-5.74142185595855,7.35520471521445,110.74267421951,102.641327583587,-8.10134663592271,8.35654342321223,38.3975573580736,31.2578767213207,-7.13968063675287,5.58702296124598,76.4431046494935,66.9434992327765,-9.49960541671703,7.35582059438193,38.04554729142,35.6856225114558,-2.35992477996416,6.6234620541676
escs_h_cc,IRL,36,461.243439142158,452.360923538769,-8.88251560338898,3.92925140179218,482.690333585844,473.745869080328,-8.94446450551578,3.96059356254252,505.13039267766,500.633214382254,-4.49717829540663,3.97054153955847,528.006189875993,522.425534009789,-5.58065586620387,4.11756843485924,21.4468944436863,21.3849455415595,-0.0619489021268009,4.64199742708228,43.8869535355027,48.2722908434851,4.38533730798235,5.17846839368547,66.7627507338356,70.0646104710207,3.30185973718511,5.24142447163738,22.4400590918164,26.8873453019255,4.44728621010916,4.75191632800645,45.3158562901492,48.6796649294611,3.36380863931191,5.11499310896535,22.8757971983329,21.7923196275356,-1.08347757079724,4.8517995735076
escs_h_cc,ISL,36,432.169778671269,440.759183858762,8.58940518749324,4.77146661406952,464.097225257945,463.147644273994,-0.949580983950455,5.39578616877233,479.718079324408,480.702340343678,0.984261019270093,4.80317424045352,490.094620854939,495.019763738345,4.92514288340607,4.7501144116411,31.9274465866759,22.3884604152322,-9.5389861714437,7.01816804422798,47.5483006531392,39.9431564849161,-7.60514416822315,6.68666117469554,57.9248421836701,54.2605798795829,-3.66426230408717,6.77125123173389,15.6208540664633,17.5546960696839,1.93384200322055,7.0464067369477,25.9973955969942,31.8721194643507,5.87472386735652,7.04349462918916,10.3765415305309,14.3174233946668,3.94088186413597,6.87117782861091
escs_h_cc,ISR,36,408.572812402065,412.318907505172,3.74609510310705,5.94146819005833,457.533226317655,460.23125981699,2.69803349933488,6.26714103187253,501.551839462694,485.686728344468,-15.8651111182263,7.55302643391514,521.544914583659,507.161428565203,-14.3834860184558,6.32809933379368,48.9604139155902,47.912352311818,-1.04806160377217,7.06965677190099,92.9790270606293,73.367820839296,-19.6112062213333,8.24855875909206,112.972102181594,94.842521060031,-18.1295811215628,7.99267520726971,44.0186131450391,25.455468527478,-18.5631446175611,7.01160578397286,64.0116882660036,46.9301687482129,-17.0815195177906,7.69213649426756,19.9930751209644,21.4747002207349,1.4816250997705,7.42976916517499
escs_h_cc,ITA,36,436.982090232345,438.275898003714,1.29380777136879,4.64716621279191,464.154398783172,466.533681190056,2.37928240688387,5.22546858498879,484.395252419989,488.575548296002,4.18029587601262,5.55338630136461,512.225535905919,514.605973341807,2.38043743588742,6.45500767969338,27.1723085508267,28.2577831863418,1.08547463551508,5.48779224987021,47.4131621876441,50.2996502922879,2.88648810464383,6.10749558065279,75.2434456735739,76.3300753380925,1.08662966451863,7.20247902257837,20.2408536368173,22.0418671059461,1.80101346912875,5.57259140134974,48.0711371227472,48.0722921517507,0.00115502900354159,6.61204022711904,27.8302834859298,26.0304250458046,-1.79985844012521,5.37510355810476
escs_h_cc,JPN,36,501.988077418669,489.651135366779,-12.3369420518899,6.97517496709668,531.143202981034,521.557357517128,-9.58584546390637,6.4475174039903,552.681787976588,546.466321207546,-6.21546676904143,6.42707690051072,572.650291118771,574.249690192152,1.59939907338037,7.2779238465833,29.1551255623648,31.9062221503483,2.75109658798351,6.9164801708771,50.6937105579183,56.8151858407667,6.12147528284845,8.07898636271931,70.6622137001019,84.5985548253722,13.9363411252702,9.49393904152094,21.5385849955535,24.9089636904184,3.37037869486494,6.60496743906774,41.5070881377371,52.6923326750239,11.1852445372867,7.77174263402164,19.9685031421836,27.7833689846054,7.8148658424218,6.77997463911271
escs_h_cc,KOR,36,493.448429379156,482.258324049083,-11.190105330073,6.69269336512666,519.083489546509,531.297630410162,12.2141408636527,8.09744213939334,541.585767541575,552.255561982738,10.6697944411628,5.81515214187249,573.116705929713,574.867753427266,1.7510474975536,7.67421215506928,25.635060167353,49.0393063610787,23.4042461937257,7.26457407753781,48.1373381624195,69.9972379336553,21.8598997712358,7.35501178159254,79.6682765505569,92.6094293781835,12.9411528276266,8.90378003624583,22.5022779950665,20.9579315725766,-1.54434642248987,8.14993038689066,54.0332163832039,43.5701230171048,-10.4630933660991,8.91034322770867,31.5309383881374,22.6121914445282,-8.91874694360922,7.19756594465167
escs_h_cc,LTU,36,439.592274621218,450.253687171836,10.6614125506183,4.7227949254644,470.731688962228,480.810369902759,10.0786809405311,4.95222941830445,497.851381993937,508.942905541276,11.0915235473387,4.92557331935541,522.834286777913,520.394609900472,-2.439676877441,5.92761504052355,31.1394143410098,30.5566827309226,-0.582731610087194,6.38380177542731,58.2591073727196,58.68921836944,0.430110996720373,6.47461098740882,83.2420121566957,70.1409227286364,-13.1010894280593,7.49091243383441,27.1196930317098,28.1325356385174,1.01284260680757,6.29203482044937,52.1025978156859,39.5842399977138,-12.5183578179721,6.76551538146055,24.9829047839761,11.4517043591964,-13.5312004247797,6.39050723537958
escs_h_cc,LVA,36,453.67055855385,442.724896353952,-10.945662199898,4.53465493617688,474.531630304198,467.916501700702,-6.61512860349598,4.87987605995284,502.515823238925,491.141618238568,-11.3742050003571,4.41634966724212,521.556447852034,506.550122904081,-15.0063249479528,4.32713655221387,20.8610717503477,25.1916053467497,4.33053359640201,5.78560776812914,48.8452646850754,48.4167218846163,-0.428542800459127,5.62086301138354,67.8858892981841,63.8252265501293,-4.06066274805477,5.77214924751567,27.9841929347277,23.2251165378665,-4.75907639686113,5.613377116099,47.0248175478364,38.6336212033796,-8.39119634445677,6.17102765812028,19.0406246131087,15.4085046655131,-3.63211994759564,6.0184028705558
escs_h_cc,MEX,36,373.604224408401,367.865251303141,-5.73897310525973,3.35012968533151,386.795604023634,385.006809125737,-1.78879489789773,3.36780749194933,400.351831786929,397.913937797291,-2.43789398963855,4.42274866496281,428.919181724064,424.618102736453,-4.30107898761122,5.47491880383139,13.1913796152337,17.1415578225957,3.950178207362,4.09077591783768,26.7476073785286,30.0486864941498,3.30107911562118,4.72261992301865,55.3149573156638,56.7528514333124,1.43789411764851,5.9974639879742,13.5562277632949,12.9071286715541,-0.649099091740823,4.29442041202422,42.1235777004301,39.6112936107166,-2.51228408971349,5.82531221849163,28.5673499371352,26.7041649391625,-1.86318499797267,5.21392922108767
escs_h_cc,NLD,36,461.088442269201,460.80274090233,-0.285701366871308,6.01511925210951,480.919373873747,484.92827625436,4.0089023806126,6.4969240109129,527.127233484634,524.61656817698,-2.51066530765365,5.73145440002598,550.952742994372,547.220576552244,-3.73216644212869,5.8022035246935,19.8309316045462,24.1255353520301,4.2946037474839,6.78681036129924,66.0387912154328,63.8138272746504,-2.22496394078235,7.97227744696206,89.8643007251711,86.4178356499138,-3.44646507525738,8.46578839266101,46.2078596108866,39.6882919226204,-6.51956768826625,6.55390983983171,70.033369120625,62.2923002978837,-7.74106882274128,7.29629269076872,23.8255095097384,22.6040083752633,-1.22150113447503,6.46072287743547
escs_h_cc,NOR,36,443.394343203259,422.21100425929,-21.1833389439693,4.13225945944776,468.397175239631,454.93515547817,-13.462019761461,4.58392794244748,488.378112444847,484.449535011765,-3.9285774330815,4.70666340740602,507.532348942676,499.383469255184,-8.14887968749224,4.92003820914032,25.0028320363713,32.7241512188796,7.7213191825083,5.43228779047351,44.9837692415875,62.2385307524753,17.2547615108878,5.99313259495369,64.1380057394165,77.1724649958935,13.034459256477,6.26569292733497,19.9809372052162,29.5143795335957,9.53344232837946,5.45962006290456,39.1351737030452,44.4483137770139,5.31314007396873,5.48894162591609,19.1542364978289,14.9339342434182,-4.22030225441074,5.3194398508746
escs_h_cc,NZL,36,445.198686962035,458.20756367038,13.0088767083445,4.89273438225664,483.507605097652,484.433082631399,0.925477533746403,5.67192312984225,506.567378320835,513.390139479135,6.82276115830024,4.94106784330643,530.727426048302,544.596071746663,13.8686456983615,5.9048928598368,38.3089181356167,26.2255189610186,-12.0833991745981,6.39431394519779,61.3686913587992,55.182575808755,-6.18611555004424,6.71860847002421,85.5287390862661,86.3885080762831,0.859768990017074,8.05509033805046,23.0597732231825,28.9570568477363,5.89728362455384,7.25909685138616,47.2198209506494,60.1629891152645,12.9431681646151,7.93180199955104,24.1600477274669,31.2059322675282,7.04588454006131,7.81975277623848
escs_h_cc,POL,36,454.163535665454,455.122917788544,0.959382123090109,4.29398362082927,480.455596916293,482.919769662717,2.46417274642369,4.32460270854842,507.297613255031,515.192386706868,7.89477345183713,5.51069238542093,541.991374764007,538.000494530022,-3.99088023398451,5.97963074005332,26.2920612508393,27.7968518741729,1.50479062333358,5.08560862912498,53.1340775895765,60.0694689183235,6.93539132874702,6.34779872482812,87.8278390985527,82.8775767414781,-4.95026235707462,7.20644057184862,26.8420163387372,32.2726170441506,5.43060070541344,6.04731718400807,61.5357778477134,55.0807248673052,-6.4550529804082,6.95832880808666,34.6937615089763,22.8081078231546,-11.8856536858216,6.39792001044791
escs_h_cc,PRT,36,431.360880012361,421.746476810972,-9.61440320138831,5.1687541982615,457.77528327697,453.395753864702,-4.3795294122674,5.99468335547451,489.887055676221,488.198387712662,-1.68866796355923,5.67233312541555,526.867465919734,523.248377469574,-3.61908845016023,5.31120707372103,26.4144032646092,31.6492770537301,5.23487378912091,5.94364469901122,58.5261756638604,66.4519109016895,7.92573523782909,6.04872417035872,95.5065859073736,101.501900658602,5.99531475122808,6.84073621281575,32.1117723992513,34.8026338479594,2.69086144870818,5.83999801964928,69.0921826427644,69.8526236048716,0.760440962107168,7.02710556727127,36.9804102435132,35.0499897569122,-1.93042048660101,6.02030545399068
escs_h_cc,SVK,36,411.020355544739,427.48592960105,16.4655740563111,6.24206496847217,461.69451513564,469.957288142201,8.26277300656102,5.53019098718061,487.74895959515,497.237414299899,9.48845470474856,5.65912289263983,530.815940507096,537.522989925103,6.70704941800773,5.76381161043428,50.6741595909008,42.4713585411507,-8.20280104975012,6.60964260125899,76.7286040504112,69.7514846988486,-6.97711935156258,7.95251872853957,119.795584962357,110.037060324053,-9.75852463830341,8.63398366607111,26.0544444595104,27.2801261576979,1.22568169818754,6.69827884452275,69.121425371456,67.5657017829027,-1.55572358855329,7.24485430147403,43.0669809119456,40.2855756252048,-2.78140528674084,6.16742631850319
escs_h_cc,SVN,36,445.248136703169,433.937986718782,-11.3101499843868,4.22188833281598,474.478628890156,457.844262624891,-16.6343662652654,4.10564834691795,507.470695114831,489.681795540901,-17.78889957393,4.90436616271274,524.508162349925,510.982037099395,-13.5261252505306,4.04294862866362,29.230492186987,23.9062759061084,-5.3242162808786,5.80038889478744,62.2225584116616,55.7438088221185,-6.47874958954316,6.54929836355251,79.2600256467561,77.0440503806123,-2.21597526614374,6.13918143147986,32.9920662246746,31.8375329160101,-1.15453330866455,6.28808292689583,50.029533459769,53.1377744745039,3.10824101473486,6.3904741517321,17.0374672350944,21.3002415584938,4.26277432339941,6.75558597016112
escs_h_cc,SWE,36,446.277335510989,432.506422913291,-13.7709125976985,4.11173308117093,475.772872420859,466.847923159175,-8.92494926168388,4.36838337724404,505.534880535977,504.023379033799,-1.51150150217836,5.07187178136669,532.760694509026,516.501568721034,-16.2591257879917,5.04488006187395,29.4955369098694,34.3415002458841,4.84596333601462,5.28531782644048,59.2575450249879,71.516956120508,12.2594110955201,5.97214759300835,86.483358998037,83.9951458077438,-2.48821319029321,6.16725761959758,29.7620081151184,37.1754558746239,7.41344775950552,5.95812647233831,56.9878220881676,49.6536455618597,-7.33417652630783,6.13969706525227,27.2258139730491,12.4781896872358,-14.7476242858133,5.36535093033229
escs_h_cc,TUR,36,423.738379528633,425.579692195292,1.84131266665889,4.2359656167394,440.209641767334,451.465838878981,11.2561971116465,4.07291511521446,451.849998064501,471.225150694117,19.3751526296159,4.60461303871245,501.836079242683,528.848980042732,27.0129008000484,5.48381618417233,16.4712622387012,25.8861466836888,9.41488444498759,5.10369773276638,28.1116185358675,45.6454584988246,17.533839962957,5.77627855236366,78.09769971405,103.26928784744,25.1715881333896,7.05056328249344,11.6403562971664,19.7593118151358,8.11895551796943,4.90135100671161,61.6264374753488,77.3831411637507,15.756703688402,6.62332424594849,49.9860811781824,57.623829348615,7.63774817043253,6.59115804487097
escs_h_cc,USA,36,428.449352498978,431.066164319501,2.61681182052337,6.92879763761445,449.381665592599,460.706589241183,11.324923648584,7.8081955270093,480.091606714593,475.728391605108,-4.36321510948511,13.3889950504252,522.604296789683,527.548210499788,4.94391371010477,18.867149941216,20.9323130936209,29.6404249216815,8.70811182806068,8.6935756616197,51.642254215615,44.6622272856065,-6.98002693000848,13.191786053698,94.1549442907051,96.4820461802866,2.3271018895814,19.2844525739381,30.7099411219942,15.021802363925,-15.6881387580692,13.7239938890368,73.2226311970843,66.841621258605,-6.38100993847928,19.0243085669851,42.5126900750901,51.81981889468,9.30712881958988,14.0665827370272
escs_h_cc,OECD,36,440.433921654331,437.025309327989,-3.40861232634154,0.803602206261523,468.216854046039,467.012775234403,-1.20407881163527,0.930326626126768,494.577944341325,493.890952983125,-0.686991358199919,0.835157589503084,523.576468853788,520.267606770492,-3.30886208329605,1.06936823869314,27.7829323917076,29.9874659064139,2.20453351470627,1.05193058379352,54.144022686994,56.8656436551356,2.72162096814162,1.02106528233597,83.1425471994568,83.2422974425023,0.0997502430454915,1.32002699122103,26.3610902952864,26.8781777487217,0.517087453435352,0.998893418125176,55.3596148077492,53.2548315360884,-2.10478327166078,1.16907657831351,28.9985245124628,26.3766537873667,-2.62187072509613,1.06920661023342
escs_h_cc,OECD35,35,440.417877008,437.313813890009,-3.10406311799079,0.824419452672352,468.341604375103,467.416037273145,-0.925567101958336,0.947862203991574,494.686612081773,494.232083783312,-0.454528298460502,0.857928833410493,523.741796406856,520.774932679528,-2.96686372732836,1.09799812659948,27.9237273671038,30.1022233831363,2.17849601603245,1.06181428388915,54.2687350737733,56.9182698933036,2.64953481953029,1.04521263611949,83.3239193988563,83.4611187895188,0.137199390662431,1.34872576358705,26.3450077066694,26.8160465101673,0.471038803497834,1.02317424106433,55.4001920317525,53.3588954063825,-2.04129662537002,1.20228223471233,29.0551843250831,26.5428488962152,-2.51233542886786,1.09843120572521
escs_h_min3,AUS,36,440.402114833277,433.738412930467,-6.66370190280986,3.52642022055483,474.362370834426,468.811484351064,-5.5508864833626,3.39623865509544,507.833255800021,499.610857942241,-8.22239785778038,3.98896842648782,532.811583863532,523.096831275942,-9.71475258759017,4.05118948853471,33.9602560011488,35.073071420596,1.11281541944726,4.01975827400439,67.4311409667441,65.8724450117736,-1.55869595497052,4.58083637906709,92.4094690302551,89.3584183454748,-3.05105068478031,4.86206691789994,33.4708849655953,30.7993735911775,-2.67151137441778,4.19983929254262,58.4492130291063,54.2853469248788,-4.16386610422757,4.27277507424915,24.978328063511,23.4859733337012,-1.49235472980979,4.20031743604783
escs_h_min3,AUT,36,440.437107042008,434.733312723817,-5.70379431819112,5.09141955923476,473.629388371423,472.976161860574,-0.653226510849834,5.45090167515996,508.298177332188,494.906554873388,-13.3916224587998,4.08860583405958,536.967510988296,522.386339786708,-14.581171201588,4.15800596267692,33.1922813294157,38.242849136757,5.05056780734128,6.06633422883042,67.8610702901799,60.1732421495712,-7.6878281406087,5.38943546302577,96.5304039462879,87.6530270628911,-8.87737688339684,5.74741282858223,34.6687889607642,21.9303930128142,-12.73839594795,5.75907634923163,63.3381226168722,49.4101779261341,-13.9279446907381,5.59863349062844,28.669333656108,27.4797849133199,-1.18954874278813,4.49903667891666
escs_h_min3,BEL,36,436.861923004733,438.254526124026,1.39260311929388,5.03101122953476,472.444312999263,468.399386277907,-4.04492672135638,5.01080041264387,511.339891597887,512.493362171275,1.15347057338778,5.05274348019357,544.855031387033,537.90979391308,-6.94523747395317,4.58295950917757,35.5823899945309,30.1448601538806,-5.43752984065026,5.59755813353196,74.4779685931546,74.2388360472485,-0.239132545906102,6.25331796622463,107.993108382301,99.6552677890537,-8.33784059324705,6.5497776033166,38.8955785986237,44.0939758933678,5.19839729474415,5.31162156258367,72.4107183877699,69.5104076351731,-2.9003107525968,5.87062458027167,33.5151397891462,25.4164317418052,-8.09870804734095,5.50077972286078
escs_h_min3,CAN,36,461.410726489404,450.934322546865,-10.4764039425391,3.33267054339822,486.779806885436,482.951845357774,-3.82796152766133,3.73773833117163,514.200180910073,512.089343640845,-2.11083726922743,3.45916331507118,533.203615213451,522.925188717017,-10.2784264964338,3.81945721875881,25.3690803960317,32.0175228109094,6.64844241487776,4.32470295323728,52.7894544206688,61.1550210939805,8.36556667331166,4.4087415717744,71.7928887240471,71.9908661701524,0.197977446105313,4.59294785496302,27.4203740246371,29.137498283071,1.7171242584339,4.09114823941179,46.4238083280154,39.973343359243,-6.45046496877245,4.73689279520047,19.0034343033783,10.835845076172,-8.16758922720635,4.15151418186523
escs_h_min3,CHE,36,456.52906096193,454.262699380854,-2.26636158107596,4.69882657347748,493.67368882377,486.881438340812,-6.79225048295734,5.41156695873651,527.425164681238,523.575754670045,-3.84941001119353,4.76621113392407,563.290718990288,557.301026004145,-5.98969298614338,4.90529552880585,37.1446278618391,32.6187389599577,-4.52588890188139,5.61863423579422,70.896103719308,69.3130552891905,-1.58304843011757,5.80435442234138,106.761658028358,103.038326623291,-3.72333140506743,6.49079871039426,33.7514758574689,36.6943163292327,2.94284047176382,5.62551926821518,69.6170301665188,70.4195876633328,0.802557496813961,6.06825908016033,35.8655543090499,33.7252713341001,-2.14028297494986,5.59047782141546
escs_h_min3,CHL,36,385.91628599758,375.009990847091,-10.906295150489,4.32405030664558,401.883791933219,392.838906365932,-9.04488556728694,4.13939410321255,415.642617734098,408.02878930247,-7.61382843162846,4.70180889022879,451.6448118524,449.415123283886,-2.22968856851372,4.6762722292948,15.967505935639,17.8289155188411,1.86140958320209,5.2835200479371,29.7263317365184,33.018798455379,3.29246671886057,5.4434227421989,65.72852585482,74.4051324367953,8.67660658197531,6.51119037634894,13.7588258008794,15.1898829365379,1.43105713565848,5.18811545987606,49.761019919181,56.5762169179542,6.81519699877322,5.34509494735604,36.0021941183016,41.3863339814163,5.38413986311474,5.17808221046411
escs_h_min3,COL,36,352.983429196443,350.161706555757,-2.82172264068589,3.82996772962156,369.727607564071,370.990039279986,1.26243171591483,4.47566210024873,385.659927583793,388.983753474799,3.32382589100592,5.43666535624026,427.585227113856,430.178000508895,2.59277339503939,9.34848901219416,16.744178367628,20.8283327242287,4.08415435660072,5.15499947227253,32.6764983873503,38.8220469190421,6.14554853169182,5.6857637337823,74.6017979174129,80.0162939531381,5.41449603572528,10.0721369971847,15.9323200197222,17.9937141948133,2.0613941750911,4.68896705876855,57.8576195497848,59.1879612289094,1.33034167912456,9.3599854430107,41.9252995300626,41.1942470340961,-0.731052495966537,8.58625959863318
escs_h_min3,CZE,36,434.448373468476,427.719082174265,-6.7292912942109,4.90241000083351,475.164684230714,468.746229158385,-6.41845507232898,4.36165436394459,500.264689580779,492.212829402957,-8.05186017782194,4.7361390720341,539.851423636115,533.674301731054,-6.1771219050612,5.09297030652033,40.716310762238,41.02714698412,0.310836221881914,5.02755266266687,65.8163161123027,64.4937472286916,-1.32256888361104,5.42110775364563,105.403050167639,105.955219556789,0.552169389149697,6.90234752039655,25.1000053500646,23.4666002445717,-1.63340510549295,4.93501247687141,64.6867394054012,64.928072572669,0.241333167267783,5.5273233508423,39.5867340553365,41.4614723280973,1.87473827276074,5.93252073686863
escs_h_min3,DEU,36,432.736788589553,418.202463359882,-14.534325229671,5.26058148201079,465.421941034846,463.395054241322,-2.02688679352377,5.88132522920821,492.985085489645,490.678660447988,-2.30642504165718,5.99659032655551,534.483547651342,531.604660633163,-2.87888701817917,5.5688672788237,32.6851524452925,45.1925908814398,12.5074384361473,6.22745016752764,60.2482969000923,72.4761970881061,12.2279001880138,6.08304982519155,101.746759061789,113.402197273281,11.6554382114919,6.78501866309911,27.5631444547997,27.2836062066663,-0.279538248133406,6.23975396338864,69.0616066164967,68.2096063918413,-0.852000224655399,6.63746035090908,41.498462161697,40.926000185175,-0.572461976521993,6.26414620782345
escs_h_min3,DNK,36,453.284003662749,442.879406055092,-10.4045976076571,4.01122794941213,484.494433982006,466.786085407528,-17.7083485744773,4.47330578390418,508.335541257275,493.093026851534,-15.2425144057409,4.75596927945778,517.270119671645,505.469759783892,-11.8003598877526,4.92447539567928,31.2104303192563,23.9066793524361,-7.30375096682019,5.31446591153949,55.0515375945259,50.2136207964421,-4.83791679808383,5.41955277981611,63.9861160088954,62.5903537287998,-1.39576228009554,6.09392871459861,23.8411072752696,26.306941444006,2.46583416873636,5.48262395626501,32.775685689639,38.6836743763637,5.90798868672465,5.94150473362167,8.93457841436941,12.3767329323577,3.44215451798829,6.34231748837469
escs_h_min3,ESP,36,435.814261887133,420.955416245341,-14.8588456417914,3.2240410122899,460.167877094595,446.788937957713,-13.3789391368819,3.0106980777916,486.623543552212,476.361397883013,-10.2621456691995,3.0255593142953,514.840240787649,499.426345174335,-15.4138956133143,3.09434012801589,24.3536152074627,25.8335217123722,1.47990650490948,3.42513481634398,50.8092816650795,55.4059816376714,4.59669997259192,3.62675409029959,79.0259789005167,78.4709289289938,-0.555049971522863,3.94066616200816,26.4556664576168,29.5724599252992,3.11679346768244,3.25377954070866,54.672363693054,52.6374072166216,-2.03495647643234,3.58216052571393,28.2166972354372,23.0649472913224,-5.15174994411478,3.24194865147164
escs_h_min3,EST,36,475.190856887285,466.429111978947,-8.76174490833785,4.16133840666115,495.608360241848,495.674033680388,0.0656734385405571,4.57587436474006,520.490046305039,527.605933536991,7.11588723195143,4.47063460070823,550.806275919972,547.043428853865,-3.76284706610727,4.67565696741578,20.4175033545631,29.2449217014415,8.8274183468784,5.21063524037612,45.2991894177545,61.1768215580437,15.8776321402893,5.40205466326826,75.6154190326876,80.6143168749182,4.99889784223058,6.22637509204595,24.8816860631914,31.9318998566023,7.05021379341088,4.86127007579896,55.1979156781246,51.3693951734767,-3.82852050464783,5.35171001075394,30.3162296149332,19.4374953168744,-10.8787342980587,5.0049516153198
escs_h_min3,FIN,36,450.004982937958,435.640568842349,-14.3644140956095,3.58774194423267,470.837442907653,459.769970284628,-11.067472623025,4.16050946141402,500.008893173563,489.650445166902,-10.3584480066605,4.13247754883736,523.082078230954,512.332455287592,-10.7496229433623,4.17077227284054,20.8324599696948,24.1294014422793,3.29694147258448,4.47896272140421,50.0039102356045,54.0098763245535,4.00596608894898,4.66189217128756,73.0770952929956,76.6918864452429,3.61479115224722,4.463483080559,29.1714502659097,29.8804748822742,0.709024616364502,4.83752205275924,52.2446353233008,52.5624850029636,0.317849679662743,4.85028037192438,23.0731850573911,22.6820101206894,-0.391174936701759,5.22894248993963
escs_h_min3,FRA,36,426.522477571823,418.043791764799,-8.47868580702345,4.69398864409386,458.741672339678,448.897321218698,-9.84435112098055,5.23168926555863,486.912766670798,479.20726137465,-7.70550529614792,5.71592918497702,530.29602340302,515.992559100545,-14.3034643024745,5.36761043304052,32.2191947678556,30.8535294538985,-1.3656653139571,5.73376552100226,60.3902890989754,61.163469609851,0.773180510875534,6.17341169253023,103.773545831197,97.9487673357461,-5.82477849545103,6.49428524175251,28.1710943311198,30.3099401559525,2.13884582483263,5.96671748036883,71.5543510633416,67.0952378818477,-4.45911318149393,5.82353592346958,43.3832567322218,36.7852977258952,-6.59795900632656,5.89448667122054
escs_h_min3,GBR,36,459.54409126461,451.217858338137,-8.32623292647332,4.73713166417815,479.5118214343,480.391396507121,0.879575072820956,4.23584303290106,502.239381391194,505.934019327188,3.69463793599419,5.07745537486204,536.191986440833,540.247977116517,4.0559906756838,6.7137756760878,19.9677301696893,29.1735381689836,9.20580799929428,5.93878851204405,42.6952901265832,54.7161609890507,12.0208708624675,6.57873763171332,76.6478951762228,89.0301187783799,12.3822236021571,8.25200545709026,22.7275599568939,25.5426228200671,2.81506286317324,5.72557561576729,56.6801650065335,59.8565806093963,3.17641560286285,7.5205565521108,33.9526050496396,34.3139577893292,0.361352739689607,6.65937379555902
escs_h_min3,GRC,36,401.624193941689,387.478354400949,-14.1458395407403,4.53041322813877,417.445270161186,412.375383861065,-5.06988630012125,4.59698743022478,436.728362064788,441.255999672608,4.52763760782,5.4354610172939,467.347059920876,467.003492700798,-0.343567220078,5.90989802802391,15.821076219497,24.8970294601161,9.07595324061907,5.20341222714758,35.1041681230993,53.7776452716597,18.6734771485603,5.82715958590489,65.7228659791869,79.5251382998492,13.8022723206623,6.98402603789907,19.2830919036023,28.8806158115436,9.59752390794125,4.97732037187704,49.9017897596899,54.6281088397331,4.72631908004325,5.77589513435237,30.6186978560875,25.7474930281895,-4.871204827898,6.03648665768962
escs_h_min3,HUN,36,419.636648100734,409.271905144885,-10.3647429558487,5.60201821692938,453.411423916302,446.745539092898,-6.66588482340399,4.73147346770395,489.593361164502,479.006649883871,-10.5867112806314,5.55005477243433,531.745988765767,515.364172519358,-16.3818162464089,6.32702226105029,33.7747758155686,37.4736339480133,3.69885813244474,6.0398815451133,69.9567130637686,69.7347447389859,-0.221968324782722,7.21579570346855,112.109340665034,106.092267374473,-6.01707329056018,8.4990395071,36.1819372482,32.2611107909726,-3.92082645722746,5.7100225341929,78.334564849465,68.6186334264601,-9.71593142300492,7.27535897236174,42.152627601265,36.3575226354875,-5.79510496577746,6.63105309874182
escs_h_min3,IRL,36,458.794961822831,444.255347171067,-14.5396146517643,3.88863787191951,480.269427511665,467.732285504858,-12.5371420068071,3.98895133100739,503.797250276009,497.099067825993,-6.69818245001687,4.25728413971071,527.195306313993,519.475822230733,-7.71948408325977,3.85072454615003,21.4744656888344,23.4769383337916,2.00247264495727,4.45978454351985,45.0022884531786,52.843720654926,7.84143220174747,5.14196144677009,68.4003444911621,75.2204750596666,6.82013056850457,5.0617731721519,23.5278227643442,29.3667823211344,5.8389595567902,4.55289608372068,46.9258788023277,51.743536725875,4.8176579235473,4.96570172303042,23.3980560379835,22.3767544047406,-1.0213016332429,4.67254219356763
escs_h_min3,ISL,36,424.650212618376,426.947807866106,2.29759524773016,4.42448267044474,455.123087795109,452.219090313633,-2.90399748147627,4.63046781514865,475.999712435118,469.530114813245,-6.46959762187271,4.57148420850797,485.336215112469,489.108127760064,3.77191264759529,4.72719924644457,30.4728751767335,25.2712824475271,-5.20159272920643,6.48091558061986,51.3494998167425,42.5823069471396,-8.76719286960287,6.68016109656837,60.6860024940929,62.160319893958,1.47431739986513,6.46950838977173,20.876624640009,17.3110244996125,-3.56560014039644,6.40407709267146,30.2131273173594,36.8890374464309,6.67591012907155,6.51899177132811,9.33650267735038,19.5780129468184,10.241510269468,6.71156172532531
escs_h_min3,ISR,36,397.943542187499,400.706311901134,2.76276971363546,4.94876806540798,446.237052542953,436.910290322076,-9.32676222087792,6.17110500077719,488.232839876637,468.332832964961,-19.9000069116757,6.34867676107794,511.067612959312,488.495852444501,-22.5717605148108,6.90995656709859,48.2935103554547,36.2039784209413,-12.0895319345134,6.63988149104553,90.2892976891383,67.6265210638272,-22.6627766253112,7.27143190678712,113.124070771813,87.7895405433666,-25.3345302284463,7.67331483898497,41.9957873336836,31.4225426428858,-10.5732446907978,6.36689750603854,64.8305604163582,51.5855621224253,-13.2449982939329,7.414103895816,22.8347730826746,20.1630194795395,-2.67175360313513,6.71814876660754
escs_h_min3,ITA,36,435.55021817558,429.290901554288,-6.25931662129227,4.7584867682948,460.660271510189,457.857854492127,-2.80241701806278,4.97319393911154,482.328016602276,482.135596088662,-0.192420513613854,5.95977446205184,509.478248237084,510.332766024495,0.854517787411169,6.58720179564753,25.1100533346088,28.5669529378383,3.45689960322949,5.17862040671282,46.7777984266953,52.8446945343737,6.06689610767842,6.32692801201549,73.9280300615035,81.041864470207,7.11383440870344,7.41737992450427,21.6677450920865,24.2777415965354,2.60999650444893,5.81818594860003,48.8179767268948,52.4749115323687,3.65693480547395,6.65199231534809,27.1502316348083,28.1971699358333,1.04693830102502,5.73258208319782
escs_h_min3,JPN,36,498.578360246737,483.283936225841,-15.2944240208966,7.31553480393769,527.227714031651,518.056327301028,-9.17138673062379,5.9972364939237,549.851154205446,543.064377969951,-6.78677623549493,6.37227140146332,568.875442444426,568.491471481995,-0.383970962431818,7.27820386011232,28.6493537849141,34.7723910751869,6.12303729027281,6.61470211984405,51.272793958709,59.7804417441107,8.50764778540167,7.83885661650485,70.2970821976892,85.207535256154,14.9104530584648,9.42345457408452,22.623440173795,25.0080506689238,2.38461049512887,5.95298059112667,41.6477284127751,50.4351441809671,8.78741576819198,7.48534544366872,19.0242882389802,25.4270935120433,6.40280527306311,6.46264367679845
escs_h_min3,KOR,36,487.146276261745,473.392301093456,-13.7539751682892,7.25736538199979,513.224973881951,519.72309095579,6.49811707383856,6.89626804457491,539.809358776144,543.144619758237,3.33526098209279,6.58321696868555,571.628557027001,567.196223907554,-4.43233311944789,7.62778787633688,26.0786976202058,46.3307898623335,20.2520922421277,6.84371945847568,52.6630825143985,69.7523186647804,17.089236150382,7.12846323843258,84.4822807652562,93.8039228140975,9.32164204884128,8.89746089463669,26.5843848941927,23.4215288024469,-3.16285609174577,6.11135222170152,58.4035831450505,47.473132951764,-10.9304501932864,8.20168649915357,31.8191982508578,24.0516041493171,-7.76759410154068,7.23082147074396
escs_h_min3,LTU,36,435.956648377049,436.331189749335,0.374541372285762,4.0787132348057,460.985399635525,466.659957385858,5.67455775033278,3.73929018520066,491.492666597992,494.72310445491,3.23043785691823,4.51573321468791,516.553782945893,507.728034307355,-8.82574863853876,4.95347034659934,25.0287512584759,30.3287676365229,5.30001637804702,5.12910356270504,55.5360182209433,58.3919147055758,2.85589648463247,5.54317463576677,80.5971345688443,71.3968445580198,-9.20029001082452,6.45939626429849,30.5072669624674,28.0631470690528,-2.44411989341455,5.39099324650559,55.5683833103684,41.0680769214969,-14.5003063888715,5.76472946338082,25.061116347901,13.004929852444,-12.056186495457,5.80999341339929
escs_h_min3,LVA,36,450.016918038831,435.593592926788,-14.4233251120422,4.0023098873869,470.914496427419,461.079828788452,-9.83466763896718,4.29100846079328,495.690740798107,483.194412524477,-12.4963282736304,4.28864963023126,518.247989152198,498.864898390672,-19.3830907615256,4.00550767303645,20.8975783885888,25.4862358616638,4.58865747307505,4.98770697934783,45.6738227592767,47.6008195976885,1.92699683841181,5.14062702306822,68.2310711133671,63.2713054638838,-4.95976564948336,5.23801438730922,24.776244370688,22.1145837360247,-2.66166063466324,5.3898901322259,47.3334927247784,37.78506960222,-9.5484231225584,5.19415796452807,22.5572483540904,15.6704858661952,-6.88676248789517,5.72954649935438
escs_h_min3,MEX,36,371.343801471527,363.015568196171,-8.32823327535624,3.30994539236481,384.990773613862,380.313262511266,-4.67751110259525,3.11490068081781,398.120794425107,392.450094966124,-5.67069945898305,4.7492485513612,425.977227209991,420.719227772392,-5.25799943759887,5.56261559210215,13.6469721423347,17.2976943150957,3.65072217276099,3.77016619878661,26.7769929535802,29.4345267699534,2.65753381637319,4.94828391028889,54.6334257384642,57.7036595762216,3.07023383775737,5.9526292144039,13.1300208112455,12.1368324548577,-0.993188356387805,4.56047448561893,40.9864535961295,40.4059652611259,-0.580488335003622,5.83253941321238,27.856432784884,28.2691328062682,0.412700021384183,5.48125508668469
escs_h_min3,NLD,36,449.839401054946,437.404335155632,-12.4350658993142,6.83169228699442,471.09920717786,473.141602611526,2.04239543366617,6.95053974516913,517.240892252383,508.910978705997,-8.3299135463858,6.76742096967592,545.595292005956,540.757486505588,-4.83780550036875,5.38506619709108,21.2598061229134,35.7372674558938,14.4774613329804,7.00096735489418,67.4014911974363,71.5066435503648,4.10515235292843,8.53465974877966,95.75589095101,103.353151349956,7.59726039894548,8.58951447878718,46.1416850745229,35.7693760944709,-10.372308980052,7.43607598396739,74.4960848280966,67.6158838940617,-6.88020093403492,7.48297694654418,28.3543997535737,31.8465077995908,3.49210804601705,7.34662104363837
escs_h_min3,NOR,36,435.628508006057,412.046132056069,-23.5823759499879,4.12346801035655,459.974758808125,444.806624983226,-15.1681338248992,4.4878908544922,485.556224041064,478.228235555108,-7.32798848595621,4.50613135465074,503.613415361902,492.802816590412,-10.8105987714903,4.71438081495521,24.3462508020686,32.7604929271573,8.41424212508866,5.13342417870155,49.9277160350078,66.1821034990394,16.2543874640317,5.34252503664743,67.9849073558458,80.7566845343433,12.7717771784975,5.8325646509879,25.5814652329392,33.4216105718822,7.84014533894299,5.34667783767382,43.6386565537772,47.9961916071861,4.35753505340887,5.65015714085415,18.057191320838,14.5745810353039,-3.48261028553412,5.31567721477768
escs_h_min3,NZL,36,432.898271863406,445.427007518669,12.5287356552639,4.46090566116239,473.630861451222,468.408030360431,-5.22283109079081,5.00624053384791,502.663010099246,503.965740601485,1.30273050223917,5.05712923256585,525.972257793392,534.257101792959,8.28484399956665,5.1180610489596,40.7325895878166,22.981022841762,-17.7515667460547,5.95974190138825,69.7647382358406,58.5387330828159,-11.2260051530247,6.35266652450234,93.0739859299869,88.8300942742897,-4.24389165569721,6.73317129380147,29.032148648024,35.5577102410539,6.52556159302998,6.31836270613494,52.3413963421703,65.8490714325277,13.5076750903575,7.04277204929996,23.3092476941463,30.2913611914738,6.98211349732748,6.70998813760842
escs_h_min3,POL,36,449.443586021076,445.951315602153,-3.49227041892277,4.44936710865876,475.074481972336,473.44086258527,-1.63361938706657,4.59765882145211,501.410541087198,506.599117537479,5.18857645028123,5.01197590785083,536.590650178997,529.068083066996,-7.52256711200084,5.78335166284751,25.6308959512608,27.489546983117,1.8586510318562,5.21322944562108,51.9669550661226,60.6478019353266,8.680846869204,5.84309308013602,87.1470641579216,83.1167674648435,-4.03029669307807,7.23729296940001,26.3360591148619,33.1582549522097,6.82219583734781,5.23847762332347,61.5161682066608,55.6272204817266,-5.88894772493427,6.6602017508043,35.180109091799,22.4689655295169,-12.7111435622821,6.11195125803839
escs_h_min3,PRT,36,428.034272977219,416.507425042274,-11.5268479349452,4.93531937639789,453.697797634616,444.253471753482,-9.44432588113392,5.80147559470749,485.283236771948,475.862696729706,-9.42054004224229,5.44994950976878,524.573999248463,516.258860391699,-8.31513885676372,5.56828169104264,25.6635246573965,27.7460467112078,2.08252205381132,4.8558061458227,57.2489637947291,59.355271687432,2.10630789270294,5.51617641320308,96.5397262712435,99.751435349425,3.21170907818151,6.70646683008269,31.5854391373326,31.6092249762242,0.0237858388916266,5.39212666146643,70.876201613847,72.0053886382172,1.1291870243702,6.76641229848563,39.2907624765144,40.396163661993,1.10540118547857,5.78209001068599
escs_h_min3,SVK,36,401.545991925978,410.852709525275,9.30671759929766,6.40449422797421,455.031859522904,463.568214144726,8.53635462182211,5.87214871947591,477.689277644785,488.627228723151,10.9379510783655,5.25360744884364,524.358312213854,531.42199051714,7.063678303286,5.76811138445869,53.485867596926,52.7155046194504,-0.770362977475543,6.8079559388821,76.1432857188076,77.7745191978755,1.63123347906787,7.5943435450895,122.812320287877,120.569280991865,-2.24303929601166,8.85598043579012,22.6574181218816,25.059014578425,2.40159645654342,6.69393596219409,69.3264526909507,67.8537763724145,-1.47267631853612,7.51833320280296,46.669034569069,42.7947617939895,-3.87427277507953,5.92100085914841
escs_h_min3,SVN,36,443.329039320065,425.537891145051,-17.7911481750141,4.04559066346852,470.557412005103,450.629156524779,-19.9282554803233,4.05999933870529,503.846472206675,482.22302734664,-21.6234448600353,4.22241398386502,522.861944397444,502.139658254224,-20.7222861432202,3.64279069329775,27.2283726850379,25.0912653797287,-2.1371073053092,5.49743258171579,60.5174328866101,56.6851362015889,-3.83229668502116,5.72985556955588,79.532905077379,76.601767109173,-2.93113796820603,5.80514218982754,33.2890602015722,31.5938708218602,-1.69518937971196,5.73953852577429,52.3045323923411,51.5105017294442,-0.79403066289683,6.13956035832883,19.0154721907689,19.916630907584,0.901158716815132,6.02892334370682
escs_h_min3,SWE,36,439.490686323209,422.911965221223,-16.5787211019862,3.95721571033695,469.359897358423,459.036031889767,-10.3238654686559,4.66155477852657,500.124767609062,493.985058496339,-6.13970911272264,4.97599681324664,528.003054336973,508.094021574605,-19.9090327623672,5.12065567654279,29.8692110352137,36.124066668544,6.25485563333029,5.38209009424435,60.6340812858525,71.073093275116,10.4390119892635,5.71797173282346,88.5123680137635,85.1820563533825,-3.33031166038109,6.10771894329365,30.7648702506389,34.9490266065721,4.18415635593323,5.63421029536764,58.6431569785499,49.0579896848385,-9.58516729371138,5.75537789411481,27.878286727911,14.1089630782664,-13.7693236496446,5.60090284965889
escs_h_min3,TUR,36,422.935684846063,420.883858305073,-2.05182654099008,4.13280458350584,439.182243964475,447.666314162339,8.48407019786413,3.85617388313659,450.693614662189,464.164422138413,13.4708074762245,4.52188425160815,500.010889293982,522.957722961687,22.9468336677044,5.68478277582874,16.2465591184119,26.7824558572661,10.5358967388542,4.78001912302923,27.7579298161255,43.2805638333401,15.5226340172146,5.57585765669246,77.0752044479194,102.073864656614,24.9986602086945,6.94436892417865,11.5113706977136,16.498107976074,4.98673727836041,4.72473777131882,60.8286453295075,75.2914087993478,14.4627634698403,6.86638488338365,49.3172746317939,58.7933008232738,9.47602619147989,6.36923299189334
escs_h_min3,USA,36,423.353133966184,422.276068738124,-1.0770652280591,6.77998314570623,445.948555841024,452.255540365644,6.30698452462008,8.94938154109378,473.262673365503,465.58995093101,-7.67272243449287,10.2063832849238,518.690023527241,521.786026403724,3.096002876483,18.6630239478313,22.5954218748406,29.9794716275197,7.38404975267918,9.03057981528013,49.9095393993196,43.3138821928858,-6.59565720643377,10.3949083565103,95.3368895610573,99.5099576655994,4.1730681045421,19.2894079443791,27.314117524479,13.3344105653661,-13.9797069591129,10.3638517250097,72.7414676862168,69.5304860380797,-3.21098164813708,17.5353185110603,45.4273501617378,56.1960754727136,10.7687253109759,14.2248056766799
escs_h_min3,OECD,36,434.717412259493,426.876349844646,-7.8410624148475,0.80187536597541,462.40267131781,457.532695838891,-4.86997547891883,0.872654521432525,489.379836945055,484.90348104874,-4.47635589631477,0.83816400852347,519.469540655489,513.370212465822,-6.09932818966706,1.04775844559664,27.6852590583163,30.656345994245,2.97108693592867,0.994988109064209,54.6624246855618,58.0271312040945,3.36470651853273,0.964593584022101,84.7521283959956,86.493862621176,1.74173422518044,1.22830605696617,26.9771656272454,27.3707852098495,0.39361958260406,0.895994690729948,57.0668693376792,55.837516626931,-1.22935271074823,1.12357884606209,30.0897037104338,28.4667314170815,-1.62297229335229,1.05808733693552
escs_h_min3,OECD35,35,434.686073698704,427.045519376055,-7.64055432264905,0.821500807210583,462.46652258133,457.839660349782,-4.6268622315485,0.894625695383109,489.458588184851,485.147540567761,-4.31104761708951,0.85717264796906,519.601806365999,513.76860867415,-5.83319769184868,1.07259050773939,27.7804488826264,30.7941409737269,3.01369209110055,1.00416086117429,54.7725144861469,58.1020211917065,3.32950670555954,0.976341317794794,84.9157326672949,86.7230892980953,1.80735663080037,1.2530405246605,26.9920656035205,27.3078802179795,0.315814614458986,0.913703404401898,57.1352837846686,55.9289483243684,-1.20633546030018,1.15731615004205,30.143218181148,28.6210681063889,-1.52215007475917,1.08282735225378
