index,cnt,n_systems,Q1_2022,Q1_2025,Q1_change,Q1_se,Q2_2022,Q2_2025,Q2_change,Q2_se,Q3_2022,Q3_2025,Q3_change,Q3_se,Q4_2022,Q4_2025,Q4_change,Q4_se,Q2-Q1_2022,Q2-Q1_2025,Q2-Q1_change,Q2-Q1_se,Q3-Q1_2022,Q3-Q1_2025,Q3-Q1_change,Q3-Q1_se,Q4-Q1_2022,Q4-Q1_2025,Q4-Q1_change,Q4-Q1_se,Q3-Q2_2022,Q3-Q2_2025,Q3-Q2_change,Q3-Q2_se,Q4-Q2_2022,Q4-Q2_2025,Q4-Q2_change,Q4-Q2_se,Q4-Q3_2022,Q4-Q3_2025,Q4-Q3_change,Q4-Q3_se
homepos_recodes3,AUS,36,451.306989277119,444.311450259495,-6.99553901762408,4.26468244452219,483.244839655137,477.507620919154,-5.73721873598248,3.76668956271346,502.024592219276,493.909146654735,-8.11544556454089,3.8388281770339,515.582257025072,501.315722096859,-14.266534928213,3.95519373929881,31.937850378018,33.1961706596596,1.2583202816416,4.49380589026568,50.7176029421577,49.5976963952409,-1.11990654691681,4.54684771875374,64.2752677479537,57.0042718373647,-7.27099591058897,4.91797928887538,18.7797525641397,16.4015257355813,-2.37822682855841,4.06460434952541,32.3374173699357,23.8081011777051,-8.52931619223057,4.15182794373466,13.557664805796,7.40657544212382,-6.15108936367216,4.09914889143401
homepos_recodes3,AUT,36,436.024130065173,434.014538025923,-2.00959203925032,6.20591756571071,486.568048626842,473.72279364041,-12.8452549864317,4.97895646327228,511.796684056303,497.172340921542,-14.6243431347612,4.73949561573934,517.935863915443,505.592829206511,-12.343034708932,4.34553706959118,50.5439185616693,39.7082556144879,-10.8356629471814,5.80528639036182,75.7725539911298,63.157802895619,-12.6147510955109,6.05798647967478,81.9117338502699,71.5782911805882,-10.3334426696817,6.85180001022994,25.2286354294606,23.4495472811311,-1.77908814832949,5.48069947865423,31.3678152886006,31.8700355661003,0.502220277499703,5.70034492529045,6.13917985914003,8.42048828496922,2.2813084258292,5.17020413966358
homepos_recodes3,BEL,36,435.796597246624,431.222109992687,-4.57448725393658,6.18706738260775,484.084944167266,476.577028535265,-7.50791563200136,5.28803601277798,510.964413742047,498.45987241399,-12.5045413280571,4.77855789004448,526.99282144559,518.325675639364,-8.66714580622579,4.98250525620769,48.2883469206419,45.3549185425771,-2.93342837806478,5.67421600279562,75.1678164954233,67.2377624213028,-7.93005407412051,6.72194735710507,91.1962241989656,87.1035656466764,-4.09265855228921,7.31825422888207,26.8794695747815,21.8828438787257,-4.99662569605573,5.31461412718469,42.9078772783237,41.7486471040993,-1.15923017422443,6.19978841871533,16.0284077035423,19.8658032253736,3.8373955218313,5.44708299957623
homepos_recodes3,CAN,36,469.466602300764,456.981885597587,-12.4847167031767,4.23928569623427,495.554537953816,487.876127290684,-7.67841066313179,3.52552388223009,510.586082292994,502.703799487279,-7.88228280571514,3.83985478187898,516.307626717498,503.754050468827,-12.5535762486711,4.04785073571932,26.0879356530518,30.8942416930967,4.80630604004489,4.07872957920669,41.1194799922303,45.7219138896918,4.60243389746154,4.68674269867388,46.8410244167337,46.7721648712393,-0.0688595454944334,5.19437131220765,15.0315443391784,14.8276721965951,-0.20387214258335,4.3420100496043,20.7530887636819,15.8779231781426,-4.87516558553932,4.55372903987901,5.72154442450346,1.05025098154749,-4.67129344295597,4.35655226618706
homepos_recodes3,CHE,36,458.823964207322,458.592779532834,-0.231184674488418,4.95703788474119,497.987668792982,495.32732213743,-2.66034665555162,4.90916975935904,525.329907585655,517.403366199783,-7.92654138587159,5.77930740680833,550.026522096596,529.091562726375,-20.9349593702208,5.32792618511511,39.1637045856597,36.7345426045965,-2.4291619810632,5.5241529937564,66.5059433783324,58.8105866669492,-7.69535671138317,6.45636044172068,91.2025578892738,70.4987831935415,-20.7037746957324,6.4466661559922,27.3422387926727,22.0760440623527,-5.26619473031997,6.01721228739225,52.0388533036141,33.764240588945,-18.2746127146692,5.96995625211049,24.6966145109415,11.6881965265923,-13.0084179843492,6.92943894346255
homepos_recodes3,CHL,36,381.785008438493,375.041801953122,-6.74320648537105,4.12954524729315,404.764870670416,394.480636410513,-10.2842342599022,4.55616577061096,422.096629080703,408.955185170077,-13.1414439106256,4.71360882276213,444.345597379642,438.129876192491,-6.21572118715034,4.78196006837388,22.9798622319222,19.438834457391,-3.54102777453119,4.53644759964949,40.3116206422092,33.9133832169546,-6.39823742525459,5.42560539386649,62.5605889411482,63.088074239369,0.527485298220711,5.59848017599492,17.331758410287,14.4745487595636,-2.85720965072341,5.13304155882058,39.580726709226,43.6492397819779,4.0685130727519,5.38869808733061,22.248968298939,29.1746910224143,6.9257227234753,5.30057533730132
homepos_recodes3,COL,36,351.191804859496,348.158817271867,-3.03298758762952,4.10679393051374,365.656784385273,368.076255249235,2.41947086396254,4.71932455249226,391.263179455048,390.194675751709,-1.06850370333888,6.08899877799332,427.473773973104,423.384476166801,-4.08929780630211,7.80882230797544,14.4649795257763,19.9174379773684,5.45245845159207,4.70331507208646,40.0713745955518,42.0358584798425,1.96448388429064,6.23782860730337,76.281969113607,75.2256588949344,-1.05631021867259,8.38094123747659,25.6063950697755,22.1184205024741,-3.48797456730142,5.08355025387733,61.8169895878307,55.3082209175661,-6.50876867026466,7.57872976561401,36.2105945180552,33.189800415092,-3.02079410296324,7.04792123022284
homepos_recodes3,CZE,36,442.343831675422,432.872368050546,-9.47146362487598,5.191653337724,485.625754234466,475.666478993886,-9.95927524057964,4.77489965660121,503.320143783114,491.314094192752,-12.0060495903615,5.03987316316079,515.589193501662,509.051164769286,-6.53802873237606,4.60740583992159,43.2819225590434,42.7941109433398,-0.487811615703663,5.29745093060653,60.9763121076915,58.4417261422059,-2.53458596548552,6.1546247098663,73.2453618262402,76.1787967187401,2.93343489249992,6.27622184964728,17.694389548648,15.6476151988662,-2.04677434978186,5.0177192455056,29.9634392671968,33.3846857754003,3.42124650820358,5.07891425038561,12.2690497185487,17.7370705765342,5.46802085798544,5.24003725970154
homepos_recodes3,DEU,36,427.141775182049,414.197334236196,-12.9444409458538,6.5768843838876,473.013827334028,460.555601262565,-12.4582260714634,6.98646251787339,500.871334664239,491.744852192173,-9.12648247206675,5.38581669251424,515.394713529094,510.235299778677,-5.15941375041689,5.19934763249718,45.8720521519786,46.358267026369,0.486214874390441,6.65220850643999,73.7295594821901,77.5475179559771,3.81795847378709,6.73158403478487,88.2529383470445,96.0379655424815,7.78502719543695,7.51730664763842,27.8575073302115,31.1892509296081,3.33174359939665,6.14660616742269,42.380886195066,49.6796985161125,7.29881232104651,7.37748504095772,14.5233788648545,18.4904475865043,3.96706872164987,6.01987967740874
homepos_recodes3,DNK,36,459.434514288144,442.342921842624,-17.0915924455197,5.20107128342362,489.492020835276,473.073951884899,-16.4180689503768,4.45990727669262,505.539472816987,488.004097148899,-17.5353756680878,4.96307290467327,506.173872013462,485.510436752515,-20.663435260947,4.72973161124945,30.057506547132,30.7310300422749,0.673523495142888,5.786497963924,46.1049585288426,45.6611753062745,-0.443783222568072,5.97530315194359,46.7393577253177,43.1675149098904,-3.57184281542726,5.84218834361278,16.0474519817106,14.9301452639996,-1.11730671771096,6.26478680399536,16.6818511781857,12.4364848676155,-4.24536631057015,5.77916843131914,0.634399196475101,-2.49366039638409,-3.12805959285919,6.36136456411809
homepos_recodes3,ESP,36,435.946375531314,423.510990657215,-12.4353848740988,3.75583204902939,468.171739211122,455.221298487419,-12.9504407237035,3.27531004152527,487.017070740408,471.858170700658,-15.1589000397506,3.20542507610755,504.403106876503,487.721272710543,-16.6818341659598,3.31438270413465,32.2253636798082,31.7103078302035,-0.515055849604721,3.79368161151309,51.070695209094,48.3471800434421,-2.72351516565186,3.750650941466,68.4567313451884,64.2102820533274,-4.24644929186104,4.40309408657127,18.8453315292858,16.6368722132386,-2.20845931604714,3.14849439030537,36.2313676653802,32.4999742231239,-3.73139344225632,3.27541627566023,17.3860361360944,15.8631020098853,-1.52293412620918,3.2501979927149
homepos_recodes3,EST,36,479.174478337277,478.187538701084,-0.986939636192801,4.54309989521631,508.763185847994,506.994045312541,-1.76914053545352,4.39785273100567,519.669536706948,518.95784138903,-0.711695317917929,5.10753355784167,534.041483687128,529.36605936543,-4.67542432169762,4.77788318032482,29.588707510717,28.8065066114563,-0.782200899260715,5.21282239508706,40.495058369671,40.7703026879459,0.275244318274872,5.53352287184346,54.8670053498504,51.1785206643456,-3.68848468550482,5.74223005573902,10.906350858954,11.9637960764896,1.05744521753559,5.79487216434694,25.2782978391334,22.3720140528893,-2.9062837862441,5.47201672008931,14.3719469801794,10.4082179763997,-3.96372900377969,5.47503497712359
homepos_recodes3,FIN,36,455.897819667954,447.664007153128,-8.23381251482522,4.20971399832519,485.763774719823,470.158892556068,-15.6048821637557,4.02354246616395,495.866863662568,482.134224964807,-13.7326386977613,4.32240001871895,502.29853527885,484.839389219247,-17.4591460596033,4.49617088326696,29.8659550518697,22.4948854029392,-7.37106964893053,4.36929236154869,39.9690439946148,34.4702178116787,-5.49882618293606,4.6892270980912,46.4007156108966,37.1753820661186,-9.22533354477804,4.66894653744404,10.103088942745,11.9753324087395,1.87224346599447,5.13804786208493,16.5347605590269,14.6804966631794,-1.85426389584751,4.61093854304337,6.43167161628185,2.70516425443986,-3.72650736184198,5.22461550308589
homepos_recodes3,FRA,36,425.811127370541,414.490171817185,-11.3209555533566,5.56632015646581,465.092548819754,451.664999800036,-13.4275490197185,5.00297286799616,489.99389104074,473.502199762034,-16.4916912787065,5.11282071208807,515.653396722906,499.785067220175,-15.8683295027302,5.34838923141488,39.2814214492128,37.1748279828509,-2.10659346636191,5.30453199938467,64.1827636701989,59.0120279448491,-5.17073572534986,5.97855822195189,89.8422693523642,85.2948954029906,-4.54737394937359,6.53599001354742,24.9013422209861,21.8371999619982,-3.06414225898794,4.89879115986239,50.5608479031514,48.1200674201397,-2.44078048301168,5.29375241108233,25.6595056821653,26.2828674581415,0.623361775976264,4.80253425304863
homepos_recodes3,GBR,36,459.840069286772,454.787737003804,-5.05233228296726,5.40377615248162,482.069044894609,482.639660361413,0.570615466804497,4.80706276251367,502.210905337434,497.790551246127,-4.42035409130648,5.61785841148773,523.573151903249,523.376966539265,-0.196185363983886,6.07284330462375,22.2289756078373,27.8519233576091,5.62294774977175,6.45078902271618,42.3708360506623,43.0028142423231,0.631978191660778,7.01281217148584,63.7330826164778,68.5892295354611,4.85614691898337,7.91915599976108,20.141860442825,15.150890884714,-4.99096955811098,6.63494625136938,41.5041070086405,40.7373061778521,-0.766800830788384,6.87499400881249,21.3622465658154,25.586415293138,4.22416872732259,6.74766226332329
homepos_recodes3,GRC,36,403.524596196728,394.606112272054,-8.91848392467381,4.53874289708202,429.000718241585,423.457809703492,-5.54290853809289,5.35748990904875,441.521857034606,439.731117913666,-1.79073912093997,5.20847863442968,448.025731227129,440.766230790116,-7.25950043701255,5.56848010673041,25.4761220448567,28.8516974314376,3.37557538658092,5.30349186968155,37.9972608378782,45.125005641612,7.12774480373383,5.66446724476938,44.5011350304005,46.1601185180618,1.65898348766126,5.91858170690278,12.5211387930215,16.2733082101744,3.75216941715291,5.17667665405352,19.0250129855439,17.3084210866242,-1.71659189891966,5.92234168066457,6.50387419252235,1.03511287644977,-5.46876131607257,5.16282537407169
homepos_recodes3,HUN,36,418.385274529832,409.130515365265,-9.25475916456617,5.58026649679571,466.640572863763,455.968748829571,-10.6718240341912,4.93565296021903,492.590093233648,478.14393649856,-14.4461567350881,5.13823623873106,515.248878968953,498.267444123106,-16.9814348458469,5.51983863508408,48.2552983339309,46.8382334643059,-1.41706486962505,5.70558074801838,74.2048187038167,69.0134211332948,-5.19139757052193,6.61693652308449,96.8636044391216,89.1369287578409,-7.72667568128071,7.44090700134504,25.9495203698858,22.1751876689889,-3.77433270089688,5.10408093723336,48.6083061051907,42.2986952935351,-6.30961081165566,5.89056142577411,22.6587857353049,20.1235076245461,-2.53527811075878,5.24299775225259
homepos_recodes3,IRL,36,461.649493942817,447.94517275506,-13.7043211877565,4.78461541049611,486.318929317786,476.161954143834,-10.1569751739515,4.62828184089828,504.202637533791,494.264066427391,-9.93857110640039,4.22263723975945,516.63420790467,503.882607334983,-12.7516005696871,4.04109183339151,24.6694353749688,28.2167813887738,3.547346013805,5.36493094200431,42.5531435909747,46.3188936723308,3.76575008135615,5.37577927465399,54.9847139618532,55.9374345799226,0.952720618069463,5.75846408863672,17.8837082160059,18.1021122835571,0.218404067551148,5.41449433547566,30.3152785868844,27.7206531911489,-2.59462539573553,5.35668441673078,12.4315703708785,9.61854090759181,-2.81302946328668,4.68360960389414
homepos_recodes3,ISL,36,436.874094597795,418.892121524627,-17.9819730731679,4.74899441949301,461.648918390158,453.073631546687,-8.57528684347022,4.82227257815026,466.696397663028,465.078335128429,-1.61806253459889,4.43785823199008,473.241381060395,467.833413230633,-5.40796782976247,4.89805032206004,24.7748237923628,34.1815100220605,9.4066862296977,6.81985889974668,29.8223030652328,46.1862136038018,16.363910538569,6.43703202146336,36.3672864626005,48.941291706006,12.5740052434055,6.38044342082715,5.04747927287002,12.0047035817414,6.95722430887133,6.59411438630339,11.5924626702378,14.7597816839455,3.16731901370775,6.69653064744332,6.54498339736773,2.75507810220415,-3.78990529516358,6.34087433103605
homepos_recodes3,ISR,36,400.570617547121,398.991244985123,-1.57937256199858,5.67657769441975,458.456966521243,438.849190295199,-19.6077762260441,5.46280221918647,484.937019567746,453.113548383477,-31.8234711842692,6.18953646992781,494.943355708865,466.614334186435,-28.3290215224305,6.81808372608392,57.8863489741217,39.8579453100762,-18.0284036640455,6.06719446447616,84.3664020206247,54.1223033983541,-30.2440986222706,6.38412613832916,94.3727381617439,67.623089201312,-26.749648960432,6.8737617007441,26.480053046503,14.2643580882779,-12.2156949582251,5.92057055478883,36.4863891876223,27.7651438912358,-8.72124529638643,6.7645956692106,10.0063361411193,13.5007858029579,3.49444966183864,6.61878484877102
homepos_recodes3,ITA,36,434.899868343064,426.058630099227,-8.84123824383772,4.91198329754266,465.642916984437,461.60271566393,-4.04020132050709,5.78874165847572,484.856169693279,485.597808029716,0.741638336436552,5.64907749846361,501.304664089814,499.380952157867,-1.92371193194742,5.83180135415694,30.7430486413723,35.5440855647029,4.80103692333063,5.50195953040195,49.9563013502146,59.5391779304889,9.58287658027427,5.88925152889451,66.4047957467498,73.3223220586401,6.9175263118903,6.31876478173047,19.2132527088423,23.995092365786,4.78183965694365,5.60443232036783,35.6617471053775,37.7782364939371,2.11648938855967,5.7323091745052,16.4484943965351,13.7831441281512,-2.66535026838397,4.90049650006844
homepos_recodes3,JPN,36,505.979086646241,496.837115836426,-9.14197080981535,7.97958097897815,537.121227601845,528.6148213735,-8.50640622834544,6.00814822427026,549.744238539935,538.616008170005,-11.1282303699297,6.025804440743,550.798913249715,542.164401200744,-8.63451204897069,6.89505128763518,31.1421409556044,31.7777055370743,0.635564581469907,7.87134907483044,43.7651518936942,41.7788923335799,-1.98625956011438,7.03440908854292,44.8198266034738,45.3272853643184,0.507458760844656,8.55974992952092,12.6230109380898,10.0011867965055,-2.62182414158428,6.2100326679069,13.6776856478693,13.5495798272441,-0.128105820625251,6.48443751781822,1.05467470977953,3.54839303073857,2.49371832095903,5.72765937813246
homepos_recodes3,KOR,36,485.290938894962,480.427612239311,-4.86332665565141,7.74521400133376,525.529075539937,520.848420263676,-4.68065527626072,7.40320550632019,543.546321853716,538.622127171138,-4.92419468257856,6.25207770177168,557.040704539594,554.011197828287,-3.02950671130657,7.92101385783307,40.2381366449749,40.4208080243656,0.182671379390683,6.8716449079721,58.2553829587541,58.1945149318269,-0.0608680269271531,8.08353509560932,71.7497656446315,73.5835855889764,1.83381994434484,9.5333785791523,18.0172463137792,17.7737069074614,-0.243539406317836,6.7174546370488,31.5116289996566,33.1627775646108,1.65114856495416,7.712386349744,13.4943826858774,15.3890706571494,1.89468797127199,7.3961277930404
homepos_recodes3,LTU,36,442.835200014535,441.774375858773,-1.06082415576157,4.37435800185923,472.203971365266,468.338465643791,-3.86550572147416,3.99256247498909,487.669494880948,480.812716845127,-6.85677803582064,4.10213482809563,500.408725220144,492.876818711286,-7.5319065088579,4.57830566028245,29.3687713507308,26.5640897850182,-2.8046815657126,4.89823827133535,44.8342948664131,39.038340986354,-5.79595388005907,5.26805516143848,57.5735252056095,51.1024428525132,-6.47108235309634,5.44571421436821,15.4655235156823,12.4742512013358,-2.99127231434647,4.85368386515185,28.2047538548788,24.5383530674951,-3.66640078738374,5.31900609539297,12.7392303391965,12.0641018661592,-0.675128473037262,5.35361824445976
homepos_recodes3,LVA,36,455.078155059688,432.550483760758,-22.5276712989302,4.18216476675542,480.521659415291,461.000001855649,-19.5216575596422,4.18623339653077,491.291129579235,471.37475646292,-19.9163731163156,4.20640534629991,506.726714058596,480.564188613618,-26.1625254449783,3.83811621166052,25.4435043556032,28.4495180948912,3.00601373928805,4.79301536485961,36.212974519547,38.8242727021616,2.61129818261463,4.91661468514443,51.6485589989077,48.0137048528596,-3.6348541460481,4.63909303135653,10.7694701639438,10.3747546072704,-0.394715556673418,4.4473946447101,26.2050546433045,19.5641867579683,-6.64086788533615,4.74088941504817,15.4355844793607,9.18943215069794,-6.24615232866273,4.83484296533637
homepos_recodes3,MEX,36,368.328725808154,363.792781869938,-4.53594393821595,3.67760427460027,388.673920765389,382.42176275324,-6.25215801214841,3.78483566584465,403.083638250635,393.590792854772,-9.4928453958625,4.68808930156225,420.58704065365,411.69519045632,-8.89185019733071,5.43614637272128,20.3451949572346,18.6289808833022,-1.71621407393246,4.2408057341092,34.7549124424807,29.7980109848341,-4.95690145764655,4.93689788464427,52.2583148454964,47.9024085863816,-4.35590625911476,6.1204388217951,14.409717485246,11.1690301015319,-3.24068738371409,4.33400351509014,31.9131198882618,29.2734277030795,-2.6396921851823,5.55531150205965,17.5034024030157,18.1043976015475,0.600995198531791,5.14459158918203
homepos_recodes3,NLD,36,439.894629069473,441.206737623964,1.31210855449046,7.6116449506989,496.971886668718,487.839964829571,-9.13192183914657,6.08761058924721,514.960639582669,502.111258261539,-12.8493813211301,6.01604114614537,525.473831580984,507.589892096076,-17.8839394849075,6.43038426583466,57.0772575992441,46.6332272056071,-10.444030393637,6.64327854496305,75.0660105131957,60.9045206375752,-14.1614898756205,7.95538637736678,85.5792025115103,66.3831544721123,-19.196048039398,8.66088856845032,17.9887529139516,14.2712934319681,-3.7174594819835,6.5731328237605,28.5019449122662,19.7499272665053,-8.75201764576093,6.90778870821617,10.5131919983146,5.47863383453716,-5.03455816377743,7.36119369804975
homepos_recodes3,NOR,36,439.80687539807,425.597001627144,-14.2098737709262,4.70225229772747,467.501503197174,453.027831004349,-14.4736721928251,4.69879569575514,485.975394817779,468.655356586067,-17.3200382317128,4.81221953099965,486.181082944012,469.784909017071,-16.3961739269409,4.83703876110254,27.6946277991036,27.4308293772047,-0.263798421898912,5.98772945051084,46.1685194197094,43.0583549589227,-3.11016446078662,5.53349804762103,46.3742075459421,44.1879073899274,-2.18630015601474,6.28646247101677,18.4738916206057,15.627525581718,-2.84636603888771,5.33079154087012,18.6795797468385,16.7570780127227,-1.92250173411583,5.59656423744695,0.205688126232758,1.12955243100464,0.923864304771882,5.97684230098365
homepos_recodes3,NZL,36,435.0022933874,440.692298975968,5.69000558856766,5.31863878380361,480.229082670229,473.344896745044,-6.88418592518451,5.23849341679759,497.232068822878,499.929352032793,2.69728320991533,4.99330756571249,508.485549832351,513.685976916065,5.20042708371472,5.28835387658183,45.2267892828289,32.6525977690768,-12.5741915137522,6.33508744369214,62.2297754354777,59.2370530568254,-2.99272237865233,6.80080216198347,73.4832564449507,72.9936779400978,-0.489578504852943,7.14605282706298,17.0029861526488,26.5844552877487,9.58146913509984,6.35203306461757,28.2564671621218,40.341080171021,12.0846130088992,6.96101934049434,11.253481009473,13.7566248832724,2.50314387379939,6.93053475018315
homepos_recodes3,POL,36,455.647961462672,457.673864673653,2.02590321098148,4.84288138494277,487.491021618025,483.227415872669,-4.26360574535585,4.9668558189329,502.615125541292,493.393902995311,-9.22122254598088,4.7843714544399,511.772900788816,509.122678616471,-2.65022217234468,5.42333783904616,31.8430601553525,25.5535511990152,-6.28950895633733,5.27209432024758,46.9671640786197,35.7200383216573,-11.2471257569624,5.31753000820198,56.124939326144,51.4488139428178,-4.67612538332617,6.4755003645046,15.1241039232671,10.1664871226421,-4.95761680062503,5.34511733085204,24.2818791707915,25.8952627438026,1.61338357301116,6.01065495040252,9.15777524752434,15.7287756211605,6.5710003736362,5.2241789081817
homepos_recodes3,PRT,36,426.001104464956,417.968494892339,-8.03260957261745,5.95150767458502,464.667079186005,449.81073056681,-14.8563486191949,6.27945391291577,487.343642595891,474.624805627107,-12.7188369687843,5.70032040949024,511.461632144919,499.397359876342,-12.0642722685763,5.34937183685825,38.6659747210489,31.8422356744714,-6.82373904657749,6.1246768088048,61.3425381309355,56.6563107347686,-4.68622739616689,6.37900668683554,85.4605276799627,81.4288649840039,-4.03166269595886,7.24553034347944,22.6765634098866,24.8140750602972,2.1375116504106,5.9218561109222,46.7945529589138,49.5866293095325,2.79207635061863,6.89680371743345,24.1179895490272,24.7725542492352,0.654564700208027,5.53161514524062
homepos_recodes3,SVK,36,396.448475651311,413.179132961202,16.7306573098911,7.85198557954979,467.576393542472,470.195897551507,2.6195040090343,5.50557812257008,489.053759996302,490.658590959252,1.60483096294968,5.11847376316657,504.113973030161,506.943112649539,2.82913961937823,5.81617571747737,71.127917891161,57.0167645903043,-14.1111533008568,7.86389468093491,92.6052843449907,77.4794579980493,-15.1258263469414,8.53974178254802,107.665497378849,93.7639796883366,-13.9015176905128,9.84191099395651,21.4773664538297,20.4626934077451,-1.01467304608462,5.71129033530721,36.5375794876884,36.7472150980323,0.209635610343923,6.92532332009587,15.0602130338587,16.2845216902873,1.22430865642855,6.2957113903722
homepos_recodes3,SVN,36,452.472022275037,427.322469163074,-25.1495531119638,4.79705968879902,487.363927706831,461.903040809239,-25.4608868975921,4.13988337017297,496.997217936537,478.918378436535,-18.0788395000027,4.0741647778036,501.790976269598,477.445861028683,-24.3451152409152,3.71152587682257,34.8919054317938,34.5805716461655,-0.311333785628335,6.0456399903507,44.5251956614999,51.595909273461,7.07071361196108,6.22863260366821,49.318953994561,50.1233918656096,0.804437871048549,6.26429977529249,9.63329022970606,17.0153376272955,7.38204739758942,5.82730508844378,14.4270485627672,15.5428202194441,1.11577165667688,5.47501389526041,4.79375833306114,-1.4725174078514,-6.26627574091253,5.55348499434576
homepos_recodes3,SWE,36,436.411790279981,429.790985788484,-6.62080449149732,5.11561322749121,480.752650955288,465.719422541721,-15.0332284135671,5.08133268085635,502.187145077393,486.237467143598,-15.9496779337948,4.93506445961562,511.109309498582,485.123214118549,-25.9860953800334,5.01938282962036,44.3408606753064,35.9284367532366,-8.41242392206982,6.05760355229029,65.7753547974112,56.4464813551138,-9.32887344229744,6.22336691525561,74.6975192186009,55.3322283300648,-19.3652908885361,6.56978371957035,21.4344941221049,20.5180446018773,-0.916449520227616,5.98156567559593,30.3566585432945,19.4037915768282,-10.9528669664663,5.52957730783471,8.92216442118962,-1.11425302504904,-10.0364174462387,5.65674559631507
homepos_recodes3,TUR,36,411.914198555147,418.527187146362,6.61298859121467,4.7417281779412,445.020840898043,448.647578465747,3.62673756770334,4.66944505371534,464.872211525423,481.604708262154,16.7324967367318,4.16060231429229,491.111331626944,498.38783048639,7.27649885944578,6.11164415745986,33.106642342896,30.1203913193847,-2.98625102351133,5.30195330359309,52.9580129702752,63.0775211157923,10.1195081455171,5.61452731717591,79.1971330717967,79.8606433400278,0.663510268231107,7.59119725143539,19.8513706273792,32.9571297964076,13.1057591690284,4.55143788416099,46.0904907289007,49.7402520206431,3.64976129174244,7.58699263685527,26.2391201015215,16.7831222242355,-9.45599787728599,6.61804938298854
homepos_recodes3,USA,36,424.007003978002,423.593165994478,-0.413837983524729,7.11579401086647,446.323169248066,451.285820146254,4.96265089818826,9.89273975669158,482.241167154726,474.434747164215,-7.80641999051079,13.4988167676146,507.190654973814,500.746306452244,-6.44434852156974,15.2784616571332,22.3161652700636,27.6926541517765,5.37648888171299,10.356516081862,58.2341631767233,50.8415811697373,-7.39258200698606,13.7768549933763,83.1836509958113,77.1531404577663,-6.03051053804501,16.3718281078044,35.9179979066598,23.1489270179607,-12.769070888699,11.7459294179073,60.8674857257478,49.4604863059898,-11.406999419758,11.9874198243271,24.949487819088,26.3115592880291,1.36207146894105,15.5935311388508
homepos_recodes3,OECD,36,436.13909705104,429.525943264126,-6.6131537869145,1.50494258112029,471.430833967954,462.913412040194,-8.51742192775993,1.48323570488542,490.338002168498,480.933838876371,-9.40416329212673,1.50466432418083,504.428985428819,493.771215798422,-10.6577696303974,1.54800753331081,35.2917369169139,33.3874687760685,-1.90426814084543,0.980210749641417,54.1989051174575,51.4078956122453,-2.79100950521223,1.0753718671179,68.2898883777791,64.2452725342962,-4.04461584348292,1.20237294206015,18.9071682005436,18.0204268361768,-0.886741364366799,0.960944094057691,32.9981514608652,30.8578037582277,-2.14034770263748,1.04228247303796,14.0909832603216,12.8373769220509,-1.25360633827069,1.03710273349053
homepos_recodes3,OECD35,35,436.144603380175,429.697799052895,-6.44680432728069,1.51642822271614,471.523950961007,463.133186713131,-8.39076424787572,1.49455315359692,490.432885923586,481.193143681392,-9.2397422421945,1.51716721166245,504.429724816029,493.944071315219,-10.4856535008099,1.56243328450494,35.3793475808312,33.4353876602361,-1.94395992059503,1.0023734182193,54.2882825434107,51.4953446284969,-2.79293791491381,1.10089350252147,68.2851214358531,64.2462722623239,-4.03884917352923,1.23031134570722,18.9089349625796,18.0599569682608,-0.848977994318773,0.984297510334566,32.905773855022,30.8108846020878,-2.09488925293419,1.06796958486443,13.9968388924424,12.750927633827,-1.24591125861542,1.06268454376082
homepos_recodes10,AUS,36,451.718191407764,445.13265181844,-6.58553958932333,4.13676003123764,483.768059988814,477.451861827215,-6.3161981615998,3.76541299626987,502.122758417028,493.902252538733,-8.22050587829523,3.79253794218927,515.733778974724,501.464054966656,-14.2697240080684,3.96524068477301,32.0498685810509,32.3192100087745,0.269341427723532,4.17752184149602,50.4045670092648,48.769600720293,-1.6349662889719,4.45076897539822,64.0155875669605,56.3314031482155,-7.68418441874502,4.83732315451763,18.3546984282139,16.4503907115185,-1.90430771669543,4.00037701245851,31.9657189859096,24.012193139441,-7.95352584646855,4.06804211961019,13.6110205576957,7.56180242792254,-6.04921812977312,4.15333142944322
homepos_recodes10,AUT,36,436.868479283435,434.514952824498,-2.35352645893641,6.19798262298177,487.05112510784,474.001400318375,-13.049724789465,5.00550781334457,511.969706350669,497.019988500276,-14.9497178503931,4.6878864087243,518.105084005776,505.548570617941,-12.556513387835,4.31416317110726,50.1826458244057,39.4864474938771,-10.6961983305286,5.81877178288652,75.1012270672346,62.5050356757779,-12.5961913914567,6.08813205643383,81.2366047223412,71.0336177934426,-10.2029869288986,6.79875735012935,24.9185812428289,23.0185881819008,-1.89999306092813,5.49444848676528,31.0539588979355,31.5471702995654,0.493211401629992,5.69662574853811,6.13537765510654,8.52858211766466,2.39320446255812,5.12692235363163
homepos_recodes10,BEL,36,436.773749897289,433.779913779216,-2.99383611807343,5.91779458213922,484.84922628666,477.473416163125,-7.37581012353536,5.20393329661548,510.972095311472,499.488765183763,-11.4833301277089,4.72706879079736,527.155067673141,518.470374889804,-8.68469278333771,4.94614302058151,48.0754763893708,43.6935023839089,-4.38197400546193,5.44609359150594,74.198345414183,65.7088514045475,-8.48949400963551,6.44411300930022,90.3813177758524,84.6904611105881,-5.69085666526428,7.15277147421577,26.1228690248122,22.0153490206386,-4.10752000417358,5.0966937458928,42.3058413864816,40.9969587266792,-1.30888265980235,6.19539295169888,16.1829723616694,18.9816097060406,2.79863734437123,5.32476442173353
homepos_recodes10,CAN,36,470.741366426575,458.218398678958,-12.5229677476171,4.24442198268842,495.731474228196,488.614211973242,-7.11726225495437,3.59331147700884,510.841221888435,502.875268511526,-7.96595337690923,3.85498035982569,516.430037475398,503.936231645022,-12.4938058303758,4.02710595929141,24.9901078016205,30.3958132942832,5.40570549266278,4.14984549182508,40.0998554618598,44.6568698325677,4.55701437070792,4.69604153603574,45.6886710488227,45.717832966064,0.0291619172413675,5.15344600619093,15.1097476602394,14.2610565382845,-0.848691121954857,4.43659489863526,20.6985632472022,15.3220196717808,-5.37654357542141,4.56656084121963,5.58881558696282,1.06096313349627,-4.52785245346655,4.33434098698438
homepos_recodes10,CHE,36,459.146053215478,458.975451305478,-0.170601910000755,4.9293309530514,498.168816807065,495.269272822729,-2.89954398433616,4.92394212242134,525.399921243632,517.669732238255,-7.73018900537738,5.73999636288762,550.345609962015,529.287432606393,-21.0581773556222,5.33268231007061,39.022763591587,36.2938215172516,-2.72894207433541,5.5475240766643,66.2538680281538,58.6942809327771,-7.55958709537663,6.41092537360926,91.1995567465368,70.3119813009154,-20.8875754456215,6.42328294932135,27.2311044365668,22.4004594155256,-4.83064502104122,6.02648083457406,52.1767931549499,34.0181597836638,-18.158633371286,6.02418980387893,24.9456887183831,11.6177003681382,-13.3279883502448,7.02314201420934
homepos_recodes10,CHL,36,383.214269607081,376.019387387894,-7.19488221918698,4.10319079742122,404.748527233721,395.178606991844,-9.56992024187701,4.5499628602642,422.116402755913,409.390924891212,-12.7254778647012,4.62460558109718,444.767838835116,439.031388717528,-5.73645011758759,4.75846223843999,21.5342576266392,19.1592196039492,-2.37503802269003,4.5757647151631,38.9021331488314,33.3715375033171,-5.53059564551421,5.33635702118684,61.5535692280343,63.0120013296337,1.45843210159939,5.65109206059737,17.3678755221922,14.212317899368,-3.15555762282418,5.12824734987655,40.0193116013951,43.8527817256845,3.83347012428942,5.35139090277695,22.6514360792029,29.6404638263165,6.9890277471136,5.05365666278007
homepos_recodes10,COL,36,351.757204517484,348.782597194322,-2.97460732316279,4.12628542315613,366.813669838294,368.7349771496,1.92130731130555,4.65626216534046,392.682067140991,391.134256282245,-1.5478108587464,6.1106237207197,428.903854779102,425.212135769785,-3.69171900931707,7.64293985074295,15.0564653208099,19.9523799552783,4.89591463446834,4.68238587443653,40.924862623507,42.3516590879234,1.42679646441638,6.19800139177112,77.146650261618,76.4295385754637,-0.717111686154283,8.22457935573364,25.8683973026971,22.3992791326451,-3.46911817005196,5.01169995713571,62.0901849408081,56.4771586201854,-5.61302632062262,7.51748094628433,36.221787638111,34.0778794875403,-2.14390815057067,6.88926394583515
homepos_recodes10,CZE,36,442.99836228925,433.442683161716,-9.55567912753406,5.2049061331359,486.065158407265,476.182376503753,-9.88278190351218,4.67764438880581,503.279516126676,491.645968890786,-11.6335472358895,5.10163054617651,515.529374621175,509.264041120572,-6.26533350060311,4.61449852157448,43.0667961180152,42.7396933420371,-0.327102775978119,5.25672465860301,60.2811538374257,58.2032857290702,-2.07786810835546,6.17460625524898,72.5310123319254,75.8213579588563,3.29034562693096,6.29663129877167,17.2143577194105,15.4635923870331,-1.75076533237734,5.05634429310325,29.4642162139102,33.0816646168192,3.61744840290908,4.99712060493979,12.2498584944997,17.6180722297861,5.36821373528642,5.39255435860331
homepos_recodes10,DEU,36,428.238391442404,415.705058653457,-12.5333327889476,6.28553021486384,473.291665792452,462.812428197265,-10.4792375951876,7.04652586354377,501.626961362396,492.095022622009,-9.53193874038698,5.39341977084205,515.570862943743,510.513717115837,-5.05714582790597,5.19844895120312,45.0532743500481,47.1073695438081,2.05409519376002,6.39131091671002,73.3885699199917,76.3899639685523,3.00139404856066,6.61160535152936,87.3324715013389,94.8086584623806,7.47618696104166,7.1753195730475,28.3352955699436,29.2825944247442,0.947298854800636,6.31644562755193,42.2791971512908,47.7012889185725,5.42209176728164,7.45693301298557,13.9439015813472,18.4186944938282,4.47479291248101,5.80218517019605
homepos_recodes10,DNK,36,459.64230660122,443.200019485709,-16.4422871155112,5.21139175651866,489.494507540222,473.279982299109,-16.2145252411131,4.47166143237502,505.672254253369,488.037098928782,-17.6351553245873,4.92466087019829,506.118953601877,485.818094745448,-20.3008588564288,4.73451817388088,29.8522009390015,30.0799628133996,0.227761874398141,5.83809797171794,46.029947652149,44.8370794430729,-1.1928682090761,6.0404884013734,46.4766470006567,42.6180752597391,-3.85857174091757,5.84279355943147,16.1777467131475,14.7571166296733,-1.42063008347424,6.14598725653165,16.6244460616552,12.5381124463395,-4.08633361531571,5.8511746565132,0.44669934850765,-2.21900418333382,-2.66570353184147,6.2787261673226
homepos_recodes10,ESP,36,436.243756423664,423.894999456111,-12.3487569675526,3.72361678492951,468.463705941018,455.594178279996,-12.8695276610216,3.30740583373351,486.96346134812,472.019673014152,-14.943788333968,3.19584582346398,504.509298569239,488.077897596168,-16.4314009730718,3.29773466722916,32.2199495173538,31.6991788238848,-0.52077069346899,3.84248020903815,50.7197049244561,48.1246735580407,-2.59503136641536,3.74865694099879,68.2655421455754,64.1828981400562,-4.08264400551917,4.3862407025057,18.4997554071023,16.425494734156,-2.07426067294637,3.17961732601781,36.0455926282216,32.4837193161714,-3.56187331205018,3.2530077410372,17.5458372211193,16.0582245820154,-1.48761263910382,3.19241064702553
homepos_recodes10,EST,36,479.174478337277,478.188822649705,-0.98565568757175,4.54237032411198,508.763185847994,507.143056032494,-1.62012981549975,4.40737476796464,519.669536706948,518.835958644567,-0.833578062381321,5.05424650561288,534.041483687128,529.593771555576,-4.44771213155116,4.77444472513891,29.588707510717,28.954233382789,-0.634474127928002,5.17877594018813,40.495058369671,40.6471359948615,0.152077625190429,5.51350594129946,54.8670053498504,51.404948905871,-3.46205644397941,5.70945429367657,10.906350858954,11.6929026120724,0.786551753118431,5.69991935767785,25.2782978391334,22.450715523082,-2.82758231605141,5.50261218870559,14.3719469801794,10.7578129110095,-3.61413406916984,5.40480301844553
homepos_recodes10,FIN,36,456.5797835636,448.785379728296,-7.7944038353038,4.22715466454008,486.290331813886,470.504443349114,-15.7858884647723,4.03664874274653,495.825453869048,482.381936638014,-13.4435172310339,4.22344240824753,502.427377243421,484.995001038351,-17.4323762050694,4.48773200777009,29.7105482502861,21.7190636208176,-7.99148462946852,4.49182349544951,39.2456703054478,33.5965569097177,-5.64911339573007,4.61448539516418,45.8475936798209,36.2096213100552,-9.63797236976563,4.64992084406985,9.53512205516165,11.8774932889001,2.34237123373845,4.99833630822676,16.1370454295347,14.4905576892376,-1.64648774029712,4.63375242659453,6.60192337437309,2.61306440033752,-3.98885897403557,5.21845174467936
homepos_recodes10,FRA,36,427.380583815546,415.939122833682,-11.4414609818643,5.28969198051214,465.717264875582,452.457223992267,-13.2600408833151,5.05271705868863,490.30445754518,474.03086573099,-16.2735918141904,5.10731816262614,516.130758508131,500.309612889432,-15.8211456186986,5.2957222649496,38.3366810600353,36.5181011585844,-1.81857990145085,5.00655012219821,62.923873729634,58.091742897308,-4.83213083232607,5.89994772910468,88.7501746925844,84.3704900557502,-4.37968463683427,6.30328090290186,24.5871926695987,21.5736417387235,-3.01355093087523,4.76276055069754,50.4134936325492,47.8523888971657,-2.56110473538342,5.20202906601583,25.8263009629504,26.2787471584422,0.452446195491802,4.7524058744996
homepos_recodes10,GBR,36,460.935862170411,455.30807427509,-5.62778789532098,5.36993729873122,482.424163201171,482.917644544206,0.493481343034659,5.02402108579727,502.342073981317,498.209973135784,-4.1321008455327,5.61881420352565,524.21877585316,523.457256344457,-0.761519508703486,6.04948145246055,21.4883010307601,27.6095702691158,6.12126923835564,6.71580688193805,41.4062118109062,42.9018988606944,1.49568704978827,6.90898783134428,63.2829136827495,68.149182069367,4.86626838661749,7.92847779593926,19.917910780146,15.2923285915787,-4.62558218856736,6.87714015976681,41.7946126519894,40.5396118002512,-1.25500085173815,6.8722394396195,21.8767018718434,25.2472832086726,3.37058133682922,6.76627941199762
homepos_recodes10,GRC,36,404.14042776845,395.49835265709,-8.6420751113593,4.50771565987809,429.61218095274,424.249940063763,-5.36224088897751,5.34183296519964,441.813438293393,440.199750464502,-1.61368782889167,5.25978402359245,448.313108378476,441.085391652747,-7.22771672572867,5.46711841696359,25.4717531842907,28.7515874066725,3.27983422238179,5.31738429385593,37.673010524944,44.7013978074116,7.02838728246763,5.69607075392975,44.172680610026,45.5870389956567,1.41435838563064,5.8427012252893,12.2012573406532,15.9498104007391,3.74855306008584,5.3519801313636,18.7009274257353,16.8354515889841,-1.86547583675116,5.93083317808562,6.49967008508207,0.885641188245074,-5.614028896837,5.20841349000427
homepos_recodes10,HUN,36,419.304430482052,410.206706550941,-9.0977239311112,5.60969603859553,467.847516221158,456.296949010468,-11.5505672106901,4.90408490551,492.987181073356,478.288745819968,-14.6984352533884,5.06773547323078,515.287169723549,498.872225221673,-16.4149445018759,5.49921378748721,48.5430857391054,46.0902424595266,-2.45284327957887,5.6795728493142,73.6827505913042,68.082039269027,-5.60071132227716,6.68671959492252,95.9827392414963,88.6655186707316,-7.31722057076473,7.41179060502744,25.1396648521987,21.9917968095004,-3.14786804269829,5.03531307295011,47.4396535023909,42.575276211205,-4.86437729118586,5.9590764364766,22.2999886501921,20.5834794017046,-1.71650924848757,5.14086445307932
homepos_recodes10,IRL,36,461.687946584984,448.416171163564,-13.2717754214206,4.81917292259768,486.61388415189,476.046952945339,-10.5669312065513,4.60831702068395,504.293448196763,494.428270927025,-9.86517726973824,4.23677692549653,516.657088141376,503.923208395589,-12.7338797457879,4.04914611122101,24.9259375669061,27.6307817817753,2.70484421486924,5.38453576044367,42.6055016117791,46.0120997634614,3.40659815168232,5.41736483133065,54.9691415563921,55.5070372320248,0.537895675632683,5.82209218271067,17.679564044873,18.3813179816861,0.701753936813077,5.43385040080723,30.043203989486,27.8762554502495,-2.16694853923656,5.32431692066119,12.363639944613,9.49493746856336,-2.86870247604963,4.73446809699644
homepos_recodes10,ISL,36,437.984226933069,419.511105870161,-18.4731210629073,4.7261665879375,461.742962655717,453.860663989353,-7.88229866636323,4.86775985114646,466.911134629545,464.986406187487,-1.92472844205793,4.53445895956375,473.642232465727,468.19710844254,-5.44512402318753,4.90505256154192,23.7587357226478,34.3495581191919,10.5908223965441,6.91260410678794,28.9269076964766,45.475300317326,16.5483926208494,6.52364902889445,35.6580055326584,48.6860025723782,13.0279970397198,6.30205328682885,5.16817197382881,11.1257421981341,5.9575702243053,6.70611585252272,11.8992698100106,14.3364444531863,2.43717464317569,6.68924873619528,6.73109783618179,3.21070225505218,-3.52039558112961,6.54151893591431
homepos_recodes10,ISR,36,405.546052907995,392.457935019516,-13.0881178884783,6.25281009777537,459.97284041633,441.83002077204,-18.1428196442894,6.0972497005927,490.004970078569,457.988852770689,-32.0161173078806,6.52162356438095,499.898400826804,471.099506158478,-28.7988946683258,6.55710909036603,54.4267875083352,49.3720857525242,-5.05470175581104,6.58185915193793,84.4589171705745,65.5309177511723,-18.9279994194022,6.6095640221859,94.352347918809,78.6415711389616,-15.7107767798474,7.2039426263968,30.0321296622393,16.1588319986481,-13.8732976635912,6.53866108729046,39.9255604104738,29.2694853864374,-10.6560750240364,6.80124385663934,9.89343074823449,13.1106533877893,3.21722263955479,6.9370120297223
homepos_recodes10,ITA,36,435.104602245057,426.066093577242,-9.03850866781471,4.92586230969389,465.737565263225,461.806172756782,-3.93139250644305,5.80079833693927,485.340821595509,485.624079111445,0.283257515935759,5.62861408961318,501.346829571479,499.355091266496,-1.99173830498268,5.83488038636013,30.632963018168,35.7400791795396,5.10711616137166,5.58583900442407,50.2362193504517,59.5579855342022,9.32176618375047,5.91410684832269,66.2422273264214,73.2889976892535,7.04677036283204,6.32875595120846,19.6032563322838,23.8179063546626,4.21465002237881,5.58458393332929,35.6092643082534,37.5489185097138,1.93965420146037,5.74287185070822,16.0060079759697,13.7310121550512,-2.27499582091843,4.85986916932097
homepos_recodes10,JPN,36,506.083433577191,497.356786067447,-8.7266475097436,7.99037041058935,537.129799908282,528.756925508626,-8.37287439965576,5.97687661665561,549.959210318563,538.661460096407,-11.2977502221557,6.00206035995237,551.002640478612,542.27909149965,-8.72354897896139,6.92193695406504,31.0463663310913,31.4001394411791,0.353773110087843,7.85726459660971,43.8757767413723,41.3046740289601,-2.57110271241214,7.07148026958626,44.919206901421,44.9223054322032,0.00309853078221067,8.62647389883769,12.829410410281,9.90453458778097,-2.92487582249998,6.10557719068418,13.8728405703297,13.5221659910241,-0.350674579305633,6.49500745910877,1.04343016004873,3.61763140324308,2.57420124319435,5.75214362097063
homepos_recodes10,KOR,36,485.449154895061,480.63260682866,-4.81654806640103,7.75341060931393,527.127978411818,520.858629937349,-6.26934847446864,7.33838361633193,543.443586830206,539.489672777366,-3.95391405283988,6.22273739430521,557.412896211851,554.602050132951,-2.81084607890023,7.79628236972472,41.6788235167566,40.2260231086889,-1.45280040806762,6.99016416209473,57.994431935145,58.8570659487062,0.862634013561149,8.03998702873486,71.9637413167901,73.9694433042909,2.0057019875008,9.49289462906636,16.3156084183885,18.6310428400172,2.31543442162877,6.69106144650433,30.2849178000336,33.743420195602,3.45850239556842,7.61041748071729,13.9693093816451,15.1123773555847,1.14306797393965,7.0085981656676
homepos_recodes10,LTU,36,443.245377271138,442.987482039296,-0.25789523184153,4.24317278227584,472.63510886455,468.343678464721,-4.2914303998287,4.02169994302145,487.9003928259,481.013181526599,-6.88721129930116,4.14562712753895,500.698259877354,493.180121892623,-7.51813798473057,4.55719729310715,29.3897315934121,25.356196425425,-4.03353516798717,4.78037850023534,44.6550155547618,38.0256994873022,-6.62931606745963,5.24411907409738,57.4528826062156,50.1926398533265,-7.26024275288904,5.38283436075323,15.2652839613497,12.6695030618772,-2.59578089947246,4.90976919844272,28.0631510128034,24.8364434279015,-3.22670758490187,5.30461591446061,12.7978670514538,12.1669403660243,-0.630926685429415,5.42804752768698
homepos_recodes10,LVA,36,455.309685122576,432.479007961873,-22.8306771607038,4.12365092034412,480.5068585766,461.292476231398,-19.214382345202,4.23311019637801,491.21346750026,471.556785176502,-19.6566823237581,4.2082949819089,507.004737051806,480.90503867831,-26.0996983734967,3.82280119359416,25.1971734540235,28.8134682695253,3.61629481550182,4.80509173409122,35.9037823776839,39.0777772146296,3.17399483694567,4.84746526300333,51.6950519292302,48.4260307164373,-3.26902121279289,4.58778395689143,10.7066089236604,10.2643089451042,-0.44229997855615,4.52753421884302,26.4978784752066,19.6125624469119,-6.88531602829471,4.82057483304427,15.7912695515462,9.34825350180768,-6.44301604973856,4.83397700300284
homepos_recodes10,MEX,36,369.068372847039,364.177039607052,-4.89133323998681,3.65495684497116,389.270424902883,382.78682478668,-6.48360011620281,3.84473238415548,404.511569496266,394.080587372809,-10.4309821234563,4.68477344567662,421.145116211156,412.35269331184,-8.79242289931614,5.40252579452686,20.2020520558444,18.6097851796284,-1.592266876216,4.26226250626154,35.4431966492268,29.9035477657574,-5.53964888346945,5.06637735766458,52.0767433641173,48.175653704788,-3.90108965932933,6.04106616287801,15.2411445933824,11.293762586129,-3.94738200725345,4.37645972027784,31.8746913082729,29.5658685251596,-2.30882278311333,5.59994046258856,16.6335467148905,18.2721059390306,1.63855922414012,5.23281772818609
homepos_recodes10,NLD,36,440.362824632629,457.624473866432,17.2616492338033,7.3998356120794,497.269748693251,491.167857493001,-6.10189120025063,6.1117332456269,515.23751104742,505.190429800922,-10.0470812464984,5.9112027377064,525.763170132181,507.10706553304,-18.656104599141,6.40203099587403,56.9069240606227,33.5433836265688,-23.363540434054,6.64818741238133,74.8746864147919,47.5659559344902,-27.3087304803017,7.90551454769079,85.4003454995523,49.482591666608,-35.9177538329443,8.1156932158971,17.9677623541692,14.0225723079215,-3.94519004624772,6.61469009045034,28.4934214389295,15.9392080400392,-12.5542133988903,6.77407734081801,10.5256590847604,1.91663573211775,-8.60902335264262,7.09673333430618
homepos_recodes10,NOR,36,440.032581058112,426.119669842389,-13.9129112157231,4.67598195937061,467.719611502402,453.506563940282,-14.2130475621202,4.7113435426824,486.256816799165,468.760766138788,-17.4960506603767,4.80081442851245,486.520082147346,470.286101398823,-16.2339807485226,4.82944786970468,27.6870304442898,27.3868940978927,-0.300136346397096,5.96919158345077,46.2242357410527,42.641096296399,-3.58313944465363,5.6297278750203,46.4875010892339,44.1664315564343,-2.32106953279958,6.26508026880258,18.5372052967629,15.2542021985063,-3.28300309825653,5.33045738892443,18.8004706449441,16.7795374585416,-2.02093318640249,5.53629299778273,0.263265348181221,1.52533526003526,1.26206991185404,5.95036433684721
homepos_recodes10,NZL,36,435.986547577752,441.586252738013,5.59970516026101,5.35811076157267,481.232292775127,473.348957910361,-7.8833348647666,5.29032812284645,497.490447614941,500.062401537749,2.5719539228084,4.9063636878236,508.830495205366,513.926329440426,5.09583423506052,5.28423007267769,45.2457451973752,31.7627051723476,-13.4830400250276,6.43635984336586,61.503900037189,58.4761487997364,-3.02775123745261,6.75046024741884,72.8439476276139,72.3400767024134,-0.503870925200488,7.16195783324499,16.2581548398138,26.7134436273888,10.455288787575,6.31110787743144,27.5982024302386,40.5773715300658,12.9791690998271,7.09457170004734,11.3400475904249,13.863927902677,2.52388031225212,6.86806741272404
homepos_recodes10,POL,36,455.931496771039,458.450020868064,2.51852409702502,4.75911793421832,487.754337731823,484.2713219196,-3.48301581222347,4.8855094352204,502.606351981053,493.516104034452,-9.09024794660087,4.8491550821988,511.938706083602,509.479209157974,-2.45949692562823,5.43146608307036,31.8228409607838,25.8213010515353,-6.00153990924849,5.31684342114215,46.6748552100141,35.0660831663882,-11.6087720436259,5.36333750633708,56.0072093125631,51.0291882899098,-4.97802102265325,6.51967983937693,14.8520142492303,9.24478211485291,-5.6072321343774,5.44131341225702,24.1843683517793,25.2078872383745,1.02351888659524,6.12085456606641,9.33235410254895,15.9631051235216,6.63075102097264,5.27281286832438
homepos_recodes10,PRT,36,426.652522150282,418.049657932456,-8.60286421782615,5.90895904494569,464.720188285401,449.955895143824,-14.764293141577,6.24322109325056,487.465129854026,474.704032546406,-12.7610973076208,5.76496451756774,511.623662037475,499.678569609014,-11.9450924284611,5.36357568715053,38.0676661351187,31.9062372113678,-6.16142892375086,6.02763543236421,60.8126077037443,56.6543746139497,-4.15823308979469,6.46027933964338,84.9711398871925,81.6289116765576,-3.34222821063497,7.22522447557376,22.7449415686257,24.7481374025818,2.00319583395617,5.898471620681,46.9034737520739,49.7226744651898,2.81920071311589,6.88264019160868,24.1585321834482,24.9745370626079,0.816004879159721,5.62449718580717
homepos_recodes10,SVK,36,404.954028216365,419.121345718794,14.1673175024295,6.94229206969113,469.644158828136,472.247832111741,2.60367328360547,5.50614509133622,491.212782534522,490.854454690358,-0.358327844164137,5.21643830834211,504.499222394201,507.081521727494,2.58229933329324,5.71862411239557,64.6901306117713,53.1264863929474,-11.563644218824,7.18745527357606,86.2587543181572,71.7331089715636,-14.5256453465936,7.72739079210103,99.545194177836,87.9601760086998,-11.5850181691362,9.00103309178362,21.5686237063858,18.6066225786162,-2.96200112776961,5.88045002138068,34.8550635660647,34.8336896157525,-0.0213739503122383,6.98300685570447,13.2864398596789,16.2270670371362,2.94062717745737,6.20204432061155
homepos_recodes10,SVN,36,452.761886602962,428.071198476341,-24.6906881266204,4.9580394282163,487.558235795917,462.551837369237,-25.0063984266802,4.14156797727818,497.05194018959,479.488590285092,-17.5633499044975,4.06582032420061,501.905057213897,478.292002737249,-23.6130544766481,3.72221985447294,34.796349192955,34.4806388928951,-0.315710300059834,6.25533840567509,44.290053586628,51.4173918087509,7.12733822212289,6.28307955810345,49.1431706109356,50.2208042609078,1.07763364997226,6.49542887955172,9.49370439367306,16.9367529158558,7.44304852218272,5.85492227314049,14.3468214179806,15.7401653680127,1.39334395003209,5.44843982320081,4.85311702430755,-1.19658754784308,-6.04970457215063,5.55834517190489
homepos_recodes10,SWE,36,438.180960324678,430.341619115309,-7.8393412093688,4.95617592073691,481.076904620404,466.702785795902,-14.3741188245023,5.04890250422595,502.608554900178,486.529989222818,-16.07856567736,4.8855068378507,511.797511160392,485.769933647547,-26.0275775128453,5.011301813917,42.8959442957265,36.3611666805929,-6.53477761513352,6.1596360865289,64.4275945755003,56.1883701075091,-8.23922446799116,6.09156791001293,73.6165508357142,55.4283145322377,-18.1882363034765,6.372880602218,21.5316502797738,19.8272034269162,-1.70444685285764,5.90957075610663,30.7206065399877,19.0671478516448,-11.6534586883429,5.53085088942697,9.1889562602139,-0.760055575271394,-9.94901183548529,5.57685002398207
homepos_recodes10,TUR,36,411.971991080541,418.88527092271,6.91327984216912,4.76766196326895,445.282431457131,448.77349180035,3.49106034321932,4.69519032331258,464.944182592484,481.48327188094,16.5390892884559,4.13183443128384,491.500830787736,498.856120844766,7.35529005703029,6.10333512409597,33.3104403765896,29.8882208776398,-3.4222194989498,5.37046721952839,52.9721915119429,62.5980009582297,9.62580944628678,5.55793876411835,79.5288397071951,79.9708499220562,0.44201021486117,7.61148956995665,19.6617511353533,32.7097800805899,13.0480289452366,4.66825677314262,46.2183993306055,50.0826290444164,3.86422971381097,7.56179042667938,26.5566481952521,17.3728489638265,-9.18379923142561,6.58764896242329
homepos_recodes10,USA,36,424.760199631394,424.335309585176,-0.424890046217683,7.14396942781459,446.421151810046,451.63998839813,5.21883658808343,10.0340654494065,482.547007849818,474.696743933885,-7.85026391593289,13.6198094392027,507.449901234691,500.797002888616,-6.65289834607495,15.2783181522125,21.6609521786522,27.3046788129533,5.64372663430112,10.5838489294998,57.7868082184236,50.3614343487084,-7.4253738697152,13.9386459733457,82.6897016032965,76.4616933034392,-6.22800829985727,16.2493168672635,36.1258560397715,23.0567555357551,-13.0691005040163,12.1176327246762,61.0287494246443,49.157014490486,-11.8717349341584,12.2528735110023,24.9028933848729,26.1002589547308,1.19736556985794,15.6092826250491
homepos_recodes10,OECD,36,437.109210768857,430.618378323364,-6.49083244549303,1.49899436921814,471.903251798195,463.553079077591,-8.35017272060384,1.4863211558579,490.766328736187,481.398396168147,-9.36793256803952,1.50562108915363,504.83959094634,494.2251379238,-10.6144530225391,1.54480870930034,34.794041029338,32.9347007542272,-1.85934027511081,0.981427907876507,53.65711796733,50.7800178447835,-2.87710012254649,1.07073688377154,67.7303801774827,63.6067596004367,-4.12362057704604,1.1889738579082,18.863076937992,17.8453170905563,-1.01775984743568,0.969217476708582,32.9363391481447,30.6720588462094,-2.26428030193523,1.04491281503805,14.0732622101527,12.8267417556531,-1.24652045449955,1.03301336674884
homepos_recodes10,OECD35,35,437.133938035862,430.810474862428,-6.32346317343422,1.51024752248943,472.001524536971,463.780476243237,-8.22104829373467,1.49773499863057,490.874982090132,481.666359686833,-9.2086224032987,1.51818756112074,504.8490278714,494.400773361733,-10.4482545096666,1.55910898976476,34.867586501109,32.9700013808085,-1.89758512030045,1.00348108500573,53.7410440542692,50.8558848244047,-2.88515922986448,1.09610902846314,67.7150898355372,63.5902984993048,-4.12479133623242,1.21650645414172,18.8734575531602,17.8858834435962,-0.987574109564036,0.992761465439736,32.8475033344282,30.6202971184962,-2.22720621593197,1.07074118819251,13.974045781268,12.7344136749001,-1.23963210636794,1.05860580181075
escs_recodes3,AUS,36,440.049369445294,433.445348110178,-6.60402133511616,3.6875225599589,475.043183337338,468.487403534055,-6.55577980328314,3.80729053760597,505.775831081384,499.019362775433,-6.75646830595088,4.2067610297061,534.538516101426,524.309923636169,-10.2285924652579,4.17964711561342,34.9938138920435,35.0420554238765,0.0482415318330141,4.17344872833786,65.7264616360899,65.5740146652552,-0.152446970834717,4.47190348486911,94.4891466561321,90.8645755259904,-3.6245711301417,4.91515778886065,30.7326477440465,30.5319592413787,-0.200688502667731,4.4381098922502,59.4953327640886,55.8225201021139,-3.67281266197472,4.45294041260032,28.7626850200422,25.2905608607352,-3.47212415930699,4.16026593005785
escs_recodes3,AUT,36,440.415044523109,435.346610861949,-5.06843366116016,5.22159781769779,474.009354991487,472.184820624274,-1.82453436721318,5.45483049506979,508.416692545052,495.5126710188,-12.9040215262521,4.328648836392,536.475661705233,521.930154319889,-14.5455073853437,4.3440522694665,33.5943104683784,36.8382097623254,3.24389929394698,6.17141790969131,68.001648021943,60.166060156851,-7.83558786509195,5.37512862620028,96.0606171821245,86.5835434579409,-9.47707372418358,5.89211933583792,34.4073375535646,23.3278503945256,-11.0794871590389,5.16095415551979,62.4663067137461,49.7453336956155,-12.7209730181306,5.54272179670678,28.0589691601815,26.4174833010899,-1.64148585909163,4.54590643217596
escs_recodes3,BEL,36,436.639631889563,437.584760304978,0.945128415415581,5.35698310880375,472.856800907196,469.63391480177,-3.2228861054258,5.31279327362683,510.545432800576,512.053931808814,1.50849900823852,4.98055563692123,545.458169293935,537.776278435662,-7.68189085827282,4.68496987987355,36.217169017633,32.0491544967916,-4.16801452084138,5.87718422911293,73.9058009110127,74.4691715038356,0.563370592822935,6.28632382934392,108.818537404372,100.191518130684,-8.6270192736884,6.61368524760838,37.6886318933797,42.420017007044,4.73138511366432,5.33334884556504,72.601368386739,68.142363633892,-4.45900475284702,5.87272654850187,34.9127364933593,25.722346626848,-9.19038986651134,5.36084494719173
escs_recodes3,CAN,36,460.170324165094,450.786022948379,-9.38430121671479,3.97799345414165,488.587173580411,482.861169694154,-5.72600388625637,3.49652052639575,513.734954925346,512.20994333818,-1.52501158716609,3.70624706663307,533.085665683875,523.046610651789,-10.0390550320863,4.10632356007439,28.4168494153165,32.0751467457749,3.65829733045842,4.69939098455263,53.5646307602519,61.4239203898006,7.8592896295487,4.57649110471954,72.9153415187806,72.2605877034091,-0.654753815371464,4.86345068634225,25.1477813449355,29.3487736440258,4.20099229909027,3.77401104055267,44.4984921034641,40.1854409576342,-4.31305114582989,4.62224551770804,19.3507107585286,10.8366673136085,-8.51404344492016,4.1192084277722
escs_recodes3,CHE,36,456.244066283159,454.32996447169,-1.91410181146875,4.96446883195665,494.259940763717,487.385152885298,-6.87478787841911,4.83234906871132,526.84844135803,523.074702543547,-3.77373881448386,5.43823504428399,563.562188419722,557.202061704868,-6.36012671485332,4.88945519895372,38.0158744805581,33.0551884136078,-4.96068606695036,5.09623336701807,70.6043750748718,68.7447380718567,-1.85963700301511,6.00573162549664,107.318122136563,102.872097233178,-4.44602490338457,6.46128801771311,32.5885005943136,35.6895496582489,3.10104906393525,5.39249787784295,69.3022476560049,69.8169088195707,0.514661163565791,5.62206038100021,36.7137470616913,34.1273591613218,-2.58638790036946,5.70639914453507
escs_recodes3,CHL,36,385.376784666399,375.094268123177,-10.2825165432221,4.47852164037298,402.710334154186,392.743572945483,-9.96676120870239,4.39863209037496,416.037636748518,408.13415665826,-7.90348009025706,4.5255432805905,450.962076344646,449.31664302309,-1.64543332155614,5.09099576669922,17.3335494877867,17.6493048223064,0.315755334519679,5.18084885917787,30.6608520821184,33.0398885350834,2.37903645296501,5.23793679347841,65.5852916782474,74.2223748999133,8.63708322166593,6.59013691665221,13.3273025943317,15.390583712777,2.06328111844533,4.99813456476353,48.2517421904607,56.5730700776069,8.32132788714625,5.47798644039514,34.924439596129,41.1824863648299,6.25804676870092,5.4637117469233
escs_recodes3,COL,36,353.353683301141,350.152199273466,-3.20148402767535,4.04756017956822,369.654983577065,371.44222254422,1.78723896715508,4.5130152116693,385.816028897751,388.995884615317,3.17985571756537,5.64461154985514,427.134758724772,429.670973725999,2.53621500122659,9.07014364168426,16.3013002759241,21.2900232707545,4.98872299483043,4.87289194909795,32.4623455966103,38.843685341851,6.38133974524072,5.6704038336216,73.7810754236309,79.5187744525329,5.73769902890194,9.65585583155959,16.1610453206862,17.5536620710965,1.3926167504103,4.66539046949366,57.4797751477069,58.2287511817784,0.748976034071518,8.95268738750477,41.3187298270207,40.6750891106819,-0.64364071633878,8.10362943774149
escs_recodes3,CZE,36,434.689647834019,428.665014193587,-6.02463364043177,5.00213510290157,474.939051580184,467.169002893982,-7.77004868620185,4.51294952182481,500.025970687783,493.077020559122,-6.9489501286609,5.30626179568011,540.058869773313,533.455253358775,-6.60361641453801,5.10266620568573,40.2494037461647,38.5039887003946,-1.74541504577007,5.06318768868037,65.336322853764,64.4120063655349,-0.924316488229124,5.55973294473912,105.369221939294,104.790239165188,-0.578982774106237,6.94656001893041,25.0869191075993,25.9080176651402,0.82109855754095,5.01741609678668,65.1198181931291,66.286250464793,1.16643227166384,5.69587021353559,40.0328990855298,40.3782327996527,0.345333714122887,6.23038577304216
escs_recodes3,DEU,36,432.925610035364,418.348249015351,-14.5773610200125,5.52305898138672,465.771785519721,463.146403190028,-2.62538232969291,5.69708611992974,491.99428773522,490.601898039734,-1.39238969548626,6.18096446488576,534.918753330206,531.801088046304,-3.11766528390149,5.74127045813906,32.8461754843572,44.7981541746767,11.9519786903196,6.10742323311196,59.0686776998563,72.2536490243825,13.1849713245262,6.11368633617109,101.993143294842,113.452839030953,11.459695736111,6.87814409391399,26.2225022154992,27.4554948497058,1.23299263420665,5.89911735281978,69.1469678104847,68.6546848562762,-0.492282954208577,6.51158492431739,42.9244655949856,41.1991900065704,-1.72527558841523,6.3739044116042
escs_recodes3,DNK,36,453.663618970298,443.59250923426,-10.0711097360384,4.26230346650253,483.319504880886,466.615429246732,-16.7040756341548,4.7946095048485,508.84744041001,493.490611702435,-15.3568287075755,4.79503901016759,517.564293019968,504.557237656728,-13.0070553632398,5.2311990701643,29.6558859105881,23.0229200124717,-6.63296589811637,5.69536110759481,55.1838214397119,49.8981024681748,-5.28571897153705,5.77241158572778,63.9006740496694,60.9647284224679,-2.93594562720142,5.99780225061611,25.5279355291238,26.8751824557031,1.34724692657932,5.26090503218654,34.2447881390813,37.9418084099962,3.69702027091495,6.2140811955846,8.71685260995747,11.0666259542931,2.34977334433563,6.53732344795447
escs_recodes3,ESP,36,435.753095903946,421.086382930105,-14.6667129738415,3.35892918536178,460.20163009262,446.461051288302,-13.7405788043179,3.31215617942037,486.455030349528,476.34611127798,-10.1089190715477,3.3787811281019,515.029106801408,499.640137087525,-15.3889697138832,3.20018116433717,24.4485341886735,25.3746683581971,0.926134169523607,3.56960235196942,50.7019344455818,55.2597283478756,4.55779390229378,3.65445877977884,79.2760108974621,78.5537541574203,-0.722256740041757,3.85038265580286,26.2534002569083,29.8850599896784,3.63165973277017,3.23239972730358,54.8274767087886,53.1790857992232,-1.64839090956536,3.46378269066459,28.5740764518803,23.2940258095447,-5.28005064233554,3.1725978004513
escs_recodes3,EST,36,475.961555795442,466.64879001387,-9.31276578157207,4.33511994374933,494.500245987404,495.451050020066,0.950804032661495,4.92861640029394,521.614116303118,527.378706619621,5.76459031650325,4.46212910470272,550.006375767951,547.275173048224,-2.73120271972755,4.80602953524401,18.5386901919625,28.802260006196,10.2635698142336,5.45198707929376,45.6525605076762,60.7299166057515,15.0773560980753,5.2200494845303,74.0448199725097,80.6263830343542,6.58156306184452,6.13070672989093,27.1138703157137,31.9276565995555,4.81378628384175,5.18238820104632,55.5061297805472,51.8241230281582,-3.68200675238904,5.4389198698583,28.3922594648335,19.8964664286027,-8.49579303623079,4.64602599185476
escs_recodes3,FIN,36,450.054552140421,436.240075159397,-13.8144769810241,3.71848547323558,471.279371459561,459.71223127332,-11.5671401862417,4.41920389841609,500.207859108909,489.418959994712,-10.7888991141967,4.4481314958948,522.398905580794,512.005147010865,-10.3937585699298,4.34620903563329,21.2248193191407,23.4721561139231,2.24733679478237,4.53570095390381,50.153306968488,53.1788848353154,3.0255778668274,4.76721038408108,72.3443534403736,75.7650718514679,3.4207184110943,4.54777276423104,28.9284876493473,29.7067287213923,0.778241072045034,4.95345339761207,51.1195341212329,52.2929157375448,1.17338161631193,4.95735602544949,22.1910464718856,22.5861870161525,0.395140544266894,5.35204656747024
escs_recodes3,FRA,36,426.701884462469,418.444155232128,-8.25772923034128,4.88693916471484,458.208539314199,448.75432444308,-9.45421487111901,5.41373457348726,487.841035863325,479.285594290564,-8.55544157276137,5.74351310842505,529.709364208895,515.671113379385,-14.0382508295104,5.36340408128859,31.5066548517298,30.310169210952,-1.19648564077772,5.90679407323196,61.1391514008556,60.8414390584355,-0.297712342420084,6.0763641804881,103.007479746426,97.2269581472565,-5.78052159916911,6.53305439784074,29.6324965491259,30.5312698474835,0.898773298357639,5.68677005539174,71.5008248946958,66.9167889363045,-4.58403595839138,5.72434961833829,41.86832834557,36.385519088821,-5.48280925674902,5.51613456081351
escs_recodes3,GBR,36,459.126074698777,450.230227741675,-8.89584695710204,4.78376839748642,479.448366674654,480.88862558555,1.44025891089592,4.57110342720243,503.473788752512,506.026795690899,2.55300693838706,5.30659474495866,535.450502950066,540.639384608242,5.18888165817612,6.71558087280766,20.3222919758769,30.6583978438749,10.336105867998,5.86130601133656,44.3477140537355,55.7965679492246,11.4488538954891,6.64216851320471,76.3244282512891,90.4091568665673,14.0847286152782,8.06826309147107,24.0254220778586,25.1381701053497,1.11274802749114,5.98829735238616,56.0021362754122,59.7507590226924,3.74862274728019,7.51995783631441,31.9767141975536,34.6125889173427,2.63587471978906,6.61768993555993
escs_recodes3,GRC,36,402.015727935877,388.386561808899,-13.6291661269785,4.65199910911497,417.007894250235,411.883150975081,-5.12474327515412,5.00639525645222,436.95636527739,441.651405279694,4.69504000230421,5.60447923398742,467.203200355334,466.186030482628,-1.01716987270527,5.95296980790458,14.9921663143577,23.4965891661821,8.50442285182442,5.6852677597537,34.9406373415125,53.2648434707952,18.3242061292827,5.6958840943806,65.1874724194562,77.7994686737295,12.6119962542733,6.98363922251363,19.9484710271548,29.7682543046131,9.81978327745833,5.27083926517014,50.1953061050985,54.3028795075474,4.10757340244885,5.88836048464368,30.2468350779437,24.5346252029343,-5.71220987500948,5.84409510525389
escs_recodes3,HUN,36,419.799854418619,409.528084117674,-10.2717703009448,5.68204927862812,453.624751202383,446.135177650158,-7.48957355222518,4.95209873585645,489.36317321761,479.111147858348,-10.2520253592623,5.36461937200401,531.599558005744,515.586461680347,-16.0130963253971,6.42890526037753,33.8248967837641,36.6070935324836,2.78219674871957,5.99989720979832,69.5633187989906,69.583063740673,0.0197449416824611,6.93391141889435,111.799703587125,106.058377562673,-5.74132602445235,8.47085322678914,35.7384220152265,32.9759702081894,-2.76245180703711,5.48112415731595,77.974806803361,69.4512840301891,-8.52352277317192,7.17657409044859,42.2363847881345,36.4753138219997,-5.76107096613481,6.19778891979356
escs_recodes3,IRL,36,458.519408143949,444.231239195651,-14.2881689482982,4.06482946519311,480.511337131771,467.775047578125,-12.7362895536452,4.13079629467284,503.50981082118,496.734934917041,-6.77487590413966,4.72092669597964,527.525187834114,519.802289608603,-7.72289822551045,3.96869680696601,21.9919289878212,23.5438083824741,1.55187939465293,4.33715377884998,44.9904026772311,52.5036957213897,7.5132930441585,5.25301542137954,69.0057796901642,75.5710504129519,6.56527072278772,5.1280996610775,22.99847368941,28.9598873389156,5.96141364950557,4.74310615101951,47.013850702343,52.0272420304778,5.01339132813479,5.02441299646131,24.015377012933,23.0673546915622,-0.948022321370786,5.05830187126449
escs_recodes3,ISL,36,425.274702866014,427.036502153994,1.76179928798013,4.57501549507088,454.588316234851,452.003315715092,-2.58500051975835,4.99423314407832,476.211731570741,470.02889915792,-6.1828324128208,4.62952231817763,485.005382696621,488.702510849638,3.69712815301756,4.75230374893811,29.3136133688367,24.9668135610982,-4.34679980773848,6.69633219114501,50.9370287047265,42.9923970039256,-7.94463170080093,6.44110052588994,59.7306798306066,61.6660086956441,1.93532886503743,6.53941374223698,21.6234153358898,18.0255834428274,-3.59783189306245,6.675222803465,30.4170664617699,36.6991951345459,6.28212867277591,6.52850689567678,8.7936511258801,18.6736116917185,9.87996056583836,6.27916388198897
escs_recodes3,ISR,36,397.815269672288,401.256015324891,3.4407456526024,5.26943956809545,445.460672341688,436.014789602859,-9.44588273882886,5.57302790733764,489.093562796772,467.743199251187,-21.3503635455853,6.74647187102168,511.126977175199,489.417152824192,-21.7098243510075,6.9670096707098,47.6454026694,34.7587742779687,-12.8866283914313,6.09193715246817,91.2782931244838,66.4871839262962,-24.7911091981877,7.22931937343047,113.311707502911,88.1611374993014,-25.1505700036099,7.76609391088233,43.6328904550838,31.7284096483274,-11.9044808067564,6.05979202411071,65.6663048335113,53.4023632213327,-12.2639416121786,7.16400858685749,22.0334143784274,21.6739535730052,-0.359460805422202,6.59133835224015
escs_recodes3,ITA,36,435.422194890303,429.560795659373,-5.86139923093043,4.87727650746934,460.56344372061,457.506087246923,-3.05735647368738,5.27469318113871,482.103139374975,481.847675260116,-0.255464114858512,5.87949174709009,509.927792856028,510.703507931785,0.775715075757432,6.72678124767398,25.1412488303064,27.9452915875495,2.80404275724305,5.21410141970325,46.6809444846711,52.286879600743,5.60593511607192,6.16277018054007,74.5055979657244,81.1427122724122,6.63711430668786,7.52345802330278,21.5396956543647,24.3415880131935,2.80189235882887,5.46173274149516,49.3643491354179,53.1974206848627,3.83307154944481,6.7014338480973,27.8246534810533,28.8558326716692,1.03117919061594,5.7505113649346
escs_recodes3,JPN,36,498.966109184459,483.879896531056,-15.0862126534025,7.48860482755684,527.023208839638,518.081941374806,-8.94126746483232,6.2705383033338,550.290145224028,542.725648267662,-7.56449695636547,6.42232486270553,568.231688258708,568.193075557185,-0.0386127015225384,7.28070361180495,28.0570996551797,34.2020448437499,6.14494518857021,6.67608124475873,51.3240360395689,58.8457517366059,7.52171569703705,7.84629864053529,69.2655790742493,84.3131790261293,15.04759995188,9.37398802714275,23.2669363843892,24.643706892856,1.37677050846685,6.24157794834573,41.2084794190696,50.1111341823794,8.90265476330978,7.34920791799976,17.9415430346804,25.4674272895234,7.52588425484294,6.5641169691889
escs_recodes3,KOR,36,486.361778889583,473.159145680783,-13.2026332087995,6.96980715981554,514.316668404052,520.156665248339,5.83999684428648,7.33209648317565,539.25504355306,543.451383086098,4.19633953303833,6.69980565552736,571.877661300726,566.681305875783,-5.19635542494302,7.72188344259796,27.9548895144695,46.9975195675555,19.042630053086,6.94808126853922,52.8932646634772,70.2922374053151,17.3989727418378,7.10662258369836,85.5158824111436,93.5221601950001,8.00627778385649,8.42234313650705,24.9383751490077,23.2947178377596,-1.64365731124815,6.5280058980837,57.5609928966741,46.5246406274446,-11.0363522692295,8.2724527251736,32.6226177476664,23.229922789685,-9.39269495798135,7.0234892935999
escs_recodes3,LTU,36,436.548232602543,437.065874369416,0.517641766873226,4.22791307984408,460.89382309297,466.284474291429,5.3906511984589,3.90822156675313,491.467611649479,494.533013372804,3.06540172332484,4.46166311191067,516.085745768472,507.565874953351,-8.51987081512135,5.12358098181537,24.3455904904271,29.2185999220127,4.87300943158567,5.12596620662775,54.919379046936,57.4671390033876,2.54775995645161,5.27406328407015,79.5375131659294,70.5000005839348,-9.03751258199458,6.47928811705341,30.5737885565089,28.2485390813748,-2.32524947513406,5.25016071442103,55.1919226755023,41.2814006619221,-13.9105220135803,5.67337163621409,24.6181341189935,13.0328615805473,-11.5852725384462,5.49456824286358
escs_recodes3,LVA,36,450.068025151909,436.690641279789,-13.3773838721193,4.28320932812193,470.97971041425,460.46049485653,-10.51921555772,4.60970162240133,495.640777524601,482.745831663392,-12.8949458612094,4.36319042466304,518.201395296015,498.816634687704,-19.3847606083104,4.2664267956854,20.9116852623415,23.7698535767408,2.85816831439934,5.00728977040713,45.5727523726923,46.0551903836022,0.482438010909903,5.15630603409138,68.1333701441059,62.1259934079148,-6.00737673619108,5.56096073406089,24.6610671103509,22.2853368068614,-2.37573030348943,5.49072243197099,47.2216848817644,38.356139831174,-8.86554505059041,5.43488178226106,22.5606177714135,16.0708030243126,-6.48981474710098,5.78618836908097
escs_recodes3,MEX,36,371.824856432763,363.108770916745,-8.71608551601725,3.53939086659122,384.576696192321,380.274554374315,-4.30214181800602,3.3665309369902,397.953805803688,392.27502071588,-5.67878508780825,4.80857595898915,426.071335787486,420.855234269426,-5.21610151806067,5.63138212360551,12.7518397595587,17.1657834575699,4.41394369801122,3.80837308296965,26.1289493709252,29.1662497991342,3.03730042820899,4.84411619568443,54.2464793547238,57.7464633526804,3.49998399795658,5.89953521331092,13.3771096113665,12.0004663415643,-1.37664326980223,4.47206897046204,41.4946395951651,40.5806798951105,-0.913959700054647,5.79007006204669,28.1175299837986,28.5802135535462,0.462683569747583,5.22062754290914
escs_recodes3,NLD,36,450.795081682136,437.586536338078,-13.2085453440586,7.29744581014476,470.376548996379,472.612065856383,2.23551686000451,7.09964706446207,517.710986509753,509.203435770909,-8.50755073884454,5.94001873317823,544.873547429617,540.808305531691,-4.06524189792617,5.82216638881388,19.5814673142423,35.0255295183054,15.4440622040631,7.4686284936178,66.9159048276169,71.616899432831,4.70099460521402,8.09981776348186,94.0784657474808,103.221769193613,9.14330344613239,9.11168322520974,47.3344375133747,36.5913699145256,-10.7430675988491,6.52277302531854,74.4969984332385,68.1962396753078,-6.30075875793068,7.64714436239814,27.1625609198638,31.6048697607822,4.44230884091837,6.59625777022727
escs_recodes3,NOR,36,436.030663971134,411.475825906835,-24.5548380642987,4.2382797403953,460.281661822445,445.11693276524,-15.1647290572055,4.74648622472605,484.419389458758,478.099881037878,-6.31950842088025,4.53094112222316,504.075632111828,493.181448698346,-10.8941834134819,4.79350119156453,24.2509978513111,33.6411068584044,9.39010900709326,5.49364299570457,48.388725487624,66.6240551310424,18.2353296434185,5.29511378694985,68.0449681406942,81.7056227915111,13.6606546508169,5.92634117676544,24.1377276363128,32.9829482726381,8.84522063632522,5.0203313984958,43.7939702893831,48.0645159331067,4.27054564372361,5.29239178894521,19.6562426530703,15.0815676604686,-4.57467499260162,4.95017844394628
escs_recodes3,NZL,36,433.097567479616,445.591949335883,12.494381856267,4.46945581560512,473.838838327988,468.767532589689,-5.0713057382996,5.2473633522574,502.755553431045,502.715609431712,-0.0399439993331043,5.44807969849219,525.528141123291,535.005608658422,9.47746753513081,5.29565314156706,40.7412708483724,23.1755832538058,-17.5656875945666,5.81508724162833,69.6579859514293,57.1236600958292,-12.5343258556001,6.42951503874876,92.4305736436752,89.413659322539,-3.0169143211362,6.72495769501081,28.9167151030568,33.9480768420233,5.0313617389665,6.67739853826585,51.6893027953028,66.2380760687332,14.5487732734304,7.28340554882907,22.7725876922459,32.2899992267098,9.51741153446392,6.92366584636368
escs_recodes3,POL,36,450.240973575477,445.779348820373,-4.46162475510465,4.76721604642981,474.389738297461,473.530017465604,-0.859720831856578,4.55563281942119,501.757698771915,506.495097174236,4.73739840232054,5.33297882604707,536.156209318994,529.254253851885,-6.90195546710856,5.81695060797149,24.148764721983,27.750668645231,3.60190392324807,5.24066291571117,51.5167251964379,60.7157483538631,9.19902315742519,5.90112560043978,85.9152357435164,83.4749050315125,-2.44033071200391,7.25602316146204,27.3679604744549,32.9650797086321,5.59711923417711,5.41211028347188,61.7664710215335,55.7242363862815,-6.04223463525199,6.51527001462076,34.3985105470785,22.7591566776494,-11.6393538694291,6.1083951051557
escs_recodes3,PRT,36,428.187400294413,416.296867710522,-11.8905325838916,5.09845508113971,454.140527220455,443.707333300823,-10.4331939196328,5.83886218844171,484.820525917123,476.862120498585,-7.95840541853767,5.8967413968529,524.4197961396,515.997501813951,-8.4222943256483,5.54800136156146,25.9531269260419,27.4104655903008,1.45733866425883,5.02346552888225,56.6331256227097,60.5652527880636,3.93212716535396,5.76674569122405,96.2323958451861,99.7006341034295,3.46823825824333,6.61314949158119,30.6799986966677,33.1547871977629,2.47478850109513,5.72336907863106,70.2792689191442,72.2901685131287,2.0108995939845,6.52121980195055,39.5992702224765,39.1353813153659,-0.463888907110629,5.83216493213265
escs_recodes3,SVK,36,402.357234733325,411.645199301881,9.28796456855542,6.71702399104694,453.862376183744,462.22427585643,8.3618996726857,5.61888959703968,477.986490698045,488.962597059744,10.9761063616988,5.70731657471408,524.373954362696,531.598484177913,7.22452981521678,5.95828662137002,51.5051414504187,50.579076554549,-0.926064895869729,6.93006013861293,75.6292559647201,77.3173977578636,1.68814179314342,7.86934158693977,122.016719629371,119.953284876032,-2.06343475333864,9.02785410154241,24.1241145143014,26.7383212033146,2.61420668901314,6.74512713674618,70.5115781789523,69.3742083214834,-1.13736985746891,7.37639102496771,46.3874636646509,42.6358871181688,-3.75157654648206,6.10641905901085
escs_recodes3,SVN,36,443.165332020088,426.003971863105,-17.1613601569825,4.28441798825721,471.130356736777,451.342436887979,-19.7879198487973,4.25185005385427,502.859730593845,481.623459760241,-21.2362708336044,4.37298142522297,523.391078231559,501.578779468815,-21.8122987627437,3.81454568012387,27.9650247166889,25.338465024874,-2.62655969181486,5.35495729132553,59.6943985737573,55.6194878971354,-4.07491067662193,5.7911440565164,80.2257462114714,75.5748076057102,-4.65093860576121,5.95446191017598,31.7293738570684,30.2810228722613,-1.44835098480706,5.82131912226121,52.2607214947825,50.2363425808362,-2.02437891394635,6.17134369263336,20.5313476377141,19.9553197085748,-0.576027929139286,5.91083475403226
escs_recodes3,SWE,36,439.718188248641,423.464398136591,-16.25379011205,4.23598901949002,469.728695093362,458.579488021706,-11.1492070716557,4.65759869499356,499.587008728908,493.875498735931,-5.71150999297691,5.2285461160929,527.938792552094,508.139131281047,-19.7996612710475,5.17522509871186,30.010506844721,35.1150898851152,5.10458304039423,5.30025924912632,59.8688204802668,70.4111005993398,10.542280119073,5.84719032221799,88.2206043034531,84.6747331444556,-3.54587115899756,5.9444529120722,29.8583136355458,35.2960107142246,5.43769707867881,5.75396743407043,58.2100974587322,49.5596432593404,-8.65045419939179,5.77397576997382,28.3517838231863,14.2636325451157,-14.0881512780706,5.35420036250816
escs_recodes3,TUR,36,423.011586735651,421.006576246748,-2.00501048890311,4.3240228291201,439.292343839529,447.434181901028,8.1418380614997,4.11344450626755,450.730241516645,465.196137245063,14.4658957284179,4.73706517681678,499.787759266725,522.027463425204,22.2397041584783,6.02462832642928,16.2807571038772,26.42760565428,10.1468485504028,4.96076281447628,27.7186547809935,44.1895609983146,16.470906217321,5.66791344786499,76.7761725310741,101.020887178456,24.2447146473814,7.08844174397366,11.4378976771163,17.7619553440346,6.32405766691824,4.93352496544913,60.4954154271969,74.5932815241755,14.0978660969786,7.08448053299822,49.0575177500806,56.8313261801409,7.77380843006034,6.73178189811691
escs_recodes3,USA,36,423.89053742825,423.55784473621,-0.3326926920397,6.96513757702724,445.043779065276,451.581526664364,6.53774759908794,8.46524384652911,472.212585980087,466.052935503179,-6.15965047690844,10.258874048061,520.084306271432,520.718512637656,0.634206366223907,19.6433528001943,21.1532416370259,28.0236819281536,6.87044029112764,8.82715097067091,48.3220485518375,42.4950907669688,-5.82695778486874,10.472307712124,96.1937688431826,97.1606679014462,0.966899058263607,20.2195698728148,27.1688069148116,14.4714088388152,-12.6973980759964,10.6119070235242,75.0405272061567,69.1369859732926,-5.90354123286403,18.5460110627624,47.8717202913451,54.6655771344774,6.79385684313235,15.1403590275803
escs_recodes3,OECD,36,434.83987973532,427.119628418019,-7.72025131730129,1.46225536520539,462.400601506356,457.344662922034,-5.05593858432229,1.47264290284955,489.286664610742,484.904480055029,-4.38218455571314,1.50141515703871,519.439954162458,513.308798554419,-6.13115560803931,1.60566754636753,27.5607217710357,30.2250345040147,2.664312732979,0.942445528340812,54.4467848754216,57.7848516370097,3.33806676158815,1.02261634700592,84.6000744271379,86.1891701363999,1.58909570926198,1.26113434312214,26.8860631043859,27.559817132995,0.673754028609153,0.944887556940676,57.0393526561022,55.9641356323852,-1.07521702371702,1.15522239230296,30.1532895517163,28.4043184993902,-1.74897105232617,1.04991840851331
escs_recodes3,OECD35,35,434.813787844788,427.292006860531,-7.52178098425719,1.47236447323815,462.463429261034,457.655623254426,-4.80780600660796,1.48336279745772,489.367568446777,485.14900487723,-4.21856356954646,1.51345010702914,519.565978372774,513.699331739188,-5.86664663358636,1.62301737288472,27.649641416246,30.3636163938952,2.71397497764923,0.963992450986501,54.5537806019884,57.8569980166992,3.30321741471073,1.04663870356961,84.7521905279858,86.4073248786566,1.65513435067084,1.29249339631235,26.9041391857425,27.493381622804,0.5892424370615,0.967486364766691,57.1025491117398,56.0437084847614,-1.05884062697839,1.18410026559419,30.1984099259973,28.5503268619574,-1.6480830640399,1.07610505990177
escs_recodes10,AUS,36,440.263450545633,433.593049108818,-6.67040143681516,3.59319750304067,475.324157632955,468.339036094992,-6.98512153796332,3.83590512994161,506.696410382355,500.12528152214,-6.57112886021491,4.22912974425639,533.713781037921,523.272138946532,-10.4416420913894,4.04636467937737,35.0607070873215,34.7459869861733,-0.314720101148168,3.99852158611181,66.4329598367219,66.5322324133222,0.0992725766002422,4.51142474098903,93.4503304922876,89.6790898377133,-3.77124065457429,4.67207057521085,31.3722527494005,31.7862454271489,0.413992677748411,4.35056439115377,58.3896234049661,54.93310285154,-3.45652055342612,4.49096297944435,27.0173706555656,23.1468574243911,-3.87051323117453,3.99357239377808
escs_recodes10,AUT,36,439.962260190663,435.9280821353,-4.03417805536327,4.95875077771272,476.038756399574,471.785126022266,-4.25363037730864,5.23123920514256,507.746557374961,496.307693809423,-11.4388635655374,4.42034823336712,536.213556406584,521.081432755986,-15.1321236505978,4.48090097930397,36.0764962089112,35.8570438869659,-0.219452321945369,5.69433056509081,67.784297184298,60.3796116741239,-7.40468551017415,5.140683681762,96.2512962159209,85.1533506206864,-11.0979455952345,5.59609119208931,31.7078009753868,24.522567787158,-7.18523318822878,5.14747827101506,60.1748000070097,49.2963067337205,-10.8784932732892,5.39888675130077,28.4669990316229,24.7737389465625,-3.69326008506039,4.68208376185166
escs_recodes10,BEL,36,436.379523536281,437.193440490078,0.813916953796934,5.21755755643062,473.767298090211,471.438904773541,-2.32839331667009,5.23220855803793,511.025385591391,512.690192999379,1.66480740798789,4.84280719253113,544.887529007888,537.498540807375,-7.3889882005127,4.75054207121605,37.3877745539305,34.2454642834634,-3.14231027046702,5.61718691086149,74.6458620551101,75.4967525093011,0.85089045419096,6.08071312090535,108.508005471607,100.305100317298,-8.20290515430963,6.50144166554733,37.2580875011797,41.2512882258376,3.99320072465798,4.90732266214891,71.1202309176767,66.0596360338341,-5.06059488384261,5.89341390488676,33.8621434164971,24.8083478079965,-9.05379560850059,5.39519933139976
escs_recodes10,CAN,36,459.886011512968,451.085629505386,-8.80038200758258,3.94243174189629,489.712680329722,483.980244126488,-5.73243620323348,3.5717393639545,513.143739572183,511.569842489688,-1.57389708249491,3.72952930328679,533.250640406862,522.842134796105,-10.4085056107571,4.12093867996352,29.8266688167535,32.8946146211026,3.06794580434911,4.75136104460799,53.2577280592152,60.4842129843029,7.22648492508768,4.43483195087584,73.3646288938938,71.7565052907194,-1.60812360317448,5.0091939036682,23.4310592424617,27.5895983632003,4.15853912073857,3.9318729252164,43.5379600771404,38.8618906696168,-4.67606940752359,4.5265378766234,20.1069008346786,11.2722923064165,-8.83460852826215,4.23096361917745
escs_recodes10,CHE,36,456.868967834814,453.790771506249,-3.07819632856405,5.09151663027935,494.494773184521,488.075592651671,-6.4191805328494,4.870227109231,526.684166110357,523.043411479339,-3.64075463101869,5.44418594434624,562.967579566107,556.980820238572,-5.98675932753406,4.81399959482325,37.625805349707,34.2848211454216,-3.34098420428535,5.14834733342339,69.8151982755439,69.2526399730893,-0.562558302454647,6.06939764384,106.098611731293,103.190048732323,-2.90856299897001,6.4683300840598,32.189392925837,34.9678188276677,2.7784259018307,5.56440710106083,68.472806381586,68.9052275869013,0.432421205315336,5.76531586170713,36.283413455749,33.9374087592337,-2.34600469651537,5.6684238245297
escs_recodes10,CHL,36,386.222315190089,375.384134758735,-10.8381804313546,4.38111256572113,403.19206322942,392.39818603668,-10.7938771927399,4.36083859056887,414.668523880984,408.990344435433,-5.67817944555162,4.63187378314172,451.3420665481,449.74877589893,-1.59329064917017,5.29858743639456,16.9697480393303,17.014051277945,0.0443032386147024,5.02178211157367,28.4462086908949,33.6062096766979,5.16000098580298,5.32561422087416,65.1197513580109,74.3646411401954,9.24488978218443,6.58120415882076,11.4764606515645,16.5921583987528,5.11569774718828,5.17193273215783,48.1500033186806,57.3505898622503,9.20058654356973,5.72617320738813,36.6735426671161,40.7584314634975,4.08488879638145,5.81631639322301
escs_recodes10,COL,36,353.100701466533,350.409758267839,-2.69094319869396,4.06835897094639,370.173477862541,371.18399084358,1.01051298103891,4.71772577141451,385.880918550548,389.899133034067,4.01821448351899,5.49182196848841,427.574058831919,429.96867565923,2.39461682731098,8.93948803073981,17.0727763960082,20.7742325757411,3.70145617973287,5.19992573025388,32.780217084015,39.489374766228,6.70915768221295,5.69325530677384,74.4733573653863,79.5589173913913,5.08556002600494,9.57569492881227,15.7074406880068,18.7151421904869,3.00770150248007,4.37526111685389,57.4005809693782,58.7846848156502,1.38410384627207,8.62496470116702,41.6931402813713,40.0695426251633,-1.62359765620801,8.08326721063837
escs_recodes10,CZE,36,434.680481951191,429.317103654944,-5.36337829624659,5.17543639309397,475.33843472699,467.090006398525,-8.24842832846514,4.58876086849906,499.542031970437,492.995201644452,-6.54683032598587,5.25456495453118,540.776789474197,533.456086776066,-7.32070269813073,5.02806180196952,40.6579527757988,37.7729027435803,-2.88505003221854,5.36658973924487,64.8615500192463,63.678097989507,-1.18345202973927,5.72134087450635,106.096307523006,104.138983121122,-1.95732440188414,7.04203744219762,24.2035972434475,25.9051952459267,1.70159800247927,4.98375103901369,65.4383547472069,66.3660803775413,0.927725630334407,5.65164263428606,41.2347575037595,40.4608851316146,-0.773872372144865,6.15091786156276
escs_recodes10,DEU,36,433.381525462509,419.524494448003,-13.8570310145058,5.77205875568797,466.341932513478,463.458700399996,-2.88323211348268,5.69564073039119,491.834046444332,491.452132089655,-0.381914354676724,5.85298840124474,535.602456064822,531.546663743793,-4.05579232102832,5.65759469588181,32.9604070509697,43.9342059519927,10.9737989010231,6.29591633488636,58.4525209818235,71.9276376416526,13.475116659829,6.1206195769769,102.220930602313,112.022169295791,9.80123869347744,7.02313620295367,25.4921139308539,27.9934316896598,2.50131775880595,5.80287877344814,69.2605235513434,68.0879633437978,-1.17256020754564,6.41312292205583,43.7684096204895,40.0945316541379,-3.6738779663516,5.90934949655147
escs_recodes10,DNK,36,453.612487117894,443.634739733905,-9.97774738398914,4.25556025061882,483.197298990223,465.956218632455,-17.2410803577674,4.53514266250461,509.322139948466,493.904184427507,-15.417955520959,5.09499159720458,517.285873301922,504.933366146209,-12.3525071557132,4.88405141599683,29.5848118723288,22.3214788985505,-7.26333297377829,5.40730352017703,55.7096528305723,50.2694446936025,-5.44020813696989,5.42851768957556,63.6733861840284,61.2986264123043,-2.37475977172409,6.1994599935372,26.1248409582435,27.9479657950519,1.8231248368084,5.63865074454926,34.0885743116995,38.9771475137537,4.8885732020542,5.54188629559112,7.96373335345601,11.0291817187018,3.0654483652458,6.25694376077122
escs_recodes10,ESP,36,436.121577682805,421.489682196868,-14.6318954859363,3.31472135347466,459.839503127588,446.768865559983,-13.0706375676046,3.19645031898125,486.417178321492,475.686169706492,-10.7310086150005,3.52109352536111,515.331931244595,500.202956719756,-15.128974524839,3.17363669190823,23.717925444783,25.2791833631147,1.56125791833171,3.43384384236172,50.2956006386874,54.1964875096232,3.90088687093578,3.7420021940105,79.2103535617902,78.7132745228875,-0.497079038902712,3.90918133539891,26.5776751939044,28.9173041465085,2.33962895260407,3.12330583434842,55.4924281170072,53.4340911597728,-2.05833695723442,3.36490077409679,28.9147529231028,24.5167870132643,-4.39796590983849,3.26109153488641
escs_recodes10,EST,36,475.792854376913,466.445318329424,-9.3475360474884,4.46885539520727,493.650419929951,495.648097619325,1.99767768937346,4.71577864901006,523.404111570093,526.935736038519,3.53162446842634,4.57814765429938,549.273107719212,547.744876973712,-1.52823074549963,4.8865248065976,17.8575655530386,29.2027792899005,11.3452137368619,5.3738776218757,47.6112571931801,60.4904177090948,12.8791605159147,5.4166696559306,73.4802533422993,81.299558644288,7.81930530198878,6.22356809106719,29.7536916401414,31.2876384191943,1.53394677905288,5.15037415190544,55.6226877892606,52.0967793543875,-3.52590843487309,5.42177841322146,25.8689961491192,20.8091409351932,-5.05985521392597,4.86983245842234
escs_recodes10,FIN,36,450.339431376751,436.229456593064,-14.109974783687,3.75021355443193,471.26639292837,461.060866273654,-10.2055266547163,4.36107538738983,500.164238711984,489.109205782304,-11.0550329296806,4.39306935037827,522.627290329043,511.708953648431,-10.9183366806125,4.2497534054119,20.9269615516189,24.8314096805896,3.90444812897073,4.27989417910844,49.8248073352327,52.8797491892391,3.05494185400642,4.56876816380537,72.2878589522917,75.4794970553662,3.19163810307452,4.55608991267408,28.8978457836138,28.0483395086495,-0.849506274964313,4.77507405857351,51.3608974006728,50.6480873747766,-0.712810025896204,5.18308592956393,22.463051617059,22.5997478661271,0.136696249068109,5.09554667367226
escs_recodes10,FRA,36,427.763577752152,417.830612256358,-9.9329654957935,4.89801723779313,459.400080850984,449.654016833622,-9.74606401736207,5.04056801235683,486.129153770852,478.017604377658,-8.11154939319431,5.73190315133684,530.844551316669,517.840286171087,-13.0042651455817,5.45727106479253,31.6365030988323,31.8234045772637,0.186901478431423,5.38455197819317,58.3655760187003,60.1869921212995,1.82141610259919,6.07547373854436,103.080973564517,100.009673914729,-3.07129964978822,6.46634739819773,26.729072919868,28.3635875440358,1.63451462416776,5.50055058321565,71.4444704656847,68.186269337465,-3.25820112821964,5.90829364117536,44.7153975458166,39.8226817934292,-4.8927157523874,5.25927421468939
escs_recodes10,GBR,36,458.893738719605,451.249579043822,-7.64415967578361,4.83871353293546,479.46485234121,480.124638445513,0.659786104303464,4.80120552130936,504.665073727509,505.985466878577,1.32039315106817,5.5304836530619,535.667839772352,540.677945953146,5.01010618079386,6.77330401059811,20.5711136216044,28.8750594016915,8.30394578008708,6.36883836611691,45.7713350079037,54.7358878347555,8.96455282685179,6.82572922107281,76.7741010527464,89.4283669093238,12.6542658565775,8.18738806790342,25.2002213862993,25.860828433064,0.66060704676471,6.33937830203916,56.2029874311419,60.5533075076323,4.35032007649039,7.5798070320719,31.0027660448426,34.6924790745683,3.68971302972568,7.16412028609467
escs_recodes10,GRC,36,401.9341741215,387.619149332914,-14.3150247885865,4.66638455586367,416.745623067837,413.06959142564,-3.67603164219753,5.12723041920017,438.15703468691,441.657649780591,3.50061509368146,5.29537444039323,467.118729865042,467.154247809028,0.0355179439860649,6.08474892975177,14.8114489463368,25.4504420927258,10.638993146389,5.71724035079051,36.2228605654096,54.0385004476776,17.815639882268,5.52327550739102,65.184555743542,79.5350984761146,14.3505427325726,7.14028217596747,21.4114116190727,28.5880583549517,7.17664673587899,4.92535155348506,50.3731067972051,54.0846563833887,3.71154958618359,5.97334516413501,28.9616951781324,25.496598028437,-3.4650971496954,6.04401844552857
escs_recodes10,HUN,36,420.657494951251,409.952738790148,-10.7047561611037,5.52462765496959,453.791303503258,447.536550859295,-6.25475264396295,4.8788270103098,488.57823898352,478.513597032166,-10.0646419513548,5.54740539058269,532.318931328794,515.21171184727,-17.1072194815233,6.43041752955271,33.1338085520069,37.5838120691477,4.45000351714077,5.80086241269808,67.9207440322691,68.560858242018,0.640114209748958,7.02113214675938,111.661436377542,105.258973057123,-6.4024633204196,8.33408238094898,34.7869354802622,30.9770461728704,-3.80988930739181,5.49653313856391,78.5276278255354,67.6751609879751,-10.8524668375604,7.28335578125715,43.7406923452733,36.6981148151047,-7.04257753016856,6.22543343462427
escs_recodes10,IRL,36,458.639104755817,444.811990565724,-13.8271141900933,4.06319992424976,481.512791546682,467.286324062618,-14.2264674840641,4.26531542105984,502.446779787273,497.630199880465,-4.81657990680816,4.59016421570951,527.634847179575,519.197541306962,-8.43730587261337,3.99585194495174,22.873686790865,22.4743334968942,-0.399353293970762,4.47468698067909,43.807675031456,52.8182093147411,9.01053428328515,5.09646614492218,68.995742423758,74.385550741238,5.38980831747995,5.05716505920981,20.933988240591,30.3438758178469,9.40988757725592,5.00109012652532,46.122055632893,51.9112172443437,5.78916161145071,5.16683995700427,25.1880673923021,21.5673414264969,-3.62072596580521,4.8537409273995
escs_recodes10,ISL,36,425.003968987185,427.086709346112,2.08274035892657,4.37380988419172,456.31099359887,452.40914764055,-3.90184595831994,5.04410750638466,477.483891888414,469.988734096538,-7.49515779187573,4.70495019876153,482.969529537796,488.33908216119,5.36955262339444,4.80446646639374,31.3070246116847,25.3224382944381,-5.98458631724651,6.45060046182155,52.4799229012289,42.9020247504266,-9.5778981508023,6.44576111966609,57.9655605506106,61.2523728150785,3.28681226446787,6.29398187045615,21.1728982895443,17.5795864559885,-3.59331183355579,6.66743165546572,26.658535938926,35.9299345206404,9.27139858171438,6.66950853204864,5.48563764938172,18.3503480646519,12.8647104152702,6.62861753037949
escs_recodes10,ISR,36,402.340315360627,398.132950288131,-4.20736507249609,5.29370683011902,448.329914004894,441.220762629303,-7.1091513755913,5.67580424092397,490.769862229992,471.798156522514,-18.9717057074772,7.38857776184507,511.714473988313,490.9274702446,-20.7870037437127,6.16078620441196,45.9895986442672,43.087812341172,-2.90178630309521,6.13765418923242,88.4295468693646,73.6652062343835,-14.7643406349811,7.74143968520289,109.374158627686,92.7945199564694,-16.5796386712166,7.20783207651303,42.4399482250973,30.5773938932114,-11.8625543318859,6.74488292919523,63.3845599834188,49.7067076152974,-13.6778523681214,7.01067705908448,20.9446117583215,19.129313722086,-1.8152980362355,7.17706289434606
escs_recodes10,ITA,36,434.852716573957,429.032225339855,-5.82049123410212,4.83854274768641,462.014652816449,458.910189564659,-3.10446325178992,5.11952019952941,480.619139713383,481.542527380542,0.923387667159489,5.58141190091073,511.19381111593,510.31122878364,-0.882582332290212,6.87030189017384,27.1619362424912,29.8779642248034,2.7160279823122,4.95239678077849,45.7664231394251,52.5103020406867,6.74387890126161,5.79548325257459,76.3410945419727,81.2790034437846,4.93790890181191,7.48286144115299,18.604486896934,22.6323378158834,4.02785091894941,4.94514101675196,49.1791582994815,51.4010392189812,2.22188091949971,6.70889154980134,30.5746714025476,28.7687014030979,-1.8059699994497,5.73180063675195
escs_recodes10,JPN,36,498.970846689461,483.888454324234,-15.0823923652276,7.50643301507415,527.370364410216,518.524972808371,-8.84539160184556,6.51637084433044,549.840211262032,541.65166082753,-8.18855043450174,6.37353348588729,568.747497280656,568.856710950007,0.10921366935122,7.18615852273548,28.399517720755,34.636518484137,6.23700076338201,6.98102979809139,50.8693645725708,57.7632065032966,6.89384193072584,7.58211873535793,69.7766505911944,84.9682566257732,15.1916060345788,9.50224840843746,22.4698468518158,23.1266880191596,0.656841167343828,6.48750731882833,41.3771328704394,50.3317381416362,8.95460527119678,7.53337655837355,18.9072860186236,27.2050501224766,8.29776410385296,6.44328882340682
escs_recodes10,KOR,36,486.175935466748,474.105393902721,-12.0705415640269,6.9635723040909,516.551210578853,519.257773460994,2.70656288214082,7.21703145503465,538.96676122665,543.898674154382,4.93191292773258,6.58828442017637,571.578997281408,566.13116510311,-5.44783217829718,7.75952891704437,30.3752751121049,45.1523795582726,14.7771044461677,6.87394777382575,52.790825759902,69.7932802516615,17.0024544917595,7.22351571621297,85.4030618146597,92.0257712003894,6.62270938572971,8.30795278105851,22.4155506477971,24.6409006933889,2.22535004559177,6.81158075989291,55.0277867025548,46.8733916421168,-8.15439506043799,8.29685585378921,32.6122360547577,22.2324909487279,-10.3797451060298,6.7676487026768
escs_recodes10,LTU,36,435.559192997189,437.690562190558,2.13136919336887,4.15558257980945,461.929245115861,467.866347286059,5.93710217019844,4.11327810863803,491.909068545742,493.782903961397,1.87383541565498,4.18830828041047,516.003839917486,506.626331289016,-9.37750862847059,5.19057057341678,26.3700521186711,30.1757850955007,3.80573297682957,5.09887319273311,56.3498755485529,56.092341770839,-0.257533777713888,5.12014001935144,80.4446469202966,68.9357690984572,-11.5088778218395,6.43338174327418,29.9798234298818,25.9165566753383,-4.06326675454346,5.17886429218489,54.0745948016255,38.7599840029565,-15.314610798669,6.21159982720536,24.0947713717437,12.8434273276181,-11.2513440441256,4.93999138260795
escs_recodes10,LVA,36,450.099735455713,437.312776371247,-12.786959084466,4.30702181647228,470.059690851558,460.517056869909,-9.54263398164807,4.42120845680561,495.714655816749,483.480235685011,-12.2344201317377,4.23585907425117,519.40482428484,497.562572597587,-21.8422516872531,4.14394438866494,19.9599553958444,23.2042804986624,3.24432510281798,4.91905333667971,45.6149203610355,46.1674593137639,0.552538952728355,4.77585828752249,69.3050888291269,60.2497962263399,-9.05529260278701,5.73158465880681,25.6549649651911,22.9631788151015,-2.69178615008963,4.86808329855872,49.3451334332825,37.0455157276775,-12.299617705605,5.40842004774,23.6901684680914,14.0823369125761,-9.60783155551536,5.42341372273576
escs_recodes10,MEX,36,372.092287640605,362.654597144285,-9.43769049632004,3.5669567144493,384.980701956855,381.521516495708,-3.459185461147,3.38025400618677,397.905318102494,391.885836342505,-6.01948175998882,4.78929594847992,426.029615461924,421.172666823703,-4.85694863822135,5.63714859163077,12.8884143162491,18.8669193514221,5.97850503517304,3.879994406237,25.8130304618886,29.2312391982198,3.41820873633122,4.98671948100717,53.9373278213187,58.5180696794174,4.58074185809869,5.96565871319385,12.9246161456396,10.3643198467977,-2.56029629884182,4.35496381405475,41.0489135050696,39.6511503279953,-1.39776317707435,5.76854973928002,28.12429735943,29.2868304811975,1.16253312176747,5.27860508933991
escs_recodes10,NLD,36,451.678306296592,445.329890674914,-6.34841562167844,6.82881045287212,468.884413432524,472.718842049499,3.834428616975,7.73743717077771,518.177928678963,512.012119502617,-6.16580917634667,6.30190610700598,545.471738516655,540.327332126708,-5.14440638994699,5.74897797851806,17.206107135932,27.3889513745854,10.1828442386534,8.08246302890247,66.4996223823711,66.6822288277029,0.182606445331771,8.25374296491626,93.7934322200626,94.997441451794,1.20400923173145,8.73289713602667,49.2935152464392,39.2932774531175,-10.0002377933217,7.52399200609161,76.5873250841306,67.6084900772086,-8.978835006922,8.36826471758229,27.2938098376915,28.3152126240912,1.02140278639968,6.64346492184286
escs_recodes10,NOR,36,436.45586919119,411.783850063161,-24.6720191280293,4.17803966893012,460.24811148565,444.338030212605,-15.910081273045,4.58962808306803,485.380226630911,478.609260634453,-6.77096599645859,4.57293542630537,502.890375057909,493.529940110443,-9.36043494746559,4.82716631371586,23.7922422944601,32.5541801494445,8.76193785498435,5.16290935780271,48.9243574397213,66.825410571292,17.9010531315707,5.33893396279331,66.4345058667187,81.7460900472825,15.3115841805637,5.82057682371399,25.1321151452612,34.2712304218476,9.13911527658638,4.95502753935182,42.6422635722586,49.191909897838,6.54964632557937,5.3419067024846,17.5101484269974,14.9206794759904,-2.58946895100701,4.82104099670685
escs_recodes10,NZL,36,433.112865761432,445.760473949117,12.6476081876853,4.57062400453221,472.699187363578,469.679174074383,-3.02001328919476,5.13091453748445,504.226216377472,501.924420099417,-2.30179627805501,5.50372997744826,526.054707312493,535.090450065647,9.0357427531535,5.31595060295644,39.5863216021463,23.9187001252662,-15.66762147688,5.87745590248913,71.1133506160405,56.1639461503003,-14.9494044657403,6.32979393361792,92.9418415510615,89.3299761165297,-3.61186543453175,6.81044449411923,31.5270290138943,32.245246025034,0.718217011139757,6.65172957664032,53.3555199489152,65.4112759912635,12.0557560423483,7.06871808761758,21.828490935021,33.1660299662295,11.3375390312085,7.28039058238872
escs_recodes10,POL,36,449.621757910527,445.545812778619,-4.07594513190816,4.50242919605582,476.200967836026,473.744427810692,-2.45654002533371,4.50132295835695,502.165841025462,507.021955505376,4.85611447991369,5.59009607284337,534.74832730544,529.030561911122,-5.7177653943171,5.70279373727459,26.5792099254992,28.1986150320736,1.61940510657445,4.90743551006513,52.5440831149352,61.4761427267571,8.93205961182184,6.01704357870109,85.1265693949129,83.4847491325039,-1.64182026240894,6.83203110710323,25.9648731894361,33.2775276946834,7.31265450524739,5.80372253091688,58.5473594694137,55.2861341004303,-3.26122536898339,6.39365854924946,32.5824862799776,22.0086064057468,-10.5738798742308,6.14091474157748
escs_recodes10,PRT,36,429.07115297795,414.753178492978,-14.3179744849716,5.02865225268884,453.472463707205,445.746442379037,-7.72602132816803,5.8812268682853,485.656130269943,476.2820221331,-9.3741081368438,5.91409560958482,524.018842077551,516.381165775721,-7.63767630182952,5.59588134786097,24.4013107292546,30.9932638860582,6.59195315680358,5.13934805320519,56.5849772919933,61.5288436401211,4.94386634812781,5.96566231804008,94.9476890996008,101.627987282743,6.6802981831421,6.6729365884345,32.1836665627387,30.535579754063,-1.64808680867577,5.56616168673969,70.5463783703463,70.6347233966848,0.0883450263385157,6.65119706550261,38.3627118076075,40.0991436426218,1.73643183501429,5.70569648269881
escs_recodes10,SVK,36,407.182541242522,414.952096586189,7.76955534366709,6.38593074034857,453.490155336083,462.640813552997,9.15065821691468,5.69513616314207,477.21645589416,487.618892630491,10.4024367363314,5.65358472708956,525.13002146245,532.719921209733,7.58989974728286,5.93047201121724,46.3076140935603,47.6887169668079,1.38110287324758,6.69498078703597,70.0339146516371,72.6667960443014,2.63288139266427,7.58742940686575,117.947480219928,117.767824623544,-0.179655596384237,8.70584549344573,23.7263005580768,24.9780790774935,1.25177851941669,6.52885461032538,71.6398661263676,70.0791076567358,-1.56075846963182,7.57016053988725,47.9135655682908,45.1010285792423,-2.81253698904851,6.04426562869237
escs_recodes10,SVN,36,443.135055964384,425.903253493653,-17.231802470731,4.15957803909264,471.436000525806,451.780391315168,-19.6556092106381,4.23296617457575,503.4781456684,482.331919691332,-21.1462259770683,4.35625183950721,522.653493809029,501.273410555097,-21.3800832539322,3.70052511357689,28.3009445614223,25.8771378215153,-2.42380673990709,5.23653232155741,60.3430897040164,56.4286661976791,-3.9144235063373,5.64636661968805,79.5184378446455,75.3701570614443,-4.14828078320119,5.73329455111016,32.0421451425941,30.5515283761639,-1.49061676643021,5.80169110966905,51.2174932832231,49.493019239929,-1.72447404329409,6.0384102982012,19.1753481406291,18.9414908637652,-0.233857276863887,5.76191667617037
escs_recodes10,SWE,36,440.591092027285,423.502976424566,-17.0881156027187,4.18814203804225,469.301771291092,458.565190699403,-10.7365805916884,4.9228720764242,499.82800849054,494.765502592747,-5.06250589779279,5.07816480880022,528.489761666436,508.034725479036,-20.4550361874001,5.24588642694022,28.7106792638072,35.0622142748375,6.35153501103031,5.40549757751519,59.2369164632554,71.2625261681814,12.025609704926,5.82131984050846,87.8986696391517,84.5317490544703,-3.36692058468134,5.95082679299572,30.5262371994482,36.2003118933438,5.67407469389565,6.01080689229665,59.1879903753445,49.4695347796328,-9.71845559571165,6.13685849932652,28.6617531758963,13.269222886289,-15.3925302896073,5.18691492337554
escs_recodes10,TUR,36,423.126645046794,421.178167557948,-1.94847748884604,4.38318290439791,439.592385090665,446.921515001113,7.32912991044799,4.16050984508832,450.690405738252,466.701478163357,16.0110724251047,4.7313478068146,499.526955789873,521.374673201,21.8477174111266,6.07072000743962,16.4657400438713,25.7433474431654,9.27760739929403,5.12498309351031,27.5637606914585,45.5233106054092,17.9595499139508,5.65606837587922,76.4003107430793,100.196505643052,23.7961948999727,7.12857500799237,11.0980206475871,19.7799631622439,8.68194251465673,5.14353105956977,59.934570699208,74.4531581998866,14.5185875006786,7.12211414007055,48.8365500516209,54.6731950376428,5.8366449860219,6.7579377914962
escs_recodes10,USA,36,424.628561188409,421.386058506921,-3.24250268148859,6.89873474933709,443.840281686802,452.491022775887,8.65074108908522,8.67965787065084,473.187292426046,466.978478705288,-6.20881372075814,10.8964322209961,520.284919580955,522.038987198835,1.7540676178802,19.4859530162399,19.2117204983924,31.1049642689662,11.8932437705738,9.58010632740758,48.558731237637,45.5924201983674,-2.96631103926956,11.0758871712285,95.656358392546,100.652928691915,4.99657029936878,20.0581977005719,29.3470107392445,14.4874559294012,-14.8595548098434,11.7397510362263,76.4446378941535,69.5479644229485,-6.89667347120502,19.0023914088444,47.097627154909,55.0605084935473,7.96288133863834,14.7280343298222
escs_recodes10,OECD,36,435.227736814554,427.374698837577,-7.85303797697657,1.45765088911968,462.776787537347,457.880793713505,-4.89599382384233,1.47523824911372,489.436702482535,485.188550723235,-4.24815175930002,1.50630033570244,519.481758079132,513.355431994011,-6.12632608512115,1.60127991382176,27.5490507227933,30.5060948759275,2.95704415313423,0.944222903720843,54.2089656679809,57.8138518856575,3.60488621767655,1.02413530704463,84.2540212645778,85.9807331564332,1.72671189185542,1.25030533392161,26.6599149451877,27.30775700973,0.647842064542317,0.962359836734913,56.7049705417846,55.4746382805058,-1.23033226127882,1.1674410687911,30.0450555965969,28.1668812707758,-1.87817432582114,1.04431027576576
escs_recodes10,OECD35,35,435.202198504032,427.542842170169,-7.6593563338634,1.46760829315394,462.860709949055,458.198277375034,-4.66243257402061,1.48629544711518,489.522974601422,485.460047323713,-4.06292727770864,1.51831303745127,519.600324560119,513.731217001846,-5.86910755827205,1.61846750394817,27.6585114450222,30.655435204865,2.99692375984279,0.966232510313168,54.3207760973893,57.9172051535441,3.59642905615476,1.04795664045974,84.398126056086,86.1883748316774,1.79024877559135,1.28116901464871,26.6622646523671,27.2617699486791,0.599505296311975,0.985825172567203,56.7396146110638,55.5329396268124,-1.20667498425144,1.19694168511362,30.0773499586967,28.2711696781333,-1.80618028056341,1.07009901654531
