index,cnt,n_systems,Q1_2022,Q1_2025,Q1_change,Q1_se,Q2_2022,Q2_2025,Q2_change,Q2_se,Q3_2022,Q3_2025,Q3_change,Q3_se,Q4_2022,Q4_2025,Q4_change,Q4_se,Q2-Q1_2022,Q2-Q1_2025,Q2-Q1_change,Q2-Q1_se,Q3-Q1_2022,Q3-Q1_2025,Q3-Q1_change,Q3-Q1_se,Q4-Q1_2022,Q4-Q1_2025,Q4-Q1_change,Q4-Q1_se,Q3-Q2_2022,Q3-Q2_2025,Q3-Q2_change,Q3-Q2_se,Q4-Q2_2022,Q4-Q2_2025,Q4-Q2_change,Q4-Q2_se,Q4-Q3_2022,Q4-Q3_2025,Q4-Q3_change,Q4-Q3_se
homepos_recodes3,AUS,36,464.787139942677,458.58322239008,-6.20391755259692,4.61417945363136,497.394011588458,493.396627800618,-3.99738378783979,3.93701125893471,513.954237062291,508.208837540342,-5.74539952194942,4.21904139169332,520.968936246211,512.076541900897,-8.89239434531407,3.95011544621654,32.6068716457806,34.8134054105378,2.20653376475713,4.72702332286844,49.1670971196137,49.6256151502612,0.458518030647497,5.31593067290382,56.1817963035338,53.4933195108166,-2.68847679271715,5.08661008663834,16.5602254738331,14.8122097397235,-1.74801573410963,4.61437051227384,23.5749246577531,18.6799141002788,-4.89501055747428,4.46011050723137,7.01469918392002,3.86770436055537,-3.14699482336465,4.70778616345515
homepos_recodes3,AUT,36,428.225991384339,426.293384281701,-1.93260710263803,6.7887889070551,479.256241010137,466.229172812084,-13.0270681980527,5.27348198341097,506.998223025739,486.90830145072,-20.0899215750189,5.18101185223625,510.690511741569,491.816985382821,-18.8735263587474,4.87005027442624,51.030249625798,39.9357885303834,-11.0944610954147,6.68917441667766,78.7722316414004,60.6149171690195,-18.1573144723809,6.84960224399826,82.4645203572302,65.5236011011208,-16.9409192561094,7.82320783810985,27.7419820156024,20.6791286386361,-7.06285337696625,6.12181860666226,31.4342707314322,25.5878125707374,-5.84645816069474,6.41799105335576,3.69228871582976,4.90868393210127,1.21639521627151,5.84417440967052
homepos_recodes3,BEL,36,428.085633611559,426.285208748402,-1.80042486315739,7.38717963072771,476.928827344697,465.37272290116,-11.5561044435373,5.572240139455,501.536010157924,484.768533725616,-16.767476432308,4.92111395213685,510.694938630194,496.465880397268,-14.229058232926,5.56397511734974,48.8431937331377,39.0875141527578,-9.75567958037993,6.85632615305883,73.4503765463646,58.483324977214,-14.9670515691506,8.11435353986279,82.6093050186352,70.1806716488666,-12.4286333697686,8.41717003879743,24.6071828132269,19.3958108244563,-5.21137198877068,5.87770371968734,33.7661112854975,31.0931574961089,-2.67295378938866,6.52970987333146,9.15892847227059,11.6973466716526,2.53841819938202,6.18263073306362
homepos_recodes3,CAN,36,472.95882244147,459.801532055758,-13.1572903857116,4.56360808730619,509.740814048416,492.141710183012,-17.5991038654043,3.63018509762172,524.602610479779,510.392417524843,-14.2101929549365,4.16856103695385,527.249934916721,506.634189543356,-20.6157453733644,4.55695387437551,36.7819916069466,32.3401781272539,-4.44181347969271,4.73891747435738,51.64378803831,50.5908854690851,-1.0529025692249,5.29045231289451,54.2911124752512,46.8326574875983,-7.45845498765283,5.84823720881713,14.8617964313634,18.2507073418312,3.38891091046781,4.80552493670921,17.5091208683046,14.4924793603445,-3.01664150796012,5.1079851013815,2.64732443694118,-3.75822798148675,-6.40555241842793,4.75664319558571
homepos_recodes3,CHE,36,435.108511186482,431.753686248641,-3.3548249378407,5.56674374615195,472.712689342455,467.986311532309,-4.72637781014515,5.47193680717637,500.836850543464,488.340349629919,-12.4965009135453,5.96907904645885,525.349606385206,496.948584085757,-28.4010222994496,5.63639076177886,37.6041781559726,36.2326252836682,-1.37155287230445,6.21755495340778,65.7283393569823,56.5866633812776,-9.14167597570463,6.88146022727143,90.2410951987243,65.1948978371155,-25.0461973616089,7.06718518637587,28.1241612010096,20.3540380976094,-7.77012310340018,6.17942065627846,52.6369170427517,28.9622725534473,-23.6746444893044,6.55984854125991,24.5127558417421,8.60823445583787,-15.9045213859042,7.50210867327343
homepos_recodes3,CHL,36,417.444612033316,406.505320295409,-10.9392917379072,5.6645877902097,445.080439106611,428.390234055883,-16.6902050507288,5.34390491570889,461.275960487699,442.589936251477,-18.6860242362219,5.77308714330129,475.165699469033,474.149880803024,-1.01581866600924,5.50518035189114,27.6358270732955,21.8849137604739,-5.75091331282158,5.89596939819109,43.8313484543834,36.0846159560688,-7.74673249831466,6.92083076437953,57.721087435717,67.644560507615,9.923473071898,6.90126824629661,16.1955213810879,14.1997021955949,-1.99581918549308,6.03136348020398,30.0852603624215,45.7596467471411,15.6743863847196,6.01182850491021,13.8897389813336,31.5599445515463,17.6702055702127,6.17974051805824
homepos_recodes3,COL,36,366.617522085364,363.506727584804,-3.1107945005603,4.8832710809125,387.439418414431,387.97631877837,0.536900363939196,6.27608145033957,421.439853995025,412.575058191912,-8.86479580311351,7.31787484051813,465.851599792371,443.322643796209,-22.5289559961612,8.75652535068181,20.8218963290669,24.4695911935664,3.6476948644995,6.07531637006446,54.8223319096614,49.0683306071082,-5.75400130255321,7.51788170920988,99.2340777070064,79.8159162114055,-19.4181614956009,9.79964087486753,34.0004355805945,24.5987394135418,-9.40169616705271,6.11050689532063,78.4121813779395,55.346325017839,-23.0658563601004,8.61490821409427,44.411745797345,30.7475856042973,-13.6641601930477,8.31769893119243
homepos_recodes3,CZE,36,448.135639179754,428.272024689108,-19.8636144906465,5.26118695452104,489.481986396306,469.061993533819,-20.4199928624865,5.110113429909,503.661214873369,480.190422103046,-23.4707927703232,5.23483237245131,512.932374944713,495.693564857471,-17.2388100872423,4.83748927697447,41.3463472165518,40.7899688447117,-0.556378371840026,5.54387391195879,55.5255756936152,51.9183974139385,-3.6071782796767,6.2106185271345,64.7967357649587,67.4215401683629,2.6248044034042,6.5590278109847,14.1792284770635,11.1284285692268,-3.05079990783668,5.57783442996864,23.4503885484069,26.6315713236511,3.18118277524422,5.75574828219053,9.27116007134344,15.5031427544243,6.2319826830809,5.26675969580744
homepos_recodes3,DEU,36,427.889170735606,408.699789142597,-19.1893815930087,7.74066891411509,480.681819378976,465.443474951278,-15.2383444276975,7.88999995648249,508.636703229645,497.920192232347,-10.7165109972983,6.5890628267061,519.473151345312,512.712198075273,-6.76095327003861,5.96529894713256,52.7926486433694,56.7436858086806,3.95103716531116,7.70218636114636,80.7475324940393,89.2204030897497,8.47287059571039,7.92536582941358,91.5839806097058,104.012408932676,12.4284283229701,8.81095324752585,27.9548838506698,32.4767172810691,4.52183343039923,7.26236672923232,38.7913319663364,47.2687231239953,8.47739115765893,8.33006815306394,10.8364481156665,14.7920058429262,3.9555577272597,7.49785650870446
homepos_recodes3,DNK,36,463.229055025157,434.003799327825,-29.2252556973323,6.14800912586804,492.359872104013,465.134199499619,-27.2256726043941,5.35154326998651,505.753892560315,477.197780676801,-28.5561118835138,5.59150505219758,498.923101768603,468.516302341415,-30.4067994271882,5.80801379372233,29.1308170788561,31.1304001717943,1.99958309293817,7.36124442576549,42.5248375351578,43.1939813489763,0.669143813818494,6.79628207884326,35.6940467434463,34.5125030135905,-1.18154372985589,7.10704654514676,13.3940204563017,12.063581177182,-1.33043927911967,7.09009712260917,6.56322966459021,3.38210284179615,-3.18112682279406,7.31677468999182,-6.83079079171148,-8.68147833538586,-1.85068754367438,7.07263494721285
homepos_recodes3,ESP,36,439.611527316386,421.391989796846,-18.2195375195404,4.39120113948502,473.036499422623,450.05454934733,-22.9819500752936,3.65665328684168,490.151062875669,466.596612480226,-23.5544503954434,3.38105421443194,499.844189539087,477.790002131711,-22.0541874073762,3.69525504459902,33.424972106237,28.6625595504838,-4.7624125557532,4.19972153103085,50.5395355592831,45.2046226833801,-5.334912875903,4.27175228210665,60.2326622227009,56.3980123348652,-3.83464988783578,5.191524444697,17.1145634530462,16.5420631328964,-0.5725003201498,3.82039657242177,26.807690116464,27.7354527843814,0.92776266791742,3.9975853873659,9.69312666341779,11.193389651485,1.50026298806722,3.89444180397463
homepos_recodes3,EST,36,485.773752625947,472.649867345257,-13.1238852806893,5.06537237979392,512.352083724507,499.346106325622,-13.005977398885,4.81658778915407,520.130170836242,511.118674068743,-9.01149676749878,5.30615969843511,528.947827657382,517.674138703684,-11.2736889536976,5.11421197799957,26.5783310985609,26.6962389803652,0.117907881804285,5.54603714337433,34.3564182102952,38.4688067234857,4.11238851319047,5.84696711190551,43.1740750314353,45.0242713584269,1.85019632699164,6.05817553772602,7.77808711173429,11.7725677431205,3.99448063138618,5.91619776204534,16.5957439328744,18.3280323780617,1.73228844518735,5.82355800167334,8.81765682114008,6.55546463494125,-2.26219218619883,5.64827864328398
homepos_recodes3,FIN,36,463.097497949103,455.516059201224,-7.58143874787879,4.80838823469266,495.49060859282,479.260113292579,-16.2304953002405,4.40039133236193,502.46542482639,488.971470748226,-13.4939540781643,4.38504728434076,505.498616659003,485.296114850484,-20.202501808519,4.64965910412042,32.3931106437163,23.7440540913545,-8.64905655236174,4.84639923234851,39.3679268772866,33.4554115470011,-5.91251533028554,5.3320218291311,42.4011187098993,29.7800556492591,-12.6210630606402,5.33647455922343,6.97481623357032,9.71135745564652,2.7365412220762,5.04624980968025,10.008008066183,6.03600155790451,-3.97200650827847,5.21843008466275,3.03319183261266,-3.67535589774201,-6.70854773035467,5.50846555163126
homepos_recodes3,FRA,36,424.542615232256,413.954280421096,-10.5883348111594,6.43232388084968,467.659698468563,453.705055614857,-13.9546428537057,5.81607929435515,491.217425376332,472.276835774707,-18.9405896016248,5.86132847581661,513.866814375565,494.944625119305,-18.9221892562606,6.2266963384528,43.1170832363072,39.7507751937608,-3.36630804254634,6.55870614026582,66.6748101440763,58.3225553536109,-8.3522547904654,7.2104595496571,89.3241991433096,80.9903446982083,-8.33385444510122,7.94844790996919,23.5577269077692,18.5717801598501,-4.98594674791906,5.6138891918529,46.2071159070024,41.2395695044475,-4.96754640255489,6.379369386954,22.6493889992332,22.6677893445974,0.0184003453641708,5.6400584624137
homepos_recodes3,GBR,36,463.456484255665,468.491405935837,5.03492168017152,5.35839874156737,490.932211250416,492.73161689262,1.79940564220396,5.08968903172059,510.064073160031,502.801013862952,-7.26305929707854,5.7139339354366,526.312124938583,520.969425153462,-5.34269978512089,5.97851414399662,27.4757269947505,24.240210956783,-3.23551603796756,6.45445958057409,46.6075889043659,34.3096079271158,-12.2979809772501,6.78236085069806,62.8556406829181,52.4780192176257,-10.3776214652924,7.5676349787245,19.1318619096153,10.0693969703328,-9.06246493928251,6.93513292256869,35.3799136881676,28.2378082608428,-7.14210542732485,6.98835574046367,16.2480517785523,18.1684112905099,1.92035951195766,7.01162205666868
homepos_recodes3,GRC,36,411.468060582767,398.005057572734,-13.4630030100331,5.3098839799551,440.335301047773,424.970553700152,-15.3647473476208,6.09471115177272,450.586696491358,441.236388402383,-9.35030808897466,5.56817157362023,453.216292201253,432.699393076794,-20.516899124459,6.04227168734542,28.8672404650052,26.9654961274176,-1.90174433758767,6.01091512594086,39.1186359085908,43.2313308296493,4.11269492105845,6.33177075493377,41.7482316184853,34.6943355040593,-7.05389611442593,6.52952026434295,10.2513954435856,16.2658347022317,6.01443925864612,5.84221236090691,12.88099115348,7.72883937664176,-5.15215177683825,6.37153981101588,2.62959570989443,-8.53699532558994,-11.1665910354844,5.96761875645951
homepos_recodes3,HUN,36,416.947985303418,406.541173491147,-10.406811812271,6.15133471342405,468.686450381686,452.410311351785,-16.2761390299009,5.4112511033074,491.951205653991,469.807558407714,-22.1436472462773,4.98540046746927,514.135887932228,483.87928841506,-30.2565995171674,5.74293520139755,51.7384650782685,45.8691378606387,-5.86932721762986,6.27000090737344,75.0032203505732,63.266384916567,-11.7368354340063,6.90539096001583,97.1879026288101,77.3381149239137,-19.8497877048964,8.07016972506303,23.2647552723047,17.3972470559283,-5.86750821637639,5.50764350425066,45.4494375505416,31.468977063275,-13.9804604872666,6.54127432342744,22.1846822782369,14.0717300073467,-8.11295227089016,5.76615463909319
homepos_recodes3,IRL,36,485.687419110527,466.873304033072,-18.8141150774551,5.64025347476321,511.781360987839,497.724849106355,-14.0565118814843,4.73714807197803,529.065885660067,515.56066506965,-13.5052205904167,4.80100141372838,540.071010770777,524.887560775839,-15.1834499949384,4.11751538947193,26.0939418773119,30.8515450732827,4.75760319597077,6.24766069262922,43.37846654954,48.6873610365784,5.3088944870384,6.34711864229168,54.3835916602502,58.0142567427668,3.63066508251666,6.24964713667011,17.284524672228,17.8358159632957,0.551291291067628,5.54199220612946,28.2896497829382,27.1627116694841,-1.12693811345412,5.41481382500905,11.0051251107102,9.32689570618845,-1.67822940452174,5.25973618627979
homepos_recodes3,ISL,36,410.517292905647,390.179336294485,-20.3379566111626,5.67737559114786,441.556356156492,432.53546590365,-9.02089025284226,5.40130479150373,444.910963416596,439.733144516234,-5.17781890036241,5.26918840019463,450.039130277786,437.186050809988,-12.8530794677977,5.47523086189242,31.0390632508451,42.3561296091654,11.3170663583203,8.16982548461266,34.3936705109487,49.5538082217488,15.1601377108001,7.83105823135703,39.5218373721384,47.0067145155032,7.48487714336488,7.19596522652147,3.35460726010359,7.19767861258345,3.84307135247985,7.46768554808678,8.48277412129329,4.65058490633788,-3.83218921495541,7.35343874327587,5.1281668611897,-2.54709370624556,-7.67526056743526,7.34257178465492
homepos_recodes3,ISR,36,413.649584164554,402.289625708897,-11.3599584556566,6.96077900430121,478.570943545987,443.960876793479,-34.6100667525086,6.02993291096439,503.877161633773,458.588360457707,-45.2888011760665,6.75049657556218,507.182806239543,466.097957216458,-41.0848490230853,7.40061961453324,64.9213593814334,41.6712510845815,-23.250108296852,6.95740685876835,90.2275774692192,56.2987347488094,-33.9288427204099,7.44879419346751,93.5332220749894,63.8083315075608,-29.7248905674286,8.1893454719829,25.3062180877858,14.6274836642279,-10.6787344235579,7.04319472092143,28.611862693556,22.1370804229793,-6.47478227057667,7.46966247678077,3.30564460577017,7.5095967587514,4.20395215298123,8.12944076816632
homepos_recodes3,ITA,36,449.173828472947,434.930881669279,-14.2429468036677,5.26459378018669,477.123259102167,470.1105541636,-7.01270493856669,5.29536230117692,495.690818960363,491.188730009661,-4.50208895070199,5.3263688655303,507.094457718027,503.781297114654,-3.31316060337281,5.27171446406546,27.9494306292201,35.1796724943211,7.23024186510105,6.0280599001745,46.516990487416,56.2578483403818,9.74085785296575,6.23281292690516,57.9206292450803,68.8504154453752,10.9297862002949,6.70325403990388,18.567559858196,21.0781758460607,2.5106159878647,5.7786149549621,29.9711986158603,33.6707429510541,3.69954433519388,5.6266553278862,11.4036387576643,12.5925671049935,1.18892834732918,5.31304627431331
homepos_recodes3,JPN,36,489.372686640472,478.726413243908,-10.6462733965634,8.11776532397877,518.871461375984,507.942115263211,-10.929346112773,5.78386211601715,528.739770346952,515.88379896846,-12.8559713784923,5.89663132798409,527.902959138653,516.446103602554,-11.4568555360986,6.41785283533337,29.4987747355124,29.2157020193028,-0.283072716209631,8.17188329823845,39.3670837064804,37.1573857245515,-2.20969798192891,7.22215279592298,38.5302724981814,37.7196903586462,-0.8105821395352,8.42914294143287,9.86830897096797,7.94168370524869,-1.92662526571928,6.48800668284778,9.03149776266901,8.50398833934344,-0.527509423325569,6.33155554083751,-0.836811208298968,0.562304634094744,1.39911584239371,6.04231971253485
homepos_recodes3,KOR,36,476.366366391949,474.32779088952,-2.03857550242941,7.47654406715456,512.745735675387,502.6753546159,-10.0703810594869,7.36150197439997,532.045321318913,509.03851468545,-23.0068066334632,6.2253380003229,541.953487791581,521.811331664809,-20.1421561267715,6.78252302129765,36.3793692834377,28.3475637263801,-8.03180555705751,7.22582064224573,55.6789549269639,34.7107237959301,-20.9682311310338,8.09959371128213,65.5871213996314,47.4835407752893,-18.1035806243421,8.69205913953327,19.2995856435263,6.36316006954996,-12.9364255739763,7.70089240664075,29.2077521161938,19.1359770489092,-10.0717750672846,7.41075478341397,9.90816647266752,12.7728169793592,2.8646505066917,8.1486938652103
homepos_recodes3,LTU,36,441.889859816113,438.684595738117,-3.20526407799628,4.84440684396677,472.224631740054,465.545602584772,-6.67902915528219,4.35162968199976,484.279245916898,472.84615056278,-11.4330953541182,4.4042248928638,492.782712061744,481.996444787554,-10.7862672741896,5.03073903494695,30.3347719239409,26.861006846655,-3.47376507728592,5.54113935491117,42.3893861007849,34.161554824663,-8.22783127612189,5.92597265873393,50.8928522456302,43.3118490494369,-7.58100319619331,6.05249227056425,12.054614176844,7.30054797800801,-4.75406619883597,5.47668130198341,20.5580803216893,16.4508422027819,-4.10723811890739,5.90992248947943,8.50346614484533,9.15029422477392,0.646828079928582,5.82093299470086
homepos_recodes3,LVA,36,446.641790509707,402.725106040252,-43.916684469455,4.83598900670743,476.783187456125,434.330482498935,-42.4527049571903,4.98752826723881,482.250819886396,439.643574644995,-42.607245241401,4.86741551077743,495.646850542389,446.12684285673,-49.5200076856588,4.58786523641629,30.1413969464177,31.6053764586825,1.46397951226476,5.75161577850979,35.6090293766892,36.9184686047433,1.30943922805409,5.84740415899185,49.0050600326816,43.4017368164779,-5.60332321620371,5.51694103899801,5.46763243027147,5.3130921460608,-0.154540284210668,5.35109143658992,18.8636630862638,11.7963603577954,-7.06730272846846,5.47827826942458,13.3960306559924,6.48326821173458,-6.91276244425779,5.7415707934431
homepos_recodes3,MEX,36,381.478082203101,381.092223471195,-0.385858731905614,4.61740971966696,406.796651081173,401.061557035577,-5.73509404559604,4.34855256861229,423.962598314406,416.70477195561,-7.25782635879654,5.75927688649156,450.411288181732,434.071279713848,-16.3400084678841,6.61022803637506,25.3185688780721,19.9693335643817,-5.34923531369043,5.04293657529752,42.4845161113051,35.6125484844142,-6.87196762689092,6.05211286507936,68.9332059786308,52.9790562426524,-15.9541497359785,7.62707344175512,17.165947233233,15.6432149200325,-1.52273231320049,5.55708675085396,43.6146371005587,33.0097226782706,-10.6049144222881,7.02645498986582,26.4486898673257,17.3665077582381,-9.08218210908757,6.08099864063711
homepos_recodes3,NLD,36,408.897990884138,405.527551370735,-3.3704395134036,8.17211790450107,466.56744024388,445.799727084072,-20.7677131598078,6.45856248251718,483.917969946655,460.506867379799,-23.4111025668556,6.33821578026653,486.480787651545,459.237386164238,-27.2434014873075,6.9375492860011,57.6694493597417,40.2721757133375,-17.3972736464042,7.19143789869846,75.0199790625167,54.9793160090648,-20.040663053452,8.57497105279204,77.5827967674067,53.7098347935028,-23.8729619739039,9.31726475473375,17.350529702775,14.7071402957272,-2.64338940704778,6.6551839304596,19.913347407665,13.4376590801653,-6.47568832749971,7.71166175621734,2.56281770488999,-1.26948121556194,-3.83229892045193,7.47616841663208
homepos_recodes3,NOR,36,443.094171085858,426.694490411871,-16.3996806739872,5.51799224530924,479.887114624303,458.017519959156,-21.8695946651467,5.55112896990731,498.36133599121,472.561277344434,-25.8000586467759,5.39388361583436,490.507006466169,470.571071423359,-19.9359350428106,5.41529725618148,36.7929435384445,31.3230295472851,-5.4699139911595,7.05057344360134,55.2671649053516,45.8667869325629,-9.4003779727887,6.8066084932763,47.4128353803108,43.8765810114875,-3.53625436882334,7.198796773277,18.474221366907,14.5437573852778,-3.9304639816292,6.71673227561128,10.6198918418663,12.5535514642024,1.93365962233617,6.78956981918632,-7.85432952504078,-1.99020592107541,5.86412360396537,6.58806577309339
homepos_recodes3,NZL,36,460.577750255584,456.808978386969,-3.76877186861458,5.48311827766885,504.746255015391,495.568444519677,-9.17781049571363,5.71813564236768,519.561444278974,520.936812796755,1.37536851778157,5.3743131680711,524.676137131889,528.487796492544,3.81165936065474,5.42337270450947,44.168504759807,38.759466132708,-5.40903862709905,6.71133956763714,58.98369402339,64.1278344097862,5.14414038639615,7.24429869191889,64.0983868763056,71.6788181055749,7.58043122926932,7.43943748470376,14.815189263583,25.3683682770782,10.5531790134952,6.95370901409949,19.9298821164986,32.9193519728669,12.9894698563684,7.43583057004509,5.1146928529156,7.55098369578877,2.43629084287318,7.23762998088396
homepos_recodes3,POL,36,458.88910811405,458.39237751224,-0.496730601810384,5.59932360151973,490.287365117362,482.557373898669,-7.7299912186931,5.16975898794422,501.04781992247,493.133546090854,-7.91427383161681,5.1837515410089,507.944427597378,501.425171246652,-6.51925635072621,5.96768872801654,31.3982570033122,24.1649963864294,-7.23326061688272,6.06591163221766,42.1587118084204,34.741168578614,-7.41754322980643,5.98082301582681,49.0553194833277,43.0327937344119,-6.02252574891583,7.36792640200898,10.7604548051082,10.5761721921845,-0.18428261292371,5.50905327843043,17.6570624800156,18.8677973479824,1.21073486796689,6.46879091559734,6.89660767490733,8.29162515579793,1.3950174808906,5.82884496044802
homepos_recodes3,PRT,36,439.431277657638,429.798928821621,-9.6323488360174,6.27431570851444,472.508005184833,458.348916221315,-14.1590889635178,5.96583423976821,489.991934588879,474.583914568968,-15.4080200199105,5.52780945175772,507.024549957971,489.616977038745,-17.4075729192259,5.61607361817289,33.076727527195,28.5499873996945,-4.52674012750043,6.21809274172638,50.5606569312407,44.7849857473476,-5.77567118389305,6.78092258527208,67.5932723003326,59.8180482171241,-7.77522408320851,7.4703269047973,17.4839294040457,16.2349983476531,-1.24893105639262,6.15888638860949,34.5165447731376,31.2680608174295,-3.24848395570808,6.54441870467855,17.0326153690919,15.0330624697764,-1.99955289931546,5.66249401791838
homepos_recodes3,SVK,36,385.268667164423,400.33926438065,15.0705972162265,7.87620694568075,452.364593593177,450.910886460077,-1.45370713310035,5.75705998420568,470.364632132481,465.814342182729,-4.55028994975197,5.20210290660167,480.740235705869,478.26717175819,-2.47306394767855,5.67174282097073,67.095926428754,50.5716220794271,-16.5243043493269,8.05226297835976,85.0959649680573,65.4750778020788,-19.6208871659785,8.03595649197045,95.4715685414451,77.92790737754,-17.5436611639051,9.40056197237323,18.0000385393034,14.9034557226518,-3.09658281665162,5.75046395783015,28.3756421126911,27.3562852981129,-1.0193568145782,6.74918561076361,10.3756035733878,12.4528295754612,2.07722600207342,6.29397864553183
homepos_recodes3,SVN,36,440.881407329048,417.318096445035,-23.5633108840131,5.39851959713496,476.182030286008,451.516119992513,-24.6659102934946,4.33264073651292,481.465819059329,462.207050015653,-19.2587690436768,4.43440491381091,477.012895706987,457.950788978045,-19.0621067289429,4.75488827295771,35.3006229569596,34.198023547478,-1.10259940948151,7.12821262312838,40.5844117302811,44.8889535706174,4.30454184033624,6.99822662614786,36.1314883779392,40.6326925330094,4.50120415507018,7.58675463701324,5.28378877332159,10.6909300231393,5.40714124981776,6.12857695991792,0.830865420979649,6.43466898553135,5.6038035645517,6.22229258491354,-4.45292335234194,-4.256261037608,0.196662314733942,6.05847832609665
homepos_recodes3,SWE,36,437.292325483618,425.034296005126,-12.2580294784929,6.4114232717863,489.400529377829,470.571447158689,-18.8290822191393,5.93433730059717,510.892154360282,492.599414867536,-18.2927394927458,5.8435720625188,515.136460458973,488.648129984032,-26.4883304749412,5.94769434162725,52.1082038942102,45.5371511535638,-6.57105274064639,7.15256314319184,73.5998288766637,67.5651188624108,-6.03471001425288,7.21293140921706,77.844134975355,63.6138339789067,-14.2303009964483,8.17073556712269,21.4916249824535,22.027967708847,0.536342726393514,7.01697301422443,25.7359310811448,18.0766828253429,-7.65924825580191,6.66016685343172,4.24430609869125,-3.95128488350417,-8.19559098219543,6.9378096502503
homepos_recodes3,TUR,36,417.420013727014,434.658391347728,17.2383776207146,4.77293753344843,451.20376424098,463.915642986672,12.7118787456928,4.51974665669377,469.092419962897,491.855445044862,22.7630250819654,4.28740679512378,487.268156485253,499.015207041022,11.7470505557684,5.64791755449705,33.7837505139657,29.257251638944,-4.52649887502173,5.29609908807185,51.6724062358832,57.197053697134,5.52464746125082,5.77702065183388,69.8481427582396,64.3568156932934,-5.49132706494618,7.10211597951003,17.8886557219175,27.9398020581901,10.0511463362726,4.54625052626371,36.0643922442739,35.0995640543495,-0.964828189924447,6.43092787864145,18.1757365223564,7.15976199615938,-11.015974526197,6.39501178234658
homepos_recodes3,USA,36,458.321512394453,440.473027630897,-17.8484847635563,8.73007962977461,489.466952177329,481.841794471254,-7.62515770607496,11.6412198491346,526.041742271356,507.804747903803,-18.2369943675524,14.8484537939515,543.605535041101,539.250324325979,-4.35521071512176,14.8577528465821,31.1454397828754,41.3687668403568,10.2233270574814,11.6652533910247,67.7202298769021,67.331720272906,-0.388509603996113,15.209160144187,85.284022646647,98.7772966950816,13.4932740484346,16.1800581783618,36.5747900940266,25.9629534325492,-10.6118366614775,14.55159204633,54.1385828637716,57.4085298547248,3.2699469909532,12.796985569825,17.563792769745,31.4455764221756,13.8817836524307,17.5432990675672
homepos_recodes3,OECD,36,438.950865422281,429.031366886946,-9.91949853533464,1.47687180080275,476.3510169057,463.015161202519,-13.3358557031809,1.43521079244357,493.911707600116,478.974764226053,-14.9369433740625,1.4567767107909,503.9611806519,487.679573656368,-16.2816069955326,1.48540350929347,37.4001514834187,33.9837943155724,-3.41635716784629,1.10230314002389,54.9608421778349,49.943397339107,-5.0174448387279,1.19120669329852,65.0103152296192,58.6482067694213,-6.36210846019793,1.29722990158159,17.5606906944162,15.9596030235346,-1.60108767088161,1.07593032637882,27.6101637462006,24.6644124538489,-2.94575129235164,1.12791016497078,10.0494730517843,8.7048094303143,-1.34466362147003,1.15052189004747
homepos_recodes3,OECD35,35,438.931989368164,429.249634803806,-9.68235456435741,1.49111919841805,476.445717405216,463.385464398381,-13.060253006835,1.44910671913165,494.019154592243,479.328425704505,-14.6907288877372,1.47223530884904,504.078808969409,487.962132842786,-16.1166761266227,1.50158869963862,37.5137280370525,34.135829594575,-3.37789844247754,1.12743013774066,55.0871652240791,50.0787909006993,-5.00837432337983,1.21914712272936,65.1468196012454,58.7124980389801,-6.43432156226527,1.32602333069465,17.5734371870266,15.9429613061243,-1.63047588090228,1.10127493949797,27.6330915641929,24.5766684444051,-3.05642311978772,1.15450009608452,10.0596543771663,8.63370713828084,-1.42594723888544,1.17815120677443
homepos_recodes10,AUS,36,465.340323903846,459.483720994265,-5.85660290958128,4.58178125461083,497.892945303682,493.479422688824,-4.41352261485793,3.94124540006944,514.142430386951,508.238553033855,-5.90387735309594,4.19359394575201,521.111240496816,512.312893892683,-8.79834660413246,3.9465294970601,32.5526213998357,33.9957016945591,1.44308029472336,4.66085450151854,48.8021064831049,48.7548320395903,-0.0472744435146524,5.2677116409858,55.7709165929698,52.8291728984186,-2.94174369455118,5.06514044528206,16.2494850832692,14.7591303450312,-1.49035473823801,4.59264044742096,23.2182951931341,18.8334712038595,-4.38482398927454,4.44384095810812,6.96881010986488,4.07434085882835,-2.89446925103653,4.70303649252809
homepos_recodes10,AUT,36,429.088198146648,427.059644833566,-2.02855331308206,6.79725544432111,479.87582173653,466.377417479797,-13.4984042567335,5.30372084196895,507.197269997162,486.867186344025,-20.3300836531364,5.12130525713332,510.839656506502,491.713843566044,-19.1258129404582,4.83578351658807,50.7876235898825,39.3177726462311,-11.4698509436515,6.73780134704985,78.1090718505139,59.8075415104596,-18.3015303400543,6.83699989751864,81.7514583598546,64.6541987324785,-17.0972596273761,7.80751206304217,27.3214482606314,20.4897688642285,-6.83167939640288,6.10528494372404,30.9638347699721,25.3364260862475,-5.62740868372464,6.42079056500913,3.64238650934072,4.84665722201896,1.20427071267824,5.76352097410056
homepos_recodes10,BEL,36,429.215370441668,429.270002597518,0.0546321558492764,7.04652323189818,477.602770614378,466.413841793854,-11.1889288205242,5.49111279723259,501.541553381679,485.905674564774,-15.6358788169046,4.79855679983892,510.945579386698,496.577326406779,-14.3682529799192,5.53143134849326,48.3874001727101,37.1438391963366,-11.2435609763734,6.62839321727727,72.3261829400105,56.6356719672567,-15.6905109727538,7.80093636297201,81.7302089450296,67.3073238092612,-14.4228851357685,8.24552391778147,23.9387827673005,19.4918327709201,-4.4469499963804,5.62082026221615,33.3428087723196,30.1634846129246,-3.17932415939504,6.54655274154156,9.40402600501909,10.6716518420045,1.26762583698536,5.94368909938353
homepos_recodes10,CAN,36,474.473489675797,461.438405096967,-13.0350845788298,4.6125086904427,510.05637898941,493.044316044096,-17.0120629453139,3.67625965129395,524.846949895748,510.539099086357,-14.3078508093903,4.0747599910465,527.358571630048,506.875903165265,-20.4826684647829,4.54432161335937,35.5828893136134,31.6059109471293,-3.97697836648405,4.86386203245114,50.3734602199508,49.1006939893903,-1.27276623056048,5.17307442401646,52.885081954251,45.4374980682979,-7.44758388595312,5.90107211291198,14.7905709063375,17.494783042261,2.70421213592357,4.78671507404237,17.3021926406377,13.8315871211686,-3.47060551946908,5.03684146455473,2.51162173430021,-3.66319592109244,-6.17481765539264,4.65753032499261
homepos_recodes10,CHE,36,435.446573458494,432.278396496778,-3.1681769617166,5.52009835145984,472.974283653373,467.938788874365,-5.03549477900867,5.47172847955572,500.834510335485,488.694247910069,-12.1402624254154,5.96172842647015,525.737072929643,497.359290628162,-28.3777823014805,5.66503903462431,37.5277101948789,35.6603923775868,-1.86731781729208,6.18940500657215,65.3879368769903,56.4158514132915,-8.97208546369882,6.83851834083157,90.2904994711485,65.0808941313846,-25.2096053397639,7.02329155155482,27.8602266821114,20.7554590357046,-7.10476764640674,6.20979958083989,52.7627892762696,29.4205017537977,-23.3422875224719,6.62524570913415,24.9025625941582,8.66504271809311,-16.2375198760651,7.65562442511166
homepos_recodes10,CHL,36,419.518376690771,407.579046129362,-11.9393305614082,5.63377487715698,445.044844281743,429.170998022498,-15.8738462592446,5.3126968321073,461.189714830628,443.331643189165,-17.8580716414629,5.72575573345329,475.65011274841,475.119233263803,-0.530879484606942,5.52038956633803,25.5264675909725,21.591951893136,-3.93451569783645,5.94102650010477,41.6713381398575,35.7525970598028,-5.9187410800547,6.86833484536321,56.1317360576397,67.5401871344409,11.4084510768012,7.00639959328845,16.144870548885,14.1606451666668,-1.98422538221826,6.06303060300974,30.6052684666672,45.9482352413049,15.3429667746377,6.124148290008,14.4603979177822,31.7875900746381,17.3271921568559,6.07579009829768
homepos_recodes10,COL,36,367.396668941675,364.882695408879,-2.51397353279629,4.92987402302525,389.294092994581,389.027130860293,-0.266962134287951,6.29586842447306,423.222714951242,414.205182006031,-9.01753294521137,7.30354087660349,467.925977159429,445.663916781627,-22.2620603778024,8.53309552633275,21.8974240529058,24.1444354514142,2.24701139850833,6.20641676567258,55.8260460095666,49.3224865971515,-6.50355941241509,7.47482537566703,100.529308217754,80.7812213727477,-19.7480868450061,9.6673030319786,33.9286219566608,25.1780511457374,-8.75057081092342,5.99033961424103,78.6318841648479,56.6367859213335,-21.9950982435144,8.51833718232096,44.7032622081871,31.4587347755962,-13.244527432591,8.13654122648831
homepos_recodes10,CZE,36,448.952067132185,428.821653412793,-20.1304137193923,5.25673506808988,489.901652986324,469.770515774659,-20.1311372116656,5.11336654764506,503.690200604621,480.436730603284,-23.2534700013368,5.29958635495912,512.844738661588,495.885981244235,-16.9587574173528,4.85298909699429,40.9495858541394,40.9488623618661,-0.000723492273323245,5.61542358411677,54.738133472436,51.6150771904915,-3.12305628194451,6.16269101985635,63.8926715294033,67.0643278314428,3.17165630203954,6.60487332782076,13.7885476182966,10.6662148286254,-3.12233278967119,5.74613644435291,22.9430856752639,26.1154654695768,3.17237979431286,5.73725254213407,9.15453805696728,15.4492506409513,6.29471258398405,5.44728553550797
homepos_recodes10,DEU,36,429.182521230332,410.894485976408,-18.2880352539244,7.47107320726017,481.147639640484,467.913202969424,-13.2344366710602,7.95543339133835,509.472346055873,498.252396655975,-11.2199493998972,6.50282397201475,519.623182505451,513.039789065804,-6.58339343964701,5.92157143997299,51.965118410152,57.0187169930163,5.05359858286425,7.47495215777462,80.2898248255403,87.3579106795676,7.06808585402723,7.87891081778131,90.4406612751185,102.145303089396,11.7046418142774,8.47176957519669,28.3247064153883,30.3391936865513,2.01448727116298,7.34001109374367,38.4755428649665,45.1265860963796,6.65104323141316,8.35177812765854,10.1508364495782,14.7873924098283,4.63655596025018,7.03536703715633
homepos_recodes10,DNK,36,463.569608414566,435.060859930212,-28.5087484843548,6.12451715484602,492.309573036634,465.317417586063,-26.9921554505713,5.43541041162327,505.836253629157,477.339110182204,-28.4971434469533,5.55441967546773,498.948476245401,468.718423038178,-30.2300532072231,5.78552615712517,28.739964622068,30.2565576558515,1.51659303378347,7.38122755823147,42.2666452145907,42.2782502519922,0.0116050374015231,6.85747776969936,35.3788678308351,33.6575631079668,-1.72130472286835,7.1164555679431,13.5266805925226,12.0216925961407,-1.50498799638194,7.09810490898588,6.63890320876709,3.40100545211527,-3.23789775665182,7.35665277601232,-6.88777738375552,-8.6206871440254,-1.73290976026988,6.9847463200004
homepos_recodes10,ESP,36,440.161825648865,421.865992138197,-18.2958335106681,4.32185383090154,473.396138788622,450.538193987349,-22.8579448012733,3.6900476688721,490.105187152484,466.801058119819,-23.3041290326653,3.37478697442516,499.938132258243,478.196586162647,-21.7415460955963,3.69628365876771,33.2343131397569,28.6722018491517,-4.56211129060523,4.18608827397481,49.9433615036189,44.9350659816217,-5.00829552199724,4.28025518316348,59.776306609378,56.3305940244499,-3.44571258492817,5.16795889933428,16.709048363862,16.26286413247,-0.44618423139201,3.87358030980118,26.5419934696211,27.6583921752982,1.11639870567706,3.98713771368348,9.83294510575911,11.3955280428282,1.56258293706907,3.85589943594231
homepos_recodes10,EST,36,485.773752625947,472.730409362343,-13.0433432636033,5.06150988121432,512.352083724507,499.590738421231,-12.761345303276,4.84503687087823,520.130170836242,511.02039991484,-9.10977092140206,5.26693693609722,528.947827657382,517.948937285689,-10.9988903716927,5.1029662513042,26.5783310985609,26.8603290588882,0.281997960327317,5.52923514329783,34.3564182102952,38.2899905524964,3.93357234220122,5.82499627136751,43.1740750314353,45.2185279233459,2.04445289191057,6.02184311546969,7.77808711173429,11.4296614936082,3.6515743818739,5.8628114241916,16.5957439328744,18.3581988644576,1.76245493158325,5.85739238988131,8.81765682114008,6.92853737084943,-1.88911945029065,5.57570916252171
homepos_recodes10,FIN,36,464.173997649505,456.854125609504,-7.31987204000166,4.81489782943162,496.219238968452,479.814326306424,-16.4049126620276,4.38500027853577,502.597692866456,489.170916947009,-13.426775919447,4.2753831749275,505.712010797108,485.415651595872,-20.2963592012358,4.63473273650616,32.0452413189462,22.9602006969203,-9.08504062202599,4.90448770800068,38.4236952169508,32.3167913375054,-6.10690387944533,5.22016626861412,41.5380131476025,28.5615259863684,-12.9764871612341,5.35136879988838,6.37845389800452,9.35659064058518,2.97813674258066,4.87225947098928,9.49277182865626,5.60132528944814,-3.89144653920812,5.20101412448004,3.11431793065174,-3.75526535113704,-6.86958328178878,5.52187901772812
homepos_recodes10,FRA,36,426.628340177862,415.424385093794,-11.2039550840681,6.16750783237507,468.000937830514,454.654305360339,-13.3466324701749,5.69127077447394,491.699261712451,472.719107572157,-18.9801541402945,5.86800877229745,514.44255353089,495.52827375877,-18.9142797721205,6.15384383308935,41.3725976526513,39.2299202665446,-2.14267738610675,6.04181747936309,65.0709215345893,57.2947224783629,-7.7761990562264,7.04741268753172,87.8142133530282,80.1038886649758,-7.71032468805237,7.71542391903546,23.6983238819379,18.0648022118183,-5.63352167011965,5.46153572903981,46.4416157003769,40.8739683984313,-5.56764730194561,6.13936018390307,22.7432918184389,22.809166186613,0.0658743681740361,5.56168042011011
homepos_recodes10,GBR,36,464.120327571855,469.016758408076,4.89643083622104,5.37673146867167,491.824348984102,493.06052003336,1.23617104925796,5.10099489122467,510.184638308918,503.246651744817,-6.93798656410138,5.65515144546871,526.952220851058,521.17072894669,-5.78149190436773,5.97336663911928,27.7040214122472,24.0437616252842,-3.66025978696308,6.53735389553941,46.0643107370635,34.2298933367411,-11.8344174003224,6.82986903019239,62.8318932792029,52.1539705386142,-10.6779227405888,7.57646744838569,18.3602893248163,10.1861317114569,-8.17415761335934,6.75779943466826,35.1278718669557,28.11020891333,-7.01766295362569,6.92787985236602,16.7675825421394,17.924077201873,1.15649465973365,6.99963796525933
homepos_recodes10,GRC,36,412.019258407052,399.300204854683,-12.7190535523687,5.23313780696218,440.898063991644,426.485343480089,-14.4127205115548,6.0027991218287,450.926135074881,441.420100412985,-9.5060346618958,5.65085215134474,453.542859368924,433.828462041348,-19.7143973275757,5.93543700774561,28.8788055845923,27.1851386254062,-1.69366695918603,6.01445469765982,38.9068766678291,42.119895558302,3.21301889047294,6.42928929940306,41.5236009618722,34.5282571866652,-6.995343775207,6.48032330406989,10.0280710832368,14.9347569328958,4.90668584965897,5.99161538472844,12.6447953772799,7.34311856125896,-5.30167681602097,6.46441400173633,2.61672429404314,-7.59163837163681,-10.2083626656799,6.00759071513992
homepos_recodes10,HUN,36,418.258819530092,407.987407192621,-10.2714123374703,6.23900717084234,469.522501093936,452.792897917918,-16.7296031760181,5.35467827021576,492.312022210384,470.062452742476,-22.2495694679075,4.9749902121787,514.223024857253,484.700700250287,-29.522324606966,5.70665961888397,51.2636815638448,44.805490725297,-6.45819083854786,6.29597426818403,74.0532026802922,62.0750455498549,-11.9781571304372,7.07062692669657,95.9642053271615,76.7132930576657,-19.2509122694958,8.08106370830268,22.7895211164473,17.2695548245579,-5.51996629188938,5.46428432949256,44.7005237633167,31.9078023323688,-12.7927214309479,6.58863068136095,21.9110026468694,14.6382475078108,-7.27275513905852,5.67388010589109
homepos_recodes10,IRL,36,485.753392179131,467.540478041325,-18.2129141378051,5.66990423522364,511.970578750366,497.733936734667,-14.2366420156993,4.66152521085112,529.190735716174,515.724604978378,-13.4661307377964,4.80712052783213,540.059932561882,524.91617958909,-15.1437529727917,4.12402162268558,26.2171865712358,30.1934586933416,3.9762721221058,6.20917531341899,43.4373435370438,48.1841269370525,4.74678340000867,6.41458485362898,54.3065403827513,57.3757015477647,3.06916116501338,6.28982401534003,17.220156965808,17.9906682437109,0.77051127790287,5.48575717067755,28.0893538115155,27.1822428544231,-0.907110957092414,5.38836058003199,10.8691968457075,9.19157461071222,-1.67762223499528,5.27622377130374
homepos_recodes10,ISL,36,411.924348969543,390.975733080753,-20.9486158887898,5.67650276786178,441.590366059346,433.624736114989,-7.96562994435658,5.50423760309497,445.337624587912,439.653908570433,-5.68371601747958,5.24689980721521,450.443675157205,437.580170399363,-12.863504757842,5.48561503674805,29.666017089803,42.6490030342362,12.9829859444332,8.31830014762004,33.4132756183696,48.6781754896798,15.2648998713102,7.80891009340743,38.5193261876622,46.6044373186101,8.08511113094784,7.150367515852,3.74725852856665,6.02917245544364,2.281913926877,7.55362987125306,8.85330909785927,3.95543428437389,-4.89787481348537,7.4276034125322,5.10605056929262,-2.07373817106975,-7.17978874036237,7.38170123936672
homepos_recodes10,ISR,36,417.545750010749,390.363022691739,-27.18272731901,7.58347204277751,477.122138984029,441.363139711921,-35.7589992721073,6.77902761184123,504.056494617029,457.767846332772,-46.2886482842567,7.03516257418935,503.034981310679,464.641802622888,-38.3931786877914,6.92561162892994,59.57638897328,51.0001170201827,-8.57627195309732,7.4732394449117,86.5107446062799,67.4048236410332,-19.1059209652467,7.61273766151378,85.4892312999302,74.2787799311489,-11.2104513687814,8.44442259041139,26.9343556329999,16.4047066208505,-10.5296490121494,7.7723430704836,25.9128423266502,23.2786629109662,-2.63417941568406,7.5419433559219,-1.02151330634968,6.87395629011564,7.89546959646532,8.05472747681122
homepos_recodes10,ITA,36,449.503129782199,435.130064252306,-14.3730655298928,5.24079593124512,477.262214216026,470.27959093423,-6.9826232817959,5.29982045304578,496.172700450073,491.333823045343,-4.83887740472983,5.30658855358913,507.180441175037,503.735026273439,-3.44541490159816,5.29152256208958,27.7590844338265,35.1495266819234,7.39044224809686,6.09859897311942,46.6695706678738,56.2037587930367,9.53418812516293,6.22093690055913,57.6773113928383,68.6049620211329,10.9276506282946,6.7022922325196,18.9104862340473,21.0542321111133,2.14374587706607,5.76230694346288,29.9182269590118,33.4554353392095,3.53720838019774,5.61433030471588,11.0077407249646,12.4012032280962,1.39346250313167,5.30678679947023
homepos_recodes10,JPN,36,489.510202451426,479.282052197858,-10.2281502535674,8.0681225124598,518.841555516316,508.187331010278,-10.6542245060384,5.75435298842843,528.980469191932,515.913012080374,-13.0674571115575,5.87623219267487,528.089293910859,516.566088944681,-11.5232049661785,6.44269330773212,29.3313530648902,28.9052788124193,-0.426074252470926,8.05574367023036,39.470266740506,36.6309598825159,-2.83930685799004,7.21066294048318,38.5790914594334,37.2840367468223,-1.29505471261103,8.43943223132328,10.1389136756158,7.72568107009664,-2.41323260551911,6.39222469834792,9.24773839454315,8.37875793440304,-0.868980460140108,6.29359484719983,-0.891175281072606,0.653076864306399,1.54425214537901,6.05975484141289
homepos_recodes10,KOR,36,476.485403136688,474.52698793753,-1.95841519915814,7.4697254205435,514.852380803126,502.688057598604,-12.1643232045218,7.08401616635637,531.948306977575,509.938115948088,-22.010191029487,5.99983948545344,542.388486215329,522.195255538112,-20.1932306772164,6.68087233018113,38.3669776664385,28.1610696610749,-10.2059080053637,7.17431149829312,55.4629038408876,35.4111280105588,-20.0517758303288,7.94501008515003,65.9030830786411,47.6682676005828,-18.2348154780583,8.69316050792003,17.0959261744491,7.25005834948394,-9.84586782496518,7.31682006019144,27.5361054122026,19.5071979395079,-8.02890747269464,7.16175142781367,10.4401792377535,12.257139590024,1.81696035227054,7.61394553139852
homepos_recodes10,LTU,36,442.398240322429,440.098304940804,-2.29993538162569,4.71111059009116,472.70309154251,465.525563307628,-7.17752823488229,4.3611042880287,484.618952222275,472.987183107611,-11.6317691146634,4.44365614699921,493.136567766312,482.488080991482,-10.6484867748293,5.02849437900616,30.3048512200812,25.4272583668246,-4.8775928532566,5.4059628052135,42.2207118998455,32.8888781668078,-9.33183373303774,5.8663302686259,50.7383274438826,42.389776050679,-8.34855139320365,5.98560809791631,11.9158606797644,7.46161979998323,-4.45424087978114,5.5158824310452,20.4334762238015,16.9625176838544,-3.47095853994705,5.94294204752612,8.51761554403709,9.50089788387118,0.983282339834091,5.87592054793254
homepos_recodes10,LVA,36,446.91856333502,402.734330527273,-44.1842328077466,4.7886181901457,476.759937115445,434.654844841132,-42.1050922743129,5.03962546038559,482.158992253915,439.820497277864,-42.3384949760509,4.87600940139044,495.939495427283,446.555970854093,-49.3835245731903,4.56942202535886,29.8413737804252,31.920514313859,2.07914053343376,5.80660081496589,35.2404289188948,37.0861667505906,1.84573783169577,5.84166622984125,49.0209320922633,43.8216403268197,-5.1992917654436,5.45873109926207,5.39905513846958,5.16565243673159,-0.233402701737987,5.44865457204794,19.1795583118381,11.9011260129607,-7.27843229887736,5.56907356842049,13.7805031733685,6.73547357622914,-7.04502959713938,5.77406924178578
homepos_recodes10,MEX,36,382.474956706734,381.705183713322,-0.769772993411948,4.60744287611145,407.664992817821,401.365789994151,-6.29920282367027,4.41912170031067,425.551451197234,417.324403864185,-8.22704733304971,5.79567399161018,451.085350435144,434.936589389972,-16.1487610451728,6.53117526483207,25.1900361110878,19.6606062808294,-5.52942983025832,5.06980783393567,43.0764944905008,35.619220150863,-7.45727433963776,6.18805919832744,68.6103937284108,53.23140567665,-15.3789880517609,7.50174517905709,17.886458379413,15.9586138700336,-1.92784450937944,5.60342278580497,43.4203576173231,33.5707993958205,-9.84955822150255,7.0110020642649,25.5338992379101,17.612185525787,-7.92171371212311,6.12864079884109
homepos_recodes10,NLD,36,409.298568513716,420.190441527975,10.8918730142592,8.05213420315763,466.921557518017,448.938912110146,-17.9826454078706,6.5495012180133,484.268035781712,463.007109523946,-21.2609262577665,6.09935528085696,486.74335827695,459.485610098848,-27.2577481781019,6.99369787838995,57.622989004301,28.7484705821713,-28.8745184221298,7.25478638046788,74.9694672679963,42.8166679959706,-32.1527992720257,8.27136566378494,77.4447897632338,39.2951685708727,-38.1496211923611,8.85450648736704,17.3464782636952,14.0681974137993,-3.27828084989591,6.66040031202105,19.8218007589328,10.5466979887015,-9.27510277023134,7.51273789357262,2.47532249523755,-3.52149942509789,-5.99682192033544,7.29752886000636
homepos_recodes10,NOR,36,443.310385272628,427.47897525223,-15.8314100203985,5.56967352685126,480.206236544117,458.544071219088,-21.6621653250292,5.50379930786751,498.630980510326,472.768977827065,-25.8620026832612,5.41296157282168,490.917100626298,471.17130929437,-19.7457913319274,5.44032921212326,36.8958512714885,31.0650959668578,-5.83075530463071,6.99429464287148,55.3205952376973,45.2900025748347,-10.0305926628627,6.9767064077588,47.6067153536694,43.6923340421404,-3.91438131152893,7.24869516672635,18.4247439662088,14.2249066079768,-4.19983735823195,6.64600449277332,10.7108640821808,12.6272380752826,1.91637399310179,6.70634055600716,-7.71387988402796,-1.59766853269423,6.11621135133373,6.67368198213266
homepos_recodes10,NZL,36,461.821064989233,457.931533416746,-3.88953157248682,5.56248504638785,505.767713702985,495.682433003171,-10.0852806998136,5.63109481575678,519.962167769888,520.96000734778,0.997839577892364,5.33145671524928,524.995551601082,528.74294627098,3.74739466989763,5.39662734431554,43.9466487137515,37.7508995864247,-6.19574912732679,6.74033439349094,58.1411027806547,63.0284739310339,4.88737115037918,7.24438741040241,63.1744866118493,70.8114128542337,7.63692624238445,7.57898847332468,14.1944540669032,25.2775743446092,11.083120277706,6.76743829101663,19.2278378980978,33.060513267809,13.8326753697112,7.39838473676414,5.03338383119456,7.78293892319982,2.74955509200527,7.21032326963929
homepos_recodes10,POL,36,459.306059989952,459.350783439125,0.04472344917275,5.48891569413619,490.718310839313,483.742713145132,-6.97559769418064,5.09361097774259,501.14354278736,493.391261033975,-7.75228175338475,5.22292491758346,508.128633523639,501.929097207632,-6.19953631600612,5.94476284049322,31.4122508493605,24.3919297060071,-7.02032114335339,6.11446998092922,41.8374827974078,34.0404775948502,-7.7970052025575,5.94347964899799,48.8225735336864,42.5783137685075,-6.24425976517887,7.31096713833308,10.4252319480473,9.64854788884315,-0.776684059204115,5.65325290527676,17.4103226843259,18.1863840625004,0.776061378174518,6.56432463483997,6.98509073627861,8.53783617365724,1.55274543737863,5.75685303791095
homepos_recodes10,PRT,36,440.194874633807,430.005202521394,-10.1896721124126,6.214890234121,472.637951700394,458.372265046669,-14.265686653725,5.92255649299789,490.118160805252,474.756898981364,-15.361261823888,5.61349851930093,507.207078734927,489.955405329903,-17.2516734050239,5.64947297016056,32.4430770665875,28.3670625252751,-4.07601454131242,6.14622285444216,49.9232861714456,44.7516964599702,-5.17158971147541,6.83041557922936,67.0122041011201,59.9502028085088,-7.06200129261129,7.40615992675576,17.4802091048581,16.3846339346951,-1.09557517016299,6.15173938255915,34.5691270345326,31.5831402832338,-2.98598675129887,6.57198108871174,17.0889179296746,15.1985063485387,-1.89041158113588,5.78917874360446
homepos_recodes10,SVK,36,394.276514920673,405.775200762699,11.4986858420261,7.13838250491084,454.52866089039,452.936743382574,-1.59191750781588,5.73452959604465,472.263538849082,465.943905445312,-6.3196334037699,5.20639661705586,481.180387735831,478.453320421469,-2.7270673143625,5.61705538871807,60.2521459697171,47.1615426198752,-13.090603349842,7.46778022362717,77.9870239284093,60.1687046826133,-17.818319245796,7.50522359024675,86.9038728151584,72.6781196587699,-14.2257531563886,8.77718810743298,17.7348779586922,13.0071620627381,-4.72771589595402,5.91230125926347,26.6517268454413,25.5165770388947,-1.13514980654662,6.78686683412084,8.91684888674917,12.5094149761566,3.5925660894074,6.23435489031081
homepos_recodes10,SVN,36,441.159667144244,418.616277950854,-22.5433891933896,5.56307528544807,476.261875334669,452.205933365362,-24.0559419693066,4.34598258687951,481.598083078332,462.886030544368,-18.7120525339639,4.39026846625135,477.167995101604,459.046555704955,-18.1214393966484,4.76928037652849,35.1022081904249,33.5896554145079,-1.51255277591702,7.30261648604549,40.438415934088,44.2697525935138,3.83133665942574,7.05658207642071,36.0083279573595,40.4302777541008,4.42194979674122,7.7561990267228,5.33620774366312,10.6800971790059,5.34388943534276,6.11721691025133,0.906119766934637,6.84062233959287,5.93450257265823,6.23655054438332,-4.43008797672849,-3.83947483941301,0.590613137315472,6.03413149790731
homepos_recodes10,SWE,36,439.932485621373,425.786035028503,-14.1464505928706,6.23239978277524,489.497959829272,471.510591385366,-17.9873684439066,5.93594929635363,511.38118803428,493.01194398717,-18.3692440471104,5.76540768835382,515.987669254628,489.499034535981,-26.4886347186464,5.94484269388192,49.5654742078989,45.7245563568629,-3.84091785103595,7.3838818467536,71.448702412907,67.2259089586672,-4.22279345423982,7.05195045872549,76.0551836332543,63.7129995074785,-12.3421841257758,7.95229215232578,21.8832282050081,21.5013526018042,-0.381875603203866,6.86160521896479,26.4897094253554,17.9884431506155,-8.50126627473986,6.69552658346259,4.60648122034729,-3.5129094511887,-8.119390671536,6.77004229321788
homepos_recodes10,TUR,36,417.434364988959,435.093533556885,17.659168567926,4.80789436455593,451.441876105527,464.109854522216,12.6679784166891,4.52782053783673,469.192340821948,491.766046948025,22.5737061260761,4.23958242402486,487.620884318107,499.442486174225,11.8216018561179,5.63825617475133,34.0075111165679,29.0163209653309,-4.99119015123694,5.35142180195741,51.7579758329892,56.6725133911393,4.91453755815007,5.77470638138445,70.186519329148,64.3489526173398,-5.83756671180817,7.13125085771205,17.7504647164213,27.6561924258083,9.90572770938701,4.56394098193797,36.1790082125801,35.3326316520089,-0.84637656057123,6.39794974531198,18.4285434961588,7.67643922620056,-10.7521042699582,6.34557901060643
homepos_recodes10,USA,36,459.372690610571,441.47027330518,-17.9024173053907,8.67739889094903,489.546654448708,482.481805018566,-7.06484943014164,11.8885205153526,526.280682545565,508.373389844517,-17.9072927010481,14.9327366955181,543.923956446492,539.00726586394,-4.91669058255275,14.8253225301371,30.1739638381368,41.0115317133859,10.837567875249,12.0217225615226,66.9079919349946,66.9031165393372,-0.00487539565739326,15.2415165727888,84.5512658359213,97.5369925587592,12.9857267228379,16.0245764187337,36.7340280968577,25.8915848259513,-10.8424432709064,15.1233261251859,54.3773019977845,56.5254608453734,2.14815884758889,13.1092814325755,17.6432739009267,30.633876019422,12.9906021184953,17.3813184148168
homepos_recodes10,OECD,36,440.053893978506,430.11118354668,-9.94271043182681,1.47134508831901,476.794704703814,463.592713612402,-13.2019910914115,1.43792234570732,494.243986123006,479.321652158845,-14.9223339641615,1.45537648142333,504.165946588059,488.066781572203,-16.099165015856,1.48093747808616,36.7408107253071,33.4815300657225,-3.25928065958465,1.10437410413411,54.1900921444999,49.2104686121652,-4.9796235323347,1.18501738995403,64.1120526095527,57.9555980255234,-6.15645458402923,1.28607050243509,17.4492814191927,15.7289385464427,-1.72034287275005,1.08138420089934,27.3712418842455,24.474067959801,-2.89717392444459,1.12905423889435,9.92196046505279,8.74512941335826,-1.17683105169453,1.13926534161533
homepos_recodes10,OECD35,35,440.050810216496,430.346760444065,-9.70404977243135,1.48549364838481,476.891806587105,463.965699887404,-12.9261066997012,1.45187885187846,494.362237522164,479.679383417103,-14.6828541050614,1.47078120286818,504.286741283197,488.348787155333,-15.9379541278635,1.4969124272581,36.8409963706087,33.6189394433388,-3.22205692726988,1.12961358997779,54.311427305668,49.3326229730379,-4.97880433263009,1.21272451893114,64.2359310667005,58.0020267112684,-6.23390435543217,1.31454867862129,17.4704309350593,15.7136835296991,-1.75674740536022,1.10676109007405,27.3949346960919,24.3830872679296,-3.0118474281623,1.15571205919953,9.92450376103255,8.66940373823047,-1.25510002280208,1.16662552327368
escs_recodes3,AUS,36,453.765933077473,451.262016407031,-2.50391667044215,4.05902917843615,485.252421320553,482.959993297936,-2.292428022617,3.95518894963738,519.243595513688,512.981890889877,-6.26170462381083,4.36064788437305,542.512453822657,535.18275359875,-7.3297002239068,4.19133296957845,31.4864882430804,31.6979768909056,0.211488647825149,4.75400596640481,65.4776624362148,61.7198744828461,-3.75778795336868,4.91278543047622,88.7465207451844,83.9207371917198,-4.82578355346465,5.06725859955481,33.9911741931344,30.0218975919406,-3.96927660119383,4.86215802389311,57.260032502104,52.2227603008142,-5.0372722012898,4.50107149295394,23.2688583089696,22.2008627088736,-1.06799560009597,4.65156345477179
escs_recodes3,AUT,36,431.139815817262,427.708307473929,-3.43150834333306,5.63563584349193,467.724800694064,462.66336955219,-5.06143114187387,5.61617594333114,501.725911522805,483.7690612956,-17.956850227205,4.60143639095544,532.77710224022,515.489377001642,-17.2877252385775,4.86226331932607,36.5849848768015,34.9550620782607,-1.6299227985408,6.72527223558993,70.5860957055425,56.0607538216705,-14.5253418838719,5.75270333877908,101.637286422957,87.7810695277129,-13.8562168952445,6.86355182204998,34.0011108287409,21.1056917434098,-12.8954190853311,5.51598704487681,65.0523015461558,52.8260074494522,-12.2262940967037,5.75481609292655,31.0511907174149,31.7203157060424,0.669124988627459,4.97893912844237
escs_recodes3,BEL,36,427.206273194714,431.614227272055,4.40795407734038,5.94493848682251,463.28444333926,460.247368449044,-3.03707489021662,5.73847341393465,502.129434345347,497.80966397611,-4.31977036923735,5.55117438108308,532.857858281759,519.177321929811,-13.680536351948,4.9390339785621,36.0781701445461,28.6331411769891,-7.44502896755699,6.57441571096737,74.9231611506331,66.1954367040554,-8.72772444657772,7.13575824898293,105.651585087045,87.5630946577567,-18.0884904292884,7.2980075904378,38.8449910060871,37.5622955270663,-1.28269547902073,5.89061008232345,69.573414942499,58.9299534807676,-10.6434614617314,6.60165703035954,30.728423936412,21.3676579537013,-9.36076598271069,6.01575353315219
escs_recodes3,CAN,36,472.041042583582,459.137838178772,-12.9032044048096,4.13193061299046,500.078150574569,489.568888205257,-10.5092623693119,3.70401710447872,524.015785465141,515.522721095691,-8.49306436944983,3.96405533199732,543.147534509604,526.956208399679,-16.1913261099245,4.64565837688532,28.0371079909874,30.4310500264851,2.39394203549767,4.67542455991435,51.9747428815593,56.3848829169191,4.41014003535975,5.07908586491287,71.1064919260222,67.8183702209072,-3.28812170511492,5.35264938146534,23.9376348905719,25.953832890434,2.01619799986207,4.17371687359508,43.0693839350348,37.3873201944222,-5.68206374061259,5.3400629599952,19.1317490444628,11.4334873039882,-7.69826174047466,4.75109349830598
escs_recodes3,CHE,36,428.468341917718,432.405683191766,3.93734127404798,5.41207737005757,467.91990125382,460.908704991089,-7.01119626273049,5.16769772222052,505.514437245503,492.60095296843,-12.9134842770733,5.98503848052293,541.949991217418,524.226195094703,-17.7237961227146,5.21135745976714,39.4515593361024,28.5030217993239,-10.9485375367785,6.01731137767701,77.0460953277855,60.1952697766642,-16.8508255511213,6.27165303423115,113.4816492997,91.8205119029374,-21.6611373967626,6.98598751446219,37.5945359916831,31.6922479773403,-5.90228801434279,5.80786062261164,74.0300899635976,63.3174901036135,-10.7125998599841,6.36349748859979,36.4355539719145,31.6252421262732,-4.81031184564131,6.42183661675432
escs_recodes3,CHL,36,416.66079492198,408.816470840084,-7.84432408189622,6.28478795575235,440.687260422738,427.648363540617,-13.0388968821207,5.64106591964868,457.7766320862,440.310538866713,-17.4660932194872,5.58462064304485,485.772381317531,486.907699674768,1.13531835723705,5.99961218858334,24.0264655007581,18.8318927005336,-5.19457280022448,7.40152799713506,41.11583716422,31.494068026629,-9.621769137591,7.18539194691158,69.1115863955514,78.0912288346847,8.97964243913327,8.44609739475383,17.0893716634619,12.6621753260953,-4.42719633736652,6.37125747071769,45.0851208947933,59.2593361341511,14.1742152393578,6.50505347403708,27.9957492313315,46.5971608080557,18.6014115767243,6.91375912070593
escs_recodes3,COL,36,369.209552411632,362.929134776758,-6.28041763487431,4.8062986804972,392.707274340756,393.440791769276,0.733517428520713,5.9074716410876,414.825510890945,410.530353944251,-4.29515694669453,7.08459496836368,465.0192875305,453.810448290308,-11.2088392401922,9.74216835238414,23.4977219291232,30.5116569925182,7.01393506339502,6.18825940475946,45.6159584793127,47.6012191674924,1.98526068817978,7.18329205902201,95.809735118868,90.8813135135502,-4.92842160531785,10.54642064765,22.1182365501895,17.0895621749743,-5.02867437521525,5.42421253889354,72.3120131897449,60.369656521032,-11.9423566687129,9.51107176741223,50.1937766395553,43.2800943460577,-6.91368229349763,9.07893629480467
escs_recodes3,CZE,36,441.404086290731,431.623037484349,-9.7810488063821,5.15496187682471,476.939224250286,459.986149271415,-16.9530749788713,4.9121596980742,499.174680008256,480.62715976585,-18.5475202424061,5.51499090255093,539.913975306919,516.725700690334,-23.1882746165852,5.32614666723661,35.535137959555,28.3631117870658,-7.17202617248921,5.59844799459299,57.7705937175252,49.0041222815012,-8.76647143602401,5.93403088614408,98.5098890161882,85.1026632059851,-13.4072258102031,7.26166176645813,22.2354557579703,20.6410104944355,-1.59444526353479,5.61052906927022,62.9747510566332,56.7395514189194,-6.23519963771389,6.60670333359477,40.739295298663,36.0985409244839,-4.6407543741791,6.3732830302581
escs_recodes3,DEU,36,438.104540245844,421.015622647444,-17.0889175983999,6.22022962995895,471.891267715983,464.158147016263,-7.73312069972008,6.55210493413429,496.300857324364,493.959933032563,-2.34092429180163,7.06406708250546,539.603371724532,538.325167395351,-1.27820432918099,6.65584912884757,33.7867274701392,43.142524368819,9.35579689867984,6.77641057061148,58.1963170785206,72.9443103851189,14.7479933065983,7.11896959416044,101.498831478689,117.309544747908,15.8107132692189,8.28719547529722,24.4095896083814,29.8017860162998,5.39219640791845,6.35146704700089,67.7121040085497,74.1670203790888,6.45491637053908,7.06019367336699,43.3025144001683,44.365234362789,1.06271996262063,7.39888330519824
escs_recodes3,DNK,36,452.470286496519,430.399863614157,-22.0704228823624,4.87850030002278,485.019492804167,458.876027539789,-26.1434652643778,5.73535358791184,511.373639070265,484.58792598012,-26.7857130901457,5.59573943860163,514.143808161068,492.240447331794,-21.9033608292734,6.27582759712629,32.549206307648,28.4761639256327,-4.07304238201539,6.41106307672362,58.9033525737461,54.1880623659628,-4.71529020778331,6.4379783171075,61.6735216645486,61.8405837176376,0.167062053089012,7.25252689454195,26.3541462660981,25.7118984403302,-0.642247825767925,6.52530448052225,29.1243153569005,33.3644197920049,4.2401044351044,7.3236995042779,2.77016909080243,7.65252135167475,4.88235226087232,7.68419461075665
escs_recodes3,ESP,36,439.699648530353,420.571599220975,-19.1280493093777,4.03482225651431,463.867620619824,443.253952518127,-20.6136681016968,3.76941842439048,488.74986202959,469.304664383318,-19.4451976462724,3.56867541627636,512.69157488892,489.549734565118,-23.1418403238028,3.55796794407904,24.1679720894713,22.6823532971522,-1.48561879231903,4.09883684788208,49.0502134992375,48.7330651623429,-0.317148336894661,4.23971905347029,72.9919263585675,68.9781353441425,-4.01379101442507,4.76294097467243,24.8822414097663,26.0507118651906,1.16847045542437,3.79153038977088,48.8239542690963,46.2957820469902,-2.52817222210604,4.23417349898953,23.94171285933,20.2450701817996,-3.69664267753041,3.98793111531885
escs_recodes3,EST,36,481.892125136745,461.621946928355,-20.2701782083896,4.89521408547587,496.17681405591,488.554374992788,-7.62243906312136,5.39041672701575,524.082406922799,517.973493328156,-6.10891359464267,5.02836255786904,545.945595485067,535.930079738028,-10.0155157470388,5.09839381152027,14.2846889191651,26.9324280644333,12.6477391452682,6.19303068921095,42.1902817860544,56.3515463998012,14.1612646137469,5.98176628529951,64.053470348322,74.3081328096728,10.2546624613508,6.26958657169586,27.9055928668893,29.419118335368,1.51352546847869,5.82240213171459,49.7687814291569,47.3757047452395,-2.3930766839174,5.64899674342208,21.8631885622676,17.9565864098715,-3.90660215239609,5.26082307592214
escs_recodes3,FIN,36,455.78918745508,442.149334778647,-13.6398526764336,4.30090628965893,478.075916742661,468.283848824825,-9.79206791783594,4.9855038686659,510.39650632922,497.411908833666,-12.9845974955535,4.78416618906593,528.386704309008,517.167013543374,-11.2196907656335,4.49435917316441,22.2867292875812,26.1345140461788,3.84778475859764,5.58717352775138,54.6073188741395,55.2625740550196,0.65525518088009,5.46155944661851,72.5975168539277,75.0176787647278,2.42016191080012,5.50615731401311,32.3205895865583,29.1280600088408,-3.19252957771755,5.36428209461191,50.3107875663465,48.883164718549,-1.42762284779752,5.9702307085869,17.9901979797882,19.7551047097082,1.76490672992003,5.53467870635354
escs_recodes3,FRA,36,426.43171849418,420.29810588348,-6.13361261069946,5.63330272858375,459.324031339102,446.915567298429,-12.4084640406735,6.07261159161568,489.104136999664,479.900875327919,-9.20326167174466,6.43268331226197,529.887482132378,513.82265339028,-16.0648287420977,6.37264534400816,32.8923128449226,26.6174614149485,-6.27485142997404,6.90472239409153,62.6724185054844,59.6027694444392,-3.0696490610452,6.833057514244,103.455763638198,93.5245475068001,-9.93121613139823,7.84742756665796,29.7801056605618,32.9853080294906,3.20520236892884,6.47807090540327,70.5634507932758,66.9070860918516,-3.6563647014242,6.9042389646545,40.783345132714,33.9217780623609,-6.86156707035303,6.43895236488291
escs_recodes3,GBR,36,469.494566557951,468.869183071731,-0.625383486219107,4.88472328415595,486.998882408042,489.907586840454,2.90870443241232,4.9764062218235,508.700234365815,510.667390360883,1.96715599506814,5.56167934474711,539.052160104267,536.633420456256,-2.4187396480113,6.36229267416478,17.504315850091,21.0384037687224,3.53408791863143,6.40179847489852,39.205667807864,41.7982072891512,2.59253948128725,6.54641422010483,69.5575935463162,67.7642373845241,-1.79335616179219,7.63899001074083,21.701351957773,20.7598035204288,-0.941548437344181,6.49598081594336,52.0532776962253,46.7258336158017,-5.32744408042362,7.38213127356365,30.3519257384523,25.9660300953728,-4.38589564307944,6.90402846834362
escs_recodes3,GRC,36,406.803591656745,390.776524450526,-16.027067206219,5.78820568267556,426.453200428625,412.929217795046,-13.5239826335784,5.520927799015,446.459078678109,443.80138942512,-2.65768925298914,5.8951461080851,478.129561721645,463.151544094905,-14.9780176267402,6.01945097338402,19.6496087718797,22.1526933445204,2.50308457264066,5.95168074197896,39.6554870213637,53.0248649745936,13.3693779532299,6.48479969282208,71.3259700649001,72.375019644379,1.04904957947889,7.71804098959594,20.0058782494839,30.8721716300732,10.8662933805892,5.95167121576587,51.6763612930204,50.2223262998586,-1.45403499316177,6.25157863948872,31.6704830435364,19.3501546697854,-12.320328373751,6.238179620086
escs_recodes3,HUN,36,417.575217786086,409.890661226924,-7.68455655916262,6.32727845768903,453.153012430864,440.90609934517,-12.2469130856938,5.06814580521261,490.139273277413,470.478245019075,-19.6610282583379,6.1038696616344,533.137385110807,500.817983617925,-32.3194014928814,6.13641275240036,35.5777946447775,31.0154381182463,-4.56235652653118,6.79488637146618,72.5640554913268,60.5875837921515,-11.9764716991753,7.75557638225495,115.56216732472,90.9273223910013,-24.6348449337188,8.63669473629113,36.9862608465493,29.5721456739052,-7.41411517264413,6.53320663095433,79.9843726799426,59.911884272755,-20.0724884071876,7.48368512607479,42.9981118333933,30.3397385988498,-12.6583732345435,6.51906912930619
escs_recodes3,IRL,36,482.310679365709,466.845810041225,-15.4648693244839,4.51496890546517,506.600680305172,488.241275237654,-18.3594050675179,4.61481418216075,529.609424213018,517.438367466758,-12.1710567462596,5.05996656679725,549.47716230545,541.251688459118,-8.22547384633231,4.14162830608025,24.290000939463,21.3954651964291,-2.89453574303394,5.24042447055556,47.2987448473088,50.5925574255331,3.29381257822428,5.82151615570669,67.1664829397412,74.4058784178928,7.23939547815161,5.43807479361584,23.0087439078458,29.197092229104,6.18834832125822,5.17878499390811,42.8764820002782,53.0104132214638,10.1339312211855,5.21908036959751,19.8677380924324,23.8133209923598,3.94558289992733,5.24815545806033
escs_recodes3,ISL,36,398.876888332307,396.241953632135,-2.63493470017215,5.23665146878837,429.337253449203,425.842390223725,-3.49486322547807,5.88078339032345,456.974133128749,451.461206808588,-5.51292632016083,5.55441921745272,465.270634310028,464.43466614329,-0.835968166737928,5.01469675629628,30.4603651168952,29.6004365915893,-0.859928525305918,7.97557911282933,58.0972447964418,55.2192531764531,-2.87799161998868,7.58540117840364,66.3937459777201,68.1927125111543,1.79896653343422,7.27688902166693,27.6368796795466,25.6188165848638,-2.01806309468276,7.9632614743966,35.9333808608249,38.592275919565,2.65889505874014,7.31157206329578,8.2965011812783,12.9734593347012,4.6769581534229,7.16036994253824
escs_recodes3,ISR,36,412.213178930527,414.392697668766,2.17951873823898,6.88279961830169,464.860975485398,441.830731532632,-23.0302439527667,6.20662083610247,509.152576658694,472.03517643934,-37.117400219354,6.80410982057332,523.106416271354,489.86974129383,-33.2366749775245,7.26710693773916,52.6477965548709,27.4380338638651,-25.2097626910057,7.46866794177978,96.9393977281669,57.642478770574,-39.2969189575929,7.7666758016042,110.893237340827,75.4770436250633,-35.4161937157635,8.80368997730862,44.291601173296,30.2044449067088,-14.0871562665872,7.09777393592252,58.2454407859559,48.0390097611982,-10.2064310247578,8.09222791902445,13.9538396126599,17.8345648544893,3.88072524182945,7.42012669174679
escs_recodes3,ITA,36,448.079849643486,437.061133601681,-11.0187160418042,5.15225104980732,472.55097776116,465.650801159453,-6.90017660170651,4.87582274962639,492.752130686725,487.74231457454,-5.00981611218464,5.5357178631677,517.218142875306,518.044969941089,0.82682706578214,5.70772386397222,24.4711281176744,28.5896675577721,4.11853944009772,5.47007148011639,44.6722810432391,50.6811809728587,6.00889992961959,6.53299844446767,69.1382932318209,80.9838363394073,11.8455431075864,7.1295426200549,20.2011529255647,22.0915134150865,1.89036048952187,5.81595262103553,44.6671651141465,52.3941687816351,7.72700366748865,6.4085578974479,24.4660121885818,30.3026553665486,5.83664317796678,5.52955191834171
escs_recodes3,JPN,36,484.151065250993,468.443626524356,-15.7074387266365,7.61405772393798,509.396952540572,499.261819699957,-10.1351328406147,6.02597476572619,529.571071512005,518.436732303992,-11.1343392080136,6.37989479165016,543.043374064969,539.515512087474,-3.52786197749526,6.69975761066589,25.2458872895791,30.8181931756009,5.57230588602181,7.08759881347624,45.4200062610127,49.9931057796356,4.57309951862294,7.92159033947565,58.8923088139766,71.0718855631179,12.1795767491412,9.05669602482361,20.1741189714336,19.1749126040348,-0.99920636739887,6.73142373949747,33.6464215243976,40.253692387517,6.60727086311943,7.43088127186179,13.4723025529639,21.0787797834822,7.60647723051829,6.34288678406807
escs_recodes3,KOR,36,477.276557125977,462.49904069187,-14.7775164341066,6.86233370559367,502.492120715958,500.656573707997,-1.83554700796037,7.29349688132548,527.463034130544,520.790750956986,-6.67228317355819,6.24109796725615,555.888476659624,531.891884088385,-23.9965925712387,6.5737255182055,25.2155635899814,38.1575330161277,12.9419694261463,7.71964067668468,50.1864770045675,58.2917102651159,8.10523326054846,7.89316659099648,78.6119195336476,69.3928433965155,-9.21907613713205,7.98434976609975,24.9709134145861,20.1341772489882,-4.83673616559781,6.66485588637496,53.3963559436662,31.2353103803878,-22.1610455632783,7.16179266047223,28.4254425290801,11.1011331313996,-17.3243093976805,7.08757190669986
escs_recodes3,LTU,36,436.034162450929,435.249858091092,-0.784304359837279,4.76511807917604,458.809960019922,460.656073245297,1.84611322537552,4.45519656619156,489.581541774011,489.725082629962,0.143540855950789,4.80459158857989,509.603857168189,498.241535923512,-11.3623212446776,5.44071528542756,22.7757975689925,25.4062151542053,2.6304175852128,5.79398643878583,53.5473793230822,54.4752245388702,0.927845215788068,6.08504540248052,73.5696947172598,62.9916778324196,-10.5780168848403,6.92945698385054,30.7715817540897,29.069009384665,-1.70257236942473,6.16243561153395,50.7938971482674,37.5854626782143,-13.2084344700531,6.18762822160356,20.0223153941777,8.51645329354932,-11.5058621006283,6.13205589427276
escs_recodes3,LVA,36,441.041779562145,412.593564058548,-28.4482155035973,4.8556473547738,464.359507026145,431.94691227246,-32.4125947536849,5.11087830533788,488.177969886448,456.617614477151,-31.5603554092978,4.90502707579306,509.855660367974,466.388446744744,-43.46721362323,4.89737529081938,23.3177274639996,19.353348213912,-3.96437925008757,5.72656779596071,47.1361903243034,44.0240504186029,-3.11213990570047,6.00030740067673,68.8138808058286,53.7948826861959,-15.0189981196326,6.25993594346333,23.8184628603038,24.6707022046909,0.852239344387101,5.88402079457466,45.496153341829,34.4415344722839,-11.054618869545,6.15841808536756,21.6776904815252,9.77083226759305,-11.9068582139321,6.2469705054412
escs_recodes3,MEX,36,381.590076985865,376.575301906708,-5.01477507915735,4.4969475261632,400.638509350794,399.26607325674,-1.3724360940538,4.304574682678,422.412716226344,415.215975786439,-7.19674043990563,5.58607842416099,457.673184912288,448.00054446101,-9.67264045127797,6.93597920184674,19.0484323649288,22.6907713500324,3.64233898510355,4.76074312898283,40.8226392404793,38.640673879731,-2.18196536074828,6.13343407768942,76.0831079264231,71.4252425543025,-4.65786537212063,7.70879921874556,21.7742068755505,15.9499025296986,-5.82430434585183,5.20425903102115,57.0346755614943,48.7344712042701,-8.30020435722418,7.33474386098697,35.2604686859438,32.7845686745715,-2.47590001137235,6.34696326487662
escs_recodes3,NLD,36,419.13084182732,400.949838379958,-18.1810034473622,7.67930004728788,439.657846410857,430.093162414269,-9.56468399658769,7.52454687163002,487.035165696068,466.747016775969,-20.2881489200992,7.28660810922176,507.6928029614,495.134316310072,-12.5584866513284,6.36033812851717,20.5270045835368,29.1433240343113,8.61631945077454,8.05574642292038,67.9043238687481,65.7971783960112,-2.10714547273693,9.27922355428828,88.5619611340801,94.1844779301139,5.62251679603384,9.52072988226031,47.3773192852114,36.6538543616999,-10.7234649235115,7.62611731655022,68.0349565505433,65.0411538958026,-2.99380265474071,8.52553705642285,20.657637265332,28.3872995341027,7.72966226877077,8.06939881478316
escs_recodes3,NOR,36,438.683634871133,415.652546273483,-23.0310885976497,5.0010419448757,469.260936619106,451.081704788569,-18.1792318305369,5.45593100664808,496.737531435843,480.719767616603,-16.0177638192405,5.24258196674852,514.550504024391,496.45482514823,-18.0956788761606,5.39710536002624,30.5773017479724,35.4291585150852,4.85185676711279,6.34422236361534,58.0538965647102,65.0672213431193,7.01332477840913,6.55742709997902,75.8668691532575,80.8022788747466,4.93540972148907,7.05942242558233,27.4765948167378,29.6380628280341,2.16146801129634,5.93540621118138,45.2895674052851,45.3731203596614,0.0835529543762732,6.65066413496399,17.8129725885474,15.7350575316273,-2.07791505692006,5.97774766364362
escs_recodes3,NZL,36,459.249967604724,467.374667206264,8.12469960153987,4.83719058519184,497.545812352227,486.892709668917,-10.6531026833102,5.60604038274518,523.31764673812,525.724023337184,2.40637659906372,6.08993781560493,544.744798523314,552.743950092031,7.99915156871737,5.18891199680673,38.2958447475031,19.518042462653,-18.7778022848501,6.51577971082775,64.0676791333959,58.3493561309197,-5.71832300247615,7.29406314188535,85.4948309185895,85.369282885767,-0.125548032822508,6.89512892908213,25.7718343858928,38.8313136682667,13.0594792823739,7.16473298946729,47.1989861710864,65.851240423114,18.6522542520275,7.51403036080412,21.4271517851936,27.0199267548472,5.59277496965365,7.32993371575923
escs_recodes3,POL,36,450.888677847094,446.471568344452,-4.4171095026424,5.35491179814601,474.20952921336,470.498219924088,-3.71130928927204,5.28225984512431,503.699409954838,506.265538689033,2.56612873419488,5.74534456333132,535.306606001024,526.506579507188,-8.80002649383539,6.06541660352857,23.320851366266,24.0266515796364,0.705800213370367,5.66238630743684,52.8107321077438,59.7939703445811,6.98323823683728,6.52949384889139,84.4179281539294,80.0350111627365,-4.38291699119299,8.02780852141673,29.4898807414778,35.7673187649447,6.27743802346691,6.02545030258575,61.0970767876634,56.0083595831001,-5.08871720456335,7.07098114927749,31.6071960461857,20.2410408181554,-11.3661552280303,6.71080204719374
escs_recodes3,PRT,36,437.963065847723,427.027885404678,-10.9351804430443,5.35069423106782,462.958559773313,451.533954721357,-11.4246050519562,5.80383983675453,489.424598152302,478.196270778732,-11.2283273735706,5.59605537758337,521.095562397104,508.380508222757,-12.7150541743467,5.56993126256682,24.9954939255904,24.5060693166785,-0.489424608911861,5.23842638595912,51.4615323045796,51.1683853740534,-0.293146930526234,5.65431134343547,83.132496549381,81.3526228180786,-1.77987373130242,6.61505735764747,26.4660383789892,26.6623160573748,0.196277678385627,5.6741884556888,58.1370026237906,56.8465535014001,-1.29044912239056,6.45638494256824,31.6709642448014,30.1842374440253,-1.48672680077618,5.89635664003706
escs_recodes3,SVK,36,394.950307869753,398.163766348711,3.21345847895759,6.72767049075871,438.208066406625,441.033274252094,2.82520784546875,5.85140166795041,456.928674031565,465.593346403647,8.66467237208173,6.31973682414183,499.861422197469,504.566363308978,4.70494111150941,5.93255679788885,43.2577585368723,42.8695079033835,-0.388250633488838,7.16622049247573,61.9783661618121,67.4295800549362,5.45121389312413,8.01497001465428,104.911114327715,106.402596960267,1.49148263255182,8.72448987648454,18.7206076249398,24.5600721515527,5.83946452661297,7.09259450115769,61.6533557908432,63.5330890568839,1.87973326604066,7.58195196510086,42.9327481659034,38.9730169053311,-3.95973126057231,6.82327043814692
escs_recodes3,SVN,36,431.785175446225,416.95297617272,-14.8321992735054,4.46923273850394,458.907222093033,439.834665432796,-19.0725566602376,4.72257448708264,487.014280427773,469.621636152397,-17.3926442753756,4.40081404086924,500.774965830838,485.071127943888,-15.7038378869502,4.55093271103906,27.1220466468079,22.8816892600757,-4.24035738673223,6.02912935632584,55.2291049815475,52.6686599796773,-2.56044500187016,5.68999830812856,68.9897903846123,68.1181517711675,-0.871638613444759,6.66028210359804,28.1070583347396,29.7869707196016,1.67991238486206,6.14166794688916,41.8677437378044,45.2364625110918,3.36871877328747,6.72273079477477,13.7606854030648,15.4494917914902,1.68880638842541,6.23182899161672
escs_recodes3,SWE,36,439.458656973881,419.67920342028,-19.7794535536019,5.38429722876004,474.793908014835,460.555541010239,-14.2383670045958,5.45066741278901,509.964952361747,503.552133718905,-6.41281864284218,6.11426987712086,536.47190886109,515.067396838991,-21.4045120220985,6.2443645964249,35.3352510409532,40.8763375899593,5.54108654900608,6.18012315140986,70.5062953878655,83.8729302986251,13.3666349107597,6.71243003772843,97.0132518872085,95.3881934187119,-1.62505846849666,7.65114864856797,35.1710443469123,42.9965927086658,7.82554836175359,6.67413747983532,61.6780008462553,54.5118558287526,-7.16614501750274,6.70225748038929,26.5069564993431,11.5152631200867,-14.9916933792563,6.87821098733898
escs_recodes3,TUR,36,430.565760580532,441.221979138741,10.656218558209,4.34775001168848,444.905864971704,463.621242524115,18.7153775524105,3.95989194174923,454.347424914964,477.115677632202,22.7682527172373,4.80966701555936,495.055366031965,518.278816031603,23.2234499996385,5.15772953366809,14.3401043911718,22.3992633853733,8.05915899420154,4.89298084572734,23.781664334432,35.8936984934603,12.1120341590283,5.51466838860216,64.4896054514325,77.0568368928621,12.5672314414296,6.40803688041297,9.44155994326019,13.494435108087,4.05287516482679,4.74478351104542,50.1495010602607,54.6575735074887,4.50807244722802,5.89496856893718,40.7079411170005,41.1631383994018,0.45519728240123,6.09801490529843
escs_recodes3,USA,36,462.971968981445,448.508925928654,-14.4630430527907,8.34909111061177,486.938417772578,477.901521286937,-9.03689648564102,9.57626593616469,513.035678885594,501.860995231625,-11.1746836539684,11.5467865186018,556.760129792566,557.469034419745,0.70890462717955,18.310025368853,23.9664487911328,29.3925953582825,5.42614656714972,10.4035500772598,50.0637099041484,53.3520693029708,3.28835939882237,11.9273661038682,93.7881608111205,108.960108491091,15.1719476799703,19.573209904433,26.0972611130156,23.9594739446883,-2.13778716832735,11.0843310169868,69.8217120199877,79.5675131328083,9.74580111282057,16.3548821790478,43.724450906972,55.60803918812,11.8835882811479,14.9990345111384
escs_recodes3,OECD,36,437.649417168677,428.416552785592,-9.23286438308497,1.42137326109821,465.888522639533,456.60019715575,-9.28832548378267,1.42356021951901,493.24755396918,483.530494340928,-9.71705962825246,1.45808970895241,520.788311206129,508.98404599386,-11.8042652122687,1.52593525857929,28.2391054708563,28.1836443701586,-0.0554611006976984,1.067906905821,55.5981368005032,55.1139415553357,-0.484195245167484,1.13874467891884,83.1388940374521,80.5674932082683,-2.57140082918374,1.33482631675067,27.3590313296469,26.9302971851772,-0.428734144469786,1.0462561589818,54.8997885665958,52.3838488381098,-2.51593972848605,1.20033416401124,27.5407572369489,25.4535516529326,-2.08720558401626,1.13749212250434
escs_recodes3,OECD35,35,437.590839129772,428.640694316009,-8.95014481376228,1.43377709801279,465.946262697239,456.981518431111,-8.96474426612804,1.43665930640783,493.376059453168,483.936946625431,-9.43911282773763,1.47324859387353,521.019646529478,509.539312034681,-11.4803344947964,1.54425079754711,28.3554235674674,28.3408241151016,-0.0145994523657578,1.0921577755523,55.7852203233965,55.2962523094212,-0.488968013975352,1.16499946622335,83.428807399706,80.8986177186719,-2.53018968103413,1.36620344878267,27.4297967559292,26.9554281943196,-0.474368561609595,1.07068287374953,55.0733838322386,52.5577936035703,-2.51559022866837,1.22868813506798,27.6435870763095,25.6023654092507,-2.04122166705878,1.16443055347701
escs_recodes10,AUS,36,454.281481138371,451.496380038948,-2.78510109942323,4.06659340494889,485.350202639309,482.729804054074,-2.62039858523502,3.97112804082124,520.343293266025,514.1236296159,-6.21966365012554,4.39638062000152,541.501318786161,534.221579629911,-7.27973915625057,4.08356626504085,31.068721500938,31.2334240151262,0.164702514188207,4.7217049243517,66.0618121276542,62.6272495769519,-3.43456255070231,4.95765372152606,87.2198376477902,82.7251995909629,-4.49463805682734,4.90228387846191,34.9930906267162,31.3938255618257,-3.59926506489052,4.9019070597881,56.1511161468522,51.4917755758366,-4.65934057101555,4.5929924580216,21.158025520136,20.097950014011,-1.06007550612503,4.49737536140139
escs_recodes10,AUT,36,431.038271058657,428.588118324887,-2.45015273376998,5.35367423093963,469.306288212452,461.512066075738,-7.7942221367141,5.48740636126582,501.319660020354,485.36468977563,-15.9549702447247,4.71681237496059,532.412754832857,514.376241781366,-18.0365130514905,5.0899732758246,38.2680171537949,32.9239477508508,-5.34406940294412,6.24923818797018,70.2813889616976,56.7765714507428,-13.5048175109548,5.58404888224135,101.3744837742,85.7881234564793,-15.5863603177205,6.59377248946478,32.0133718079027,23.852623699892,-8.16074810801064,5.76837740894025,63.1064666204049,52.8641757056285,-10.2422909147764,5.69700105649898,31.0930948125022,29.0115520057365,-2.08154280676575,5.46423807781297
escs_recodes10,BEL,36,427.178129339893,431.416096193991,4.23796685409764,5.84530916247657,464.064094685124,461.65024747695,-2.41384720817399,5.72579470933065,502.681241933746,498.010878498453,-4.67036343529304,5.4649415311072,532.127247485575,519.621761291054,-12.5054861945212,5.07041165848458,36.8859653452315,30.2341512829598,-6.65181406227163,6.51580407178773,75.5031125938529,66.5947823044622,-8.90833028939068,6.96861771158941,104.949118145682,88.2056650970633,-16.7434530486188,7.29336850738629,38.6171472486215,36.3606310215024,-2.25651622711905,5.76056502537133,68.0631528004507,57.9715138141035,-10.0916389863472,6.65329943597753,29.4460055518292,21.6108827926011,-7.83512275922811,6.22530196001618
escs_recodes10,CAN,36,472.17843998101,459.232748450238,-12.9456915307728,4.0900081154059,500.354266559911,490.928193441777,-9.42607311813362,3.70982821260651,523.979670399124,514.975261023238,-9.00440937588553,4.03059901486154,543.305022931586,526.746823904257,-16.5581990273284,4.61752512994523,28.1758265789006,31.6954449915397,3.51961841263915,4.70844156530519,51.8012304181136,55.7425125730008,3.94128215488723,5.01703855635193,71.1265829505751,67.5140754540195,-3.61250749655568,5.55987174382837,23.625403839213,24.0470675814611,0.421663742248086,4.20439864451504,42.9507563716746,35.8186304624797,-7.13212590919483,5.12216455336618,19.3253525324616,11.7715628810187,-7.55378965144291,4.73648740530567
escs_recodes10,CHE,36,429.471963652845,431.308145437241,1.83618178439605,5.49148096538578,467.389826739681,462.330681026215,-5.05914571346568,5.02180283172091,505.764744817211,492.571555430317,-13.1931893868941,6.05752194750894,541.353128869563,523.888318462507,-17.4648104070568,5.14193518940147,37.9178630868361,31.0225355889743,-6.89532749786173,5.81008736106098,76.2927811643658,61.2634099930757,-15.0293711712901,6.41931047668585,111.881165216718,92.5801730252656,-19.3009921914529,7.0013313679779,38.3749180775297,30.2408744041014,-8.13404367342838,5.83435381039749,73.9633021298824,61.5576374362913,-12.4056646935911,6.29597160050822,35.5883840523526,31.3167630321899,-4.27162102016274,6.34171395946054
escs_recodes10,CHL,36,417.18018364517,409.547533563635,-7.63265008153513,5.98101983300518,441.326436801363,426.041138946391,-15.2852978549719,5.44954870526645,456.198873031357,442.460834863443,-13.7380381679135,5.47209958245339,486.518576401518,487.138686790646,0.620110389128172,6.08497319956395,24.1462531561923,16.4936053827556,-7.65264777343674,6.68756700977509,39.0186893861865,32.9133012998081,-6.10538808637841,6.84121214735218,69.3383927563472,77.5911532270105,8.2527604706633,8.13620304954083,14.8724362299942,16.4196959170525,1.54725968705833,6.30302069067991,45.1921396001549,61.0975478442549,15.9054082441,6.33029928008036,30.3197033701607,44.6778519272024,14.3581485570417,6.82501702846574
escs_recodes10,COL,36,368.866090082647,363.671652500763,-5.19443758188345,4.75506065564011,393.102950567367,392.856666638043,-0.246283929324022,6.1696732006962,415.08872059126,411.632512798771,-3.45620779248912,6.86162640706393,465.7999851851,454.468185115863,-11.3318000692371,9.52533750150421,24.2368604847197,29.1850141372792,4.94815365255943,6.48651603550479,46.2226305086135,47.9608602980079,1.73822978939432,7.10253116665501,96.9338951024531,90.7965326150994,-6.1373624873537,10.3363746693235,21.9857700238938,18.7758461607287,-3.2099238631651,5.21842646091913,72.6970346177333,61.6115184778202,-11.0855161399131,9.07039011109196,50.7112645938395,42.8356723170915,-7.87559227674802,8.87203829717258
escs_recodes10,CZE,36,441.293438677086,431.641630427076,-9.65180825001033,5.33476374546044,477.40832280611,459.986459771154,-17.4218630349554,4.98299549741624,498.885943235,481.160172222394,-17.7257710126059,5.38148333010625,540.557831798327,516.663669354177,-23.8941624441492,5.231716489987,36.1148841290234,28.3448293440783,-7.77005478494505,5.77945500398134,57.5925045579136,49.518541795318,-8.07396276259561,6.08643529645911,99.2643931212401,85.0220389271013,-14.2423541941388,7.3740743051485,21.4776204288903,21.1737124512397,-0.303907977650567,5.59402677676945,63.1495089922168,56.6772095830229,-6.4722994091938,6.32485420299737,41.6718885633265,35.5034971317833,-6.16839143154323,6.25277067075994
escs_recodes10,DEU,36,438.243869748712,422.360874621585,-15.8829951271273,6.38383888482634,472.482079089607,464.85166274168,-7.63041634792705,6.32757615938115,496.605870269049,495.350557638038,-1.25531263101135,6.68849977866441,540.338073437846,537.330366542202,-3.00770689564354,6.64449898176499,34.2382093408947,42.490788120095,8.25257877920024,6.55943897593228,58.3620005203369,72.9896830164528,14.6276824961159,6.91787298886243,102.094203689133,114.969491920617,12.8752882314838,8.32189090802566,24.1237911794422,30.4988948963579,6.3751037169157,5.84797229995393,67.8559943482387,72.4787038005222,4.62270945228352,6.90093274440878,43.7322031687966,41.9798089041644,-1.75239426463219,6.98675271906256
escs_recodes10,DNK,36,452.526894652268,430.334001596404,-22.1928930558636,4.80518715572332,485.442995836284,457.941737590257,-27.5012582460273,5.22375713571532,511.512461790639,485.433205120262,-26.0792566703762,5.92346230834714,513.594306944322,492.568531794577,-21.0257751497446,5.84718687494711,32.9161011840163,27.6077359938527,-5.30836519016361,5.66070444760821,58.9855671383708,55.0992035238583,-3.88636361451256,6.28149202979561,61.067412292054,62.2345301981731,1.16711790611902,7.0867027656566,26.0694659543545,27.4914675300056,1.42200157565105,6.16545560234625,28.1513111080378,34.6267942043204,6.47548309628263,6.67484955954127,2.08184515368322,7.1353266743148,5.05348152063158,7.41258799997481
escs_recodes10,ESP,36,440.354017051937,421.17026144325,-19.1837556086862,3.93604477620642,463.325183042051,443.456782391277,-19.8684006507735,3.64873853781853,488.623478373041,468.429866929205,-20.1936114438352,3.72598199741671,513.080914247381,490.262278101934,-22.8186361454476,3.55659559613826,22.9711659901141,22.2865209480268,-0.684645042087311,3.95569615878479,48.269461321104,47.259605485955,-1.00985583514898,4.23141175214671,72.7268971954445,69.0920166586832,-3.63488053676133,4.75646799531599,25.2982953309899,24.9730845379282,-0.325210793061672,3.68994118459662,49.7557312053304,46.8054957106564,-2.95023549467402,4.2049251027732,24.4574358743406,21.8324111727282,-2.62502470161235,4.04265698953505
escs_recodes10,EST,36,481.416332332751,461.182711190322,-20.2336211424286,5.10912759248375,495.728525751904,489.220851656799,-6.50767409510473,5.27382771215847,525.351558987863,517.613953244768,-7.73760574309506,5.10011089301683,545.63565767278,536.085179031085,-9.55047864169524,5.12299866767698,14.3121934191527,28.0381404664766,13.7259470473239,6.37472879944889,43.9352266551123,56.4312420544459,12.4960153993335,6.08116384684504,64.2193253400293,74.9024678407627,10.6831425007334,6.44024740220586,29.6230332359596,28.3931015879693,-1.22993164799033,5.91061920788932,49.9071319208766,46.8643273742861,-3.0428045465905,5.70703553220817,20.284098684917,18.4712257863168,-1.81287289860018,5.2870716680906
escs_recodes10,FIN,36,456.571352771161,442.88880457486,-13.6825481963011,4.31197877778005,477.654452674699,468.696995135085,-8.95745753961415,4.92046266255276,510.248107120941,497.680637545732,-12.5674695752089,4.68282585368591,528.92392847857,516.605413483158,-12.3185149954111,4.61456776068241,21.0830999035381,25.8081905602251,4.72509065668692,5.29019585845575,53.6767543497804,54.7918329708726,1.11507862109221,5.43064949074416,72.3525757074087,73.7166089082987,1.36403320088999,5.66679818453864,32.5936544462422,28.9836424106475,-3.61001203559471,5.27145597199145,51.2694758038705,47.9084183480736,-3.36105745579692,6.06163769702407,18.6758213576283,18.9247759374261,0.248954579797783,5.5842487890558
escs_recodes10,FRA,36,427.94984105019,419.213714398359,-8.73612665183117,5.65257394583777,460.268126103421,448.48581932871,-11.7823067747116,5.69193101024969,487.41439536929,478.396336530387,-9.01805883890216,6.56320227474305,531.04937319488,516.071546365138,-14.977826829742,6.41363364151663,32.3182850532315,29.272104930351,-3.04618012288046,6.28204983979292,59.4645543190998,59.1826221320288,-0.281932187070993,7.02542223393997,103.09953214469,96.8578319667794,-6.24170017791079,7.74266726160713,27.1462692658683,29.9105172016778,2.76424793580946,6.51918037892847,70.7812470914587,67.5857270364284,-3.19552005503033,7.16649957239122,43.6349778255905,37.6752098347507,-5.95976799083979,6.27901167776032
escs_recodes10,GBR,36,469.2538588876,469.812934930469,0.559076042869378,4.95260685474162,485.628424613409,489.153552770967,3.52512815755853,5.33626148978655,510.920104335329,509.91250788987,-1.00759644545889,5.58012899226521,539.33381055976,537.423290060363,-1.91052049939754,6.54221737519317,16.3745657258087,19.3406178404979,2.96605211468915,6.92808896708865,41.6662454477287,40.0995729594005,-1.56667248832827,6.57558237394155,70.0799516721605,67.6103551298936,-2.46959654226691,7.82376622448831,25.29167972192,20.7589551189026,-4.53272460301741,7.01377239119664,53.7053859463517,48.2697372893957,-5.43564865695606,7.53743459939027,28.4137062244317,27.5107821704931,-0.902924053938648,7.41801207736786
escs_recodes10,GRC,36,406.755062352191,390.166466349129,-16.588596003062,5.82336569410286,426.055209355133,414.074660559661,-11.9805487954714,5.70397272025215,448.341492744838,444.119165094043,-4.22232765079457,5.60320017790191,477.469739422563,464.102502098475,-13.3672373240875,6.17196107630383,19.300147002942,23.9081942105326,4.60804720759057,6.12213857278182,41.5864303926472,53.9526987449147,12.3662683522674,6.23549645640129,70.7146770703719,73.9360357493464,3.22135867897447,7.97282128041126,22.2862833897052,30.044504534382,7.75822114467684,5.97003055509163,51.4145300674299,50.0278415388138,-1.38668852861611,6.35136780250702,29.1282466777247,19.9833370044317,-9.14490967329294,6.46447466454589
escs_recodes10,HUN,36,419.142232690116,410.034792104555,-9.10744058556071,6.10430691525268,452.509847209989,442.5985264196,-9.91132079038886,5.03407794012322,489.383831716512,469.462074700498,-19.921757016014,6.26820661767255,533.96536537691,500.927851696285,-33.037513680625,6.10351286143442,33.3676145198729,32.5637343150447,-0.803880204828147,6.45986205944848,70.2415990263959,59.4272825959426,-10.8143164304533,7.84205737572171,114.823132686794,90.8930595917299,-23.9300730950642,8.39466850202555,36.873984506523,26.8635482808979,-10.0104362256251,6.45992477847368,81.4555181669213,58.3293252766852,-23.1261928902361,7.53897602248233,44.5815336603983,31.4657769957873,-13.115756664611,6.62768399684221
escs_recodes10,IRL,36,482.079871556827,467.430461764105,-14.6494097927217,4.38018067527059,507.673131453758,488.240399845568,-19.4327316081904,4.76120822850972,528.588444740057,517.931636628163,-10.6568081118942,4.99873336806497,549.745442346748,540.62017761808,-9.12526472866807,4.11475314617153,25.5932598969318,20.8099380814631,-4.7833218154687,5.06689304902906,46.5085731832301,50.5011748640576,3.99260168082748,5.63428279283655,67.665570789921,73.1897158539746,5.52414506405359,5.1042251443516,20.9153132862983,29.6912367825945,8.77592349629617,5.65609387121178,42.0723108929892,52.3797777725115,10.3074668795223,5.48523986229701,21.1569976066909,22.688540989917,1.53154338322611,4.9943328216311
escs_recodes10,ISL,36,398.557215968147,396.501114411817,-2.05610155632979,5.03350712057818,431.469361811714,427.432356723749,-4.03700508796476,5.5319090258683,457.925129450011,449.690873380002,-8.23425607000871,5.46903469345854,463.279896285915,464.422595849394,1.14269956347965,4.94755334388098,32.9121458435676,30.9312423119326,-1.98090353163497,7.30066951364949,59.367913481864,53.1897589681851,-6.17815451367892,7.66587676491369,64.7226803177681,67.9214814375775,3.19880111980945,6.8335159106302,26.4557676382964,22.2585166562525,-4.19725098204395,7.2739173287301,31.8105344742005,36.9902391256449,5.17970465144441,6.89352160941358,5.35476683590406,14.7317224693924,9.37695563348836,7.23238410585696
escs_recodes10,ISR,36,418.545636131167,411.163249148675,-7.38238698249165,6.69487663166337,468.005589599804,445.976015098893,-22.0295745009112,6.55978725446144,510.663387874323,475.055708693732,-35.6076791805907,7.36065706177024,522.733219887976,491.829246397578,-30.9039734903975,6.59383240640577,49.4599534686374,34.8127659502179,-14.6471875184195,7.49109156302985,92.117751743156,63.892459545057,-28.2252921980991,8.36212407485671,104.187583756809,80.6659972489031,-23.5215865079059,8.23650508622269,42.6577982745187,29.0796935948391,-13.5781046796795,7.50119973147313,54.7276302881716,45.8532312986852,-8.87439898948634,8.06551023006018,12.0698320136529,16.7735377038461,4.7037056901932,7.96101785497646
escs_recodes10,ITA,36,447.408170602555,436.543727396425,-10.8644432061307,5.14010087905793,474.231616095895,467.254604453994,-6.97701164190096,4.68707791460552,491.302713158069,487.528725888396,-3.77398726967283,5.30760239427854,518.348871561369,517.520292166324,-0.828579395045608,5.82836242654604,26.8234454933396,30.7108770575694,3.88743156422976,5.50227511841435,43.8945425555135,50.9849984919714,7.09045593645789,6.11063112012811,70.940700958814,80.9765647698992,10.0358638110851,7.1431875623388,17.0710970621739,20.2741214344021,3.20302437222813,5.31793667390957,44.1172554654744,50.2656877123298,6.14843224685535,6.42117465193984,27.0461584033005,29.9915662779278,2.94540787462722,5.45993422529696
escs_recodes10,JPN,36,484.398622626229,468.728027604094,-15.6705950221349,7.62647891324359,509.285144936465,498.843773370903,-10.441371565562,6.19960592792997,529.504594088764,517.773612447526,-11.7309816412381,6.2670082965168,543.362279607783,540.386713087777,-2.97556652000594,6.66380621871647,24.8865223102362,30.1157457668092,5.22922345657298,7.22550774877922,45.1059714625346,49.0455848434314,3.93961338089679,7.61554307075852,58.9636569815534,71.6586854836824,12.695028502129,9.20675225291619,20.2194491522984,18.9298390766222,-1.28961007567619,6.86509312676788,34.0771346713172,41.5429397168732,7.46580504555601,7.55578938120012,13.8576855190188,22.613100640251,8.7554151212322,6.22607477595947
escs_recodes10,KOR,36,477.879954449353,463.403779712604,-14.4761747367488,7.02298869253878,504.057376612244,500.160055893566,-3.89732071867832,6.84121464147225,527.996862885651,521.105193823785,-6.89166906186631,6.28776438821365,555.183099383696,531.149350252904,-24.0337491307927,6.75984305885284,26.1774221628916,36.7562761809621,10.5788540180704,7.40428735044895,50.1169084362986,57.7014141111811,7.58450567488245,8.25587038331611,77.3031449343437,67.7455705402998,-9.55757439404391,8.02585811359598,23.939486273407,20.945137930219,-2.99434834318799,6.82703375918465,51.1257227714521,30.9892943593378,-20.1364284121144,6.92549488991685,27.1862364980451,10.0441564291187,-17.1420800689264,7.63223097546591
escs_recodes10,LTU,36,435.872457215556,435.425788507164,-0.446668708392224,4.70019398273136,459.412230593129,461.956216215393,2.54398562226459,4.24802552364503,490.142942099909,489.032831096777,-1.11011100313198,4.53342236351414,509.092144044939,498.09870507098,-10.9934389739583,5.60495154325333,23.5397733775729,26.5304277082298,2.99065433065681,5.53713891634717,54.2704848843529,53.6070425896131,-0.663442294739753,5.82491141086511,73.2196868293829,62.6729165638167,-10.5467702655661,6.95804523126082,30.7307115067799,27.0766148813834,-3.65409662539656,5.65420107604807,49.6799134518099,36.142488855587,-13.5374245962229,6.45091465613148,18.94920194503,9.06587397420361,-9.88332797082637,5.77202915735233
escs_recodes10,LVA,36,441.329350644051,412.43350624045,-28.895844403601,4.79417543764461,462.940846934901,433.232153467984,-29.7086934669172,4.82545075251953,488.658901486774,456.849696933095,-31.8092045536789,5.00874089713684,510.984437528873,465.254532402217,-45.7299051266556,4.81391827169035,21.6114962908498,20.7986472275335,-0.812849063316264,5.56776609447338,47.329550842723,44.416190692645,-2.91336015007795,5.61676638128947,69.6550868848216,52.821026161767,-16.8340607230547,6.43236750588058,25.7180545518732,23.6175434651115,-2.10051108676169,5.43418360285503,48.0435905939718,32.0223789342334,-16.0212116597384,5.93977688437634,22.3255360420986,8.40483546912191,-13.9207005729767,6.30327790990298
escs_recodes10,MEX,36,382.087235874102,375.988625981735,-6.09860989236671,4.47032834134353,401.037267439883,400.914616231464,-0.122651208418574,4.39678715447711,422.469417585135,414.694598033251,-7.77481955188432,5.54503969007228,457.435076979878,448.383304736103,-9.05177224377485,6.94724655337718,18.9500315657812,24.9259902497294,5.97595868394814,4.87830717387674,40.3821817110336,38.705972051516,-1.67620965951761,6.17771530818724,75.3478411057759,72.3946787543678,-2.95316235140814,7.77238774171355,21.4321501452524,13.7799818017867,-7.65216834346575,5.13025366685632,56.3978095399947,47.4686885046384,-8.92912103535628,7.3033394682292,34.9656593947423,33.6887067028517,-1.27695269189053,6.42695634005867
escs_recodes10,NLD,36,419.951099445505,407.629634084424,-12.3214653610805,7.50394941003878,438.156563883036,429.852264384866,-8.30429949816977,8.20677704494382,487.634655216147,469.795026615078,-17.8396286010695,7.29020861590231,508.121720743025,494.750485766313,-13.3712349767123,6.31943485482968,18.2054644375312,22.2226303004419,4.0171658629107,8.89264276417698,67.6835557706425,62.1653925306534,-5.51816323998907,9.46768824750825,88.1706212975207,87.1208516818888,-1.04976961563187,9.32338532542028,49.4780913331113,39.9427622302115,-9.53532910289977,8.00794162039967,69.9651568599895,64.898221381447,-5.06693547854258,9.23130313969022,20.4870655268782,24.9554591512354,4.46839362435719,8.10081091310855
escs_recodes10,NOR,36,439.017606224565,416.221972977312,-22.7956332472537,5.06501420090456,469.345338808464,449.615331028456,-19.7300077800076,5.29173172167566,497.449017033356,481.791381826621,-15.6576352067352,5.40913333797327,513.599820594527,496.726198723512,-16.8736218710146,5.32071893922907,30.3277325838985,33.3933580511446,3.06562546724604,6.20586137759052,58.4314108087906,65.569408849309,7.13799804051843,6.68082935076131,74.5822143699617,80.5042257462007,5.92201137623903,7.11936376943509,28.1036782248921,32.1760507981645,4.07237257327239,6.02848515916469,44.2544817860631,47.1108676950561,2.85638590899299,6.43967584249936,16.1508035611711,14.9348168968917,-1.2159866642794,5.93655457401059
escs_recodes10,NZL,36,459.786241077644,467.260820469875,7.47457939223142,5.03107784905866,495.13680108137,487.723620422044,-7.4131806593258,5.46072293511436,525.11297021028,525.847732099028,0.73476188874838,5.68363986865673,545.895419275802,552.439136445319,6.54371716951698,5.35726574684191,35.3505600037267,20.4627999521695,-14.8877600515572,6.58213513311731,65.3267291326362,58.5869116291532,-6.73981750348304,6.83467693319013,86.1091781981589,85.1783159754444,-0.930862222714438,7.13567654602424,29.9761691289095,38.1241116769837,8.14794254807418,6.95043187832067,50.7586181944322,64.715516023275,13.9568978288428,7.10546926578035,20.7824490655227,26.5914043462913,5.8089552807686,7.4389847302153
escs_recodes10,POL,36,450.729617402696,445.957154753705,-4.77246264899128,5.13970143510617,476.15110515007,471.220416363488,-4.93068878658164,5.22650422245766,503.793834956985,507.023598230894,3.2297632739087,5.95200822198069,533.722768882672,525.911551855722,-7.81121702694941,5.91664073563592,25.4214877473733,25.2632616097829,-0.158226137590361,5.37854739493952,53.0642175542888,61.0664434771888,8.00222592289998,6.57019104303877,82.9931514799756,79.9543971020174,-3.03875437795813,7.61129434895029,27.6427298069156,35.8031818674059,8.16045206049034,6.20130460399205,57.5716637326023,54.6911354922345,-2.88052824036777,7.08417223724095,29.9289339256868,18.8879536248286,-11.0409803008581,6.62097131123691
escs_recodes10,PRT,36,439.045379151848,425.832845021647,-13.2125341302013,5.39105147645955,462.523410699412,453.323791351625,-9.19961934778649,5.76861061923572,490.069827489353,477.802686949698,-12.267140539655,5.71391663790826,520.600202106643,508.543023030902,-12.0571790757411,5.5841296869516,23.4780315475636,27.4909463299784,4.01291478241478,5.30352724951937,51.0244483375048,51.969841928051,0.945393590546246,5.92860134826157,81.5548229547948,82.7101780092549,1.15535505446013,6.64057977717417,27.5464167899412,24.4788955980727,-3.06752119186854,5.80311684269924,58.0767914072312,55.2192316792765,-2.85755972795465,6.53737745895545,30.53037461729,30.7403360812039,0.209961463913885,5.89521652228888
escs_recodes10,SVK,36,401.140192042083,401.593485959095,0.453293917012388,6.46218956966141,436.790104491718,441.060242110945,4.27013761922643,5.94957958329185,456.875959635042,463.980879759941,7.10492012489925,6.29660856184153,499.959591344914,505.961858075496,6.00226673058262,5.81946295404191,35.6499124496354,39.4667561518494,3.81684370221404,7.05000584598336,55.7357675929591,62.387393800846,6.65162620788686,7.82610363181723,98.8193993028308,104.368372116401,5.54897281357023,8.5067388244635,20.0858551433237,22.9206376489966,2.83478250567282,6.84053637196974,63.1694868531954,64.9016159645516,1.73212911135619,7.71093744483677,43.0836317098717,41.980978315555,-1.10265339431663,6.6940421190743
escs_recodes10,SVN,36,432.426356070111,417.85416973033,-14.5721863397816,4.51275099839765,458.703936245724,439.11315113141,-19.5907851143134,4.94926326459734,488.059732276987,470.769317311418,-17.2904149655685,4.42963565448228,499.458886986666,484.641428809737,-14.8174581769288,4.43840699721786,26.2775801756124,21.2589814010806,-5.01859877453177,6.50212365723155,55.6333762068754,52.9151475810886,-2.71822862578682,5.9522444551545,67.0325309165544,66.7872590794073,-0.245271837147129,6.46484768965142,29.355796031263,31.656166180008,2.30037014874495,6.18669721105293,40.754950740942,45.5282776783266,4.77332693738464,6.86767946378708,11.399154709679,13.8721114983186,2.47295678863969,6.09779242035168
escs_recodes10,SWE,36,440.623290585195,419.003412292118,-21.6198782930771,5.43800933941169,474.195035122436,461.506823351954,-12.6882117704818,5.84787095361597,510.113265414875,503.61974281318,-6.49352260169485,5.91760023886245,537.215069710385,515.498413578502,-21.7166561318834,6.35812721929877,33.5717445372408,42.5034110598361,8.93166652259532,6.63713986733151,69.4899748296796,84.6163305210619,15.1263556913823,6.72840842832606,96.5917791251901,96.4950012863838,-0.096777838806247,7.60202189944661,35.9182302924389,42.1129194612258,6.19468916878697,7.09778851058115,63.0200345879493,53.9915902265477,-9.02844436140157,7.25275065320125,27.1018042955104,11.8786707653219,-15.2231335301885,6.73019297817865
escs_recodes10,TUR,36,430.64901287795,441.881688729556,11.2326758516058,4.33474264597027,445.414246751582,463.120765477216,17.7065187256342,3.97696427690226,454.398677859115,478.074739545199,23.6760616860837,4.86091277519527,494.578678230029,517.662167589338,23.0834893593085,5.16704699837308,14.7652338736321,21.2390767476605,6.47384287402844,4.89406593598243,23.7496649811654,36.1930508156433,12.4433858344779,5.4853636171719,63.9296653520793,75.7804788597821,11.8508135077028,6.42778894851307,8.98443110753334,14.9539740679828,5.96954296044947,5.01456882686313,49.1644314784472,54.5414021121216,5.37697063367432,5.88246166018871,40.1800003709139,39.5874280441387,-0.592572326775155,6.09419961391362
escs_recodes10,USA,36,463.907733147769,446.873699211302,-17.0340339364668,8.10137972313209,485.52587495639,478.257212484951,-7.26866247143909,9.49026191699704,513.63842075852,502.738273011019,-10.9001477475003,12.1281885540571,557.458981173182,559.268519667084,1.80953849390221,17.8064165658202,21.6181418086207,31.3835132736484,9.76537146502773,10.2461206750098,49.7306876107506,55.8645737997171,6.13388618896647,12.2584497487725,93.5512480254131,112.394820455782,18.843572430369,18.9217687864729,28.1125458021299,24.4810605260686,-3.63148527606126,11.8175687113446,71.9331062167924,81.0113071821337,9.0782009653413,16.5886703228168,43.8205604146625,56.5302466560651,12.7096862414026,14.0508631661825
escs_recodes10,OECD,36,438.309347283499,428.660945281726,-9.64840200177241,1.41638804617325,466.040339315439,457.092212650912,-8.94812666452657,1.421716443515,493.529505617248,483.827891500215,-9.70161411703259,1.4606900502183,520.770628952798,509.099164628508,-11.67146432429,1.51884035328244,27.7309920319403,28.4312673691861,0.700275337245842,1.0565554448426,55.2201583337491,55.1669462184889,-0.0532121152601803,1.1381563314926,82.461281669299,80.4382193467814,-2.0230623225176,1.31813844928945,27.4891663018088,26.7356788493028,-0.753487452506022,1.05051355630014,54.7302896373587,52.0069519775952,-2.72333765976344,1.20083895490277,27.2411233355498,25.2712731282924,-1.96985020725742,1.1296197457885
escs_recodes10,OECD35,35,438.250928147258,428.874964819968,-9.37596332728924,1.42877314685699,466.117915208964,457.481796372616,-8.63611883634815,1.43498106142898,493.669677824225,484.267835059387,-9.40184276483819,1.47565389235623,520.990335087238,509.63736138641,-11.3529737008284,1.53683572455977,27.8669870617067,28.6068315526478,0.739844490941096,1.08084980198473,55.4187496769675,55.3928702394185,-0.0258794375489515,1.16441571250969,82.7394069399804,80.7623965664413,-1.97701037353914,1.34897140535413,27.5517626152608,26.7860386867708,-0.765723928490047,1.07537269123373,54.8724198782738,52.1555650137935,-2.71685486448024,1.2292918161692,27.320657263013,25.3695263270228,-1.95113093599019,1.15613916346253
