index,cnt,n_systems,Q1_2022,Q1_2025,Q1_change,Q1_se,Q2_2022,Q2_2025,Q2_change,Q2_se,Q3_2022,Q3_2025,Q3_change,Q3_se,Q4_2022,Q4_2025,Q4_change,Q4_se,Q2-Q1_2022,Q2-Q1_2025,Q2-Q1_change,Q2-Q1_se,Q3-Q1_2022,Q3-Q1_2025,Q3-Q1_change,Q3-Q1_se,Q4-Q1_2022,Q4-Q1_2025,Q4-Q1_change,Q4-Q1_se,Q3-Q2_2022,Q3-Q2_2025,Q3-Q2_change,Q3-Q2_se,Q4-Q2_2022,Q4-Q2_2025,Q4-Q2_change,Q4-Q2_se,Q4-Q3_2022,Q4-Q3_2025,Q4-Q3_change,Q4-Q3_se
escs,AUS,36,458.88261978541,469.155210182353,10.2725903969427,5.13378749321092,489.219580756105,499.718225792861,10.4986450367551,4.69086556576793,526.269360747842,535.872501001359,9.60314025351659,4.69618613166915,561.113711709885,549.207501990889,-11.9062097189958,5.08232384050796,30.3369609706955,30.5630156105079,0.226054639812446,4.87715027022085,67.3867409624324,66.7172908190063,-0.669450143426104,4.99653087839511,102.231091924475,80.0522918085367,-22.1788001159385,5.66813345192963,37.0497799917369,36.1542752084984,-0.89550478323855,4.10198854252704,71.8941309537797,49.4892761980287,-22.4048547557509,4.94212955300766,34.8443509620428,13.3350009895304,-21.5093499725124,4.26270281877409
escs,AUT,36,429.362549194594,449.095392565645,19.7328433710513,5.77341770237364,476.638979584819,489.351904367641,12.7129247828216,5.59821748255409,517.229361312996,521.793523888973,4.56416257597721,5.32892261057205,553.161610225065,546.921910814798,-6.23969941026701,5.56621707744275,47.2764303902251,40.2565118019954,-7.0199185882297,5.65186719028674,87.8668121184018,72.6981313233278,-15.1686807950741,5.24943174325549,123.799061030471,97.8265182491531,-25.9725427813183,6.0358923809396,40.5903817281767,32.4416195213323,-8.14876220684437,5.37909190341077,76.5226306402462,57.5700064471577,-18.9526241930886,5.59816723355167,35.9322489120696,25.1283869258253,-10.8038619862442,5.14935559820145
escs,BEL,36,432.743761775729,449.422394509614,16.6786327338848,5.89787412198237,471.046549657004,480.87139785337,9.82484819636528,5.19273522943942,513.219857529139,521.966995955561,8.747138426422,5.08564665575255,552.465378400464,547.194106417584,-5.27127198288054,5.70054875676477,38.302787881275,31.4490033437555,-6.85378453751952,5.42426805723336,80.47609575341,72.5446014459472,-7.9314943074628,5.60598494595691,119.721616624735,97.7717119079696,-21.9499047167653,6.72400549807873,42.173307872135,41.0955981021917,-1.07770976994328,4.69783807034194,81.4188287434599,66.3227085642141,-15.0961201792458,5.87106301892323,39.245520871325,25.2271104620224,-14.0184104093025,5.12733205965993
escs,CAN,36,479.353976731794,480.368038584493,1.01406185269929,4.61135121881272,505.864256961852,511.565884288007,5.70162732615461,4.36712321699701,530.016632272817,538.44573769779,8.42910542497248,4.48296767364929,551.868016013527,538.858914903379,-13.0091011101475,5.2095416094672,26.5102802300583,31.1978457035136,4.68756547345532,3.82781245078481,50.6626555410236,58.0776991132968,7.41504357227319,4.12827405539895,72.5140392817329,58.4908763188861,-14.0231629628468,4.95919705133826,24.1523753109653,26.8798534097832,2.72747809881787,3.58647782318002,46.0037590516746,27.2930306153725,-18.7107284363021,4.33970739269414,21.8513837407093,0.41317720558925,-21.43820653512,4.18468782195217
escs,CHE,36,447.259085140763,456.850223952724,9.5911388119614,5.69774295175979,485.899657344236,491.791260870375,5.89160352613823,5.36993245023773,519.310371971401,528.70946980757,9.39909783616952,5.42653837317508,566.871918964942,555.667416993058,-11.2045019718837,5.5428096161497,38.6405722034738,34.9410369176507,-3.69953528582317,5.52488206296186,72.0512868306382,71.8592458548463,-0.192040975791883,5.76414519065181,119.612833824179,98.817193040334,-20.7956407838451,6.49299492026986,33.4107146271644,36.9182089371957,3.50749431003129,5.21308482580265,80.9722616207053,63.8761561226834,-17.0961054980219,5.40598392658433,47.5615469935409,26.9579471854877,-20.6035998080532,5.58806024770314
escs,CHL,36,409.535391309993,415.271038688826,5.73564737883322,6.07090092898454,436.278335050514,432.807935447243,-3.47039960327101,5.58911655671743,449.577145696962,449.143802437236,-0.433343259725973,5.51142837890392,489.241135426942,491.382852348591,2.14171692164894,5.46142472847154,26.7429437405208,17.5368967584166,-9.20604698210423,5.51227489519577,40.0417543869685,33.8727637484093,-6.16899063855919,6.29614793119729,79.7057441169488,76.1118136597645,-3.59393045718429,6.82227950503672,13.2988106464477,16.3358669899927,3.03705634354503,5.46765965029172,52.9628003764279,58.5749169013479,5.61211652491994,5.62263160385337,39.6639897299802,42.2390499113552,2.57506018137491,5.62372448545871
escs,COL,36,375.536460268396,377.346910568981,1.81045030058471,5.34288239076139,397.680859637444,406.16499967595,8.48414003850593,5.55519367649822,413.799523315827,423.069031202413,9.26950788658627,6.2397384119557,465.198050596868,470.565843840221,5.36779324335339,8.60077888647553,22.1443993690477,28.8180891069689,6.67368973792122,5.29795590443023,38.2630630474309,45.7221206334324,7.45905758600156,5.78408245113496,89.6615903284716,93.2189332712402,3.55734294276868,9.16183618761037,16.1186636783832,16.9040315264635,0.785367848080341,4.90785675678144,67.5171909594239,64.4008441642714,-3.11634679515254,8.60272832523652,51.3985272810407,47.4968126378078,-3.90171464323288,8.3448785633112
escs,CZE,36,437.085703592917,446.313829738177,9.22812614526055,5.52248669271154,489.878475341955,480.721813200321,-9.15666214163434,5.41912005610623,509.728392093114,504.960021028258,-4.76837106485647,5.63407949032027,555.714663046409,542.140882781653,-13.573780264756,6.36601515145332,52.7927717490383,34.4079834621434,-18.3847882868949,5.2739829439439,72.6426885001971,58.6461912900801,-13.996497210117,5.62129291336681,118.628959453492,95.8270530434752,-22.8019064100166,7.33058191920887,19.8499167511588,24.2382078279367,4.38829107677788,5.31043196381571,65.8361877044534,61.4190695813318,-4.41711812312167,6.17345128403528,45.9862709532947,37.1808617533951,-8.80540919989954,6.28176621436698
escs,DEU,36,443.258518035926,436.003112184245,-7.25540585168034,6.50679832454621,481.43913378739,485.401605445631,3.9624716582407,6.32317535822222,506.989193133824,516.116004147584,9.12681101375978,6.47640731787795,563.88974931322,560.91464333651,-2.97510597670998,6.45486387862447,38.1806157514644,49.3984932613855,11.217877509921,6.58051976439406,63.7306750978987,80.1128919633388,16.3822168654401,6.86164300342489,120.631231277294,124.911531152265,4.28029987497035,7.69722434880311,25.5500593464343,30.7143987019534,5.16433935551908,6.06777650082431,82.4506155258297,75.5130378908791,-6.93757763495069,6.8390753940808,56.9005561793954,44.7986391889257,-12.1019169904698,6.53720178814448
escs,DNK,36,451.749350825692,443.357107124854,-8.39224370083815,5.56594544111435,482.574973181722,473.779012775853,-8.7959604058691,5.6107982791495,513.323200845446,506.818223896062,-6.50497694938338,5.56126921108383,532.113474164417,512.566150526496,-19.5473236379206,6.69770655292354,30.8256223560308,30.4219056509998,-0.403716705030945,5.63376758677771,61.5738500197541,63.4611167712089,1.88726675145477,5.82107714578654,80.3641233387248,69.2090434016423,-11.1550799370825,7.44942023899647,30.7482276637234,33.0392111202091,2.29098345648572,6.37324209512759,49.538500982694,38.7871377506425,-10.7513632320515,6.37278025669403,18.7902733189707,5.74792663043343,-13.0423466885372,7.05708967938839
escs,ESP,36,447.615248194962,443.121717301358,-4.49353089360426,4.56543450095004,472.567973233712,469.053460880373,-3.5145123533386,4.30534049615947,495.250924224968,497.934040876282,2.68311665131421,4.05710201831378,526.922045349071,514.332207602312,-12.589837746759,4.425810056484,24.9527250387496,25.9317435790152,0.979018540265656,3.55501802917169,47.6356760300056,54.8123235749241,7.17664754491847,3.62913411361314,79.3067971541087,71.2104903009539,-8.09630685315477,4.20003252418005,22.6829509912561,28.8805799959089,6.19762900465281,2.71240235939841,54.3540721153591,45.2787467219387,-9.07532539342043,3.74602538161505,31.671121124103,16.3981667260298,-15.2729543980732,3.44834193182326
escs,EST,36,490.394330625677,491.867142856076,1.47281223039909,5.21392286752896,512.413993109847,514.741626197895,2.32763308804783,5.1457258522836,536.137928853086,548.288410395719,12.1504815426326,5.1973485504666,566.691389568717,559.916759760928,-6.77462980778876,5.73215935133013,22.0196624841707,22.8744833418195,0.854820857648747,4.81471772077004,45.7435982274098,56.4212675396433,10.6776693122335,5.00562353609484,76.2970589430403,68.0496169048525,-8.24744203818784,6.14452387159541,23.7239357432391,33.5467841978239,9.8228484545848,5.24547794341417,54.2773964588696,45.175133563033,-9.10226289583659,5.86013610301101,30.5534607156305,11.6283493652091,-18.9251113504214,5.33413484031605
escs,FIN,36,470.209974538004,469.846027401916,-0.363947136087802,5.38107015163274,494.931615801617,495.523094141855,0.591478340238439,5.21412295038884,527.157918067223,530.549511592494,3.39159352527099,5.25545921703007,559.460290885601,547.718985859803,-11.7413050257979,5.55653034637397,24.7216412636132,25.6770667399394,0.955425476326241,5.02336154943675,56.9479435292199,60.7034841905787,3.75554066135879,5.19061293131755,89.2503163475978,77.8729584578877,-11.3773578897101,5.65998484743353,32.2263022656068,35.0264174506393,2.80011518503255,4.84256301248439,64.5286750839846,52.1958917179483,-12.3327833660364,5.43568763202154,32.3023728183779,17.1694742673089,-15.1328985510689,5.12387658396293
escs,FRA,36,429.416975029449,442.725869215387,13.3088941859372,6.15263703207415,469.107720659956,476.205463735195,7.09774307523918,5.51727013416673,506.49834054286,507.757881926238,1.25954138337829,5.64008884447013,550.799724592137,542.731933652826,-8.06779093931141,5.9144055635902,39.6907456305062,33.4795945198082,-6.21115111069804,5.92118311486037,77.0813655134105,65.0320127108516,-12.0493528025589,6.02400278930029,121.382749562688,100.006064437439,-21.3766851252486,6.86333715322088,37.3906198829043,31.5524181910434,-5.83820169186089,5.12749814958031,81.6920039321817,66.5264699176311,-15.1655340145506,6.09824795699841,44.3013840492774,34.9740517265877,-9.3273323226897,5.24674198871701
escs,GBR,36,466.399926656394,479.200290906714,12.8003642503196,5.58252071093044,490.31430199839,506.396068107753,16.0817661093633,5.80500447578059,506.966950166416,530.701969946997,23.7350197805818,5.35146299038243,558.118756328028,559.224520359003,1.10576403097457,6.73533276705929,23.9143753419955,27.1957772010392,3.28140185904374,6.03013346356755,40.5670235100214,51.5016790402836,10.9346555302622,6.18713821006139,91.7188296716341,80.024229452289,-11.694600219345,7.55163907043071,16.6526481680259,24.3059018392444,7.65325367121847,5.97020860105587,67.8044543296386,52.8284522512498,-14.9760020783888,7.58117476166156,51.1518061616127,28.5225504120054,-22.6292557496072,6.78620953620195
escs,GRC,36,404.321521637357,399.425494631453,-4.89602700590456,6.09334537171604,426.082238789132,423.946316154929,-2.13592263420372,5.38788060332817,449.596547530738,454.884088720089,5.28754118935063,5.55274588544869,485.966544995239,475.410182249528,-10.5563627457109,6.27713309762746,21.760717151775,24.5208215234758,2.76010437170083,5.73537143222101,45.2750258933811,55.4585940886363,10.1835681952552,5.98086542030249,81.6450233578818,75.9846876180755,-5.66033573980639,6.8585704291049,23.5143087416061,30.9377725651605,7.42346382355436,4.79062051809094,59.8843062061068,51.4638660945996,-8.42044011150722,5.72233738010798,36.3699974645007,20.5260935294392,-15.8439039350616,5.4267281212797
escs,HUN,36,423.795102571148,430.543155639163,6.74805306801534,6.03720233372037,468.06875290797,469.691067231024,1.62231432305356,5.38114535400596,506.085077006854,498.897373495164,-7.18770351168922,5.60162468686579,548.945798669257,533.036602001485,-15.9091966677722,6.48663245545966,44.2736503368226,39.1479115918609,-5.12573874496178,5.93567853521897,82.2899744357057,68.3542178560011,-13.9357565797046,6.5953310461076,125.150696098109,102.493446362321,-22.6572497357876,7.69303930454082,38.0163240988831,29.2063062641403,-8.81001783474278,5.33353806108165,80.8770457612862,63.3455347704605,-17.5315109908258,6.75567255197026,42.8607216624032,34.1392285063202,-8.721493156083,5.9750694995075
escs,IRL,36,466.950321756178,465.753880769054,-1.19644098712462,5.19728790389622,489.539977919114,487.165597407663,-2.37438051145148,4.9990300191045,517.732233998644,517.278828344354,-0.453405654289895,4.94047275619504,545.002381473066,538.231236480267,-6.77114499279924,5.33554304067785,22.589656162936,21.4117166386092,-1.17793952432686,4.86120511404237,50.7819122424654,51.5249475753001,0.743035332834722,5.27278914354556,78.052059716888,72.4773557112134,-5.57470400567462,5.56350257173117,28.1922560795294,30.113230936691,1.92097485716158,4.66599171715264,55.462403553952,51.0656390726043,-4.39676448134776,5.19068896093082,27.2701474744226,20.9524081359133,-6.31773933850934,4.80952113069474
escs,ISL,36,402.716449907759,415.266918469637,12.550468561878,5.54436008387954,441.483411617734,446.022151509778,4.53873989204357,5.68833661104437,460.521814335103,466.382945438591,5.86113110348805,5.63348985647104,486.290430836668,481.006407003845,-5.28402383282355,5.99141089765308,38.7669617099754,30.755233040141,-8.01172866983438,6.87856198686966,57.8053644273439,51.116026968954,-6.6893374583899,6.51018660723949,83.5739809289093,65.7394885342078,-17.8344923947015,7.21401763274341,19.0384027173685,20.360793928813,1.32239121144448,6.73167799739115,44.8070192189339,34.9842554940668,-9.82276372486712,6.8987445763038,25.7686165015654,14.6234615652538,-11.1451549363116,6.55874468256447
escs,ISR,36,406.770854037985,414.138439474089,7.36758543610364,6.37388186717862,447.307658176064,447.019929465966,-0.287728710098179,6.23990008377999,490.255819081531,482.907823752192,-7.34799532933869,6.65992391622006,525.957454747088,496.136866587288,-29.8205881597996,6.81553360529707,40.5368041380792,32.8814899918774,-7.65531414620182,6.81007893392642,83.4849650435459,68.7693842781035,-14.7155807654423,6.88931169070017,119.186600709103,81.9984271131996,-37.1881735959033,7.19178406844392,42.9481609054666,35.8878942862261,-7.06026661924051,6.04170726244026,78.6497965710237,49.1169371213222,-29.5328594497015,6.61681645001304,35.701635665557,13.2290428350961,-22.4725928304609,6.3301086867137
escs,ITA,36,434.169067503106,445.470796762171,11.3017292590649,5.64176101053775,470.31846500852,475.375695304474,5.0572302959543,5.60611719054566,487.192479668745,496.026695477332,8.83421580858658,5.44402868700136,521.71969093697,524.684338189667,2.96464725269766,6.49547054767035,36.1493975054132,29.9048985423027,-6.24449896311057,4.97856655082901,53.0234121656387,50.5558987151604,-2.46751345047829,5.82869912289559,87.550623433863,79.2135414274958,-8.33708200636721,6.91016496587619,16.8740146602255,20.6510001728578,3.77698551263228,4.66528069038808,51.4012259284498,49.3086428851931,-2.09258304325664,6.0534732124773,34.5272112682243,28.6576427123354,-5.86956855588892,5.39912348274785
escs,JPN,36,510.815155101067,503.618517930566,-7.19663717050042,7.32095375915302,538.088921832455,532.73096837819,-5.35795345426527,6.16931412010324,557.971413194223,552.906763355354,-5.06464983886849,6.10302465801597,582.066374551422,574.846617657588,-7.21975689383373,7.11638042334619,27.2737667313885,29.1124504476236,1.83868371623515,6.17466920045562,47.1562580931558,49.2882454247877,2.13198733163193,6.96371479899797,71.2512194503546,71.2280997270213,-0.0231197233333091,8.91748710903968,19.8824913617673,20.1757949771641,0.293303615396781,5.50216539725471,43.9774527189661,42.1156492793976,-1.86180343956846,7.13994914690273,24.0949613571988,21.9398543022336,-2.15510705496524,5.74577481324413
escs,KOR,36,486.139691651527,488.469701314614,2.33000966308737,6.99908201928659,515.565529453775,524.604216901617,9.03868744784211,6.30352370926419,538.840404364554,547.417591124561,8.57718676000695,6.34007011328007,572.876913296894,557.729096871046,-15.147816425848,7.42678585281014,29.4258378022483,36.134515587003,6.70867778475474,6.0344006668727,52.7007127130278,58.9478898099474,6.24717709691959,6.66084931153317,86.7372216453675,69.2593955564322,-17.4778260889353,8.41909677272642,23.2748749107795,22.8133742229444,-0.461500687835155,6.03142420520521,57.3113838431192,33.1248799694291,-24.1865038736901,8.03833460368634,34.0365089323396,10.3115057464847,-23.7250031858549,7.32297335395875
escs,LTU,36,444.386101293538,460.65519793619,16.2690966426524,5.1055417850366,468.464358283118,480.642807888603,12.1784496054844,4.84392815009517,498.880742783385,511.182164746189,12.3014219628034,5.11743401793701,532.144286723061,522.812111989197,-9.33217473386367,5.67379369152429,24.07825698958,19.9876099524121,-4.09064703716791,4.67910933274888,54.4946414898473,50.5269668099983,-3.96767467984893,5.2765513762874,87.7581854295228,62.1569140530068,-25.601271376516,6.07963116469368,30.4163845002673,30.5393568575863,0.122972357318986,4.98813632194267,63.6799284399428,42.1693041005947,-21.5106243393481,5.55458785270416,33.2635439396756,11.6299472430085,-21.6335966966671,4.86435320362914
escs,LVA,36,460.642286168412,448.858861181014,-11.783424987398,5.38122576927628,481.271281771671,473.089093949245,-8.1821878224265,5.57467013518352,503.319326409094,490.670958001554,-12.6483684075397,5.32670793461672,533.424295101294,507.041211035808,-26.3830840654858,5.20338582187323,20.6289956032594,24.2302327682309,3.60123716497145,5.12678871412634,42.6770402406815,41.8120968205398,-0.864943420141742,5.24841068673733,72.7820089328818,58.182349854794,-14.5996590780878,5.85022355677796,22.0480446374222,17.581864052309,-4.46618058511319,5.69835033999719,52.1530133296224,33.9521170865631,-18.2008962430593,5.57682408164544,30.1049686922003,16.3702530342542,-13.7347156579461,5.61322971628226
escs,MEX,36,379.458661676596,383.008526621166,3.54986494457,4.64967321585108,398.28819204923,406.835380601519,8.54718855228867,5.02294247485671,414.45999699696,420.201671677597,5.74167468063689,5.30287044639314,447.406540265033,450.866391060882,3.45985079584875,6.27256044435129,18.8295303726341,23.8268539803527,4.99732360771867,4.32225964191969,35.0013353203641,37.193145056431,2.19180973606689,4.86262601428628,67.9478785884369,67.8578644397157,-0.0900141487212522,6.27616460960766,16.17180494773,13.3662910760783,-2.80551387165178,4.66957353133304,49.1183482158029,44.031010459363,-5.08733775643992,6.43433348704211,32.9465432680729,30.6647193832847,-2.28182388478814,6.10578297741352
escs,NLD,36,440.756583847347,438.622260329625,-2.13432351772224,7.56333009354426,465.461455108183,473.705322881192,8.24386777300873,7.15665794407948,511.561746512482,512.73908260556,1.17733609307805,6.52311002691136,551.056675994339,543.548896637664,-7.50777935667497,6.29984616825212,24.7048712608363,35.0830625515673,10.378191290731,6.28960579221553,70.8051626651349,74.1168222759352,3.31165961080029,7.97258617404802,110.300092146992,104.926636308039,-5.37345583895274,8.85158656126559,46.1002914042986,39.0337597243679,-7.06653167993068,6.918228875349,85.5952208861554,69.8435737564717,-15.7516471296837,7.95440983693924,39.4949294818568,30.8098140321038,-8.68511544975303,6.72803316970469
escs,NOR,36,435.9029370008,432.063396570688,-3.83954043011187,5.24231448927996,469.311045278157,469.178418731136,-0.132626547020948,5.33388521973719,495.147563197694,495.808065866503,0.660502668808761,5.31159591067345,525.730037344257,508.774108881793,-16.9559284624644,5.84664750390839,33.4081082773562,37.1150221604472,3.70691388309092,5.43639430438068,59.2446261968939,63.7446692958146,4.50004309892063,5.95153094002708,89.8271003434571,76.7107123111046,-13.1163880323525,6.31630858588455,25.8365179195377,26.6296471353674,0.793129215829708,5.66423443686604,56.4189920661008,39.5956901506574,-16.8233019154434,5.99512915838231,30.5824741465631,12.96604301529,-17.6164311312731,5.68763308199223
escs,NZL,36,452.683230806687,472.959691121506,20.2764603148188,5.49064702604085,497.782234918262,503.533594380914,5.75135946265192,5.53969979276371,528.585537853131,540.713601225441,12.1280633723103,5.8155273130579,558.649175670149,562.314597394564,3.66542172441427,5.5473103743408,45.0990041115745,30.5739032594076,-14.5251008521669,5.07714298029197,75.9023070464435,67.753910103935,-8.1483969425085,6.16079167833474,105.965944863462,89.3549062730576,-16.6110385904045,6.38103249370102,30.8033029348691,37.1800068445274,6.37670390965837,6.33796468622726,60.8669407518877,58.78100301365,-2.08593773823765,6.50068856866844,30.0636378170186,21.6009961691226,-8.46264164789602,6.5365654817122
escs,POL,36,454.526278807555,458.633630961639,4.10735215408357,5.40188546801212,487.012429314276,483.432178815517,-3.58025049875897,5.55241708693835,512.722516230593,517.875243284861,5.15272705426787,5.72013998816654,548.881985886773,540.367575275728,-8.51441061104504,5.88533979976111,32.4861505067208,24.7985478538783,-7.68760265284254,4.87337295992423,58.1962374230384,59.2416123232227,1.0453749001843,5.49852065274848,94.3557070792181,81.7339443140895,-12.6217627651286,6.71328398703784,25.7100869163176,34.4430644693444,8.73297755302684,5.11108329123385,61.8695565724972,56.9353964602112,-4.93416011228607,6.21111851810406,36.1594696561797,22.4923319908668,-13.6671376653129,5.6561803219571
escs,PRT,36,444.683406886458,442.232107304452,-2.4512995820059,5.91821353536468,467.933766953653,469.501120493544,1.56735353989092,5.81456116993523,492.199709811443,496.909147205514,4.70943739407016,5.72172577520258,536.595439905487,533.762797697102,-2.83264220838498,5.95127518664969,23.2503600671953,27.2690131890922,4.01865312189682,5.01276863028018,47.5163029249857,54.6770399010617,7.16073697607607,5.50877489872877,91.9120330190295,91.5306903926505,-0.38134262637908,6.65874453376445,24.2659428577903,27.4080267119696,3.14208385417925,5.32459757327827,68.6616729518342,64.2616772035583,-4.3999957482759,6.15682260478864,44.3957300940439,36.8536504915887,-7.54207960245515,5.8419282970367
escs,SVK,36,389.675682514234,421.200213294718,31.5245307804842,6.31327983638014,453.374584197355,467.450885457845,14.0763012604901,5.75072965568391,479.493958348454,494.161504775898,14.6675464274444,5.62012547208876,527.493786992056,535.662619679852,8.16883268779611,6.47758139873764,63.6989016831212,46.2506721631271,-17.4482295199941,6.24693162024507,89.8182758342199,72.9612914811801,-16.8569843530398,7.06886588378126,137.818104477822,114.462406385134,-23.355698092688,8.43747741455873,26.1193741510987,26.710619318053,0.591245166954309,5.51654391170734,74.1192027947008,68.2117342220068,-5.90746857269397,7.15490791665427,47.999828643602,41.5011149039538,-6.49871373964828,5.73628710367661
escs,SVN,36,455.150094252281,450.127370061481,-5.02272419079981,5.11073813673966,485.362593142656,475.954172571812,-9.40842057084376,5.0397023637847,516.716039828094,513.409909629479,-3.3061301986146,5.08791605069231,546.340596400858,521.803843986535,-24.5367524143233,5.05162841693278,30.2124988903753,25.8268025103313,-4.38569638004395,5.70182592679358,61.5659455758127,63.2825395679979,1.71659399218521,5.6890028688373,91.190502148577,71.6764739250535,-19.5140282235234,5.77731264051723,31.3534466854374,37.4557370576666,6.10229037222916,5.52075850641969,60.9780032582017,45.8496714147222,-15.1283318434795,5.79897851050859,29.6245565727643,8.39393435705563,-21.2306222157087,5.91646356932284
escs,SWE,36,440.477354744029,439.112874842615,-1.36447990141403,5.51524623414116,476.411633393614,480.103912308676,3.69227891506245,5.61713433332877,515.38570699145,521.063452826105,5.67774583465507,5.61836494601522,553.049759759608,531.751620643131,-21.2981391164765,6.49485539315656,35.9342786495845,40.991037466061,5.05675881647647,5.24918036068722,74.9083522474201,81.9505779834892,7.0422257360691,5.89404493847313,112.572405015578,92.6387458005158,-19.9336592150625,7.19190389913828,38.9740735978356,40.9595405174282,1.98546691959263,5.63787317762896,76.6381263659937,51.6477083344548,-24.9904180315389,6.84951444843135,37.6640527681582,10.6881678170266,-26.9758849511316,6.00680051707856
escs,TUR,36,446.690526522478,463.688147868651,16.9976213461725,5.31920362559208,462.193855754817,483.946953499785,21.753097744968,5.06729174846898,474.748585175556,496.626938621716,21.8783534461596,5.64473074641907,520.370862137702,544.779527322769,24.4086651850677,5.8414836104811,15.5033292323392,20.2588056311347,4.75547639879551,4.88559312783135,28.0580586530781,32.9387907530652,4.88073209998709,5.68113622883241,73.6803356152237,81.0913794541188,7.41104383889513,6.5129361609619,12.5547294207389,12.6799851219305,0.125255701191577,4.78821187556124,58.1770063828845,60.8325738229841,2.65556744009962,5.85371819240728,45.6222769621456,48.1525887010536,2.53031173890804,5.83302519534638
escs,USA,36,450.919153519228,456.902067175558,5.9829136563298,8.1797042398144,480.378767067967,485.069114609156,4.69034754118923,8.56148785768598,510.307935673333,512.68980610227,2.38187042893674,10.3427048311961,559.140335436968,561.3277753078,2.18743987083178,16.1242512097573,29.4596135487392,28.1670474335986,-1.29256611514057,9.5696275227126,59.3887821541051,55.7877389267121,-3.60104322739306,10.4892358706929,108.22118191774,104.425708132242,-3.79547378549802,17.1338309902986,29.9291686053659,27.6206914931134,-2.30847711225249,11.4137647906315,78.7615683690007,76.2586606986432,-2.50290767035744,15.8838429575711,48.8323997636347,48.6379692055298,-0.194430558104955,13.6085053859487
escs,OECD,36,441.678731497541,446.685987667817,5.00725617027615,3.22162257886202,473.487709973453,477.030351425636,3.5426414521836,3.21174832109943,500.922229326833,505.635577279913,4.71334795308019,3.21738581153523,537.853868936374,530.145529309489,-7.70833962688573,3.2623202837383,31.8089784759118,30.3443637578193,-1.46461471809255,0.935438158853149,59.2434978292919,58.949589612096,-0.293908217195963,1.00894666070901,96.1751374388335,83.4595416416717,-12.7155957971619,1.2302038558355,27.4345193533801,28.6052258542767,1.17070650089659,0.934091007362121,64.3661589629217,53.1151778838524,-11.2509810790693,1.1216668446548,36.9316396095416,24.5099520295757,-12.4216875799659,1.03280868291218
escs,OECD35,35,441.509116734757,446.787823964001,5.27870722924416,3.22623008940038,473.513988166017,477.258262584072,3.74427441805574,3.2160903969398,501.084266615457,505.855621177159,4.77135456170197,3.22230924999494,538.166206753155,530.597338501122,-7.5688682520323,3.26936711900582,32.0048714312593,30.4704386200709,-1.53443281118842,0.956788668951338,59.5751498807002,59.067797213158,-0.507352667542193,1.0325806251197,96.6570900183972,83.8095145371207,-12.8475754812765,1.25964948337176,27.5702784494409,28.5973585930871,1.02708014364623,0.957648728767946,64.6522185871379,53.3390759170499,-11.313142670088,1.14873922417398,37.081940137697,24.7417173239628,-12.3402228137343,1.05773885553298
escs_h,AUS,36,460.204255507344,465.256088133098,5.05183262575366,4.95740701505326,493.363942641514,500.992941766292,7.62899912477803,4.8255238332542,530.53216879691,533.6302468788,3.09807808189032,4.82958713812337,552.039811692872,554.159344566534,2.1195328736618,4.92807595097023,33.1596871341694,35.7368536331937,2.57716649902437,4.66271020137308,70.3279132895657,68.3741587457024,-1.95375454386334,4.85797430104661,91.8355561855278,88.9032564334359,-2.93229975209187,5.41372193273703,37.1682261553964,32.6373051125087,-4.53092104288771,4.58543749286826,58.6758690513584,53.1664028002422,-5.50946625111624,4.84148306584908,21.507642895962,20.5290976877335,-0.978545208228525,4.04368302687259
escs_h,AUT,36,434.375858038136,447.208928241084,12.8330702029481,5.75931460356752,479.729257445073,490.194390193727,10.4651327486546,5.8249703063218,515.731636522475,520.24637944916,4.51474292668536,5.27437079931782,547.126249493981,549.671114721114,2.54486522713273,5.50496335369656,45.3533994069362,42.9854619526426,-2.36793745429355,5.78870615303651,81.3557784843384,73.0374512080756,-8.31832727626278,5.37726088246445,112.750391455845,102.462186480029,-10.2882049758154,5.99343089820957,36.0023790774022,30.051989255433,-5.95038982196923,5.52625337112487,67.3969920489086,59.4767245273868,-7.92026752152185,5.46897189210713,31.3946129715064,29.4247352719538,-1.96987769955263,5.08755518993163
escs_h,BEL,36,435.806442926566,448.08204226161,12.275599335044,5.93146951863247,473.526967350871,480.172588295708,6.64562094483711,5.10387860487975,516.089894698002,524.000093833574,7.91019913557147,5.32227062096439,544.622171554518,549.049989002191,4.42781744767319,5.64341787049351,37.7205244243046,32.0905460340977,-5.62997839020687,5.36474312578891,80.2834517714361,75.9180515719636,-4.3654001994725,6.16948789254536,108.815728627951,100.967946740581,-7.84778188737079,6.5304538684514,42.5629273471315,43.8275055378659,1.26457819073437,5.14215925386925,71.0952042036467,68.8774007064828,-2.21780349716391,5.72323481101996,28.5322768565152,25.0498951686169,-3.48238168789828,5.16983438689786
escs_h,CAN,36,480.141986148087,477.750487134754,-2.39149901333241,4.73870308515808,506.213839005263,509.31706651241,3.10322750714658,4.30513756384539,531.325829860175,536.486504997865,5.16067513768974,4.50635973496669,549.971175354281,546.346877447964,-3.62429790631688,5.30510083558698,26.0718528571765,31.5665793776555,5.49472652047899,4.00838195129187,51.1838437120886,58.7360178631107,7.55217415102214,4.36119697830618,69.8291892061944,68.59639031321,-1.23279889298448,5.29172771267336,25.1119908549121,27.1694384854552,2.05744763054315,3.70830602086564,43.7573363490179,37.0298109355545,-6.72752541346347,4.28321071397022,18.6453454941059,9.86037245009925,-8.78497304400662,4.32142350132277
escs_h,CHE,36,451.863444696066,454.723076193285,2.85963149721857,5.84750071088603,486.197306513901,491.799381624498,5.60207511059673,5.50974628927866,523.473747214167,527.330710497352,3.85696328318466,5.40628120664267,557.793401557395,559.013626170582,1.22022461318761,5.3937924709471,34.3338618178352,37.0763054312133,2.74244361337816,5.78160776796776,71.6103025181009,72.607634304067,0.997331785966082,5.81203284933545,105.929956861329,104.290549977298,-1.63940688403096,6.61487459101807,37.2764407002658,35.5313288728537,-1.74511182741207,5.21529450742016,71.5960950434935,67.2142445460844,-4.38185049740912,5.64044453482083,34.3196543432277,31.6829156732307,-2.63673866999704,5.5227888100548
escs_h,CHL,36,413.312119765412,412.765772552205,-0.546347213206843,5.88659638708371,434.470023714673,433.299272420426,-1.17075129424637,5.41574359581456,449.170150181006,449.873367273525,0.703217092518912,5.65057386878346,488.004316927134,494.12347645051,6.1191595233754,5.54488283964217,21.1579039492612,20.5334998682217,-0.624404081039529,5.23554522811914,35.8580304155948,37.1075947213206,1.24956430572576,6.00799055279418,74.6921971617225,81.3577038983048,6.66550673658225,6.63655326801923,14.7001264663336,16.5740948530989,1.87396838676528,5.32092015259269,53.5342932124613,60.8242040300831,7.28991081762177,5.42444426553105,38.8341667461277,44.2501091769842,5.41594243085649,5.97521124177176
escs_h,COL,36,377.620166201088,377.424144860585,-0.196021340503535,5.34790378249199,397.071667017639,404.743218317857,7.67155130021769,5.56954223942579,415.605270998501,424.397170538492,8.79189953999014,6.26783795029337,462.990598558619,472.45423830988,9.46363975126133,8.36794618302919,19.4515008165507,27.3190734572719,7.86757264072122,5.36422902794385,37.9851047974133,46.973025677907,8.98792088049368,6.11137151115335,85.3704323575307,95.0300934492955,9.65966109176486,9.01873923785672,18.5336039808626,19.6539522206351,1.12034823977245,4.77162089067605,65.91893154098,67.7110199920236,1.79208845104364,8.15120529724925,47.3853275601173,48.0570677713885,0.671740211271185,8.31833089567923
escs_h,CZE,36,442.732573206767,442.638436397944,-0.0941368088231229,5.46557735601285,489.020537680956,482.541596817094,-6.4789408638627,5.41943337602353,509.752435806742,504.184139538796,-5.56829626794576,5.54455327910161,551.512066173183,545.259227409928,-6.25283876325443,6.27885806929692,46.2879644741896,39.90316041915,-6.38480405503958,5.0960803180792,67.0198625999748,61.5457031408522,-5.47415945912263,5.51667352864816,108.779492966416,102.620791011985,-6.15870195443131,7.30994364063991,20.7318981257853,21.6425427217022,0.910644595916949,4.92683930209634,62.4915284922265,62.7176305928347,0.226102100608273,5.94889033681235,41.7596303664412,41.0750878711325,-0.684542495308676,6.22265814626055
escs_h,DEU,36,446.238092163276,436.694420638697,-9.54367152457877,6.4179523376813,483.866453104776,484.750044510009,0.88359140523346,6.41936691300077,511.441118657546,517.149134130494,5.70801547294752,6.09538174991657,555.744415750076,562.243142937811,6.49872718773474,6.53677384875565,37.6283609414999,48.0556238713121,10.4272629298122,6.41981700853451,65.2030264942701,80.4547134917964,15.2516869975263,6.20838985384004,109.5063235868,125.548722299113,16.0423987123135,7.58671052981217,27.5746655527702,32.3990896204843,4.82442406771406,6.07090116494415,71.8779626453,77.4930984278013,5.61513578250128,7.07530467640654,44.3032970925298,45.094008807317,0.790711714787221,6.1567015933575
escs_h,DNK,36,454.004842814232,442.49873015768,-11.5061126565519,5.37843249679148,489.005618863294,472.639423417934,-16.3661954453609,5.63046699823943,514.232172329959,504.761544158785,-9.47062817117444,5.87760490294811,522.588484003961,516.873658958446,-5.71482504551511,6.09797352563289,35.0007760490626,30.1406932602536,-4.860082788809,5.42070742093402,60.2273295157272,62.2628140011047,2.03548448537748,5.84432088434596,68.5836411897293,74.3749288007661,5.79128761103681,6.70779226747276,25.2265534666647,32.1221207408511,6.89556727418648,6.07811892612882,33.5828651406667,44.2342355405125,10.6513703998458,6.32555842117408,8.35631167400209,12.1121147996614,3.75580312565933,6.20005985752076
escs_h,ESP,36,450.579568127055,440.958223944828,-9.62134418222712,4.5500239920649,473.381489818655,468.331733063041,-5.04975675561337,4.5046923170634,497.055725094237,495.81682433832,-1.23890075591657,4.13240034830503,521.61939553166,519.950710379814,-1.66868515184592,4.38785013168898,22.8019216915998,27.3735091182135,4.57158742661375,3.98882275795055,46.4761569671817,54.8586003934923,8.38244342631055,3.64535007564147,71.0398274046053,78.9924864349865,7.9526590303812,4.23918028217905,23.674235275582,27.4850912752788,3.8108559996968,3.04070093945861,48.2379057130055,51.6189773167729,3.38107160376745,4.14551729195033,24.5636704374235,24.1338860414942,-0.429784395929346,3.55673473196399
escs_h,EST,36,494.003208110616,489.405863182283,-4.5973449283328,5.2150376469262,511.160477801976,515.167754803472,4.00727700149594,5.08641761814452,537.14987563958,547.071594236476,9.92171859689643,4.93863249902969,563.349732991195,563.220875801745,-0.128857189449946,5.77144604398278,17.1572696913602,25.761891621189,8.60462192982874,4.88172350948547,43.1466675289636,57.6657310541929,14.5190635252292,4.85599681675945,69.3465248805788,73.8150126194616,4.46848773888286,6.13796437843189,25.9893978376034,31.9038394330039,5.91444159540049,4.82852279303266,52.1892551892186,48.0531209982727,-4.13613419094588,5.66108608280694,26.1998573516152,16.1492815652688,-10.0505757863464,5.19734760873906
escs_h,FIN,36,474.383119871645,467.602300798923,-6.78081907272224,5.36233166534407,496.356026026599,496.615004047811,0.258978021211988,5.05315307070481,528.097679582904,528.063860143627,-0.0338194392776359,5.31697631028658,553.586424044061,552.415875340534,-1.17054870352661,5.52918550414657,21.9729061549537,29.0127032488879,7.03979709393423,4.61171222974886,53.7145597112589,60.4615593447035,6.7469996334446,5.14140516053757,79.2033041724153,84.8135745416109,5.61027036919563,5.45166761565606,31.7416535563052,31.4488560958156,-0.292797460489624,4.9107353471514,57.2303980174615,55.800871292723,-1.42952672473859,5.09256794240069,25.4887444611563,24.3520151969074,-1.13672926424897,5.259316312284
escs_h,FRA,36,434.641212020418,440.602144857914,5.96093283749633,5.9349853954259,473.358947739339,475.283890921669,1.92494318232997,5.82959915439874,502.894895239401,508.69196957116,5.79707433175821,6.05310178186097,546.672795842308,546.15535573279,-0.517440109517565,5.85926995458396,38.7177357189216,34.6817460637552,-4.03598965516636,6.02052052234205,68.2536832189836,68.0898247132455,-0.163858505738119,6.19555783236478,112.03158382189,105.553210874876,-6.4783729470139,6.56928947606485,29.535947500062,33.4080786494903,3.87213114942824,5.97216652188324,73.3138481029685,70.8714648111209,-2.44238329184753,6.45131762041911,43.7779006029064,37.4633861616306,-6.31451444127578,5.7938715537026
escs_h,GBR,36,468.285202216377,479.143092580324,10.8578903639466,5.82126026945148,489.330458894119,505.783422250806,16.4529633566878,5.47447703140732,515.970164066858,529.701046738133,13.7308826712755,5.51784399960349,549.548309137895,561.137744574135,11.5894354362405,6.67931686341733,21.0452566777415,26.6403296704827,5.59507299274117,6.31899051028124,47.6849618504808,50.5579541578097,2.87299230732884,6.32647353388934,81.2631069215175,81.9946519938114,0.731545072293841,7.68050681381901,26.6397051727393,23.917624487327,-2.72208068541232,5.93514463077139,60.217850243776,55.3543223233287,-4.86352792044733,7.04953006438673,33.5781450710367,31.4366978360017,-2.141447235035,6.51701982540417
escs_h,GRC,36,408.887552624265,397.684818294496,-11.202734329769,6.18971652059857,427.35944315198,425.20777527646,-2.15166787551993,5.50898880568751,450.800068475397,454.683683102561,3.88361462716381,5.54322117800051,480.086753613803,477.789610481847,-2.29714313195586,6.45716722072555,18.4718905277151,27.5229569819641,9.05106645424905,6.18623561668809,41.9125158511324,56.9988648080652,15.0863489569328,5.94817446123167,71.199200989538,80.1047921873511,8.90559119781312,7.43457484709234,23.4406253234174,29.4759078261011,6.03528250268374,4.86311588670528,52.7273104618229,52.581835205387,-0.14547525643593,5.73343655465705,29.2866851384056,23.1059273792859,-6.18075775911967,6.00719486371794
escs_h,HUN,36,430.764097081762,430.498476229329,-0.265620852431994,6.18515504274386,465.938108330766,468.43063290254,2.4925245717742,5.38112795429515,505.367572315353,499.361527146614,-6.00604516873904,5.53560196576162,546.126722732096,534.832127150326,-11.2945955817704,6.56866093110053,35.1740112490043,37.9321566732105,2.75814542420619,5.88857780486586,74.6034752335916,68.8630509172845,-5.74042431630704,6.82072557244531,115.362625650335,104.333650920996,-11.0289747293384,7.74400740887585,39.4294639845872,30.930894244074,-8.49856974051323,5.43349570332133,80.1886144013306,66.401494247786,-13.7871201535446,6.833778892706,40.7591504167434,35.470600003712,-5.28855041303137,6.10530522406788
escs_h,IRL,36,469.954098239329,463.253252938446,-6.70084530088303,5.27460081506022,492.578505521748,487.645283609565,-4.93322191218306,4.90168545968783,516.397264587342,519.272069474757,2.87480488741483,4.96155274373676,540.451182077096,538.712589301344,-1.73859277575173,5.35540914097867,22.6244072824194,24.3920306711194,1.76762338869997,4.94422923577837,46.4431663480132,56.018816536311,9.57565018829786,5.33358708885009,70.497083837767,75.4593363628984,4.96225252513131,5.46052032500451,23.8187590655938,31.6267858651917,7.80802679959788,4.94858771302022,47.8726765553477,51.067305691779,3.19462913643133,5.12193208054388,24.0539174897539,19.4405198265873,-4.61339766316655,4.81333338187825
escs_h,ISL,36,406.976274941884,413.640045118905,6.66377017702138,5.63213676395903,441.908387367365,447.242746980459,5.33435961309397,5.49503889665906,467.373250288172,464.234374759823,-3.13887552834922,5.7443500336715,475.56051356833,483.693786817044,8.13327324871449,5.7831888603789,34.9321124254814,33.602701861554,-1.32941056392741,6.60021895224756,60.3969753462884,50.5943296409178,-9.80264570537059,7.06641552406852,68.5842386264459,70.0537416981391,1.46950307169311,6.95784142544981,25.464862920807,16.9916277793638,-8.47323514144318,6.61693517627511,33.6521262009646,36.4510398365851,2.79891363562052,6.18080085038814,8.1872632801576,19.4594120572213,11.2721487770637,6.63121524721992
escs_h,ISR,36,412.480101538154,412.011371708821,-0.46872982933246,6.46919132437919,456.376979995153,449.540254503679,-6.8367254914732,6.14367760064473,498.086850526015,485.218244444977,-12.8686060810386,7.13588566103062,514.799321046758,503.21950606833,-11.5798149784288,6.69926651978769,43.8968784569989,37.5288827948582,-6.36799566214074,6.95060710711511,85.6067489878617,73.2068727361556,-12.3998762517061,7.34385057674792,102.319219508605,91.2081343595085,-11.1110851490964,7.57325585437615,41.7098705308628,35.6779899412974,-6.03188058956539,6.52663453635207,58.4223410516059,53.6792515646503,-4.74308948695563,6.94003361293357,16.7124705207432,18.0012616233529,1.28879110260976,6.75097563541675
escs_h,ITA,36,439.770329962156,443.681108442055,3.91077847989942,5.607486739182,469.288585745991,475.665483561552,6.37689781556082,5.46689344137167,487.965027087041,497.463574953711,9.49854786666992,5.54127499314001,517.197671748091,525.018635937879,7.82096418978847,6.52421481375031,29.5182557838352,31.9843751194966,2.4661193356614,4.80331774586592,48.194697124885,53.7824665116555,5.5877693867705,5.56938963319633,77.4273417859346,81.3375274958237,3.91018570988905,6.75670413001792,18.6764413410498,21.7980913921589,3.1216500511091,4.72607888876889,47.9090860020995,49.3531523763271,1.44406637422765,6.17731920619504,29.2326446610497,27.5550609841682,-1.67758367688145,5.23707944285092
escs_h,JPN,36,515.406733397793,501.046404230462,-14.3603291673308,7.68821664268948,540.684672863811,530.843785511408,-9.84088735240323,5.95237094348443,558.340983767393,553.168359358245,-5.17262440914794,5.99865124528731,575.124765881281,579.085842839515,3.96107695823321,7.24115222636798,25.2779394660181,29.7973812809457,4.51944181492758,6.86989082447756,42.9342503695993,52.1219551277822,9.18770475818286,7.23965599969325,59.7180324834882,78.0394386090522,18.321406125564,9.07089618258014,17.6563109035812,22.3245738468365,4.66826294325529,5.66980391878994,34.4400930174701,48.2420573281065,13.8019643106364,7.03208751011905,16.7837821138888,25.91748348127,9.13370136738115,5.79350576539457
escs_h,KOR,36,494.908644608555,488.572329329514,-6.33631527904112,6.94703037020682,515.385209349654,524.454623000398,9.06941365074317,7.01207339927776,538.826185121921,545.443152118281,6.61696699635957,6.42105716448305,566.373228529546,559.723164606889,-6.65006392265775,7.39577171279422,20.4765647410991,35.8822936708834,15.4057289297843,7.43494665111558,43.9175405133658,56.8708227887665,12.9532822754007,6.93644217114691,71.464583920991,71.1508352773744,-0.313748643616634,7.55279865443792,23.4409757722667,20.9885291178831,-2.45244665438361,7.26676570150868,50.9880191798919,35.268541606491,-15.7194775734009,8.37360452168715,27.5470434076252,14.2800124886079,-13.2670309190173,7.02515117639879
escs_h,LTU,36,447.163416655459,457.136601605628,9.97318495016879,5.15461097258775,471.908233168396,483.501358652881,11.5931254844847,4.70495659709321,501.755151329369,511.115512114832,9.36036078546238,5.17906852055073,523.42688951094,524.07522520988,0.648335698939945,5.89912536462727,24.7448165129373,26.3647570472532,1.6199405343159,4.57650558590419,54.5917346739107,53.9789105092043,-0.61282416470641,5.37701131994625,76.2634728554813,66.9386236042524,-9.32484925122884,6.22529828673772,29.8469181609734,27.6141534619511,-2.23276469902231,4.99787790630045,51.518656342544,40.5738665569992,-10.9447897855447,5.72868571189679,21.6717381815706,12.9597130950482,-8.71202508652243,5.36971549093802
escs_h,LVA,36,463.464367860121,447.628079358865,-15.8362885012561,5.54801491415641,481.150248313981,470.256174057861,-10.8940742561201,5.39132959587844,505.1928286922,494.645302232875,-10.5475264593246,5.05497007041224,529.284669612497,507.356860017913,-21.9278095945839,5.26481800541501,17.6858804538597,22.6280946989957,4.94221424513603,5.15766846495632,41.7284608320785,47.0172228740101,5.28876204193159,5.46625139322018,65.8203017523762,59.7287806590484,-6.09152109332774,5.97921515733693,24.0425803782188,24.3891281750144,0.346547796795562,4.92320930284089,48.1344212985165,37.1006859600527,-11.0337353384638,5.3764044275844,24.0918409202977,12.7115577850383,-11.3802831352593,5.34093166162856
escs_h,MEX,36,382.491606813762,382.773637480602,0.282030666839944,4.68829357082945,397.9467343709,406.326071581764,8.37933721086347,4.84512176352734,414.128735200206,420.583096468916,6.45436126870914,5.19274776791622,445.685948669461,452.06764312788,6.38169445841896,6.30372766282752,15.4551275571379,23.5524341011615,8.09730654402353,4.27974688353743,31.6371283864443,37.8094589883135,6.17233060186919,4.72423520869344,63.1943418556988,69.2940056472778,6.09966379157902,6.36803667023594,16.1820008293064,14.2570248871521,-1.92497594215433,4.19637790493303,47.7392142985609,45.7415715461164,-1.99764275244451,6.19386877765791,31.5572134692545,31.4845466589643,-0.0726668102901726,5.88115542007
escs_h,NLD,36,445.610429479571,445.542517749115,-0.067911730455819,7.71837833399496,467.363220910771,475.189193175558,7.82597226478634,7.14177640127906,513.711725104474,515.614137860471,1.90241275599669,6.30494246540561,542.53017281668,543.11283754738,0.582664730700344,6.75083473141679,21.7527914312003,29.6466754264424,7.89388399524216,6.65407089513178,68.1012956249031,70.0716201113556,1.97032448645251,8.04104315614075,96.9197433371088,97.570319798265,0.650576461156163,9.23315229440165,46.3485041937028,40.4249446849132,-5.92355950878965,6.98181150558213,75.1669519059086,67.9236443718226,-7.243307534086,7.82900613636746,28.8184477122057,27.4986996869094,-1.31974802529635,6.83251875584134
escs_h,NOR,36,441.045571275619,430.835869527925,-10.2097017476942,5.38160698968417,471.326265887027,464.874228467567,-6.45203741945966,5.34323060584126,499.62296678645,499.076524327371,-0.546442459078776,5.12750736206825,514.316857078742,511.422772335363,-2.89408474337927,5.95481225839807,30.2806946114078,34.0383589396423,3.75766432823451,5.54961953645559,58.577395510831,68.2406547994464,9.66325928861539,6.08891830230082,73.2712858031229,80.5869028074378,7.3156170043149,6.53666453510851,28.2967008994232,34.2022958598041,5.90559496038088,5.51575225438021,42.9905911917151,46.5485438677955,3.55795267608039,5.8559444696235,14.6938902922919,12.3462480079915,-2.34764228430049,5.42537130617479
escs_h,NZL,36,456.313648148475,472.263771107649,15.9501229591739,5.75402366897351,497.825081951134,502.784686299018,4.95960434788384,5.56565351277626,531.698480635142,537.717463386824,6.01898275168173,5.77699667252105,553.219893485269,567.312972065362,14.0930785800929,5.49864161211738,41.5114338026592,30.5209151913691,-10.99051861129,5.74172939749262,75.3848324866668,65.4536922791747,-9.93114020749215,6.4302522528901,96.9062453367942,95.0492009577132,-1.857044379081,6.31417353411973,33.8733986840077,34.9327770878056,1.05937840379789,6.32870126486153,55.394811534135,64.5282857663441,9.13347423220904,6.08773759667323,21.5214128501274,29.5955086785385,8.07409582841115,6.66860303912161
escs_h,POL,36,459.215589487179,456.403489320826,-2.81210016635339,5.56201653455086,489.159794186794,485.193110909704,-3.96668327708994,5.28841110654576,512.177312328663,518.285662463293,6.10835013463088,5.73109972492409,542.782016850835,540.701114632731,-2.08090221810437,6.00315564993998,29.9442046996152,28.7896215888786,-1.15458311073655,4.90542177563724,52.9617228414834,61.8821731424677,8.92045030098427,5.55952107793152,83.5664273636558,84.2976253119048,0.731197948249019,6.69238716140098,23.0175181418682,33.092551553589,10.0750334117208,5.22232259019599,53.6222226640406,55.5080037230262,1.88578105898557,6.05756236533755,30.6047045221724,22.4154521694371,-8.18925235273525,5.69270875195434
escs_h,PRT,36,444.338449302636,438.937790128118,-5.40065917451784,5.93425060821074,469.258932605704,471.812147837656,2.55321523195272,5.77275153137144,497.105211365375,497.744674670582,0.639463305207471,5.65809696848801,531.386158966134,534.211736962836,2.8255779967011,5.72593693252649,24.9204833030674,32.874357709538,7.95387440647056,5.04013118865997,52.7667620627383,58.8068845424637,6.04012247972531,5.35023926207191,87.0477096634983,95.2739468347172,8.22623717121894,6.24463557361179,27.8462787596709,25.9325268329257,-1.91375192674525,5.4683156384751,62.1272263604308,62.3995891251792,0.27236276474838,6.03460111548792,34.2809476007599,36.4670622922536,2.18611469149363,5.23074425434661
escs_h,SVK,36,401.715122831594,421.454780790352,19.7396579587573,6.21090962952503,451.913124750667,468.780221600142,16.867096849475,5.93569882352465,477.204412311505,493.407749179804,16.2033368682993,5.80305869693084,523.963343069866,538.306281400875,14.3429383310083,6.59926783610344,50.1980019190722,47.3254408097899,-2.87256110928234,6.07568140240183,75.4892894799108,71.9529683894527,-3.53632109045805,6.9759035472025,122.248220238272,116.851500610523,-5.39671962774901,8.28737250653176,25.2912875608386,24.6275275796629,-0.663759981175701,6.19117181176447,72.0502183191998,69.5260598007332,-2.52415851846666,7.50287498028226,46.7589307583613,44.8985322210703,-1.86039853729096,6.12266204215791
escs_h,SVN,36,458.43103568446,446.319774437906,-12.1112612465537,5.10078936735629,488.885145501601,475.7651362769,-13.1200092247011,5.18641638271694,520.148785363834,509.910920075322,-10.2378652885121,5.1291652871096,536.236569105221,530.055186277179,-6.18138282804262,4.81503613435672,30.4541098171414,29.445361838994,-1.00874797814737,5.80498388251796,61.7177496793748,63.5911456374164,1.87339595804161,5.79975837191738,77.8055334207617,83.7354118392728,5.92987841851107,5.50328477497259,31.2636398622334,34.1457837984224,2.88214393618898,5.84237600801081,47.3514236036203,54.2900500002788,6.93862639665844,5.63671116050459,16.0877837413869,20.1442662018564,4.05648246046945,5.59301575198774
escs_h,SWE,36,446.190548437022,436.946590394564,-9.24395804245773,5.56130467485505,478.457140118079,480.361829413663,1.90468929558455,5.81827946439802,516.953368322516,520.614041373866,3.66067305134993,5.55197975823197,544.51947627971,534.973071216363,-9.54640506334761,6.62065743750906,32.2665916810568,43.4152390190991,11.1486473380423,5.77471438298783,70.7628198854947,83.6674509793023,12.9046310938077,5.79557409957737,98.3289278426885,98.0264808217986,-0.302447020889872,7.29618590854886,38.4962282044378,40.2522119602032,1.75598375576539,5.69916637410047,66.0623361616317,54.6112418026995,-11.4510943589322,7.03050260959815,27.5661079571938,14.3590298424963,-13.2070781146975,6.24145316202538
escs_h,TUR,36,450.120796289067,461.035207980681,10.9144116916141,5.26387717188457,463.51612710337,483.484699679401,19.9685725760307,4.96449586625386,472.070493291086,498.029634707296,25.9591414162109,5.65462868209994,518.44803308435,547.045147450516,28.597114366166,5.98755575426754,13.3953308143034,22.44949169872,9.0541608844166,4.69586640290686,21.9496970020185,36.9944267266152,15.0447297245967,5.5608494762397,68.3272367952832,86.0099394698351,17.6827026745519,6.45289855419827,8.55436618771512,14.5449350278952,5.99056884018012,4.67163492509863,54.9319059809798,63.560447771115,8.62854179013527,6.19263884961103,46.3775397932646,49.0155127432198,2.63797294995516,5.9625748266818
escs_h,USA,36,455.310062451445,453.304396880169,-2.00566557127593,8.21024543690379,479.693724356427,485.736300573503,6.04257621707569,8.48265259497681,512.765356573394,510.795905291178,-1.96945128221535,9.83075298148218,554.143317607916,567.913640419287,13.7703228113705,15.6531400833802,24.3836619049822,32.4319036933338,8.04824178835162,9.60498168276908,57.455294121949,57.4915084110096,0.036214289060581,10.2129170433439,98.8332551564715,114.609243539118,15.7759883826465,16.7955272223241,33.0716322169669,25.0596047176758,-8.01202749929104,10.4802598797302,74.4495932514894,82.1773398457842,7.72774659429484,15.6370821435902,41.3779610345225,57.1177351281084,15.7397740935859,12.5905452976203
escs_h,OECD,36,445.798626914539,445.103446249712,-0.695180664826353,3.22354438958981,474.832685532499,477.07576313429,2.24307760179067,3.21181369824161,502.672633171147,505.49417210656,2.82153893541232,3.21722277301286,531.745357054105,533.130694713075,1.3853376589708,3.2602067298424,29.0340586179606,31.9723168845776,2.93825826661703,0.954162051379461,56.8740062566088,60.3907258568475,3.51671960023867,1.01769495935862,85.9467301395659,88.027248463363,2.08051832379715,1.21935912905304,27.8399476386483,28.4184089722699,0.578461333621647,0.940694623267717,56.9126715216053,56.0549315787855,-0.857739942819876,1.11117428338769,29.0727238829571,27.6365226065155,-1.43620127644152,1.02137295540058
escs_h,OECD35,35,445.662028594181,445.221881172709,-0.440147421472034,3.2282781104516,474.87414826718,477.325592564897,2.45144429771665,3.21593657035173,502.833116259059,505.770667757081,2.93755149802183,3.22205890955595,532.03467024046,533.507265694026,1.47259545356576,3.26717764329125,29.2121196729993,32.103711392188,2.89159171918868,0.974784279015763,57.171087664878,60.5487865843719,3.37769891949387,1.04157751241436,86.3726416462789,88.2853845213167,1.91274287503779,1.24833593564712,27.9589679918788,28.4450751921839,0.486107200305185,0.963663417749472,57.1605219732796,56.1816731291287,-0.978848844150889,1.13676828996499,29.2015539814009,27.7365979369448,-1.46495604445607,1.04562855051397
escs_pca,AUS,36,461.581929673168,465.95571190547,4.37378223230149,4.95289907532919,490.141629229525,497.31049435219,7.16886512266427,4.72288974219302,529.065145510069,533.049390323296,3.98424481322763,4.90227983665833,555.374681774442,557.736722758162,2.36204098372059,4.99155842799621,28.559699556357,31.3547824467198,2.79508289036278,4.56554139821795,67.4832158369003,67.0936784178264,-0.389537419073861,4.94542864913199,93.7927521012733,91.7810108526924,-2.0117412485809,5.40543284272089,38.9235162805433,35.7388959711066,-3.18462030943664,4.49531948927223,65.2330525449163,60.4262284059726,-4.80682413894368,4.95957873331739,26.309536264373,24.687332434866,-1.62220382950704,4.32935321092739
escs_pca,AUT,36,436.124082118939,449.371003861788,13.2469217428483,5.83996710944135,477.491424183336,488.091980651187,10.6005564678516,5.88401571277602,514.838740359916,517.746682821166,2.90794246124972,5.21012137061089,548.491604611002,552.079511717506,3.58790710650374,5.42387870324897,41.3673420643962,38.7209767893995,-2.6463652749967,5.84628222767606,78.7146582409768,68.3756789593782,-10.3389792815986,5.3224213264274,112.367522492063,102.708507855718,-9.65901463634458,6.10888185667927,37.3473161765805,29.6547021699786,-7.6926140066019,5.54492035443311,71.0001804276665,63.9875310663186,-7.01264936134788,5.43219840930504,33.6528642510859,34.33282889634,0.679964645254017,4.84879508021565
escs_pca,BEL,36,436.650285418485,451.283089562992,14.6328041445077,5.93668874926005,472.404303727224,475.496587225037,3.09228349781313,5.17396097727499,513.479231101263,520.780294307428,7.30106320616494,5.36476974707001,547.514582194445,553.744642299937,6.23006010549216,5.37526005827233,35.7540183087391,24.2134976620445,-11.5405206466946,5.41538656765167,76.8289456827787,69.497204744436,-7.33174093834276,6.14697476018833,110.86429677596,102.461552736945,-8.40274403901555,6.47820920629805,41.0749273740397,45.2837070823915,4.20877970835181,5.28817258902029,75.1102784672214,78.2480550749004,3.13777660767903,5.45592372063312,34.0353510931817,32.9643479925089,-1.07100310067278,4.95673782818023
escs_pca,CAN,36,480.935112197406,477.816071187592,-3.11904100981417,4.69120915550832,504.609096904273,506.405539056619,1.79644215234566,4.31600542856833,530.384214273602,534.721267299177,4.33705302557462,4.48495590244917,551.724895428554,550.960161092509,-0.764734336044853,5.23875609290813,23.6739847068669,28.5894678690267,4.91548316215983,3.85680780099117,49.4491020761961,56.9051961115849,7.45609403538879,4.28727360198037,70.7897832311482,73.1440899049175,2.35430667376932,5.11406527990932,25.7751173693292,28.3157282425582,2.54061087322896,3.56100646919061,47.1157985242813,44.5546220358908,-2.56117648839052,4.36710170049136,21.3406811549521,16.2388937933326,-5.10178736161947,4.24510997796879
escs_pca,CHE,36,452.035695434979,456.376960027954,4.34126459297528,5.91382273861939,483.555576675966,488.249228298475,4.69365162250824,5.50848110337001,523.558863199346,524.690859448814,1.1319962494689,5.24666431357506,560.179433071296,563.558797004947,3.37936393365123,5.37917097597682,31.5198812409878,31.8722682705208,0.352387029532963,5.69771265350718,71.523167764367,68.3138994208607,-3.20926834350638,5.92293875115469,108.143737636317,107.181836976993,-0.961900659324044,6.65391828843985,40.0032865233792,36.4416311503399,-3.56165537303934,4.90105886807123,76.6238563953295,75.3095687064725,-1.31428768885701,5.58595036868947,36.6205698719504,38.8679375561327,2.24736768418234,5.158825305936
escs_pca,CHL,36,415.687404285636,417.733749484916,2.04634519928067,6.05645255930154,433.279538355402,429.323162658881,-3.95637569652081,5.51282214163782,447.936986796915,447.970767697848,0.0337809009332659,5.54607901621734,488.056782892814,495.048124833171,6.99134194035736,5.48562739402947,17.592134069766,11.5894131739645,-6.00272089580147,5.42577411542626,32.2495825112789,30.2370182129315,-2.0125642983474,6.20069183536374,72.3693786071783,77.314375348255,4.94499674107669,6.84605994828183,14.6574484415129,18.647605038967,3.99015659745407,5.15909673441698,54.7772445374122,65.7249621742904,10.9477176368782,5.7534921919232,40.1197960958994,47.0773571353234,6.95756103942409,5.78523000774627
escs_pca,COL,36,379.320357806281,382.436139163306,3.11578135702496,5.33623694824143,397.901540172931,403.083913787002,5.18237361407063,5.53332803821376,414.448306925183,421.865066666387,7.41675974120369,6.48145510938579,461.603986355636,471.627220911711,10.0232345560757,8.62878087244528,18.58118236665,20.6477746236956,2.06659225704567,5.26558469759864,35.1279491189023,39.428927503081,4.30097838417873,6.19714923167547,82.2836285493545,89.1910817484052,6.90745319905074,9.31917388108447,16.5467667522523,18.7811528793854,2.23438612713306,4.86864780925899,63.7024461827045,68.5433071247096,4.84086094200507,8.4490270092441,47.1556794304522,49.7621542453242,2.606474814872,8.68946816005865
escs_pca,CZE,36,445.58033856114,446.332692497077,0.752353935936867,5.57576359800659,486.609327973042,478.859252558059,-7.7500754149832,5.2765849227941,508.878903616254,502.74890007578,-6.13000354047398,5.63924334384399,551.990897114032,546.671402499066,-5.31949461496561,6.39760421878659,41.0289894119023,32.5265600609823,-8.50242935092007,5.10620924852333,63.2985650551147,56.4162075787039,-6.88235747641085,5.48674009729102,106.410558552892,100.33871000199,-6.07184855090247,7.40360562797105,22.2695756432124,23.8896475177216,1.62007187450922,5.10388540048936,65.38156914099,67.8121499410076,2.43058080001759,5.97521825071618,43.1119934977776,43.922502423286,0.810508925508373,6.64340999934552
escs_pca,DEU,36,449.126240933922,440.172395531479,-8.95384540244277,6.376595846426,482.805687185632,482.976914208698,0.171227023065683,6.42795476799176,508.11855201559,513.122709908472,5.00415789288246,6.5536556243628,557.237088970846,564.587498650799,7.35040967995303,6.45279960591377,33.6794462517103,42.8045186772188,9.12507242550845,6.32484690344754,58.992311081668,72.9503143769932,13.9580032953252,6.64715566398013,108.110848036925,124.41510311932,16.3042550823958,7.54156899465559,25.3128648299577,30.1457956997745,4.83293086981678,6.26111536171458,74.4314017852142,81.6105844421015,7.17918265688735,7.17276748508162,49.1185369552565,51.4647887423271,2.34625178707057,6.53526496680777
escs_pca,DNK,36,453.571042706694,442.420259423836,-11.1507832828579,5.46854519154056,487.223453044174,473.175040234444,-14.0484128097303,5.67201669344531,514.935900067126,499.539592282578,-15.3963077845484,5.51050814369685,524.103547776042,521.615531847794,-2.48801592824782,6.27305200196044,33.6524103374808,30.7547808106084,-2.89762952687238,5.71361895903023,61.3648573604325,57.1193328587419,-4.24552450169051,5.71343703144714,70.5325050693481,79.1952724239582,8.66276735461008,6.90399468392926,27.7124470229517,26.3645520481335,-1.34789497481813,5.557694791458,36.8800947318673,48.4404916133498,11.5603968814825,6.54078280131683,9.16764770891564,22.0759395652162,12.9082918563006,6.12383716240457
escs_pca,ESP,36,451.404582858149,442.465984842576,-8.93859801557227,4.51523931090635,473.148450846963,465.867728809996,-7.28072203696632,4.45626781044599,494.807651803169,495.646957390842,0.839305587673437,4.16624250161216,523.272172343608,521.071703034446,-2.2004693091618,4.40802273827921,21.7438679888138,23.4017439674198,1.65787597860594,3.70779490807434,43.4030689450202,53.1809725482659,9.7779036032457,3.76170379184305,71.8675894854588,78.6057181918693,6.73812870641046,4.18403666326729,21.6592009562064,29.7792285808462,8.12002762463976,3.0734451020287,50.123721496645,55.2039742244496,5.08025272780452,4.03124827432725,28.4645205404386,25.4247456436034,-3.03977489683524,3.75058758573138
escs_pca,EST,36,494.657571790968,489.838621074273,-4.81895071669447,5.30694095091056,510.679216979722,513.330730294223,2.6515133145009,5.02627881535237,536.09815156244,545.841358024617,9.74320646217689,4.92748700579338,564.200013153764,565.845672257235,1.64565910347051,5.67354689123114,16.0216451887545,23.4921092199499,7.47046403119538,4.85061794713461,41.4405797714722,56.0027369503436,14.5621571788714,5.00593264076551,69.5424413627966,76.0070511829616,6.46460982016498,6.15435849724369,25.4189345827177,32.5106277303937,7.09169314767598,4.78676396437705,53.5207961740421,52.5149419630117,-1.0058542110304,5.32506383279312,28.1018615913243,20.004314232618,-8.09754735870638,5.11493911456523
escs_pca,FIN,36,476.340057503817,469.311692952349,-7.02836455146758,5.35991420865042,493.744010171751,491.885414713073,-1.85859545867839,5.10226926063252,526.30871074062,527.103640909289,0.794930168669225,5.38796139640663,556.0414245703,556.379029332093,0.337604761793045,5.3508448794103,17.4039526679342,22.5737217607234,5.16976909278918,4.7365703259856,49.9686532368027,57.7919479569395,7.8232947201368,5.15535804362331,79.7013670664836,87.0673363797442,7.36596931326062,5.49808323736125,32.5647005688685,35.2182261962161,2.65352562734762,4.93235502343154,62.2974143985493,64.4936146190208,2.19620022047144,4.84813530891438,29.7327138296809,29.2753884228047,-0.45732540687618,5.20285217409842
escs_pca,FRA,36,436.972480146906,444.762066456289,7.78958630938314,5.96702707777647,469.479877763983,471.410411461252,1.93053369726891,5.81138150228149,503.627674478586,505.496095278321,1.86842079973451,6.03783593023971,547.518941516538,549.054312595952,1.53537107941395,5.7505182445798,32.5073976170775,26.6483450049632,-5.85905261211423,6.18466497825287,66.6551943316806,60.734028822032,-5.92116550964863,5.9275838382793,110.546461369633,104.292246139664,-6.25421522996919,6.6351580636527,34.1477967146031,34.0856838170687,-0.062112897534405,5.84795690722553,78.0390637525554,77.6439011347004,-0.395162617854965,6.35307221400139,43.8912670379522,43.5582173176317,-0.33304972032056,5.84714268191621
escs_pca,GBR,36,470.547800352946,479.527738444146,8.97993809119976,5.78432999766049,487.059301285869,503.017253637795,15.9579523519251,5.42062556634305,515.530798293993,528.418589985794,12.8877916918016,5.40200711735267,549.998419298802,564.800679852031,14.8022605532295,6.65648741582706,16.5115009329231,23.4895151936484,6.97801426072533,5.90908048282923,44.9829979410465,48.8908515416483,3.90785360060181,6.31501856699248,79.4506189458552,85.272941407885,5.82232246202977,7.60741719318848,28.4714970081234,25.4013363479999,-3.07016066012352,5.61106812108376,62.9391180129321,61.7834262142366,-1.15569179869556,7.11652268987556,34.4676210048087,36.3820898662367,1.91446886142796,6.44707368396503
escs_pca,GRC,36,409.389512753796,401.041185514434,-8.34832723936177,6.26644398900067,426.425043573992,422.074233715889,-4.35080985810339,5.53449917110916,447.324617521352,452.262890758823,4.93827323747138,5.56481349176256,483.974219172958,480.013341171796,-3.96087800116243,6.22292506803264,17.0355308201966,21.033048201455,3.99751738125838,6.21872606260526,37.935104767556,51.2217052443891,13.2866004768331,6.03865465221759,74.5847064191623,78.9721556573616,4.38744923819934,7.28935333271773,20.8995739473594,30.1886570429342,9.28908309557477,4.91067242194015,57.5491755989657,57.9391074559067,0.389931856940962,5.64144347386467,36.6496016516063,27.7504504129725,-8.89915123863381,5.79787236148808
escs_pca,HUN,36,431.456138882418,432.830997629021,1.37485874660331,6.19494286962173,464.977370655591,466.062908421749,1.08553776615827,5.43774326905244,505.429082818409,496.683818399745,-8.74526441866442,5.580015389131,546.34648208284,537.537196639417,-8.80928544342294,6.49834952459812,33.5212317731725,33.2319107927275,-0.289320980445041,6.02175460144591,73.9729439359911,63.8528207707234,-10.1201231652677,6.65079762294583,114.890343200422,104.706199010396,-10.1841441900262,7.74223315110273,40.4517121628186,30.6209099779959,-9.83080218482269,5.54734654149559,81.3691114272494,71.4742882176682,-9.8948232095812,6.821341262103,40.9173992644309,40.8533782396723,-0.0640210247585173,6.06690514802245
escs_pca,IRL,36,470.469677041948,464.774405548667,-5.69527149328116,5.31205522182856,491.753720622676,485.199808383117,-6.55391223955922,4.98222685180104,516.010300179767,516.89501998237,0.884719802603399,5.00546557341571,541.137024551207,542.021031289256,0.884006738049038,5.30165829873057,21.2840435807284,20.4254028344503,-0.85864074627807,4.98902179736092,45.540623137819,52.1206144337035,6.57999129588455,5.30605239727834,70.6673475092592,77.2466257405894,6.57927823133019,5.51065417506534,24.2565795570906,31.6952115992532,7.43863204216262,5.17668996062338,49.3833039285308,56.821222906139,7.43791897760826,5.09424205175187,25.1267243714402,25.1260113068859,-0.000713064554361154,4.90640306371882
escs_pca,ISL,36,406.941878797267,412.319683646424,5.37780484915697,5.7407830687684,440.298378446316,443.355000728892,3.05662228257683,5.74502363956722,465.040274363582,464.47305393634,-0.567220427242773,5.64881484368679,479.566248311148,488.668361550922,9.10211323977376,5.7898648518774,33.3564996490481,31.0353170824679,-2.32118256658015,7.32127605080027,58.0983955663148,52.153370289915,-5.94502527639975,6.83972954287237,72.624369513881,76.3486779044978,3.72430839061678,7.08611955614631,24.7418959172667,21.1180532074471,-3.6238427098196,6.84359109083897,39.2678698648329,45.3133608220298,6.04549095719693,6.38785712064168,14.5259739475662,24.1953076145828,9.66933366701653,6.60857696866366
escs_pca,ISR,36,412.901055655576,412.941300224217,0.0402445686412989,6.44349929297532,451.12356681868,442.680947486256,-8.44261933242444,5.982440796659,498.066583833095,484.144403747697,-13.9221800853979,6.93165739290869,519.625004149658,510.259681806552,-9.36532234310516,6.55505112759238,38.2225111631041,29.7396472620383,-8.48286390106574,6.76050962686588,85.1655281775184,71.2031035234792,-13.9624246540392,7.01376358943006,106.723948494081,97.318381582335,-9.40556691174646,7.56080950072559,46.9430170144144,41.4634562614409,-5.47956075297344,6.41251673023168,68.5014373309774,67.5787343202967,-0.922703010680721,6.38360468873275,21.5584203165631,26.1152780588558,4.55685774229272,6.50883628040583
escs_pca,ITA,36,440.889444372721,446.553286351795,5.66384197907439,5.66595018777382,469.079504457197,473.627395274321,4.54789081712431,5.57152187106973,487.121355575662,494.950100350834,7.82874477517225,5.5800940986706,517.108406323068,526.688867453906,9.58046113083799,6.4574507289602,28.1900600844763,27.0741089225262,-1.11595116195008,4.9749583910043,46.2319112029414,48.3968139990392,2.16490279609786,5.64291288767931,76.2189619503473,80.1355811021109,3.9166191517636,6.75672096614903,18.0418511184651,21.322705076513,3.28085395804794,4.90374863220935,48.028901865871,53.0614721795847,5.03257031371368,6.28020937808853,29.9870507474059,31.7387671030717,1.75171635566574,5.16895447280488
escs_pca,JPN,36,516.006194558729,501.525251038943,-14.4809435197852,7.61302024390933,539.833266042925,531.000579900521,-8.83268614240365,6.08903875917439,557.934865582968,550.09289054864,-7.84197503432813,6.14687547921119,575.763030221388,581.512673901121,5.74964367973291,7.0328845953878,23.8270714841964,29.4753288615779,5.64825737738153,6.70952071952882,41.9286710242392,48.5676395096962,6.63896848545704,7.35694738031092,59.7568356626595,79.9874228621775,20.2305871995181,8.99594227460534,18.1015995400428,19.0923106481183,0.990711108075516,5.83011637832876,35.9297641784631,50.5120940005996,14.5823298221366,6.9047921114015,17.8281646384203,31.4197833524813,13.591618714061,5.72499557193399
escs_pca,KOR,36,495.793461208397,489.255782306658,-6.53767890173936,6.91014391065757,515.074436289391,520.68345202366,5.60901573426941,6.66235352424717,536.919212056124,544.020148366744,7.10093631062011,6.59325155070876,567.725443515171,564.204219766019,-3.52122374915155,7.1734697316481,19.2809750809935,31.4276697170023,12.1466946360088,6.17376601024352,41.1257508477266,54.7643660600861,13.6386152123595,7.44728314595506,71.9319823067737,74.9484374593615,3.01645515258781,7.59227944590389,21.8447757667331,23.3366963430838,1.49192057635071,6.94942283992848,52.6510072257802,43.5207677423592,-9.13023948342095,7.65178438858804,30.8062314590471,20.1840713992755,-10.6221600597717,7.30082529731455
escs_pca,LTU,36,448.186988668161,457.534652143967,9.3476634758058,5.07546210498967,470.014325940208,479.875226596118,9.86090065590992,4.81815704105185,499.741770525745,507.663896990832,7.92212646508671,5.14238824875258,526.331794418799,530.755421282911,4.42362686411263,5.7818656866222,21.827337272047,22.3405744521511,0.513237180104113,4.50762002285118,51.554781857584,50.1292448468649,-1.4255370107191,5.20383693988796,78.1448057506377,73.2207691389446,-4.92403661169317,6.15299036341465,29.7274445855369,27.7886703947137,-1.93877419082321,4.80448962055669,56.3174684785907,50.8801946867934,-5.43727379179728,5.70854644277627,26.5900238930537,23.0915242920797,-3.49849960097407,5.26919556858514
escs_pca,LVA,36,464.627456772483,447.33019033559,-17.2972664368932,5.57623039425229,479.976378036114,469.196559658306,-10.7798183778083,5.37659179351931,503.188846170622,490.175497159351,-13.0133490112714,5.14777984367619,531.299001872844,513.173441708342,-18.1255601645016,5.19053089857717,15.3489212636313,21.8663693227161,6.51744805908481,5.16287368496672,38.5613893981389,42.8453068237607,4.28391742562172,5.45469398654544,66.6715451003609,65.8432513727524,-0.828293727608468,5.9028004366879,23.2124681345076,20.9789375010445,-2.23353063346309,5.05139107859157,51.3226238367296,43.9768820500363,-7.34574178669328,5.41325110483842,28.110155702222,22.9979445489918,-5.11221115323019,5.49802855909137
escs_pca,MEX,36,384.481841695432,386.820914644021,2.33907294858886,4.71442921765683,395.985610227386,403.7523891124,7.76677888501439,4.92539929926333,413.66151968129,418.561773771561,4.90025409027101,5.22615506791458,446.117757248906,452.61251842883,6.49476117992327,6.18822463035381,11.5037685319534,16.931474468379,5.42770593642553,4.29436655958925,29.1796779858571,31.7408591275392,2.56118114168214,4.75430743094649,61.6359155534739,65.7916037848083,4.15568823133441,6.24959959473873,17.6759094539037,14.8093846591603,-2.86652479474338,4.33295978580037,50.1321470215205,48.8601293164294,-1.27201770509112,6.23354571910173,32.4562375676168,34.0507446572691,1.59450708965227,5.82706031393425
escs_pca,NLD,36,447.545943336958,445.721377158155,-1.82456617880302,7.62716001043405,464.143603288982,473.705039066285,9.56143577730296,7.20625761623119,511.873093308679,510.884425655044,-0.988667653634479,6.26669456117708,545.638987519734,549.168085710414,3.52909819068009,6.4452987525704,16.5976599520236,27.9836619081295,11.386001956106,6.57875074400165,64.3271499717206,65.1630484968891,0.835898525168545,7.92335461504966,98.0930441827752,103.446708552258,5.35366436948311,8.88631523844041,47.729490019697,37.1793865887596,-10.5501034309374,6.79197338588474,81.4953842307517,75.4630466441288,-6.03233758662287,7.62411269075191,33.7658942110546,38.2836600553692,4.51776584431457,6.54318369796362
escs_pca,NOR,36,441.055944807029,431.074740073346,-9.9812047336834,5.39889439066188,469.253596853291,463.477209758767,-5.7763870945243,5.26997755816751,495.603683630572,496.695295282896,1.09161165232348,5.20994314161294,520.382895649658,514.945113224692,-5.43778242496671,5.85456067114553,28.1976520462619,32.402469685421,4.2048176391591,5.42116056045779,54.5477388235434,65.6205552095502,11.0728163860069,6.16161309541633,79.3269508426294,83.8703731513461,4.54342230871669,6.37148145528295,26.3500867772814,33.2180855241292,6.86799874684778,5.4351242658449,51.1292987963675,51.4679034659251,0.338604669557583,5.86837226204995,24.7792120190861,18.2498179417959,-6.52939407729019,5.57913412757117
escs_pca,NZL,36,457.539652607304,473.277443084268,15.737790476964,5.53365975144375,497.261632696583,500.961300481385,3.69966778480142,5.83594466239293,529.322867601839,534.27850010541,4.95563250357111,5.69177493820023,554.920650657229,571.558098316721,16.6374476594913,5.32297984044349,39.7219800892796,27.683857397117,-12.0381226921626,5.4091351595442,71.7832149945353,61.0010570211424,-10.7821579733929,6.29090633166512,97.3809980499257,98.280655232453,0.899657182527278,5.94590570283122,32.0612349052557,33.3171996240254,1.25596471876969,6.61742693317057,57.6590179606462,70.596797835336,12.9377798746899,6.31797373885686,25.5977830553904,37.2795982113106,11.6818151559202,6.19396535329352
escs_pca,POL,36,464.808053833369,462.190922016267,-2.61713181710201,5.53116102708647,482.890372186947,478.615358243364,-4.27501394358308,5.35921880704278,510.724206409629,515.336429292259,4.61222288263002,5.78113674491118,544.894577861139,544.430533885151,-0.464043975988375,5.94429904924186,18.0823183535778,16.4244362270967,-1.65788212648107,4.866938958896,45.91615257626,53.145507275992,7.22935469973203,5.45461917474662,80.0865240277698,82.2396118688835,2.15308784111363,6.84595532012381,27.8338342226822,36.7210710488953,8.8872368262131,5.16856681559796,62.0042056741921,65.8151756417868,3.8109699675947,6.18584420927755,34.1703714515098,29.0941045928914,-5.0762668586184,5.6409653064029
escs_pca,PRT,36,446.457437255897,442.90969726386,-3.54773999203667,5.791886781673,467.768613532415,467.710757756129,-0.0578557762858623,6.11322050258474,496.156378874198,494.374280425314,-1.78209844888369,5.66477504602551,531.720092025845,537.700430701249,5.98033867540403,5.64409116031989,21.3111762765181,24.8010604922689,3.48988421575081,5.30236601778944,49.6989416183005,51.4645831614535,1.76564154315298,5.18746170345643,85.2626547699482,94.7907334373889,9.5280786674407,6.27066356017367,28.3877653417824,26.6635226691846,-1.72424267259782,5.63432645089158,63.9514784934301,69.98967294512,6.03819445168989,6.22449291497768,35.5637131516477,43.3261502759354,7.76243712428772,5.24680156263156
escs_pca,SVK,36,405.183791264472,422.740433979481,17.5566427150093,6.26030170002934,450.736392333747,467.144348075057,16.4079557413109,5.93784878396006,473.697568029971,491.776477534042,18.0789095040708,5.80068941098207,525.154946113572,540.245996699548,15.0910505859769,6.60914333248097,45.5526010692748,44.4039140955765,-1.14868697369838,6.07612907749123,68.5137767654991,69.0360435545606,0.522266789061519,7.14119404448672,119.9711548491,117.505562720067,-2.46559212903242,8.34089935278471,22.9611756962242,24.6321294589841,1.67095376275989,6.05612358941156,74.4185537798251,73.101648624491,-1.31690515533404,7.64912670039074,51.4573780836008,48.4695191655069,-2.98785891809393,6.14622994590526
escs_pca,SVN,36,458.508114226497,447.733095774625,-10.7750184518718,5.02191987973015,487.303100352889,471.277302320076,-16.0257980328132,5.08676884826229,519.198819493451,508.793244735811,-10.4055747576398,5.13880098138303,538.687403748928,534.297568973696,-4.38983477523198,5.03177484884632,28.7949861263919,23.5442065454505,-5.25077958094136,5.31430841162422,60.6907052669545,61.0601489611865,0.369443694231961,5.86282906677345,80.1792895224311,86.5644731990709,6.38518367663983,5.54591580204205,31.8957191405627,37.515942415736,5.62022327517332,5.8880021291978,51.3843033960392,63.0202666536204,11.6359632575812,5.77288598474806,19.4885842554766,25.5043242378844,6.01573998240787,5.9369954547478
escs_pca,SWE,36,446.939107626285,437.522216291711,-9.41689133457328,5.55006881145074,476.97093447664,477.979127439201,1.00819296256077,5.61073672784527,514.978082998435,515.508264809431,0.530181810995941,5.65900047543693,547.231690255124,541.899674098239,-5.33201615688483,6.55127000399868,30.0318268503557,40.4569111474897,10.425084297134,5.47698580928846,68.0389753721506,77.9860485177198,9.94707314556922,5.70021994199846,100.292582628839,104.377457806528,4.08487517768845,7.33890245979601,38.0071485217949,37.5291373702301,-0.478011151564829,5.4718171741195,70.2607557784835,63.9205466590379,-6.3402091194456,6.76209866213741,32.2536072566886,26.3914092888078,-5.86219796788078,6.64758692717484
escs_pca,TUR,36,450.765900149136,464.272972095018,13.507071945882,5.2049410338787,463.688518283588,482.561005293125,18.8724870095364,4.97234824828393,471.884446885575,495.110769082799,23.2263221972245,5.69872128719768,517.831543781884,547.644244082792,29.8127003009081,5.89882528322565,12.9226181344523,18.2880331981067,5.36541506365444,4.63928083746525,21.1185467364388,30.8377969877814,9.71925025134254,5.60829087906494,67.0656436327478,83.3712719877739,16.3056283550261,6.40043754772246,8.19592860198651,12.5497637896746,4.35383518768811,4.55263364111687,54.1430254982955,65.0832387896671,10.9402132913717,5.9334427397778,45.947096896309,52.5334749999925,6.58637810368356,6.07495914297087
escs_pca,USA,36,456.435534442841,454.826225242788,-1.60930920005359,8.13321978484896,478.069608068812,484.484967748196,6.41535967938427,8.44992721828471,510.544366140964,510.487170546746,-0.0571955942181717,10.0764008826077,556.878910967008,567.899762138164,11.0208511711559,15.4306724004354,21.6340736259705,29.6587425054084,8.02466887943785,9.43393369656539,54.108831698123,55.6609453039584,1.55211360583542,10.5450675731818,100.443376524167,113.073536895376,12.6301603712095,16.5131188053752,32.4747580721524,26.00220279855,-6.47255527360244,10.9026680979166,78.8093028981963,83.4147943899679,4.6054914917716,15.2301500898427,46.3345448260438,57.4125915914179,11.078046765374,12.5196917548817
escs_pca,OECD,36,447.136614215171,446.972248577203,-0.164365637968046,3.22338416709372,473.132233546782,474.275238039715,1.14300449293273,3.21245401587255,501.2899936785,503.108625663958,1.81863198545841,3.21861493751515,533.490127264451,536.444924264364,2.95479699991313,3.25612252268755,25.9956193316115,27.3029894625122,1.30737013090078,0.942929458191842,54.1533794633291,56.1363770867555,1.98299762342646,1.02130527603809,86.35351304928,89.4726756871611,3.11916263788118,1.21565712420927,28.1577601317176,28.8333876242433,0.675627492525678,0.940595909598067,60.3578937176685,62.1696862246489,1.8117925069804,1.10210982790415,32.2001335859509,33.3362986004056,1.13616501445472,1.02274526109891
escs_pca,OECD35,35,447.014672253943,447.100998969621,0.0863267156778989,3.22814872040006,473.131770195349,474.515452589136,1.38368239378696,3.21666818996119,501.475203446367,503.321816186047,1.84661273968078,3.22349397402641,533.782068833618,536.884159156647,3.10209032302942,3.26284359736428,26.1170979414058,27.4144536195149,1.29735567810906,0.964067295953591,54.4605311924238,56.2208172164267,1.76028602400288,1.04497285723453,86.7673965796751,89.7831601870266,3.01576360735152,1.24466255240293,28.343433251018,28.8063635969118,0.462930345893824,0.963476662603573,60.6502986382693,62.3687065675118,1.71840792924246,1.1277321825832,32.3068653872513,33.5623429706,1.25547758334864,1.04649435819173
hisei_h,AUS,36,468.761286452388,477.333966588328,8.57268013594023,4.61709705139979,506.027382973379,509.472604275793,3.44522130241415,4.75472613818681,526.201456008383,528.819663139962,2.61820713157908,4.93736639376455,552.684899864438,555.757946434268,3.07304656982979,5.05153848883074,37.2660965209913,32.1386376874652,-5.12745883352608,4.26609030195129,57.4401695559949,51.4856965516337,-5.95447300436115,4.45694145288552,83.9236134120507,78.4239798459403,-5.49963356611045,5.09387667071678,20.1740730350036,19.3470588641685,-0.827014170835071,4.42178409877391,46.6575168910594,46.285342158475,-0.372174732584369,4.84611825461618,26.4834438560558,26.9382832943065,0.454839438250701,4.34095366237276
hisei_h,AUT,36,448.119941440227,458.759513770701,10.6395723304744,6.01557450974738,489.633620332827,504.275820204818,14.6421998719917,5.59305625521469,516.298044322858,521.606961300322,5.30891697746404,5.24894396819669,544.961622928234,545.840814743894,0.879191815659851,5.61226462586071,41.5136788925998,45.5163064341171,4.00262754151726,5.90035980190466,68.1781028826314,62.847447529621,-5.3306553530104,5.90970193351573,96.8416814880071,87.0813009731925,-9.76038051481459,6.03971001488438,26.6644239900316,17.3311410955039,-9.33328289452766,5.5715818999295,55.3280025954073,41.5649945390755,-13.7630080563318,5.26021939538347,28.6635786053757,24.2338534435716,-4.42972516180419,5.15366320886054
hisei_h,BEL,36,443.049688344825,453.71297607017,10.6632877253443,5.43408216618451,484.612523284243,500.945618657165,16.3330953729223,5.09600389938769,520.566202126854,529.274255703107,8.70805357625386,5.6347284738874,540.973562241252,544.384164643575,3.41060240232241,5.29159961735742,41.5628349394175,47.2326425869956,5.66980764757801,5.38612747555819,77.5165137820282,75.5612796329377,-1.95523414909042,5.99525124622931,97.9238738964271,90.6711885734052,-7.25268532302187,5.8599869436085,35.9536788426106,28.3286370459422,-7.62504179666843,5.05582337716158,56.3610389570095,43.4385459864096,-12.9224929705999,4.86495918189743,20.4073601143989,15.1099089404675,-5.29745117393145,5.1070652494389
hisei_h,CAN,36,488.460497740923,489.352914521539,0.892416780616429,4.64082708374492,519.57138495564,521.094663717681,1.5232787620406,4.54683635460667,528.713141092442,531.328043348794,2.61490225635157,4.71610690529687,549.721118104694,548.002368149569,-1.71874995512496,4.91606213775086,31.110887214717,31.7417491961412,0.630861981424175,4.33532142862851,40.2526433515191,41.9751288272543,1.72248547573514,4.48214912765169,61.2606203637714,58.64945362803,-2.61116673574139,4.45011651127059,9.14175613680209,10.2333796311131,1.09162349431097,4.08233271508739,30.1497331490543,26.9077044318888,-3.24202871716557,4.07320061847662,21.0079770122522,16.6743248007757,-4.33365221147653,4.16409942215589
hisei_h,CHE,36,457.941693234284,460.339578755671,2.39788552138725,6.05219692929537,493.907099674135,502.841036036268,8.93393636213233,5.31104593644564,528.992480462859,535.05232508667,6.05984462381093,5.39836516875431,554.724970541107,557.843765658448,3.11879511734105,5.80286278293048,35.9654064398514,42.5014572805965,6.53605084074508,6.08013745262694,71.0507872285752,74.7127463309989,3.66195910242368,6.12963324509215,96.7832773068228,97.5041869027766,0.720909595953799,7.07515288849221,35.0853807887238,32.2112890504024,-2.8740917383214,4.99373032638768,60.8178708669714,55.0027296221801,-5.81514124479128,5.6290075795401,25.7324900782476,22.7914405717777,-2.94104950646988,5.87643828087276
hisei_h,CHL,36,426.002733865908,422.838114724148,-3.16461914175989,5.97277581620752,436.007846602866,438.914019274732,2.90617267186605,5.93078729387364,454.653781207878,464.787084530823,10.1333033229459,5.4596427733292,488.12348100369,492.343270630909,4.21978962721983,5.83407053775357,10.0051127369588,16.0759045505848,6.07079181362593,5.77192872676739,28.65104734197,41.9489698066757,13.2979224647058,6.54740294672796,62.120747137782,69.5051559067617,7.38440876897971,6.99659493154868,18.6459346050111,25.873065256091,7.22713065107985,6.13038437410287,52.1156344008231,53.4292513561769,1.31361695535378,6.74756613913967,33.469699795812,27.5561861000859,-5.91351369572607,5.97733717305076
hisei_h,COL,36,384.190524762534,387.67348866136,3.48296389882574,5.38111502171196,401.218074402613,411.831820094458,10.6137456918444,5.75095422801307,420.290696056614,437.386251805091,17.0955557484776,6.06216534581051,453.535765979216,468.602881172658,15.0671151934421,8.48661096896815,17.0275496400789,24.1583314330976,7.13078179301868,5.02528028893732,36.1001712940791,49.712763143731,13.6125918496519,5.41867404825554,69.3452412166818,80.9293925112982,11.5841512946163,8.60838936858971,19.0726216540002,25.5544317106334,6.48181005663321,5.15283057795567,52.3176915766029,56.7710610782006,4.45336950159765,8.53835124159304,33.2450699226027,31.2166293675671,-2.02844055503556,7.31884091841826
hisei_h,CZE,36,447.346036490581,454.506481750391,7.16044525980948,5.27550746397374,496.242010175646,492.360076921918,-3.88193325372839,5.27854597945188,515.595376080339,512.22969570176,-3.36568037857967,5.56417738302525,549.44339692507,543.079201049417,-6.36419587565388,6.43192720365256,48.8959736850651,37.8535951715272,-11.0423785135379,5.11440164691368,68.2493395897582,57.7232139513691,-10.5261256383891,5.42989463991469,102.097360434489,88.5727192990258,-13.5246411354634,6.88990797514904,19.3533659046931,19.8696187798419,0.516252875148723,5.12020440132563,53.2013867494241,50.7191241274986,-2.48226262192549,6.18590973807452,33.848020844731,30.8495053476568,-2.99851549707421,6.03510918995123
hisei_h,DEU,36,457.332305739399,453.616378828458,-3.71592691094139,6.56648521622554,494.787227192854,500.381404997619,5.59417780476463,6.26936303175113,514.846489801476,523.62132315603,8.77483335455406,6.35013323357885,558.898066533922,560.683043711925,1.78497717800269,6.38990033655157,37.4549214534549,46.7650261691609,9.31010471570602,6.54368723010469,57.5141840620765,70.0049443275719,12.4907602654955,6.20769836116547,101.565760794523,107.066664883467,5.50090408894408,7.43425457720375,20.0592626086216,23.2399181584111,3.18065554978944,6.25749857593068,64.1108393410685,60.3016387143065,-3.80920062676194,6.9566254906749,44.0515767324469,37.0617205558955,-6.98985617655137,6.35694611270841
hisei_h,DNK,36,461.167506750718,452.223680041579,-8.94382670913882,5.86691385192194,491.539794125906,482.504051262965,-9.03574286294111,6.21290606303113,512.330857723064,504.051119045937,-8.2797386771262,6.53619118029678,527.003058013351,519.861560754093,-7.14149725925802,6.08407975898995,30.3722873751879,30.2803712213856,-0.0919161538022877,6.75831101853492,51.1633509723457,51.8274390043583,0.664088032012614,6.73368708840038,65.8355512626329,67.6378807125137,1.8023294498808,6.86821927411957,20.7910635971578,21.5470677829727,0.756004185814902,7.6061714411629,35.463263887445,37.357509491128,1.89424560368309,6.84891835079944,14.6722002902872,15.8104417081553,1.13824141786819,6.96610529016818
hisei_h,ESP,36,457.601939132033,449.523918563305,-8.07802056872794,4.65141913885694,478.4702798638,476.240431446058,-2.2298484177424,4.25169815518875,499.782562669086,500.270885825448,0.488323156362355,4.12284196511552,521.043908229718,514.858722181292,-6.18518604842609,4.46060973393566,20.8683407317675,26.716512882753,5.84817215098553,3.80146245187419,42.1806235370531,50.7469672621434,8.56634372509029,3.68021845435924,63.441969097685,65.3348036179868,1.89283452030185,4.03757242460163,21.3122828052856,24.0304543793904,2.71817157410476,3.38885317318288,42.5736283659175,38.6182907352338,-3.95533763068369,3.6697967868699,21.2613455606319,14.5878363558434,-6.67350920478845,3.21168686828806
hisei_h,EST,36,494.837453371478,492.740826737214,-2.09662663426485,5.52416261441794,522.458244269255,529.651664937346,7.19342066809065,5.2255657197,546.818298414624,548.358343444949,1.5400450303257,5.03231395615944,555.75432682893,556.586073886707,0.831747057777534,5.62126159034679,27.6207908977765,36.910838200132,9.2900473023555,5.44402098838519,51.9808450431452,55.6175167077358,3.63667166459055,5.31263052335519,60.9168734574515,63.8452471494939,2.92837369204239,6.16023851829272,24.3600541453687,18.7066785076038,-5.65337563776495,5.31919843912227,33.296082559675,26.9344089493619,-6.36167361031312,5.48183796775453,8.93602841430629,8.22773044175813,-0.708297972548166,5.09471441831754
hisei_h,FIN,36,479.266985172173,477.507611034661,-1.75937413751205,5.32880558710943,503.497967979476,507.081201421019,3.58323344154297,5.25686427733043,530.091352086152,535.515131214313,5.42377912816073,5.57438083357655,557.209085953993,550.726998669742,-6.48208728425107,5.33170348509221,24.2309828073024,29.5735903863575,5.34260757905503,4.57888085237129,50.8243669139789,58.0075201796517,7.18315326567279,5.19809341206518,77.9421007818194,73.2193876350804,-4.72271314673901,5.73922591825277,26.5933841066765,28.4339297932942,1.84054568661776,5.14983485783504,53.7111179745169,43.6457972487229,-10.065320725794,5.71043731417151,27.1177338678405,15.2118674554287,-11.9058664124118,5.48064926240114
hisei_h,FRA,36,449.070964979719,456.590115754961,7.51915077524211,5.84618664845706,483.174235627483,491.644113978992,8.46987835150895,5.91507819031611,509.568776188443,512.25578337127,2.68700718282656,5.70981094658193,546.776798521715,546.901032387353,0.124233865637393,5.78773898506815,34.1032706477644,35.0539982240312,0.950727576266843,5.77539223704826,60.4978112087246,55.6656676163091,-4.83214359241555,6.25255503282924,97.7058335419969,90.3109166323921,-7.39491690960472,6.30049136334953,26.3945405609603,20.6116693922779,-5.78287116868239,5.59788050646356,63.6025628942325,55.256918408361,-8.34564448587156,5.70092254921417,37.2080223332723,34.6452490160831,-2.56277331718917,5.13864663690964
hisei_h,GBR,36,474.013650655599,481.25072422408,7.23707356848058,5.4066525177052,505.008853116393,519.545071705103,14.5362185887106,5.86688866925988,523.25464466315,543.259681474887,20.0050368117368,5.60485427390916,541.338694411869,550.882208793924,9.54351438205481,6.50982140562047,30.9952024607934,38.2943474810234,7.29914502023001,6.57111631032322,49.2409940075505,62.0089572508067,12.7679632432562,6.11945033885683,67.3250437562694,69.6314845698436,2.30644081357423,7.02387368881419,18.2457915467571,23.7146097697832,5.46881822302618,6.09099046115547,36.329841295476,31.3371370888202,-4.99270420665579,6.57178698288496,18.0840497487189,7.62252731903698,-10.461522429682,5.72165585210846
hisei_h,GRC,36,414.638060568406,405.025858740168,-9.61220182823746,5.8215708695277,428.250453263623,437.134790963014,8.88433769939098,5.60383611074504,459.276027540517,460.190122719056,0.914095178539469,5.32633819021902,484.323061260978,477.86076625746,-6.46229500351842,5.81960448260349,13.6123926952168,32.1089322228453,18.4965395276284,5.31827330705803,44.6379669721111,55.164263978888,10.5262970067769,5.56677634578703,69.6850006925723,72.8349075172913,3.14990682471904,6.12290735909381,31.0255742768943,23.0553317560427,-7.97024252085151,5.23810793044981,56.0726079973554,40.725975294446,-15.3466327029094,5.41858043229978,25.0470337204612,17.6706435384033,-7.37639018205789,4.63489005540483
hisei_h,HUN,36,427.539837085513,436.01400468091,8.47416759539755,6.00334022074895,481.702565379866,477.754965473269,-3.94759990659753,5.55991878053346,508.292656785155,504.075528894184,-4.21712789097126,5.39467380230335,546.962020350398,534.042518315581,-12.9195020348166,6.90511958495048,54.1627282943534,41.7409607923583,-12.4217675019951,5.98046544182273,80.7528196996424,68.0615242132736,-12.6912954863688,6.62591244507279,119.422183264885,98.0285136346708,-21.3936696302141,8.25696541566913,26.5900914052891,26.3205634209153,-0.269527984373724,5.31137711547234,65.2594549705315,56.2875528423125,-8.97190212821903,6.89440104783436,38.6693635652425,29.9669894213972,-8.7023741438453,6.23978063689717
hisei_h,IRL,36,474.984651250628,470.929402250638,-4.05524899998926,5.1592195010922,500.62295118138,498.316703628514,-2.30624755286624,4.93113468047621,518.354324748714,522.60967848518,4.25535373646653,5.48633115362019,531.49276005759,529.201070420125,-2.2916896374652,5.23759044520461,25.6382999307526,27.3873013778756,1.74900144712302,4.8499211250036,43.3696734980862,51.680276234542,8.31060273645579,5.23755336918307,56.5081088069626,58.2716681694867,1.76355936252406,5.04261796525481,17.7313735673337,24.2929748566664,6.56160128933277,5.36748290973456,30.8698088762101,30.8843667916111,0.014557915401042,4.93663787579087,13.1384353088764,6.59139193494468,-6.54704337393173,4.70588424544237
hisei_h,ISL,36,420.313369180786,427.790703511595,7.47733433080936,5.85309140456693,452.224833060417,451.251514698634,-0.973318361783527,5.65334215979621,462.334785156629,474.113014270058,11.778229113429,6.14397432577436,483.678625894981,485.310643425444,1.6320175304632,5.60006893185157,31.9114638796317,23.4608111870388,-8.45065269259288,6.87990974753397,42.0214159758431,46.3223107584627,4.30089478261965,7.1327607092599,63.3652567141956,57.5199399138494,-5.84531680034615,7.19983116947292,10.1099520962114,22.8614995714239,12.7515474752125,7.13086546743766,31.4537928345638,34.0591287268106,2.60533589224673,6.64893200117161,21.3438407383525,11.1976291553867,-10.1462115829658,6.57275929778474
hisei_h,ISR,36,423.582414967963,428.881578095739,5.29916312777607,6.31815647037371,469.575072132842,461.503382623994,-8.07168950884773,6.10139926947621,498.835137314911,492.146435221211,-6.68870209370044,6.66715604938028,514.121196297348,504.820223183569,-9.30097311377875,7.33437018323144,45.9926571648788,32.621804528255,-13.3708526366238,6.49997409225187,75.2527223469477,63.2648571254712,-11.9878652214765,7.45802024251641,90.538781329385,75.9386450878302,-14.6001362415548,8.07020360957905,29.260065182069,30.6430525972162,1.38298741514728,6.41403810630189,44.5461241645062,43.3168405595752,-1.22928360493103,6.45719098222304,15.2860589824373,12.673787962359,-2.61227102007831,6.8146935633824
hisei_h,ITA,36,446.29462338229,456.623003397564,10.3283800152746,5.7695807968418,468.795682424849,478.651474838466,9.8557924136166,5.56046500267614,493.859490029765,504.904473967887,11.044983938122,5.83047368452358,514.582414351127,522.833700401915,8.25128605078749,6.31253219199342,22.5010590425596,22.0284714409016,-0.472587601658006,5.38913991703614,47.5648666474755,48.2814705703229,0.716603922847355,5.91956828830202,68.2877909688376,66.2106970043504,-2.07709396448712,6.62861863714571,25.0638076049159,26.2529991294213,1.18919152450536,5.25786924409411,45.7867319262779,44.1822255634488,-1.60450636282911,5.90664716208692,20.722924321362,17.9292264340276,-2.79369788733447,4.81308431484001
hisei_h,JPN,36,525.286421312682,514.708146060975,-10.5782752517071,7.09279047651347,556.692940564886,549.470123240302,-7.22281732458396,6.3025832451443,547.37181015938,544.758495523025,-2.61331463635554,6.55296822170622,573.136263856333,571.285917985315,-1.85034587101791,6.76013545158568,31.4065192522046,34.7619771793277,3.3554579271231,6.79143446687433,22.0853888466984,30.0503494620499,7.96496061535152,7.04658414816498,47.8498425436515,56.5777719243406,8.72792938068915,8.03341012719368,-9.32113040550621,-4.71162771727779,4.60950268822842,5.92860095206741,16.4433232914469,21.8157947450129,5.37247145356605,6.39559760244243,25.7644536969531,26.5274224622907,0.762968765337632,6.03018511283261
hisei_h,KOR,36,508.5024094137,505.64594387766,-2.85646553603988,7.06407066679089,531.914688836467,534.693984102735,2.77929526626747,6.29758114363664,528.400849266038,545.83270594128,17.431856675242,6.67021233942628,558.736619767737,562.670538847997,3.93391908026024,6.59164303288628,23.412279422767,29.0480402250744,5.63576080230735,6.3393163943997,19.8984398523374,40.1867620636193,20.2883222112819,6.1521473492914,50.2342103540369,57.024594970337,6.79038461630012,7.28443780313174,-3.51383957042958,11.1387218385449,14.6525614089745,5.68549877053763,26.8219309312699,27.9765547452627,1.15462381399277,6.41074058248389,30.3357705016995,16.8378329067177,-13.4979375949818,6.23353949156884
hisei_h,LTU,36,456.612400100549,465.227981097657,8.61558099710743,5.94948500965734,484.015876986819,504.029340816107,20.0134638292879,5.51012098508995,506.139541598081,519.316701935351,13.1771603372702,5.64456755878822,526.405964636772,529.837348666064,3.43138402929174,6.42062711625532,27.4034768862698,38.8013597184503,11.3978828321805,6.0451593732557,49.5271414975312,54.0887208376939,4.56157934016272,6.48162283699975,69.7935645362229,64.6093675684072,-5.18419696781569,6.57257629758677,22.1236646112614,15.2873611192436,-6.83630349201775,5.93078781521272,42.3900876499531,25.8080078499569,-16.5820797999962,6.23348543598952,20.2664230386918,10.5206467307133,-9.74577630797842,5.89441502935118
hisei_h,LVA,36,469.725367532279,452.450495340955,-17.2748721913239,5.53685050739603,485.090869417276,486.625627649284,1.53475823200796,5.1849699476846,514.845469601089,504.834045310824,-10.0114242902647,5.29544562294472,528.426462269804,499.179940026998,-29.2465222428057,5.35980375602575,15.3655018849966,34.1751323083285,18.8096304233319,5.09094568568711,45.1201020688096,52.3835499698689,7.26344790105924,5.34280369536556,58.7010947375242,46.7294446860424,-11.9716500514817,6.07876471075943,29.754600183813,18.2084176615404,-11.5461825222727,5.1662076392755,43.3355928525276,12.5543123777139,-30.7812804748136,5.35905711490687,13.5809926687145,-5.65410528382643,-19.235097952541,5.69861036153729
hisei_h,MEX,36,387.552419853613,389.971629137654,2.41920928404079,4.94805230942413,400.870318513479,409.276086205709,8.40576769222997,4.80677767045989,421.209313926007,430.532151948861,9.32283802285406,5.01898252418045,436.384803697509,445.562541719746,9.1777380222365,5.87737945589609,13.317898659866,19.3044570680552,5.98655840818918,4.47213456409326,33.6568940723935,40.5605228112067,6.90362873881327,4.78571516572865,48.832383843896,55.5909125820917,6.75852873819571,5.57162142064108,20.3389954125274,21.2560657431515,0.917070330624085,4.13549464045503,35.5144851840299,36.2864555140365,0.771970330006525,5.13918903713458,15.1754897715025,15.0303897708849,-0.14510000061756,4.77799352777005
hisei_h,NLD,36,447.54374756203,452.79406405832,5.25031649629028,7.44580207771066,491.020792940971,489.552944905682,-1.46784803528919,6.27542336362648,520.000362098958,520.918939131252,0.918577032293683,6.57083449399738,543.116800871808,540.534077972614,-2.5827228991941,6.39848084432001,43.4770453789409,36.7588808473614,-6.71816453157948,6.53270230755221,72.4566145369279,68.1248750729313,-4.3317394639966,8.32281602469617,95.5730533097781,87.7400139142937,-7.83303939548438,8.30945567218666,28.979569157987,31.3659942255699,2.38642506758288,6.64956368586454,52.0960079308372,50.9811330669323,-1.1148748639049,7.05744285360053,23.1164387728502,19.6151388413624,-3.50129993148778,6.0753434375743
hisei_h,NOR,36,450.038201878773,438.05080660982,-11.9873952689524,5.42929885674546,482.749406509144,482.037255631474,-0.712150877670695,5.36167669796138,501.005851468724,489.148949008534,-11.8569024601898,5.35922871801386,513.511051781776,517.717633034151,4.2065812523756,6.01919022784151,32.7112046303717,43.9864490216534,11.2752443912817,6.11298794661901,50.967649589951,51.0981423987136,0.130492808762597,5.75780114570385,63.4728499030031,79.6668264243311,16.193976521328,6.12754016171399,18.2564449595793,7.11169337706025,-11.1447515825191,5.55251513730847,30.7616452726314,35.6803774026777,4.91873213004629,6.22068072977636,12.5052003130521,28.5686840256175,16.0634837125654,5.76253990394048
hisei_h,NZL,36,466.293656524825,481.657118981225,15.3634624564006,6.1098500539289,510.262002707561,518.579095203212,8.31709249565171,6.15257676650864,532.658616093864,545.585188253915,12.9265721600513,5.77984551124033,546.860235904706,558.21362160731,11.3533857026039,5.90908243484418,43.968346182736,36.9219762219871,-7.04636996074891,7.14830379799962,66.3649595690394,63.92806927269,-2.43689029634936,6.51064283602486,80.5665793798815,76.5565026260848,-4.01007675379674,7.22146659644306,22.3966133863034,27.0060930507029,4.60947966439954,7.10421885296137,36.5982331971455,39.6345264040976,3.03629320695217,6.58411199765121,14.2016198108421,12.6284333533947,-1.57318645744738,7.13390274376427
hisei_h,POL,36,472.294550584661,473.742267668764,1.44771708410337,5.7391104431419,490.575227842543,491.454444097034,0.87921625449178,5.44531254314999,521.494725630133,530.448319780679,8.95359415054656,5.5177236134227,541.387075133283,541.414434113758,0.0273589804751282,6.05314504829312,18.2806772578819,17.7121764282703,-0.568500829611594,5.54610520768406,49.2001750454721,56.7060521119153,7.50587706644319,6.11122781341538,69.0925245486226,67.6721664449944,-1.42035810362825,7.08286467517394,30.9194977875902,38.993875683645,8.07437789605478,5.30806742018104,50.8118472907407,49.9599900167241,-0.851857274016652,6.01379775860818,19.8923495031505,10.9661143330791,-8.92623517007144,5.66064939037637
hisei_h,PRT,36,450.216245111016,451.383454440156,1.16720932913961,6.28937557731306,473.384024454742,476.791157041621,3.40713258687941,5.91611962075465,502.073386523844,504.35863354709,2.28524702324529,5.46004554876936,528.490080181066,533.757206239705,5.26712605863895,6.16332623851032,23.167779343726,25.4077026014658,2.2399232577398,5.87028291843471,51.8571414128283,52.975179106934,1.11803769410568,6.1722502128758,78.2738350700502,82.3737517995495,4.09991672949934,6.88754519051803,28.6893620691023,27.5674765054682,-1.12188556363412,5.08927092435958,55.1060557263241,56.9660491980837,1.85999347175954,6.1064329843577,26.4166936572219,29.3985726926155,2.98187903539366,5.48048444149587
hisei_h,SVK,36,400.671032638445,433.501690880409,32.8306582419634,6.71273478217175,460.704790118107,473.031691087202,12.3269009690955,5.99869332621925,487.967072744669,504.667899854095,16.7008271094259,5.5711813120889,524.877399196794,535.927867670869,11.0504684740749,6.63413428038724,60.0337574796615,39.5300002067936,-20.5037572728679,6.89749502249887,87.2960401062236,71.1662089736861,-16.1298311325375,7.19595327590083,124.206366558348,102.42617679046,-21.7801897678885,8.4265609171729,27.2622826265621,31.6362087668925,4.37392614033041,6.74452614648227,64.172609078687,62.8961765836664,-1.27643249502057,7.55805404723603,36.9103264521249,31.2599678167739,-5.65035863535098,6.46155611293391
hisei_h,SVN,36,458.12562149173,450.933853967706,-7.19176752402359,5.44551602692242,495.312346527855,485.355281180571,-9.95706534728373,5.42692394817527,523.945571208943,515.911771214106,-8.03379999483684,5.33020606048954,537.81770552503,535.513079566898,-2.30462595813185,5.39973142459608,37.1867250361254,34.4214272128652,-2.76529782326014,6.25025013907766,65.8199497172137,64.9779172464005,-0.842032470813251,6.17409686399359,79.6920840333005,84.5792255991922,4.88714156589174,6.36053430697133,28.6332246810883,30.5564900335352,1.92326535244689,6.42046778736514,42.5053589971751,50.157798386327,7.65243938915188,6.57119640502049,13.8721343160868,19.6013083527918,5.72917403670499,5.9513259486305
hisei_h,SWE,36,455.749695912646,447.768313383351,-7.98138252929465,5.56847856158709,496.249135035982,493.910240463242,-2.33889457273926,5.54891361262356,525.782731641756,518.612588481391,-7.17014316036421,5.72510549368223,532.331433870537,536.745750656929,4.41431678639208,6.07592131159626,40.4994391233356,46.1419270798909,5.64248795655539,5.6035224659967,70.0330357291097,70.8442750980402,0.811239368930444,6.15410948521826,76.5817379578911,88.9774372735778,12.3956993156867,6.67198794868048,29.5335966057742,24.7023480181492,-4.83124858762494,6.03198743833207,36.0822988345556,42.8355101936869,6.75321135913134,6.15688617705314,6.54870222878139,18.1331621755377,11.5844599467563,5.60473216292814
hisei_h,TUR,36,447.762757348763,474.639166543744,26.8764091949805,5.19844943510658,462.87654173304,482.903068843581,20.0265271105403,5.19404982759957,480.661000117327,504.694467280801,24.0334671634735,5.30271960256192,516.559143017158,543.098223082413,26.5390800652555,5.6177570577631,15.1137843842772,8.26390229983701,-6.8498820844402,4.68319164684019,32.898242768564,30.055300737057,-2.84294203150699,4.85578262994588,68.7963856683948,68.4590565386697,-0.337329129725049,5.83622025650917,17.7844583842868,21.79139843722,4.0069400529332,4.99612003008263,53.6826012841175,60.1951542388327,6.51255295471515,5.58097994772343,35.8981428998308,38.4037558016127,2.50561290178194,5.90174590674827
hisei_h,USA,36,460.40978037165,458.528007084641,-1.88177328700897,8.89434588908559,495.336356870476,490.8522663365,-4.48409053397592,7.78080585608302,513.726057452882,525.430941917172,11.7048844642898,14.0026107876707,552.69293634603,561.808874344814,9.11593799878415,12.1932485843614,34.926576498826,32.3242592518591,-2.60231724696695,9.62846272159214,53.3162770812322,66.902934832531,13.5866577512987,16.0432993857931,92.2831559743802,103.280867260173,10.9977112857931,13.5213779989482,18.3897005824062,34.5786755806719,16.1889749982657,14.3887589871189,57.3565794755542,70.9566080083142,13.6000285327601,12.328321189569,38.966878893148,36.3779324276424,-2.58894646550561,10.2687930701845
hisei_h,OECD,36,452.813902005715,455.117716106562,2.30381410084675,3.22682109765844,484.010650585523,487.832195498947,3.82154491342334,3.21310428514224,506.006637222545,510.858544467648,4.85190724510306,3.23288849182412,529.946855843055,531.213611955762,1.26675611270775,3.24685465399681,31.1967485798085,32.7144793923851,1.51773081257659,0.984685645527392,53.1927352168297,55.740828361086,2.54809314425631,1.08764720096951,77.1329538373398,76.0958958492008,-1.037057988139,1.16726933505636,21.9959866370212,23.0263489687009,1.03036233167973,1.01115427896606,45.9362052575313,43.3814164568157,-2.55478880071559,1.05833582521639,23.9402186205101,20.3550674881148,-3.58515113239531,0.984466820245789
hisei_h,OECD35,35,452.677100944963,455.277538893512,2.6004379485488,3.23162171805732,484.168946891859,488.163388757601,3.9944418657422,3.21758122711616,506.184467924072,511.161049000282,4.97658107620998,3.23861547299256,530.201225774864,531.680894520747,1.47966874588315,3.25299950220235,31.4918459468955,32.8858498640889,1.3940039171934,1.00697892347883,53.507366979109,55.8835101067702,2.37614312766118,1.11377037544859,77.5241248299012,76.4033556272356,-1.12076920266566,1.19506500509579,22.0155210322135,22.9976602426813,0.982139210467778,1.03552759338078,46.0322788830057,43.5175057631466,-2.51477311985906,1.08351258990255,24.0167578507922,20.5198455204654,-3.49691233032684,1.0084280610339
pared_h,AUS,36,472.421159638567,476.836445142914,4.41528550434759,4.95457255917013,509.215277440099,515.496125755631,6.28084831553161,4.79921183634166,528.594601818498,539.955195782865,11.3605939643664,5.40394632165922,526.474892919893,534.324161776677,7.84926885678397,5.10037076928726,36.7941178015327,38.6596806127167,1.86556281118402,4.79177385686269,56.1734421799316,63.1187506399505,6.94530846001885,5.36541405421693,54.0537332813265,57.4877166337628,3.43398335243637,5.41422513788804,19.379324378399,24.4590700272338,5.07974564883483,5.08184684524005,17.2596154797938,18.8280360210462,1.56842054125235,4.84436532140695,-2.11970889860515,-5.63103400618763,-3.51132510758248,4.93809524556896
pared_h,AUT,36,458.670616055835,472.394514283691,13.7238982278564,6.05892437451757,488.490007434061,491.853895314194,3.36388788013335,5.72028651151821,509.936245131281,517.077393127999,7.14114799671768,5.59767099936945,524.444054787704,538.07052253686,13.626467749156,6.01940931710523,29.8193913782255,19.4593810305025,-10.360010347723,5.97604878835334,51.2656290754461,44.6828788443074,-6.58275023113868,6.09202281084537,65.7734387318686,65.6760082531682,-0.097430478700403,6.52870731105575,21.4462376972205,25.2234978138048,3.77726011658433,5.39811038462828,35.954047353643,46.2166272226656,10.2625798690226,5.21030519899434,14.5078096564225,20.9931294088608,6.48531975243827,5.32698013846264
pared_h,BEL,36,457.204036766224,462.981303615611,5.77726684938699,5.87737258087735,501.127997465914,507.991945377458,6.86394791154413,5.85259098852365,509.280422504112,528.919100760327,19.6386782562145,5.27062416007329,509.828050284692,524.050111923747,14.2220616390547,5.75320103464375,43.9239606996895,45.0106417618467,1.08668106215714,5.81030235759283,52.0763857378884,65.9377971447158,13.8614114068275,5.62395128711949,52.6240135184684,61.0688083081361,8.4447947896677,6.02826252060266,8.15242503819883,20.9271553828692,12.7747303446703,5.25399869355018,8.70005281877883,16.0581665462894,7.35811372751056,5.62091948392641,0.547627780580001,-4.86898883657977,-5.41661661715978,5.04896777904741
pared_h,CAN,36,490.904678746413,487.924326761038,-2.98035198537514,4.54196823006304,515.383913439119,515.930161007095,0.546247567976138,4.7002062136908,531.192198893976,540.594882973345,9.40268407936867,4.93507058605251,530.101876467385,536.463834302118,6.36195783473363,4.88792508509117,24.479234692706,28.0058342460573,3.52659955335128,4.08737660521263,40.287520147563,52.6705562123068,12.3830360647438,4.64818574164484,39.1971977209718,48.5395075410805,9.34230982010877,4.53886444420272,15.808285454857,24.6647219662495,8.85643651139253,4.15160461579538,14.7179630282658,20.5336732950233,5.81571026675749,4.06733403755716,-1.09032242659123,-4.13104867122627,-3.04072624463504,4.15349239006966
pared_h,CHE,36,475.426278652877,472.266600339162,-3.1596783137154,6.19527558023938,498.29193271394,506.306843388668,8.01491067472807,5.3782524695489,528.053485350954,535.984406482209,7.93092113125545,5.75356251018023,525.55763366588,539.246250472409,13.688616806529,5.48060465475295,22.865654061062,34.0402430495055,11.1745889884435,5.99387472456202,52.6272066980762,63.7178061430471,11.0905994449708,6.16441762300857,50.1313550130026,66.9796501332471,16.8482951202444,6.40966570999682,29.7615526370142,29.6775630935416,-0.0839895434726259,5.58846303053188,27.2657009519406,32.9394070837416,5.67370613180094,5.41541414843357,-2.4958516850736,3.26184399019996,5.75769567527357,5.18312481404094
pared_h,CHL,36,416.756320313874,419.53109051214,2.7747701982654,5.80312587577244,445.450520303144,438.680118212696,-6.77040209044748,5.58656581184221,463.105968828633,464.956949127591,1.85098029895835,5.59867461147106,461.347276556062,470.130972734855,8.78369617879287,5.70729973633997,28.6941999892695,19.1490277005566,-9.54517228871288,5.34512148984321,46.3496485147588,45.4258586154518,-0.923789899307053,5.98345007929664,44.5909562421878,50.5998822227153,6.00892598052747,6.12107388510283,17.6554485254894,26.2768309148952,8.62138238940582,5.68282017127698,15.8967562529184,31.4508545221587,15.5540982692403,5.46797174730049,-1.75869227257101,5.17402360726351,6.93271587983452,5.07002635447662
pared_h,COL,36,387.159999732043,381.64617305403,-5.51382667801278,5.39810615675034,398.666894981077,414.236894245152,15.5699992640748,5.65893922485677,433.103639083552,437.390038672653,4.28639958910026,6.58096907411114,433.370299737583,451.824794967056,18.4544952294734,8.50635612980166,11.5068952490339,32.5907211911215,21.0838259420876,5.16417421748985,45.9436393515092,55.7438656186222,9.80022626711303,6.27806720386658,46.2103000055395,70.1786219130257,23.9683219074861,8.41978217570773,34.4367441024753,23.1531444275008,-11.2835996749745,5.21110550421796,34.7034047565056,37.5879007219042,2.88449596539857,7.74564938975976,0.266660654030318,14.4347562944034,14.1680956403731,6.03549869583246
pared_h,CZE,36,471.414418120699,462.254912762329,-9.15950535836993,5.70319969576707,480.669324216296,478.111607816523,-2.55771639977286,5.43054602321907,509.830540335305,512.166115380857,2.33557504555154,5.57607389117726,532.879986681827,525.328828958987,-7.55115772284057,5.85818356267286,9.25490609559677,15.8566950541938,6.60178895859707,4.9198746275503,38.4161222146059,49.9112026185274,11.4950804039215,5.85727560786912,61.4655685611282,63.0739161966575,1.60834763552936,6.34827416240371,29.1612161190092,34.0545075643336,4.89329144532439,5.51709984964022,52.2106624655314,47.2172211424637,-4.99344132306771,5.4666055255046,23.0494463465222,13.1627135781301,-9.88673276839211,4.97384389095166
pared_h,DEU,36,468.04326921612,448.034957843671,-20.0083113724481,6.06338263956461,496.826824042461,508.807124226698,11.9803001842371,6.37200212021563,519.260925613104,520.135378173823,0.874452560718737,6.70917576053849,522.425243696228,541.156297571671,18.7310538754433,7.41797411861689,28.7835548263418,60.7721663830271,31.9886115566853,6.09335101502478,51.2176563969849,72.1004203301518,20.8827639331669,6.6126632412186,54.3819744801085,93.121339728,38.7393652478914,7.45484620149422,22.4341015706431,11.3282539471247,-11.1058476235184,6.26679269133247,25.5984196537667,32.3491733449729,6.75075369120617,7.11199249157429,3.16431808312359,21.0209193978482,17.8566013147246,6.5636623947454
pared_h,DNK,36,475.582762492652,451.198874339611,-24.383888153041,5.867414677905,502.569613950105,488.487513165953,-14.082100784152,6.14139243184485,506.489477987087,503.27302331546,-3.21645467162756,6.23635629949575,498.103804865157,504.923924521431,6.82011965627441,6.17912315560589,26.986851457453,37.288638826342,10.301787368889,6.83394162856806,30.9067154944352,52.0741489758486,21.1674334814135,6.75829067200761,22.5210423725044,53.7250501818199,31.2040078093154,7.03803220158528,3.91986403698212,14.7855101495066,10.8656461125245,5.90158705602664,-4.4658090849486,16.4364113554778,20.9022204404265,6.53530395633999,-8.38567312193072,1.65090120597125,10.036574327902,6.61062147612779
pared_h,ESP,36,460.070848029617,447.094768342522,-12.9760796870942,4.44658724028175,493.064409253544,480.180730563658,-12.8836786898864,4.32805690485571,494.908517545873,500.908460648228,5.99994310235422,4.52706025360345,495.060377745915,502.138503509002,7.07812576308726,4.37084013786728,32.9935612239275,33.0859622211353,0.0924009972077897,3.47735270237777,34.8376695162567,53.8136923057051,18.9760227894484,4.07999504076694,34.9895297162986,55.04373516648,20.0542054501814,3.72734148822044,1.84410829232922,20.7277300845698,18.8836217922406,3.55328750363339,1.99596849237111,21.9577729453447,19.9618044529736,3.4207630065296,0.151860200041881,1.23004286077492,1.07818266073303,3.23558201785038
pared_h,EST,36,508.424482838636,498.774263954882,-9.65021888375423,5.29641858208164,511.370689991902,519.302997414255,7.93230742235278,5.20180935086394,543.370680065567,549.493603310386,6.12292324481928,5.37883848331627,542.430894173007,551.179787747116,8.74889357410905,5.56695499207971,2.94620715326585,20.5287334593729,17.582526306107,5.01955741007311,34.9461972269304,50.7193393555039,15.7731421285735,5.46394982949697,34.0064113343706,52.4055237922339,18.3991124578633,5.79521466999611,31.9999900736646,30.190605896131,-1.8093841775335,5.19636812858521,31.0602041811047,31.876790332861,0.816586151756269,5.28227118566475,-0.939785892559826,1.68618443672995,2.62597032928977,5.00921118586575
pared_h,FIN,36,484.743408415113,471.072468380532,-13.6709400345808,5.64293682717675,522.478675269354,508.536955577118,-13.9417196922359,5.41479109847828,524.345470315027,532.877835459531,8.53236514450384,5.36607475467184,521.252157583158,535.28413008042,14.0319724972619,5.49234222553981,37.7352668542409,37.4644871965858,-0.270779657655055,5.67467838802698,39.602061899914,61.8053670789987,22.2033051790847,5.6050583987305,36.5087491680451,64.2116616998879,27.7029125318427,5.71192174093035,1.86679504567314,24.3408798824129,22.4740848367397,4.97080872530924,-1.22651768619573,26.7471745033021,27.9736921894978,5.17440099110369,-3.09331273186888,2.40629462088918,5.49960735275806,5.24233941337571
pared_h,FRA,36,450.754874800976,457.430494912775,6.67562011179962,5.7041941214559,493.208475896739,486.38819469402,-6.82028120271917,6.09208686625608,508.23776920425,515.458357125986,7.22058792173573,6.27785228244767,507.645392466495,524.555537644717,16.9101451782219,6.20285910428671,42.4536010957634,28.9576997812446,-13.4959013145188,5.47370340795799,57.4828944032744,58.0278622132105,0.544967809936111,6.07357259554026,56.8905176655195,67.1250427319417,10.2345250664223,5.94681243733296,15.0292933075111,29.070162431966,14.0408691244549,6.06547764833682,14.4369165697561,38.1673429506972,23.7304263809411,5.95458553746853,-0.592376737754989,9.09718051873119,9.68955725648618,5.44934372774119
pared_h,GBR,36,482.86879897259,492.256643931291,9.3878449587009,5.84890757204272,501.20614886427,518.576856935199,17.3707080709287,5.09017388948555,523.623010952122,542.118027590072,18.4950166379497,5.97634322379121,520.098925372138,545.345113768019,25.2461883958805,6.59938500923725,18.3373498916803,26.3202130039082,7.98286311222785,5.503127079292,40.7542119795323,49.8613836587811,9.10717167924878,6.05363352146357,37.2301263995485,53.0884698367281,15.8583434371796,7.44922843710594,22.4168620878519,23.5411706548729,1.12430856702093,5.76433817537479,18.8927765078682,26.7682568328199,7.87548032495175,6.34362396870485,-3.52408557998376,3.22708617794706,6.75117175793082,6.10883364357765
pared_h,GRC,36,414.708371993595,406.941868104477,-7.76650388911708,5.99799733416718,441.430698627693,425.961518968515,-15.4691796591786,5.95505457551181,453.323531317497,464.363977651673,11.0404463341757,6.0598235132981,456.564864196496,460.245965729076,3.68110153258004,5.80344541115771,26.7223266340987,19.0196508640372,-7.70267577006149,5.81474239892449,38.6151593239027,57.4221095471954,18.8069502232927,6.69320845047481,41.8564922029015,53.3040976245986,11.4476054216971,5.95373386098624,11.892832689804,38.4024586831582,26.5096259933542,5.40183713733044,15.1341655688028,34.2844467605614,19.1502811917586,4.9063426388862,3.24133287899878,-4.11801192259685,-7.35934480159563,5.09147084561853
pared_h,HUN,36,452.042916210405,447.87592288345,-4.16699332695526,5.84679338786252,483.818038217706,474.042753995064,-9.77528422264169,5.78959210461556,506.552009892113,508.215170278937,1.66316038682396,6.04104277717208,504.668243533548,508.511797973653,3.84355444010538,5.94625382106971,31.7751220073006,26.1668311116142,-5.60829089568642,5.90510945986916,54.5090936817081,60.3392473954874,5.83015371377923,6.61541716916416,52.6253273231427,60.6358750902033,8.01054776706064,6.23922356466371,22.7339716744075,34.1724162838731,11.4384446094656,5.86762855831857,20.850205315842,34.4690439785891,13.6188386627471,5.75289971211099,-1.88376635856548,0.296627694715937,2.18039405328142,5.30425001463071
pared_h,IRL,36,478.816117686945,467.284714614668,-11.5314030722774,5.19947813492963,507.691610170789,513.327506603656,5.63589643286684,5.16943121009288,515.355853045582,518.920658565731,3.56480552014921,5.25784710719232,517.735461349628,520.129567876436,2.39410652680817,5.32895876563642,28.8754924838435,46.0427919889878,17.1672995051443,5.06601112087226,36.5397353586369,51.6359439510636,15.0962085924267,5.1602264960173,38.9193436626822,52.8448532617678,13.9255095990856,4.93837747708653,7.66424287479345,5.59315196207581,-2.07109091271764,5.28560870619379,10.0438511788387,6.80206127278007,-3.24178990605867,5.10807002667202,2.37960830404529,1.20890931070426,-1.17069899334103,5.08452582805833
pared_h,ISL,36,416.028219656955,424.579122619046,8.5509029620905,5.92531824543071,455.229522624429,453.556767356623,-1.672755267806,6.1039973468017,458.609773205389,476.933780385376,18.3240071799868,5.84292298816411,462.169228134903,466.725246730937,4.55601859603416,6.00111684990554,39.2013029674737,28.9776447375772,-10.2236582298965,7.42740689165557,42.5815535484342,52.3546577663304,9.77310421789628,7.65211136826213,46.1410084779476,42.1461241118913,-3.99488436605634,7.17719421641818,3.38025058096042,23.3770130287532,19.9967624477928,6.90912214224092,6.93970551047386,13.168479374314,6.22877386384016,7.42128780701463,3.55945492951344,-10.2085336544392,-13.7679885839526,7.13705191310375
pared_h,ISR,36,423.800297602233,420.986832250983,-2.81346535124959,6.47370585533284,472.173409872741,467.205230535707,-4.96817933703443,6.39643425499549,486.310256513166,488.062043230626,1.75178671745971,6.93104621788944,488.544537968294,480.956530648794,-7.5880073194997,6.86156784147414,48.3731122705083,46.2183982847234,-2.15471398578484,6.59920574062889,62.5099589109336,67.0752109796429,4.5652520687093,7.05177205412776,64.7442403660614,59.9696983978113,-4.77454196825011,6.38674848662996,14.1368466404253,20.8568126949195,6.71996605449414,6.02441636162032,16.3711280955532,13.7513001130879,-2.61982798246527,6.21673625944305,2.23428145512781,-7.10551258183159,-9.3397940369594,6.37688504932317
pared_h,ITA,36,454.533985134708,458.88586656535,4.35188143064227,5.89581752126261,477.620749109014,481.274654809677,3.65390570066273,5.40265922915191,490.304722576173,494.821767814236,4.51704523806336,6.03553471177825,490.983048165093,512.53598705234,21.5529388872473,6.41741461341309,23.0867639743059,22.3887882443264,-0.697975729979532,5.06746535456006,35.7707374414648,35.9359012488859,0.165163807421095,6.35066856080908,36.4490630303845,53.6501204869895,17.201057456605,6.4866833905939,12.6839734671589,13.5471130045595,0.863139537400627,5.05512309940526,13.3622990560786,31.2613322426631,17.8990331865845,5.62993756085328,0.678325588919734,17.7142192381036,17.0358936491839,4.76121588766696
pared_h,JPN,36,517.366022772314,503.606275318392,-13.7597474539216,7.26063941872356,544.211021632561,534.642722090992,-9.56829954156922,6.48112855694713,565.97407749538,564.426910064731,-1.5471674306491,6.95711585467754,562.239738820499,564.077163414021,1.83742459352152,6.37248385833538,26.8449988602472,31.0364467725996,4.19144791235237,6.59735329992204,48.6080547230664,60.8206347463389,12.2125800232725,8.02580825296989,44.8737160481857,60.4708880956288,15.5971720474431,7.62375400470276,21.7630558628192,29.7841879737393,8.02113211092012,6.12787766198089,18.0287171879385,29.4344413230292,11.4057241350907,5.98457585452621,-3.73433867488075,-0.349746650710131,3.38459202417062,5.96397955778687
pared_h,KOR,36,508.183099049288,494.618791666561,-13.5643073827266,7.04883663093042,510.860901381058,539.349862616756,28.4889612356982,7.09868711345989,550.656027931571,544.804056089204,-5.85197184236665,7.71441960490407,545.197764759995,544.743899521275,-0.453865238720482,6.45924654569036,2.67780233177035,44.7310709501951,42.0532686184248,7.79598709371225,42.4729288822832,50.1852644226431,7.71233554035996,7.67538188028622,37.0146657107073,50.1251078547135,13.1104421440061,8.03660054958251,39.7951265505128,5.45419347244797,-34.3409330780648,7.63281577948875,34.336863378937,5.39403690451832,-28.9428264744187,6.50795595722168,-5.45826317157582,-0.0601565679296527,5.39810660364617,6.92846774219023
pared_h,LTU,36,458.807862769011,467.385605585224,8.57774281621391,5.20032478701664,485.188436711416,495.712597880891,10.5241611694748,5.1121784211191,497.422758488862,508.222404544187,10.7996460553246,5.30318177389015,503.031987989642,509.406362600425,6.37437461078258,5.36966730910002,26.3805739424055,28.3269922956664,1.94641835326087,5.24663401369931,38.6148957198519,40.8367989589626,2.2219032391107,5.55629709792188,44.2241252206318,42.0207570152004,-2.20336820543133,5.49064820999011,12.2343217774463,12.5098066632962,0.275484885849835,5.08534501771393,17.8435512782262,13.693764719534,-4.1497865586922,4.94562533591031,5.60922950077992,1.18395805623788,-4.42527144454203,4.40602795379135
pared_h,LVA,36,472.590847483451,459.060645100902,-13.5302023825489,5.74758440593507,480.035778366277,462.728451621647,-17.30732674463,5.81890067251937,511.093757263744,499.923606851247,-11.1701504124974,5.60427783599354,515.822212010531,502.352716148319,-13.4694958622122,5.78299498886021,7.44493088282655,3.6678065207455,-3.77712436208105,5.74277280043572,38.5029097802935,40.862961750345,2.36005197005153,6.4018238755061,43.2313645270804,43.292071047417,0.0607065203366801,6.30114524404352,31.0579788974669,37.1951552295995,6.13717633213258,5.97071633270042,35.7864336442538,39.6242645266715,3.83783088241773,6.34373337726951,4.7284547467869,2.42910929707205,-2.29934544971485,6.1268661771526
pared_h,MEX,36,384.201097055046,387.038032764999,2.83693570995285,4.75566533967846,404.887003353308,410.583133554137,5.69613020082852,5.14601257191624,417.15764407972,425.165271030651,8.00762695093164,5.58903391453821,433.580451539967,444.673294759351,11.092843219384,6.12620305547492,20.6859062982623,23.545100789138,2.85919449087567,4.55833287016689,32.9565470246736,38.1272382656524,5.17069124097878,5.41442351530933,49.3793544849214,57.6352619943526,8.25590750943115,5.88834410887895,12.2706407264113,14.5821374765144,2.31149675010312,5.28653612466308,28.6934481866591,34.0901612052146,5.39671301855549,6.08137269368483,16.4228074602478,19.5080237287002,3.08521626845237,5.2866669704489
pared_h,NLD,36,468.12778936835,453.5398555452,-14.5879338231504,7.47219495169608,501.466333366984,479.479826385048,-21.9865069819364,6.80758741015968,501.537757298603,522.241373811864,20.7036165132614,6.35916556256392,500.833077570761,525.34678277981,24.5137052090485,7.20666753424379,33.3385439986335,25.9399708398475,-7.39857315878601,7.30029164078835,33.4099679302525,68.7015182666643,35.2915503364118,7.8965675717852,32.705288202411,71.8069272346098,39.1016390321988,6.99762775086185,0.0714239316189946,42.7615474268168,42.6901234951978,6.20977992364448,-0.6332557962225,45.8669563947623,46.5002121909848,7.2564799263915,-0.704679727841494,3.10540896794555,3.81008869578704,6.442441718651
pared_h,NOR,36,452.055786368198,438.969157348809,-13.0866290193891,5.49991343310678,489.410439674783,484.154691050378,-5.25574862440453,5.72068277391614,495.748329131975,498.576274064499,2.82794493252368,5.87614264185581,492.467131441657,498.954378067788,6.48724662613165,5.87001564661009,37.3546533065851,45.1855337015697,7.8308803949846,6.21523228176804,43.6925427637773,59.6071167156901,15.9145739519128,6.45054856182044,40.411345073459,59.9852207189798,19.5738756455208,6.50848919428607,6.33788945719221,14.4215830141204,8.08369355692821,6.01343725956285,3.05669176687388,14.7996870174101,11.7429952505362,6.13700099630153,-3.28119769031832,0.37810400328965,3.65930169360797,6.02280186418185
pared_h,NZL,36,475.399418959781,488.331867099826,12.9324481400449,5.75686094444905,512.568686389623,524.316197033148,11.7475106435252,6.04777294735959,527.582394709236,547.379454822151,19.7970601129157,6.7002958696568,537.140866066833,543.995257324017,6.85439125718426,6.47071752730845,37.1692674298422,35.9843299333225,-1.18493749651969,6.38183471752099,52.1829757494549,59.0475877223257,6.86461197287082,7.00237878506016,61.7414471070522,55.6633902241916,-6.07805688286061,7.18956812397571,15.0137083196126,23.0632577890032,8.04954946939051,7.90860591511199,24.57217967721,19.6790602908691,-4.89311938634091,8.25946396865903,9.55847135759734,-3.38419749813409,-12.9426688557314,8.04509733829963
pared_h,POL,36,476.988674270133,467.443895307076,-9.5447789630565,5.71234485562462,480.371301813528,475.868251313116,-4.50305050041226,5.43245453681383,517.177477561038,531.588922360736,14.4114447996981,6.32490474218499,530.110296989613,527.152142426858,-2.95815456275557,5.83506550627405,3.3826275433957,8.42435600603994,5.04172846264424,5.01572625831711,40.1888032909058,64.1450270536603,23.9562237627546,6.70883920685569,53.1216227194806,59.7082471197815,6.58662440030093,6.42211126858019,36.8061757475101,55.7206710476204,18.9144953001103,6.16896829754069,49.7389951760849,51.2838911137416,1.54489593765669,5.69827992667439,12.9328194285748,-4.43677993387882,-17.3695993624536,5.63462173572017
pared_h,PRT,36,447.441484106458,443.850116185551,-3.59136792090726,6.01787951185488,488.012533976835,483.446624474759,-4.56590950207681,5.57970047284095,498.940657303098,506.981311830184,8.04065452708608,6.30471322653923,508.402870489981,517.633266418178,9.23039592819731,6.02720762043296,40.5710498703771,39.5965082892076,-0.974541581169547,5.54341733637411,51.4991731966395,63.1311956446328,11.6320224479933,5.76516669643171,60.9613863835227,73.7831502326272,12.8217638491046,5.79457270783104,10.9281233262623,23.5346873554252,12.6065640291629,6.20768070793683,20.3903365131455,34.1866419434197,13.7963054302741,5.80300679374092,9.46221318688322,10.6519545879945,1.18974140111123,5.92027960568402
pared_h,SVK,36,430.875532251289,439.422907651265,8.54737539997535,6.36914333849173,453.187861873123,463.956480404709,10.7686185315859,5.88845169034269,478.046848792062,506.93911812626,28.8922693341972,6.20151877520911,488.006500203664,514.092446782562,26.0859465788981,7.13295304393072,22.3123296218337,24.5335727534443,2.22124313161055,5.91346783638263,47.171316540773,67.5162104749948,20.3448939342218,7.10004708129603,57.1309679523741,74.6695391312969,17.5385711789227,8.17174105458543,24.8589869189393,42.9826377215505,18.1236508026113,6.7112294265072,34.8186383305404,50.1359663778526,15.3173280473122,7.38091631151242,9.95965141160116,7.15332865630205,-2.80632275529911,5.82925542829385
pared_h,SVN,36,474.298363397717,459.151569989707,-15.1467934080102,4.88053444065094,498.377922429769,484.059988679163,-14.3179337506061,5.4613314523874,515.504459217849,513.514332680761,-1.99012653708792,5.41719391548415,515.657828755859,511.680303444586,-3.97752531127281,4.97250939268145,24.0795590320524,24.9084186894565,0.828859657404109,5.93649176386498,41.2060958201321,54.3627626910545,13.1566668709223,6.02226970892146,41.3594653581418,52.5287334548792,11.1692680967374,5.18907124787802,17.1265367880798,29.454344001598,12.3278072135182,6.20166622187175,17.2799063260894,27.6203147654227,10.3404084393333,5.89966703958275,0.153369538009656,-1.83402923617524,-1.9873987741849,6.3932253410008
pared_h,SWE,36,464.241061917939,448.974013940162,-15.2670479777775,5.91625685791042,499.201425291407,500.590971711313,1.38954641990648,5.78277747866932,514.302358443433,519.926542137704,5.6241836942703,6.49811024759365,509.704980902544,517.881386651821,8.17640574927651,5.98629502374978,34.9603633734671,51.6169577711511,16.656594397684,6.10367523402848,50.0612965254939,70.9525281975417,20.8912316720478,6.57418170214204,45.4639189846048,68.9073727116588,23.443453727054,6.64245522864109,15.1009331520268,19.3355704263906,4.23463727436382,6.45536007559787,10.5035556111377,17.2904149405077,6.78685932937003,6.06277170870263,-4.59737754088911,-2.0451554858829,2.55222205500621,5.89965012119595
pared_h,TUR,36,461.45917818224,469.057139473275,7.59796129103484,5.12114442531073,467.108282752646,485.953992400211,18.845709647565,4.94204547433402,476.089433183565,495.964819300663,19.8753861170981,5.35675009426941,499.904954132924,542.286114858805,42.3811607258807,5.75384594707556,5.649104570406,16.8968529269362,11.2477483565302,4.27101314294802,14.6302550013247,26.9076798273879,12.2774248260632,5.34804241610511,38.4457759506834,73.2289753855292,34.7831994348458,6.22760175369499,8.98115043091872,10.0108269004518,1.02967646953306,4.34391483456471,32.7966713802774,56.3321224585931,23.5354510783156,5.82838696504581,23.8155209493587,46.3212955581413,22.5057746087826,5.57341998362903
pared_h,USA,36,471.555206901497,468.992174194094,-2.5630327074029,8.04587843395179,493.294199960987,505.497033866028,12.2028339050408,9.44702779739134,515.517876434324,532.934506900937,17.4166304666127,15.1598987844397,520.902744361074,523.176310508781,2.27356614770645,11.630248057355,21.7389930594906,36.5048596719342,14.7658666124437,9.95733608880895,43.9626695328274,63.942332706843,19.9796631740156,15.2158813202929,49.3475374595774,54.1841363146867,4.83659885510934,11.3904398282018,22.2236764733369,27.4374730349088,5.21379656157188,11.9856943062052,27.6085444000868,17.6792766427525,-9.92926775733434,10.5924814336053,5.38486792674996,-9.75819639215626,-15.1430643189062,11.1365770240896
pared_h,OECD,36,460.110202386939,456.047061455145,-4.06314093179373,3.22439755327877,486.226857301631,486.794367251274,0.567509949643238,3.2219783165374,503.515026597604,511.422640846491,7.90761424888763,3.25237461373644,506.519157121851,515.571658173137,9.0525010512859,3.24658442196859,26.1166549146919,30.7473057961289,4.63065088143696,0.984369129006811,43.4048242106651,55.3755793913465,11.9707551806814,1.11702620595919,46.4089547349123,59.5245967179919,13.1156419830796,1.1038846495164,17.2881692959732,24.6282735952176,7.34010429924439,1.00819904802924,20.2922998202204,28.777290921863,8.48499110164266,1.02764797177332,3.00413052424716,4.14901732664544,1.14488680239828,0.987101284349052
pared_h,OECD35,35,460.111326797148,456.302841258363,-3.80848553878514,3.22929701449957,486.031498674433,486.983328299491,0.951829625058281,3.22687295022763,503.760926856224,511.723045995013,7.96211913878858,3.25875329227785,506.846550818306,515.955462592112,9.10891177380586,3.25281362872974,25.9201718772853,30.6804870411287,4.76031516384342,1.00760757045175,43.6496000590767,55.4202047366504,11.7706046775737,1.14301229608526,46.7352240211583,59.6526213337493,12.917397312591,1.13041888404499,17.7294281817914,24.7397176955217,7.0102895137303,1.03202325682382,20.815052143873,28.9721342926206,8.15708214874758,1.05248107224024,3.08562396208157,4.23241659709885,1.14679263501728,1.01108677132472
homepos,AUS,36,458.457426606455,484.203138768863,25.7457121624088,5.24774883636166,500.030927982688,514.534396935328,14.5034689526392,4.90743100706516,526.627406339632,524.021657489093,-2.60574885053904,4.86888135662189,547.487638662165,521.230528942907,-26.257109719258,4.8725329551616,41.5735013762339,30.3312581664642,-11.2422432097696,4.98855082684251,68.1699797331775,39.8185187202296,-28.3514610129479,5.23932378297726,89.0302120557106,37.0273901740438,-52.0028218816668,5.353321679219,26.5964783569436,9.4872605537654,-17.1092178031782,4.5314431762326,47.4567106794767,6.69613200757954,-40.7605786718972,4.48595273019799,20.8602323225331,-2.79112854618586,-23.6513608687189,4.26515095595577
homepos,AUT,36,419.41867194287,451.737374907236,32.3187029643659,6.2493397256178,483.023528084932,496.532776278734,13.5092481938023,5.993414871749,520.787076251953,517.48878144443,-3.29829480752278,5.42606984540723,544.5708216263,523.644261431953,-20.9265601943468,5.41559535180667,63.6048561420616,44.7954013714981,-18.8094547705636,6.12428786545857,101.368404309083,65.7514065371948,-35.6169977718886,6.40506960531069,125.15214968343,71.9068865247177,-53.2452631587127,6.55829484979076,37.7635481670218,20.9560051656967,-16.8075430013251,5.43503491915246,61.5472935413687,27.1114851532196,-34.4358083881492,5.88685401549108,23.783745374347,6.15547998752288,-17.6282653868241,5.43323366637241
homepos,BEL,36,425.198716780677,445.654083856404,20.4553670757268,6.62404471969072,481.306566112229,486.783471411309,5.47690529908061,5.46897587442493,513.31043763542,512.036401505315,-1.27403613010472,5.2442599019721,542.000605533196,519.870042273642,-22.1305632595536,6.03987245115079,56.1078493315519,41.1293875549057,-14.9784617766462,5.85615153162316,88.1117208547427,66.3823176489112,-21.7294032058315,6.52844693743909,116.801888752519,74.2159584172384,-42.5859303352804,7.1652805148099,32.0038715231908,25.2529300940055,-6.75094142918533,5.51847915392189,60.6940394209669,33.0865708623327,-27.6074685586342,6.10696911939212,28.6901678977761,7.8336407683272,-20.8565271294489,5.4428794316067
homepos,CAN,36,480.13346624476,488.491823527363,8.35835728260264,4.89740657642625,510.906431610705,516.979273773064,6.07284216235973,4.7992291322758,528.368072044496,527.530419400392,-0.837652644103741,4.52318821874796,544.507689567193,516.442971389454,-28.064718177739,5.21666387326342,30.7729653659443,28.4874502457014,-2.28551512024291,4.37322456030461,48.2346057997356,39.0385958730292,-9.19600992670638,4.52207241794625,64.3742233224328,27.9511478620912,-36.4230754603416,5.2321603074291,17.4616404337913,10.5511456273279,-6.91049480646348,4.12874733593415,33.6012579564886,-0.536302383610178,-34.1375603400987,4.63166372150181,16.1396175226972,-11.087448010938,-27.2270655336353,4.16650311142741
homepos,CHE,36,440.897353396081,465.598537533133,24.701184137052,6.08669650864364,487.773181598456,501.214310379003,13.4411287805467,5.51097610805812,523.908509310377,523.494743277287,-0.413766033090042,5.62253030717632,557.735792494471,519.046874066739,-38.6889184277317,5.73502723019524,46.8758282023748,35.6157728458694,-11.2600553565053,6.29793353808369,83.0111559142955,57.8962057441535,-25.114950170142,6.47844222591396,116.838439098389,53.4483365336056,-63.3901025647837,6.72595644681841,36.1353277119208,22.2804328982841,-13.8548948136367,5.39034641297,69.9626108960145,17.8325636877362,-52.1300472082783,5.55286414074722,33.8272831840937,-4.44786921054788,-38.2751523946416,5.50054039807313
homepos,CHL,36,405.217339596997,414.529858830034,9.31251923303711,5.70658186764565,436.461482485772,438.2185910602,1.7571085744284,5.67686476525085,456.378083608932,450.33253579767,-6.04554781126188,5.95576290989137,484.393435444631,474.717937037012,-9.67549840761922,5.44436451198545,31.2441428887746,23.6887322301658,-7.55541065860871,5.31762979569101,51.160744011935,35.802676967636,-15.358067044299,6.05639017450995,79.176095847634,60.1880782069777,-18.9880176406563,5.94778206424413,19.9166011231604,12.1139447374701,-7.80265638569028,6.08709665592187,47.9319529588595,36.4993459768119,-11.4326069820476,5.34892460347109,28.0153518356991,24.3854012393417,-3.62995059635733,5.71154804405914
homepos,COL,36,369.24367143206,375.681442999725,6.43777156766493,5.38385416570217,393.796652208801,401.719991614099,7.92333940529795,5.34641702370044,422.48641355588,426.739504304667,4.25309074878732,6.47679210960118,465.473506386634,460.488652316096,-4.98485407053829,7.40342074748609,24.5529807767414,26.0385486143744,1.48556783763303,5.24029198914352,53.2427421238201,51.0580613049424,-2.18468081887761,7.00525582218676,96.2298349545745,84.8072093163713,-11.4226256382032,8.25157028597745,28.6897613470787,25.019512690568,-3.67024865651064,5.18080493688782,71.6768541778331,58.7686607019969,-12.9081934758362,7.05334316803886,42.9870928307544,33.7491480114288,-9.23794481932561,6.76375495131277
homepos,CZE,36,432.542091788979,454.571578105978,22.0294863169987,5.89114940819407,491.182170329461,491.525041396091,0.342871066629982,5.46996298576742,521.198049654392,503.741206298114,-17.4568433562781,5.69318548365778,544.725710751245,510.780703045862,-33.9450077053832,5.72081121959105,58.6400785404812,36.9534632901124,-21.6866152503687,5.19547286562261,88.6559578654124,49.1696281921356,-39.4863296732768,6.17228286572118,112.183618962266,56.2091249398839,-55.9744940223819,6.6240488113579,30.0158793249312,12.2161649020232,-17.799714422908,5.22041299449554,53.5435404217847,19.2556616497715,-34.2878787720132,5.3857563452962,23.5276610968534,7.03949674774827,-16.4881643491051,5.10326534781987
homepos,DEU,36,424.862842820758,428.241856435896,3.37901361513821,7.07760272985641,486.943395163097,482.96366247511,-3.97973268798671,6.35554673013813,520.239346345839,518.151960437235,-2.08738590860457,6.47461964022684,554.80305633479,536.961668372984,-17.8413879618057,6.17078815203904,62.0805523423393,54.7218060392144,-7.35874630312492,6.67356257179847,95.3765035250812,89.9101040013384,-5.46639952374278,7.33508571614437,129.940213514032,108.719811937088,-21.2204015769439,7.89097077650095,33.2959511827419,35.1882979621241,1.89234677938214,6.34654848561605,67.8596611716925,53.9980058978735,-13.861655273819,6.76465165797501,34.5637099889506,18.8097079357494,-15.7540020532011,5.89076820582297
homepos,DNK,36,452.568386101039,444.656641078937,-7.91174502210174,6.03311710877466,488.535829347101,483.31582538666,-5.2200039604412,5.7418062753466,513.455198204537,496.364810384497,-17.0903878200404,5.66742200952186,522.578305434745,490.143785719539,-32.4345197152057,6.3736667293103,35.9674432460623,38.6591843077229,2.69174106166054,6.04689905492291,60.8868121034981,51.7081693055594,-9.17864279793866,6.27607521328779,70.0099193337062,45.4871446406022,-24.522774693104,6.27744314732478,24.9193688574358,13.0489849978366,-11.8703838595992,6.29454191983041,34.0424760876439,6.82796033287934,-27.2145157547645,6.61412403003398,9.12310723020812,-6.22102466495721,-15.3441318951653,6.3368964392292
homepos,ESP,36,442.137393853954,451.868854630437,9.73146077648363,4.88381613537304,477.183063043073,479.469343080683,2.2862800376102,4.31451267161881,500.360457061122,488.960277906996,-11.4001791541262,4.3212907503162,520.918548283414,497.689870553325,-23.2286777300886,4.45785135207536,35.0456691891191,27.6004884502456,-7.44518073887343,4.09224121062518,58.2230632071684,37.0914232765586,-21.1316399306098,4.09531747540326,78.7811544294602,45.8210159228879,-32.9601385065723,4.65785686330823,23.1773940180494,9.49093482631298,-13.6864591917364,3.09233591318012,43.7354852403411,18.2205274726423,-25.5149577676988,3.55035572521338,20.5580912222918,8.72959264632931,-11.8284985759624,3.22953996793066
homepos,EST,36,483.794093362251,508.540424494078,24.7463311318273,5.12247174143468,522.280364572384,523.897803442299,1.61743886991439,5.22950663990927,542.836289607019,539.726786259052,-3.10950334796689,5.36738714231252,556.097375239958,539.270444946381,-16.826930293577,5.67991924977825,38.4862712101334,15.3573789482205,-23.1288922619129,4.62533947072643,59.0421962447678,31.1863617649735,-27.8558344797942,5.31237565265987,72.3032818777068,30.7300204523025,-41.5732614254043,5.78820083134792,20.5559250346344,15.8289828167531,-4.72694221788129,5.56603363045165,33.8170106675734,15.372641504082,-18.4443691634914,5.37918640039471,13.2610856329391,-0.456341312671043,-13.7174269456101,4.93434726497333
homepos,FIN,36,466.094629997509,489.960387217619,23.8657572201097,5.62066592573603,509.294515986717,511.560400230183,2.26588424346676,5.42007788565504,527.824897908669,515.03584957183,-12.7890483368392,5.68713145320095,543.343377118237,511.408752597477,-31.9346245207602,5.81284547257652,43.1998859892073,21.6000130125643,-21.599872976643,5.6449154513714,61.7302679111598,25.0754623542109,-36.6548055569489,5.10958165343261,77.2487471207275,21.4483653798575,-55.80038174087,5.45769334677001,18.5303819219525,3.4754493416466,-15.0549325803059,5.80144492322817,34.0488611315202,-0.151647632706784,-34.200508764227,5.20514671837122,15.5184792095677,-3.62709697435338,-19.145576183921,5.58622311631898
homepos,FRA,36,423.349784900406,442.32430479752,18.9745198971141,6.27615133082209,471.884966921519,478.598137186827,6.71317026530869,6.04110995690197,510.105741683929,504.622353522131,-5.48338816179728,6.13255734226649,544.028207919401,516.903202571576,-27.1250053478254,5.83810294295703,48.5351820211128,36.2738323893074,-12.2613496318054,5.79643882171724,86.7559567835225,62.2980487246111,-24.4579080589114,6.35376903289219,120.678423018995,74.5788977740558,-46.0995252449395,6.80407824845991,38.2207747624097,26.0242163353037,-12.196558427106,5.70143735664881,72.1432409978825,38.3050653847483,-33.8381756131341,5.81503470100996,33.9224662354728,12.2808490494446,-21.6416171860282,5.44937527792109
homepos,GBR,36,454.550049233334,483.388838407595,28.8387891742611,5.6994729128256,486.769497849484,508.580227338152,21.8107294886686,5.6008690265421,517.903198170311,522.434248560484,4.53105039017271,5.80165073803545,551.304399418481,539.650051764053,-11.6543476544281,6.33197165981805,32.2194486161495,25.191388930557,-7.0280596855925,5.9478808411427,63.3531489369772,39.0454101528887,-24.3077387840884,6.63824525574086,96.7543501851465,56.2612133564572,-40.4931368286892,7.25644808193104,31.1337003208277,13.8540212223318,-17.2796790984959,5.77203723290246,64.534901568997,31.0698244259003,-33.4650771430967,7.14319127655013,33.4012012481693,17.2158032035685,-16.1853980446008,6.26414408268641
homepos,GRC,36,397.828144526637,408.593846542845,10.7657020162083,5.78527853642008,435.40079275733,440.475451796085,5.07465903875516,5.74228973299571,458.865087730699,447.052135163938,-11.8129525667608,5.90672987850308,472.125949206844,445.987900852981,-26.1380483538628,6.63883790777485,37.5726482306931,31.88160525324,-5.69104297745315,5.39315797845923,61.0369432040613,38.4582886210923,-22.5786545829691,5.95150762089641,74.2978046802068,37.3940543101357,-36.9037503700711,6.49707894488713,23.4642949733682,6.5766833678523,-16.8876116055159,5.18559333322057,36.7251564495136,5.51244905689572,-31.2127073926179,6.08825573433154,13.2608614761454,-1.06423431095658,-14.325095787102,5.50565481800971
homepos,HUN,36,418.293716341591,433.423011468648,15.1292951270566,5.93200839411036,477.145774744114,479.850598210706,2.7048234665919,5.41330519481967,513.291257762735,497.076315796675,-16.2149419660602,5.70058966809146,536.607454962058,512.185375704366,-24.4220792576919,5.99576846807779,58.8520584025228,46.4275867420581,-12.4244716604647,5.53355504431294,94.997541421144,63.6533043280272,-31.3442370931168,6.71634437160186,118.313738620466,78.7623642357179,-39.5513743847484,7.10955081202099,36.1454830186212,17.2257175859691,-18.9197654326521,5.07754110902266,59.4616802179435,32.3347774936598,-27.1269027242838,5.63376822498027,23.3161971993223,15.1090599076907,-8.20713729163168,5.01660866400423
homepos,IRL,36,460.922022386109,468.538607534686,7.61658514857737,5.75317151291778,497.940216926141,501.022773234926,3.08255630878529,4.98209216247387,521.440343836626,512.221177627078,-9.21916620954801,5.064809972011,537.871171001943,519.213797833454,-18.657373168489,5.2166283686096,37.0181945400322,32.4841657002401,-4.53402883979209,5.32931595040911,60.5183214505172,43.6825700923918,-16.8357513581254,5.6818530253697,76.9491486158343,50.6751902987679,-26.2739583170664,6.07835475719585,23.500126910485,11.1984043921517,-12.3017225183333,4.96294168937689,39.9309540758021,18.1910245985277,-21.7399294772743,5.1488974817316,16.4308271653171,6.99262020637605,-9.43820695894101,4.94031898140699
homepos,ISL,36,410.987798721234,416.508266887318,5.52046816608379,5.64038825991846,442.580079355434,448.324006729549,5.74392737411449,5.95833400367287,459.241385649921,457.635445333056,-1.6059403168656,5.2031501923852,475.468579146304,451.335941666517,-24.1326374797867,6.22226417622077,31.5922806342001,31.8157398422308,0.223459208030704,7.24519080976899,48.2535869286871,41.1271784457377,-7.12640848294939,6.35461565383003,64.4807804250693,34.8276747791988,-29.6531056458705,6.73967321226635,16.661306294487,9.31143860350687,-7.34986769098009,6.20574611586372,32.8884997908692,3.01193493696803,-29.8765648539012,7.40936048148741,16.2271934963823,-6.29950366653884,-22.5266971629211,6.84003155284335
homepos,ISR,36,404.793069680469,412.345952805811,7.55288312534242,6.50514495746811,456.209669291469,453.054945568012,-3.15472372345761,6.43045643804648,489.130769686239,462.568324357878,-26.562445328361,6.66207662180693,514.748158834219,466.975736977347,-47.7724218568725,7.37434315347921,51.4165996110008,40.7089927622008,-10.7076068488,6.06659449558626,84.3377000057706,50.2223715520672,-34.1153284537034,6.58297212202632,109.95508915375,54.6297841715356,-55.3253049822149,7.79012540942186,32.9211003947698,9.51337878986647,-23.4077216049034,6.03175513102122,58.5384895427497,13.9207914093348,-44.6176981334149,7.04730363597579,25.6173891479799,4.40741261946835,-21.2099765285115,6.7871342844116
homepos,ITA,36,426.286273404424,443.335812205997,17.0495388015729,5.57607906634594,469.025020924946,480.224712702348,11.1996917774025,5.53996267687711,495.517804431949,501.014994262768,5.49718983081891,5.77301155262785,521.044393454778,509.272582748026,-11.7718107067524,6.3399435176161,42.7387475205214,36.888900496351,-5.8498470241704,5.28459983588713,69.231531027525,57.679182056771,-11.552348970754,5.54757766059501,94.7581200503535,65.9367705420282,-28.8213495083253,6.5861268164554,26.4927835070035,20.7902815604199,-5.7025019465836,5.37302151842539,52.0193725298321,29.0478700456772,-22.9715024841549,5.425526779747,25.5265890228285,8.25758848525726,-17.2690005375713,5.52003407479596
homepos,JPN,36,506.17986277016,513.343692421328,7.16382965116793,7.46563986289701,544.143507830853,543.290898949251,-0.852608881602123,5.81773730314253,560.503079705403,553.53435756725,-6.96872213815232,5.99390871557838,577.110063881936,547.447231434298,-29.6628324476374,7.20416711040924,37.9636450606934,29.9472065279233,-8.01643853277005,6.25476560077648,54.3232169352427,40.1906651459225,-14.1325517893202,6.63050292333286,70.9302011117758,34.1035390129705,-36.8266620988053,7.38351685089237,16.3595718745494,10.2434586179992,-6.11611325655019,5.49206665608663,32.9665560510824,4.15633248504719,-28.8102235660352,6.5833927438269,16.606984176533,-6.08712613295199,-22.694110309485,5.66017660907645
homepos,KOR,36,474.715854217702,493.786056713066,19.0702024953634,7.7219389938703,521.472592831594,527.784838881591,6.31224604999704,6.41197835865661,549.849123219075,540.687236284862,-9.16188693421361,6.23920665043102,567.141630394551,547.310359401693,-19.8312709928582,7.12675779857084,46.7567386138912,33.9987821685248,-12.7579564453664,7.03396569400086,75.1332690013728,46.9011795717958,-28.2320894295771,8.95494835153809,92.4257761768486,53.5243026886269,-38.9014734882217,8.79490056604798,28.3765303874816,12.9023974032709,-15.4741329842107,6.65106845422915,45.6690375629573,19.5255205201021,-26.1435170428553,6.64564425033863,17.2925071754757,6.62312311683115,-10.6693840586446,5.92313910324991
homepos,LTU,36,437.063272258794,463.094869656154,26.03159739736,5.24488165196954,476.624878784182,484.040773910499,7.41589512631634,4.89796397758692,502.919815585705,497.934884783139,-4.984930802566,4.98504949888915,525.015677821089,507.809454201412,-17.2062236196768,5.41967339303246,39.5616065253879,20.9459042543443,-18.6157022710436,4.95144907468489,65.8565433269108,34.8400151269848,-31.016528199926,5.51780971295287,87.9524055622948,44.714584545258,-43.2378210170368,5.54055430295562,26.2949368015229,13.8941108726406,-12.4008259288823,4.60723149780655,48.3907990369069,23.7686802909138,-24.6221187459931,5.03967912008831,22.095862235384,9.87456941827321,-12.2212928171108,5.15269948383304
homepos,LVA,36,459.023476954155,443.913296470789,-15.110180483366,5.58745712911317,487.867812295556,471.78062523603,-16.087187059526,5.28132505093762,505.475781164138,478.66573464309,-26.8100465210485,5.47966545800106,525.127815114369,483.928438596216,-41.1993765181525,4.91444889730042,28.8443353414011,27.8673287652412,-0.977006576159965,5.23726051692658,46.4523042099832,34.7524381723007,-11.6998660376825,5.25891732149784,66.1043381602135,40.015142125427,-26.0891960347864,5.36230106806372,17.6079688685821,6.88510940705959,-10.7228594615225,4.81421837266414,37.2600028188123,12.1478133601859,-25.1121894586265,5.42177836032131,19.6520339502302,5.26270395312628,-14.389329997104,5.46205698879416
homepos,MEX,36,372.566769375538,388.047740915522,15.480971539984,4.90578061511588,402.569178634569,407.764229228319,5.19505059374973,4.78327091916261,419.33165119696,423.388506289683,4.05685509272251,5.08436110949186,445.257220213947,435.971900465222,-9.28531974872493,6.23673288627844,30.0024092590318,19.7164883127975,-10.2859209462343,4.4197193448119,46.7648818214229,35.3407653741614,-11.4241164472615,5.08468135750574,72.6904508384093,47.9241595497003,-24.7662912887089,6.68711565265777,16.7624725623911,15.6242770613638,-1.13819550102721,4.01131145217798,42.6880415793775,28.2076712369028,-14.4803703424747,6.04419107624331,25.9255690169864,12.583394175539,-13.3421748414474,5.17605074969204
homepos,NLD,36,423.153398741737,442.207353665647,19.0539549239105,7.4668099446685,479.642667162468,490.945926045842,11.3032588833739,6.53931148778372,518.339254069665,505.707107812775,-12.6321462568905,6.56728536795971,540.916294306276,507.200182143236,-33.7161121630405,6.9861958916286,56.489268420731,48.7385723801944,-7.75069604053658,6.19334715579241,95.1858553279281,63.4997541471272,-31.6861011808009,7.81248520147515,117.76289556454,64.9928284775887,-52.7700670869509,8.66803000514981,38.6965869071971,14.7611817669328,-23.9354051402643,6.48713171104881,61.2736271438087,16.2542560973943,-45.0193710464143,7.46842684748191,22.5770402366115,1.49307433046152,-21.08396590615,6.94476187553984
homepos,NOR,36,432.661851166225,446.167951883117,13.506100716892,5.39838266794993,477.842501875082,474.738176087244,-3.10432578783781,5.25054843424696,498.431426479998,490.205559561082,-8.22586691891632,5.48235961411237,511.326614116017,481.189130407851,-30.1374837081661,5.96186823732499,45.1806507088564,28.5702242041265,-16.6104265047298,5.73382341064394,65.7695753137726,44.0376076779642,-21.7319676358084,5.69192629793926,78.6647629497916,35.0211785247334,-43.6435844250581,6.0722165714478,20.5889246049162,15.4673834738377,-5.12154113107852,5.75407218705012,33.4841122409352,6.45095432060691,-27.0331579203283,5.70328007311253,12.895187636019,-9.01642915323077,-21.9116167892498,6.08870757010983
homepos,NZL,36,445.118213475123,469.43592768834,24.317714213217,5.73099094531987,498.322534738377,512.827113493118,14.5045787547408,5.88886800902233,533.115777461109,528.73998578816,-4.37579167294962,5.72452195645724,545.035036794115,539.120249773878,-5.91478702023699,5.61586024512154,53.2043212632547,43.3911858047784,-9.81313545847621,5.9404048999495,87.9975639859866,59.30405809982,-28.6935058861666,6.47257376844689,99.916823318992,69.684322085538,-30.232501233454,6.34689272651389,34.793242722732,15.9128722950416,-18.8803704276904,6.31944311118163,46.7125020557373,26.2931362807595,-20.4193657749778,6.99323204850273,11.9192593330054,10.380263985718,-1.53899534728737,6.2528800228926
homepos,POL,36,453.216183466348,471.486671746601,18.2704882802533,5.53383669632187,490.205586309258,496.382471223131,6.17688491387298,5.57692742641592,520.213914012726,507.990445007971,-12.2234690047549,5.6131938039416,534.503106610451,511.235721048102,-23.2673855623488,6.2235906517572,36.9894028429109,24.8957994765306,-12.0936033663803,5.10546774936046,66.9977305463788,36.5037732613706,-30.4939572850082,5.27313325831222,81.286923144103,39.7490493015009,-41.537873842602,6.43952460985158,30.0083277034679,11.6079737848401,-18.4003539186278,4.78292236642104,44.2975203011921,14.8532498249704,-29.4442704762217,6.02658882011108,14.2891925977242,3.24527604013031,-11.0439165575939,5.60572726348112
homepos,PRT,36,438.776388707873,445.518325136176,6.74193642830323,6.25490019808662,470.803128727612,472.977813002193,2.17468427458158,5.72111739406844,500.705161323025,498.332380079313,-2.37278124371238,6.12579580571976,528.656240469447,513.282876087472,-15.3733643819751,6.50172162861646,32.0267400197388,27.4594878660172,-4.56725215372165,5.09888194089247,61.9287726151525,52.8140549431369,-9.11471767201562,6.31680502297299,89.8798517615738,67.7645509512955,-22.1153008102783,7.30407736084876,29.9020325954136,25.3545670771197,-4.54746551829396,5.051555891453,57.8531117418349,40.3050630852783,-17.5480486565567,6.71739258266247,27.9510791464213,14.9504960081586,-13.0005831382627,6.02240745194777
homepos,SVK,36,378.80567826149,424.336655671021,45.5309774095313,6.94263577614172,456.748834784554,480.226911856475,23.4780770719206,5.7631006481269,495.866649874805,494.047433867317,-1.81921600748876,6.00733967693219,517.218200023219,504.673464254461,-12.5447357687578,6.41073024577329,77.9431565230644,55.8902561854536,-22.0529003376108,6.66895925344175,117.060971613315,69.7107781962954,-47.3501934170201,7.52759105321833,138.412521761729,80.3368085834402,-58.0757131782892,8.63719723956092,39.1178150902511,13.8205220108418,-25.2972930794093,6.09509725037676,60.469365238665,24.4465523979866,-36.0228128406784,7.18596996659856,21.3515501484139,10.6260303871448,-10.7255197612691,5.9984837896366
homepos,SVN,36,449.766651692014,459.59425590592,9.82760421390572,5.47182837552616,495.777402640335,490.910582096563,-4.86682054377172,5.18761512380165,521.022047889041,501.071564990367,-19.9504828986743,5.07725721934224,534.615612315485,491.295628990793,-43.3199833246914,4.98230883035051,46.0107509483208,31.3163261906434,-14.6944247576774,6.17135072782283,71.2553961970274,41.4773090844474,-29.77808711258,6.13331002397317,84.8489606234708,31.7013730848737,-53.1475875385971,6.27612777662316,25.2446452487066,10.160982893804,-15.0836623549026,6.069916913632,38.83820967515,0.3850468942303,-38.4531627809197,5.95621540336656,13.5935644264434,-9.77593599957368,-23.3695004260171,5.29252834796068
homepos,SWE,36,429.999980825409,451.148761240425,21.1487804150158,5.88668384342959,484.713834646844,491.992500904326,7.27866625748231,6.01390562177859,520.945218951391,505.363427847577,-15.5817911038145,6.05038923073486,542.058506523212,502.442091956198,-39.616414567014,6.26312296817898,54.7138538214352,40.8437396639017,-13.8701141575335,5.53936915142365,90.9452381259823,54.214666607152,-36.7305715188303,6.69591205417479,112.058525697803,51.2933307157736,-60.7651949820298,7.04670312891336,36.2313843045471,13.3709269432503,-22.8604573612968,5.7407094229219,57.3446718763682,10.4495910518719,-46.8950808244964,6.50241262166486,21.1132875718212,-2.92133589137836,-24.0346234631995,6.04571436710321
homepos,TUR,36,428.505436235256,459.028107619425,30.5226713841688,5.55316722622291,469.758190294782,493.159973598793,23.4017833040116,5.4686687227681,490.526358316603,509.132622445614,18.606264129011,5.24797789224717,515.1834051744,517.003467586162,1.82006241176248,6.46837054176951,41.2527540595254,34.1318659793682,-7.12088808015722,5.5243459120986,62.0209220813463,50.1045148261886,-11.9164072551578,5.55378698335141,86.6779689391434,57.9753599667371,-28.7026089724063,7.00818924961858,20.7681680218209,15.9726488468203,-4.79551917500055,4.8131193635583,45.425214879618,23.8434939873688,-21.5817208922491,6.76285669034632,24.6570468577971,7.87084514054851,-16.7862017172486,5.90232087795311
homepos,USA,36,448.102892080344,456.161364388289,8.05847230794473,8.36189093674264,481.119229318402,497.324678545813,16.2054492274102,10.6839031831533,517.50317089822,517.102709513869,-0.400461384351729,10.6954687378594,552.333597851329,533.656525689201,-18.6770721621285,14.5660041336431,33.0163372380584,41.1633141575239,8.14697691946549,10.3806115756182,69.4002788178764,60.9413451255799,-8.45893369229646,11.4114675734215,104.230705770986,77.4951613009123,-26.7355444700733,14.2681945424037,36.3839415798179,19.778030968056,-16.6059106117619,11.6297779380909,71.2143685329271,36.3318471433884,-34.8825213895387,12.0691168409689,34.8304269531092,16.5538161753324,-18.2766107777768,12.7647046542104
homepos,OECD,36,435.423134815188,451.09626872661,15.6731339114216,3.23320811019141,478.98016689362,484.86092370246,5.88075680883998,3.22007683333624,506.611784906348,500.004274588407,-6.60751031794138,3.22394741347652,528.98147773419,505.744105690219,-23.2373720439711,3.25501153187382,43.5570320784322,33.7646549758505,-9.79237710258167,0.975710861585501,71.1886500911604,48.9080058617974,-22.280644229363,1.07033915877083,93.5583429190024,54.6478369636097,-38.9105059553927,1.18088358317242,27.6316180127282,15.1433508859469,-12.4882671267814,0.955227300022529,50.0013108405702,20.8831819877591,-29.118128852811,1.05493641304051,22.369692827842,5.73983110181229,-16.6298617260297,0.994994731079709
homepos,OECD35,35,435.231298842652,451.074194843643,15.8428960009913,3.23808920225271,479.031512717921,485.014968863082,5.98345614516086,3.22487909312853,506.790394273355,500.319817350733,-6.47057692262177,3.22896037743626,529.21184714707,505.974226694131,-23.2376204529391,3.26161534105372,43.8002138752697,33.9407740194392,-9.85943985583049,0.996754204312563,71.559095430703,49.2456225070899,-22.3134729236131,1.0946845824177,93.9805483044179,54.9000318504874,-39.0805164539304,1.20731047810053,27.7588815554333,15.3048484876506,-12.4540330677826,0.978538925400582,50.1803344291482,20.9592578310482,-29.2210765981,1.08032553563535,22.4214528737149,5.65440934339756,-16.7670435303173,1.01925498316886
homepos_h,AUS,36,469.828698595455,476.541555394449,6.71285679899387,5.29467571347461,507.888932883845,512.434328412142,4.54539552829772,4.79113627165139,525.72970770467,528.206294864995,2.4765871603247,4.78293269805889,530.133533958122,527.821500290765,-2.31203366735713,5.07318657820537,38.0602342883893,35.8927730176931,-2.16746127069615,4.58506492743466,55.901009109215,51.6647394705458,-4.23626963866917,5.03387325324332,60.3048353626667,51.2799448963157,-9.024890466351,5.42277576432922,17.8407748208257,15.7719664528527,-2.06880836797302,4.41408269894497,22.2446010742774,15.3871718786226,-6.85742919565485,4.53485470656774,4.40382625345171,-0.384794574230114,-4.78862082768183,4.55351042112128
homepos_h,AUT,36,430.726129631563,447.130167961942,16.404038330379,6.19857953513407,488.698003576377,496.520297320671,7.82229374429369,6.00057658091215,521.963221225595,520.513132475721,-1.45008874987457,5.47777213613527,528.486509565891,525.946206750126,-2.54030281576536,5.59209635634358,57.9718739448143,49.390129358729,-8.58174458608528,5.87152575251854,91.2370915940326,73.382964513779,-17.8541270802535,6.17285669726759,97.7603799343289,78.8160387881845,-18.9443411461443,6.81521158260082,33.2652176492183,23.99283515505,-9.27238249416826,5.76134738323063,39.7885059895146,29.4259094294555,-10.362596560059,6.32690883290082,6.52328834029629,5.4330742744055,-1.09021406589079,5.20311100176338
homepos_h,BEL,36,435.174514809324,443.200683703192,8.02616889386792,6.37833456053383,489.435510301551,487.809026930504,-1.62648337104685,5.43224683758257,512.819442353877,513.227807352908,0.408364999030709,5.26724200415192,526.41367361979,525.008146466984,-1.40552715280546,5.83828676446097,54.2609954922261,44.6083432273114,-9.65265226491476,5.52034809807137,77.6449275445531,70.0271236497159,-7.61780389483721,6.70864378098159,91.2391588104654,81.807462763792,-9.43169604667338,7.10302572901761,23.3839320523269,25.4187804224045,2.03484837007755,5.13282518773825,36.9781633182392,37.1991195364806,0.220956218241383,5.58806918000014,13.5942312659123,11.7803391140761,-1.81389215183617,5.19660164675991
homepos_h,CAN,36,485.221894225581,480.663406176878,-4.5584880487026,4.83319742501738,514.466120061873,512.676421155574,-1.7896989062989,4.54281951995271,531.94682068399,530.039791286706,-1.90702939728385,4.66441050509061,534.116152138652,528.710788060936,-5.40536407771629,5.32959988218296,29.2442258362928,32.0130149786965,2.76878914240371,3.93304220206091,46.7249264584094,49.3763851098282,2.65145865141875,4.63113843823049,48.8942579130716,48.0473818840579,-0.846876029013686,5.44258964597709,17.4807006221166,17.3633701311317,-0.117330490984955,3.79395441117658,19.6500320767788,16.0343669053614,-3.61566517141739,4.60205793955635,2.16933145466214,-1.32900322577029,-3.49833468043244,4.28567921993256
homepos_h,CHE,36,454.50908059727,457.151570391713,2.64248979444375,5.82743144680897,492.583984673658,499.269347540456,6.68536286679876,5.4138514819553,520.796521539488,523.293031398526,2.49650985903736,5.77663221435752,543.235144826312,530.624145302162,-12.61099952415,5.8870933464522,38.0749040763881,42.1177771487431,4.04287307235501,5.39873061676557,66.2874409422186,66.1414610068122,-0.145979935406388,6.29155635259256,88.7260642290427,73.472574910449,-15.2534893185937,6.60358458658576,28.2125368658305,24.0236838580691,-4.1888530077614,5.2599867146714,50.6511601526547,31.3547977617059,-19.2963623909487,5.78794668426921,22.4386232868242,7.33111390363683,-15.1075093831873,6.03590149287053
homepos_h,CHL,36,410.882074330931,408.828432103806,-2.05364222712535,5.46761608769815,439.693501720543,436.004107585725,-3.68939413481758,5.91555092263812,456.195815069399,453.034125429813,-3.16168963958563,5.69544143669986,477.709523375766,483.500685867201,5.79116249143522,5.55255867474642,28.8114273896115,27.1756754819193,-1.63575190769222,5.53139815642919,45.3137407384673,44.205693326007,-1.10804741246028,5.80762522345428,66.8274490448342,74.6722537633948,7.84480471856057,5.87482482946775,16.5023133488558,17.0300178440878,0.527704495231944,5.50722621583841,38.0160216552227,47.4965782814755,9.48055662625279,5.7820519455261,21.5137083063669,30.4665604373878,8.95285213102085,5.80058460003247
homepos_h,COL,36,376.283105913013,378.78701094223,2.50390502921738,5.37582658152323,395.856599380196,399.808377822288,3.95177844209172,5.51156262636158,422.858937534985,428.153729440023,5.29479190503787,6.14670658435643,462.480002117493,463.943709743598,1.46370762610457,7.46270974004766,19.5734934671836,21.0213668800579,1.44787341287434,5.3602906895837,46.5758316219727,49.3667184977932,2.79088687582049,6.46196937081965,86.1968962044802,85.1566988013674,-1.04019740311281,8.35692298863358,27.0023381547891,28.3453516177352,1.34301346294615,5.12315152175169,66.6234027372966,64.1353319213095,-2.48807081598716,7.60501137421535,39.6210645825075,35.7899803035742,-3.8310842789333,6.76183190615129
homepos_h,CZE,36,448.296400360464,445.655011197461,-2.64138916300323,5.79467002831072,496.405874085831,491.525909463156,-4.87996462267489,5.44269267195559,518.05321123389,504.775402908495,-13.2778083253947,5.52492139195773,528.003204772827,520.251806260019,-7.7513985128071,5.80823955248686,48.1094737253668,45.8708982656951,-2.23857545967167,5.10430804101274,69.7568108734258,59.1203917110343,-10.6364191623915,6.05295542436134,79.7068044123624,74.5967950625586,-5.11000934980388,6.55180527459654,21.647337148059,13.2494934453392,-8.39784370271985,5.09020902213734,31.5973306869956,28.7258967968634,-2.87143389013221,5.18478975031011,9.94999353893661,15.4764033515243,5.52640981258764,5.1212648232044
homepos_h,DEU,36,440.266117415776,426.581524926512,-13.6845924892642,7.15606385829711,491.511331172794,484.626609074112,-6.88472209868161,6.43705306261373,520.628820652353,521.138963121973,0.510142469619723,6.37923146918298,536.787540660817,539.262575882561,2.4750352217435,6.26892973958883,51.2452137570184,58.045084147601,6.79987039058256,6.55858935987981,80.3627032365772,94.5574381954611,14.1947349588839,7.19454957469276,96.5214232450418,112.681050956049,16.1596277110077,7.76240042992275,29.1174894795588,36.5123540478601,7.39486456830133,6.0951125125927,45.2762094880234,54.6359668084485,9.3597573204251,6.81750506464109,16.1587200084646,18.1236127605883,1.96489275212377,6.13357552238266
homepos_h,DNK,36,463.020529511822,442.940612305619,-20.0799172062031,6.44849565296631,495.376210832921,482.886037436785,-12.4901733961358,5.76208599458291,510.354755943235,496.32905004523,-14.0257058980051,6.0029006165883,508.593752067248,493.854701662646,-14.7390504046019,6.27653227481717,32.3556813210992,39.9454251311664,7.58974381006726,6.51014161114275,47.3342264314126,53.3884377396106,6.05421130819804,6.5614510530827,45.5732225554257,50.9140893570269,5.34086680160118,6.64629088651618,14.9785451103134,13.4430126084442,-1.53553250186923,6.18121059407784,13.2175412343265,10.9686642258604,-2.24887700846608,7.0368246193019,-1.76100387598689,-2.47434838258374,-0.713344506596854,6.78356419027348
homepos_h,ESP,36,451.29286183577,443.957098799226,-7.33576303654348,5.08032388756719,480.814783961677,474.908842207661,-5.90594175401611,4.45365565931236,499.258992899391,492.46209612762,-6.79689677177174,4.33219673272917,509.882712777221,508.072707409158,-1.81000536806317,4.45627388233743,29.5219221259074,30.9517434084348,1.42982128252737,4.68757540390697,47.9661310636215,48.5049973283932,0.538866264771741,4.44141152816893,58.5898509414517,64.115608609932,5.52575766848031,5.01523614464076,18.4442089377141,17.5532539199584,-0.89095501775563,3.17822228450062,29.0679288155443,33.1638652014972,4.09593638595294,3.50737618936587,10.6237198778302,15.6106112815388,4.98689140370857,3.56356967664567
homepos_h,EST,36,495.104184941399,499.637408732037,4.53322379063758,5.1131470534051,522.439006426951,526.119388337424,3.68038191047265,5.18287614898945,537.85795902463,538.972415380345,1.11445635571556,5.32017238795558,549.619616074547,547.103355957014,-2.51626011753331,5.76101269040797,27.3348214855516,26.4819796053866,-0.852841880164931,4.65471892664368,42.7537740832303,39.3350066483083,-3.41876743492202,5.27211635287461,54.5154311331475,47.4659472249766,-7.04948390817089,5.90758257661579,15.4189525976788,12.8530270429217,-2.56592555475709,5.35746739763421,27.1806096475959,20.98396761959,-6.19664202800595,5.50614957915782,11.7616570499172,8.13094057666831,-3.63071647324887,4.93411870467919
homepos_h,FIN,36,479.057496822813,483.106472348159,4.04897552534572,5.45262193160635,513.650263047591,507.286566212974,-6.36369683461624,5.20935845686062,526.473331486588,519.551892076019,-6.92143941056906,5.62122033242658,529.110359431673,520.357608939758,-8.75275049191464,5.85078898129633,34.5927662247773,24.1800938648153,-10.412672359962,4.8705145266662,47.4158346637747,36.4454197278599,-10.9704149359148,4.76221194016916,50.0528626088596,37.2511365915993,-12.8017260172604,5.34846747817513,12.8230684389974,12.2653258630446,-0.55774257595283,5.23503425780108,15.4600963840824,13.071042726784,-2.3890536572984,5.16035265606315,2.63702794508492,0.805716863739349,-1.83131108134558,5.71008052736642
homepos_h,FRA,36,434.019869478987,436.835891073461,2.81602159447357,6.43454531601113,479.709875420072,480.348485932209,0.638610512136779,5.82537438487114,507.372844764743,500.927898958578,-6.44494580616475,5.92169149639768,531.288167761634,527.981212557803,-3.30695520383097,6.090493528581,45.6900059410847,43.5125948587479,-2.17741108233679,6.14505822698881,73.3529752857551,64.0920078851168,-9.26096740063832,6.40318073147022,97.2682982826468,91.1453214843423,-6.12297679830454,7.15888651815436,27.6629693446703,20.5794130263688,-7.08355631830153,5.01007984463516,51.5782923415621,47.6327266255943,-3.94556571596775,5.49359475012941,23.9153229968917,27.0533135992255,3.13799060233379,5.7153179338712
homepos_h,GBR,36,466.779721695365,477.392761514663,10.6130398192979,6.19045876120753,495.564978159892,511.283250470104,15.7182723102121,5.78376327376574,515.070534321532,523.709534825346,8.6390005038138,5.80380988150668,535.844551023152,543.091914556365,7.24736353321327,6.44507638347616,28.7852564645272,33.8904889554414,5.1052324909142,6.90012691010826,48.2908126261679,46.3167733106837,-1.97403931548411,6.68611921321246,69.0648293277872,65.6991530417025,-3.36567628608464,8.0075442764099,19.5055561616407,12.4262843552424,-7.07927180639831,6.09335463328632,40.27957286326,31.8086640862612,-8.47090877699884,7.16175495879034,20.7740167016193,19.3823797310188,-1.39163697060053,6.3225217636386
homepos_h,GRC,36,410.212857390769,406.188518991104,-4.02433839966517,5.60718198930067,442.037456869415,437.23841179538,-4.79904507403518,6.30345816943958,455.561163014537,451.454245046398,-4.10691796813893,5.9046782737292,458.723377945309,450.746854638431,-7.97652330687811,6.74420414795201,31.8245994786464,31.0498928042763,-0.774706674370009,6.0361316900041,45.3483056237681,45.2657260552944,-0.0825795684737614,6.19212464791343,48.5105205545397,44.5583356473268,-3.95218490721294,6.73530757129545,13.5237061451218,14.215833251018,0.692127105896248,5.92562496832308,16.6859210758934,13.5084428430504,-3.17747823284293,6.44716072776692,3.1622149307716,-0.70739040796758,-3.86960533873918,5.57234890458839
homepos_h,HUN,36,430.437862165069,429.171168487329,-1.26669367773997,6.16142316413396,482.787347210564,477.900121694246,-4.88722551631781,5.55204264433667,508.215958437732,498.568148160446,-9.64781027728611,5.20225897763436,526.74267575384,519.354204005767,-7.38847174807279,6.17025738650968,52.3494850454945,48.7289532069166,-3.62053183857785,6.128650504423,77.7780962726628,69.3969796731167,-8.38111659954615,6.59713703216685,96.3048135887703,90.1830355184375,-6.12177807033282,7.16780227365644,25.4286112271683,20.6680264662,-4.7605847609683,5.19550163343186,43.9553285432758,41.4540823115208,-2.50124623175498,5.8713513287198,18.5267173161075,20.7860558453208,2.25933852921332,4.73957473041508
homepos_h,IRL,36,472.758066639181,466.02142379845,-6.73664284073124,5.91611607866289,499.425097878072,498.382621262994,-1.04247661507765,4.92201635762032,518.760401228999,514.818532627511,-3.94186860148841,5.1314105318514,527.724876540031,522.454728675508,-5.27014786452321,5.18362922377451,26.6670312388905,32.3611974645441,5.69416622565359,5.46215287135167,46.0023345898181,48.797108829061,2.79477423924283,6.10315156824219,54.9668099008502,56.4333048770582,1.46649497620803,6.11618770597652,19.3353033509276,16.4359113645169,-2.89939198641076,4.82830190565983,28.2997786619597,24.0721074125141,-4.22767124944556,4.9668718717978,8.96447531103206,7.63619604799726,-1.3282792630348,4.77594301004811
homepos_h,ISL,36,420.201051584277,410.277635116234,-9.92341646804306,5.67368595814632,452.686191656503,448.593414530292,-4.09277712621042,5.65482872060154,456.660916019391,457.448101472841,0.787185453449695,5.43350961178956,460.589553443662,459.558055468244,-1.03149797541823,5.94449289911156,32.4851400722258,38.3157794140584,5.83063934183264,6.91581040067636,36.4598644351143,47.1704663566071,10.7106019214928,6.46002490199564,40.3885018593853,49.2804203520101,8.89191849262483,6.70931382893761,3.97472436288854,8.85468694254865,4.87996257966012,6.58141263870767,7.90336178715955,10.9646409379517,3.06127915079219,6.58770745674623,3.92863742427102,2.10995399540309,-1.81868342886793,6.57467248741732
homepos_h,ISR,36,418.298139187364,403.305456550551,-14.9926826368127,6.86696195989856,470.337826678447,449.696385098902,-20.6414415795451,7.25915899910577,495.745621557018,471.958508317728,-23.7871132392909,6.5866317988342,499.807091595226,480.704780317054,-19.1023112781717,7.40660130682708,52.0396874910829,46.3909285483505,-5.64875894273246,6.80841212990463,77.4474823696543,68.653051767176,-8.79443060247826,6.60727198827991,81.5089524078619,77.3993237665029,-4.109628641359,7.70240470930373,25.4077948785713,22.2621232188255,-3.1456716597458,6.28849264242906,29.469264916779,31.0083952181524,1.53913030137346,7.49442894260474,4.06147003820763,8.74627199932689,4.68480196111926,6.54513104829174
homepos_h,ITA,36,440.631923790924,440.723256232131,0.0913324412072711,5.73558138405569,469.96739381349,480.526998331257,10.5596045177666,5.33200265574998,494.536579507954,500.70309012943,6.16651062147537,5.6142565329207,507.764465880583,512.474922729208,4.71045684862463,6.36670230855743,29.3354700225667,39.803742099126,10.4682720765593,5.1420483660878,53.9046557170305,59.9798338972986,6.0751781802681,5.38795376296839,67.1325420896594,71.7516664970768,4.61912440741736,6.54798127710031,24.5691856944638,20.1760917981726,-4.39309389629125,4.9013054480077,37.7970720670928,31.9479243979508,-5.84914766914199,5.16864268282828,13.2278863726289,11.7718325997782,-1.45605377285074,4.99925133858103
homepos_h,JPN,36,517.827099651015,507.358850165315,-10.4682494856998,7.59208821554722,548.168090500244,543.513926089588,-4.65416441065634,6.08887267867221,559.436409405022,550.524116117515,-8.91229328750706,6.06123621163994,563.423549040683,557.06087400376,-6.36267503692329,6.8490309585403,30.3409908492298,36.1550759242733,5.81408507504347,6.94108209153713,41.6093097540074,43.1652659522002,1.55595619819275,6.58660613167166,45.5964493896688,49.7020238384453,4.10557444877651,7.95915628589761,11.2683189047776,7.01019002792691,-4.25812887685072,5.58960633153605,15.255458540439,13.5469479141721,-1.70851062626696,6.24820900080766,3.98713963566138,6.53675788624514,2.54961825058376,5.06449979595995
homepos_h,KOR,36,492.173180196324,495.040570561539,2.86739036521476,7.41975959295243,524.95147443173,527.696678552324,2.74520412059348,6.32807111539574,543.775216237718,538.387811531707,-5.38740470601124,6.86652020213532,554.948618169816,550.126602512828,-4.8220156569887,7.17962803636437,32.7782942354065,32.6561079907853,-0.122186244621275,6.69624718077935,51.6020360413938,43.3472409701678,-8.254795071226,7.50531068600867,62.7754379734923,55.0860319512889,-7.68940602220346,8.69346642513671,18.8237418059873,10.6911329793826,-8.13260882660472,6.95663293430899,29.9971437380858,22.4299239605036,-7.56721977758218,6.31287295314339,11.1734019320985,11.738790981121,0.565389049022542,7.50120369257042
homepos_h,LTU,36,451.790436483881,458.440118792385,6.64968230850451,5.30125346304014,485.089373140175,487.591482627344,2.50210948716881,4.89448826309426,497.1522378359,499.488020499515,2.33578266361502,5.08172623511754,509.101847648743,509.168432352541,0.0665847037985259,5.6383893514886,33.2989366562945,29.1513638349588,-4.1475728213357,5.20718498587657,45.361801352019,41.0479017071295,-4.31389964488949,5.18600455766645,57.311411164862,50.728313560156,-6.58309760470598,5.54044128216015,12.0628646957246,11.8965378721708,-0.166326823553788,4.96412546649455,24.0124745085676,21.5769497251973,-2.43552478337028,5.58259694552453,11.949609812843,9.6804118530265,-2.2691979598165,5.2856947810661
homepos_h,LVA,36,468.29908204767,436.776723215137,-31.5223588325328,5.4382308149736,492.369692787256,471.328940915856,-21.0407518714002,5.1924503441758,502.056607163833,482.244729303764,-19.8118778600692,5.43049708257642,515.234478817315,488.864896326457,-26.3695824908579,5.12016671249929,24.0706107395866,34.5522177007192,10.4816069611326,4.95067136185704,33.7575251161633,45.468006088627,11.7104809724636,5.15802729239966,46.9353967696453,52.0881731113203,5.15277634167495,5.20907096480604,9.68691437657674,10.9157883879078,1.22887401133102,4.94342041233921,22.8647860300587,17.5359554106011,-5.32883061945768,5.20936654490273,13.177871653482,6.6201670226933,-6.55770463078869,5.32395234479998
homepos_h,MEX,36,379.954023516321,386.193414538173,6.2393910218517,4.78595583048284,404.75874411336,408.41863250308,3.65988838971992,4.8138366358597,418.993508036857,423.498643643248,4.50513560639109,5.28912112840845,440.291289494746,439.287111136134,-1.00417835861202,6.32949550327237,24.8047205970393,22.2252179649075,-2.57950263213178,4.32818979857738,39.0394845205359,37.3052291050753,-1.73425541546061,5.15480704184886,60.3372659784245,53.0936965979608,-7.24356938046373,6.78001166025162,14.2347639234966,15.0800111401678,0.845247216671169,4.22153890159456,35.5325453813853,30.8684786330533,-4.66406674833195,6.0319684161265,21.2977814578886,15.7884674928855,-5.50931396500312,5.55810090348684
homepos_h,NLD,36,431.122502941828,456.523772856321,25.4012699144926,7.76779892923767,494.448112887492,495.638490686828,1.19037779933615,6.37502693078628,517.064408833658,508.198011532211,-8.86639730144714,6.50944516735354,520.640269720157,511.401795813329,-9.23847390682806,6.96681795622549,63.3256099456633,39.1147178305068,-24.2108921151564,6.50708760138912,85.94190589183,51.6742386758903,-34.2676672159397,7.8435290876339,89.517766778329,54.8780229570084,-34.6397438213206,8.16874100340123,22.6162959461668,12.5595208453835,-10.0567751007833,6.58516529622019,26.1921568326657,15.7633051265015,-10.4288517061642,6.75760987502632,3.57586088649896,3.20378428111803,-0.372076605380926,6.70360238902911
homepos_h,NOR,36,444.280744391231,440.802687993447,-3.4780563977838,5.58310097253493,481.682612884995,474.130045579426,-7.55256730556977,5.62159483714148,499.849916354313,491.01362178218,-8.83629457213357,5.58567090494661,495.744689380252,488.154710158328,-7.58997922192424,5.86891071604907,37.4018684937643,33.3273575859783,-4.07451090778596,6.43942616683576,55.5691719630822,50.2109337887324,-5.35823817434977,5.95180723626531,51.4639449890207,47.3520221648803,-4.11192282414044,6.4750993063467,18.1673034693179,16.8835762027541,-1.2837272665638,5.5912455141737,14.0620764952565,14.024664578902,-0.0374119163544719,5.81329957512206,-4.10522697406145,-2.85891162385212,1.24631535020933,6.18648576751017
homepos_h,NZL,36,457.208595364925,469.380401258985,12.1718058940597,6.07053154809749,510.061909707186,507.129280859847,-2.93262884733963,5.95255899182383,525.104630370044,532.324474412295,7.21984404225088,5.52309637201205,532.698429062963,542.803952758309,10.1055236953468,5.59861632897156,52.8533143422614,37.748879600862,-15.1044347413994,6.275720544332,67.896035005119,62.9440731533101,-4.95196185180885,6.58308895760986,75.4898336980377,73.4235514993249,-2.06628219871288,6.81423354882651,15.0427206628576,25.1951935524481,10.1524728895905,6.10602903296292,22.6365193557763,35.6746718984628,13.0381525426865,6.63680010678252,7.59379869291877,10.4794783460147,2.88567965309596,6.406752056488
homepos_h,POL,36,463.950207068502,467.675707658655,3.72550059015271,5.78691114805499,500.390297393233,494.477607418123,-5.91268997511008,5.63175008756146,515.129881702714,509.231287070074,-5.89859463264071,5.72420835359711,519.256255605258,518.086438220974,-1.16981738428387,6.27065172854789,36.4400903247312,26.8018997594684,-9.63819056526279,5.64772263473938,51.1796746342121,41.5555794114187,-9.62409522279341,5.47578014619019,55.3060485367557,50.4107305623192,-4.89531797443658,6.70616992319404,14.739584309481,14.7536796519503,0.0140953424693748,5.47901341192557,18.8659582120246,23.6088308028508,4.74287259082621,6.15116894509942,4.12637390254361,8.85515115090044,4.72877724835684,5.83612854368335
homepos_h,PRT,36,444.238175444134,443.037346829084,-1.20082861505011,6.08874677753103,477.214928248246,473.660576855006,-3.5543513932393,6.01759871544757,499.727273842903,498.656865791258,-1.0704080516449,6.0224917846809,518.927274323312,515.371060037468,-3.55621428584334,6.09256346952012,32.976752804112,30.6232300259229,-2.35352277818919,5.34449893136282,55.4890983987696,55.6195189621748,0.13042056340521,6.02404220818788,74.689098879178,72.3337132083848,-2.35538567079323,6.65960049465009,22.5123455946575,24.9962889362519,2.4839433415944,5.15109041244924,41.712346075066,41.7104831824619,-0.00186289260403782,6.27376801170932,19.2000004804085,16.71419424621,-2.48580623419844,5.3034617845835
homepos_h,SVK,36,399.951022298897,424.890442036589,24.9394197376918,6.88958324154509,466.360248090922,478.797090136479,12.4368420455562,5.55463181596016,491.458958556663,495.276952062792,3.81799350612926,5.81666345181121,504.422053613073,512.5462452349,8.1241916218263,6.28751390600124,66.4092257920249,53.9066480998894,-12.5025776921356,6.52247969871615,91.5079362577656,70.3865100262031,-21.1214262315625,7.25652635487218,104.471031314176,87.6558031983105,-16.8152281158655,8.5109584475891,25.0987104657406,16.4798619263137,-8.61884853942695,5.1352466659414,38.0618055221511,33.7491550984212,-4.31265042372991,6.38005025820509,12.9630950564105,17.2692931721075,4.30619811569704,5.6988092192419
homepos_h,SVN,36,463.737742616044,446.106395708554,-17.6313469074906,5.3227160252275,505.840519690698,491.15007658547,-14.6904431052274,5.17315626828996,514.871378642369,504.685011569508,-10.1863670728613,5.23255790624453,517.344314397891,504.192652486206,-13.1516619116846,5.07904347012644,42.1027770746533,45.0436808769165,2.94090380226322,5.73383237815434,51.133636026325,58.5786158609542,7.44497983462924,6.62702283627871,53.6065717818466,58.0862567776526,4.47968499580594,5.76505213354618,9.03085895167163,13.5349349840376,4.50407603236602,5.80915843784432,11.5037947071933,13.042575900736,1.53878119354272,6.02397974089335,2.47293575552169,-0.492359083301608,-2.9652948388233,6.17508916037902
homepos_h,SWE,36,441.665644531497,442.311368327986,0.645723796489108,5.76126367688397,495.283549633214,490.69528111127,-4.58826852194403,6.12203917852654,518.800328215,511.193403930538,-7.60692428446129,6.08575643135008,524.950129698046,509.579518542025,-15.3706111560207,6.3793812131107,53.6179051017168,48.3839127832837,-5.23399231843314,5.73505548627618,77.1346836835026,68.8820356025522,-8.25264808095039,6.46098229643952,83.2844851665486,67.2681502140387,-16.0163349525099,7.3693497137631,23.5167785817858,20.4981228192685,-3.01865576251726,6.16971889749025,29.6665800648318,18.884237430755,-10.7823426340767,6.43936050400466,6.14980148304596,-1.6138853885135,-7.76368687155946,6.13172347121679
homepos_h,TUR,36,438.159299153725,454.083383056413,15.9240839026884,5.64845231680349,469.648929716446,486.136867243649,16.4879375272038,5.26279876865156,488.430709025303,511.739016368474,23.3083073431712,5.15644503506449,508.659757358997,527.470288583491,18.8105312244943,6.70970965100302,31.4896305627207,32.0534841872361,0.563853624515389,5.07685436209857,50.2714098715783,57.6556333120611,7.3842234404828,5.57085791850385,70.5004582052717,73.3869055270776,2.88644732180592,7.5918267290376,18.7817793088576,25.602149124825,6.82036981596741,4.11666596146485,39.010827642551,41.3334213398416,2.32259369729053,7.09798971565253,20.2290483336934,15.7312722150165,-4.49777611867688,6.45700980381537
homepos_h,USA,36,454.161223844924,453.866536322729,-0.294687522194806,7.9922946753021,482.660317194098,492.960816310317,10.3004991162196,10.2946281776694,522.612918605568,518.547370138721,-4.06554846684708,10.8046503305289,541.532620285996,541.007544448795,-0.52507583720103,14.6051620450312,28.4990933491741,39.0942799875886,10.5951866384144,10.0051554796612,68.4516947606442,64.6808338159919,-3.77086094465227,11.2103628807379,87.3713964410723,87.1410081260661,-0.230388315006223,15.3871356185202,39.95260141147,25.5865538284033,-14.3660475830667,10.2775932981819,58.8723030918982,48.0467281384775,-10.8255749534206,11.3003626236421,18.9197016804282,22.4601743100742,3.54047262964605,12.4182143962752
homepos_h,OECD,36,446.70893223539,446.849577390791,0.140645155400591,3.23447994773898,485.007363617543,483.86585394693,-1.14150967061374,3.22110442451277,504.759053861996,501.785975755568,-2.97307810642826,3.22379346553736,516.117557276307,512.387409282135,-3.73014799417183,3.2567296342278,38.2984313821535,37.0162765561392,-1.28215482601433,0.985924552146526,58.0501216266064,54.9363983647775,-3.11372326182885,1.05673214828916,69.4086250409167,65.5378318913443,-3.87079314957242,1.2038239949115,19.7516902444528,17.9201218086383,-1.83156843581452,0.936004403871776,31.1101936587632,28.5215553352051,-2.58863832355809,1.0427494471755,11.3585034143103,10.6014335265668,-0.757069887743569,1.00468179392112
homepos_h,OECD35,35,446.577962818236,446.932219636264,0.354256818027466,3.23918599362138,485.127151607711,484.121768568052,-1.00538303965942,3.22581024709626,504.916198460928,502.052372316367,-2.8638261445613,3.22878582918668,516.295695690566,512.510686478506,-3.78500921206057,3.26343107599355,38.5491887894748,37.189548931788,-1.35963985768689,1.00521084689467,58.3382356426916,55.1201526801028,-3.21808296258877,1.07949149612429,69.71773287233,65.5784668422419,-4.13926603008804,1.22989978404172,19.7890468532167,17.9306037483149,-1.85844310490188,0.958455391495619,31.1685440828551,28.388917910454,-2.77962617240115,1.06785053570366,11.3794972296384,10.4583141621391,-0.921183067499271,1.02835894165455
books_h,AUS,36,454.064278151727,460.411066076383,6.34678792465576,4.68609485064988,504.742822325103,508.952864415494,4.21004209039126,4.76982335571411,521.308414238737,526.213762856286,4.90534861754907,4.76350295512828,553.060621881806,549.650613459347,-3.41000842245853,5.12672581067404,50.6785441733757,48.5417983391112,-2.1367458342645,4.4191284091008,67.2441360870103,65.8026967799036,-1.44143930710669,4.35378188123621,98.9963437300789,89.2395473829646,-9.75679634711429,4.96265724850578,16.5655919136347,17.2608984407925,0.695306527157811,4.21598139998768,48.3177995567032,40.6977490438534,-7.62005051284979,4.73295774433582,31.7522076430686,23.436850603061,-8.3153570400076,4.31658882562519
books_h,AUT,36,422.980775064015,429.540735140395,6.55996007638009,5.82238441827633,485.392773550506,493.684524903972,8.29175135346605,5.87168952093462,513.673196796495,519.982015069836,6.30881827334065,5.15464561857035,546.69443944874,546.33023022251,-0.364209226229718,5.69689470082249,62.411998486491,64.143789763577,1.73179127708596,5.73671429255634,90.6924217324803,90.4412799294409,-0.251141803039445,5.67774036479669,123.713664384725,116.789495082115,-6.92416930260981,5.93486171897484,28.2804232459893,26.2974901658639,-1.98293308012541,5.41427065273557,61.3016658982339,52.6457053185382,-8.65596057969577,5.98046019548793,33.0212426522446,26.3482151526742,-6.67302749957037,5.31978048981823
books_h,BEL,36,424.90232055316,428.6192701201,3.71694956694051,5.96976733257182,484.749435370696,485.280991552495,0.531556181798919,5.75997172570085,514.69946214374,513.285528579361,-1.41393356437891,5.25391444581127,539.515763008277,539.213167065606,-0.302595942671701,5.57372746925687,59.8471148175368,56.6617214323952,-3.18539338514159,5.86175749215139,89.7971415905806,84.6662584592612,-5.13088313131942,6.00039122699771,114.613442455118,110.593896945505,-4.01954550961221,6.36474799280632,29.9500267730438,28.0045370268659,-1.94548974617783,5.7437545062114,54.7663276375807,53.9321755131101,-0.83415212447062,5.90831568498971,24.816300864537,25.9276384862442,1.11133762170721,5.22862679578605
books_h,CAN,36,472.301335588256,471.647098847414,-0.654236740841839,4.69797758137165,514.496477126457,507.243426120379,-7.25305100607739,4.47449742725372,531.424164942278,528.316531720487,-3.10763322179116,4.56110341119978,548.229744469962,543.896438095194,-4.33330637476797,5.0442604892907,42.1951415382007,35.5963272729652,-6.59881426523555,3.88943549935041,59.1228293540225,56.6694328730732,-2.45339648094932,4.08695719872076,75.9284088817062,72.24933924778,-3.67906963392613,4.63795302604545,16.9276878158217,21.073105600108,4.14541778428622,3.74865173497963,33.7332673435054,36.6530119748148,2.91974463130941,4.26396089172345,16.8055795276837,15.5799063747069,-1.22567315297681,4.19593570658954
books_h,CHE,36,438.900388933113,438.900822229836,0.000433296722917476,5.36111295135592,495.532439497032,494.127958300667,-1.40448119636454,5.53926059573293,520.800781520757,523.059467834342,2.25868631358514,5.35943004090643,555.961341311254,553.943461455204,-2.01787985605006,5.93723342629084,56.632050563919,55.2271360708315,-1.40491449308746,5.03839132933794,81.9003925876435,84.1586456045058,2.25825301686223,5.53188141667959,117.060952378141,115.042639225368,-2.01831315277298,6.62731456035626,25.2683420237245,28.9315095336742,3.66316750994969,4.9173357799218,60.4289018142225,59.815503154537,-0.613398659685515,5.95224436477505,35.1605597904979,30.8839936208627,-4.2765661696352,5.88298136882534
books_h,CHL,36,404.857471315694,410.023937966824,5.16646665113024,5.8662163215436,430.745731545084,432.60653438183,1.86080283674693,5.61526118308884,457.047864056521,454.669398255332,-2.37846580118895,5.41617764113886,489.997507925976,481.455215963943,-8.54229196203352,5.43866922737015,25.8882602293893,22.582596415006,-3.30566381438331,5.4388313145525,52.1903927408268,44.6454602885077,-7.54493245231919,5.95234055040947,85.1400366102821,71.4312779971183,-13.7087586131638,5.85592379875115,26.3021325114376,22.0628638735017,-4.23926863793588,5.32413649010929,59.2517763808928,48.8486815821124,-10.4030947987804,5.05000005697495,32.9496438694553,26.7858177086107,-6.16382616084457,4.99662976193722
books_h,COL,36,378.255077116684,379.438949741552,1.18387262486874,5.3632117884125,398.280877090466,406.289440759118,8.0085636686515,5.69361213403908,421.3538155107,423.557825395441,2.20400988474103,5.99966724354959,455.253714135701,457.353267231411,2.09955309571006,7.01334608968477,20.0257999737829,26.8504910175656,6.82469104378276,5.20577681176255,43.0987383940165,44.1188756538888,1.02013725987229,5.08170131018955,76.998637019017,77.9143174898583,0.915680470841323,6.35372664605838,23.0729384202336,17.2683846363232,-5.80455378391048,5.03514908125605,56.9728370452341,51.0638264722927,-5.90901057294144,6.80738786578988,33.8998986250004,33.7954418359695,-0.104456789030962,6.0601227051865
books_h,CZE,36,431.419302013608,427.783435415933,-3.63586659767429,5.79504345146123,492.855558749562,489.586801967963,-3.26875678159905,5.32708687112328,519.497248080345,506.490067481519,-13.0071805988256,5.549031619279,546.59454747641,537.0205950922,-9.57395238421032,6.60467143813163,61.4362567359547,61.80336655203,0.367109816075242,5.64295287246264,88.0779460667372,78.706632065586,-9.37131400115129,5.99419386920179,115.175245462802,109.237159676266,-5.93808578653602,7.38529147622021,26.6416893307825,16.903265513556,-9.73842381722653,4.8813669480269,53.7389887268476,47.4337931242363,-6.30519560261126,6.54555550879633,27.0972993960651,30.5305276106803,3.43322821461527,6.23173965961849
books_h,DEU,36,422.234044758063,416.516504126121,-5.71754063194283,6.67077613874569,488.848497077433,476.80990841725,-12.0385886601824,5.95926812038056,519.278156566714,517.843384926315,-1.43477164039882,5.91251869806981,557.580482601487,557.301729651636,-0.2787529498504,6.29611064072599,66.6144523193692,60.2934042911296,-6.3210480282396,6.33910166179768,97.0441118086508,101.326880800195,4.282768991544,7.13184891326109,135.346437843423,140.785225525516,5.43878768209243,7.64369583792162,30.4296594892816,41.0334765090652,10.6038170197836,5.38955982842835,68.731985524054,80.4918212343861,11.759835710332,6.30022704540097,38.3023260347725,39.4583447253209,1.15601869054842,5.99513268555387
books_h,DNK,36,447.954717647422,429.672249217306,-18.282468430116,5.40813294073266,490.628913305309,474.579632159738,-16.0492811455716,6.21122292102286,506.390251620368,494.004894700383,-12.3853569199852,5.48788954785598,532.839305314898,517.365984654066,-15.473320660832,6.20338510401223,42.6741956578866,44.9073829424311,2.23318728454444,6.22427178593348,58.4355339729458,64.3326454830766,5.8971115101308,5.96628136560337,84.8845876674752,87.6937354367593,2.80914776928404,6.38210033844768,15.7613383150592,19.4252625406455,3.66392422558636,5.99502551196981,42.2103920095886,42.7863524943282,0.575960484739596,6.80694400332482,26.4490536945294,23.3610899536827,-3.08796374084676,6.13229947108436
books_h,ESP,36,436.030053696133,431.174792424298,-4.85526127183442,4.61012592961089,480.737376844434,476.839554735307,-3.89782210912784,4.46976122960948,501.54700750718,495.323741278518,-6.22326622866262,4.2377324179919,522.922374280116,515.484515508016,-7.43785877210019,4.44893702542796,44.7073231483018,45.6647623110084,0.957439162706578,3.93176586832596,65.5169538110479,64.1489488542197,-1.3680049568282,4.23349827590415,86.8923205839835,84.3097230837178,-2.58259750026576,3.86402139727799,20.8096306627461,18.4841865432113,-2.32544411953478,3.38149752809486,42.1849974356817,38.6449607727094,-3.54003666297234,4.07712775249463,21.3753667729357,20.1607742294981,-1.21459254343756,3.6093800308549
books_h,EST,36,481.157489439461,481.804566594747,0.647077155285729,5.0713047476467,520.083732677598,523.276146629709,3.19241395211031,5.06428599676807,536.052400270503,543.516221938873,7.46382166836906,5.16323188227363,567.651739904846,563.209539338745,-4.4422005661005,5.50861532848589,38.9262432381374,41.471580034962,2.54533679682459,4.91666981509524,54.8949108310426,61.7116553441259,6.81674451308334,5.13464537347912,86.494250465385,81.4049727439988,-5.08927772138623,5.82739960555114,15.9686675929051,20.2400753091639,4.27140771625875,4.50376578768284,47.5680072272476,39.9333927090368,-7.63461451821081,5.31632948291556,31.5993396343424,19.6933173998729,-11.9060222344696,5.51646748173577
books_h,FIN,36,465.575589436427,458.955316918538,-6.62027251788896,5.78925501156731,506.046186054466,502.731943962088,-3.31424209237798,5.35177092615136,524.006773449716,520.653870842902,-3.35290260681393,5.46095234911165,553.938290858768,546.790823839613,-7.14746701915487,5.62550644845347,40.4705966180392,43.7766270435502,3.30603042551098,5.58867149496083,58.431184013289,61.698553924364,3.26736991107504,5.63485528109907,88.3627014223409,87.835506921075,-0.52719450126591,5.70338691570913,17.9605873952498,17.9219268808138,-0.0386605144359464,5.18429169841095,47.8921048043017,44.0588798775248,-3.83322492677689,5.42616902957733,29.9315174090519,26.136952996711,-3.79456441234095,5.29367749121212
books_h,FRA,36,418.323895086521,418.810257442094,0.486362355572624,5.89954569980434,473.135315066685,476.713242386846,3.57792732016128,5.59382001484931,511.488278200585,511.921632449743,0.433354249158526,5.60933170013871,548.676497764324,537.371304391264,-11.3051933730593,5.98097718569119,54.8114199801637,57.9029849447524,3.09156496458866,5.43015243074064,93.1643831140634,93.1113750076493,-0.0530081064140973,6.11340869482184,130.352602677803,118.561046949171,-11.7915557286319,6.66784475281374,38.3529631338997,35.2083900628969,-3.14457307100275,5.23283027779818,75.5411826976388,60.6580620044182,-14.8831206932206,5.98680522174973,37.1882195637392,25.4496719415213,-11.7385476222178,5.1500927882246
books_h,GBR,36,442.222652375658,457.719622135933,15.4969697602749,5.17791589972093,492.334644832769,503.70259005706,11.3679452242906,5.34707323605779,520.664551418697,530.061715299455,9.39716388075772,5.28927296477635,556.500586454297,564.1595559816,7.6589695273027,6.43206374944356,50.1119924571108,45.9829679211265,-4.12902453598434,5.09154229601515,78.4418990430389,72.3420931635217,-6.09980587951719,5.6671147719936,114.277934078639,106.439933845666,-7.83800023297221,7.06750826630281,28.3299065859281,26.3591252423952,-1.97078134353285,5.3974078209641,64.1659416215277,60.4569659245398,-3.70897569698786,6.66750767122879,35.8360350355996,34.0978406821446,-1.73819435345501,6.54986205064991
books_h,GRC,36,395.839457152544,392.134747392457,-3.7047097600863,5.78610337403908,437.589496406808,423.206458584166,-14.3830378226419,5.50411189839614,457.169729697415,452.244879017274,-4.92485068014105,5.29789059425065,474.248270185455,476.294349589677,2.0460794042213,6.62066867197269,41.7500392542642,31.0717111917086,-10.6783280625556,5.49592868738697,61.3302725448713,60.1101316248165,-1.22014092005475,5.26698661430311,78.4088130329118,84.1596021972194,5.75078916430761,6.52132362603237,19.5802332906071,29.0384204331079,9.45818714250083,4.91448023319763,36.6587737786476,53.0878910055108,16.4291172268632,5.67795535327226,17.0785404880405,24.0494705724029,6.97093008436235,5.69202380394549
books_h,HUN,36,411.516006216217,409.801085899759,-1.71492031645812,5.69573590661033,480.02462003011,477.325438100693,-2.69918192941776,5.22911816837651,513.973533285975,504.123746360525,-9.84978692545002,5.43958965044969,540.237220481844,531.073288904843,-9.16393157700043,6.50729020321671,68.5086138138931,67.5243522009335,-0.984261612959642,5.91789141941812,102.457527069758,94.3226604607657,-8.1348666089919,6.21021206043698,128.721214265626,121.272203005084,-7.44901126054231,7.32374262150321,33.9489132558645,26.7983082598322,-7.15060499603226,5.12829861469575,60.2126004517334,53.7478508041507,-6.46474964758266,6.43340749859552,26.2636871958689,26.9495425443185,0.685855348449593,5.63847520957542
books_h,IRL,36,451.911824351527,449.306817156608,-2.60500719491984,5.55656644189443,501.432355257904,493.814363607465,-7.61799165043863,5.03188846612802,521.531410272993,516.393884629548,-5.13752564344463,5.1028880740062,543.77876996715,542.663451642973,-1.11531832417666,5.20491545164647,49.5205309063766,44.5075464508578,-5.01298445551879,5.409866486147,69.6195859214653,67.0870674729405,-2.5325184485248,5.57160105971215,91.8669456156222,93.3566344863654,1.48968887074318,5.92654982460279,20.0990550150887,22.5795210220826,2.48046600699399,5.1993212190632,42.3464147092456,48.8490880355075,6.50267332626197,5.37044469073559,22.2473596941569,26.2695670134249,4.02220731926798,5.13323775737756
books_h,ISL,36,405.203087025407,395.802753245544,-9.40033377986333,5.33238805693044,440.754125499966,439.595572580633,-1.15855291933269,5.77782529799817,462.352011837629,458.06254156361,-4.28947027401921,6.03430323951574,481.612236934444,482.14211347491,0.529876540465466,5.71167381835197,35.5510384745585,43.7928193350892,8.24178086053064,5.95749212155739,57.1489248122223,62.2597883180664,5.11086350584412,6.75254547872438,76.409149909037,86.3393602293658,9.9302103203288,6.71931323426174,21.5978863376637,18.4669689829772,-3.13091735468652,7.36443634291063,40.8581114344784,42.5465408942766,1.68842945979816,7.13057863867919,19.2602250968147,24.0795719112994,4.81934681448468,6.92723924655062
books_h,ISR,36,409.591747311334,391.039211699267,-18.5525356120671,6.58090173208589,461.488623848832,444.68092737184,-16.8076964769923,6.16794691138418,489.134646768024,474.367476122412,-14.7671706456119,6.31105697781108,507.801878360476,488.965741559237,-18.8361368012392,8.11306865993718,51.8968765374974,53.6417156725722,1.74483913507481,5.60041667368714,79.542899456689,83.3282644231442,3.78536496645523,6.85215861974985,98.2101310491417,97.9265298599697,-0.283601189172032,8.93368686692265,27.6460229191916,29.686548750572,2.04052583138042,6.29451231763173,46.3132545116443,44.2848141873975,-2.02844032424684,7.62255407230705,18.6672315924527,14.5982654368254,-4.06896615562727,7.56450422383138
books_h,ITA,36,429.65002702367,432.434644070096,2.78461704642604,5.38915481203287,471.955240092623,478.062971147369,6.10773105474567,5.47814238622063,493.476176237154,499.384596354883,5.90842011772816,5.75820577162169,517.270602992129,524.606287032788,7.33568404065886,6.21308869919441,42.3052130689532,45.6283270772728,3.32311400831964,5.15648753165503,63.8261492134847,66.9499522847868,3.12380307130212,5.6716953151707,87.6205759684591,92.1716429626919,4.55106699423283,6.29573272192494,21.5209361445315,21.321625207514,-0.199310937017515,4.62507304167822,45.3153628995058,46.543315885419,1.22795298591319,5.21248972162098,23.7944267549743,25.221690677905,1.42726392293071,5.08324407808776
books_h,JPN,36,510.774181365321,496.691227527111,-14.0829538382105,6.94759059179282,544.440120062764,540.048619425472,-4.3915006372921,6.1263095273935,559.476905364597,552.147113502569,-7.3297918620284,6.01291940482224,573.694623930469,570.014808870539,-3.67981505993055,6.80008631040174,33.6659386974428,43.3573918983612,9.69145320091837,6.24277029528994,48.702723999276,55.4558859754581,6.75316197618207,6.58937002173874,62.9204425651479,73.3235813434279,10.4031387782799,6.94609964282842,15.0367853018332,12.0984940770969,-2.9382912247363,5.13730261697966,29.2545038677051,29.9661894450667,0.71168557736155,5.50282021184402,14.2177185658719,17.8676953679698,3.64997680209785,5.22391935938812
books_h,KOR,36,484.403983725639,494.201734766072,9.79775104043279,7.58886974942563,523.568707718316,520.405178359112,-3.16352935920361,7.61182056003481,546.264059396337,540.393619490671,-5.87043990566554,6.44392521778882,559.579321996758,555.46035764773,-4.11896434902735,7.85878302846386,39.1647239926766,26.2034435930402,-12.9612803996364,8.92448138850686,61.8600756706974,46.1918847245991,-15.6681909460983,7.87478522648877,75.1753382711187,61.2586228816586,-13.9167153894601,8.60518657188995,22.6953516780209,19.9884411315589,-2.70691054646193,6.84282133634329,36.0106142784422,35.0551792886184,-0.955434989823743,9.63636497672774,13.3152626004213,15.0667381570595,1.75147555663818,7.18042257357553
books_h,LTU,36,436.61807772212,448.385593270844,11.7675155487236,4.9334470152927,476.477228136892,481.00770270409,4.53047456719844,4.85631585162292,499.774436207197,504.217107511173,4.44267130397589,4.86760982647885,528.694838854346,520.024694473373,-8.67014438097317,5.75691719991341,39.8591504147711,32.622109433246,-7.23704098152513,4.71544883155089,63.156358485077,55.8315142403293,-7.32484424474768,4.74087368408617,92.076761132226,71.6391012025293,-20.4376599296967,5.83028691878318,23.2972080703059,23.2094048070833,-0.0878032632225541,4.28863074753222,52.2176107174549,39.0169917692833,-13.2006189481716,5.66552600689942,28.920402647149,15.8075869621999,-13.1128156849491,5.37585926123358
books_h,LVA,36,456.158759003474,427.243350819558,-28.9154081839156,5.62954500453448,490.394218087562,463.922396521724,-26.4718215658381,5.40386314441304,504.534687535645,484.78805607374,-19.746631461905,5.02964095107434,526.764616318405,503.344867541131,-23.4197487772746,4.81262585089181,34.2354590840882,36.6790457021658,2.44358661807752,5.19379635834369,48.3759285321715,57.5447052541821,9.16877672201059,5.13429719738675,70.6058573149316,76.1015167215726,5.49565940664104,5.12538550550446,14.1404694480833,20.8656595520163,6.72519010393307,4.73702697047864,36.3703982308433,39.4224710194068,3.05207278856352,4.94109556135882,22.2299287827601,18.5568114673905,-3.67311731536955,4.79808212449935
books_h,MEX,36,388.606493463667,386.183612201519,-2.42288126214834,4.52454855479971,401.325460389909,404.080158219343,2.75469782943395,4.64053962507617,415.917396226357,421.129893448881,5.2124972225248,5.26552502047039,434.242167810606,444.678565898046,10.4363980874401,6.27654105114483,12.718966926242,17.8965460178243,5.17757909158229,3.70153749486617,27.3109027626892,34.9462812473624,7.63537848467314,4.50194251840788,45.6356743469389,58.4949536965273,12.8592793495885,6.12760088585513,14.5919358364473,17.0497352295381,2.45779939309085,4.55955928372142,32.9167074206969,40.598407678703,7.68170025800617,6.18196559059617,18.3247715842496,23.5486724491649,5.22390086491532,4.63150210228021
books_h,NLD,36,417.576284418585,423.42158190197,5.84529748338548,7.38612015349422,479.797670411793,476.53234220976,-3.26532820203357,7.04072785127625,518.314126409257,511.483215662917,-6.83091074633921,6.37900602968519,547.169122678972,536.334698164567,-10.8344245144052,7.00429376959116,62.2213859932088,53.1107603077897,-9.11062568541905,6.6880986889479,100.737841990672,88.0616337609474,-12.6762082297247,7.74049262055965,129.592838260388,112.913116262597,-16.6797219977907,8.51096491624327,38.5164559974633,34.9508734531577,-3.56558254430564,6.91097999354579,67.3714522671789,59.8023559548073,-7.56909631237164,8.53502744214165,28.8549962697156,24.8514825016496,-4.003513768066,7.06007664959674
books_h,NOR,36,423.567301618342,424.636233775498,1.06893215715536,5.13679929905771,479.125028373385,469.58837145435,-9.53665691903529,5.42068306590754,501.747976962913,491.768450076925,-9.97952688598809,5.39034276039214,517.442749125742,508.272880330796,-9.16986879494601,5.86310442209084,55.557726755043,44.9521376788524,-10.6055890761907,5.59084052504991,78.1806753445708,67.1322163014274,-11.0484590431435,5.36452135107638,93.8754475073996,83.6366465552982,-10.2388009521014,6.02302719897895,22.6229485895278,22.180078622575,-0.442869966952799,5.8354047555061,38.3177207523566,38.6845088764459,0.366788124089283,5.96487677655196,15.6947721628288,16.5044302538709,0.809658091042081,5.82054051911643
books_h,NZL,36,445.912898991572,454.250644375048,8.33774538347552,5.72085850684877,503.471423047891,510.555481002397,7.08405795450625,6.15768010255176,527.040332527211,525.604257577652,-1.43607494955938,5.50391788064882,548.16139659147,561.719897153017,13.5585005615467,5.73596170062657,57.5585240563187,56.3048366273494,-1.25368742896927,6.4497640258339,81.127433535639,71.3536132026041,-9.77382033303491,6.24912997042323,102.248497599898,107.469252777969,5.22075517807116,6.51825220884622,23.5689094793203,15.0487765752547,-8.52013290406563,6.85515548574556,44.6899735435789,51.1644161506193,6.47444260704043,6.93073724143657,21.1210640642586,36.1156395753646,14.9945755111061,6.02130845631321
books_h,POL,36,451.966123690106,445.913644390489,-6.05247929961723,6.01494692786586,489.12132382134,489.118451596085,-0.00287222525469133,5.52719561958232,517.386632543275,513.333788687135,-4.05284385613902,5.1963932823213,540.900123106476,541.10737820416,0.207255097683856,6.11515242313556,37.1552001312338,43.2048072055963,6.04960707436254,5.4153556415948,65.4205088531683,67.4201442966465,1.99963544347821,5.97389745270292,88.9339994163701,95.1937338136712,6.25973439730109,7.28190085053126,28.2653087219346,24.2153370910502,-4.04997163088433,4.70412630745962,51.7787992851364,51.9889266080749,0.210127322938547,5.9393595174394,23.5134905632018,27.7735895170247,4.26009895382288,5.45032441053099
books_h,PRT,36,431.98465537204,429.878897551646,-2.10575782039382,6.08997974446312,472.26442047767,470.758201609841,-1.50621886782966,5.66748721631371,502.149754793772,504.428220950668,2.27846615689526,5.49325757162798,533.242815987806,525.727789766623,-7.51502622118346,5.90234048073431,40.27976510563,40.8793040581942,0.59953895256416,5.22610913263722,70.1650994217321,74.5493233990212,4.38422397728908,5.55861170376767,101.258160615766,95.8488922149763,-5.40926840078964,6.41305800633818,29.8853343161021,33.670019340827,3.78468502472492,4.80431751250653,60.978395510136,54.9695881567822,-6.0088073533538,5.96338885032537,31.0930611940339,21.2995688159551,-9.79349237807872,5.50415052672418
books_h,SVK,36,377.162772984887,398.105019850011,20.9422468651246,6.57382043228389,460.1480405567,476.162574201229,16.0145336445289,5.40536902060501,494.875216411067,500.411109014298,5.53589260323065,5.46189500898695,519.037355499229,529.28844591267,10.2510904134411,6.29221329851972,82.9852675718129,78.0575543512173,-4.92771322059565,6.66212818184856,117.71244342618,102.306089164286,-15.4063542618939,7.13285428045523,141.874582514342,131.183426062658,-10.6911564516834,7.98091947167389,34.7271758543673,24.248534813069,-10.4786410412983,5.26093838194884,58.8893149425287,53.1258717114409,-5.76344323108776,5.83562983007514,24.1621390881614,28.8773368983719,4.7151978102105,5.85542656026323
books_h,SVN,36,445.99125715566,425.237449871842,-20.7538072838177,4.90381825983869,492.88409999164,483.819831406235,-9.0642685854051,5.29630462286593,517.880880148336,504.687475766336,-13.1934043819999,4.94104948865988,545.043718150816,530.434351924522,-14.6093662262946,5.12714783338509,46.8928428359795,58.5823815343921,11.6895386984126,5.68214558516477,71.8896229926755,79.4500258944934,7.56040290181784,5.41064788149548,99.052460995156,105.196902052679,6.14444105752313,5.6237212635793,24.996780156696,20.8676443601012,-4.12913579659477,6.14977403915134,52.1596181591765,46.614520518287,-5.54509764088948,5.89357897110977,27.1628380024805,25.7468761581858,-1.41596184429471,5.89227478808429
books_h,SWE,36,427.776683062135,425.525435542389,-2.25124751974545,5.70759681061873,490.732992958433,475.596931003765,-15.1360619546674,5.64787225310901,512.954364971166,511.248529294379,-1.70583567678756,5.56946359556168,547.5803980539,539.840003259408,-7.74039479449164,5.8748781805558,62.9563098962979,50.071495461376,-12.884814434922,5.6631717369586,85.1776819090317,85.7230937519896,0.54541184295789,6.2016062981224,119.803714991765,114.314567717019,-5.48914727474619,6.75119299146356,22.2213720127338,35.6515982906137,13.4302262778799,5.85651489208526,56.8474050954669,64.2430722556427,7.39566716017578,5.60557654453209,34.6260330827331,28.591473965029,-6.03455911770408,5.41989969929662
books_h,TUR,36,425.880010925299,446.460981176156,20.5809702508573,5.31255438405715,468.128382524997,488.507708464504,20.3793259395076,5.13979147102537,493.412752601623,508.277296367964,14.8645437663413,4.78962953323066,516.679931748435,535.221317558216,18.5413858097808,5.51338460488476,42.2483715996976,42.0467272883479,-0.201644311349696,4.36711539938417,67.5327416763234,61.8163151918075,-5.71642648451592,4.75766854795668,90.799920823136,88.7603363820595,-2.0395844410765,5.7381274442077,25.2843700766258,19.7695879034596,-5.51478217316623,4.44496198619917,48.5515492234384,46.7136090937116,-1.8379401297268,5.08682491475538,23.2671791468126,26.944021190252,3.67684204343942,5.06549407441545
books_h,USA,36,433.658553301677,436.602033161326,2.94347985964953,7.5398291003277,488.790014626205,486.329657949352,-2.46035667685243,8.71729697485152,521.058683854066,526.629505389087,5.57082153502142,13.4671610338557,555.776218558417,556.302771329002,0.526552770584999,11.99520653023,55.1314613245278,49.7276247880258,-5.40383653650196,8.81117910108683,87.4001305523892,90.0274722277611,2.6273416753719,13.9821681574606,122.117665256741,119.700738167676,-2.41692708906453,12.2571846779721,32.2686692278614,40.2998474397353,8.03117821187385,11.1533432017538,66.9862039322128,69.9731133796502,2.98690944743743,10.1599734002553,34.7175347043514,29.6732659399149,-5.04426876443642,10.8318255117251
books_h,OECD,36,433.41471047381,432.618759001186,-0.795951472624438,3.22038177846764,480.903454817648,479.042913840815,-1.86054097683325,3.21561891410381,505.268280010426,503.16735615254,-2.10092385788641,3.22146454154177,531.510425949172,528.168458394127,-3.34196755504513,3.24668911565846,47.4887443438381,46.4241548396293,-1.06458950420881,0.950221021450917,71.8535695366162,70.5485971513542,-1.30497238526198,1.03613656285524,98.0957154753623,95.5496993929416,-2.54601608242069,1.13018099253988,24.3648251927781,24.1244423117249,-0.240382881053165,0.930233497293408,50.6069711315242,49.1255445533123,-1.48142657821188,1.04493823581627,26.2421459387461,25.0011022415874,-1.24104369715872,0.976824190140504
books_h,OECD35,35,433.339986381744,432.660015189097,-0.679971192646917,3.22486733313545,480.908199902597,479.105866958115,-1.80233294448198,3.2199967784849,505.374602081948,503.391459434655,-1.98314264729265,3.2264280987869,531.755798854003,528.530856762302,-3.22494209170065,3.25283774965202,47.5682135208535,46.4458517690184,-1.12236175183506,0.970892929504242,72.0346157002038,70.7314442455581,-1.30317145464574,1.05885415402842,98.4158124722588,95.870841573205,-2.54497089905374,1.15721759935182,24.4664021793503,24.2855924765397,-0.180809702810677,0.951921281414607,50.8475989514053,49.4249898041866,-1.42260914721868,1.06846223173735,26.381196772055,25.139397327647,-1.241799444408,0.999427093756908
escs_cc,AUS,36,463.791748436062,479.204469427867,15.4127209918047,5.08404346685875,496.264254725837,511.020730505205,14.7564757793676,4.80489005595635,529.57922172102,542.153010735917,12.5737890148971,4.86077597783236,565.95309854907,553.748826675182,-12.2042718738882,5.04026763565852,32.4725062897747,31.8162610773376,-0.656245212437113,5.07394955575447,65.7874732849575,62.9485413080498,-2.83893197690765,5.15785882217118,102.161350113007,74.5443572473145,-27.6169928656929,5.62529788088866,33.3149669951828,31.1322802307122,-2.18268676447053,4.48792231940799,69.6888438232327,42.7280961699769,-26.9607476532558,4.9063779117084,36.3738768280499,11.5958159392646,-24.7780608887853,4.36263022777296
escs_cc,AUT,36,441.627823858531,459.853995880942,18.2261720224111,5.81490882545941,483.993452751701,501.5486573964,17.555204644699,5.45161171227071,522.759187253559,529.66398479628,6.90479754272064,5.35625422048883,557.576289995212,554.598271728975,-2.97801826623618,5.38450791006032,42.3656288931703,41.6946615154582,-0.670967377712088,5.70958278348989,81.131363395028,69.8099889153376,-11.3213744796904,5.35137244541064,115.948466136681,94.7442758480333,-21.2041902886472,6.16869726431571,38.7657345018577,28.1153273998793,-10.6504071019783,5.35770806468384,73.5828372435102,53.0496143325751,-20.5332229109351,5.40517973568089,34.8171027416526,24.9342869326957,-9.88281580895682,5.11568641970702
escs_cc,BEL,36,441.584510198296,466.2259049838,24.6413947855031,5.69968195106005,480.821440761696,502.099608419717,21.278167658021,4.93782577971114,521.114234076064,536.922376248884,15.8081421728201,5.16284701047496,555.966320957489,554.098307954953,-1.86801300253615,5.62359741673102,39.2369305633998,35.8737034359177,-3.36322712748211,5.35820316713077,79.5297238777678,70.6964712650848,-8.833252612683,5.94558132383045,114.381810759192,87.8724029711531,-26.5094077880393,6.33614865011518,40.292793314368,34.8227678291671,-5.47002548520089,4.7294252941808,75.1448801957925,51.9986995352354,-23.1461806605572,5.50085959323511,34.8520868814245,17.1759317060682,-17.6761551753563,4.89144809286752
escs_cc,CAN,36,486.798287030277,492.305807885861,5.50752085558378,4.71914732752352,509.98938744108,521.058299031267,11.0689115901873,4.30239538129627,534.467519572734,545.760015326548,11.2924957538143,4.56319034200354,556.96942707504,545.706231646301,-11.2631954287391,5.24442255305594,23.1911004108028,28.7524911454064,5.56139073460355,4.19542352015909,47.6692325424569,53.4542074406874,5.78497489823047,4.39342989215541,70.1711400447634,53.4004237604406,-16.7707162843229,4.97245852912156,24.4781321316541,24.701716295281,0.223584163626924,3.70955160404769,46.9800396339606,24.6479326150342,-22.3321070189264,4.26706207077439,22.5019075023065,-0.0537836802468519,-22.5556911825534,4.5441243452624
escs_cc,CHE,36,454.897170340901,470.386675456907,15.4895051160055,5.78110391485131,492.804224074093,507.913681481919,15.109457407826,5.52541457963045,527.427891629016,539.687271409126,12.2593797801109,5.55339387525152,570.060397317514,563.522166001586,-6.53823131592822,5.55620673853615,37.9070537331918,37.5270060250122,-0.380047708179575,5.59071063799601,72.5307212881141,69.3005959522195,-3.23012533589468,6.33413897075295,115.163226976613,93.1354905446792,-22.0277364319338,6.59559710437497,34.6236675549224,31.7735899272072,-2.85007762771511,5.58057368343969,77.2561732434211,55.608484519667,-21.6476887237542,5.46698955553399,42.6325056884988,23.8348945924597,-18.7976110960391,6.01520383749338
escs_cc,CHL,36,415.928984129186,425.917368219768,9.9883840905822,6.07483179989538,440.707864186128,440.361001876579,-0.346862309549749,5.49999254968069,457.244010345744,460.629360434766,3.38535008902238,5.5709609815226,495.255597177946,500.279345720417,5.0237485424712,5.4615198964516,24.7788800569421,14.4436336568102,-10.335246400132,5.54880969060355,41.3150262165573,34.7119922149975,-6.60303400155982,6.31101478934824,79.3266130487597,74.3619775006487,-4.96463554811101,6.93800897435724,16.5361461596152,20.2683585581873,3.73221239857213,5.58259925568281,54.5477329918176,59.9183438438386,5.37061085202095,5.54008080557999,38.0115868322024,39.6499852856512,1.63839845344882,5.87865409053852
escs_cc,COL,36,378.077959631339,385.709565402716,7.63160577137728,5.42089621404925,400.60696584722,414.273381305658,13.6664154584385,5.66437809026685,418.305701026679,436.554468708466,18.2487676817861,6.16809946627356,467.570448877281,482.557187056306,14.9867381790246,8.16022016975882,22.5290062158811,28.5638159029422,6.03480968706117,5.32604241888649,40.2277413953407,50.8449033057496,10.6171619104088,6.08500961787782,89.4924892459425,96.8476216535898,7.35513240764732,9.1145625109046,17.6987351794597,22.2810874028073,4.58235222334764,5.03574985210361,66.9634830300614,68.2838057506476,1.32032272058615,8.46427361441366,49.2647478506017,46.0027183478402,-3.26202950276149,7.98235138421013
escs_cc,CZE,36,441.02657544929,456.565777597395,15.5392021481046,5.40375366133814,495.461716830843,489.324637817916,-6.13707901292673,5.16971412796485,514.980967806651,514.112749231097,-0.868218575554693,5.69982216765332,560.276637205862,547.368940183885,-12.9076970219768,6.6665573556538,54.4351413815525,32.7588602205212,-21.6762811610313,5.25531435373587,73.9543923573612,57.5469716337019,-16.4074207236592,5.68141255128568,119.250061756572,90.8031625864903,-28.4468991700813,7.55069872277227,19.5192509758086,24.7881114131807,5.26886043737204,5.18718810613405,64.8149203750192,58.0443023659691,-6.77061800905005,6.17971488880442,45.2956693992105,33.2561909527884,-12.0394784464221,6.60035147568619
escs_cc,DEU,36,457.327951553743,456.71133131891,-0.616620234833135,6.39204500861273,493.686969764113,502.858065005727,9.17109524161447,6.3302249178252,520.56901707951,533.384899665517,12.8158825860064,6.34925139069202,570.180560348804,572.959865465875,2.77930511707029,6.30879725761446,36.3590182103702,46.1467336868178,9.7877154764476,6.41200125747079,63.2410655257675,76.673568346607,13.4325028208395,6.9694197625119,112.852608795062,116.248534146965,3.39592535190343,7.74018814222075,26.8820473153973,30.5268346597893,3.64478734439194,6.70175307884289,76.4935905846915,70.1018004601473,-6.39179012454417,7.14220743316666,49.6115432692942,39.5749658003581,-10.0365774689361,6.56888295056595
escs_cc,DNK,36,459.31522912806,457.259979395294,-2.05524973276607,5.55368064790381,485.216030868113,481.694992472407,-3.52103839570577,6.13135364272459,518.054866626455,515.072128377875,-2.98273824858018,5.90868530686069,532.976924978625,520.901834525213,-12.0750904534121,6.95807379287045,25.9008017400534,24.4350130771137,-1.4657886629397,6.03728865064553,58.7396374983955,57.8121489825814,-0.927488515814105,6.40635120541839,73.661695850565,63.641855129919,-10.0198407206461,7.79645617493665,32.8388357583421,33.3771359054677,0.538300147125597,7.02712828634087,47.7608941105116,39.2068420528053,-8.55405205770637,7.01553857969386,14.9220583521695,5.82970614733756,-9.09235220483197,7.58419273763431
escs_cc,ESP,36,453.219753174574,450.382830941952,-2.83692223262233,4.5019676919663,475.960302088684,476.319295578789,0.358993490104808,4.37807739487456,499.543362797362,504.112047624813,4.56868482745085,4.09569440542928,529.554885800507,517.863861616939,-11.6910241835683,4.40501874071563,22.7405489141098,25.9364646368369,3.19591572272714,3.65043646874501,46.3236096227882,53.7292166828614,7.40560706007318,3.75396494470375,76.335132625933,67.481030674987,-8.85410195094596,4.1944186232084,23.5830607086784,27.7927520460245,4.20969133734604,3.07548797891337,53.5945837118233,41.5445660381502,-12.0500176736731,3.91781035546597,30.0115230031448,13.7518139921257,-16.2597090110191,3.54822901652622
escs_cc,EST,36,494.022291423333,495.713003669726,1.69071224639276,5.31119719860438,515.444375508327,520.427576129833,4.98320062150572,5.1903119177321,540.326013429506,553.249729793259,12.9237163637533,5.12682212553159,570.113387670741,563.013839995236,-7.09954767550482,5.7129695150082,21.4220840849942,24.7145724601072,3.29248837511295,5.2871843029181,46.303722006173,57.5367261235336,11.2330041173606,5.11301801684106,76.0910962474083,67.3008363255107,-8.79025992189759,6.35101536502011,24.8816379211788,32.8221536634264,7.94051574224761,5.35597654867213,54.6690121624141,42.5862638654036,-12.0827482970105,5.71914649005386,29.7873742412353,9.76411020197713,-20.0232640392582,5.36401587196064
escs_cc,FIN,36,475.951528238221,479.247859816034,3.29633157781279,5.39362391967769,500.621153961032,505.436209912722,4.8150559516892,5.1527820194626,531.526437441629,538.482585046816,6.95614760518697,5.31982113236099,563.644196101255,553.00921014228,-10.6349859589743,5.39553236050007,24.6696257228114,26.1883500966878,1.51872437387641,4.99373396623799,55.5749092034083,59.2347252307824,3.65981602737418,5.36973811252258,87.6926678630337,73.7613503262466,-13.9313175367871,5.64730913845532,30.9052834805969,33.0463751340947,2.14109165349777,5.10742115283,63.0230421402224,47.5730002295588,-15.4500419106635,5.29435832826818,32.1177586596255,14.5266250954642,-17.5911335641613,5.24371603013532
escs_cc,FRA,36,441.549744093649,462.306382977087,20.7566388834388,6.00134691537148,481.171633878121,490.804828344496,9.63319446637593,5.61627771586235,514.672562906666,523.636469649182,8.96390674251597,5.65810163984082,557.498906701546,550.705687018875,-6.7932196826705,5.91652187976439,39.6218897844721,28.4984453674092,-11.1234444170629,5.74451640988319,73.1228188130177,61.3300866720948,-11.7927321409229,5.98012371719409,115.949162607897,88.3993040417878,-27.5498585661093,6.51958870003888,33.5009290285456,32.8316413046857,-0.669287723859952,5.64064399332215,76.3272728234251,59.9008586743786,-16.4264141490464,5.81383921134445,42.8263437948795,27.069217369693,-15.7571264251865,5.64752316771076
escs_cc,GBR,36,471.726999048411,490.296611798394,18.5696127499826,5.89955360268075,498.168196921036,521.439584395628,23.2713874745916,5.67713967954249,516.856585514598,541.65192407709,24.7953385624916,5.39570532670338,565.266309277932,569.90026183663,4.63395255869807,6.83145800622747,26.4411978726249,31.1429725972339,4.70177472460898,6.40584487299837,45.129586466187,51.3553122786959,6.22572581250893,6.45039225589555,93.5393102295208,79.6036500382362,-13.9356601912846,7.76791867971458,18.6883885935621,20.212339681462,1.52395108789995,5.80953093949658,67.0981123568959,48.4606774410023,-18.6374349158936,7.4416691870742,48.4097237633338,28.2483377595403,-20.1613860037935,6.55896181210232
escs_cc,GRC,36,409.520439778207,407.85973859075,-1.66070118745665,6.2149051132554,430.681464671732,432.200192065223,1.51872739349085,5.29236787088119,456.108824370423,463.295680019591,7.18685564916837,5.32313900468137,491.163899969112,482.645490918094,-8.51840905101756,6.20308420808964,21.1610248935253,24.3404534744728,3.1794285809475,6.16835944886853,46.588384592216,55.435941428841,8.84755683662502,6.08552551456981,81.6434601909053,74.7857523273444,-6.8577078635609,6.87882591292664,25.4273596986907,31.0954879543682,5.66812825567752,4.88592667118238,60.48243529738,50.4452988528716,-10.0371364445084,5.7237305704056,35.0550755986893,19.3498108985034,-15.7052647001859,5.44625731701764
escs_cc,HUN,36,429.369880742457,439.997267904846,10.6273871623887,6.12387576480412,474.459707195506,477.100948665802,2.64124147029594,5.58715177681719,509.952288723378,505.367444738511,-4.58484398486667,5.60096841426688,552.600183028339,538.2630661385,-14.337116889839,6.49765937603023,45.0898264530492,37.1036807609564,-7.98614569209281,6.44318440284511,80.5824079809211,65.3701768336657,-15.2122311472554,6.88637185502135,123.230302285882,98.2657982336543,-24.9645040522277,7.90427171316364,35.4925815278719,28.2664960727093,-7.2260854551626,5.45036249433091,78.1404758328328,61.1621174726979,-16.9783583601349,6.819646098838,42.6478943049609,32.8956213999886,-9.7522729049723,6.13582711794352
escs_cc,IRL,36,469.616806334768,473.717089305374,4.10028297060649,5.09198231125037,492.817575052163,495.495592842768,2.678017790605,5.03012636461717,517.917001074156,522.049541356259,4.13254028210304,5.08735292674626,546.294909258599,542.366715110049,-3.92819414855012,5.35662290125853,23.2007687173957,21.7785035373942,-1.42226518000149,5.1021547556007,48.300194739388,48.3324520508845,0.0322573114965508,5.3413399618162,76.6781029238309,68.6496258046743,-8.02847711915661,5.50463512509826,25.0994260219923,26.5539485134904,1.45452249149804,4.95285517852238,53.4773342064353,46.8711222672802,-6.60621193915512,5.35866250216938,28.377908184443,20.3171737537898,-8.06073443065316,4.93358602033684
escs_cc,ISL,36,412.164772223693,429.716471385051,17.5516991613575,5.60644455908327,449.881387873221,458.937307560958,9.05591968773666,5.76235321690762,465.310735424772,478.004776977945,12.6940415531726,5.81445632048939,493.072491206983,489.862514751581,-3.20997645540155,6.14772167265409,37.7166156495273,29.2208361759065,-8.49577947362087,6.7207026556467,53.1459632010788,48.2883055928938,-4.85765760818498,6.76133075861399,80.9077189832892,60.1460433665301,-20.7616756167591,7.54445511252372,15.4293475515514,19.0674694169873,3.63812186543589,6.85679875534949,43.1911033337619,30.9252071906237,-12.2658961431382,6.83658522038416,27.7617557822105,11.8577377736364,-15.9040180085741,7.00929200447005
escs_cc,ISR,36,418.001721635386,430.199866205244,12.1981445698585,6.64888502034665,460.943461279534,476.817046147679,15.8735848681453,6.9302562506612,504.080978068228,501.253328324427,-2.82764974380103,7.42508843285147,534.69931435262,516.21717888423,-18.4821354683907,6.86761046646423,42.9417396441478,46.6171799424346,3.67544029828679,7.33771646538962,86.079256432842,71.0534621191825,-15.0257943136596,8.0689383404974,116.697592717235,86.0173126789855,-30.6802800382492,7.78253686296917,43.1375167886942,24.4362821767479,-18.7012346119464,7.32086018412773,73.7558530730868,39.4001327365509,-34.355720336536,7.77776373349379,30.6183362843926,14.963850559803,-15.6544857245896,6.8670882044959
escs_cc,ITA,36,438.09277727545,453.018908723607,14.926131448157,5.64895145677201,471.973392880754,485.313513117558,13.3401202368041,5.63032371213175,490.718206105437,503.113396451791,12.3951903463539,5.38765290770702,523.257507791218,528.91093157665,5.65342378543255,6.41529918311512,33.8806156053045,32.2946043939516,-1.58601121135291,5.25054818857729,52.6254288299872,50.0944877281841,-2.53094110180314,5.78792617695162,85.1647305157684,75.892022853044,-9.27270766272449,6.68110202157185,18.7448132246827,17.7998833342325,-0.944929890450226,4.78329477634388,51.2841149104639,43.5974184590924,-7.68669645137157,6.10155884763381,32.5393016857813,25.7975351248599,-6.74176656092135,5.17431594123379
escs_cc,JPN,36,514.490096343476,509.174923284233,-5.31517305924291,7.21666361492152,542.065064410829,535.852159947855,-6.21290446297371,6.15482999452431,561.502702645625,559.796465800631,-1.70623684499367,6.23166368928153,585.924816293538,579.502134583862,-6.42268170967634,6.99480853776842,27.5749680673528,26.677236663622,-0.897731403730802,6.29059809923098,47.0126063021485,50.6215425163977,3.60893621424924,7.44668180457785,71.4347199500619,70.3272112996285,-1.10750865043343,8.83926242077885,19.4376382347957,23.9443058527758,4.50666761798004,5.63972617006618,43.8597518827091,43.6499746360065,-0.209777246702629,7.14193528077802,24.4221136479134,19.7056687832308,-4.71644486468267,5.72279471382461
escs_cc,KOR,36,494.380755659624,499.650760744047,5.27000508442279,7.06070701663695,521.749564666721,535.096532553306,13.3469678865841,6.1712084198915,540.941059451023,554.36220457432,13.421145123297,6.5729890936582,573.111092092061,567.420694776976,-5.69039731508508,7.50484662033632,27.3688090070975,35.4457718092589,8.07696280216135,6.05385212981219,46.5603037913988,54.7114438302731,8.15114003887425,7.70112896594052,78.730336432437,67.7699340329291,-10.9604023995079,8.87758899876871,19.1914947843013,19.2656720210142,0.0741772367128988,6.7494575803906,51.3615274253394,32.3241622236702,-19.0373652016692,7.70714586381433,32.1700326410381,13.058490202656,-19.1115424383821,7.61634360059341
escs_cc,LTU,36,449.772759446537,470.922342600486,21.149583153949,5.73589536602572,480.596152321789,496.954224476001,16.358072154212,5.04004091726208,506.029840988755,526.58663188554,20.5567908967847,5.59703892803996,538.834082189117,535.686888837077,-3.14719335204006,6.58668410827495,30.8233928752516,26.0318818755146,-4.791510999737,5.4407203055862,56.2570815422178,55.6642892850534,-0.592792257164376,6.32806246891795,89.0613227425799,64.7645462365908,-24.2967765059891,7.18962968188392,25.4336886669662,29.6324074095388,4.19871874257262,5.36671985761507,58.2379298673283,38.7326643610762,-19.5052655062521,6.04730509535422,32.8042412003621,9.1002569515374,-23.7039842488247,5.77316622097908
escs_cc,LVA,36,464.286266311612,457.01062848638,-7.27563782523225,5.87042414260932,486.214653343895,482.704709500637,-3.50994384325827,5.85139623283917,510.935435301763,503.073106456999,-7.86232884476431,5.58289666223103,537.730548948516,515.451887017322,-22.2786619311945,5.40010476382995,21.928387032283,25.694081014257,3.76569398197398,5.82047314097378,46.6491689901514,46.0624779706193,-0.586691019532054,5.93923852479282,73.4442826369043,58.441258530942,-15.0030241059623,6.45917560238497,24.7207819578684,20.3683969563624,-4.35238500150604,6.08128159416756,51.5158956046213,32.747177516685,-18.7687180879362,6.29854414395824,26.7951136467529,12.3787805603227,-14.4163330864302,6.3650213726404
escs_cc,MEX,36,382.874841569467,389.806061752504,6.93122018303779,4.75761098215017,400.194525364947,410.829637914218,10.6351125492711,4.9901839624617,416.820080919359,427.541438964737,10.7213580453784,5.27429509341011,450.377132990235,455.334989342106,4.95785635187121,6.25969010225993,17.3196837954804,21.0235761617137,3.70389236623328,4.41875815101225,33.9452393498923,37.7353772122329,3.7901378623406,4.73566206058134,67.5022914207682,65.5289275896016,-1.97336383116658,6.47270805142549,16.6255555544119,16.7118010505192,0.086245496107324,4.63948274470199,50.1826076252878,44.5053514278879,-5.67725619739986,6.52896631314221,33.5570520708759,27.7935503773687,-5.76350169350718,6.08868109849529
escs_cc,NLD,36,451.286291905839,460.223153306786,8.93686140094695,6.90091233331959,476.360506825912,491.730801302852,15.3702944769394,6.87809308667081,520.532277681115,527.216876524249,6.68459884313438,6.51688504179408,557.63887727938,551.539594789849,-6.09928248953065,6.40942616543812,25.0742149200728,31.5076479960653,6.43343307599247,5.96138700755411,69.2459857752751,66.9937232174626,-2.25226255781257,7.87916534831618,106.35258537354,91.3164414830628,-15.0361438904776,8.22813140118193,44.1717708552023,35.4860752213973,-8.68569563380504,6.84704833798995,81.2783704534676,59.8087934869975,-21.4695769664701,7.71528032155711,37.1065995982652,24.3227182656002,-12.783881332665,6.93541308100065
escs_cc,NOR,36,446.664794138291,443.323259004521,-3.34153513376958,5.42870706295166,474.421396381028,480.811734528436,6.39033814740805,5.44289389179359,500.312666932168,504.793272561329,4.48060562916112,5.34567024946246,530.930298519678,516.527721899658,-14.4025766200206,5.72556186720962,27.7566022427369,37.4884755239145,9.73187328117763,5.57903753313176,53.6478727938771,61.4700135568078,7.8221407629307,6.25570038143664,84.2655043813875,73.2044628951365,-11.061041486251,6.28459443990943,25.8912705511402,23.9815380328933,-1.90973251824693,5.76910864265625,56.5089021386506,35.715987371222,-20.7929147674286,6.14903582998902,30.6176315875104,11.7344493383287,-18.8831822491817,5.62472180725691
escs_cc,NZL,36,466.742682893849,487.768964045927,21.0262811520785,6.20291883368883,509.197036320769,521.820904897138,12.623868576369,5.98674107056785,534.052298925417,553.775652866739,19.7233539413218,5.8437142079031,564.015160624838,573.224370061862,9.20920943702458,5.80737357651571,42.4543534269205,34.0519408512111,-8.40241257570943,6.65021117172535,67.3096160315684,66.0066888208117,-1.30292721075671,7.18183178744712,97.2724777309889,85.455406015935,-11.8170717150539,7.15618611029139,24.8552626046479,31.9547479696006,7.09948536495273,7.14965454727951,54.8181243040684,51.4034651647239,-3.41465913934445,7.00964984137101,29.9628616994205,19.4487171951233,-10.5141445042972,6.92366310016695
escs_cc,POL,36,461.451329223999,468.105387265341,6.65405804134258,5.24557088281212,492.823773440072,494.817332448543,1.99355900847115,5.64987533055837,518.688264174833,527.961137961309,9.27287378647634,5.73029836370784,554.785608916934,550.069290300898,-4.71631861603589,5.73327156476236,31.3724442160728,26.7119451832014,-4.66049903287143,4.97042832793441,57.2369349508339,59.8557506959677,2.61881574513376,5.85018194645445,93.3342796929348,81.9639030355563,-11.3703766573785,6.60532516035558,25.8644907347612,33.1438055127663,7.27931477800519,5.38314868074686,61.961835476862,55.251957852355,-6.70987762450704,6.17999447304387,36.0973447421009,22.1081523395886,-13.9891924025122,5.47051734656969
escs_cc,PRT,36,448.144720350066,448.094248526763,-0.0504718233026438,5.88772783103595,471.651125173152,480.580494970343,8.9293697971911,5.74019926227186,496.976534303236,510.778009912323,13.8014756090879,5.36811532828345,539.055882067531,539.985798214704,0.929916147172321,5.86056318120865,23.5064048230862,32.4862464435799,8.97984162049374,5.35178716422471,48.8318139531695,62.68376138556,13.8519474323905,5.4392422164221,90.9111617174651,91.89154968794,0.980387970474965,6.86990945411655,25.3254091300832,30.19751494198,4.8721058118968,5.28720505228821,67.4047568943789,59.4053032443601,-7.99945365001878,6.2304107829946,42.0793477642956,29.20778830238,-12.8715594619156,5.55801505275004
escs_cc,SVK,36,399.718755318022,437.625251908104,37.906496590082,6.30184404388081,462.012363215209,473.985252910952,11.9728896957434,5.64616966661248,489.853934809,504.907812473999,15.0538776649997,5.40644620699825,532.086421167021,541.736824313375,9.65040314635439,6.54170243731427,62.2936078971865,36.360001002848,-25.9336068943385,6.04823873258045,90.1351794909776,67.2825605658954,-22.8526189250823,7.13178350086445,132.367665848999,104.111572405271,-28.2560934437276,8.34119077307636,27.8415715937911,30.9225595630474,3.08098796925628,5.82025851062302,70.074057951812,67.7515714024229,-2.32248654938905,7.2414584478147,42.2324863580209,36.8290118393755,-5.40347451864534,5.82441456750014
escs_cc,SVN,36,458.057538052279,459.63824634648,1.58070829420109,5.41193283150928,488.872342692772,484.158623431514,-4.71371926125772,5.22413644133014,518.59934920361,522.915911817339,4.31656261372837,5.37833149566388,550.488961700354,532.051772196279,-18.4371895040747,5.35881296310365,30.8148046404925,24.5203770850337,-6.29442755545881,6.05095852873721,60.5418111513311,63.2776654708583,2.73585431952728,6.34416347092271,92.4314236480747,72.4135258497989,-20.0178977982758,6.2937554073666,29.7270065108386,38.7572883858247,9.03028187498609,6.08897343386962,61.6166190075823,47.8931487647653,-13.723470242817,5.92033238588195,31.8896124967437,9.13586037894061,-22.7537521178031,6.26025601960956
escs_cc,SWE,36,449.332291521955,450.704729091629,1.37243756967388,5.63588332523475,484.04413799317,493.039939320804,8.99580132763344,5.42615783538963,523.205962470712,530.884275195144,7.67831272443243,5.77082460307746,558.481243582198,542.351031653992,-16.1302119282058,6.12580454524017,34.7118464712152,42.3352102291747,7.62336375795957,5.69758106983541,73.8736709487567,80.1795461035152,6.30587515475855,5.95480862302007,109.148952060243,91.6463025623631,-17.5026494978796,7.10313148247903,39.1618244775415,37.8443358743405,-1.31748860320101,5.75510220220729,74.4371055890276,49.3110923331884,-25.1260132558392,6.61743230808798,35.275281111486,11.4667564588478,-23.8085246526382,5.83798787885226
escs_cc,TUR,36,447.716825232924,467.465136704697,19.7483114717738,5.36391861569323,463.340361782317,490.356539127237,27.0161773449195,5.09210450142748,475.926472782108,502.825599998878,26.8991272167701,5.64361231262644,522.169251330929,549.976031711012,27.8067803800827,5.8064777519169,15.6235365493937,22.8914024225395,7.26786587314575,4.94239581459816,28.2096475491846,35.3604632941809,7.15081574499629,5.85149812917217,74.4524260980052,82.5108950063141,8.05846890830895,6.57166927838133,12.5861109997909,12.4690608716414,-0.117050128149458,4.96042928767975,58.8288895486114,59.6194925837746,0.790603035163201,5.84534709222121,46.2427785488205,47.1504317121332,0.907653163312659,5.85622685800459
escs_cc,USA,36,456.409467477732,467.263570883082,10.8541034053503,7.94666240729532,487.782325486954,493.351275532905,5.56895004595094,7.89312303961642,515.587942484971,526.176947158789,10.5890046738184,11.0773664100847,563.838409816706,567.421921541546,3.58351172484004,16.1153193219393,31.3728580092222,26.0877046498229,-5.28515335939932,8.56491874156997,59.1784750072387,58.9133762757069,-0.26509873153185,11.3024347557023,107.428942338974,100.158350658464,-7.27059168051022,16.9183620903928,27.8056169980165,32.825671625884,5.02005462786747,12.2173614971827,76.0560843297517,74.0706460086408,-1.98543832111091,16.5742667916116,48.2504673317352,41.2449743827568,-7.00549294897837,12.3628331084718
escs_cc,OECD,36,448.47062136582,457.760376967736,9.28975560191662,3.22381608668982,479.805563555013,488.292647581583,8.48708402657019,3.21260163872508,506.707789890758,515.882014809625,9.17422491886686,3.22301345774762,542.206096698909,537.966130171897,-4.23996652701248,3.26314632769066,31.3349421891935,30.5322706138471,-0.802671575346437,0.962081483359156,58.2371685249382,58.1216378418884,-0.115530683049769,1.06507984356344,93.7354753330895,80.2057532041604,-13.5297221289291,1.24611226666498,26.9022263357447,27.5893672280413,0.687140892296668,0.98447373887452,62.400533143896,49.6734825903133,-12.7270505535827,1.13957384321179,35.4983068081513,22.084115362272,-13.4141914458793,1.04359275108342
escs_cc,OECD35,35,448.334931885569,457.971163997044,9.63623211147501,3.22862012672064,479.915428168337,488.634743353092,8.71931518475486,3.21691180939133,506.912487807712,516.218299586334,9.3058117786216,3.22821390786323,542.567559867435,538.540480702038,-4.0270791653968,3.27026206610551,31.5804962827673,30.6635793560472,-0.916916926720148,0.984057790436084,58.5775559221426,58.2471355892892,-0.330420332853407,1.09024758918665,94.2326279818655,80.5693167049937,-13.6633112768718,1.27610062451477,26.9970596393752,27.583556233242,0.586496593866741,1.00878173639582,62.6521316990982,49.9057373489465,-12.7463943501517,1.16677590147233,35.655072059723,22.3221811157046,-13.3328909440184,1.06861165190676
escs_h_cc,AUS,36,466.424207362848,476.376396783374,9.95218942052628,4.99928561226323,498.203717690836,510.249937051651,12.0462193608156,4.74548611848269,534.046720814421,542.14382137995,8.0971005655291,4.74629085481095,556.904376976483,557.359801412594,0.455424436110889,5.07564060009829,31.7795103279876,33.8735402682769,2.09402994028932,4.72419194189668,67.6225134515732,65.7674245965761,-1.85508885499718,4.93952479973998,90.4801696136349,80.9834046292195,-9.49676498441539,5.56613926485077,35.8430031235857,31.8938843282992,-3.9491187952865,4.35911302168282,58.7006592856473,47.1098643609426,-11.5907949247047,4.78516193322334,22.8576561620616,15.2159800326434,-7.64167612941822,4.07593314119351
escs_h_cc,AUT,36,444.772959999665,458.058951201371,13.2859912017062,5.94875174726015,486.857527276035,501.639327931733,14.7818006556977,5.77524459354437,522.780899929322,528.156556996026,5.37565706670489,5.31895370590493,551.564681639018,557.813055739344,6.24837410032569,5.30027042729643,42.0845672763705,43.5803767303621,1.49580945399151,6.26762945434899,78.0079399296569,70.0976057946556,-7.91033413500128,5.61886589905864,106.791721639353,99.7541045379728,-7.03761710138048,6.3134769837632,35.9233726532863,26.5172290642935,-9.40614358899279,5.70375983749772,64.7071543629828,56.1737278076108,-8.53342655537199,5.39500002554143,28.7837817096964,29.6564987433172,0.872717033620802,5.01160140272678
escs_h_cc,BEL,36,444.546146371858,466.030079241759,21.4839328699019,5.74489398818566,483.123326957407,500.742071729796,17.6187447723889,5.01214950195289,523.526441025186,535.13827206378,11.611831038594,5.32231035998097,548.286439835598,557.448972605044,9.16253276944678,5.72247131355758,38.5771805855499,34.7119924880369,-3.865188097513,5.58897806226861,78.9802946533288,69.1081928220209,-9.87210183130787,6.04658199854335,103.74029346374,91.4188933632851,-12.3214001004551,6.49122947376558,40.4031140677789,34.396200333984,-6.00691373379488,5.11516860071431,65.1631128781903,56.7069008752482,-8.4562120029421,5.6472545165208,24.7599988104114,22.3107005412642,-2.44929826914722,5.30637378484497
escs_h_cc,CAN,36,487.034113078774,489.448973501291,2.4148604225162,4.68070332635753,511.536879176691,519.251905195396,7.71502601870537,4.28423706257705,536.656396185393,542.971024096261,6.3146279108679,4.52966897341836,552.999072038807,553.16360555681,0.164533518002713,5.34528943210705,24.5027660979167,29.8029316941058,5.30016559618917,4.09066574283073,49.6222831066189,53.5220505949706,3.8997674883517,4.31200622099481,65.9649589600329,63.7146320555194,-2.25032690451349,5.16528572572011,25.1195170087022,23.7191189008647,-1.40039810783748,3.75242023474915,41.4621928621162,33.9117003614135,-7.55049250070266,4.45570785818453,16.342675853414,10.1925814605488,-6.15009439286519,4.44559518178293
escs_h_cc,CHE,36,457.605384554923,468.218378915288,10.6129943603647,5.91669201805426,495.107647654806,506.658178465828,11.5505308110219,5.49528571083389,529.732863173734,539.736222431407,10.0033592576738,5.58911062227337,562.769797042909,566.893242852883,4.12344580997387,5.53715757601787,37.5022630998825,38.4397995505397,0.937536450657149,5.8149341697959,72.1274786188104,71.5178435161195,-0.609635102690959,6.32636635206687,105.164412487986,98.6748639375952,-6.48954855039085,6.76000619793627,34.6252155189279,33.0780439655798,-1.54717155334811,5.29449289582916,67.6621493881036,60.2350643870556,-7.427085001048,5.60460836155901,33.0369338691756,27.1570204214758,-5.87991344769989,6.06308742939628
escs_h_cc,CHL,36,419.431850305321,421.469034441604,2.0371841362836,6.03076600633937,440.230622826031,441.41204868099,1.18142585495912,5.5416509641845,455.00900771288,461.131884328684,6.12287661580336,5.49143931031676,494.437821681865,503.201565624991,8.76374394312586,5.52307335083242,20.7987725207099,19.9430142393854,-0.855758281324484,5.55686278747992,35.5771574075596,39.6628498870794,4.08569247951976,6.23516800706442,75.0059713765441,81.7325311833864,6.72655980684226,6.99039502897802,14.7783848868497,19.719835647694,4.94145076084425,5.35912725818513,54.2071988558342,61.7895169440009,7.58231808816674,5.61982577047513,39.4288139689845,42.069681296307,2.6408673273225,6.06774405630723
escs_h_cc,COL,36,379.395646929562,384.623636923429,5.2279899938668,5.46414541502522,400.742612098715,415.031613637651,14.289001538936,5.64219988435911,419.201090566848,435.819014845035,16.6179242781873,6.13884726866192,465.194699381158,483.608001716078,18.4133023349199,8.41037884668239,21.3469651691527,30.4079767142218,9.06101154506916,5.38356267800508,39.8054436372862,51.1953779216066,11.3899342843205,6.19853197110447,85.7990524515961,98.9843647926492,13.1853123410531,9.25989125170945,18.4584784681335,20.7874012073848,2.32892273925131,5.01625439255443,64.4520872824435,68.5763880784274,4.12430079598391,8.56730838077587,45.99360881431,47.7889868710426,1.7953780567326,8.52656006459599
escs_h_cc,CZE,36,447.290475359579,454.148175644261,6.85770028468238,5.46776637040018,493.907309217038,489.26093787184,-4.6463713451983,5.19397327848566,515.052865366328,513.416625216932,-1.63624014939614,5.62946414056185,555.479992447421,550.551643375874,-4.9283490715469,6.65667045271267,46.6168338574591,35.1127622275784,-11.5040716298807,5.30406864190752,67.7623900067494,59.2684495726709,-8.49394043407853,5.56749626384842,108.189517087842,96.4034677316126,-11.7860493562293,7.62090839495044,21.1455561492903,24.1556873450925,3.01013119580216,5.27218855922879,61.5726832303828,61.2907055040342,-0.2819777263486,6.104552428244,40.4271270810925,37.1350181589418,-3.29210892215076,6.66894718388203
escs_h_cc,DEU,36,459.383012243801,455.597438486345,-3.78557375745623,6.22789196689762,495.83896676803,503.543850934271,7.7048841662409,6.41830354937325,522.562333497446,530.311851664964,7.74951816751741,6.31856570516968,564.001261089082,576.48008042199,12.4788193329078,6.53053261988499,36.4559545242286,47.9464124479257,11.4904579236971,6.31980541932145,63.1793212536449,74.7144131786185,11.5350919249736,6.69383796060907,104.618248845281,120.882641935645,16.2643930903641,7.74394225994051,26.7233667294163,26.7680007306928,0.0446340012765063,6.7404038201766,68.1622943210526,72.9362294877196,4.77393516666695,7.56793231053324,41.4389275916363,46.1682287570268,4.72930116539044,6.50586432559926
escs_h_cc,DNK,36,459.949953528027,457.449135596846,-2.50081793118187,5.6112873541255,493.482346738815,479.34876602267,-14.1335807161448,5.83980191181707,517.528211219186,515.847941374786,-1.6802698444003,5.86856921519601,524.581426752725,522.279618363105,-2.30180838961974,6.56282385796873,33.5323932107872,21.8996304258243,-11.632762784963,5.79873758329214,57.5782576911587,58.3988057779403,0.820548086781571,6.41529407890951,64.6314732246979,64.83048276626,0.199009541562134,7.34300570327281,24.0458644803715,36.499175352116,12.4533108717445,6.23662316910378,31.0990800139106,42.9308523404357,11.8317723265251,6.76884843355302,7.05321553353917,6.43167698831974,-0.621538545219437,6.631934846958
escs_h_cc,ESP,36,455.476069970056,447.789151666121,-7.68691830393436,4.54584548168011,477.663003394166,475.477262621809,-2.18574077235718,4.36601809004326,500.858486367981,502.943010744877,2.08452437689652,4.08792185426682,524.279258508921,522.4823345996,-1.79692390932098,4.39382191377017,22.1869334241101,27.6881109556873,5.50117753157718,3.8843696612059,45.3824163979249,55.1538590787558,9.77144268083089,3.73747774841009,68.8031885388656,74.693182933479,5.88999439461338,4.23348363405055,23.1954829738148,27.4657481230685,4.2702651492537,2.94104358851037,46.6162551147555,47.0050719777917,0.388816863036197,4.01013898527626,23.4207721409407,19.5393238547232,-3.88144828621751,3.52650542227617
escs_h_cc,EST,36,496.909239632877,494.3203551202,-2.58888451267751,5.3163596382477,515.533824342859,521.077616026727,5.54379168386788,5.09203383925263,540.627890869131,550.814718444696,10.1868275755643,4.96043336394188,566.837073500354,566.182292825751,-0.654780674602421,5.72998591567329,18.6245847099821,26.7572609065275,8.13267619654539,5.16891888646384,43.7186512362541,56.4943633244959,12.7757120882418,5.10703687463181,69.9278338674764,71.8619377055515,1.93410383807509,6.32566142675956,25.094066526272,29.7371024179683,4.6430358916964,4.8794118712376,51.3032491574943,45.104676799024,-6.1985723584703,5.71664955379052,26.2091826312223,15.3675743810556,-10.8416082501667,5.17462671099739
escs_h_cc,FIN,36,480.189481849746,477.077447642929,-3.11203420681665,5.39127035494433,501.662268615202,506.216510999078,4.55424238387639,5.09697711302681,532.176868875056,534.520625748843,2.34375687378702,5.38323374844214,557.714077440617,558.357052773443,0.642975332826609,5.40614108182849,21.472786765456,29.1390633561491,7.66627659069303,5.01919818234907,51.9873870253102,57.4431781059139,5.45579108060366,5.20613334930263,77.5245955908708,81.2796051305141,3.75500953964325,5.59070663182188,30.5146002598542,28.3041147497648,-2.21048551008937,5.25102744394206,56.0518088254148,52.140541774365,-3.91126705104978,5.11072292781979,25.5372085655606,23.8364270246002,-1.70078154096041,5.27171272912943
escs_h_cc,FRA,36,445.629986941318,460.234070573223,14.604083631905,5.88191886562526,483.227467534815,491.806963522987,8.5794959881718,5.73554069133691,514.164745034378,522.587459618566,8.42271458418827,5.79233960860434,551.815169324557,552.842073761923,1.02690443736674,6.03869637952787,37.5974805934976,31.5728929497643,-6.02458764373324,5.61996889355612,68.53475809306,62.3533890453433,-6.18136904771677,6.05439365493527,106.185182383239,92.6080031887005,-13.5771791945383,6.59778635932452,30.9372774995625,30.7804960955789,-0.15678140398353,5.68549345417269,68.5877017897412,61.0351102389362,-7.55259155080506,6.28776167490578,37.6504242901788,30.2546141433572,-7.39581014682153,6.08947577270379
escs_h_cc,GBR,36,478.010049446364,489.99819951709,11.9881500707261,6.08222558588042,495.970709890824,518.778142674364,22.8074327835408,5.73914485097438,522.034225460539,544.035338833567,22.0011133730275,5.716562034533,555.985637497402,570.50594318955,14.5203056921484,6.60334774751569,17.9606604444594,28.7799431572741,10.8192827128147,6.62371393923555,44.0241760141749,54.0371393164763,10.0129633023013,6.94994782426171,77.9755880510377,80.50774367246,2.53215562142231,7.65398084943312,26.0635155697156,25.2571961592022,-0.806319410513368,6.47797442315734,60.0149276065783,51.7278005151859,-8.28712709139239,7.22770088738807,33.9514120368627,26.4706043559837,-7.48080768087903,6.08899710220331
escs_h_cc,GRC,36,412.30823642076,406.495260635037,-5.81297578572327,6.34428246561361,431.578132984637,433.317066003605,1.73893301896862,5.36235374303997,457.549956877603,461.803469531645,4.25351265404225,5.3594544935451,486.033039737549,484.404657290532,-1.62838244701692,6.22109821111569,19.2698965638762,26.8218053685681,7.55190880469189,6.42438991396658,45.2417204568422,55.3082088966078,10.0664884397655,6.09257359056991,73.7248033167882,77.9093966554945,4.18459333870635,7.29971885073469,25.971823892966,28.4864035280397,2.51457963507363,4.86943338245376,54.4549067529119,51.0875912869264,-3.36731546598554,5.70588182428316,28.4830828599459,22.6011877588867,-5.88189510105917,5.75676056388994
escs_h_cc,HUN,36,434.113255952668,439.542679282582,5.42942332991476,6.16485314511178,470.784429732559,475.301200766175,4.51677103361595,5.44022618131911,513.02016851292,505.767046676788,-7.25312183613164,5.56600850713808,548.46241553238,540.117450341803,-8.34496519057643,6.56688404165096,36.6711737798918,35.758521483593,-0.912652296298802,6.08920874380688,78.9069125602519,66.2243673942055,-12.6825451660464,6.9408179251141,114.349159579712,100.574771059221,-13.7743885204912,7.85693564240022,42.2357387803601,30.4658459106125,-11.7698928697476,5.52925619142302,77.6779857998201,64.8162495756277,-12.8617362241924,6.83881928010237,35.44224701946,34.3504036650152,-1.09184335444479,6.23589940966308
escs_h_cc,IRL,36,472.426637253756,472.844844548817,0.418207295060654,5.19256407227319,494.885078063356,495.781899117793,0.896821054437567,4.85954671419664,518.207129212076,521.674567273634,3.46743806155735,5.33008182347953,541.099535854414,543.328865047888,2.22932919347431,5.30597783557996,22.4584408095998,22.9370545689767,0.478613759376913,5.11259085997121,45.7804919583204,48.8297227248171,3.04923076649669,5.58286418734378,68.6728986006578,70.4840204990715,1.81112189841366,5.46107579999594,23.3220511487206,25.8926681558404,2.57061700711978,5.13955074198015,46.214457791058,47.5469659300948,1.33250813903675,5.22825552819459,22.8924066423374,21.6542977742544,-1.23810886808303,5.1095603727694
escs_h_cc,ISL,36,415.661754043024,429.072645606536,13.4108915635121,5.9171750731482,451.179378626443,458.570954680035,7.39157605359151,5.91459690446262,471.355321061783,477.148323022835,5.7930019610518,5.85420896851119,482.240017584502,491.746918743726,9.50690115922379,6.04409086231105,35.5176245834195,29.4983090734989,-6.0193155099206,7.14060425555488,55.6935670187592,48.0756774162989,-7.61788960246031,7.26701658267132,66.5782635414782,62.6742731371899,-3.90399040428832,7.57642497230467,20.1759424353397,18.5773683428,-1.59857409253971,7.1701837915569,31.0606389580587,33.175964063691,2.11532510563228,6.64921103613038,10.8846965227191,14.5985957208911,3.71389919817199,7.15598051998748
escs_h_cc,ISR,36,419.569406997333,427.383762124228,7.81435512689552,6.71040193474288,466.549908212813,473.153268911303,6.60336069848921,6.83001290901835,508.115687270604,500.919359515871,-7.19632775473303,7.66698250681469,523.468554407607,523.050690202257,-0.417864205349815,6.86771499349027,46.9805012154806,45.7695067870743,-1.21099442840631,7.44808369846112,88.5462802732711,73.5355973916425,-15.0106828816286,8.37084149123492,103.899147410274,95.6669280780285,-8.23221933224534,7.80053054747356,41.5657790577905,27.7660906045683,-13.7996884532222,7.5206114724494,56.9186461947933,49.8974212909543,-7.02122490383903,7.49400197431271,15.3528671370028,22.131330686386,6.77846354938322,7.26671921043469
escs_h_cc,ITA,36,441.386813370333,453.235603183843,11.84878981351,5.69646948544234,472.324393513263,482.724351219848,10.3999577065845,5.58257708272559,491.411498641172,504.59228763112,13.1807889899484,5.44606726438601,518.922509854875,529.771014212125,10.8485043572497,6.54945837623947,30.9375801429297,29.4887480360042,-1.44883210692552,5.12747255131422,50.0246852708383,51.3566844472767,1.33199917643844,5.75710222959666,77.535696484542,76.5354110282817,-1.00028545626031,6.73283863332556,19.0871051279086,21.8679364112725,2.78083128336397,4.97912823611522,46.5981163416122,47.0466629922775,0.448546650665207,6.3026409095431,27.5110112137037,25.1787265810049,-2.33228463269876,5.2706417327225
escs_h_cc,JPN,36,518.677286161041,507.560322687155,-11.1169634738854,7.44145557766338,543.974185366456,534.761926639013,-9.21225872744253,5.89705158152577,562.721952496525,557.973213050236,-4.74873944628951,5.99490868445059,578.57913920879,584.044115668019,5.46497645922875,7.1654492970832,25.2968992054155,27.2016039518584,1.90470474644292,6.54708432759873,44.0446663354845,50.4128903630805,6.36822402759594,7.4252778566497,59.9018530477499,76.4837929808641,16.5819399331142,9.00672318193983,18.7477671300691,23.2112864112221,4.46351928115303,5.32059801393452,34.6049538423345,49.2821890290057,14.6772351866713,7.00627212284797,15.8571867122654,26.0709026177836,10.2137159055183,5.77888161651979
escs_h_cc,KOR,36,502.038325199843,498.76485422872,-3.27347097112312,7.00163576819572,519.541019034113,537.143458605469,17.6024395713554,6.59794570673694,540.542110109303,553.051537991044,12.509427881741,6.43520396695484,568.077097900368,567.614204740474,-0.462893159894179,7.34236831856962,17.5026938342705,38.378604376749,20.8759105424785,6.12782278160457,38.5037849094604,54.2866837623245,15.7828988528641,7.79728473573178,66.038772700525,68.8493505117539,2.81057781122894,8.47953574322374,21.0010910751898,15.9080793855754,-5.0930116896144,6.98779656720829,48.5360788662545,30.4707461350049,-18.0653327312496,8.13155246933325,27.5349877910646,14.5626667494295,-12.9723210416352,6.81950801917664
escs_h_cc,LTU,36,453.235239892547,470.184618823317,16.94937893077,5.77045865465049,482.706183896715,495.882367863785,13.1761839670708,5.39605660176754,508.509282971004,526.671891104788,18.1626081337847,5.45192605357669,530.77487492588,537.446740610875,6.67186568499471,6.66346046000731,29.4709440041675,25.6977490404682,-3.77319496369921,5.85459129664511,55.2740430784567,56.4872722814714,1.21322920301469,6.19818100185735,77.5396350333331,67.2621217875578,-10.2775132457753,7.23704431904112,25.8030990742893,30.7895232410032,4.9864241667139,5.6784798655887,48.0686910291656,41.5643727470896,-6.50431828207604,6.35799768085294,22.2655919548764,10.7748495060864,-11.4907424487899,5.94851118354792
escs_h_cc,LVA,36,467.717731633861,455.78229717417,-11.9354344596906,5.94634200368244,486.219409391148,480.943602359609,-5.27580703153888,5.84184341669337,512.699551517609,504.606683707024,-8.09286781058415,5.32153816638369,532.520385981925,516.893668062719,-15.6267179192062,5.52698185215,18.5016777572876,25.1613051854393,6.65962742815174,5.88457432503136,44.9818198837478,48.8243865328543,3.84256664910646,5.95950286571405,64.8026543480644,61.1113708885488,-3.69128345951555,6.37635007061135,26.4801421264602,23.663081347415,-2.81706077904528,5.95042514925347,46.3009765907768,35.9500657031095,-10.3509108876673,6.29265193349265,19.8208344643166,12.2869843556946,-7.53385010862201,6.0846836267941
escs_h_cc,MEX,36,384.977798246803,389.04145999407,4.06366174726685,4.76321397758552,399.520837438707,410.82253015179,11.3016927130828,4.92019407812786,416.819281870825,427.310387986132,10.4911061153067,5.16931780304662,449.007917069244,456.352095677003,7.34417860775864,6.29700619673957,14.5430391919037,21.7810701577197,7.23803096581599,4.37129018906637,31.8414836240216,38.2689279920614,6.4274443680398,4.62471202081546,64.0301188224404,67.3106356829322,3.28051686049179,6.52903303387951,17.2984444321179,16.4878578343417,-0.810586597776194,4.28353922338769,49.4870796305367,45.5295655252125,-3.95751410532421,6.44424306881015,32.1886351984188,29.0417076908708,-3.14692750754801,5.90711278817525
escs_h_cc,NLD,36,455.342417584791,462.920751459273,7.57833387448233,7.17010284096367,478.266190858617,487.160132882515,8.89394202389747,6.86229584591009,525.10690012099,528.85888862596,3.75198850497009,6.18976834614909,547.084538572531,551.769256081691,4.68471750916081,6.80056631059446,22.9237732738262,24.2393814232414,1.31560814941514,6.09628112910747,69.7644825361991,65.9381371666868,-3.82634536951224,7.85132211538957,91.7421209877396,88.8485046224181,-2.89361636532152,8.66694945363892,46.8407092623729,41.6987557434455,-5.14195351892738,6.86012343235106,68.8183477139134,64.6091231991767,-4.20922451473666,7.69349584408741,21.9776384515405,22.9103674557313,0.932729004190719,6.7977921089136
escs_h_cc,NOR,36,450.225700190298,443.318879768505,-6.9068204217927,5.54845103928181,480.161321755227,478.411488459737,-1.74983329549002,5.35054981222328,501.5136632834,505.359892723847,3.84622944044742,5.53709053375434,520.421683470674,518.360341113686,-2.06134235698869,5.73872551750312,29.9356215649288,35.0926086912315,5.15698712630268,5.66036490349834,51.2879630931014,62.0410129553416,10.7530498622401,6.60706971864452,70.1959832803762,75.0414613451802,4.84547806480401,6.32959190128123,21.3523415281726,26.9484042641101,5.59606273593744,5.87600440429954,40.2603617154474,39.9488526539487,-0.311509061498668,6.05032579837616,18.9080201872748,13.0004483898387,-5.90757179743611,5.60971423226426
escs_h_cc,NZL,36,470.922350795214,488.138002936944,17.2156521417301,6.1099962285278,509.982406569307,519.087941998114,9.10553542880677,5.7605804315251,536.634602484968,550.915569281777,14.2809667968088,5.83777127820891,556.484985673624,578.437282704182,21.9522970305583,5.67932407310723,39.0600557740933,30.94993906117,-8.11011671292334,6.00136660515817,65.7122516897549,62.7775663448335,-2.93468534492132,7.14963140196842,85.5626348784105,90.2992797672387,4.73664488882815,7.12118332000733,26.6521959156615,31.8276272836636,5.17543136800202,6.67595609249174,46.5025791043172,59.3493407060687,12.8467616017515,6.78947960618252,19.8503831886557,27.5217134224051,7.67133023374947,6.55661690658488
escs_h_cc,POL,36,466.509496223432,466.835509916148,0.326013692715435,5.44717776753406,492.366723602048,495.228281215282,2.86155761323386,5.51659410677537,518.889442536568,528.501752359011,9.61230982244342,5.72948578724331,549.971596598917,550.388334490962,0.416737892044466,5.96750061495318,25.857227378616,28.3927712991344,2.53554392051842,5.23456034443722,52.3799463131358,61.6662424428638,9.28629612972799,5.93564134388108,83.4621003754853,83.5528245748143,0.0907241993290313,6.64968503696626,26.5227189345198,33.2734711437294,6.75075220920957,5.68935294675422,57.6048729968692,55.1600532756799,-2.44481972118939,6.25566264867751,31.0821540623494,21.8865821319505,-9.19557193039896,5.64545025652298
escs_h_cc,PRT,36,447.790392185767,447.695465587055,-0.0949265987125614,5.81272918737404,472.992082527172,480.201789418793,7.2097068916209,5.7121909715548,501.891965096583,510.788601140847,8.89663604426386,5.33695721680932,533.176093393583,540.751265385801,7.57517199221809,5.77263472483692,25.2016903414051,32.5063238317385,7.30463349033346,5.22578530258661,54.1015729108156,63.093135553792,8.99156264297642,5.38298662361417,85.3857012078159,93.0557997987465,7.67009859093065,6.45802431621379,28.8998825694105,30.5868117220535,1.68692915264296,5.44447438268132,60.1840108664108,60.549475967008,0.365465100597191,6.17091081000433,31.2841282970003,29.9626642449545,-1.32146405204577,5.25887656812006
escs_h_cc,SVK,36,406.466059452692,434.724781528945,28.2587220762524,6.13739848822158,459.56678788967,476.373016969937,16.8062290802672,5.82719660155681,487.993962324145,503.617790963652,15.6238286395075,5.4392453854673,529.634994052486,543.526229839845,13.8912357873595,6.47057457658377,53.1007284369773,41.648235440992,-11.4524929959852,5.82408966943951,81.5279028714526,68.8930094347076,-12.634893436745,6.97975794453453,123.168934599793,108.8014483109,-14.3674862888929,8.00474484252197,28.4271744344753,27.2447739937156,-1.18240044075975,6.11400029140983,70.0682061628161,67.1532128699084,-2.9149932929077,7.40071187344111,41.6410317283408,39.9084388761928,-1.73259285214795,5.76992420957099
escs_h_cc,SVN,36,460.239656173707,455.989839601577,-4.24981657213056,5.41978254199072,493.022952610533,482.633185755683,-10.3897668548496,5.33788033289117,524.126758441158,519.61636065271,-4.51039778844836,5.66638966111626,538.615004583591,540.412889279911,1.7978846963191,5.22153787775939,32.7832964368254,26.6433461541063,-6.13995028271904,6.21609219190798,63.887102267451,63.6265210511332,-0.260581216317803,6.63895661417274,78.375348409884,84.4230496783337,6.04770126844966,6.15094527908769,31.1038058306256,36.9831748970269,5.87936906640124,6.34073338179619,45.5920519730586,57.7797035242273,12.1876515511687,5.96913354314979,14.488246142433,20.7965286272005,6.30828248476746,6.38718261615234
escs_h_cc,SWE,36,454.074436457169,449.7960447539,-4.27839170326899,5.65211273382898,487.746166048734,490.543682136073,2.79751608733869,5.38086190074091,523.00877729626,530.96127718528,7.95249988901946,5.65253475520749,550.254077156553,545.676403806111,-4.57767335044161,6.43340620515828,33.6717295915652,40.7476373821729,7.07590779060769,5.74439167844674,68.9343408390913,81.1652324313797,12.2308915922885,5.78892782902118,96.1796406993835,95.8803590522109,-0.29928164717262,7.33651126135892,35.2626112475261,40.4175950492069,5.15498380168077,5.68745541534683,62.5079111078183,55.132721670038,-7.37518943778031,6.81169604109615,27.2452998602922,14.7151266208311,-12.5301732394611,6.3850399232832
escs_h_cc,TUR,36,450.934358420533,465.922716757417,14.9883583368836,5.26488738094931,464.074679847357,487.833632853312,23.7589530059549,5.01474250809422,473.717720408613,503.821994370742,30.1042739621284,5.68329182842695,520.430110681674,553.031715335386,32.601604653712,5.84818127995915,13.1403214268234,21.9109160958948,8.77059466907139,4.69800272087482,22.7833619880802,37.899277613325,15.1159156252448,5.71866177117645,69.4957522611407,87.1089985779692,17.6132463168285,6.50642429287652,9.64304056125673,15.9883615174302,6.34532095617345,4.79858352194239,56.3554308343173,65.1980824820743,8.84265164775707,5.99833102931686,46.7123902730605,49.2097209646441,2.49733069158361,6.00813266606822
escs_h_cc,USA,36,459.949792349602,463.285309974331,3.33551762472843,8.02219581025585,485.461583833256,496.339942853586,10.8783590203301,7.81940850510011,520.056891404888,522.006898165734,1.95000676084578,9.87656312721923,558.162652862403,572.645199260442,14.4825463980385,16.9213866510855,25.5117914836536,33.0546328792553,7.54284139560167,8.48734982033562,60.1070990552859,58.7215881914033,-1.38551086388264,10.3441276658384,98.2128605128008,109.359889286111,11.1470287733101,17.3238653100971,34.5953075716323,25.666955312148,-8.92835225948431,10.750872045278,72.7010690291472,76.3052564068556,3.6041873777084,17.3320877995094,38.1057614575149,50.6383010947076,12.5325396371927,13.8641288899685
escs_h_cc,OECD,36,451.85043673833,456.371529884103,4.52109314577234,3.22601640300072,480.999780055122,487.57530150634,6.57552145121809,3.21254251854695,508.329213056579,515.153948909696,6.82473585311743,3.21983180378405,536.007555840569,540.803850630956,4.79629479038681,3.26791265244168,29.1493433167919,31.2037716222377,2.05442830544575,0.967315144590656,56.4787763182482,58.7824190255933,2.30364270734509,1.06425190937246,84.1571191022388,84.4323207468533,0.275201644614469,1.25164914425868,27.3294330014563,27.5786474033556,0.249214401899337,0.975569801216342,55.0077757854469,53.2285491246156,-1.77922666083128,1.15301506511883,27.6783427839906,25.64990172126,-2.02844106273062,1.05715174266216
escs_h_cc,OECD35,35,451.746847217424,456.616740690331,4.86989347290694,3.23089431148128,481.09511653115,487.920959760184,6.82584322903443,3.21686272591412,508.542662390539,515.502832857262,6.96017046672358,3.22486123043442,536.342650050045,541.327322517566,4.98467246752159,3.2753057525731,29.3482693137257,31.3042190698532,1.9559497561275,0.988743603346809,56.7958151731147,58.8860921669313,2.09027699381664,1.08943816119474,84.5958028326208,84.7105818272354,0.114778994614653,1.28171580422159,27.4475458593889,27.5818730970781,0.134327237689149,0.999918643637993,55.2475335188951,53.4063627573822,-1.84117076151284,1.18041081498564,27.7999876595061,25.8244896603042,-1.97549799920199,1.08267779494662
escs_h_min3,AUS,36,460.151532938901,465.434626012618,5.28309307371632,4.94365694090841,492.870570916055,501.079353034525,8.20878211847042,4.84054706325556,529.877594051141,532.506371359836,2.62877730869548,4.79671257681846,552.493590647874,554.922013028027,2.42842238015317,4.95348901016532,32.7190379771533,35.6447270219074,2.92568904475411,4.67962575835607,69.7260611122393,67.0717453472184,-2.65431576502084,4.81450790867786,92.3420577089725,89.4873870154094,-2.85467069356315,5.39077092698302,37.007023135086,31.427018325311,-5.58000480977495,4.4699294279072,59.6230197318192,53.8426599935019,-5.78035973831726,5.00531179684946,22.6159965967332,22.4156416681909,-0.200354928542311,4.01298100561062
escs_h_min3,AUT,36,434.374669406216,446.022753845762,11.6480844395464,5.87443654159126,477.761347148239,491.434123019694,13.6727758714555,5.73274263514491,516.269564796436,518.874540777956,2.60497598151994,5.31948100186308,547.97562459659,550.846632901365,2.87100830477505,5.29557557813175,43.386677742023,45.4113691739322,2.0246914319091,5.94494745012251,81.8948953902204,72.851786932194,-9.04310845802644,5.28035966984679,113.600955190374,104.823879055603,-8.77707613477134,6.08194062896161,38.5082176481974,27.4404177582619,-11.0677998899355,5.53904440079923,70.2142774483514,59.4125098816709,-10.8017675666804,5.40316556877368,31.706059800154,31.9720921234091,0.266032323255104,4.79106676091086
escs_h_min3,BEL,36,435.77135928757,448.290890711882,12.5195314243118,6.02682468691943,473.295415021428,478.796116846771,5.50070182534324,5.22075963899851,515.534451859801,523.555237400217,8.02078554041589,5.41092464099068,544.88423859199,548.766914255455,3.88267566346497,5.55367350554313,37.5240557338578,30.5052261348892,-7.01882959896858,5.59165976795217,79.7630925722311,75.2643466883351,-4.49874588389594,6.36824083100306,109.11287930442,100.476023543573,-8.63685576084686,6.60440217066453,42.2390368383733,44.7591205534459,2.52008371507264,5.50237929608574,71.5888235705621,69.9707974086838,-1.61802616187828,5.61113342646376,29.3497867321888,25.2116768552379,-4.13810987695092,5.04107722518585
escs_h_min3,CAN,36,480.760531226912,477.6647526692,-3.09577855771238,4.72369630115589,504.80491388619,508.23070291571,3.42578902951959,4.243666465094,532.132087601761,536.487144927254,4.35505732549291,4.49741543135365,549.520133508078,546.846236731227,-2.67389677685139,5.30748085932462,24.0443826592776,30.5659502465096,6.52156758723197,3.74982760195936,51.3715563748485,58.8223922580538,7.45083588320529,4.39786243224523,68.7596022811659,69.1814840620269,0.421881780860986,5.24608762863796,27.3271737155708,28.2564420115442,0.929268295973316,3.55625366105867,44.7152196218883,38.6155338155173,-6.09968580637099,4.38842230553628,17.3880459063174,10.3590918039731,-7.0289541023443,4.34817353216888
escs_h_min3,CHE,36,450.945335593831,454.513041989804,3.56770639597272,5.76874890104087,485.909951638662,491.61530390721,5.70535226854798,5.54097156141796,524.029971636838,527.98529770162,3.95532606478184,5.36418139805326,558.418495540232,558.940981972593,0.522486432361006,5.49345821659748,34.9646160448313,37.1022619174065,2.13764587257526,5.71998429115685,73.0846360430069,73.472255711816,0.387619668809123,5.67219531258961,107.473159946401,104.42793998279,-3.04521996361171,6.5490291504629,38.1200199981756,36.3699937944095,-1.75002620376614,5.08142580592612,72.5085439015701,67.3256780653831,-5.18286583618698,5.68665688298927,34.3885239033945,30.9556842709736,-3.43283963242084,5.51593416342699
escs_h_min3,CHL,36,412.236721133266,412.367477194069,0.13075606080281,6.08823186099196,434.019694680546,434.112540399973,0.0928457194272028,5.44942436886551,450.976192118227,447.908984704178,-3.06720741404979,5.61980307928316,487.221535807166,494.240385909365,7.01885010219888,5.49263929983219,21.7829735472802,21.7450632059046,-0.037910341375607,5.58449883932595,38.7394709849615,35.5415075101089,-3.1979634748526,6.09016151135325,74.9848146739004,81.8729087152964,6.88809404139607,6.97374342878292,16.9564974376814,13.7964443042044,-3.16005313347699,5.27014154605674,53.2018411266202,60.1278455093919,6.92600438277168,5.48384774902596,36.2453436889388,46.3314012051875,10.0860575162487,5.96379805673566
escs_h_min3,COL,36,377.621739516088,376.911387622372,-0.710351893716052,5.33320093636083,397.334687162701,404.544850925023,7.21016376232234,5.53515466236167,415.090961495569,423.517848674018,8.42688717844851,6.38989051299286,462.414808530381,472.248233042305,9.83342451192345,8.51703078079416,19.7129476466125,27.6334633026509,7.92051565603839,5.21201095926335,37.4692219794807,46.6064610516453,9.13723907216456,6.11923157228668,84.7930690142928,95.3368454199323,10.5437764056395,9.18846350669309,17.7562743328682,18.9729977489944,1.21672341612617,5.05686317598251,65.0801213676803,67.7033821172814,2.62326074960112,8.37238946560725,47.3238470348121,48.7303843682871,1.40653733347494,8.5492278008945
escs_h_min3,CZE,36,442.724943955118,442.286303442257,-0.438640512860445,5.47028661459082,488.442764784481,482.784202050677,-5.6585627338041,5.33529750823149,510.351139542886,503.712332989641,-6.6388065532451,5.62583813371827,550.911627887188,545.336289598938,-5.5753382882499,6.39038545202952,45.7178208293635,40.4978986084199,-5.21992222094366,5.15663501983268,67.6261955877683,61.4260295473836,-6.20016604038466,5.51187558372539,108.18668393207,103.049986156681,-5.13669777538945,7.40733848812834,21.9083747584048,20.9281309389638,-0.980243819441,4.86849814855365,62.4688631027067,62.552087548261,0.0832244455542082,6.13089927651671,40.560488344302,41.6239566092972,1.06346826499521,6.49720093350478
escs_h_min3,DEU,36,445.960015973604,435.108023881435,-10.8519920921691,6.40563853636108,483.388731104061,484.403475161611,1.0147440575501,6.41081217901405,511.629380570082,516.743581538181,5.11420096809962,6.44911050823031,554.812065852613,562.192278248368,7.38021239575483,6.51383525959044,37.4287151304574,49.2954512801766,11.8667361497192,6.49078547377434,65.6693645964777,81.6355576567464,15.9661930602687,6.41826760663952,108.852049879009,127.084254366933,18.2322044879239,7.50463791480936,28.2406494660203,32.3401063765698,4.09945691054952,6.28087119373738,71.4233347485514,77.7888030867562,6.36546833820472,7.04311019127634,43.1826852825312,45.4486967101864,2.2660114276552,6.66722357251796
escs_h_min3,DNK,36,454.329857018299,442.118307297533,-12.2115497207662,5.42571809006231,488.601208865182,473.446108260444,-15.155100604738,5.74914218208646,514.600535924734,503.638260242315,-10.9622756824193,5.9823959438912,522.256898037408,517.346821826271,-4.91007621113761,6.20511309292209,34.2713518468831,31.3278009629113,-2.94355088397185,5.65754957853476,60.2706789064349,61.5199529447817,1.24927403834687,5.91576663627452,67.927041019109,75.2285145287376,7.30147350962858,6.88271291492623,25.9993270595517,30.1921519818704,4.19282492231872,6.38825499843818,33.6556891722259,43.9007135658263,10.2450243936004,6.49937250789107,7.65636211267417,13.7085615839559,6.05219947128171,6.55643271847525
escs_h_min3,ESP,36,450.016520740113,440.451873107233,-9.56464763288079,4.51832915068619,473.935256913223,468.081493200383,-5.85376371284036,4.52421699432214,496.832526699272,496.869680455821,0.0371537565487756,4.08032868937409,521.579107568107,519.03212979322,-2.54697777488639,4.37901517114152,23.9187361731098,27.6296200931503,3.71088392004043,3.84799878810187,46.8160059591585,56.4178073485881,9.60180138942957,3.66409514506261,71.5625868279934,78.5802566859878,7.01766985799441,4.09983611879094,22.8972697860486,28.7881872554378,5.89091746938914,3.08565087893268,47.6438506548835,50.9506365928375,3.30678593795398,4.1170017106253,24.7465808688349,22.1624493373997,-2.58413153143516,3.49303948480738
escs_h_min3,EST,36,493.811847599542,489.668548010594,-4.14329958894757,5.22578787225416,512.230195171846,515.201815744272,2.97162057242542,5.02485279899785,535.889304312992,546.791307994568,10.9020036815757,4.92396656792001,563.721245119289,563.154831801595,-0.566413317693673,5.68285883469498,18.4183475723047,25.5332677336777,7.11492016137299,4.84236240094936,42.0774567134504,57.1227599839737,15.0453032705233,4.85271043534801,69.9093975197474,73.4862837910013,3.5768862712539,6.10268923775017,23.6591091411457,31.589492250296,7.93038310915028,4.5819188687154,51.4910499474427,47.9530160573236,-3.5380338901191,5.50627678162044,27.831940806297,16.3635238070276,-11.4684169992694,4.90458191700842
escs_h_min3,FIN,36,473.910234746348,467.344098449512,-6.56613629683619,5.36612135208096,497.115013679927,495.181024148495,-1.93398953143168,5.07350471373078,528.010331377973,528.560038092366,0.549706714392983,5.37704397394908,552.826565428916,552.724549964044,-0.102015464872238,5.50319953011751,23.2047789335787,27.8369256989832,4.63214676540451,4.81070303560436,54.1000966316249,61.2159396428541,7.11584301122917,5.12246555098094,78.9163306825677,85.3804515145316,6.46412083196395,5.47384960159065,30.8953176980462,33.3790139438709,2.48369624582466,5.06972757348698,55.711551748989,57.5435258155484,1.83197406655944,5.06229813724554,24.8162340509427,24.1645118716775,-0.651722179265221,5.32580879197137
escs_h_min3,FRA,36,433.91648294321,441.183106819717,7.26662387650754,5.93594990879537,472.306780671706,474.867347021459,2.56056634975266,5.81835199877119,504.195347373133,508.517204381214,4.32185700808014,6.07399471959401,545.475854649053,544.831534869121,-0.644319779931493,5.95690624619973,38.3902977284962,33.6842402017413,-4.70605752675488,6.21747973814841,70.2788644299236,67.3340975614962,-2.94476686842739,6.02765601112799,111.559371705843,103.648428049404,-7.91094365643903,6.73189708324952,31.8885667014274,33.6498573597549,1.76129065832748,5.82088545319491,73.1690739773467,69.9641878476625,-3.20488612968416,6.38811186594139,41.2805072759193,36.3143304879076,-4.96617678801164,6.0896284547091
escs_h_min3,GBR,36,468.198824715149,478.24482969756,10.0460049824109,5.74810018989837,488.96486834007,506.570291128251,17.6054227881807,5.51353183707194,515.946843590312,530.579726816182,14.6328832258699,5.48027003935028,548.716172214596,560.152701405433,11.4365291908368,6.811570367965,20.7660436249215,28.3254614306914,7.55941780576984,6.04994432013755,47.7480188751635,52.3348971186226,4.58687824345907,6.37125837808379,80.517347499447,81.907871707873,1.39052420842597,7.89038256680318,26.981975250242,24.0094356879312,-2.97253956231077,5.70140228019464,59.7513038745255,53.5824102771816,-6.16889359734387,7.25784402042177,32.7693286242835,29.5729745892504,-3.1963540350331,6.72744637691317
escs_h_min3,GRC,36,408.941790030389,398.501628550182,-10.4401614802064,6.0685565696845,427.65422677837,423.550234512466,-4.10399226590425,5.53399205023567,449.191563705089,454.666556784984,5.47499307989421,5.56715591834722,480.33021325103,476.968971247018,-3.36124200401258,6.42977979494645,18.7124367479819,25.048605962284,6.33616921430212,5.98589468616857,40.2497736747007,56.1649282348013,15.9151545601006,5.95985069021565,71.3884232206416,78.4673426968354,7.07891947619379,7.24371970722835,21.5373369267188,31.1163222725173,9.57898534579846,4.67690315281325,52.6759864726597,53.4187367345514,0.742750261891672,5.48544100775958,31.1386495459409,22.3024144620341,-8.83623508390679,5.92780437917061
escs_h_min3,HUN,36,429.986253400279,430.021195797548,0.034942397268992,6.25131340079449,465.749060364519,467.695795570148,1.94673520562912,5.49698310582662,505.972166404215,499.808785584862,-6.1633808193522,5.54184026212693,545.343154857017,534.670760598011,-10.6723942590063,6.57267257659199,35.76280696424,37.6745997726002,1.91179280836013,6.14975676778351,75.9859130039359,69.7875897873147,-6.19832321662119,6.75068404349796,115.356901456738,104.649564800463,-10.7073366562753,7.87866839709962,40.2231060396958,32.1129900147145,-8.11011602498132,5.6519093646991,79.5940944924983,66.9749650278629,-12.6191294646354,6.86886551230134,39.3709884528025,34.8619750131484,-4.5090134396541,6.06772921189489
escs_h_min3,IRL,36,469.931230169205,462.993302534733,-6.93792763447175,5.24485790327837,492.018120317779,487.410673163699,-4.60744715407992,4.94322740072597,517.036484576628,518.391282859372,1.35479828274367,5.0167281004736,540.234938115219,539.654324725679,-0.580613389540531,5.28140972265466,22.0868901485738,24.4173706289656,2.33048048039183,4.91913395376875,47.1052544074229,55.3979803246384,8.29272591721542,5.3768736025501,70.3037079460143,76.6610221909455,6.35731424493122,5.51022539469687,25.0183642588492,30.9806096956727,5.96224543682359,4.97681263203604,48.2168177974405,52.2436515619799,4.02683376453939,4.93412643273972,23.1984535385914,21.2630418663072,-1.9354116722842,4.82934838296347
escs_h_min3,ISL,36,406.360603761228,413.179629069455,6.8190253082268,5.64493461215958,441.785229374205,446.023802196947,4.2385728227415,5.5222338548771,466.784354415406,465.017727792023,-1.76662662338282,5.82148371901599,476.342119603835,484.480041311236,8.13792170740061,5.75083376115984,35.4246256129776,32.8441731274923,-2.5804524854853,6.56310558686748,60.4237506541781,51.8380987225685,-8.58565193160962,6.95492674949769,69.9815158426071,71.3004122417809,1.31889639917381,7.09557467580584,24.9991250412005,18.9939255950762,-6.00519944612432,6.92650402973623,34.5568902296295,38.4562391142886,3.89934888465911,6.18437012999892,9.55776518842896,19.4623135192124,9.90454833078343,6.72790089927463
escs_h_min3,ISR,36,407.009423102514,411.992958456896,4.98353535438224,6.29676846135781,453.61059870362,445.470503185272,-8.14009551834863,6.16662907334862,495.423682059274,480.220759030237,-15.2029230290369,6.9191467943899,515.147351379368,502.446898389401,-12.7004529899671,7.15150653088552,46.601175601106,33.4775447283752,-13.1236308727309,6.78754823855163,88.4142589567601,68.227800573341,-20.1864583834191,7.07835865799862,108.137928276854,90.453939932505,-17.6839883443493,7.53767646908592,41.8130833556541,34.7502558449659,-7.06282751068824,6.1831674826459,61.5367526757483,56.9763952041299,-4.56035747161843,6.81098106620265,19.7236693200942,22.226139359164,2.50247003906981,6.804440662709
escs_h_min3,ITA,36,439.892828027573,444.074778393672,4.18195036609865,5.67374172064663,468.595507879008,474.302680450039,5.70717257103104,5.63816944014219,488.893760364736,497.738180191497,8.84441982676037,5.54986433020596,515.988911400649,525.441896006821,9.45298460617187,6.54247076456904,28.7026798514347,30.227902056367,1.52522220493239,4.90316171815251,49.000932337163,53.6634017978247,4.66246946066173,5.79158775059921,76.096083373076,81.3671176131492,5.27103424007322,6.90082849281215,20.2982524857283,23.4354997414577,3.13724725572934,4.810182522271,47.3934035216413,51.1392155567821,3.74581203514083,6.35306824856652,27.095151035913,27.7037158153245,0.608564779411495,5.423198939833
escs_h_min3,JPN,36,515.078487864697,500.569620091477,-14.5088677732202,7.55423180382581,540.368487454532,531.187871054095,-9.18061640043766,5.84320206057426,559.20043002288,554.088654779592,-5.11177524328843,6.20149456924028,574.286528760382,578.266703477161,3.98017471677883,7.1580667602955,25.2899995898355,30.6182509626181,5.32825137278257,6.62638298691942,44.1219421581831,53.5190346881149,9.3970925299318,7.38379072660445,59.2080408956853,77.6970833856843,18.4890424899991,8.85991216608003,18.8319425683476,22.9007837254968,4.06884115714922,5.51547648764795,33.9180413058498,47.0788324230663,13.1607911172165,6.89448170993599,15.0860987375022,24.1780486975695,9.09194996006727,5.74092501251011
escs_h_min3,KOR,36,494.970372584867,488.429456698483,-6.54091588638443,6.94801192576502,513.153255625897,524.559588103926,11.4063324780288,6.6863746081225,538.321074170971,545.000453247031,6.67937907606006,6.46659001604829,566.956731121705,560.222798448768,-6.73393267293727,7.38550025369487,18.1828830410304,36.1301314054437,17.9472483644133,6.74064960254234,43.3507015861038,56.5709965485482,13.2202949624445,7.01598045852,71.9863585368385,71.7933417502857,-0.193016786552846,7.66947318122199,25.1678185450734,20.4408651431046,-4.72695340196879,6.64261987571385,53.8034754958081,35.663210344842,-18.1402651509661,8.22399468665832,28.6356569507348,15.2223452017374,-13.4133117489973,7.14968702774358
escs_h_min3,LTU,36,447.929484673419,456.534069599711,8.60458492629164,5.15444537090405,471.041612641437,483.266525723758,12.2249130823213,4.74132055260199,500.92276546986,511.434412966726,10.5116474968659,5.17079002009684,523.846909407753,524.033583884826,0.186674477073439,5.88560942325451,23.112127968018,26.7324561240477,3.62032815602964,4.59749069942879,52.9932807964412,54.9003433670155,1.90706257057428,5.30366817773057,75.9174247343337,67.4995142851155,-8.4179104492182,6.30899162443467,29.8811528284232,28.1678872429678,-1.71326558545536,5.05903615852271,52.8052967663157,40.7670581610679,-12.0382386052478,5.50745172914136,22.9241439378926,12.5991709181001,-10.3249730197925,5.36510685818346
escs_h_min3,LVA,36,463.294440211805,445.93948506811,-17.3549551436954,5.478571859799,482.08303978247,471.135391591066,-10.9476481914039,5.53774468557786,504.753903026574,494.980377351074,-9.77352567549974,5.23236201084646,528.491805389239,507.628488140374,-20.863317248865,5.34684216387749,18.7885995706649,25.1959065229565,6.40730695229155,5.12391885774545,41.4594628147687,49.0408922829644,7.58142946819567,5.61762653022671,65.1973651774342,61.6890030722647,-3.50836210516957,5.85261706956165,22.6708632441038,23.8449857600079,1.17412251590412,5.33214771834921,46.4087656067693,36.4930965493082,-9.91566905746112,5.68860982671109,23.7379023626655,12.6481107893003,-11.0897915733652,5.76605159576903
escs_h_min3,MEX,36,382.217584593597,383.008870457407,0.791285863810685,4.71033897459262,396.983644502502,405.191840376337,8.20819587383488,4.85526091177726,414.401671954321,420.796069458082,6.39439750376113,5.18843900787473,446.021232900192,451.889789752154,5.86855685196252,6.26833717982569,14.7660599089056,22.1829699189298,7.4169100100242,4.2695894626691,32.1840873607246,37.787199000675,5.60311163995044,4.68593490265019,63.8036483065952,68.880919294747,5.07727098815184,6.3041239455619,17.418027451819,15.6042290817452,-1.81379837007376,4.17319177239385,49.0375883976896,46.6979493758173,-2.33963902187236,6.25612801513862,31.6195609458706,31.093720294072,-0.525840651798603,5.84380347096924
escs_h_min3,NLD,36,443.872486456051,437.249598540488,-6.62288791556301,7.92722875516748,468.459741875077,474.771142932172,6.3114010570942,7.00542918761245,513.913738779005,512.061895244513,-1.85184353449176,6.26232431834,542.537304677144,544.540444557868,2.00313988072321,6.63899620810329,24.5872554190259,37.5215443916831,12.9342889726572,6.77610436018593,70.0412523229534,74.8122967040246,4.77104438107125,8.06721173076286,98.6648182210929,107.290846017379,8.62602779628622,9.3239721771376,45.4539969039275,37.2907523123415,-8.16324459158597,6.81552637374152,74.077562802067,69.769301625696,-4.30826117637099,7.69260326698829,28.6235658981395,32.4785493133545,3.85498341521497,6.91449123351904
escs_h_min3,NOR,36,440.91408529156,430.912084429122,-10.0020008624374,5.44619557201065,470.930952266416,466.62061997206,-4.31033229435576,5.21711912398087,498.495798826994,497.659254583888,-0.836544243106062,5.20128816962267,515.736029508676,510.637172503229,-5.09885700544731,5.89432563050638,30.0168669748562,35.7085355429378,5.69166856808164,5.52054024387846,57.5817135354345,66.7471701547658,9.16545661933134,6.14354907728295,74.8219442171165,79.7250880741066,4.90314385699008,6.44882319905398,27.5648465605783,31.038634611828,3.4737880512497,5.21418649367308,44.8050772422603,44.0165525311688,-0.788524711091554,5.86870854036653,17.240230681682,12.9779179193408,-4.26231276234125,5.52618571285801
escs_h_min3,NZL,36,455.606140030674,472.532325632317,16.9261856016433,5.57811163684086,500.47126342688,500.686147538427,0.214884111546837,5.79130083982398,530.20927242113,539.252009321511,9.04273690038042,5.72217346519981,551.56544161634,567.064147380038,15.498705763698,5.48024020201773,44.8651233962062,28.1538219061097,-16.7113014900965,5.51192700366705,74.6031323904569,66.719683689194,-7.88344870126292,6.39292859091412,95.9593015856666,94.5318217477213,-1.42747983794533,6.08078780360481,29.7380089942507,38.5658617830843,8.82785278883358,6.40631972745852,51.0941781894605,66.3779998416117,15.2838216521512,6.4676310308249,21.3561691952098,27.8121380585274,6.45596886331759,6.48842328074306
escs_h_min3,POL,36,460.224194971689,456.484785519697,-3.73940945199149,5.54333940676883,486.335308324784,484.623639353719,-1.71166897106468,5.38669399400612,512.703380501406,518.318302669524,5.61492216811814,5.73329193080795,543.865098738548,540.898164667314,-2.96693407123405,6.10014037837752,26.1111133530952,28.138853834022,2.02774048092681,5.04202641813698,52.4791855297169,61.8335171498266,9.35433162010963,5.5436210026539,83.6409037668594,84.4133791476169,0.772475380757442,6.83793214556313,26.3680721766217,33.6946633158045,7.32659113918282,5.22819870388319,57.5297904137642,56.2745253135948,-1.25526510016937,6.39139991391353,31.1617182371425,22.5798619977903,-8.58185623935219,5.80780647915589
escs_h_min3,PRT,36,443.944676289877,440.245235520037,-3.69944076984012,5.86918369296565,468.799442674415,470.24983677284,1.45039409842428,5.76808759435225,498.024195489177,498.201154913414,0.176959424237054,5.37596980062012,530.648670412664,533.719250292224,3.07057987956034,5.88090526221279,24.8547663845383,30.0046012528027,5.14983486826441,4.85849635033922,54.0795191992999,57.955919393377,3.87640019407718,5.18098450702947,86.7039941227869,93.4740147721873,6.77002064940047,6.19200208359606,29.2247528147615,27.9513181405743,-1.27343467418723,5.14855472624558,61.8492277382486,63.4694135193846,1.62018578113606,6.06824491261173,32.624474923487,35.5180953788103,2.89362045532329,5.06023118659679
escs_h_min3,SVK,36,396.751281670165,417.924541046052,21.1732593758873,6.26636721071587,452.869359388086,468.871929058115,16.0025696700294,5.8498690769923,477.371070985405,494.745865379302,17.3747943938972,5.62823785793901,523.258276809993,536.97543742086,13.7171606108665,6.560626011372,56.1180777179214,50.9473880120635,-5.17068970585791,6.10940405099759,80.6197893152405,76.8213243332504,-3.79846498199009,6.90450383698863,126.506995139829,119.050896374808,-7.45609876502084,8.24228492276684,24.5017115973191,25.8739363211869,1.37222472386782,5.92789593790382,70.3889174219073,68.1035083627444,-2.28540905916293,7.30331632060223,45.8872058245882,42.2295720415575,-3.65763378303075,5.85560515160122
escs_h_min3,SVN,36,458.033736834185,445.388469813676,-12.6452670205093,5.08565842540325,488.206056762002,475.848407872389,-12.357648889613,5.16158710313068,520.505415604465,509.899373563448,-10.6060420410171,5.25535045516865,536.851309097226,530.108973316002,-6.74233578122494,4.93751429739907,30.1723199278171,30.4599380587133,0.287618130896249,5.7205407740024,62.4716787702803,64.5109037497725,2.03922497949219,5.82364165514852,78.8175722630417,84.7205035023261,5.90293123928433,5.62120917501168,32.2993588424632,34.0509656910592,1.75160684859594,5.97851037300381,48.6452523352247,54.2605654436127,5.61531310838808,5.79409244867868,16.3458934927614,20.2095997525536,3.86370625979214,5.99922354357413
escs_h_min3,SWE,36,445.015149936539,437.104503591892,-7.91064634464749,5.60618933151022,479.447028047449,480.192219998381,0.745191950932281,5.52341482670906,516.348727819049,519.976788480208,3.62806066115923,5.59193342538087,543.950713390304,534.756532254825,-9.19418113547908,6.69420628173821,34.4318781109091,43.0877164064888,8.65583829557977,5.44890508927184,71.3335778825093,82.872284888316,11.5387070058067,5.77580019897343,98.9355634537649,97.6520286629333,-1.2835347908316,7.4951884173523,36.9016997716002,39.7845684818271,2.88286871022694,5.43073087219851,64.5036853428559,54.5643122564445,-9.93937308641136,6.64001274701628,27.6019855712557,14.7797437746174,-12.8222417966383,6.47129004699441
escs_h_min3,TUR,36,450.06816561791,460.494763256392,10.4265976384828,5.220228428785,462.867665221227,484.113508362403,21.2458431411756,4.9808044298369,472.657137422889,496.762713449962,24.1055760270731,5.55463847085256,518.464934275851,547.672512409287,29.207578133436,5.9697403021968,12.7994996033174,23.6187451060102,10.8192455026928,4.71898213225463,22.5889718049793,36.2679501935697,13.6789783885903,5.38737800233935,68.3967686579413,87.1777491528944,18.7809804949532,6.37194815000449,9.78947220166191,12.6492050875594,2.85973288589753,4.47552371622221,55.5972690546238,63.5590040468842,7.96173499226035,6.13382948308249,45.8077968529619,50.9097989593248,5.10200210636282,5.9504918958239
escs_h_min3,USA,36,454.224182037638,453.902375214528,-0.321806823109739,8.26380908019124,480.997900297588,486.99047658094,5.9925762833513,8.31698312275263,511.736914411235,508.630342445016,-3.10657196621855,9.59668329673314,554.204882113788,566.970802196844,12.7659200830564,15.9338171850795,26.7737182599508,33.0881013664119,6.31438310646104,9.1006912107343,57.5127323735972,54.7279672304883,-2.78476514310881,9.88978375296693,99.9807000761504,113.068426982317,13.0877269061661,17.1993092046146,30.7390141136463,21.6398658640765,-9.09914824956985,9.69185906454935,73.2069818161996,79.9803256159046,6.77334379970506,15.0244775053927,42.4679677025533,58.3404597518282,15.8724920492749,13.5692505415392
escs_h_min3,OECD,36,445.249922620834,444.585936056484,-0.663986564350068,3.22361231087037,474.539136158127,476.753099503714,2.21396334558654,3.21112526855235,502.617603927274,505.108292170879,2.49068824360461,3.21751719777056,531.591681133511,533.07306189798,1.48138076446833,3.26243788085158,29.2892135372933,32.1671634472299,2.8779499099366,0.945121381788753,57.36768130644,60.5223561143947,3.15467480795468,1.01487033559473,86.3417585126774,88.4871258414958,2.1453673288184,1.22877938386772,28.0784677691467,28.3551926671648,0.276724898018074,0.928000923284602,57.052544975384,56.3199623942658,-0.732582581118209,1.10568363553277,28.9740772062373,27.964769727101,-1.00930747913628,1.0419671413476
escs_h_min3,OECD35,35,445.11373410314,444.704052140748,-0.409681962392028,3.22838620155952,474.556389850839,477.000859683809,2.44446983297024,3.21518679002,502.782891848074,505.343681077023,2.56078922894909,3.22242409874571,531.877754663952,533.474231386687,1.59647672273559,3.26954269993847,29.4426557476986,32.2968075430608,2.85415179536227,0.965887829643341,57.6691577449338,60.6396289362749,2.97047119134112,1.03860381048628,86.7640205608112,88.7701792459389,2.00615868512762,1.25844742544169,28.2265019972352,28.3428213932141,0.116319395978849,0.950435107018851,57.3213648131127,56.473371702878,-0.847993110234654,1.13117505967859,29.0948628158774,28.1305503096639,-0.964312506213503,1.0670807301883
