index,cnt,n_systems,Q1_2022,Q1_2025,Q1_change,Q1_se,Q2_2022,Q2_2025,Q2_change,Q2_se,Q3_2022,Q3_2025,Q3_change,Q3_se,Q4_2022,Q4_2025,Q4_change,Q4_se,Q2-Q1_2022,Q2-Q1_2025,Q2-Q1_change,Q2-Q1_se,Q3-Q1_2022,Q3-Q1_2025,Q3-Q1_change,Q3-Q1_se,Q4-Q1_2022,Q4-Q1_2025,Q4-Q1_change,Q4-Q1_se,Q3-Q2_2022,Q3-Q2_2025,Q3-Q2_change,Q3-Q2_se,Q4-Q2_2022,Q4-Q2_2025,Q4-Q2_change,Q4-Q2_se,Q4-Q3_2022,Q4-Q3_2025,Q4-Q3_change,Q4-Q3_se
escs,AUS,36,453.343570830429,454.723828659078,1.38025782864992,4.1027479310257,480.930322075928,482.578631152151,1.64830907622292,3.62984495555837,518.764961553198,516.500023730417,-2.26493782278101,3.88388203984864,547.824153464697,528.590383992467,-19.2337694722306,4.13555569420059,27.586751245499,27.854802493072,0.268051247572998,5.03991244763304,65.4213907227693,61.7761950713384,-3.64519565143092,4.94551631592438,94.4805826342689,73.8665553333883,-20.6140273008805,5.14822999090702,37.8346394772703,33.9213925782664,-3.91324689900392,4.30349724224406,66.8938313887699,46.0117528403163,-20.8820785484535,4.65255011703704,29.0591919114995,12.0903602620499,-16.9688316494496,4.36518287794625
escs,AUT,36,425.986489813826,430.540181620184,4.5536918063579,5.25183713122998,464.687311996003,460.101801918505,-4.58551007749821,4.69645609743321,504.450559312431,486.539016472047,-17.9115428403837,4.48748289685536,538.342404646101,512.465842187406,-25.8765624586947,4.70389702018325,38.7008221821768,29.5616202983206,-9.13920188385612,5.8812624163941,78.4640694986049,55.9988348518633,-22.4652346467416,5.57408427271814,112.355914832274,81.9256605672218,-30.4302542650526,6.23471782663326,39.7632473164281,26.4372145535427,-13.3260327628855,5.21273153417446,73.6550926500976,52.3640402689011,-21.2910523811965,5.63456012044014,33.8918453336695,25.9268257153585,-7.96501961831103,5.0068447266092
escs,BEL,36,424.796215101853,433.26001771779,8.46380261593708,5.58160844366551,460.026010681303,460.977718833865,0.951708152561935,4.55954548775507,500.594126377246,497.394624630236,-3.19950174701017,4.426093851488,540.054332397931,517.26250730141,-22.7918250965205,5.22214242386255,35.22979557945,27.7177011160748,-7.51209446337515,5.73488725089256,75.7979112753927,64.1346069124455,-11.6633043629473,6.1071158175044,115.258117296077,84.0024895836196,-31.2556277124576,7.19235660199389,40.5681156959428,36.4169057963707,-4.15120989957211,4.74794942178448,80.0283217166272,56.2847884675447,-23.7435332490824,6.32675757236234,39.4602060206844,19.8678826711741,-19.5923233495103,5.73047602848207
escs,CAN,36,471.879234592232,461.953104623579,-9.92612996865307,3.75913468617244,499.216492852971,492.908638633002,-6.30785421996967,3.45033401360001,522.452001130654,518.105806450338,-4.34619468031679,3.4861171607121,545.649951657753,518.224946454212,-27.4250052035411,4.74555920155378,27.3372582607395,30.9555340094229,3.6182757486834,4.21257537640039,50.5727665384224,56.1527018267587,5.57993528833629,4.53902652881035,73.7707170655214,56.2718418306334,-17.498875234888,5.3651718191688,23.2355082776829,25.1971678173358,1.96165953965289,4.15433726878656,46.4334588047819,25.3163078212105,-21.1171509835714,5.34868652003499,23.197950527099,0.119140003874691,-23.0788105232243,4.48576036548822
escs,CHE,36,425.246105408887,434.503530644414,9.25742523552736,5.06778643791379,466.860863807525,461.364679864929,-5.49618394259522,4.82323684868101,502.680843663982,493.673450310517,-9.00739335346537,4.96674652807518,549.079442650157,520.596132852273,-28.4833097978841,5.28968801270841,41.6147583986377,26.8611492205151,-14.7536091781226,5.6740863952983,77.4347382550954,59.1699196661027,-18.2648185889927,5.80261232458927,123.83333724127,86.092602207859,-37.7407350334115,6.90101571451001,35.8199798564577,32.3087704455875,-3.51120941087015,5.69195096515864,82.2185788426327,59.2314529873439,-22.9871258552889,6.01054487066246,46.398598986175,26.9226825417563,-19.4759164444187,6.1600421367823
escs,CHL,36,413.545167247594,411.96505862153,-1.58010862606386,6.05424810012391,440.75804446469,427.318338677674,-13.4397057870165,5.08683176236077,457.47872226427,441.082614925837,-16.3961073384327,5.17031325661772,489.321241314119,483.296595730206,-6.02464558391318,4.885399191784,27.2128772170963,15.3532800561437,-11.8595971609526,6.48874496511227,43.9335550166756,29.1175563043067,-14.8159987123689,7.08620470792007,75.7760740665253,71.331537108676,-4.44453695784932,7.56626438065344,16.7206777995793,13.764276248163,-2.95640155141626,5.78497585077388,48.563196849429,55.9782570525323,7.41506020310328,5.45410520920179,31.8425190498497,42.2139808043693,10.3714617545195,5.88335526335372
escs,COL,36,366.824309588969,364.07916878644,-2.74514080252931,4.74087761292757,392.157882387457,393.519109711168,1.3612273237116,5.21297186518605,413.686788334208,409.977873814955,-3.70891451925343,6.03431461552677,468.791046087181,453.120203821416,-15.6708422657651,8.04986108073311,25.3335727984874,29.4399409247283,4.10636812624091,5.81376430666322,46.862478745239,45.8987050285149,-0.96377371672412,6.26993833355228,101.966736498212,89.0410350349761,-12.9257014632358,9.09201053871471,21.5289059467516,16.4587641037866,-5.07014184296503,5.17935835117279,76.6331636997246,59.6010941102478,-17.0320695894767,8.4223804411457,55.1042577529729,43.1423300064612,-11.9619277465117,8.38424722023277
escs,CZE,36,433.776329286659,434.542997650529,0.76666836386994,4.84240018077026,479.087135278021,459.829190653947,-19.257944624074,4.60386737397217,500.6214160593,480.393635761769,-20.2277802975314,5.107623949409,543.975779774058,514.197861029096,-29.777918744962,5.36530342560783,45.3108059913627,25.2861930034188,-20.0246129879439,5.51428504413319,66.8450867726412,45.8506381112399,-20.9944486614014,6.0672738462691,110.199450487399,79.6548633785671,-30.5445871088319,7.12051058609902,21.5342807812785,20.5644451078211,-0.969835673457453,5.36359433675213,64.8886444960364,54.3686703751483,-10.519974120888,6.14255416096399,43.3543637147578,33.8042252673272,-9.55013844743058,6.37086649902487
escs,DEU,36,435.494246346861,421.741507116814,-13.7527392300473,5.89499076449467,469.015882307149,465.136853548213,-3.87902875893582,5.76260712316463,493.200053939883,494.013554529944,0.813500590061494,6.20907969195602,547.97966276264,536.540372296042,-11.4392904665982,5.68353823977877,33.5216359602878,43.3953464313993,9.87371047111151,6.50223724703974,57.7058075930213,72.2720474131301,14.5662398201088,6.98402167225486,112.485416415779,114.798865179228,2.31344876344912,7.64027045999681,24.1841716327335,28.8767009817308,4.69252934899731,6.11567614759478,78.9637804554912,71.4035187478288,-7.56026170766239,6.5762827000745,54.7796088227577,42.526817766098,-12.2527910566597,6.97068983558318
escs,DNK,36,450.087308698586,431.539078060372,-18.5482306382137,4.56902893873448,480.430556746925,458.399582190425,-22.0309745564998,4.74122334857461,509.661425880891,487.352287778299,-22.3091381025914,5.19731728704779,522.782967845094,488.765170048562,-34.0177977965317,6.31439973842835,30.3432480483391,26.860504130053,-3.48274391828608,5.59461401214471,59.5741171823049,55.8132097179273,-3.76090746437762,5.80898488155129,72.6956591465084,57.2260919881904,-15.4695671583179,7.24001096498805,29.2308691339658,28.9527055878743,-0.278163546091548,6.36800627115888,42.3524110981693,30.3655878581374,-11.9868232400319,7.15975056138915,13.1215419642035,1.41288227026314,-11.7086596939403,7.30018006031037
escs,ESP,36,437.799618578968,422.756119084255,-15.0434994947136,3.86853618331254,461.792770788172,444.206566284934,-17.5862045032384,3.2215747755213,486.994542845387,470.345923776921,-16.6486190684661,3.06030918779379,518.407481299596,485.375527968996,-33.0319533306006,3.40468492115376,23.9931522092041,21.4504472006794,-2.54270500852476,3.639900879725,49.1949242664189,47.5898046926664,-1.60511957375246,4.02083888550946,80.607862720628,62.619408884741,-17.988453835887,4.59025943092258,25.2017720572147,26.139357491987,0.937585434772302,3.24804259636194,56.6147105114238,41.1689616840616,-15.4457488273623,4.06152471990717,31.4129384542091,15.0296041920745,-16.3833342621346,3.67482274595606
escs,EST,36,477.11388699976,464.182592684183,-12.9312943155771,4.94002494237961,498.119133281964,486.822387613066,-11.2967456688972,4.80687328856352,523.053740554554,520.577772530845,-2.47596802370867,4.75640263722019,549.808684302478,532.493784759695,-17.3148995427827,5.09514147718686,21.0052462822034,22.6397949288833,1.63454864667983,5.85308751608422,45.939853554794,56.3951798466624,10.4553262918684,5.98597936545923,72.694797302718,68.3111920755124,-4.38360522720558,6.12739660334395,24.9346072725905,33.7553849177791,8.82077764518857,5.64398421823639,51.6895510205146,45.6713971466292,-6.01815387388541,5.83011970240839,26.754943747924,11.91601222885,-14.838931519074,5.55162756578432
escs,FIN,36,451.968815464222,444.631716715399,-7.33709874882351,4.32163614981185,475.573031094576,467.672347055526,-7.90068403904934,4.2169837001052,508.739144800887,499.923646627082,-8.81549817380534,4.2068606956846,536.31760596324,512.595830078283,-23.7217758849569,4.51014712702622,23.6042156303533,23.0406303401275,-0.563585290225831,5.20285672098088,56.7703293366646,55.2919299116828,-1.47839942498183,5.16087543412113,84.3487904990175,67.9641133628841,-16.3846771361334,5.69411042293375,33.1661137063113,32.2512995715553,-0.914814134756,4.86176715936932,60.7445748686642,44.9234830227567,-15.8210918459075,5.65442909712928,27.5784611623529,12.6721834512014,-14.9062777111515,5.05542925124261
escs,FRA,36,420.966136456466,421.45789254991,0.491756093444394,5.43658034372343,456.304094020047,448.210355868213,-8.09373815183392,4.92033335207071,492.21411509231,478.876421040801,-13.3376940515089,5.45332723674986,535.234215461125,512.401564507182,-22.8326509539429,5.65012591839647,35.3379575635807,26.7524633183024,-8.58549424527831,5.66546607541005,71.2479786358443,57.418528490891,-13.8294501449533,6.37569635302633,114.268079004659,90.9436719572714,-23.3244070473873,7.25722567972776,35.9100210722636,30.6660651725886,-5.24395589967497,5.42878112929498,78.930121441078,64.1912086389691,-14.738912802109,6.36165123338593,43.0201003688144,33.5251434663804,-9.49495690243401,5.44946773483256
escs,GBR,36,467.830308069847,470.770175503592,2.93986743374495,4.54875138684549,487.344111885948,489.920570383049,2.57645849710121,5.03055645944506,499.076959892734,510.529228458695,11.4522685659617,4.20649249148661,549.953221704983,534.840798505741,-15.1124231992416,6.22970506797872,19.5138038161011,19.1503948794574,-0.363408936643737,6.04821039189427,31.2466518228867,39.7590529551034,8.51240113221672,5.4842344171535,82.1229136351361,64.0706230021496,-18.0522906329865,7.43404794682634,11.7328480067856,20.608658075646,8.87581006886046,5.51849028717265,62.609109819035,44.9202281226922,-17.6888816963428,7.66615524077824,50.8762618122494,24.3115700470462,-26.5646917652032,6.79932338725657
escs,GRC,36,402.367174146462,390.874037150975,-11.4931369954869,5.61962130646493,424.403088708263,412.970823945162,-11.4322647631011,4.59777366455089,446.459792793125,443.689712699074,-2.77008009405108,5.04111942752529,484.445677580017,463.111396225156,-21.3342813548602,5.58375070738928,22.0359145618013,22.0967867941871,0.0608722323857478,5.43766088229917,44.0926186466632,52.815675548099,8.72305690143577,6.16476938704964,82.0785034335545,72.2373590741811,-9.84114435937335,7.15869007368014,22.0567040848619,30.7188887539119,8.66218466905002,4.98686436243681,60.0425888717532,50.1405722799941,-9.90201659175909,5.72541955483931,37.9858847868913,19.4216835260822,-18.5642012608091,5.9312945461848
escs,HUN,36,412.053795062579,410.013747808953,-2.04004725362609,5.5795652842148,453.456720183377,443.768264054287,-9.68845612908933,4.90599031286139,492.17580961695,469.007487634537,-23.1683219824137,5.29504582375303,536.217408607297,499.30205979962,-36.9153488076773,5.75389364549797,41.4029251207981,33.7545162453348,-7.64840887546325,6.45641830020206,80.1220145543717,58.9937398255841,-21.1282747287876,7.16243302891716,124.163613544719,89.2883119906675,-34.8753015540512,7.86469695750721,38.7190894335737,25.2392235802493,-13.4798658533244,5.99315997015888,82.7606884239207,55.5337957453327,-27.2268926785879,7.2000941539398,44.041598990347,30.2945721650834,-13.7470268252636,6.41255972152958
escs,IRL,36,479.127644369081,469.089324273332,-10.0383200957491,3.96269932680735,504.012280123037,487.990558721875,-16.0217214011621,3.8906817707283,530.25300089745,517.158418550756,-13.0945823466941,4.0740232825437,554.60061964478,539.53754764271,-15.0630720020698,4.34711450643274,24.884635753956,18.901234448543,-5.983401305413,4.67094826606467,51.125356528369,48.069094277424,-3.056262250945,5.18072821918801,75.4729752756989,70.4482233693782,-5.02475190632072,5.21028400972061,26.240720774413,29.167859828881,2.927139054468,4.68398777106579,50.5883395217429,51.5469889208352,0.95864939909228,5.01214203025178,24.3476187473299,22.3791290919542,-1.96848965537572,4.834991470354
escs,ISL,36,393.656886478303,397.75751161976,4.10062514145704,5.00224575904823,431.209960150608,427.537898098577,-3.67206205203053,5.16548760733639,449.42906847739,451.169905690479,1.74083721308904,4.98196490554825,475.912491928971,461.528192521932,-14.38429940704,5.05884318907976,37.5530736723051,29.7803864788176,-7.77268719348757,7.14911369482878,55.7721819990874,53.4123940707194,-2.35978792836801,6.7917459632181,82.2556054506688,63.7706809021718,-18.484924548497,7.2256240454091,18.2191083267823,23.6320075919018,5.41289926511956,6.79260587533058,44.7025317783637,33.9902944233542,-10.7122373550094,6.73657590018285,26.4834234515814,10.3582868314524,-16.125136620129,6.57624586725154
escs,ISR,36,412.216137036727,414.793022274117,2.57688523738966,6.44788143365373,458.010270317731,443.802663019108,-14.2076072986233,5.94093732087768,503.48658734459,475.397376255083,-28.0892110895067,6.18182746348217,534.959844358763,484.26341422296,-50.696430135803,6.56898283114016,45.7941332810041,29.0096407449911,-16.784492536013,7.13759083405131,91.2704503078629,60.6043539809666,-30.6660963268964,7.53653156721068,122.743707322036,69.470391948843,-53.2733153731927,8.09107188676517,45.4763170268588,31.5947132359754,-13.8816037908834,6.91105795047533,76.9495740410316,40.4607512038519,-36.4888228371797,7.23031274913945,31.4732570141728,8.86603796787648,-22.6072190462963,6.93653052764297
escs,ITA,36,442.022238393478,437.833713086334,-4.1885253071444,4.89019231906706,475.055977182223,466.81214281169,-8.24383437053245,4.62980175940184,492.299673957422,487.40719638536,-4.89247757206226,4.64112893239338,521.204617093265,516.444295260465,-4.76032183279983,5.41213180437568,33.0337387887443,28.9784297253563,-4.05530906338805,5.09908991229325,50.2774355639435,49.5734832990257,-0.703952264917859,5.77964260324799,79.1823786997869,78.6105821741314,-0.571796525655429,6.7353458590794,17.2436967751992,20.5950535736694,3.35135679847019,5.02550167570608,46.1486399110426,49.6321524487752,3.48351253773262,6.09222372363316,28.9049431358433,29.0370988751058,0.13215573926243,5.21667889616865
escs,JPN,36,477.805897431967,470.918837388774,-6.88706004319238,6.77532460728093,507.588722134808,500.37391171056,-7.21481042424807,5.79695900169516,529.824969688077,518.68481662125,-11.1401530668275,5.67503508948088,550.970054520786,535.683285189325,-15.286769331461,6.77634485053443,29.7828247028414,29.4550743217857,-0.327750381055694,6.23417756531271,52.0190722561108,47.7659792324757,-4.25309302363507,6.89136775205217,73.1641570888198,64.7644478005512,-8.39970928826858,8.92614158442747,22.2362475532694,18.3109049106901,-3.92534264257938,5.97354628648566,43.3813323859785,35.3093734787656,-8.07195890721289,7.65597071951086,21.145084832709,16.9984685680755,-4.14661626463351,6.29492211895767
escs,KOR,36,470.744781165916,462.463261128636,-8.28152003727968,6.74468898837683,503.427752402016,501.78469662705,-1.6430557749664,5.65032401146928,530.002601299118,521.873252316177,-8.129348982941,5.94008429876783,558.964631043264,529.735180109674,-29.22945093359,5.97395426530077,32.6829712361007,39.321435498414,6.63846426231328,6.55600094558078,59.2578201332028,59.4099911875414,0.15217105433868,7.33081253609791,88.2198498773481,67.2719189810378,-20.9479308963103,7.74571945602862,26.5748488971021,20.0885556891275,-6.4862932079746,6.16682970780211,55.5368786412474,27.9504834826238,-27.5863951586236,7.06171184823992,28.9620297441453,7.86192779349631,-21.100101950649,7.27129427525604
escs,LTU,36,432.324854967179,438.35334003435,6.02848506717101,4.4243785241169,456.634423014132,458.465790512084,1.83136749795204,4.0015223002277,486.817123174998,490.009515627447,3.19239245244916,4.29581826902422,518.355468927263,497.062414148024,-21.2930547792385,5.05619401696996,24.3095680469526,20.1124504777337,-4.19711756921896,5.13877443038054,54.4922682078192,51.6561755930973,-2.83609261472185,5.6050070377036,86.0306139600838,58.7090741136743,-27.3215398464095,6.65567761300858,30.1827001608666,31.5437251153637,1.36102495449711,5.35757297879659,61.7210459131312,38.5966236359406,-23.1244222771905,5.83581414388948,31.5383457522646,7.05289852057695,-24.4854472316877,5.28057382267047
escs,LVA,36,438.213122103337,413.540436434935,-24.6726856684021,4.37328283679073,462.335143948508,436.478010217023,-25.8571337314855,4.98896372825735,487.158879750377,451.979382003558,-35.1794977468186,4.44238499320857,515.747566092881,465.545195443814,-50.2023706490675,4.52547389188382,24.1220218451713,22.9375737820879,-1.18444806308344,5.26546969294458,48.9457576470402,38.4389455686236,-10.5068120784165,5.16431835420672,77.5344439895442,52.0047590088789,-25.5296849806654,5.78443859344393,24.8237358018689,15.5013717865357,-9.32236401533311,5.72645043410859,53.4124221443729,29.067185226791,-24.3452369175819,5.87578344823078,28.5886863425041,13.5658134402552,-15.0228729022488,5.56249049998209
escs,MEX,36,378.371082111003,376.427826483706,-1.94325562729659,4.27969638501657,401.543327724413,401.146193353224,-0.397134371188145,4.33006775244468,423.320813096663,414.611147868399,-8.70966522826353,5.00990792353992,459.075671046857,446.879450855796,-12.1962201910609,6.03500471480337,23.1722456134098,24.7183668695183,1.54612125610845,4.60004347091137,44.94973098566,38.183321384693,-6.76640960096694,5.66213637058169,80.7045889358537,70.4516243720894,-10.2529645637643,7.12653249356965,21.7774853722502,13.4649545151748,-8.31253085707539,5.1798167868711,57.5323433224439,45.7332575025712,-11.7990858198727,6.60609076266737,35.7548579501938,32.2683029873964,-3.48655496279736,6.53608584257754
escs,NLD,36,414.395207416574,401.684417932365,-12.7107894842087,7.13936229396002,438.621694894113,429.078108241854,-9.54358665225885,6.87528711178438,483.005176318258,466.635458959522,-16.3697173587362,6.08581881020633,517.598613667407,495.524415483239,-22.074198184168,5.80169553267572,24.2264874775391,27.3936903094889,3.16720283194985,7.00543397483399,68.6099689016841,64.9510410271566,-3.65892787452748,8.13103818173609,103.203406250833,93.8399975508734,-9.36340869995928,8.73225652018195,44.383481424145,37.5573507176676,-6.82613070647733,7.34602498768655,78.9769187732936,66.4463072413845,-12.5306115319091,8.15209489969234,34.5934373491486,28.8889565237168,-5.7044808254318,6.77714442509306
escs,NOR,36,434.301271548712,416.95241450925,-17.3488570394622,4.72203815166569,466.906256745411,453.352050454861,-13.5542062905504,4.74271426875444,494.83750987396,478.693790746608,-16.1437191273521,4.8816887626881,523.167658240615,494.915966993667,-28.2516912469479,5.32727924404701,32.6049851966986,36.3996359456104,3.79465074891175,5.74007501716172,60.5362383252474,61.7413762373575,1.2051379121101,6.31317431791484,88.8663866919027,77.963552484417,-10.9028342074857,7.01901181710595,27.9312531285488,25.3417402917471,-2.58951283680165,5.98923426189866,56.261401495204,41.5639165388066,-14.6974849563974,6.58274168737131,28.3301483666553,16.2221762470595,-12.1079721195958,6.18406667522626
escs,NZL,36,456.702187411053,467.865928203802,11.1637407927488,4.63734722245394,494.561166786002,488.483907757574,-6.0772590284281,4.75143556017663,522.337294457757,530.627160740376,8.28986628261851,5.53248791200236,551.095567849654,545.73417841585,-5.36138943380422,5.14391898295082,37.858979374949,20.6179795537721,-17.2409998211769,5.79828492352337,65.6351070467036,62.7612325365734,-2.87387451013029,6.58941437362513,94.3933804386007,77.8682502120477,-16.525130226553,7.02426532577961,27.7761276717546,42.1432529828012,14.3671253110466,6.76135365565104,56.5344010636517,57.2502706582756,0.715869594623882,6.67396554296048,28.7582733918971,15.1070176754744,-13.6512557164227,6.82282889898634
escs,POL,36,443.328286206132,448.229417059189,4.90113085305757,5.18799711474165,476.74433709041,469.993385295465,-6.75095179494542,5.10092297429223,502.205132473506,506.367823461218,4.16269098771176,5.24002514351092,541.817629437709,525.138837892608,-16.6787915451008,5.66303460635473,33.4160508842786,21.7639682362756,-11.652082648003,5.34683873163469,58.8768462673745,58.1384064020286,-0.738439865345811,6.25551759602726,98.489343231577,76.9094208334186,-21.5799223981584,7.74401137898577,25.4607953830958,36.374438165753,10.9136427826572,5.67405321440933,65.0732923472984,55.145452597143,-9.92783975015539,6.95488689788503,39.6124969642025,18.77101443139,-20.8414825328126,6.45812478267179
escs,PRT,36,438.081105891978,428.882060803145,-9.19904508883252,5.232622640587,462.924633295716,451.814736248402,-11.109897047314,5.09292848878997,483.358253427575,475.568311103033,-7.78994232454181,4.78982608634873,527.092173752344,508.881947653251,-18.2102260990932,5.30272105767221,24.8435274037379,22.9326754452565,-1.91085195848149,5.11394167065649,45.2771475355972,46.6862502998879,1.40910276429071,5.44258909164852,89.0110678603665,79.9998868501058,-9.01118101026066,6.71249084525714,20.4336201318592,23.7535748546314,3.3199547227722,5.62174630221385,64.1675404566286,57.0672114048494,-7.10032905177917,6.54671124336318,43.7339203247693,33.313636550218,-10.4202837745514,6.14512916532421
escs,SVK,36,385.839139154096,400.670766870451,14.8316277163557,5.74513698428363,440.685954021119,441.018842877427,0.33288885630742,5.87896100956756,459.238938545113,464.342139407787,5.1032008626745,5.3666720545203,504.071690475806,503.322266105167,-0.74942437063828,5.54498163957571,54.846814867024,40.3480760069757,-14.4987388600483,6.73112452300888,73.3997993910171,63.6713725373359,-9.72842685368119,7.23928412029546,118.23255132171,102.651499234716,-15.581052086994,8.04903673760124,18.5529845239931,23.3232965303602,4.77031200636708,6.43419472121851,63.3857364546861,62.3034232277404,-1.0823132269457,7.38767365561895,44.832751930693,38.9801266973802,-5.85262523331278,6.14734128465293
escs,SVN,36,429.041724627129,419.946409435597,-9.09531519153194,4.53743113942054,453.951956676701,440.459449269449,-13.4925074072522,4.67510817490184,486.629243497448,473.080125313543,-13.5491181839055,4.2427098602352,508.872759931271,478.016397700265,-30.8563622310058,4.46207545151387,24.9102320495724,20.5130398338521,-4.39719221572022,6.42570199239887,57.5875188703195,53.1337158779459,-4.4538029923736,5.96259703549615,79.8310353041418,58.0699882646679,-21.7610470394739,6.37093523675645,32.6772868207471,32.6206760440937,-0.0566107766533719,5.90826691119146,54.9208032545695,37.5569484308158,-17.3638548237537,6.2135855457757,22.2435164338224,4.93627238672207,-17.3072440471003,6.16809113657329
escs,SWE,36,435.152347839848,420.920370749616,-14.2319770902321,4.92803205037132,471.269889712843,461.418138140794,-9.8517515720493,5.15111643512369,510.338003316458,504.2184058436,-6.11959747285806,5.2616567666861,544.466363111395,512.26074510279,-32.205618008605,6.0292441235658,36.1175418729947,40.4977673911774,4.38022551818278,5.72739227766275,75.18565547661,83.298035093984,8.11237961737402,6.27406497306499,109.314015271546,91.3403743531734,-17.973640918373,7.41305807173999,39.0681136036154,42.8002677028066,3.73215409919123,6.10525565324663,73.1964733985517,50.842606961996,-22.3538664365557,6.82484393868379,34.1283597949363,8.04233925918936,-26.086020535747,6.43757441975938
escs,TUR,36,427.707966992312,444.302048580941,16.5940815886284,4.31073117203069,443.193489604422,463.123166638599,19.9296770341779,4.05270603393666,457.095087053236,476.16255578005,19.0674687268141,4.77006429874355,496.832455038475,516.653427876433,19.8209728379584,4.69478978025341,15.4855226121092,18.8211180576587,3.33559544554947,4.79400472969543,29.3871200609232,31.8605071991089,2.47338713818567,5.37904503797226,69.1244880461628,72.3513792954927,3.22689124932998,6.17433924619555,13.901597448814,13.0393891414502,-0.862208307363801,4.71773337090828,53.6389654340536,53.5302612378341,-0.108704196219492,5.24314423409254,39.7373679852395,40.4908720963838,0.753504111144309,5.34658488990373
escs,USA,36,459.465284415736,449.65511569706,-9.81016871867638,7.91798687214025,487.039099626671,476.962844188071,-10.0762554386004,8.26126753861373,512.597921863716,503.610639370393,-8.98728249332345,9.97385164024192,560.221109317314,554.882066416343,-5.33904290097166,15.7092564723413,27.5738152109354,27.3077284910113,-0.266086719924033,9.39199954511503,53.1326374479802,53.9555236733331,0.822886225352931,10.5898542873279,100.755824901578,105.226950719283,4.47112581770472,16.9016086654376,25.5588222370448,26.6477951823218,1.08897294527696,10.6346221301675,73.1820096906428,77.9192222282716,4.73721253762875,15.1935819783353,47.623187453598,51.2714270459498,3.64823959235179,13.7678404830824
escs,OECD,36,433.877107701521,430.106138265649,-3.77096943587225,1.38762693028116,464.6077718892,457.105620960328,-7.50215092887214,1.3638811202063,492.126118961809,484.043902867138,-8.0822160946712,1.38208359575716,526.922562861036,506.255283405336,-20.6672794557,1.46804410970622,30.7306641876789,26.9994826946791,-3.73118149299989,0.980209106952485,58.2490112602878,53.9377646014889,-4.31124665879895,1.05252418634363,93.0454551595145,76.1491451396868,-16.8963100198278,1.25135703959427,27.5183470726089,26.9382819068098,-0.580065165799056,0.971459339160879,62.3147909718356,49.1496624450077,-13.1651285268279,1.13911358063647,34.7964438992267,22.2113805381979,-12.5850633610288,1.07084283809762
escs,OECD35,35,433.765035962165,430.316138813689,-3.44889714847682,1.39875015548832,464.688200492087,457.474165379625,-7.21403511246172,1.37518102655963,492.272735422278,484.435273698287,-7.83746172399145,1.39457168582002,527.165850905648,506.851847846374,-20.3140030592743,1.48398486520174,30.9231645299211,27.1580265659362,-3.7651379639849,1.0028370951886,58.5076994601126,54.119134884598,-4.38856457551464,1.07648367010193,93.4008149434827,76.5357090326851,-16.8651059107975,1.280410875796,27.5845349301915,26.9611083186618,-0.623426611529737,0.994896572713909,62.4776504135616,49.3776824667489,-13.0999679468126,1.16589892529985,34.89311548337,22.4165741480871,-12.4765413352829,1.09642259070557
escs_h,AUS,36,454.666305107925,451.307111918331,-3.35919318959458,3.83674692165102,484.829779249138,483.289111942241,-1.54066730689698,3.85171703628318,522.516402807261,514.375548674286,-8.14085413297516,4.06833821241461,539.463727659501,533.5924099458,-5.87131771370025,3.98239171160489,30.1634741412123,31.9820000239099,1.8185258826976,4.75451675878472,67.8500976993359,63.0684367559553,-4.78166094338059,4.92226980508497,84.7974225515752,82.2852980274695,-2.51212452410567,4.82115676594893,37.6866235581236,31.0864367320454,-6.60018682607819,4.82880841107189,54.6339484103629,50.3032980035596,-4.33065040680327,4.50501394186304,16.9473248522393,19.2168612715142,2.26953641927491,4.40974024747892
escs_h,AUT,36,431.662481261542,428.80496564232,-2.85751561922132,5.13166525255524,468.390606547256,461.230227755703,-7.160378791553,5.03853630251747,502.075882779807,485.23263930515,-16.8432434746572,4.30888144617128,531.892260775379,514.602428474874,-17.2898323005045,4.81408614908822,36.7281252857147,32.425262113383,-4.30286317233168,5.97044700982807,70.4134015182653,56.4276736628294,-13.9857278554359,5.4190760456736,100.229779513837,85.7974628325542,-14.4323166812832,6.29183196518958,33.6852762325506,24.0024115494464,-9.68286468310419,5.42126257812657,63.5016542281227,53.3722007191712,-10.1294535089515,5.55705928422357,29.8163779955721,29.3697891697248,-0.4465888258473,5.04296139078433
escs_h,BEL,36,427.755004068562,431.728341924699,3.97333785613631,5.64785039279328,462.903716737715,460.284068871277,-2.61964786643796,4.6086663612211,503.801093319054,499.207430581621,-4.59366273743279,4.65907142563275,531.584803992465,519.482663768954,-12.1021402235108,5.09021624415126,35.1487126691521,28.5557269465779,-6.59298572257427,5.85487803394678,76.0460892504916,67.4790886569225,-8.56700059356911,6.45303204980165,103.829799923902,87.7543218442554,-16.0754780796471,7.14170565439943,40.8973765813394,38.9233617103446,-1.97401487099484,5.23148008857794,68.6810872547503,59.1985948976775,-9.48249235707283,6.33679934022029,27.7837106734109,20.2752331873329,-7.50847748607799,5.67801454354846
escs_h,CAN,36,472.428670252019,459.281371862311,-13.1472983897077,3.89544260868666,499.617491272622,490.90950231032,-8.7079889623023,3.26970894853938,524.388081830254,515.324980960101,-9.06310087015379,3.54468569442905,543.380928096428,526.369029878691,-17.0118982177364,4.63374704995391,27.1888210206034,31.6281304480088,4.43930942740542,4.22668081149635,51.9594115782357,56.0436090977896,4.08419751955393,4.76545602519887,70.952257844409,67.0876580163803,-3.8645998280287,5.50833571748651,24.7705905576323,24.4154786497808,-0.355111907851494,3.91760181133666,43.7634368238055,35.4595275683714,-8.30390925543412,4.92618472789979,18.9928462661733,11.0440489185906,-7.94879734758263,4.414860933573
escs_h,CHE,36,430.170737633085,431.723282364992,1.5525447319074,5.33169761642582,466.406619991444,461.58519808776,-4.82142190368381,4.8414041613004,505.785419205059,492.746282705637,-13.0391364994213,5.01085250974602,541.630602833193,524.015432822055,-17.6151700111383,5.00048290571302,36.2358823583591,29.8619157227679,-6.37396663559122,5.8832763026055,75.6146815719737,61.023000340645,-14.5916812313287,5.93185853750952,111.459865200108,92.2921504570624,-19.1677147430457,6.90369047812235,39.3787992136146,31.1610846178771,-8.21771459573751,5.73505172278777,75.2239828417489,62.4302347342945,-12.7937481074545,6.05017722203775,35.8451836281344,31.2691501164174,-4.57603351171696,6.06228851641876
escs_h,CHL,36,417.92185282337,409.139518857546,-8.78233396582436,5.76457539451133,440.05432199729,427.102127532243,-12.9521944650469,5.05620136167336,456.369125426134,442.413704538278,-13.9554208878564,5.26499605531928,486.904504415471,486.505731745243,-0.398772670228141,5.03216227378101,22.1324691739196,17.962608674697,-4.16986049922258,6.23537529968302,38.4472726027643,33.2741856807322,-5.17308692203204,6.53759492605156,68.9826515921006,77.3662128876968,8.38356129559622,7.37750483156676,16.3148034288446,15.3115770060352,-1.00322642280946,6.0370988364652,46.850182418181,59.4036042129998,12.5534217948188,5.44441101878711,30.5353789893363,44.0920272069646,13.5566482176283,6.08715906771796
escs_h,COL,36,369.208434409554,363.271344431466,-5.93708997808795,4.68180966806808,391.644120496791,393.1421018309,1.49798133410843,5.12033366667424,415.635328697395,411.563399344093,-4.07192935330158,5.85088647454855,466.371902589558,454.666157542895,-11.7057450466636,7.77466568328689,22.4356860872372,29.8707573994336,7.43507131219639,5.53610660102423,46.426894287841,48.2920549126274,1.86516062478637,6.24070298972881,97.1634681800043,91.3948131114286,-5.76865506857564,8.87894970367213,23.9912082006039,18.4212975131939,-5.56991068741002,4.68883861867368,74.7277820927671,61.5240557119951,-13.203726380772,7.93806273300095,50.7365738921632,43.1027581988012,-7.63381569336201,7.891746379765
escs_h,CZE,36,440.772940304699,430.703339017052,-10.0696012876472,4.80555620931976,477.879479663498,461.404615681474,-16.4748639820241,4.68072144845565,498.423994863351,480.347074349946,-18.0769205134058,4.6936074302971,541.025032864488,516.996569333054,-24.0284635314341,5.23578718581873,37.1065393587994,30.7012766644224,-6.40526269437697,5.31571919876322,57.6510545586523,49.6437353328937,-8.00731922575864,5.57027305290894,100.252092559789,86.2932303160019,-13.9588622437869,7.01189844703883,20.5445151998529,18.9424586684712,-1.60205653138166,5.06027609611471,63.1455532009894,55.5919536515795,-7.55359954940997,6.01485171234142,42.6010380011365,36.6494949831082,-5.9515430180283,5.8569245309557
escs_h,DEU,36,438.408890284993,422.454028468815,-15.9548618161784,5.97861168287092,471.674872387688,464.853498563269,-6.82137382441823,5.49292559876929,497.764276071579,495.472803360873,-2.29147271070582,5.96192975783336,539.83155226758,537.12011538886,-2.71143687871995,5.83425527861054,33.2659821026944,42.3994700944546,9.13348799176021,6.39984930507376,59.3553857865861,73.0187748920587,13.6633891054726,6.67924510031317,101.422661982587,114.666086920045,13.2434249374585,7.76663024771397,26.0894036838917,30.6193047976041,4.52990111371241,5.83765303096194,68.1566798798924,72.2666168255907,4.10993694569828,6.44088216126936,42.0672761960007,41.6473120279866,-0.419964168014133,6.60760734059734
escs_h,DNK,36,452.377354844058,430.339571236425,-22.0377836076323,4.45235436364674,485.992877776806,458.130721283226,-27.8621564935802,4.6359179506702,511.341370706153,484.83671140145,-26.504659304703,5.34169544541328,513.375227474742,492.954394027427,-20.4208334473155,5.59149009774998,33.6155229327482,27.7911500468003,-5.82437288594792,5.28126963690994,58.9640158620956,54.4971401650248,-4.46687569707075,5.73739884592717,60.9978726306846,62.6148227910014,1.61695016031678,6.67530019883959,25.3484929293473,26.7059901182245,1.35749718887718,5.74893793189894,27.3823496979364,34.8236727442011,7.4413230462647,6.20943804372644,2.03385676858909,8.11768262597661,6.08382585738752,6.53042488429287
escs_h,ESP,36,440.390444815255,421.105149071349,-19.2852957439057,3.7224359070472,462.907843038161,443.491206934731,-19.4166361034298,3.393963927103,489.264032478506,468.463900836511,-20.8001316419948,3.04899918348365,512.824851090886,490.262477481901,-22.5623736089842,3.45165924616505,22.5173982229057,22.3860578633816,-0.131340359524131,3.69123228314681,48.8735876632506,47.3587517651615,-1.51483589808907,3.82813315684822,72.4344062756307,69.1573284105522,-3.27707786507847,4.60722109883356,26.3561894403449,24.9726939017799,-1.38349553856494,3.38854955362473,49.917008052725,46.7712705471706,-3.14573750555434,4.26494106179531,23.5608186123801,21.7985766453907,-1.76224196698939,3.79200681110653
escs_h,EST,36,480.233520032777,461.23733250015,-18.996187532627,4.77531938110374,497.236077560963,488.708344122165,-8.52773343879863,4.83898154438168,524.080790963644,518.521017350431,-5.55977361321288,4.44242823146985,546.56677572023,535.648994241175,-10.9177814790548,5.11464467101008,17.0025575281869,27.4710116220152,10.4684540938284,5.7118687606164,43.847270930867,57.2836848502811,13.4364139194141,5.3943594316521,66.3332556874531,74.4116617410252,8.07840605357217,6.12055907171826,26.8447134026802,29.8126732282659,2.96795982558575,5.5633947288708,49.3306981592662,46.94065011901,-2.3900480402562,5.65969365408685,22.485984756586,17.1279768907441,-5.35800786584196,5.39824027272078
escs_h,FIN,36,456.162768111806,442.423926767738,-13.7388413440676,4.26844699860885,476.908091300117,468.430249755133,-8.47784154498322,4.05834705132337,510.58103781974,497.717018132213,-12.8640196875268,4.24267646233827,529.721982200956,517.327640514888,-12.3943416860684,4.5162156119319,20.7453231883109,26.0063229873953,5.2609997990844,4.87393117711678,54.4182697079344,55.2930913644753,0.87482165654086,5.1763414597706,73.5592140891503,74.9037137471495,1.34449965799922,5.53262585058302,33.6729465196235,29.28676837708,-4.38617814254354,4.85879239192868,52.8138909008394,48.8973907597542,-3.91650014108518,5.28786346222488,19.1409443812159,19.6106223826743,0.469678001458362,5.19668760345215
escs_h,FRA,36,427.192581082746,419.183281519097,-8.009299563649,5.45344801406878,460.205243216726,447.993349488505,-12.2118937282209,5.20928320864304,488.003110139299,479.354459038367,-8.64865110093257,5.62081585370427,531.287773639926,515.681242252954,-15.6065313869715,5.76053351342795,33.0126621339795,28.8100679694076,-4.20259416457191,6.08568684835191,60.810529056553,60.1711775192694,-0.639351537283574,6.48849644502075,104.095192557179,96.497960733857,-7.59723182332249,7.25965226608986,27.7978669225735,31.3611095498619,3.56324262728833,6.09615534122049,71.0825304232,67.6878927644494,-3.39463765875058,6.87888869270584,43.2846635006265,36.3267832145876,-6.95788028603892,5.76627641025767
escs_h,GBR,36,469.285494376507,470.402593070099,1.11709869359265,4.75611314696521,486.174979114485,489.210288612772,3.03530949828695,4.89811377597208,508.653607997432,509.445198345489,0.791590348057639,4.2300569617307,540.995653069376,537.228051686337,-3.76760138303882,6.20706618248462,16.8894847379779,18.8076955426722,1.9182108046943,6.34724907494617,39.3681136209248,39.0426052753898,-0.325508345535013,5.52875499118007,71.7101586928689,66.8254586162374,-4.88470007663148,7.50183347163556,22.4786288829469,20.2349097327175,-2.24371915022931,5.78716943929288,54.820673954891,48.0177630735652,-6.80291088132577,7.21671456484074,32.3420450719441,27.7828533408477,-4.55919173109646,6.45379637229508
escs_h,GRC,36,406.381178855446,389.524660029676,-16.8565188257706,5.70524278884198,426.365039484714,413.993073832286,-12.371965652428,4.64635195527578,447.635489954902,444.338805265307,-3.296684689595,4.90483030948332,478.255323684874,464.617376043055,-13.6379476418195,5.79428521097232,19.983860629268,24.4684138026105,4.48455317334259,5.62708675011441,41.2543110994552,54.8141452356308,13.5598341361756,5.89239389047014,71.874144829428,75.0927160133791,3.2185711839511,7.77387087810924,21.2704504701872,30.3457314330202,9.07528096283301,4.77492099545894,51.89028420016,50.6243022107685,-1.26598198939149,5.96599082507224,30.6198337299728,20.2785707777483,-10.3412629522245,6.1448662273955
escs_h,HUN,36,419.090738603846,409.726935352644,-9.36380325120149,5.70702121322823,451.810334558646,442.597516517178,-9.2128180414677,4.77214322794704,489.800784306478,469.483558513026,-20.3172257934522,5.23489511592859,534.326298263801,501.234050528299,-33.0922477355022,5.97819390953766,32.7195959547997,32.8705811645335,0.15098520973379,6.24413041019297,70.7100457026326,59.7566231603819,-10.9534225422507,7.29767260214783,115.235559659956,91.5071151756549,-23.7284444843007,8.1011067285242,37.9904497478329,26.8860419958484,-11.1044077519845,5.83936974663141,82.5159637051559,58.6365340111214,-23.8794296940345,7.32154314256546,44.525513957323,31.750492015273,-12.77502194205,6.57828452803453
escs_h,IRL,36,481.872234620479,467.125016462491,-14.7472181579881,3.93216978423505,507.330945917429,488.479102083639,-18.8518438337898,3.91196922862128,529.080940654566,518.877366004239,-10.2035746503266,4.27262969741078,549.781781218235,539.740084271689,-10.0416969465462,4.0762226239742,25.4587112969505,21.3540856211488,-4.10462567580169,4.77125295907497,47.2087060340871,51.7523495417486,4.54364350766156,5.08195625185893,67.9095465977566,72.6150678091986,4.70552121144198,4.93848382304904,21.7499947371366,30.3982639205998,8.64826918346324,5.02234759257875,42.4508353008062,51.2609821880498,8.81014688724366,4.96494611305494,20.7008405636695,20.86271826745,0.161877703780419,4.56659503314736
escs_h,ISL,36,398.477592481328,396.486918044991,-1.9906744363368,4.9436568378241,431.065201263898,427.985666778167,-3.0795344857309,5.01408472932048,457.51343324847,449.192086509428,-8.32134673904267,5.33132888268287,464.147156712604,464.403379913546,0.256223200942543,4.86496300323634,32.5876087825702,31.4987487331761,-1.0888600493941,6.89174904408116,59.0358407671421,52.7051684644363,-6.33067230270586,7.31519000235397,65.6695642312755,67.9164618685549,2.24689763727935,6.77292877177691,26.4482319845719,21.2064197312602,-5.24181225331176,6.84016478631883,33.0819554487053,36.4177131353787,3.33575768667345,6.42456301467026,6.63372346413337,15.2112934041186,8.57756993998521,6.88784111433882
escs_h,ISR,36,418.373686110279,410.822132091488,-7.55155401879131,6.50370554545988,468.163704032004,446.914199541298,-21.2495044907058,5.89819739036998,510.395263270208,475.445272953763,-34.9499903164445,6.55092011368447,523.047154429151,490.830902029024,-32.2162524001263,6.51327524486753,49.7900179217242,36.0920674498097,-13.6979504719145,7.45149098663145,92.0215771599282,64.623140862275,-27.3984362976532,7.69780995108263,104.673468318871,80.0087699375362,-24.664698381335,8.08045416671839,42.2315592382041,28.5310734124653,-13.7004858257388,7.06940537235144,54.8834503971471,43.9167024877265,-10.9667479094206,7.59955240170697,12.651891158943,15.3856290752613,2.73373791631821,7.15289607542685
escs_h,ITA,36,447.223703314693,436.260267494449,-10.9634358202446,4.95345974765188,474.342334892414,467.722153260699,-6.62018163171462,4.55671814447201,491.93429572507,487.680895498945,-4.25340022612471,4.62253869789874,517.775065818442,517.203349887716,-0.571715930725645,5.40915439764534,27.1186315777205,31.4618857662505,4.34325418852995,5.25768240523594,44.7105924103765,51.4206280044963,6.71003559411986,5.62732280171554,70.5513625037488,80.9430823932677,10.3917198895189,6.74876619405144,17.591960832656,19.9587422382459,2.3667814055899,4.7876105574118,43.4327309260282,49.4811966270172,6.04846570098897,6.11943203163141,25.8407700933723,29.5224543887713,3.68168429539907,5.02516907307839
escs_h,JPN,36,484.153294482726,468.369354079488,-15.7839404032381,7.08850139807767,510.208126224996,498.314177426051,-11.8939487989454,5.61698935313852,528.140931458851,518.269490042484,-9.87144141636691,5.56842387653898,544.053258054396,540.777645804756,-3.27561224964029,6.8433729433402,26.0548317422703,29.9448233465631,3.88999160429279,6.70305018539811,43.9876369761248,49.9001359629961,5.91249898687124,7.19992032858058,59.89996357167,72.4082917252679,12.5083281535979,9.0043663986669,17.9328052338545,19.955312616433,2.02250738257845,6.04848767444033,33.8451318293998,42.4634683787048,8.61833654930507,7.54299842557078,15.9123265955452,22.5081557622718,6.59582916672662,6.12915908785027
escs_h,KOR,36,477.277625278201,463.087333330413,-14.1902919477881,6.77495127192119,504.472840773821,500.049489570577,-4.42335120324339,5.8739225602373,529.729351138096,521.285049898297,-8.44430123979907,6.31000969382505,553.630540467364,531.430858088538,-22.1996823788267,6.20328506319704,27.1952154956196,36.9621562401644,9.76694074454474,7.03953261614311,52.4517258598954,58.1977165678844,5.74599070798905,8.39430346425695,76.3529151891634,68.3435247581249,-8.00939043103853,7.75234259337225,25.2565103642758,21.2355603277201,-4.02095003655569,6.71727962131745,49.1576996935438,31.3813685179605,-17.7763311755833,6.91497552637503,23.9011893292681,10.1458081902405,-13.7553811390276,7.89958630581172
escs_h,LTU,36,434.990101497331,434.864425285507,-0.125676211823873,4.49019723444379,459.399706556612,461.420221960919,2.02051540430688,3.69535990257992,490.635339383521,489.147238516057,-1.4881008674642,4.35379513584575,509.483511832351,499.073105084187,-10.4104067481637,5.45181204468962,24.4096050592812,26.555796675412,2.14619161613075,4.96156671038028,55.6452378861903,54.28281323055,-1.36242465564033,5.64454610618278,74.4934103350195,64.2086797986797,-10.2847305363399,6.90010501980696,31.2356328269091,27.7270165551381,-3.50861627177108,5.34657078013735,50.0838052757383,37.6528831232677,-12.4309221524706,6.04074010116923,18.8481724488292,9.92586656812966,-8.92230588069953,5.85077139365586
escs_h,LVA,36,441.139089717742,411.974485564173,-29.1646041535693,4.64807026508763,463.502294678256,433.17371156227,-30.328583115986,4.76921473317947,488.733510307643,456.751227347011,-31.9822829606325,4.22397981176384,510.543692278053,465.876693358019,-44.6669989200345,4.70247195270803,22.3632049605143,21.1992259980975,-1.16397896241676,5.49808223753195,47.5944205899015,44.7767417828383,-2.81767880706326,5.3487724470904,69.4046025603115,53.9022077938462,-15.5023947664653,6.11224948718217,25.2312156293872,23.5775157847407,-1.6536998446465,5.21960295926544,47.0413975997972,32.7029817957487,-14.3384158040485,5.6697518179022,21.81018197041,9.12546601100797,-12.684715959402,5.44078785970315
escs_h,MEX,36,381.611641454321,376.002433348629,-5.60920810569212,4.26502086003934,401.743366901358,400.78959959547,-0.953767305888334,4.205439429999,422.335611891329,415.102555335898,-7.23305655543044,4.88886614342746,457.290961027768,448.077889093408,-9.21307193435956,6.09390654164006,20.1317254470376,24.7871662468414,4.65544079980379,4.55327813928438,40.7239704370079,39.1001219872696,-1.62384844973832,5.64838834079048,75.6793195734474,72.0754557447799,-3.60386382866744,7.16097738957749,20.5922449899703,14.3129557404282,-6.2792892495421,4.72149960148474,55.5475941264097,47.2882894979385,-8.25930462847123,6.52884806224903,34.9553491364395,32.9753337575103,-1.98001537892912,6.29066607708313
escs_h,NLD,36,419.649365554073,407.540627332377,-12.1087382216959,7.14476890475274,438.424212286456,430.650029174802,-7.7741831116536,7.07682255506911,486.956348182477,470.258457222174,-16.6978909603025,5.89204787239715,508.827538320937,493.58791159722,-15.239626723717,6.33688692039082,18.7748467323833,23.1094018424256,4.33455511004229,7.23076501064806,67.306982628404,62.7178298897974,-4.58915273860663,8.18858461093442,89.1781727668641,86.0472842648429,-3.13088850202115,9.17310433530711,48.5321358960207,39.6084280473718,-8.92370784864892,7.4371159413784,70.4033260344808,62.9378824224173,-7.46544361206344,8.1802397421669,21.8711901384601,23.3294543750455,1.45826423658548,6.98256069012894
escs_h,NOR,36,438.336194646631,415.878079721636,-22.4581149249946,4.89751482824914,469.491524688002,449.718081652186,-19.7734430358164,4.82150066840493,498.746811437907,482.789113893019,-15.9576975448877,4.47779721174084,512.856943724981,495.950343710264,-16.906600014717,5.41970880266395,31.1553300413713,33.8400019305495,2.68467188917816,5.9263129453956,60.4106167912755,66.9110341713824,6.50041738010685,6.50495190373158,74.5207490783499,80.0722639886274,5.55151491027755,7.12321642396471,29.2552867499042,33.0710322408329,3.81574549092869,5.61724481379478,43.3654190369786,46.2322620580779,2.86684302109938,6.46635299850974,14.1101322870744,13.161229817245,-0.948902469829306,5.67461226434434
escs_h,NZL,36,460.207087937707,466.315447814409,6.10835987670259,4.7892735464214,493.889111420505,488.319570035301,-5.56954138520354,5.04407179308947,525.095338410899,526.373778007371,1.27843959647214,5.2012539456945,546.744101550511,552.260099048287,5.51599749777597,5.06206301363497,33.6820234827981,22.0041222208919,-11.6779012619061,6.43972220563544,64.8882504731919,60.0583301929614,-4.82992028023045,6.35208993730167,86.5370136128041,85.9446512338775,-0.592362378926623,6.90568264216995,31.2062269903938,38.0542079720695,6.84798098167568,6.45474924554532,52.8549901300061,63.9405290129856,11.0855388829795,6.63568579612119,21.6487631396122,25.8863210409161,4.23755790130383,6.78196906919934
escs_h,POL,36,449.931482244733,446.178064159554,-3.75341808517936,5.15210767259895,477.020395829238,471.154351054769,-5.86604477446957,4.87961054843189,503.130192147282,506.695026863507,3.56483471622528,5.27269184661559,534.330310615637,526.072051103254,-8.25825951238244,5.70107190596532,27.0889135845046,24.9762868952144,-2.11262668929021,5.34544229140263,53.1987099025487,60.5169627039533,7.31825280140464,6.14725661364814,84.3988283709034,79.8939869437003,-4.50484142720308,7.46194658773191,26.1097963180441,35.5406758087389,9.43087949069485,5.54521311263362,57.3099147863987,54.9177000484859,-2.39221473791287,6.88284511583478,31.2001184683547,19.377024239747,-11.8230942286077,6.34768066431607
escs_h,PRT,36,438.212677422907,425.704279817883,-12.5083976050242,5.28641287408253,463.218211149916,454.093486066449,-9.12472508346747,4.91732836012086,488.985656500064,476.448548952435,-12.5371075476298,4.69509655206295,521.808357838326,509.270945033923,-12.5374128044035,5.13966132066346,25.0055337270093,28.389206248566,3.38367252155678,5.19396606771355,50.7729790771575,50.7442691345519,-0.0287099426055875,5.4673436666059,83.5956804154194,83.5666652160401,-0.0290151993792733,6.44354647019806,25.7674453501482,22.3550628859858,-3.41238246416236,5.45820058667102,58.5901466884101,55.1774589674741,-3.41268772093605,6.23694760348078,32.8227013382619,32.8223960814883,-0.000305256773685869,5.56744284769226
escs_h,SVK,36,400.113763145859,400.737389395287,0.6236262494279,5.76828977432917,437.716880641818,442.12676650797,4.40988586615197,5.98449021421911,456.503073839747,464.201013870919,7.69794003117198,5.45899824923507,500.430087291741,505.530898391196,5.10081109945526,5.64268992857934,37.6031174959584,41.3893771126825,3.78625961672407,6.72822285408049,56.3893106938878,63.4636244756318,7.07431378174408,7.28075508885833,100.316324145881,104.793508995909,4.47718485002736,8.15355197596827,18.7861931979293,22.0742473629493,3.28805416502001,6.36916704374335,62.713206649923,63.4041318832263,0.69092523330329,7.64846008211933,43.9270134519937,41.329884520277,-2.59712893171673,6.29562540999194
escs_h,SVN,36,432.231938211399,416.982527311951,-15.2494108994482,4.4854491153418,458.500618490116,439.959552345555,-18.541066144561,4.61298902179397,488.870695781118,469.638878663791,-19.231817117327,4.37148042368674,499.044081148261,485.818914301156,-13.225166847105,4.30640383972248,26.2686802787174,22.9770250336046,-3.29165524511285,6.31909458930569,56.6387575697195,52.6563513518407,-3.98240621787886,5.94005637225404,66.8121429368617,68.8363869892048,2.02424405234314,6.35870270166177,30.3700772910021,29.6793263182361,-0.690750972766011,6.07199514376122,40.5434626581443,45.8593619556003,5.31589929745599,6.18601369254936,10.1733853671421,16.1800356373641,6.006650270222,5.83212724047347
escs_h,SWE,36,440.403457757303,418.498160463516,-21.9052972937874,5.00984536191444,473.348950061774,461.661975108365,-11.6869749534087,5.13222984994742,511.605343129482,503.866642671278,-7.73870045820337,5.33539719820566,536.789021079434,515.602378147686,-21.1866429317479,6.22794158574252,32.9454923044708,43.1638146448495,10.2183223403787,5.97866344709308,71.2018853721785,85.3684822077626,14.166596835584,6.30718030356718,96.3855633221311,97.1042176841706,0.718654362039501,7.54221603922139,38.2563930677077,42.2046675629131,3.94827449520534,6.1925562677291,63.4400710176603,53.9404030393212,-9.49966797833918,7.00476438047328,25.1836779499526,11.7357354764081,-13.4479424735445,6.65958379636762
escs_h,TUR,36,430.657353650495,441.744269181428,11.0869155309327,4.33085660873947,445.370333800798,463.328773666897,17.9584398660994,3.85837972313656,453.87140128238,477.263573762006,23.3921724796256,4.8919630956615,495.135753068213,518.401049042601,23.2652959743879,4.8309536427234,14.7129801503027,21.5845044854694,6.87152433516667,4.66284953634566,23.2140476318848,35.5193045805777,12.3052569486929,5.46664594519574,64.478399417718,76.6567798611732,12.1783804434552,6.14108959161092,8.50106748158208,13.9348000951083,5.43373261352622,4.63905230042401,49.7654192674153,55.0722753757038,5.30685610828851,5.5228943125566,41.2643517858332,41.1374752805955,-0.126876505237703,5.6078283563477
escs_h,USA,36,463.74942413411,445.785434059142,-17.9639900749681,7.98850632748237,486.71032137653,478.32208523653,-8.38823613999983,8.31293709579107,513.98700654471,502.164091799066,-11.8229147456439,9.74888604822516,556.048564289965,560.826447796008,4.77788350604226,14.914484716249,22.9608972424191,32.5366511773874,9.5757539349683,9.46231568622623,50.2375824106,56.3786577399243,6.14107532932428,10.5008429238342,92.299140155855,115.041013736865,22.7418735810104,16.3481770405612,27.2766851681809,23.8420065625369,-3.43467860564402,9.99932794773532,69.3382429134359,82.504362559478,13.1661196460421,14.8907724695832,42.061557745255,58.6623559969411,16.6007982516861,12.7500575184359
escs_h,OECD,36,438.131141959181,428.408705527598,-9.72243643158276,1.3908604452508,465.970015982778,457.237172104142,-8.73284387863617,1.36257889562527,493.676954824996,483.89707890318,-9.77987592181671,1.38026486618717,520.866863372367,509.139991982748,-11.7268713896189,1.46267512299863,27.8388740235971,28.8284665765437,0.98959255294659,0.989827847517848,55.5458128658156,55.4883733755817,-0.0574394902339463,1.05596929516957,82.7357214131865,80.7312864551504,-2.00443495803609,1.24553648059537,27.7069388422185,26.659906799038,-1.04703204318054,0.963922103470801,54.8968473895894,51.9028198786067,-2.99402751098268,1.12562306278381,27.1899085473709,25.2429130795687,-1.94699546780214,1.05339859083116
escs_h,OECD35,35,438.066590449007,428.617378569205,-9.44921187980219,1.40246652041585,466.057506638338,457.629913966125,-8.42759267221339,1.37347574910448,493.80303832061,484.338026847942,-9.46501147266878,1.39268497597493,521.096635151838,509.679349539915,-11.4172856119228,1.47827642346931,27.9909161893311,29.0125353969199,1.0216192075888,1.01263152256349,55.7364478716032,55.7206482787366,-0.0157995928665855,1.08061872298377,83.0300447028309,81.0619709707103,-1.96807373212062,1.27434257755593,27.7455316822721,26.7081128818168,-1.03741880045538,0.986724416859957,55.0391285134999,52.0494355737905,-2.98969293970941,1.15135328783791,27.2935968312277,25.3413226919737,-1.95227413925403,1.07806525814155
escs_pca,AUS,36,456.055745410276,451.727705897569,-4.32803951270705,3.80163226207285,481.867010901765,479.75226590412,-2.11474499764518,3.69530826488504,520.601118750961,513.691721310405,-6.9093974405564,4.13686400772814,542.973819764252,537.404755588058,-5.56906417619393,4.01368348121174,25.8112654914885,28.0245600065504,2.21329451506188,4.61971432785969,64.545373340685,61.9640154128356,-2.58135792784935,4.87759399166009,86.9180743539759,85.677049690489,-1.24102466348688,4.81239793895603,38.7341078491965,33.9394554062852,-4.79465244291123,4.7186959394337,61.1068088624874,57.6524896839386,-3.45431917854876,4.57587556960263,22.3727010132909,23.7130342776534,1.34033326436247,4.50670514473874
escs_pca,AUT,36,432.970600968367,430.494230702195,-2.47637026617178,5.23143678398471,466.378064530437,459.546617193004,-6.83144733743274,5.16392592925864,501.028781387311,482.523747210867,-18.5050341764439,4.30208555011997,533.62855226984,517.281024771591,-16.3475274982497,4.61536423519255,33.4074635620702,29.0523864908093,-4.35507707126095,6.13721235730071,68.0581804189448,52.0295165086727,-16.0286639102721,5.3374965033873,100.657951301474,86.7867940693959,-13.871157232078,6.36660142481745,34.6507168568745,22.9771300178634,-11.6735868390111,5.61123089172811,67.2504877394036,57.7344075785866,-9.51608016081701,5.53891007926848,32.5997708825291,34.7572775607232,2.15750667819412,4.73249007216326
escs_pca,BEL,36,428.580320370768,435.096728829327,6.5164084585586,5.543689105358,461.785653255219,455.38605006559,-6.39960318962909,4.70142353935523,500.511257571864,495.895935598016,-4.61532197384759,4.78469377427415,535.170982884033,524.324330024105,-10.846652859928,4.73498118183771,33.2053328844508,20.2893212362631,-12.9160116481877,5.58826750567183,71.9309372010955,60.7992067686893,-11.1317304324062,6.55631774408267,106.590662513265,89.2276011947785,-17.3630613184866,6.99669146639441,38.7256043166447,40.5098855324262,1.7842812157815,5.45240530895705,73.3853296288143,68.9382799585154,-4.4470496702989,5.97928309685054,34.6597253121697,28.4283944260893,-6.2313308860804,5.5271955551503
escs_pca,CAN,36,473.049156116598,459.519062445047,-13.5300936715505,3.92364359531491,498.498287253829,487.500737596257,-10.9975496575718,3.32616137833565,522.556439301912,514.053173624823,-8.50326567708839,3.5269855813407,545.712136152786,530.813523481747,-14.8986126710387,4.59248815047428,25.4491311372308,27.9816751512095,2.53254401397868,4.37083219664805,49.507283185314,54.5341111797761,5.02682799446211,4.7691556246556,72.6629800361878,71.2944610366997,-1.36851899948817,5.37437001378863,24.0581520480832,26.5524360285667,2.49428398048343,3.87945079147396,47.2138488989571,43.3127858854902,-3.90106301346685,5.01774406892772,23.1556968508738,16.7603498569235,-6.39534699395028,4.4365184126048
escs_pca,CHE,36,430.156392137315,433.449616484926,3.29322434761031,5.35654883495732,464.010879029503,457.687169359869,-6.32370966963339,4.92824571488516,505.647242172503,490.227010181456,-15.4202319910477,4.73103348636412,544.180728268639,528.711961071943,-15.4687671966957,4.99500732151044,33.8544868921873,24.2375528749436,-9.61693401724369,5.86541653851311,75.490850035188,56.77739369653,-18.713456338658,5.89559802935314,114.024336131324,95.2623445870176,-18.761991544306,6.96745747622606,41.6363631430008,32.5398408215864,-9.09652232141434,5.18607411852273,80.1698492391363,71.024791712074,-9.14505752706231,6.17381718835022,38.5334860961356,38.4849508904876,-0.0485352056479655,5.68003368867995
escs_pca,CHL,36,419.285031588073,413.821303977591,-5.46372761048212,5.97315844248439,439.424483930652,423.608347486506,-15.8161364441465,5.08079070758269,455.095846565651,440.435497710733,-14.6603488549183,5.01581568829247,487.450255966799,487.308023269039,-0.142232697760051,4.8824313453474,20.1394523425787,9.78704350891434,-10.3524088336644,6.37432935763317,35.8108149775781,26.6141937331419,-9.19662124443619,6.65153744908579,68.1652243787254,73.4867192914475,5.32149491272207,7.50684631658215,15.6713626349994,16.8271502242275,1.15578758922817,5.46801283906752,48.0257720361468,63.6996757825332,15.6739037463864,5.62242707649018,32.3544094011474,46.8725255583057,14.5181161571583,5.77753503733954
escs_pca,COL,36,371.07051097191,369.286933359007,-1.78357761290312,4.62721459216622,392.638544245238,390.943085093274,-1.69545915196335,5.17438852838582,414.435970782152,408.557728386562,-5.87824239558978,6.22415276662335,464.698540668317,453.84917666601,-10.849364002307,8.02880651016027,21.5680332733277,21.6561517342674,0.0881184609397678,5.4005182776049,43.3654598102416,39.2707950275549,-4.09466478268666,6.45718339266058,93.6280296964072,84.5622433070033,-9.06578638940391,9.02550561914193,21.7974265369139,17.6146432932875,-4.18278324362643,5.02269824308582,72.0599964230796,62.9060915727359,-9.15390485034368,8.56510959274955,50.2625698861656,45.2914482794484,-4.97112160671725,8.33191035356117
escs_pca,CZE,36,442.805507408116,434.663895643324,-8.14161176479263,4.85476945694264,476.40513309349,457.966597740426,-18.4385353530637,4.51274456798321,497.315105536945,478.249882292306,-19.0652232446394,4.71408552482261,541.61840809938,518.561839410202,-23.0565686891782,5.42497860556827,33.5996256853738,23.3027020971027,-10.2969235882711,5.21261043516821,54.509598128829,43.5859866489823,-10.9236114798467,5.38225070346998,98.812900691264,83.8979437668784,-14.9149569243856,7.02809989839866,20.9099724434552,20.2832845518796,-0.626687891575614,5.07958966644679,65.2132750058902,60.5952416697757,-4.61803333611448,6.25211518091222,44.303302562435,40.3119571178961,-3.99134544453887,6.21117138818994
escs_pca,DEU,36,441.886441449241,425.988336651346,-15.8981047978954,5.82971991573395,470.335361047108,462.998424786231,-7.33693626087722,5.43299346638703,494.334891714455,490.758065127767,-3.57682658668773,6.45071906574326,541.119144500906,540.177579190634,-0.94156531027204,5.70856815064817,28.4489195978675,37.0100881348857,8.5611685370182,5.98334503201697,52.4484502652135,64.7697284764212,12.3212782112077,6.93635203322605,99.2327030516654,114.189242539289,14.9565394876234,7.63970359357425,23.999530667346,27.7596403415355,3.76010967418949,6.10710991362422,70.7837834537979,77.1791544044031,6.39537095060518,6.46682336310212,46.7842527864519,49.4195140628676,2.63526127641569,6.95611681654698
escs_pca,DNK,36,451.305442716101,429.92202919936,-21.3834135167417,4.5698631663423,485.585064205544,458.001762323081,-27.5833018824634,4.88372134566719,511.240158705039,480.395077760817,-30.8450809442227,5.29511386764891,514.959393863167,497.92629703244,-17.0330968307269,6.05847716181977,34.2796214894425,28.0797331237208,-6.19988836572173,5.92192122980228,59.9347159889378,50.4730485614568,-9.46166742748102,5.94377054232,63.6539511470659,68.0042678330807,4.35031668601476,7.00249790470099,25.6550944994953,22.393315437736,-3.26177906175928,6.26700901566762,29.3743296576234,39.9245347093599,10.5502050517365,6.85579067443971,3.71923515812813,17.5312192716239,13.8119841134958,7.12567713717547
escs_pca,ESP,36,441.398239757992,422.559573845055,-18.838665912937,3.7127966635414,463.194926273474,440.919974043387,-22.2749522300873,3.41048335141137,486.03933075939,468.129341567733,-17.9099891916568,3.18109141167336,514.751154246671,491.70963491727,-23.0415193294008,3.38578286142771,21.7966865154818,18.3604001983316,-3.43628631715023,3.56925909508446,44.6410910013973,45.5697677226775,0.928676721280226,4.01364461764099,73.3529144886782,69.1500610722143,-4.20285341646382,4.5258810296397,22.8444044859155,27.2093675243459,4.36496303843046,3.53762836367514,51.5562279731963,50.7896608738827,-0.766567099313591,4.25306129955295,28.7118234872809,23.5802933495368,-5.13153013774405,3.93715439834389
escs_pca,EST,36,480.901040730216,462.318422346535,-18.5826183836812,4.77621396452159,496.324003732554,486.027934312057,-10.2960694204969,4.89283129287312,523.459955123259,517.096970321483,-6.36298480177675,4.42088310575542,547.409186349569,538.663031136912,-8.74615521265685,5.02294863014907,15.4229630023384,23.7095119655227,8.28654896318426,5.6420604566266,42.5589143930434,54.7785479749479,12.2196335819044,5.53337318098204,66.5081456193528,76.3446087903772,9.83646317102432,6.00200109297417,27.135951390705,31.0690360094252,3.93308461872016,5.56736875113681,51.0851826170144,52.6350968248545,1.54991420784006,5.49419185276653,23.9492312263094,21.5660608154293,-2.3831704108801,5.42167742822271
escs_pca,FIN,36,457.848767376756,443.680030149335,-14.168737227421,4.14516308344892,474.824502469332,464.528511774476,-10.2959906948554,4.19454073816249,508.250111691282,496.234945967378,-12.0151657239043,4.49619442014311,532.460223013487,521.439046537876,-11.0211764756102,4.2882679798759,16.9757350925762,20.8484816251418,3.8727465325656,4.91101275324385,50.4013443145264,52.5549158180431,2.15357150351673,5.25949102610777,74.611455636731,77.7590163885417,3.14756075181077,5.43141967690346,33.4256092219501,31.7064341929013,-1.71917502904887,5.08692583351552,57.6357205441548,56.9105347633999,-0.725185780754828,5.20518133416688,24.2101113222046,25.2041005704987,0.993989248294042,5.33256593244854
escs_pca,FRA,36,429.365903834475,423.037158125897,-6.32874570857803,5.35939565398552,456.906101063155,444.041354134479,-12.8647469286756,5.26912064746881,487.801773455723,476.687789191301,-11.1139842644215,5.52360439212419,532.645023746444,518.436911940347,-14.2081118060963,5.61642063633995,27.5401972286803,21.0041960085827,-6.5360012200976,6.11442345342494,58.4358696212478,53.6506310654043,-4.78523855584348,6.14026995914855,103.279119911969,95.3997538144507,-7.8793660975183,7.18487752914852,30.8956723925675,32.6464350568216,1.75076266425413,5.84012946604014,75.7389226832887,74.395557805868,-1.3433648774207,6.80871585175424,44.8432502907212,41.7491227490464,-3.09412754167482,5.74302503172465
escs_pca,GBR,36,472.348085427289,471.336759931411,-1.0113254958776,4.76259112125595,484.052238964212,486.361161273329,2.30892230911735,4.84702143644109,507.273324947555,507.817289392487,0.54396444493193,4.18274507906305,541.437715112086,540.769461410821,-0.668253701265257,6.31007883103048,11.7041535369233,15.0244013419183,3.32024780499495,5.97315340163593,34.9252395202662,36.4805294610757,1.55528994080953,5.67503602526655,69.0896296847971,69.4327014794095,0.343071794612342,7.52434383222386,23.2210859833429,21.4561281191574,-1.76495786418542,5.56475218923066,57.3854761478738,54.4083001374912,-2.97717601038261,7.49972412297868,34.1643901645309,32.9521720183337,-1.21221814619719,6.65475212829267
escs_pca,GRC,36,407.392278346354,392.808846709116,-14.5834316372384,5.63515308519795,424.9986442971,410.819661083093,-14.1789832140067,4.79093282665891,443.486072215889,441.470520167983,-2.01555204790549,5.03120348907756,482.737301790431,467.398460382247,-15.3388414081838,5.45362638291885,17.6063659507454,18.0108143739771,0.404448423231713,5.54710360172712,36.0937938695345,48.6616734588674,12.5678795893329,5.99559805022968,75.3450234440769,74.5896136731315,-0.755409770945448,7.48270859504963,18.4874279187891,30.6508590848903,12.1634311661012,4.89936892288374,57.7386574933315,56.5787992991544,-1.15985819417716,5.87623846681153,39.2512295745424,25.927940214264,-13.3232893602784,6.00715589613592
escs_pca,HUN,36,419.871525761062,411.940149012569,-7.93137674849328,5.75741620969718,450.732146094175,440.421434491032,-10.3107116031421,4.80682443415319,489.185044394384,467.289136724427,-21.8959076699571,5.22411186463494,535.252986471893,503.383809416425,-31.8691770554676,5.83586558100724,30.8606203331123,28.4812854784635,-2.37933485464885,6.40965292572504,69.3135186333221,55.3489877118582,-13.9645309214638,7.21394806354943,115.381460710831,91.4436604038565,-23.9378003069743,8.00733192534347,38.4528983002098,26.8677022333948,-11.585196066815,5.84627340680571,84.5208403777185,62.962374925393,-21.5584654523255,7.23282206989139,46.0679420775088,36.0946726919983,-9.97326938551049,6.38776014945715
escs_pca,IRL,36,482.19775143669,468.683546029249,-13.5142054074414,3.96313359071643,506.185865515575,485.572510791405,-20.613354724169,4.02112547789151,529.32824988128,516.919042153373,-12.4092077279075,4.2663072505527,550.342237007632,543.053629997676,-7.28860700995597,4.0078543340285,23.9881140788841,16.8889647621564,-7.09914931672768,4.76337814797781,47.1304984445898,48.2354961241236,1.10499767953382,5.15469147935428,68.1444855709416,74.370083968427,6.22559839748539,4.98660952403392,23.1423843657057,31.3465313619672,8.2041469962615,5.11993007603682,44.1563714920575,57.4811192062706,13.3247477142131,4.85347663653317,21.0139871263518,26.1345878443034,5.12060071795156,4.67287936432135
escs_pca,ISL,36,398.180821105823,394.766145062061,-3.41467604376231,5.13878228484437,429.340604257895,424.500936997489,-4.83966726040615,5.42379732293761,454.584523984936,449.260163120982,-5.32436086395359,5.47732231010259,469.126000181887,469.546209584353,0.420209402466185,4.84262301907551,31.1597831520716,29.7347919354278,-1.42499121664383,7.76029180561512,56.4037028791127,54.4940180589214,-1.90968482019127,7.37058618001257,70.9451790760635,74.780064522292,3.8348854462285,7.01874589227893,25.2439197270411,24.7592261234936,-0.484693603547441,7.4595220003214,39.7853959239919,45.0452725868642,5.25987666287233,6.73612593728959,14.5414761969508,20.2860464633706,5.74457026641977,7.03288188344954
escs_pca,ISR,36,417.444473238402,412.084222200191,-5.36025103821169,6.3828090543085,463.995288499239,438.777748058077,-25.2175404411614,6.14164930860577,513.515071844085,477.708816147529,-35.8062556965566,6.75677001612536,524.997119989814,495.472371445824,-29.5247485439894,6.03547612979446,46.5508152608362,26.6935258578865,-19.8572894029497,7.57739321510608,96.0705986056827,65.6245939473378,-30.4460046583449,7.86084072168695,107.552646751411,83.3881492456336,-24.1644975057777,7.65684782872717,49.5197833448465,38.9310680894513,-10.5887152553952,7.99545679707947,61.0018314905751,56.6946233877471,-4.30720810282799,7.2204897000669,11.4820481457285,17.7635552982958,6.28150715256726,6.71680310263146
escs_pca,ITA,36,448.756192585076,439.504274287155,-9.25191829792078,5.06274791559996,473.056450182144,465.020287947874,-8.0361622342698,4.88866775010339,491.556059802306,485.549732747086,-6.00632705522065,4.73496570596872,517.885555863121,518.782241434952,0.896685571831199,5.26289252798162,24.300257597068,25.516013660719,1.21575606365099,5.75170207418311,42.7998672172304,46.0454584599305,3.24559124270013,5.8077006122294,69.1293632780453,79.2779671477973,10.148603869752,6.74310280637718,18.4996096201624,20.5294447992116,2.02983517904914,5.28532834974196,44.8291056809774,53.7619534870784,8.932847806101,6.3125566883919,26.329496060815,33.2325086878668,6.90301262705185,5.00042660152995
escs_pca,JPN,36,484.302429258644,468.827262642881,-15.4751666157632,7.12321754972246,509.561978591032,498.491310456541,-11.0706681344912,5.73673165710925,527.330149071915,514.8827810771,-12.4473679948155,5.66445272576979,545.341137107001,543.517670082732,-1.82346702426867,6.58126819448742,25.2595493323875,29.6640478136595,4.40449848127201,6.71595015680124,43.0277198132708,46.0555184342185,3.02779862094769,7.45448289327705,61.0387078483563,74.6904074398509,13.6516995914945,8.97220353576046,17.7681704808833,16.391470620559,-1.37669986032432,6.1212345676018,35.7791585159688,45.0263596261913,9.24720111022253,7.33305045801677,18.0109880350855,28.6348890056323,10.6239009705469,5.88364729991457
escs_pca,KOR,36,478.657289270171,463.529515432649,-15.1277738375228,6.76120584652529,503.031287241372,497.067008342171,-5.96427889920165,6.26547390812617,528.817887416533,519.490220989065,-9.32766642746799,6.53351510057623,554.618255755295,535.735507299431,-18.8827484558642,5.86858645369529,24.3739979712008,33.537492909522,9.16349493832115,6.81241698854961,50.1605981463617,55.9607055564166,5.80010741005481,8.88001979368744,75.9609664851237,72.2059918667823,-3.75497461834141,7.59127930721964,25.7866001751609,22.4232126468946,-3.36338752826634,7.56153185130974,51.5869685139229,38.6684989572603,-12.9184695566626,6.93211712996419,25.8003683387619,16.2452863103657,-9.55508202839621,7.93687087433009
escs_pca,LTU,36,436.381379404953,435.75157232898,-0.629807075972735,4.4480595153675,457.063607218534,458.043895678593,0.980288460059,3.94647518691073,488.551131793436,484.309688498914,-4.24144329452241,4.28192158300804,512.533254275136,506.40054119981,-6.1327130753258,5.26393768618991,20.6822278135812,22.2923233496129,1.61009553603174,4.91456629574722,52.1697523884836,48.5581161699339,-3.61163621854968,5.58360396609882,76.1518748701834,70.6489688708304,-5.50290599935306,6.76560222468611,31.4875245749024,26.265792820321,-5.22173175458141,5.27208878850117,55.4696470566022,48.3566455212175,-7.1130015353848,6.10566252141354,23.9821224816998,22.0908527008964,-1.89126978080338,5.68305246429514
escs_pca,LVA,36,442.565764002379,412.617753307468,-29.9480106949112,4.53893870538254,462.099003708668,430.843008418226,-31.2559952904419,4.74213710839008,486.281973278982,451.751950081869,-34.5300231971128,4.49137794975442,512.971787592786,472.553977092525,-40.4178105002614,4.53519080037464,19.5332397062889,18.2252551107582,-1.30798459553074,5.19386701365768,43.7162092766023,39.1341967744007,-4.58201250220168,5.4407682977834,70.4060235904073,59.936223785057,-10.4697998053502,5.93100437673459,24.1829695703134,20.9089416636425,-3.27402790667094,5.29224105153151,50.8727838841184,41.7109686742988,-9.16181520981951,5.67340277280519,26.6898143138049,20.8020270106563,-5.88778730314857,5.70858784250832
escs_pca,MEX,36,383.494370220861,380.240214359759,-3.25415586110216,4.27383123302289,400.053261365344,398.150690551257,-1.90257081408765,4.48854185592275,421.35320846318,412.917532949468,-8.435675513712,4.90683929691986,458.07276500568,448.66121854687,-9.41154645881022,5.98629344737745,16.5588911444835,17.910476191498,1.35158504701451,4.79892586021134,37.8588382423193,32.6773185897095,-5.18151965260984,5.66521085410751,74.5783947848196,68.4210041871116,-6.15739059770806,7.0454900914282,21.2999470978359,14.7668423982115,-6.53310469962435,5.03840842378221,58.0195036403362,50.5105279956136,-7.50897564472257,6.60142559745509,36.7195565425003,35.7436855974021,-0.975870945098222,6.3598236089556
escs_pca,NLD,36,421.923383867,407.421994536431,-14.5013893305687,7.0557207662769,435.054735006283,429.74617144333,-5.30856356295277,6.96013137158555,485.29970436687,465.520621176344,-19.779083190526,5.62004539605311,511.570253581083,499.368242386428,-12.2020111946553,5.99503590917463,13.131351139283,22.3241769068989,9.19282576761594,6.86541682840438,63.3763204998696,58.0986266399124,-5.27769385995725,7.87760128916087,89.6468697140832,91.9462478499966,2.2993781359134,8.82283582063625,50.2449693605867,35.7744497330135,-14.4705196275732,6.89911877979511,76.5155185748002,69.6220709430977,-6.89344763170254,7.82012878769531,26.2705492142135,33.8476212100842,7.57707199587065,6.34829799190773
escs_pca,NOR,36,438.713042839753,416.316900373852,-22.3961424659009,4.80637577577852,466.568215546036,447.362251123523,-19.2059644225129,4.85516366371,495.1249521988,480.116324601774,-15.008627597026,4.55700542864677,519.009414567293,500.522672937937,-18.4867416293565,5.4099857490937,27.8551727062825,31.0453507496705,3.19017804338796,5.79306753889922,56.4119093590467,63.7994242279215,7.38751486887486,6.45312598534335,80.2963717275405,84.2057725640848,3.90940083654436,6.91790550835067,28.5567366527641,32.754073478251,4.1973368254869,5.55961827008774,52.441199021258,53.1604218144144,0.719222793156405,6.72950187228268,23.8844623684938,20.4063483361633,-3.4781140323305,6.01938819739164
escs_pca,NZL,36,461.066495875941,468.153025203736,7.08652932779432,4.5960515469324,493.273091820906,486.211737511085,-7.06135430982067,5.11243347814018,522.729078130756,523.288874986846,0.559796856089861,5.34625548895867,548.858356820031,555.617774182603,6.75941736257244,4.76230042197798,32.2065959449643,18.0587123073493,-14.147883637615,6.141008008615,61.6625822548152,55.1358497831108,-6.52673247170446,6.46828268256535,87.7918609440896,87.4647489788677,-0.327111965221889,6.48521084795721,29.455986309851,37.0771374757615,7.62115116591053,6.60097061651007,55.5852649991253,69.4060366715184,13.8207716723931,6.49072115236798,26.1292786892743,32.3288991957569,6.19962050648257,6.56498814063857
escs_pca,POL,36,454.024991386762,451.59037224979,-2.434619136972,5.16575811096333,471.882555205282,465.268243128142,-6.61431207714026,5.00481413417928,501.36724777531,503.417928792207,2.05068101689699,5.32448503151067,537.120203432652,529.812220129343,-7.30798330330902,5.65850074893075,17.8575638185197,13.6778708783514,-4.17969294016825,5.34455972596287,47.3422563885476,51.8275565424166,4.48530015386899,6.17133402251981,83.0952120458895,78.2218478795525,-4.87336416633701,7.57214213683646,29.4846925700279,38.1496856640652,8.66499309403724,5.64906176897374,65.2376482273698,64.543977001201,-0.69367122616876,7.07454846820904,35.7529556573419,26.3942913371359,-9.358664320206,6.41736370061801
escs_pca,PRT,36,440.595891051883,429.474812695476,-11.1210783564063,5.15324445549345,461.376899335926,450.071300960951,-11.3055983749754,5.26657397780457,487.859124882202,473.575453321198,-14.2836715610042,4.79168949096893,522.406489210019,512.385812731063,-10.0206764789559,5.02221642464403,20.7810082840437,20.5964882654746,-0.184520018569117,5.3132044092256,47.2632338303197,44.1006406257218,-3.16259320459784,5.31365600100878,81.8105981581364,82.9110000355868,1.10040187745039,6.31537425948904,26.482225546276,23.5041523602472,-2.97807318602872,5.89381292220583,61.0295898740927,62.3145117701122,1.28492189601951,6.53467686563974,34.5473643278167,38.8103594098649,4.26299508204824,5.55984637168119
escs_pca,SVK,36,402.875491495628,402.14091318385,-0.734578311777341,5.88386036399937,436.65314520706,440.386431564208,3.73328635714887,6.00594022816638,453.284360771483,462.42689118329,9.14253041180746,5.48552431784958,501.930568929712,507.604922674411,5.67435374469886,5.62311275567205,33.7776537114319,38.2455183803581,4.46786466892621,7.00913262171738,50.4088692758552,60.28597799944,9.8771087235848,7.2615158304238,99.0550774340846,105.464009490561,6.4089320564762,8.25874359364071,16.6312155644233,22.0404596190818,5.40924405465859,6.48655537310318,65.2774237226527,67.2184911102027,1.94106738754999,7.68871717105164,48.6462081582294,45.1780314911208,-3.46817666710859,6.3625643612172
escs_pca,SVN,36,432.410510785117,418.000790314764,-14.4097204703536,4.58125408699615,456.31508733719,435.620356846525,-20.6947304906647,4.44112537766908,487.915995627291,469.045438335143,-18.8705572921474,4.146369560157,502.002962141617,489.777012322349,-12.2259498192674,4.2837814313561,23.904576552073,17.6195665317618,-6.28501002031112,6.09838419118144,55.5054848421734,51.0446480203796,-4.46083682179381,6.03900719195819,69.5924513564993,71.7762220075856,2.18377065108621,6.36174308887834,31.6009082901004,33.4250814886177,1.82417319851731,5.61117749887455,45.6878748044264,54.1566554758237,8.46878067139733,6.07029441669809,14.086966514326,20.731573987206,6.64460747288001,5.57228416645464
escs_pca,SWE,36,441.802862128157,419.050343581322,-22.7525185468351,4.9489020536674,470.826834087492,459.467672128271,-11.3591619592207,5.10048778442314,509.972401893527,498.246661234892,-11.7257406586346,5.52036555361974,539.544569063365,522.878698724823,-16.6658703385414,6.05474142453099,29.0239719593344,40.4173285469488,11.3933565876145,5.77358635049566,68.1695397653695,79.19631765357,11.0267778882006,6.42149056213967,97.7417069352073,103.828355143501,6.08664820829375,7.4976897051113,39.1455678060351,38.7789891066212,-0.366578699413878,6.26785647769932,68.7177349758729,63.4110265965522,-5.3067083793207,6.74404640095088,29.5721671698378,24.632037489931,-4.94012967990682,7.05752838384104
escs_pca,TUR,36,431.607717974687,445.061448326846,13.4537303521595,4.17009574761667,445.378045732258,462.201095796217,16.8230500639588,3.91028766597042,453.700203970916,474.370356373874,20.6701524029576,4.93392715341649,494.363277841168,519.100396748385,24.7371189072172,4.75139374809751,13.7703277575712,17.1396474693705,3.36931971179934,4.50192001603814,22.0924859962298,29.3089080470278,7.21642205079809,5.44520984669063,62.7555598664814,74.0389484215391,11.2833885550577,6.06328285704719,8.32215823865857,12.1692605776573,3.84710233899875,4.51733276809645,48.9852321089102,56.8993009521686,7.91406884325835,5.38074964814665,40.6630738702517,44.7300403745113,4.0669665042596,5.70650670282876
escs_pca,USA,36,464.633777269032,449.049901784153,-15.5838754848788,7.80453830820082,485.248013652668,475.921742623242,-9.32627102942587,8.18784379750461,512.16898330576,501.148496692478,-11.0204866132819,10.3647214700349,558.457892269455,560.925169852205,2.46727758275006,14.5226411756359,20.6142363836361,26.871840839089,6.25760445545296,9.18759956008812,47.5352060367281,52.098594908325,4.56338887159694,11.0035570026041,93.8241150004225,111.875268068051,18.0511530676289,15.9221844523662,26.920969653092,25.226754069236,-1.69421558385602,10.9503995035196,73.2098786167865,85.0034272289624,11.7935486121759,14.1896724480007,46.2889089636944,59.7766731597264,13.4877641960319,12.6814177818403
escs_pca,OECD,36,439.386822932441,430.386549755839,-9.0002731766013,1.38875273595828,464.303472608269,454.312096917426,-9.99137569084297,1.37078545452109,492.194520375996,481.485022416666,-10.7094979593297,1.38972666026306,522.759934827873,512.496532100594,-10.2634027272791,1.44921725667296,24.9166496758283,23.9255471615866,-0.991102514241675,0.987501192198421,52.8076974435549,51.0984726608265,-1.70922478272837,1.06868328435314,83.3731118954326,82.1099823447548,-1.26312955067777,1.23169695359829,27.8910477677266,27.1729254992399,-0.718122268486695,0.988755772318567,58.4564622196043,58.1844351831682,-0.2720270364361,1.12396059310183,30.5654144518776,31.0115096839282,0.446095232050595,1.05557226709585
escs_pca,OECD35,35,439.329353880282,430.610177639005,-8.71917624127741,1.40027592633046,464.335145360692,454.694728999542,-9.64041636115036,1.38205481135718,492.37038293647,481.866613298064,-10.503769638406,1.40236507231462,522.988757130193,513.090443448689,-9.89831368150431,1.46431203101283,25.0057914804097,24.0845513605368,-0.921240119872948,1.01058315800175,53.0410290561879,51.2564356590594,-1.78459339712856,1.09321897724921,83.6594032499114,82.4802658096845,-1.1791374402269,1.26027165601443,28.0352375757782,27.1718842985226,-0.863353277255612,1.01197080063248,58.6536117695017,58.3957144491477,-0.257897320353948,1.14966968076724,30.6183741937234,31.2238301506251,0.605455956901665,1.07988833072714
hisei_h,AUS,36,461.471082890516,463.881267733677,2.41018484316027,3.48618140533768,498.0932883534,493.035072106491,-5.05821624690913,3.85903048517749,517.543705728603,509.447128397116,-8.0965773314868,4.15933337419382,542.511040232049,534.82855655093,-7.68248368111915,4.17657881740259,36.6222054628837,29.1538043728143,-7.46840109006939,4.39791057958722,56.0726228380863,45.5658606634393,-10.5067621746471,4.79495070323244,81.0399573415331,70.9472888172537,-10.0926685242794,4.88728301268786,19.4504173752026,16.4120562906249,-3.03836108457767,4.73237173078946,44.4177518786494,41.7934844444393,-2.62426743421003,4.56903745000107,24.9673345034468,25.3814281538144,0.414093650367647,4.4727425514071
hisei_h,AUT,36,439.93959665,433.397606865479,-6.54198978452155,5.30400183254883,478.902509583752,475.073010023456,-3.82949956029609,4.85439853830924,507.551266977837,490.508364115961,-17.0429028618762,4.30121731753198,530.107333875968,512.333207909365,-17.7741259666029,5.13416705453138,38.9629129337517,41.6754031579772,2.71249022422546,6.38564305257476,67.6116703278366,57.110757250482,-10.5009130773547,6.08357086431227,90.1677372259679,78.9356010438865,-11.2321361820814,6.51653459701262,28.648757394085,15.4353540925048,-13.2134033015801,5.57034413595109,51.2048242922162,37.2601978859094,-13.9446264063068,5.23433953648894,22.5560668981312,21.8248437934045,-0.731223104726723,5.36029378216475
hisei_h,BEL,36,433.485055129909,436.919019620256,3.43396449034651,4.96801848288581,473.670365861619,480.063067702729,6.39270184110939,4.59173113589397,509.201125892109,504.956163581951,-4.24496231015843,4.9981637593458,528.904306810862,516.070251406416,-12.8340554044457,4.88989396125073,40.1853107317104,43.1440480824733,2.95873735076287,6.08316555049605,75.7160707622,68.0371439616951,-7.67892680050494,6.31891914819632,95.4192516809526,79.1512317861604,-16.2680198947922,6.49000169857512,35.5307600304896,24.8930958792218,-10.6376641512678,5.36715260896611,55.2339409492423,36.0071837036871,-19.2267572455551,5.71884637406267,19.7031809187527,11.1140878244653,-8.58909309428731,5.95465897012214
hisei_h,CAN,36,482.191646079774,469.821739971003,-12.3699061087705,3.73556819209584,513.065037276469,501.647889624435,-11.417147652034,3.72072538030159,523.116697436139,512.101286598138,-11.015410838001,3.80161559967793,543.613569162471,528.6770067543,-14.9365624081718,4.27432381171599,30.873391196695,31.8261496534315,0.95275845673649,4.83241230877825,40.925051356365,42.2795466271344,1.35449527076946,4.87639832647534,61.4219230826973,58.855266783296,-2.5666562994013,4.88176879582333,10.05166015967,10.4533969737029,0.401736814032972,4.30029879577756,30.5485318860023,27.0291171298645,-3.51941475613779,4.58076205025759,20.4968717263323,16.5757201561615,-3.92115157017076,4.41223559390127
hisei_h,CHE,36,435.98163708487,434.973484707799,-1.00815237707138,5.56779821296994,475.844722912764,470.700731744271,-5.14399116849347,4.72420859093052,512.559620605094,502.616449983056,-9.94317062203743,4.88719059838472,537.777816951668,524.619845261912,-13.1579716897563,5.22353405199217,39.8630858278937,35.7272470364716,-4.13583879142209,6.13965647245811,76.5779835202234,67.6429652752573,-8.93501824496605,6.05225244315586,101.796179866798,89.6463605541127,-12.1498193126849,7.16113832111552,36.7148976923297,31.9157182387858,-4.79917945354396,5.49751617738232,61.933094038904,53.9191135176411,-8.01398052126285,6.12511073736571,25.2181963465742,22.0033952788554,-3.2148010677189,6.07207930433436
hisei_h,CHL,36,427.757251094091,418.670248347994,-9.08700274609714,5.79427380015213,440.738923641583,433.648619099869,-7.09030454171347,5.73387142868937,460.975447628479,458.234934585577,-2.74051304290106,5.31245468481227,489.682418696552,485.053430404273,-4.62898829227896,4.94033602754004,12.9816725474915,14.9783707518752,1.99669820438368,7.03591245083011,33.2181965343871,39.5646862375832,6.34648970319609,6.95163150866356,61.925167602461,66.3831820562792,4.45801445381818,7.0832003682035,20.2365239868956,24.586315485708,4.34979149881241,6.82417695059163,48.9434950549695,51.404811304404,2.4613162494345,7.00491606870174,28.7069710680739,26.818495818696,-1.8884752493779,6.0872985606274
hisei_h,COL,36,378.013218493172,373.101999734263,-4.91121875890889,4.80828038472363,397.62888803672,399.168443260368,1.53955522364754,5.4188712366837,417.947337294336,424.809017946802,6.86168065246585,5.7886246024263,456.289055670202,451.841297170036,-4.44775850016663,7.9027598973879,19.615669543548,26.0664435261044,6.45077398255643,5.45740889583293,39.9341188011635,51.7070182125382,11.7728994113747,5.72737794234992,78.27583717703,78.7392974357723,0.463460258742259,8.51723201055951,20.3184492576155,25.6405746864338,5.32212542881831,5.44963404812546,58.6601676334821,52.6728539096679,-5.98731372381417,8.14044154744304,38.3417183758666,27.0322792232341,-11.3094391526325,7.4613280138961
hisei_h,CZE,36,444.542982135623,441.685205045964,-2.85777708965946,4.54652702175158,483.901656712921,472.431363526323,-11.4702931865976,4.32658436905028,506.250486079234,490.69821398258,-15.5522720966537,4.84878320692692,538.849292113768,513.361325602119,-25.4879665116492,5.66652528308338,39.3586745772977,30.7461584803596,-8.61251609693812,4.9968869799323,61.7075039436103,49.0130089366161,-12.6944950069942,5.60253096966448,94.3063099781448,71.676120556155,-22.6301894219898,6.62659912285928,22.3488293663126,18.2668504562565,-4.08197891005608,5.22101918082973,54.9476354008471,40.9299620757954,-14.0176733250516,6.43055989378178,32.5988060345345,22.6631116195389,-9.93569441499557,6.18155716550811
hisei_h,DEU,36,449.141489691984,435.112722123287,-14.0287675686977,5.79846888143127,483.902418498703,480.632066051495,-3.27035244720776,5.74778893826319,502.738381304377,503.415880614718,0.677499310341318,6.03023530199401,541.360748579815,537.319173815796,-4.04157476401872,5.89060252583919,34.7609288067189,45.5193439282089,10.75841512149,6.3264723910826,53.5968916123927,68.3031584914318,14.7062668790391,6.63690486586263,92.2192588878302,102.206451692509,9.98719280467901,7.60480853421307,18.8359628056738,22.7838145632229,3.94785175754907,6.51587595957889,57.4583300811113,56.6871077643003,-0.771222316810963,6.941500448738,38.6223672754375,33.9032932010774,-4.71907407436004,6.81821475267004
hisei_h,DNK,36,459.320851949278,438.304800329864,-21.016051619414,5.03966391328427,488.419754669779,466.030317976493,-22.389436693286,5.28452475686826,508.690605198357,486.400444431715,-22.2901607666419,6.310466520311,518.950382065161,497.062068703668,-21.8883133614926,5.53720509736226,29.0989027205014,27.7255176466294,-1.37338507387199,6.46815314241669,49.3697532490792,48.0956441018513,-1.27410914722788,7.1196095023912,59.6295301158828,58.7572683738042,-0.872261742078536,6.96118945619696,20.2708505285777,20.3701264552219,0.0992759266441112,7.38512371436617,30.5306273953813,31.0317507271748,0.501123331793451,6.79919605923773,10.2597768668036,10.6616242719529,0.40184740514934,7.16843090473648
hisei_h,ESP,36,447.99423345558,427.870616631381,-20.123616824199,3.82203714238429,470.482081563929,451.756768228755,-18.7253133351741,3.1694293187638,491.261011182273,474.100963045486,-17.1600481367871,3.07060037508695,512.536869898093,485.898310724905,-26.6385591731871,3.52074927055752,22.487848108349,23.8861515973738,1.39830348902484,3.65012262522056,43.2667777266934,46.2303464141053,2.96356868741191,4.25602890775452,64.5426364425127,58.0276940935246,-6.51494234898809,4.57022829879653,20.7789296183444,22.3441948167315,1.56526519838707,3.63052886549031,42.0547883341637,34.1415424961508,-7.91324583801293,3.81742544712062,21.2758587158193,11.7973476794193,-9.47851103639999,3.56267493724869
hisei_h,EST,36,480.11986728609,467.104938366496,-13.0149289195942,5.06586088672522,508.776977401683,501.883935322397,-6.89304207928598,4.70532025157131,531.741835255406,521.095763133775,-10.6460721216307,4.54069220933004,541.506203205189,528.116487641112,-13.3897155640778,5.26977860020524,28.6571101155926,34.7789969559009,6.12188684030826,6.26701297381201,51.6219679693157,53.9908247672792,2.36885679796353,5.72727561913536,61.3863359190989,61.0115492746153,-0.374786644483606,6.3537856757557,22.9648578537231,19.2118278113783,-3.75303004234473,5.80586126089434,32.7292258035063,26.2325523187145,-6.49667348479187,5.7932606377197,9.76436794978326,7.02072450733613,-2.74364344244714,5.75855040055913
hisei_h,FIN,36,461.86727059483,450.128437458554,-11.7388331362759,4.06401979455193,485.119344887548,480.338943988164,-4.78040089938389,4.19688687481,511.720321655299,504.417788267711,-7.30253338758826,4.43307579377072,533.972838414466,516.549111916043,-17.4237264984233,4.20164023793111,23.2520742927185,30.2105065296105,6.95843223689201,4.76639188422732,49.8530510604697,54.2893508091573,4.43629974868765,4.97040168811202,72.1055678196363,66.4206744574889,-5.68489336214742,5.58701948531965,26.6009767677512,24.0788442795468,-2.52213248820436,4.93976326256649,48.8534935269178,36.2101679278784,-12.6433255990394,5.54429885275562,22.2525167591666,12.1313236483315,-10.1211931108351,5.35354821492047
hisei_h,FRA,36,439.174863307756,432.210641723149,-6.96422158460695,5.48467243215915,471.603713732769,464.861220912272,-6.74249282049658,5.47538606596483,496.513281920793,483.999728417606,-12.5135535031869,5.56147706573838,532.234280189558,516.098375281398,-16.1359049081593,5.49646849309442,32.4288504250129,32.6505791891232,0.221728764110367,6.23844153216879,57.3384186130375,51.7890866944575,-5.54933191857998,6.56812175767463,93.0594168818021,83.8877335582497,-9.17168332355237,6.81599834253503,24.9095681880246,19.1385075053342,-5.77106068269035,6.65793391090874,60.6305664567892,51.2371543691265,-9.39341208766274,6.06419457519574,35.7209982687646,32.0986468637922,-3.62235140497239,5.71231067759249
hisei_h,GBR,36,475.220844979307,472.90194318655,-2.31890179275695,4.59525082134253,497.972419636203,502.57154088148,4.59912124527727,4.8768426286217,518.03004064292,521.666785264597,3.63674462167637,4.88786869431312,534.453558501817,528.488327147606,-5.96523135421114,5.92190127639239,22.7515746568959,29.6695976949301,6.91802303803422,6.45909168082228,42.809195663613,48.7648420780463,5.95564641443332,5.89018757024132,59.2327135225096,55.5863839610555,-3.6463295614542,6.97179122790746,20.0576210067171,19.0952443831162,-0.962376623600903,5.80371535079086,36.4811388656137,25.9167862661253,-10.5643525994884,6.53324299416982,16.4235178588966,6.8215418830091,-9.60197597588751,5.98682778574101
hisei_h,GRC,36,412.427637258351,393.151986508786,-19.2756507495644,5.47262551526524,428.13797798209,426.876039102084,-1.2619388800066,5.29283403115628,456.704649692714,450.7206010099,-5.98404868281398,4.52019332979307,483.143459839958,467.405200457033,-15.7382593829248,5.26031048472584,15.7103407237396,33.7240525932975,18.0137118695578,5.99640344480632,44.2770124343635,57.568614501114,13.2916020667504,5.69582053747981,70.7158225816074,74.253213948247,3.53739136663961,6.7699169441609,28.5666717106239,23.8445619078165,-4.72210980280738,5.88788049271225,55.0054818578678,40.5291613549496,-14.4763205029182,6.07340922690328,26.4388101472439,16.6845994471331,-9.75421070011083,5.16562030043352
hisei_h,HUN,36,412.447824243375,414.265167901085,1.81734365771007,5.38516961933916,469.20876191764,452.633480512653,-16.5752814049868,4.714329915166,496.160074691572,474.199320683265,-21.9607540083069,4.95653125492346,534.964029806042,500.707491313037,-34.2565384930052,6.15351081032239,56.7609376742652,38.3683126115683,-18.3926250626969,5.97049282252416,83.7122504481967,59.9341527821796,-23.778097666017,6.87027288080376,122.516205562667,86.4423234119521,-36.0738821507152,8.43109562996288,26.9513127739314,21.5658401706113,-5.38547260332013,5.53334984727584,65.7552678884021,48.0740108003838,-17.6812570880184,7.01111063016453,38.8039551144707,26.5081706297725,-12.2957844846982,6.56111209937587
hisei_h,IRL,36,487.145362032367,471.938583053727,-15.20677897864,4.01359445309941,514.11546983181,502.669892608199,-11.4455772236105,4.17448071992446,531.885345849324,523.315088298811,-8.57025755051348,4.69523490425123,540.914125055337,528.856210267934,-12.0579147874037,4.26572894799926,26.9701077994425,30.731309554472,3.76120175502945,5.18064980341484,44.7399838169566,51.3765052450831,6.63652142812651,5.48461639938234,53.7687630229701,56.9176272142065,3.14886419123633,4.97389699505167,17.7698760175141,20.6451956906112,2.87531967309707,5.66872373056543,26.7986552235276,26.1863176597345,-0.612337563793119,5.04410692204395,9.0287792060135,5.54112196912331,-3.48765723689019,4.82387850352452
hisei_h,ISL,36,409.735314275572,410.64702199315,0.911707717577258,5.09392727386258,444.246413844555,434.991694048084,-9.25471979647114,5.64724397177277,452.67791195468,458.161182378822,5.48327042414263,5.74728582558792,472.732964454905,465.774233792666,-6.95873066223857,5.17339840634013,34.5110995689828,24.3446720549345,-10.1664275140484,7.37413458584904,42.9425976791073,47.5141603856727,4.57156270656537,7.4273384226612,62.9976501793325,55.1272117995167,-7.87043837981582,7.50508997166445,8.43149811012449,23.1694883307383,14.7379902206138,8.0580526759738,28.4865506103496,30.7825397445822,2.29598913423257,7.16486724884668,20.0550525002251,7.61305141384395,-12.4420010863812,7.25895275802798
hisei_h,ISR,36,428.253195961542,427.461514997177,-0.791680964365582,6.1545810690645,485.466482227467,460.940099705516,-24.526382521951,5.58053187734466,513.338195750962,487.114726753791,-26.223468997171,6.1414734494852,523.952027090355,494.600053630019,-29.3519734603365,6.85168845003696,57.2132862659244,33.478584708339,-23.7347015575854,6.77872694227676,85.0849997894196,59.6532117566142,-25.4317880328055,7.84961804781695,95.6988311288128,67.1385386328419,-28.5602924959709,8.27072392045163,27.8717135234952,26.1746270482751,-1.69708647522009,7.07552631942269,38.4855448628884,33.6599539245029,-4.82559093838552,6.82470488024324,10.6138313393932,7.48532687622776,-3.12850446316543,6.71559574066596
hisei_h,ITA,36,452.512039640181,449.740546859333,-2.77149278084886,4.80291540176311,474.433250793591,470.808974078271,-3.62427671532055,4.77626939720653,497.823557756361,496.14919856438,-1.6743591919813,4.74373986158172,516.169389369658,514.325024834788,-1.84436453487012,5.43213145655074,21.9212111534096,21.0684272189379,-0.852783934471688,5.71916686359607,45.3115181161794,46.408651705047,1.09713358886756,5.50980078794416,63.6573497294765,64.5844779754552,0.927128245978736,6.70829785526904,23.3903069627698,25.340224486109,1.94991752333925,5.24026934001244,41.7361385760669,43.5160507565173,1.77991218045042,6.19498935527011,18.3458316132971,18.1758262704083,-0.170005342888828,5.10671405498965
hisei_h,JPN,36,493.087082300744,482.161528317701,-10.9255539830435,6.62208944369185,526.698210263527,514.093017165185,-12.6051930983419,5.78742173416446,518.861628806667,511.021191930184,-7.84043687648216,6.23409989278238,542.072206647531,534.801803671021,-7.27040297651001,6.37712478113222,33.6111279627822,31.9314888474838,-1.67963911529847,6.79632997943111,25.7745465059222,28.8596636124835,3.08511710656131,7.25016609882098,48.9851243467862,52.6402753533196,3.65515100653346,8.20823575409369,-7.83658145686002,-3.07182523500023,4.76475622185978,6.38706421338781,15.3739963840039,20.7087865058359,5.33479012183193,6.69633002979451,23.210577840864,23.7806117408361,0.570033899972145,6.57045008462418
hisei_h,KOR,36,495.238619094368,479.330381007379,-15.9082380869891,6.35489282218572,516.839597964968,510.321346933272,-6.51825103169557,5.83501100614751,521.377218467313,518.95256709058,-2.42465137673264,6.35657040119858,542.829017952677,536.374276760995,-6.45474119168171,5.7626900721225,21.6009788706003,30.9909659258938,9.38998705529349,6.63727352296641,26.138599372945,39.6221860832014,13.4835867102564,6.48545493299372,47.5903988583088,57.0438957536161,9.45349689530735,7.21362849637958,4.53762050234468,8.63122015730761,4.09359965496293,6.2424026363383,25.9894199877085,26.0529298277224,0.0635098400138645,6.42439904106449,21.4517994853638,17.4217096704148,-4.03008981494907,6.82289332936354
hisei_h,LTU,36,444.676534773233,442.683669149033,-1.99286562419974,5.62977583262478,472.016953622515,483.629282099117,11.6123284766019,4.71516952230084,496.459265323594,496.284014935158,-0.175250388435813,4.88731652151633,511.797219505357,507.277239991651,-4.51997951370572,6.1436260460889,27.3404188492822,40.9456129500838,13.6051941008017,6.54241672955914,51.7827305503609,53.6003457861248,1.81761523576392,7.22275988619202,67.1206847321239,64.5935708426179,-2.52711388950598,7.45780334530909,24.4423117010787,12.654732836041,-11.7875788650377,6.25520491770531,39.7802658828417,23.6479578925341,-16.1323079903077,6.92731592295028,15.337954181763,10.9932250564931,-4.34472912526991,6.73800940778736
hisei_h,LVA,36,446.968976838684,416.141718381811,-30.8272584568732,4.70729896194709,469.947967996367,451.370498872318,-18.5774691240489,4.78036251721384,497.724653223774,467.208686725905,-30.5159664978692,4.63456902145611,510.293212836088,457.655417897121,-52.6377949389676,4.53063956750011,22.9789911576837,35.2287804905079,12.2497893328243,5.5397524700154,50.7556763850904,51.0669683440944,0.311291959003995,5.70922110530943,63.3242359974045,41.51369951531,-21.8105364820945,5.96562247091978,27.7766852274067,15.8381878535865,-11.9384973738203,5.83599682984407,40.3452448397208,6.28491902480209,-34.0603258149187,5.83098858957352,12.5685596123141,-9.55326882878438,-22.1218284410984,5.5419304072694
hisei_h,MEX,36,387.755031931307,383.451692403596,-4.30333952771116,4.298232009852,405.508730957953,403.483793061497,-2.02493789645604,4.26121655209847,429.117014113359,426.582599241737,-2.5344148716224,4.59213338560048,447.128939651468,441.328148163468,-5.80079148800036,5.70908730084833,17.753699026646,20.0321006579011,2.27840163125512,4.49480025198138,41.3619821820525,43.1309068381412,1.76892465608876,4.99157381859213,59.3739077201614,57.8764557598722,-1.4974519602892,6.29298390300204,23.6082831554065,23.0988061802401,-0.509476975166365,4.50777124387708,41.6202086935154,37.8443551019711,-3.77585359154432,5.74820581916528,18.0119255381089,14.745548921731,-3.26637661637795,5.24302087478499
hisei_h,NLD,36,420.378146562676,411.615855792872,-8.76229076980451,7.05462854191337,464.621901189104,447.289095938952,-17.3328052501526,5.99564604728435,492.964063214344,475.027092837319,-17.9369703770249,5.95600489618111,511.36246131288,494.329416124131,-17.0330451887497,5.97795747710019,44.2437546264276,35.6732401460795,-8.5705144803481,7.01517969765538,72.585916651667,63.4112370444466,-9.17467960722041,8.09927070086264,90.9843147502039,82.7135603312586,-8.27075441894522,8.52419410798665,28.3421620252394,27.737996898367,-0.604165126872317,6.90088018136228,46.7405601237762,47.0403201851791,0.299760061402878,7.53781384429552,18.3983980985369,19.3023232868121,0.903925188275196,6.46167272560666
hisei_h,NOR,36,445.695935404416,425.509653083706,-20.1862823207097,5.24902719133631,482.694091272481,464.517768627451,-18.1763226450296,4.56323377154586,501.774126383311,475.238157970889,-26.5359684124214,5.11528973977445,511.777052224987,502.412533036639,-9.36451918834803,5.73407257662499,36.9981558680645,39.0081155437446,2.00995967568014,6.27754902493896,56.0781909788947,49.728504887183,-6.3496860917117,6.86659174045345,66.0811168205714,76.9028799529331,10.8217631323617,7.02063691089194,19.0800351108302,10.7203893434384,-8.35964576739184,6.03287248169963,29.0829609525069,37.8947644091885,8.81180345668156,6.67844017331723,10.0029258416767,27.1743750657501,17.1714492240734,6.91989153018756
hisei_h,NZL,36,466.87707016955,476.769803334668,9.89273316511748,4.840703693407,506.051105609447,508.894544072413,2.84343846296582,5.58343528423237,529.362751245584,533.357076478307,3.99432523272344,5.43798710488993,540.592438718237,539.835276985446,-0.757161732791474,5.48043930881332,39.1740354398967,32.124740737745,-7.04929470215166,6.9860072924704,62.4856810760334,56.5872731436394,-5.89840793239404,6.70496186709221,73.7153685486867,63.0654736507777,-10.649894897909,7.18456922595628,23.3116456361367,24.4625324058944,1.15088676975762,7.23563383673133,34.54133310879,30.9407329130327,-3.6006001957573,7.07616712051862,11.2296874726533,6.47820050713835,-4.75148696551491,7.59733423826883
hisei_h,POL,36,458.735880664152,460.045264699018,1.30938403486567,5.50909986040249,480.60388933237,481.195008328264,0.591118995893737,5.08826833502637,513.536460301603,519.108205395976,5.57174509437289,5.02431505489799,533.898337723063,529.055577515459,-4.84276020760399,5.54475696580157,21.8680086682176,21.1497436292456,-0.718265038971936,6.00816019780739,54.8005796374511,59.0629406969583,4.26236105950721,6.76682376867929,75.1624570589111,69.0103128164415,-6.15214424246966,7.57004743027742,32.9325709692336,37.9131970677127,4.98062609847915,5.99584623650652,53.2944483906936,47.8605691871958,-5.43387920349773,6.70717572383885,20.36187742146,9.94737211948313,-10.4145053019769,5.83806362337775
hisei_h,PRT,36,444.2087402151,434.838831598021,-9.36990861707915,5.43413327971163,465.556352693942,460.475967112292,-5.08038558165026,5.24375401621931,496.62561693773,482.514287320852,-14.1113296168779,4.65635630253117,519.381562259967,510.701184703243,-8.6803775567239,5.22064105467143,21.3476124788422,25.6371355142711,4.28952303542889,5.93563105796862,52.4168767226296,47.6754557228309,-4.74142099979878,5.89177249086113,75.1728220448665,75.8623531052218,0.68953106035525,6.81520499638756,31.0692642437875,22.0383202085598,-9.03094403522766,5.2664899175493,53.8252095660243,50.2252175909507,-3.59999197507364,6.144772591033,22.7559453222369,28.1868973823909,5.43095206015403,5.64459888361096
hisei_h,SVK,36,394.606897444607,409.53153378983,14.9246363452236,6.14097223955329,447.961028607731,446.828553554433,-1.13247505329724,5.54781754210492,470.853069769438,476.846152899814,5.99308313037619,4.88931961271792,503.380060631241,504.478847708301,1.09878707705906,5.51104960514297,53.354131163124,37.2970197646031,-16.0571113985209,6.69763690873562,76.246172324831,67.3146191099836,-8.93155321484744,7.20955063376628,108.773163186635,94.9473139184703,-13.8258492681646,8.00677106017425,22.892041161707,30.0175993453805,7.12555818367343,6.48988525040384,55.4190320235109,57.6502941538672,2.2312621303563,7.15633869436298,32.5269908618039,27.6326948084868,-4.89429605331713,6.45514560387671
hisei_h,SVN,36,430.007059939703,418.905457581039,-11.1016023586643,4.90595088497275,465.081094976299,448.520250030493,-16.560844945806,4.74003568393507,492.727109674871,474.70712044236,-18.0199892325118,4.9719672875591,502.71027286042,495.213553928554,-7.4967189318661,4.91432125793537,35.0740350365956,29.6147924494539,-5.45924258714166,6.71819960214096,62.720049735168,55.8016628613205,-6.91838687384751,6.9103858010292,72.7032129207162,76.3080963475144,3.60488342679821,7.10290137893622,27.6460146985724,26.1868704118666,-1.45914428670585,6.59619177625184,37.6291778841206,46.6933038980605,9.06412601393987,6.78415444763705,9.98316318554822,20.5064334861939,10.5232703006457,6.71471798854434
hisei_h,SWE,36,449.566316119098,430.601184581815,-18.9651315372828,5.06189593210737,490.920083601846,476.747992975052,-14.1720906267937,5.12885620367674,519.98467402965,500.905310592142,-19.0793634375074,5.24803593110862,525.779979591536,517.76332521076,-8.01665438077532,5.64580532740257,41.353767482748,46.1468083932371,4.79304091048914,6.22171213519537,70.4183579105518,70.3041260103273,-0.114231900224581,6.44527125486034,76.2136634724379,87.1621406289454,10.9484771565075,6.88727612072939,29.0645904278039,24.1573176170901,-4.90727281071372,6.46468461695974,34.8598959896899,41.0153322357083,6.15543624601838,6.41418761504234,5.79530556188604,16.8580146186181,11.0627090567321,6.07785003142376
hisei_h,TUR,36,428.287029449892,452.288224039868,24.0011945899755,4.16484216436438,444.974004181053,462.367937699736,17.3939335186834,4.33225560510085,461.863408344033,482.940018716006,21.0766103719735,4.34422998649033,493.698871897436,517.989434468295,24.2905625708589,4.22647925549223,16.6869747311607,10.0797136598686,-6.6072610712921,4.60464587815924,33.5763788941405,30.6517946761384,-2.92458421800205,4.70395480673806,65.4118424475435,65.7012104284269,0.289367980883412,5.22260659891263,16.8894041629798,20.5720810162698,3.68267685329005,4.8885753685429,48.7248677163828,55.6214967685583,6.89662905217551,5.22714441363353,31.835463553403,35.0494157522885,3.21395219888547,5.17088581405263
hisei_h,USA,36,469.841218786205,453.803239856582,-16.0379789296231,8.7417047615065,500.954684849245,484.881480355843,-16.0732044934018,7.66849535092686,517.120257805228,515.408325006271,-1.7119327989567,13.8499584971389,553.852383189093,554.622759178627,0.770375989534841,12.2660976853427,31.1134660630399,31.0782404992611,-0.035225563778738,9.92630403738343,47.2790390190228,61.6050851496892,14.3260461306664,16.0100965135365,84.0111644028878,100.819519322046,16.8083549191579,13.7478034320003,16.165572955983,30.5268446504281,14.3612716944451,14.4792626687117,52.8976983398479,69.7412788227846,16.8435804829367,13.0068320127994,36.732125383865,39.2144341723565,2.48230878849154,11.3952821037134
hisei_h,OECD,36,444.296494553553,437.249098077109,-7.04739647644425,1.39515838292223,475.67111545794,468.538325203615,-7.13279025432559,1.36985781184818,497.910617170482,489.839717712202,-8.07089945828062,1.41750977780491,519.588325749607,508.106216275807,-11.4821094738003,1.44117470852397,31.3746209043872,31.2892271265059,-0.0853937778813361,1.02922336675106,53.6141226169294,52.590619635093,-1.02350298183637,1.12496485310753,75.2918311960546,70.8571181986985,-4.43471299735603,1.19839153012067,22.2395017125422,21.3013925085871,-0.938109203955037,1.0595466509001,43.9172102916673,39.5678910721927,-4.34931921947469,1.09957503188057,21.6777085791252,18.2664985636055,-3.41121001551966,1.04531589126574
hisei_h,OECD35,35,444.190844870638,437.517054689844,-6.67379018079413,1.40675764359405,475.819373569198,469.017798260039,-6.80157530915852,1.38155007128567,498.100605913003,490.289396416965,-7.81120949603769,1.43167940341507,519.789795916794,508.740727862976,-11.0490680538178,1.45562884796728,31.6285286985597,31.5007435701953,-0.127785128364394,1.05348028162925,53.9097610423648,52.7723417271212,-1.13741931524356,1.15069942570839,75.5989510461558,71.2236731731321,-4.37527787302372,1.22569543161106,22.2812323438051,21.2715981569259,-1.00963418687917,1.08487168085327,43.9704223475961,39.7229296029368,-4.24749274465933,1.12572002460773,21.6891900037911,18.4513314460109,-3.23785855778016,1.07035279796396
pared_h,AUS,36,466.863347092052,460.961018628378,-5.90232846367411,3.75612860623994,499.482880553357,497.742598952512,-1.74028160084487,3.94569348311939,517.617485530453,520.581399163578,2.96391363312523,4.88734866464272,518.184224388385,514.480960306684,-3.70326408170138,4.33567675650765,32.6195334613051,36.7815803241343,4.16204686282924,4.81613158166048,50.7541384384014,59.6203805352008,8.86624209679934,5.66259775797685,51.3208772963337,53.5199416783064,2.19906438197273,5.32670541195051,18.1346049770963,22.8388002110664,4.7041952339701,5.54677049552766,18.7013438350286,16.7383613541721,-1.96298248085651,5.04972858506213,0.566738857932251,-6.10043885689436,-6.66717771482661,5.22422980811149
pared_h,AUT,36,452.605887784361,451.539537331831,-1.06635045253012,5.36690995376047,476.936807012509,465.637706075016,-11.2991009374933,5.04532478457959,498.032196007973,481.425252034852,-16.6069439731207,4.76342059994464,511.283037307411,503.949817662696,-7.33321964471514,5.30296318332356,24.3309192281476,14.0981687431844,-10.2327504849632,6.18738238253974,45.4263082236111,29.8857147030205,-15.5405935205906,6.35401369745567,58.6771495230493,52.4102803308643,-6.26686919218503,6.45319279728751,21.0953889954635,15.7875459598362,-5.30784303562734,5.59560723589715,34.3462302949017,38.3121115876799,3.96588129277819,5.53752391355231,13.2508412994382,22.5245656278437,9.27372432840554,5.68098627882284
pared_h,BEL,36,447.394213597532,444.586386535156,-2.80782706237596,5.71915722164745,489.468037306781,485.823432215256,-3.64460509152508,4.93988692343627,496.324585890493,502.746050172946,6.42146428245326,4.70148011018762,500.235230729349,498.318898918969,-1.91633181038003,5.13038538770713,42.073823709249,41.2370456800999,-0.836778029149116,6.09226443061086,48.9303722929612,58.1596636377904,9.22929134482922,6.06938641831351,52.841017131817,53.732512383813,0.891495251995934,6.72017777070638,6.85654858371214,16.9226179576905,10.0660693739783,5.15565371129171,10.767193422568,12.495466703713,1.72827328114505,5.71349632445892,3.91064483885583,-4.42715125397746,-8.33779609283329,5.4950690960203
pared_h,CAN,36,484.993782130291,470.088357122886,-14.9054250074054,3.79593826862476,510.376549540566,497.021137365388,-13.3554121751781,3.71512688036187,523.183608239987,520.37497196234,-2.808636277647,4.31316243477197,521.169559476069,515.529527503168,-5.64003197290106,3.89621269618821,25.3827674102753,26.9327802425026,1.55001283222731,4.38094163725424,38.1898261096958,50.2866148394542,12.0967887297584,5.16995919542617,36.1757773457776,45.4411703802819,9.26539303450431,4.85492212050595,12.8070586994206,23.3538345969516,10.5467758975311,4.57826658525703,10.7930099355023,18.5083901377793,7.715380202277,4.3048058114394,-2.01404876391825,-4.84544445917231,-2.83139569525406,4.53936123683961
pared_h,CHE,36,453.564060681567,452.003980908278,-1.56007977328926,5.63251860817558,480.965235004853,473.308317084381,-7.65691792047187,4.75725287589392,510.266880574313,500.659155553548,-9.60772502076537,5.34806433562924,506.89079489686,505.537541565154,-1.35325333170607,5.12756297293602,27.4011743232857,21.3043361761031,-6.09683814718261,6.34914749489263,56.7028198927464,48.6551746452703,-8.04764524747611,6.65910533182368,53.3267342152934,53.5335606568766,0.206826441583189,6.56544894065997,29.3016455694607,27.3508384691672,-1.9508071002935,5.82029821612271,25.9255598920078,32.2292244807736,6.3036645887658,5.59735291570165,-3.37608567745298,4.87838601160632,8.2544716890593,5.42336334013521
pared_h,CHL,36,420.547929288791,412.588980004103,-7.95894928468817,5.70100781428876,452.32877489922,434.042616771963,-18.2861581272576,5.10115306854275,468.502081872959,457.965173996667,-10.5369078762919,5.19934940311502,461.441029705263,464.711566300044,3.27053659478145,5.33207256411897,31.7808456104293,21.4536367678598,-10.3272088425694,5.78384508655049,47.9541525841678,45.3761939925641,-2.5779585916037,6.69597700049877,40.8931004164721,52.1225862959417,11.2294858794696,6.80278805584714,16.1733069737386,23.9225572247043,7.7492502509657,6.1157658858136,9.11225480604287,30.6689495280819,21.556694722039,6.08107801797112,-7.06105216769572,6.7463923033776,13.8074444710733,5.62624585198597
pared_h,COL,36,380.51437834234,369.2018298747,-11.3125484676403,4.88052528982146,394.653032082117,401.327099044252,6.67406696213544,5.32304438426574,433.535777095918,425.246524885758,-8.28925221015976,6.17411921493266,432.785680843831,432.691033353692,-0.0946474901392662,8.3147299297896,14.138653739777,32.1252691695528,17.9866154297758,5.65784887973333,53.0213987535781,56.0446950110587,3.02329625748058,6.82561437164644,52.2713025014912,63.4892034789922,11.2179009775011,8.5975281964822,38.8827450138011,23.9194258415059,-14.9633191722952,5.16689974364983,38.1326487617142,31.3639343094395,-6.76871445227471,7.69162315408915,-0.750096252086962,7.44450846793353,8.19460472002049,6.2762623264262
pared_h,CZE,36,465.021412939295,446.145237980572,-18.8761749587227,4.98421759178715,470.445234440437,460.725895887789,-9.71933855264814,4.78860317871512,499.792983316599,486.979285043509,-12.81369827309,4.49175908693993,525.237046969894,498.842069925162,-26.3949770447322,5.12491590044949,5.42382150114179,14.5806579072164,9.1568364060746,4.99435209157699,34.7715703773037,40.8340470629365,6.06247668563276,5.68510297984406,60.2156340305989,52.6968319445894,-7.51880208600949,6.40319666172168,29.3477488761619,26.2533891557201,-3.09435972044184,5.42597256246112,54.7918125294571,38.116174037373,-16.6756384920841,5.69631022049402,25.4440636532952,11.8627848816529,-13.5812787716422,5.19575607687601
pared_h,DEU,36,460.978324035863,435.343012441187,-25.6353115946757,5.47529052691535,480.06430485466,486.384712155813,6.32040730115256,5.80812251881412,504.460215174204,498.448967724526,-6.01124744967819,6.31967590389482,510.417768253924,517.338430760074,6.92066250615045,7.10287777556854,19.0859808187975,51.0416997146257,31.9557188958282,6.14926491290302,43.4818911383412,63.1059552833387,19.6240641449975,6.94691961793527,49.4394442180611,81.9954183188872,32.5559741008261,7.41177412568922,24.3959103195437,12.064255568713,-12.3316547508308,6.6141394712537,30.3534633992635,30.9537186042614,0.600255204997893,7.37332232782241,5.95755307971984,18.8894630355485,12.9319099558286,7.18964739876013
pared_h,DNK,36,470.716945495819,435.044020081669,-35.6729254141492,4.97971954619066,497.634343146103,474.041980265154,-23.5923628809491,5.21382793505307,503.20936533911,484.534349046698,-18.6750162924112,5.94623939928557,494.764099757172,481.749038596364,-13.0150611608079,5.53827847363782,26.9173976502844,38.9979601834845,12.0805625332001,6.86152130754013,32.4924198432909,49.4903289650289,16.997909121738,7.07330051406811,24.0471542613532,46.7050185146945,22.6578642533413,6.51861072902366,5.57502219300648,10.4923687815444,4.9173465885379,5.95719468687981,-2.87024338893127,7.70705833120996,10.5773017201412,6.66699572068905,-8.44526558193775,-2.78531045033441,5.65995513160334,6.79904691808036
pared_h,ESP,36,447.301912120109,426.786148576859,-20.5157635432508,3.80971263999957,485.123043377378,455.821593936858,-29.3014494405201,3.32303510148775,486.061135098292,474.121426919706,-11.9397081785853,3.46922730697659,487.469145810354,472.458155965203,-15.0109898451518,3.22803966824431,37.8211312572684,29.0354453599991,-8.78568589726922,4.05448144689785,38.7592229781822,47.3352783428477,8.57605536466554,4.2571475877477,40.1672336902449,45.672007388344,5.50477369809909,4.03063742892595,0.938091720913803,18.2998329828486,17.3617412619348,3.87070117444144,2.34610243297658,16.6365620283449,14.2904595953683,3.57191875861193,1.40801071206278,-1.66327095450367,-3.07128166656645,3.38822068059285
pared_h,EST,36,491.118842129369,466.314682611658,-24.804159517711,4.73437360232278,500.312918200989,497.163799437526,-3.14911876346332,4.80074579465193,526.133848325884,521.423795328606,-4.71005299727767,4.63164234059746,530.788917300629,523.44420042012,-7.34471688050849,5.33288294518671,9.19407607161997,30.8491168258677,21.6550407542477,5.91915112553418,35.0150061965141,55.1091127169474,20.0941065204333,5.89786667583565,39.6700751712594,57.1295178084619,17.4594426372025,5.76278928488275,25.8209301248941,24.2599958910798,-1.56093423381435,5.28263770614986,30.4759990996394,26.2804009825942,-4.19559811704517,5.59017099031654,4.65506897474529,2.02040509151448,-2.63466388323081,5.27673194747249
pared_h,FIN,36,463.68380860204,445.558789800043,-18.1250188019969,4.60286645424606,502.136565886061,479.703123332803,-22.4334425532575,4.47126508983218,505.912145797844,499.801484693536,-6.11066110430755,4.17028062956431,502.150792445274,504.165391837324,2.01459939205063,4.40199804815283,38.4527572840203,34.1443335327598,-4.30842375126053,5.41681041088054,42.2283371958038,54.2426948934932,12.0143576976894,5.77447895325809,38.4669838432336,58.6066020372811,20.1396181940476,5.85696124965299,3.7755799117835,20.0983613607334,16.3227814489499,4.88212744189163,0.0142265592132276,24.4622685045213,24.4480419453081,5.09262584035071,-3.76135335257027,4.36390714378791,8.12526049635818,4.94620915520587
pared_h,FRA,36,443.738347640424,432.531330559738,-11.2070170806862,5.28635008784868,478.109156474816,457.792531212701,-20.3166252621152,5.58336051541042,494.185599646127,488.055585651063,-6.13001399506447,6.09129278414503,492.742818617735,495.175956163579,2.43313754584432,6.19442146547547,34.3708088343915,25.2612006529625,-9.10960818142905,6.14418176839581,50.447252005703,55.5242550913247,5.0770030856217,6.5344027165296,49.0044709773106,62.6446256038411,13.6401546265305,6.65239744314455,16.0764431713114,30.2630544383622,14.1866112670508,6.71871694855606,14.633662142919,37.3834249508786,22.7497628079595,6.87663705666069,-1.4427810283924,7.12037051251639,8.56315154090879,5.7888136208643
pared_h,GBR,36,484.808611425206,479.608589597587,-5.20002182761954,5.18226782722142,499.951662167306,499.002550061553,-0.949112105752818,4.22254133791726,516.176677910115,522.228068778666,6.05139086855058,5.39384782139125,510.680563383403,525.128377098788,14.4478137153857,5.75276561480275,15.1430507420995,19.3939604639662,4.25090972186672,5.76402557400452,31.3680664849087,42.6194791810788,11.2514126961701,6.72032228275461,25.8719519581961,45.5197875012013,19.6478355430052,7.30223921535914,16.2250157428092,23.2255187171126,7.0005029743034,5.96671991690975,10.7289012160966,26.1258270372351,15.3969258211385,6.31372376908951,-5.49611452671263,2.90030832012246,8.39642284683509,5.73585592035006
pared_h,GRC,36,412.07654496774,399.190302661263,-12.8862423064775,5.85409018746239,438.051196583261,414.795433763071,-23.2557628201897,5.12122053486009,452.617201742384,453.689602283479,1.07240054109428,5.5752276103969,455.096054280554,447.94413116045,-7.15192312010368,5.05117322406325,25.9746516155207,15.6051311018085,-10.3695205137122,6.21696791139042,40.5406567746438,54.4992996222156,13.9586428475718,7.10041112462611,43.0195093128135,48.7538284991873,5.7343191863738,6.29828084259612,14.5660051591232,38.8941685204071,24.3281633612839,5.61252070938362,17.0448576972928,33.1486973973788,16.103839700086,5.21933064198321,2.47885253816963,-5.74547112302832,-8.22432366119796,4.92132967510504
pared_h,HUN,36,441.923054576474,426.542318352958,-15.3807362235161,5.31200234597988,471.455388239201,446.395574622624,-25.0598136165762,5.1969298703393,491.013771891858,477.60209067807,-13.4116812137884,5.55105061658961,489.913749897932,478.583466461456,-11.3302834364764,5.4561346469895,29.5323336627265,19.8532562696664,-9.67907739306008,6.37571086474057,49.0907173153844,51.0597723251121,1.9690550097277,7.13767492465237,47.990695321458,52.0411481084976,4.05045278703966,6.89391636087612,19.5583836526579,31.2065160554457,11.6481324027878,6.25972937634947,18.4583616587315,32.1878918388312,13.7295301800997,6.30351787391483,-1.10002199392642,0.981375783385545,2.08139777731196,5.47401037271384
pared_h,IRL,36,492.76121197824,471.903082003762,-20.8581299744785,4.22885408565121,518.293073817589,516.200028827695,-2.09304498989343,4.20801704763377,528.290127870222,518.327026347146,-9.96310152307547,4.23518234893877,529.142023514478,519.809684183916,-9.33233933056249,4.3249354173592,25.5318618393482,44.2969468239333,18.7650849845851,5.1437791975047,35.5289158919814,46.4239443433845,10.8950284514031,4.95066298749193,36.380811536238,47.906602180154,11.525790643916,5.05756622404397,9.99705405263319,2.12699751945115,-7.87005653318204,4.92731340930693,10.8489496968898,3.60965535622074,-7.23929434066906,5.05502034931527,0.851895644256615,1.48265783676959,0.630762192512975,4.89299628007114
pared_h,ISL,36,410.354369302805,405.953132657582,-4.40123664522315,5.3130679118722,440.342596795414,434.676902461748,-5.66569433366664,5.91314032792515,448.24102875573,461.360755192494,13.1197264367644,4.93277534141308,452.402423367508,451.380598214755,-1.02182515275348,5.5836632708111,29.9882274926096,28.7237698041661,-1.26445768844349,7.98352248126593,37.8866594529248,55.4076225349123,17.5209630819875,7.38982346452518,42.0480540647034,45.4274655571731,3.37941149246967,7.75225940721031,7.89843196031524,26.6838527307463,18.785420770431,7.19862048799191,12.0598265720939,16.703695753007,4.64386918091316,7.82770784573118,4.16139461177863,-9.98015697773923,-14.1415515895179,7.40946994770699
pared_h,ISR,36,436.442716845067,424.412473605933,-12.0302432391342,6.82359331258166,481.057307583328,460.973551426726,-20.0837561566015,6.21355609005102,495.388203328626,477.67306454799,-17.7151387806356,6.32246761579973,496.155470090193,471.549850479602,-24.6056196105906,6.49464454978217,44.6145907382608,36.5610778207935,-8.05351291746729,7.48117435819031,58.9454864835587,53.2605909420573,-5.68489554150142,7.67681899426283,59.7127532451256,47.1373768736692,-12.5753763714564,7.74273604864149,14.3308957452979,16.6995131212638,2.36861737596587,6.45007842480401,15.0981625068648,10.5762990528756,-4.52186345398911,6.86071616218093,0.767266761566873,-6.12321406838811,-6.89048082995498,6.58908505197273
pared_h,ITA,36,459.189246955949,451.495664313759,-7.69358264219039,4.84853450353089,484.515137979339,471.174228310606,-13.3409096687336,4.74422461613975,494.411088493206,485.827205355539,-8.58388313766682,5.24315465677025,492.226676663878,506.573932135701,14.347255471823,5.43716449027455,25.3258910233898,19.6785639968466,-5.64732702654322,5.44176448045446,35.2218415372565,34.3315410417801,-0.890300495476424,6.30103838586298,33.0374297079283,55.0782678219417,22.0408381140134,6.26408153844937,9.89595051386675,14.6529770449336,4.7570265310668,5.6536907772598,7.71153868453848,35.3997038250951,27.6881651405566,6.06836690098316,-2.18441182932827,20.7467267801616,22.9311386094898,5.09773579877686
pared_h,JPN,36,486.232354505326,469.490315893331,-16.7420386119944,6.89069021718047,512.904055715293,500.958997248225,-11.9450584670678,5.96844952060081,535.845827404683,528.154136855247,-7.69169054943677,6.48721493315654,532.31935548096,529.900405933278,-2.41894954768225,5.80277179942099,26.671701209967,31.4686813548936,4.79698014492664,6.7726593265066,49.6134728993578,58.6638209619155,9.05034806255765,8.08590567669234,46.0870009756347,60.4100900399469,14.3230890643122,7.63459302411064,22.9417716893909,27.1951396070219,4.25336791763101,6.19828565907068,19.4152997656678,28.9414086850533,9.52610891938554,6.35492749053904,-3.52647192372308,1.74626907803145,5.27274100175453,6.16685153736708
pared_h,KOR,36,494.801352278525,468.412838033191,-26.3885142453344,6.64803575890933,496.328810494455,512.895135698393,16.5663252039383,5.76533681056048,538.967953940759,518.570114214316,-20.3978397264434,6.39753867198398,534.476134726247,520.433385462689,-14.0427492635573,5.85112987819823,1.52745821592976,44.4822976652025,42.9548394492727,6.41888783707516,44.1666016622345,50.1572761811255,5.99067451889101,7.44761827595069,39.6747824477216,52.0205474294987,12.3457649817771,7.69447706538474,42.6391434463047,5.67497851592304,-36.9641649303817,5.99883113613332,38.1473242317918,7.53824976429621,-30.6090744674956,6.54634468714041,-4.49181921451293,1.86327124837317,6.3550904628861,6.49981584057384
pared_h,LTU,36,445.564556819627,444.436087677309,-1.12846914231744,4.61456164696862,471.546703870343,474.164962305195,2.61825843485178,4.30645611238711,485.936675508053,484.709502211723,-1.22717329632968,4.55422874148212,491.588659063862,486.899358475515,-4.68930058834741,4.63838249764803,25.9821470507166,29.7288746278858,3.74672757716922,5.72626344328,40.3721186884263,40.2734145344141,-0.0987041540122391,6.01054586541171,46.0241022442353,42.4632707982054,-3.56083144602997,6.11923788277403,14.3899716377098,10.5445399065283,-3.84543173118146,5.32173194292674,20.0419551935188,12.7343961703196,-7.30755902319919,5.34115540840206,5.65198355580901,2.18985626379128,-3.46212729201773,4.73087816086648
pared_h,LVA,36,452.033889227269,425.110977234135,-26.9229119931333,5.27266542815103,463.095764788918,424.051851785976,-39.0439130029422,4.7312466288079,492.513466761791,461.350486814157,-31.162979947634,5.32707476846367,496.745303253802,465.594277386883,-31.1510258669189,5.09442689114111,11.0618755616492,-1.05912544815965,-12.1210010098089,6.07044937959446,40.4795775345219,36.2395095800212,-4.24006795450072,6.71478510929118,44.7114140265328,40.4833001527472,-4.22811387378562,6.62949375920978,29.4177019728727,37.2986350281809,7.88093305530816,6.27180288188463,33.6495384648836,41.5424256009068,7.89288713602326,6.04983356683215,4.23183649201087,4.24379057272597,0.0119540807150997,6.43311604072113
pared_h,MEX,36,383.428482038761,379.235012015881,-4.19347002287918,4.35189251072873,408.878149642756,407.148442764585,-1.7297068781703,4.50569115874574,427.127545890548,419.538803444634,-7.58874244591368,5.33435974409872,443.286860726635,439.800428135084,-3.48643259155057,6.01989882751934,25.449667603995,27.9134307487039,2.46376314470888,4.94185700555866,43.699063851787,40.3037914287525,-3.3952724230345,6.18969607136812,59.858378687874,60.5654161192026,0.707037431328615,6.63402473080823,18.249396247792,12.3903606800486,-5.85903556774338,5.82119722155962,34.408711083879,32.6519853704987,-1.75672571338026,6.39198120374688,16.159314836087,20.2616246904501,4.10230985436311,5.48182597839117
pared_h,NLD,36,439.948509424036,415.304115286644,-24.6443941373915,6.88868822298082,473.423636620478,435.358563575507,-38.0650730449707,6.0757147503656,470.361724043156,475.735544533703,5.37382049054696,6.28894433289942,473.088374106922,477.852785587608,4.76441148068574,7.13155134763426,33.4751271964424,20.0544482888632,-13.4206789075793,7.16134733972679,30.4132146191199,60.4314292470584,30.0182146279385,8.12409398408273,33.1398646828866,62.5486703009639,29.4088056180772,7.33146263234729,-3.06191257732252,40.3769809581952,43.4388935355177,6.68862140477718,-0.33526251355579,42.4942220121007,42.8294845256565,7.47132392547856,2.72665006376673,2.1172410539055,-0.609409009861224,6.90706583813873
pared_h,NOR,36,451.289270443415,421.944040532893,-29.3452299105222,4.93952698573161,485.180520991639,469.122526486986,-16.0579945046533,5.18014405947262,497.16613347391,482.816243677412,-14.3498897964973,5.33022381284559,490.204715745426,484.748637803103,-5.45607794232308,5.06896753536383,33.8912505482241,47.178485954093,13.2872354058689,6.39703081779182,45.8768630304944,60.8722031445194,14.9953401140249,6.53553689069851,38.9154453020111,62.8045972702102,23.8891519681991,7.05080006373543,11.9856124822703,13.6937171904264,1.70810470815604,6.09893396560636,5.02419475378696,15.6261113161172,10.6019165623302,6.48006696081568,-6.96141772848335,1.93239412569085,8.8938118541742,6.00193352396307
pared_h,NZL,36,476.612042990418,481.432908354574,4.82086536415585,4.78226684376052,510.562522102223,506.328120461888,-4.23440164033525,5.65380920071137,523.896664930937,534.11448247919,10.2178175482534,6.17567032105636,529.809012899279,531.393067605314,1.58405470603554,6.22433055059764,33.9504791118051,24.895212107314,-9.0552670044911,6.7211421402348,47.284621940519,52.6815741246165,5.39695218409753,7.3287009793002,53.1969699088613,49.960159250741,-3.23681065812031,7.54144033551499,13.3341428287139,27.7863620173025,14.4522191885886,8.26965637722758,19.2464907970561,25.0649471434269,5.8184563463708,8.68890675082478,5.91234796834226,-2.72141487387557,-8.63376284221783,7.83111719111034
pared_h,POL,36,465.880607549539,456.177430070188,-9.70317747935121,5.46509331258763,471.084256106196,463.621872786104,-7.46238332009136,5.03551835713065,506.315889142908,518.594642660451,12.2787535175435,5.69847124070997,522.214359645624,513.244694784025,-8.96966486159829,5.32346550976587,5.20364855665707,7.44444271591692,2.24079415925985,5.45283675102356,40.4352815933688,62.4172125902635,21.9819309968947,7.43539462418249,56.3337520960848,57.0672647138377,0.733512617752922,6.72393717034813,35.2316330367117,54.9727698743466,19.7411368376348,6.71396340713477,51.1301035394278,49.6228219979208,-1.50728154150693,6.31726473055142,15.898470502716,-5.34994787642575,-21.2484183791418,5.75953127919696
pared_h,PRT,36,442.271807588531,429.325925902601,-12.9458816859299,5.64600976614985,480.247260646648,464.418787190595,-15.8284734560527,4.54162505227427,490.911523595109,487.667502565715,-3.24402102939331,5.42536741253224,499.961475576401,493.363463279775,-6.59801229662628,5.19800729073146,37.9754530581171,35.0928612879943,-2.88259177012276,5.7155583587264,48.6397160065782,58.3415766631148,9.70186065653661,5.79035935039884,57.6896679878705,64.0375373771742,6.34786938930364,6.30015720326215,10.6642629484611,23.2487153751205,12.5844524266594,5.9284133427172,19.7142149297534,28.9446760891798,9.2304611594264,6.06564019581224,9.04995198129234,5.69596071405937,-3.35399126723297,5.73893630129148
pared_h,SVK,36,424.138355833663,416.287401965047,-7.85095386861553,5.88415610718629,441.827105644649,438.980014827007,-2.84709081764191,5.35843540746488,457.297593309265,476.103838273595,18.8062449643304,5.58528832292517,466.559868369489,483.213287395639,16.6534190261508,6.5360448658107,17.6887498109862,22.6926128619598,5.00386305097362,6.15758047721975,33.159237475602,59.8164363085479,26.6571988329459,6.98629543287222,42.4215125358256,66.925885430592,24.5043728947663,8.09091048916335,15.4704876646158,37.1238234465881,21.6533357819723,6.79051235929574,24.7327627248395,44.2332725686322,19.5005098437927,7.49629533753629,9.26227506022366,7.10944912204406,-2.1528259381796,5.94146326696402
pared_h,SVN,36,445.067224934255,427.724034715748,-17.3431902185079,4.24487328838301,468.717391267265,447.854407841463,-20.8629834258023,4.5278172666067,481.436769020898,471.928520400155,-9.50824862074313,4.84068932317212,483.688340589832,471.403755381899,-12.2845852079328,4.37834481353518,23.6501663330099,20.1303731257156,-3.51979320729436,5.97237162847861,36.3695440866424,44.2044856844072,7.83494159776478,6.29468988535506,38.6211156555762,43.6797206661513,5.05860501057515,5.70428419939028,12.7193777536325,24.0741125586916,11.3547348050591,6.28569404379534,14.9709493225662,23.5493475404358,8.57839821786951,6.34052914186189,2.25157156893374,-0.524765018255891,-2.77633658718963,6.60123104742417
pared_h,SWE,36,460.459290610286,428.929314539929,-31.5299760703575,5.2175049111383,488.837360779834,482.661823839941,-6.17553693989339,5.05291699026401,508.373355839443,500.647981506595,-7.72537433284794,6.15011659086013,505.702041197279,501.662277388081,-4.03976380919801,5.61566354583135,28.3780701695477,53.7325093000118,25.3544391304641,6.2105263380272,47.9140652291564,71.7186669666659,23.8046017375095,6.97437742075255,45.2427505869931,72.7329628481526,27.4902122611595,6.8278729249412,19.5359950596087,17.9861576666542,-1.54983739295454,6.80135291904067,16.8646804174454,19.0004535481408,2.13577313069538,5.99910229680786,-2.67131464216328,1.01429588148665,3.68561052364993,6.05604504449091
pared_h,TUR,36,442.860591373681,450.524890582922,7.66429920924071,4.20996990017038,448.705504066623,467.002985360658,18.2974812940355,3.79191903191159,458.286547791592,475.009709673486,16.7231618818943,4.56085725525904,475.601778899111,511.948268344904,36.3464894457932,4.74734703418426,5.84491269294131,16.4780947777361,10.6331820847948,4.16731597617355,15.4259564179105,24.4848190905641,9.05886267265356,5.37707869337054,32.7411875254297,61.4233777619821,28.6821902365525,5.91052428916087,9.58104372496922,8.006724312828,-1.57431941214122,4.30599174638193,26.8962748324884,44.945282984246,18.0490081517577,5.31569240914672,17.3152311075191,36.938558671418,19.6233275638989,5.63931996701577
pared_h,USA,36,479.191650726348,465.445472351674,-13.7461783746735,7.4524944344567,501.365539350843,499.159173358909,-2.20636599193381,9.12441197444046,517.041090289728,522.358665479701,5.31757518997301,14.6928080446724,522.417418537054,518.006844589444,-4.41057394761015,11.8993188461864,22.1738886244954,33.7137010072351,11.5398123827397,9.54801423675701,37.8494395633806,56.9131931280271,19.0637535646465,14.6539163087001,43.2257678107065,52.5613722377698,9.33560442706334,11.7145427503339,15.6755509388852,23.199492120792,7.52394118190682,11.6482422643276,21.0518791862111,18.8476712305347,-2.20420795567634,10.8706722427458,5.37632824732589,-4.35182089025727,-9.72814913758316,11.3062899792045
pared_h,OECD,36,452.121637063195,438.543878911277,-13.5777581519181,1.39625862274778,477.06688411204,466.763402187302,-10.3034819247383,1.37839275043487,494.023188023474,489.343650281967,-4.67953774150766,1.45162655921813,496.9122446255,493.300765737948,-3.61147888755204,1.44714415311963,24.9452470488453,28.2195232760251,3.27427622717983,1.01754308221726,41.9015509602793,50.7997713706898,8.89822041041043,1.15468498137949,44.7906075623056,54.7568868266716,9.96627926436605,1.14490207946254,16.9563039114341,22.5802480946647,5.62394418323061,1.03065775330473,19.8453605134603,26.5373635506466,6.69200303718623,1.06823981794604,2.88905660202624,3.95711545598186,1.06805885395562,1.01258095873167
pared_h,OECD35,35,452.25934349014,438.879814063689,-13.3795294264514,1.40793930390991,476.83670813303,467.076025280172,-9.76068285285874,1.3902093879503,494.250675249908,489.77857094946,-4.47210430044828,1.46667544565808,497.18204744879,493.896268874313,-3.28577857447777,1.4624325335636,24.5773646428904,28.196211216483,3.61884657359263,1.04018511143744,41.9913317597679,50.898756885771,8.90742512600309,1.18143120845503,44.9227039586502,55.0164548106238,10.0937508519736,1.17196913028067,17.4139671168776,22.702545669288,5.28857855241046,1.05432081884324,20.3453393157599,26.8202435941408,6.47490427838096,1.09401117495553,2.93137219888229,4.11769792485279,1.18632572597051,1.03700311424144
homepos,AUS,36,453.242456745901,467.440675673734,14.1982189278326,4.46943053163811,493.636063412947,496.783074585882,3.14701117293447,4.00992639595341,516.858107957825,505.818380728094,-11.0397272297315,4.0551768083782,533.639811424118,502.205217054489,-31.4345943696295,4.0134387505076,40.3936066670458,29.3423989121477,-11.0512077548981,5.36593928343552,63.6156512119237,38.3777050543596,-25.2379461575641,5.47968042821359,80.3973546782171,34.7645413807551,-45.632813297462,5.09053040976663,23.2220445448779,9.03530614221194,-14.186738402666,4.37176623430386,40.0037480111713,5.42214246860738,-34.5816055425639,4.62875663124198,16.7817034662934,-3.61316367360456,-20.3948671398979,4.85574561134554
homepos,AUT,36,416.534881571021,429.394917422908,12.8600358518872,5.63744025850101,474.546641366515,467.704898401619,-6.8417429648959,5.31004978293223,506.840153636346,485.374460512523,-21.4656931238229,4.5604589194607,526.957126312804,488.688885486782,-38.2682408260222,4.60661889406791,58.0117597954942,38.3099809787112,-19.7017788167831,6.0852838278316,90.3052720653252,55.9795430896151,-34.3257289757101,6.51738346364423,110.422244741784,59.2939680638741,-51.1282766779094,6.53182435410933,32.293512269831,17.6695621109039,-14.623950158927,5.7061471485075,52.4104849462893,20.9839870851629,-31.4264978611263,6.23069108233146,20.1169726764583,3.314424974259,-16.8025477021993,5.56581680268378
homepos,BEL,36,417.220485013915,429.510488740292,12.2900037263777,6.59039222749758,470.939050425236,467.005610223264,-3.93344020197179,4.93930315485387,501.779683597533,486.3220876957,-15.457595901833,4.50597495542247,527.23732546434,489.927797279708,-37.3095281846322,5.64396280103673,53.718565411321,37.4951214829716,-16.2234439283495,6.51438118106489,84.5591985836185,56.8115989554078,-27.7475996282107,6.95119537165536,110.016840450426,60.4173085394157,-49.5995319110099,7.85959912436779,30.8406331722975,19.3164774724362,-11.5241556998612,5.70267233724387,56.2982750391046,22.9221870564442,-33.3760879826604,6.75711491047784,25.4576418668071,3.60570958400791,-21.8519322827992,5.90617454096721
homepos,CAN,36,470.795974403147,469.135452163328,-1.66052223981933,4.05077083595292,505.10597485869,497.56080930865,-7.54516555004022,3.71711649659661,522.88507934215,508.109236446885,-14.7758428952654,3.73007556147036,535.796960983686,494.150122273088,-41.6468387105973,4.60955522620324,34.3100004555432,28.4253571453223,-5.8846433102209,4.43423213920055,52.089104939003,38.9737842835569,-13.1153206554461,4.96936291035787,65.0009865805385,25.0146701097605,-39.986316470778,5.50811927791124,17.7791044834598,10.5484271382347,-7.23067734522516,4.43532514828711,30.6909861249953,-3.41068703556175,-34.1016731605571,5.0865692167916,12.9118816415355,-13.9591141737964,-26.8709958153319,4.51283223409006
homepos,CHE,36,420.556860294487,439.232545115331,18.6756848208437,5.57479536917823,470.001101359547,471.715181622281,1.71408026273423,4.52962520826822,505.80401896459,490.029154330474,-15.7748646341165,5.41712291092883,537.697821208624,484.047309850947,-53.6505113576772,5.52231124663081,49.4442410650597,32.4826365069501,-16.9616045581095,6.11291313560145,85.2471586701029,50.7966092151426,-34.4505494549603,6.62313506609221,117.140960914136,44.8147647356154,-72.3261961785209,6.97840898791898,35.8029176050432,18.3139727081925,-17.4889448968507,5.88415477679844,67.6967198490767,12.3321282286653,-55.3645916204114,6.06699500477005,31.8938022440335,-5.98184447952718,-37.8756467235606,6.26848356048644
homepos,CHL,36,412.976216413136,413.695267836616,0.719051423480153,5.25003057748465,443.114527381122,432.381494369947,-10.7330330111754,5.14839684786563,460.375220408327,440.57566604194,-19.7995543663873,5.65527615868099,482.670919914853,464.983668782515,-17.687251132338,5.24330934564262,30.1383109679863,18.6862265333307,-11.4520844346555,5.5553864157932,47.3990039951912,26.8803982053237,-20.5186057898675,6.64209196920276,69.6947035017178,51.2884009458996,-18.4063025558182,6.5443967212083,17.2606930272049,8.19417167199299,-9.06652135521193,6.3345212576922,39.5563925337315,32.6021744125688,-6.95421812116263,5.56328874318162,22.2956995065265,24.4080027405759,2.11230323404931,6.10510951335236
homepos,COL,36,358.697850154738,362.163666602087,3.46581644734988,4.48375469267227,388.353583352084,387.968534312511,-0.385049039572948,5.13635742223732,422.454582122436,414.518329987803,-7.93625213463309,6.17852532571054,470.920371042905,442.721518025439,-28.1988530174652,7.07110134015227,29.6557331973467,25.8048677104238,-3.85086548692283,5.68495769942306,63.7567319676986,52.3546633857156,-11.402068581983,7.00334399045372,112.222520888167,80.557851423352,-31.6646694648151,8.52749860241032,34.100998770352,26.5497956752918,-7.55120309506015,5.72719329002785,82.5667876908204,54.7529837129282,-27.8138039778923,7.25753067116107,48.4657889204685,28.2031880376363,-20.2626008828321,7.45831869361217
homepos,CZE,36,430.441747049863,436.319859524119,5.87811247425623,4.9648083507171,482.072961788907,469.252022616078,-12.8209391728292,4.90125967368451,511.654008368437,481.986899311299,-29.6671090571383,4.95258582306638,530.122212711004,485.670009347253,-44.4522033637508,4.96067670427998,51.6312147390442,32.9321630919587,-18.6990516470855,5.47662929548828,81.212261318574,45.6670397871795,-35.5452215313945,6.04769938040463,99.6804656611409,49.3501498231339,-50.330315838007,6.54683855041904,29.5810465795299,12.7348766952209,-16.846169884309,4.94143952838384,48.0492509220968,16.4179867311752,-31.6312641909216,5.5827876183335,18.4682043425669,3.68311003595431,-14.7850943066126,5.42626643554588
homepos,DEU,36,414.124980967908,412.944394622153,-1.18058634575476,6.63154367220916,476.499443966643,463.445113832874,-13.0543301337682,5.89788835683972,508.797961512599,497.242933663227,-11.5550278493719,6.30968161571801,537.21781161522,510.974039563406,-26.243772051814,5.43468234757868,62.3744629987346,50.5007192107211,-11.8737437880135,6.59203051310821,94.6729805446909,84.2985390410738,-10.3744415036172,7.44515009919509,123.092830647312,98.0296449412528,-25.0631857060592,7.80867792878067,32.2985175459563,33.7978198303526,1.49930228439632,6.78948536487114,60.7183676485773,47.5289257305316,-13.1894419180457,7.06369712891523,28.419850102621,13.731105900179,-14.688744202442,6.21928836190952
homepos,DNK,36,453.715173191706,435.418568252905,-18.2966049388012,5.33700574695474,484.889810159647,467.769747345593,-17.1200628140543,4.70888977546287,509.029594760123,475.69241106508,-33.3371836950432,4.88421308273686,512.720252784283,465.983282549501,-46.736970234782,6.06780913687881,31.174636967941,32.351179092688,1.17654212474696,5.85340409560951,55.3144215684166,40.2738428121746,-15.0405787562419,6.24500046135177,59.0050795925765,30.5647142965958,-28.4403652959808,6.74952438894243,24.1397846004755,7.92266371948665,-16.2171208809889,6.04164854242941,27.8304426246355,-1.78646479609222,-29.6169074207277,6.48791085974974,3.69065802415997,-9.70912851557887,-13.3997865397388,6.7138716807659
homepos,ESP,36,432.228075249309,428.118142414033,-4.10993283527517,4.12702174847187,468.400375343953,455.510992261805,-12.8893830821488,3.21510103296879,491.751597006782,463.509555255331,-28.2420417514507,2.99649028811312,510.294794318329,468.697505804885,-41.5972885134447,3.54331083497187,36.1723000946449,27.3928498477713,-8.77945024687364,4.1375249342033,59.5235217574734,35.3914128412979,-24.1321089161755,3.98355589355283,78.0667190690207,40.5793633908513,-37.4873556781695,4.7403159153401,23.3512216628285,7.99856299352661,-15.3526586693019,3.194144534047,41.8944189743758,13.18651354308,-28.7079054312958,3.65390451522178,18.5431973115473,5.18795054955336,-13.355246761994,3.22188156789535
homepos,EST,36,474.3278101453,479.322224333096,4.99441418779605,4.7757542271104,507.834596170848,497.399131057911,-10.4354651129374,4.94140528859549,528.218519151246,513.498497476004,-14.7200216752418,4.68833939641287,536.801010780356,510.565044867379,-26.2359659129775,5.01527516844672,33.5067860255488,18.0769067248153,-15.4298793007334,5.44698052996503,53.8907090059468,34.1762731429089,-19.7144358630379,5.50102279152386,62.4732006350565,31.2428205342829,-31.2303801007736,5.88536518092334,20.383922980398,16.0993664180936,-4.28455656230443,5.7997874638393,28.9664146095078,13.1659138094676,-15.8005008000401,5.73338797089354,8.58249162910977,-2.93345260862594,-11.5159442377357,4.87758355527792
homepos,FIN,36,449.425207793083,462.901302462389,13.4760946693061,4.68670939830698,490.005012811681,482.89635033373,-7.1086624779519,4.43277539513348,508.673662486506,485.099815630631,-23.573846855875,4.64205110435164,518.415833115802,477.936233809497,-40.4795993063044,4.49295106997665,40.5798050185986,19.9950478713405,-20.584757147258,5.18932069348047,59.248454693423,22.1985131682418,-37.0499415251812,5.38332939141246,68.9906253227187,15.0349313471082,-53.9556939756105,5.24123802344813,18.6686496748244,2.20346529690124,-16.4651843779232,5.53978258473903,28.4108203041201,-4.96011652423238,-33.3709368283525,5.03853013822162,9.74217062929574,-7.16358182113362,-16.9057524504294,5.49176878257348
homepos,FRA,36,412.128469029206,419.564363161505,7.43589413229904,5.66419788240719,460.047759797632,453.659705572862,-6.38805422477032,5.56665075663929,496.555038510972,476.195510883689,-20.3595276272838,5.70387450137212,528.592547091679,485.467909239588,-43.1246378520915,5.66653956626741,47.919290768426,34.0953424113567,-13.8239483570694,6.16143154456042,84.4265694817664,56.6311477221835,-27.7954217595828,6.54706695565881,116.464078062473,65.9035460780829,-50.5605319843905,7.11580362241172,36.5072787133403,22.5358053108268,-13.9714734025135,5.77788010430574,68.5447872940474,31.8082036667262,-36.7365836273212,6.01538964658967,32.037508580707,9.27239835589933,-22.7651102248077,5.54567821766608
homepos,GBR,36,453.904952603888,474.092168403212,20.1872157993243,4.67102092770527,482.884189432796,492.110869748904,9.22668031610834,4.80284869956231,512.065620179524,502.849788694202,-9.2158314853213,5.10237835847555,541.658301757604,515.936456528146,-25.7218452294576,5.67103484991846,28.9792368289078,18.0187013456919,-10.960535483216,5.95492597253603,58.1606675756357,28.7576202909901,-29.4030472846456,6.30179422788077,87.7533491537158,41.8442881249339,-45.9090610287819,6.76286605419378,29.1814307467279,10.7389189452982,-18.4425118014296,6.00891950651437,58.774112324808,23.8255867792421,-34.9485255455659,6.80304087149892,29.5926815780802,13.0866678339439,-16.5060137441363,6.55410062361273
homepos,GRC,36,398.005350280033,398.070746262659,0.0653959826254322,5.43428337870836,432.489776726591,430.79718398242,-1.6925927441705,5.08572921133842,455.474781871825,436.734240056783,-18.740541815042,5.51296468772935,469.182533311333,431.262859498866,-37.9196738124668,5.79410540367783,34.4844264465575,32.7264377197616,-1.75798872679593,5.74910523141327,57.4694315917922,38.6634937941248,-18.8059377976675,6.31094622771177,71.1771830312998,33.1921132362076,-37.9850697950922,6.19873241756768,22.9850051452347,5.93705607436317,-17.0479490708715,5.32991015361381,36.6927565847423,0.465675516446026,-36.2270810682963,6.12697079483338,13.7077514395076,-5.47138055791714,-19.1791319974247,5.43975808778266
homepos,HUN,36,403.371127905638,411.809444200371,8.43831629473283,5.47130223471129,464.876006420348,453.984308963053,-10.8916974572949,4.91819056658649,500.41873544948,468.673933601414,-31.7448018480654,5.0485763690614,522.965089525067,478.117097221862,-44.847992303205,5.3078181795744,61.50487851471,42.1748647626822,-19.3300137520278,5.89124911519211,97.0476075438417,56.8644894010435,-40.1831181427982,7.21642257178802,119.593961619429,66.3076530214913,-53.2863085979379,7.35432894401885,35.5427290291317,14.6896246383612,-20.8531043907705,5.48846250343123,58.0890831047192,24.1327882588091,-33.9562948459101,6.09854002087995,22.5463540755875,9.44316362044788,-13.1031904551397,5.21358607357847
homepos,IRL,36,474.438753504461,469.296175089863,-5.14257841459795,4.68333798756046,510.396629141861,499.900128536219,-10.4965006056424,4.00218669382396,532.226440119561,513.83725816878,-18.3891819507805,3.95399812408836,549.557603449616,522.001271659539,-27.556331790077,4.43157772036932,35.9578756373996,30.6039534463552,-5.35392219104449,5.33524576509732,57.7876866150994,44.5410830789168,-13.2466035361826,5.10055229392017,75.1188499451545,52.7050965696754,-22.4137533754791,5.7370594026152,21.8298109776997,13.9371296325616,-7.8926813451381,4.69850854244836,39.1609743077548,22.1011431233202,-17.0598311844346,5.33297866990574,17.3311633300551,8.16401349075863,-9.16714983929648,4.89565634087167
homepos,ISL,36,399.918013367968,397.761605913769,-2.1564074541995,5.53228107266112,433.106643769741,431.557840090974,-1.54880367876717,5.23865526928832,449.010496612837,439.340743426087,-9.66975318675014,4.7101632056868,464.692279540944,430.956928391626,-33.7353511493188,5.44815155830894,33.1886304017726,33.7962341772049,0.607603775432324,7.69060577897609,49.0924832448686,41.579137512318,-7.51334573255065,6.99088961561774,64.7742661729759,33.1953224778566,-31.5789436951193,7.21877044692904,15.903852843096,7.78290333511308,-8.12094950798297,6.40749144734925,31.5856357712033,-0.600911699348274,-32.1865474705516,7.41453504876713,15.6817829281073,-8.38381503446135,-24.0655979625686,7.00944133154969
homepos,ISR,36,408.621660988315,406.658678798682,-1.96298218963375,6.55258615853769,465.441348143607,449.759636716489,-15.6817114271175,6.24306620599587,503.080614682306,456.693796254554,-46.3868184277516,6.14510126694436,524.819819065721,457.542546664749,-67.2772724009728,7.27471446623436,56.8196871552913,43.1009579178076,-13.7187292374837,6.90976603821376,94.4589536939904,50.0351174558726,-44.4238362381178,7.28228284608585,116.198158077406,50.8838678660669,-65.314290211339,8.66683900846897,37.6392665386991,6.93415953806499,-30.7051070006341,6.86318136232376,59.3784709221146,7.78290994825932,-51.5955609738553,7.52847582063088,21.7392043834155,0.848750410194327,-20.8904539732212,7.62466580043508
homepos,ITA,36,436.720904439631,436.655864895836,-0.0650395437950806,5.07024172253906,475.233434336076,471.988962536219,-3.24447179985719,4.57703200622951,499.21583022532,491.432086421869,-7.78374380345161,4.85243336371891,517.903241412821,499.713922399559,-18.1893190132623,5.36807216616193,38.5125298964448,35.3330976403827,-3.17943225606211,5.62907319781991,62.494925785689,54.7762215260324,-7.71870425965653,5.84203721330316,81.18233697319,63.0580575037228,-18.1242794694672,6.82574009642296,23.9823958892442,19.4431238856498,-4.53927200359442,5.16979898469809,42.6698070767452,27.7249598633401,-14.9448472134051,5.62190891144191,18.687411187501,8.28183597769038,-10.4055752098106,5.45667267860701
homepos,JPN,36,473.767016105187,484.441097776549,10.6740816713618,7.19975621373561,513.522561513124,509.982073358178,-3.54048815494582,5.29485437534244,532.491465494897,517.70668838553,-14.7847771093664,5.53623439691471,544.967772495261,506.855838908466,-38.1119335867956,6.88236015758582,39.7555454079363,25.5409755816287,-14.2145698263076,6.54757151593789,58.7244493897094,33.2655906089813,-25.4588587807282,6.95457209782208,71.2007563900738,22.4147411319165,-48.7860152581574,7.57086381554001,18.9689039817731,7.72461502735257,-11.2442889544205,5.94198228610598,31.4452109821375,-3.12623444971223,-34.5714454318497,6.70996695430647,12.4763070003644,-10.8508494770648,-23.3271564774292,6.17304303605379
homepos,KOR,36,460.218391758453,472.901345108958,12.6829533505044,7.29811119953581,512.626612780703,502.310497091034,-10.3161156896688,6.53107263402658,536.725627686937,514.730666588824,-21.9949610981128,5.35027447977354,553.600711262921,517.920886823858,-35.6798244390631,6.61032749865556,52.4082210222499,29.4091519820767,-22.9990690401733,7.39712248830042,76.5072359284836,41.8293214798665,-34.6779144486172,8.75285347972105,93.3823195044678,45.0195417149003,-48.3627777895675,9.13691220760401,24.0990149062337,12.4201694977898,-11.6788454084439,6.83628780140386,40.9740984822179,15.6103897328236,-25.3637087493942,8.06885539864619,16.8750835759842,3.19022023503385,-13.6848633409503,6.34668347864695
homepos,LTU,36,424.614303312738,443.541817075193,18.9275137624547,4.47533214584062,466.224647230942,462.277049876076,-3.9475973548661,4.23442852503476,489.775309941063,472.227327498383,-17.5479824426806,4.14108386391796,510.621654316922,481.018942389595,-29.6027119273271,4.64087259759465,41.610343918204,18.7352328008832,-22.8751111173208,5.249376346006,65.161006628325,28.6855104231897,-36.4754962051353,5.75182515354581,86.0073510041836,37.4771253144019,-48.5302256897817,5.99015997672231,23.550662710121,9.95027762230643,-13.6003850878145,5.14600600398716,44.3970070859796,18.7418925135186,-25.6551145724609,5.45957274067379,20.8463443758586,8.79161489121219,-12.0547294846464,5.2442525503848
homepos,LVA,36,436.337153042213,409.917166985204,-26.4199860570089,4.71415553745232,470.124353543457,433.108074594316,-37.0162789491413,4.92913557526283,487.764434945419,437.891526238343,-49.8729087070759,5.10678993940976,507.106403695522,441.929104469794,-65.1772992257281,4.17478831364321,33.7872005012439,23.1909076091114,-10.5962928921325,5.76921361981714,51.4272819032055,27.9743592531385,-23.452922650067,5.65165871967528,70.7692506533087,32.0119374845895,-38.7573131687192,5.48186500346139,17.6400814019617,4.78345164402708,-12.8566297579346,5.5572753550417,36.9820501520648,8.82102987547808,-28.1610202765867,5.95062049638552,19.3419687501032,4.03757823145099,-15.3043905186522,5.99931797694685
homepos,MEX,36,374.409050659029,381.788948979642,7.379898320613,4.5954491065045,405.563650687964,400.591205638874,-4.97244504909025,4.00546885958769,425.80134266346,418.606139622349,-7.1952030411108,4.62969810793771,456.722800967721,431.908972826468,-24.8138281412527,6.18584366285126,31.1546000289347,18.8022566592314,-12.3523433697033,4.75780520279109,51.3922920044308,36.817190642707,-14.5751013617238,5.69560685508746,82.3137503086915,50.1200238468259,-32.1937264618657,7.52674390117018,20.2376919754961,18.0149339834755,-2.22275799202055,4.43349403971475,51.1591502797568,31.3177671875944,-19.8413830921624,6.54793740561911,30.9214583042607,13.3028332041189,-17.6186251001419,5.72658953231198
homepos,NLD,36,399.838111795695,405.996262096856,6.1581503011609,6.87210497314778,452.419049856132,445.632406451969,-6.78664340416265,6.59484108903381,487.025004357674,460.155870579739,-26.8691337779355,5.84582846446837,506.72321494241,459.200422479438,-47.5227924629722,6.74236899269224,52.5809380604366,39.636144355113,-12.9447937053235,6.75860501873986,87.1868925619791,54.1596084828826,-33.0272840790964,7.61659272871164,106.885103146715,53.2041603825821,-53.6809427641331,8.49439566424035,34.6059545015425,14.5234641277696,-20.0824903737729,6.8537708062379,54.3041650862787,13.5680160274691,-40.7361490588095,8.27260126964963,19.6982105847362,-0.955448100300487,-20.6536586850367,7.14868922819806
homepos,NOR,36,432.030358388808,430.463030258335,-1.56732813047273,4.97571551018821,476.376622559184,458.466703067281,-17.9099194919028,4.62069076197359,496.957664067243,473.576875463411,-23.3807886038321,5.07084991917959,506.390726426112,465.339212424573,-41.0515140015391,5.70906340369011,44.3462641703762,28.0036728089462,-16.34259136143,6.1736383073819,64.9273056784355,43.1138452050762,-21.8134604733593,6.16361936450686,74.3603680373046,34.8761821662382,-39.4841858710664,7.03303400252069,20.5810415080593,15.11017239613,-5.47086911192929,6.29063163129919,30.0141038669283,6.87250935729196,-23.1415945096364,6.43344662421616,9.43306235886905,-8.23766303883804,-17.6707253977071,6.77663770355955
homepos,NZL,36,450.181039571106,458.026160949512,7.84512137840642,4.87947830194713,495.907720524502,501.797928541004,5.89020801650196,5.2566612640962,528.407976842667,518.771709641478,-9.63626720118884,5.48432950124952,534.71912744758,523.204641735515,-11.5144857120656,5.28882854808331,45.7266809533965,43.771767591492,-1.95491336190446,6.34751144007894,78.2269372715611,60.7455486919658,-17.4813885795953,6.78517998782936,84.5380878764747,65.1784807860026,-19.359607090472,6.98128582970652,32.5002563181647,16.9737811004738,-15.5264752176908,7.03858653177893,38.8114069230782,21.4067131945106,-17.4046937285676,7.24234569398688,6.31115060491356,4.4329320940368,-1.87821851087676,6.66214496315808
homepos,POL,36,443.47325709857,461.923542723333,18.450285624763,5.56519704717877,479.884249387386,484.846721384844,4.96247199745795,4.90716798831648,509.022226546349,495.468206299207,-13.5540202471415,4.94552813773139,525.807403592047,493.255402739805,-32.5520008522413,5.92161738086188,36.4109922888158,22.9231786615107,-13.487813627305,5.92241365408592,65.5489694477785,33.544663575874,-32.0043058719045,6.30964072540936,82.3341464934766,31.3318600164724,-51.0022864770043,7.24355605621955,29.1379771589628,10.6214849143633,-18.5164922445995,5.10471904876801,45.9231542046609,8.40868135496163,-37.5144728496992,6.4574212332083,16.7851770456981,-2.21280355940166,-18.9979806050998,5.70845171661464
homepos,PRT,36,433.425901287779,431.902585044901,-1.52331624287802,5.80103968228423,465.660289593601,456.549609291764,-9.11068030183674,4.55724526826461,493.150036841644,476.491203476249,-16.6588333653945,5.15433907686598,516.751219569348,487.401880475075,-29.3493390942721,5.73450801445222,32.2343883058217,24.6470242468629,-7.58736405895871,5.78586637189762,59.7241355538649,44.5886184313484,-15.1355171225164,6.48349125610074,83.3253182815687,55.4992954301747,-27.826022851394,7.49177602696346,27.4897472480432,19.9415941844855,-7.54815306355772,4.58710104746043,51.0909299757471,30.8522711833118,-20.2386587924353,6.17563003669694,23.6011827277039,10.9106769988263,-12.6905057288776,5.82666093554913
homepos,SVK,36,370.542793784092,404.378092123967,33.8352983398749,6.24101095778719,443.118676613097,454.434296808244,11.3156201951468,4.86387367943592,480.307276926173,465.476098460422,-14.8311784657515,5.46534034654224,494.419297963803,471.079163699092,-23.3401342647108,5.45829940576164,72.5758828290043,50.0562046842762,-22.5196781447281,6.47168695356214,109.76448314208,61.0980063364541,-48.6664768056264,7.22703500636489,123.87650417971,66.7010715751248,-57.1754326045857,8.04693123783905,37.1886003130762,11.0418016521779,-26.1467986608983,5.83122151633688,51.3006213507062,16.6448668908486,-34.6557544598576,6.53715254194887,14.11202103763,5.6030652386707,-8.50895579895934,5.74053910150898
homepos,SVN,36,424.839559835888,424.094973147289,-0.744586688599554,4.92890147002499,468.093751369418,455.724855608147,-12.3688957612704,4.37208226539969,488.44107263951,461.243721233928,-27.1973514055817,4.53003998327155,494.196427364668,447.949504481262,-46.246922883406,4.81631346292642,43.2541915335293,31.6298824608584,-11.6243090726708,6.17506353234483,63.6015128036215,37.1487480866393,-26.4527647169822,6.87480287058316,69.3568675287797,23.8545313339733,-45.5023361948064,7.08793655241292,20.3473212700922,5.51886562578085,-14.8284556443114,6.59380705320822,26.1026759952504,-7.77535112688514,-33.8780271221356,6.444478766591,5.75535472515821,-13.294216752666,-19.0495714778242,6.174128525542
homepos,SWE,36,425.294379812583,432.877565476787,7.58318566420417,5.46494319880108,481.875121677733,474.877130457603,-6.99799122012996,5.74486089750717,513.397118902511,487.621902374293,-25.7752165282176,5.72864066189361,532.688531266261,481.474936540823,-51.2135947254375,5.53589919692245,56.5807418651502,41.9995649808161,-14.5811768843341,6.23275422985183,88.102739089928,54.7443368975063,-33.3584021924218,6.98015884007033,107.394151453678,48.597371064036,-58.7967803896417,7.20139562406677,31.5219972247778,12.7447719166902,-18.7772253080876,5.7920517897033,50.8134095885274,6.59780608321989,-44.2156035053075,6.78036338397805,19.2914123637496,-6.14696583347029,-25.4383781972199,6.42313159237691
homepos,TUR,36,408.016070588334,438.803358982256,30.7872883939227,4.58120890748769,449.422246263472,471.058090989689,21.6358447262164,4.30164784086214,472.704344402352,487.284044967823,14.5797005654707,4.27705228014266,494.691936412691,492.284842173753,-2.4070942389381,5.38188702690671,41.4061756751386,32.2547320074323,-9.1514436677063,5.08499936137233,64.6882738140188,48.4806859855668,-16.2075878284521,5.46697040015781,86.6758658243575,53.4814831914967,-33.1943826328608,6.40374844968012,23.2820981388803,16.2259539781345,-7.05614416074576,4.6134916831476,45.269690149219,21.2267511840644,-24.0429389651545,6.06225974299111,21.9875920103387,5.00079720592993,-16.9867948044088,5.33280767572887
homepos,USA,36,452.558956934776,441.510995156163,-11.0479617786121,8.35680600646523,488.707040675564,488.660752317227,-0.0462883583371081,10.7019885132689,521.025201713699,509.181133536042,-11.8440681776571,10.3559588244445,554.764763408892,529.283751552529,-25.4810118563624,14.5744496824638,36.1480837407888,47.1497571610638,11.001673420275,10.3869867687873,68.4662447789233,67.6701383798783,-0.796106399045016,11.2589338368351,102.205806474116,87.7727563963659,-14.4330500777504,14.1998609614666,32.3181610381346,20.5203812188146,-11.79777981932,12.4990591005099,66.0577227333275,40.6229992353022,-25.4347234980253,12.6721457513881,33.739561695193,20.1026180164876,-13.6369436787053,13.477752439529
homepos,OECD,36,427.803980419108,433.390930382607,5.58694996349806,1.4176583992912,470.816709012299,465.040805330432,-5.77590368186702,1.383847808104,497.393495859398,478.610219444955,-18.7832764144427,1.39081275868799,517.056546054535,481.601586944969,-35.4549591095666,1.46451021472613,43.0127285931901,31.649874947825,-11.3628536453651,1.01851423510181,69.5895154402895,45.2192890623487,-24.3702263779408,1.10288327520413,89.2525656354267,48.210656562362,-41.0419090730647,1.21282785326498,26.5767868470994,13.5694141145237,-13.0073727325757,0.997193336323187,46.2398370422366,16.560781614537,-29.6790554276996,1.0984634473914,19.6630501951373,2.99136750001333,-16.6716826951239,1.04529488863576
homepos,OECD35,35,427.677577709674,433.541581467423,5.86400375774872,1.42966589917949,470.885747117108,465.313085703821,-5.57266141328751,1.39613743411142,497.554692969473,479.04166699323,-18.5130259762425,1.40383535294023,517.249738961284,481.970274977542,-35.2794639837416,1.48002054965558,43.2081694074342,31.771504236398,-11.4366651710362,1.04092346115026,69.8771152597986,45.5000855258074,-24.3770297339912,1.12867010444224,89.5721612516098,48.4286935101195,-41.1434677414903,1.24010612500708,26.6689458523643,13.7285812894094,-12.940364562955,1.02161647722363,46.3639918441756,16.6571892737215,-29.7068025704541,1.12501465671872,19.6950459918112,2.92860798431212,-16.7664380074991,1.07121245020888
homepos_h,AUS,36,464.720097878252,459.34850913272,-5.37158874553205,4.4439561269519,499.881340220458,495.610125782597,-4.27121443786092,4.0198308275717,514.975929796044,509.079901618873,-5.89602817717076,3.93315194632433,518.91837338487,509.471345995936,-9.44702738893369,4.05358639267182,35.1612423422058,36.2616166498769,1.10037430767113,5.07669057317011,50.2558319177921,49.7313924861534,-0.524439431638712,5.04610846220176,54.1982755066181,50.1228368632164,-4.07543864340164,5.09077631282758,15.0945895755863,13.4697758362765,-1.62481373930984,4.44718145866964,19.0370331644123,13.8612202133396,-5.17581295107277,4.65170147417341,3.942443588826,0.391444377063067,-3.55099921176293,4.7286683796829
homepos_h,AUT,36,428.89248802144,426.308128442329,-2.58435957911087,5.61349965606974,479.397280908985,467.855974894816,-11.5413060141695,5.15828557713153,508.877650100495,486.781494045697,-22.0961560547982,4.67832212677958,509.827474128375,491.06554017685,-18.7619339515247,4.71860173526469,50.5047928875449,41.5478464524862,-8.95694643505863,5.93310798423083,79.9851620790548,60.4733656033675,-19.5117964756873,6.18864965423742,80.9349861069349,64.757411734521,-16.1775743724139,6.86135643943172,29.48036919151,18.9255191508813,-10.5548500406287,5.71038029221481,30.43019321939,23.2095652820348,-7.22062793735523,6.13786592620951,0.949824027880027,4.2840461311535,3.33422210327348,5.23284349401362
homepos_h,BEL,36,427.766130147952,428.117967799548,0.351837651596668,6.40497408008142,479.843386474679,466.497159000055,-13.3462274746242,4.95420324097899,501.088999883868,487.252282105805,-13.8367177780632,4.54791905946913,510.606237699222,496.284465975372,-14.3217717238496,5.32377382050628,52.0772563267273,38.3791912005063,-13.6980651262209,6.28296417463751,73.3228697359168,59.134314306257,-14.1885554296599,7.55020878329721,82.84010755127,68.1664981758238,-14.6736093754462,7.76915168504314,21.2456134091896,20.7551231057506,-0.490490303438946,5.58979441951059,30.7628512245428,29.7873069753175,-0.975544249225322,6.08944312582084,9.51723781535321,9.03218386956684,-0.485053945786376,5.48929352691021
homepos_h,CAN,36,474.895567012613,461.533213165367,-13.3623538472457,4.18747764002147,508.883643528193,492.337078284003,-16.5465652441899,3.43803632745656,526.660035014644,511.50066955727,-15.1593654573744,3.80522094621425,526.299738014838,506.522882462089,-19.7768555527492,4.55126417035707,33.9880765155802,30.8038651186359,-3.18421139694425,4.39178990516864,51.764468002031,49.9674563919023,-1.79701161012872,5.00482112903922,51.4041710022253,44.9896692967218,-6.41450170550354,5.50058493132346,17.7763914864508,19.1635912732663,1.38719978681553,4.37841010092193,17.4160944866451,14.1858041780858,-3.23029030855929,4.7207459204483,-0.360296999805655,-4.97778709518047,-4.61749009537482,4.44828091111738
homepos_h,CHE,36,433.938377652227,430.433958257337,-3.50441939489014,5.38398372304967,473.109775137751,468.784498600806,-4.3252765369449,4.74845581805409,503.101161817667,490.844115294512,-12.2570465231543,5.29962798705622,524.88746071501,496.199097810207,-28.6883629048031,5.45342992456743,39.1713974855233,38.3505403434685,-0.820857142054763,5.61479787023152,69.1627841654394,60.4101570371752,-8.75262712826418,6.23618452603671,90.9490830627833,65.7651395528703,-25.183943509913,6.85880882906551,29.9913866799161,22.0596166937067,-7.93176998620942,5.54643437262513,51.77768557726,27.4145992094017,-24.3630863678582,5.97259644360771,21.7862988973438,5.35498251569504,-16.4313163816488,6.58574526212208
homepos_h,CHL,36,419.34818487068,406.790716463016,-12.5574684076634,5.11563453761641,446.381393806082,429.478609372978,-16.9027844331043,5.29599475634425,461.041453347388,443.134126229849,-17.9073271175387,5.55733002769397,474.663679126407,475.813700146848,1.15002102044156,5.20819728374049,27.0332089354029,22.687892909962,-4.34531602544092,5.8607585367784,41.6932684767082,36.343409766833,-5.34985870987526,6.40784918070429,55.315494255727,69.022983683832,13.707489428105,6.58345370250532,14.6600595413053,13.655516856871,-1.00454268443434,5.91641647363697,28.2822853203241,46.33509077387,18.0528054535459,5.9170692420466,13.6222257790188,32.679573916999,19.0573481379802,6.18375015956149
homepos_h,COL,36,365.960815716614,365.064291091739,-0.896524624874814,4.63941407814257,390.702640304252,387.174562228548,-3.52807807570406,4.96237242061318,423.180250148245,415.620241981605,-7.56000816664073,5.8509428655882,468.017235366843,445.921031474093,-22.0962038927501,7.03180739736309,24.7418245876382,22.1102711368089,-2.63155345082924,5.24825854859872,57.2194344316317,50.5559508898658,-6.66348354176591,6.52785906925609,102.056419650229,80.856740382354,-21.1996792678753,8.66148101393332,32.4776098439936,28.4456797530569,-4.03193009093667,5.01690689553851,77.3145950625911,58.746469245545,-18.5681258170461,7.6612647269244,44.8369852185975,30.3007894924882,-14.5361957261094,7.22405884964935
homepos_h,CZE,36,446.647734010268,427.122925167472,-19.5248088427958,4.88290513629027,489.749418303709,469.933032543202,-19.8163857605067,4.66614654638611,505.752829597985,482.274473224878,-23.4783563731062,4.80601431764651,513.221153434735,495.579959690312,-17.6411937444231,5.02718004954267,43.101684293441,42.8101073757302,-0.291576917710813,5.05126991277886,59.1050955877165,55.1515480574061,-3.9535475303104,5.86688486353655,66.5734194244668,68.4570345228395,1.88361509837273,6.30059737679557,16.0034112942755,12.3414406816759,-3.66197061259959,5.10156663991355,23.4717351310258,25.6469271471094,2.17519201608354,5.32369112276585,7.4683238367503,13.3054864654334,5.83716262868313,5.20053774456888
homepos_h,DEU,36,429.501951389644,410.999874968179,-18.5020764214653,6.89018678255865,481.231796413267,467.509226519157,-13.7225698941093,5.9633216140105,509.572690726156,498.518056687012,-11.0546340391438,6.08481115772876,519.159864529959,513.089741556962,-6.07012297299707,5.69617215926527,51.7298450236224,56.5093515509784,4.77950652735598,6.97260782697627,80.0707393365112,87.5181817188327,7.44744238232147,7.65875075311341,89.6579131403144,102.089866588783,12.4319534484682,7.80827434281718,28.3408943128889,31.0088301678543,2.66793585496549,6.56045548907308,37.928068116692,45.5805150378043,7.65244692111224,6.81845808806282,9.58717380380318,14.5716848699499,4.98451106614675,6.55852341458761
homepos_h,DNK,36,463.410967670328,433.517721545679,-29.8932461246488,5.87750621483856,492.940854607798,467.101361877604,-25.8394927301944,5.14017505892698,505.560180689004,476.040831195313,-29.5193494936913,5.33817203545271,498.749321861187,469.782054015244,-28.9672678459431,5.6788993841407,29.5298869374704,33.5836403319248,4.05375339445442,6.92846968173138,42.1492130186759,42.5231096496333,0.373896630957461,6.68835758652378,35.3383541908589,36.2643324695645,0.925978278705657,6.75358155245585,12.6193260812055,8.93946931770853,-3.67985676349696,6.62931149909249,5.80846725338847,2.68069213763971,-3.12777511574876,7.01105845318452,-6.81085882781702,-6.25877718006882,0.552081647748196,6.63769225492638
homepos_h,ESP,36,439.891528101967,421.152066435266,-18.7394616667012,4.13940695827226,472.353266039132,450.349944592765,-22.0033214463666,3.31495336164641,491.395524141717,467.385089238473,-24.0104349032431,3.17301893222166,499.962936434089,478.512252746463,-21.450683687626,3.59560969055237,32.4617379371643,29.1978781574989,-3.26385977966544,4.18977686131511,51.5039960397494,46.2330228032075,-5.27097323654192,4.12647092859841,60.0714083321223,57.3601863111974,-2.71122202092482,5.02183588850353,19.042258102585,17.0351446457086,-2.00711345687648,3.54011935003541,27.6096703949579,28.1623081536985,0.552637758740616,3.69540137125364,8.56741229237287,11.12716350799,2.5597512156171,3.67451366036383
homepos_h,EST,36,485.895147997867,471.269285874504,-14.6258621233634,4.83439235091165,508.935720813555,499.774080054068,-9.16164075948768,4.78029753440315,522.450449856582,512.155608981957,-10.2948408746248,4.60515847856079,529.910972389552,518.09677175038,-11.8142006391712,5.3128577243654,23.0405728156885,28.5047941795642,5.46422136387571,5.4724501282741,36.5553018587149,40.8863231074535,4.33102124873858,5.40270586285437,44.0158243916846,46.8274858758768,2.8116614841922,6.11762618221345,13.5147290430264,12.3815289278893,-1.13320011513713,5.5457357018235,20.9752515759962,18.3226916963127,-2.65255987968351,5.93456018994278,7.46052253296978,5.9411627684234,-1.51935976454638,5.31704719095069
homepos_h,FIN,36,461.867270822588,455.991740541147,-5.87553028144106,4.50036094997216,495.074544853175,478.720862487605,-16.3536823655704,4.32647726422937,506.07883042742,489.572619491466,-16.5062109359546,4.48697305061661,505.685859173705,486.963717083985,-18.7221420897207,4.5927481625956,33.2072740305875,22.7291219464582,-10.4781520841293,4.64227719082424,44.2115596048328,33.5808789503192,-10.6306806545135,4.97300934713444,43.8185883511178,30.9719765428382,-12.8466118082796,5.21229505946098,11.0042855742453,10.8517570038611,-0.15252857038422,5.10243392492158,10.6113143205303,8.24285459637997,-2.36845972415034,5.14739661957542,-0.392971253714961,-2.60890240748108,-2.21593115376612,5.61164662101636
homepos_h,FRA,36,424.705892102955,415.042159159174,-9.66373294378099,5.8071639101333,468.442583058155,454.756796565575,-13.6857864925802,5.42739315629857,491.884434887608,472.309958888079,-19.5744759995292,5.41925066215663,515.751488776105,496.220667923884,-19.5308208522217,5.98428066579088,43.7366909551999,39.7146374064006,-4.02205354879925,6.17325463215795,67.1785427846531,57.267799728905,-9.91074305574818,6.67599293712084,91.0455966731503,81.1785087647097,-9.86708790844068,7.60645933676243,23.4418518294532,17.5531623225043,-5.88868950694894,5.05309926209929,47.3089057179504,41.463871358309,-5.84503435964143,5.88710210213179,23.8670538884972,23.9107090358047,0.0436551473075042,5.67060492876418
homepos_h,GBR,36,463.668878202498,468.540257708147,4.87137950564852,5.15682652395234,493.43285932447,494.041615466276,0.608756141805827,4.91758373917252,509.456121592285,504.425422601254,-5.03069899103059,4.90467156267649,526.540196342883,519.496170886479,-7.04402545640437,5.7512127974426,29.7639811219718,25.5013577581291,-4.26262336384269,6.51927001798215,45.7872433897862,35.8851648931071,-9.90207849667911,6.38013328450867,62.871318140385,50.9559131783322,-11.9154049620529,7.24502641459008,16.0232622678143,10.3838071349779,-5.63945513283642,5.93812479250406,33.1073370184132,25.454555420203,-7.6527815982102,6.92708393024862,17.0840747505989,15.0707482852251,-2.01332646537378,6.20118720816418
homepos_h,GRC,36,410.018402685649,398.274135417153,-11.7442672684967,5.04867808841003,441.178516652853,426.583797641551,-14.5947190113016,5.74822464006505,451.437730892121,440.306965475407,-11.1307654167141,5.48594969820967,454.750541366608,435.881177398149,-18.8693639684594,5.92355433037741,31.1601139672036,28.3096622243987,-2.85045174280492,5.98272093342848,41.4193282064719,42.0328300582545,0.613501851782587,6.31394785003111,44.7321386809588,37.6070419809961,-7.12509669996268,6.55172769742579,10.2592142392683,13.7231678338558,3.46395359458751,5.99879340519204,13.5720247137552,9.29737975659742,-4.27464495715776,6.34059807284957,3.31281047448692,-4.42578807725835,-7.73859855174527,5.80930897716825
homepos_h,HUN,36,416.696961285621,407.075131089923,-9.6218301956979,5.57923365131472,469.429822192528,452.581697983515,-16.8481242090128,5.03984269052962,493.702824052799,470.579892217237,-23.1229318355624,4.53732422490265,514.452333333168,485.295713800911,-29.1566195322567,5.64765466497157,52.7328609069072,45.5065668935923,-7.22629401331489,6.21829034741161,77.0058627671781,63.5047611273136,-13.5011016398645,6.83218610243156,97.7553720475469,78.2205827109881,-19.5347893365588,7.56110180123214,24.2730018602709,17.9981942337213,-6.2748076265496,5.46576614698581,45.0225111406397,32.7140158173958,-12.3084953232439,6.48034764297898,20.7495092803688,14.7158215836745,-6.0336876966943,5.32025866306996
homepos_h,IRL,36,486.086684409433,466.542889431263,-19.5437949781705,4.9353763626862,511.290740337351,498.866487818826,-12.4242525185256,4.00881421783627,529.970730023471,515.449334449063,-14.5213955744078,4.42518057280516,539.615986297277,525.05183245882,-14.5641538384569,4.11250419451616,25.2040559279182,32.323598387563,7.11954245964483,5.5878280145397,43.8840456140373,48.9064450178,5.02239940376262,5.87274071100912,53.5293018878437,58.5089430275572,4.97964113971352,5.63347146642024,18.6799896861192,16.582846630237,-2.09714305588221,5.00696681503419,28.3252459599256,26.1853446399942,-2.13990131993131,4.97938716087171,9.64525627380635,9.60249800975726,-0.0427582640490982,4.93681006236657
homepos_h,ISL,36,409.67655844036,390.812363351634,-18.8641950887259,5.40549533952767,441.944877712439,433.019125605147,-8.92575210729206,5.26591416630734,448.032756049706,439.837718855938,-8.19503719376735,5.20674820223715,449.624981817546,438.156722079048,-11.4682597384977,5.37345116874461,32.2683192720794,42.2067622535133,9.93844298143387,7.72414662498384,38.3561976093459,49.0253555043045,10.6691578949586,7.27825308225108,39.9484233771858,47.344358727414,7.39593535022823,7.07150652610072,6.08787833726649,6.8185932507912,0.730714913524707,7.27528474712462,7.68010410510635,5.13759647390071,-2.54250763120564,6.98686278081179,1.59222576783986,-1.68099677689048,-3.27322254473035,7.31595184352783
homepos_h,ISR,36,419.494384818232,391.723169483442,-27.7712153347902,7.00855938625838,475.289223551699,439.649815788234,-35.6394077634652,6.88306653511861,505.344507378522,459.174431147569,-46.1700762309522,6.21815778175158,501.597673742109,463.568144287804,-38.0295294543053,7.02891390868137,55.7948387334668,47.9266463047918,-7.86819242867495,7.56085361279493,85.8501225602895,67.4512616641275,-18.398860896162,6.93636841802046,82.1032889238768,71.8449748043618,-10.258314119515,8.52909152342405,30.0552838268227,19.5246153593357,-10.530668467487,7.20160618742269,26.3084501904101,23.91832849957,-2.39012169084009,8.0599146359783,-3.74683363641265,4.3937131402343,8.14054677664694,7.34725420859783
homepos_h,ITA,36,449.969392434153,434.225622641731,-15.7437697924215,5.1479924316743,475.795010023111,472.202531629247,-3.59247839386325,4.47771355107053,497.278664670608,490.450608484354,-6.82805618625406,5.07265658697016,507.077262153621,503.62127390503,-3.45598824859104,5.25371867200568,25.8256175889578,37.976908987516,12.1512913985583,5.74434201556308,47.3092722364547,56.2249858426222,8.91571360616746,5.95219255964967,57.1078697194684,69.3956512632989,12.2877815438305,6.87540532026962,21.483654647497,18.2480768551062,-3.23557779239081,5.24356110416903,31.2822521305106,31.4187422757828,0.136490145272205,5.16160082938504,9.79859748301368,13.1706654206767,3.37206793766302,5.42486116332525
homepos_h,JPN,36,488.281480305229,477.284165689208,-10.9973146160212,7.18559919648919,519.255710064374,509.907741703809,-9.34796836056523,5.49554993913744,527.735104843667,515.953673968379,-11.781430875288,5.61383127260688,530.179967824527,516.814876079029,-13.3650917454976,6.39376063368927,30.9742297591452,32.6235760146012,1.64934625545595,6.91242469976073,39.4536245384382,38.6695082791713,-0.784116259266853,6.54755299709451,41.8984875192978,39.5307103898214,-2.36777712947639,7.8534273358265,8.47939477929299,6.04593226457018,-2.43346251472281,5.67932836497946,10.9242577601526,6.90713437522027,-4.01712338493235,6.23579203828447,2.44486298085963,0.861202110650083,-1.58366087020954,5.49367554684935
homepos_h,KOR,36,476.749992338449,472.46613326028,-4.28385907816914,6.88697878168266,513.352175950056,504.216948220618,-9.1352277294385,5.90878744397041,530.969736788779,510.790204792435,-20.1795319963445,5.68410533839812,544.516853898267,521.879706816344,-22.637147081923,6.49238148309756,36.6021836116067,31.7508149603374,-4.85136865126935,6.93232791208314,54.2197444503299,38.3240715321546,-15.8956729181754,7.09107486684943,67.7668615598176,49.4135735560638,-18.3532880037538,8.71144350220141,17.6175608387232,6.57325657181718,-11.044304266906,5.95552220597028,31.1646779482109,17.6627585957264,-13.5019193524845,6.68488231999556,13.5471171094877,11.0895020239092,-2.45761508557848,7.06029029076493
homepos_h,LTU,36,440.139868212199,437.492797273694,-2.6470709385049,4.59388452147128,473.730152911741,467.265270308451,-6.46488260328982,4.18121078093193,484.795401142654,473.542192938201,-11.2532082044528,4.11999745599809,494.201378899755,482.803495714957,-11.397883184798,4.96672636066555,33.5902846995417,29.7724730347568,-3.81781166478493,5.50909368268871,44.655532930455,36.049395664507,-8.60613726594795,5.51761360111378,54.0615106875561,45.3106984412629,-8.75081224629315,6.04625427078422,11.0652482309133,6.27692262975023,-4.78832560116302,5.3226192704727,20.4712259880143,15.5382254065061,-4.93300058150823,5.66171488351319,9.40597775710108,9.26130277675588,-0.144674980345201,5.50520123360506
homepos_h,LVA,36,445.488220966743,401.79889815271,-43.6893228140339,4.62080745421211,476.138031646982,432.011578201327,-44.1264534456546,4.74479542989071,483.773094252738,442.070912184975,-41.7021820677622,4.70882399018493,496.383348806027,447.884700691647,-48.4986481143803,4.47365361188175,30.6498106802381,30.2126800486174,-0.437130631620676,5.37312499378179,38.2848732859942,40.2720140322659,1.98714074627173,5.50729766536712,50.8951278392837,46.0858025389373,-4.80932530034636,5.55047231320131,7.6350626057561,10.0593339836485,2.42427137789241,5.10006233446971,20.2453171590456,15.8731224903199,-4.37219466872568,5.29053594280537,12.6102545532895,5.81378850667136,-6.79646604661809,5.7730733011246
homepos_h,MEX,36,381.937003444846,380.658564731927,-1.2784387129189,4.35296084317534,407.951159771846,401.087977285803,-6.86318248604334,4.25311278512681,424.665817896076,418.533810557891,-6.1320073381857,4.85540271803007,452.225856745565,435.053153589172,-17.172703156393,6.23136635761907,26.0141563269997,20.4294125538753,-5.58474377312444,4.87215876311319,42.72881445123,37.8752458259632,-4.8535686252668,5.66653627568333,70.2888533007189,54.3945888572447,-15.8942644434741,7.49685768204809,16.7146581242303,17.4458332720879,0.731175147857641,4.70126634312515,44.2746969737191,33.9651763033694,-10.3095206703497,6.62402047517838,27.5600388494889,16.5193430312816,-11.0406958182073,5.92195369315982
homepos_h,NLD,36,407.610874149319,419.167828190841,11.5569540415214,7.35516211613454,466.854065758027,451.588081155797,-15.2659846022307,5.82178949384644,486.352333574217,461.686534849165,-24.6657987250519,6.14601076006712,486.465192117123,459.172380606539,-27.292811510584,6.82324409530055,59.243191608708,32.4202529649559,-26.8229386437521,6.60985117378971,78.7414594248975,42.5187066583242,-36.2227527665733,7.87967702925215,78.8543179678038,40.0045524156983,-38.8497655521055,8.38515225630911,19.4982678161895,10.0984536933683,-9.39981412282123,6.63613783541244,19.6111263590958,7.58429945074244,-12.0268269083534,7.07534900647681,0.112858542906281,-2.51415424262586,-2.62701278553215,7.19961467432697
homepos_h,NOR,36,442.16998319235,426.394117314274,-15.7758658780757,5.05633578964838,481.090022558552,458.555537569833,-22.534484988719,5.14138600444549,499.56163233248,474.363489107776,-25.1981432247046,5.22727602399821,490.225163438503,470.666405558634,-19.5587578798684,5.38102635529128,38.9200393662026,32.1614202555593,-6.75861911064334,6.60652244091576,57.3916491401304,47.9693717935015,-9.4222773466289,6.67536339778275,48.055180246153,44.2722882443602,-3.78289200179279,6.90891947797416,18.4716097739278,15.8079515379422,-2.66365823598557,6.28264344481432,9.13514087995037,12.1108679888009,2.97572710885055,6.4273597210207,-9.33646889397738,-3.69708354914127,5.63938534483611,6.53653784857072
homepos_h,NZL,36,461.365033681962,456.964344215574,-4.40068946638866,5.02814230978798,506.262656778255,496.011685335796,-10.2509714424594,5.33685630588664,519.434728558022,521.705162481267,2.27043392324572,4.88821571326539,525.454879636956,528.644294067013,3.18941443005679,5.25731935526903,44.8976230962926,39.0473411202219,-5.85028197607073,6.56817353724788,58.0696948760591,64.7408182656935,6.67112338963437,6.73284978447064,64.0898459549933,71.6799498514387,7.59010389644544,7.13581841512822,13.1720717797665,25.6934771454716,12.5214053657051,6.18849065454503,19.1922228587007,32.6326087312169,13.4403858725162,6.8603456859885,6.02015107893419,6.93913158574526,0.918980506811067,6.45691113426645
homepos_h,POL,36,456.481335373658,458.34508630257,1.86375092891183,5.34652594026748,492.191576314184,482.585475466763,-9.6061008474216,5.04039108095172,501.471624205759,496.034095934426,-5.43752827133307,5.06720895623213,509.179315953956,501.458876748515,-7.72043920544127,5.94236303627946,35.7102409405263,24.2403891641928,-11.4698517763334,5.79988977383941,44.990288832101,37.6890096318562,-7.30127920024489,6.02723329986675,52.6979805802978,43.1137904459447,-9.58419013435309,7.40712008199339,9.28004789157478,13.4486204676633,4.16857257608854,5.54414848157926,16.9877396397716,18.8734012817519,1.88566164198033,6.48859481501423,7.70769174819679,5.42478081408859,-2.2829109341082,5.80604511305958
homepos_h,PRT,36,438.892835367878,429.021313782691,-9.87152158518649,5.52639679648161,471.571220182991,457.754518014731,-13.8167021682598,4.84472868467168,492.023547837731,476.397147439661,-15.62640039807,5.10386868299504,507.680216319078,489.911486678565,-17.7687296405131,5.46320110850504,32.6783848151131,28.7332042320398,-3.9451805830733,5.20111578236243,53.1307124698528,47.3758336569692,-5.75487881288353,6.28941654958164,68.7873809512003,60.8901728958737,-7.89720805532664,6.84659556164744,20.4523276547396,18.6426294249294,-1.80969822981024,5.34406596195681,36.1089961360872,32.1569686638338,-3.95202747225335,5.99817585931028,15.6566684813475,13.5143392389044,-2.14232924244311,5.16421447856624
homepos_h,SVK,36,393.346639302704,404.518650210897,11.1720109081925,6.31241036725815,454.013990549135,452.939438852394,-1.07455169674165,5.20929354159507,472.94795537284,466.555862643449,-6.39209272939138,5.02273039363892,481.944321806186,479.096408396363,-2.84791340982281,5.65634019097262,60.6673512464312,48.420788641497,-12.2465626049342,7.03497602232169,79.6013160701364,62.0372124325525,-17.5641036375839,7.05870289415064,88.597682503482,74.5777581854667,-14.0199243180153,8.14379008529439,18.9339648237053,13.6164237910555,-5.31754103264973,5.14760993022856,27.9303312570509,26.1569695439697,-1.77336171308116,6.56242440858303,8.9963664333456,12.5405457529142,3.54417931956857,5.99470708068809
homepos_h,SVN,36,438.635807305016,416.051014671596,-22.5847926334196,5.0614764243132,477.182953976084,452.967143590617,-24.2158103854674,4.16265153430762,481.673200010048,464.223604004095,-17.4495960059535,4.42495959061031,478.695385601124,459.496300727396,-19.1990848737278,4.8808716717925,38.5471466710683,36.9161289190205,-1.63101775204785,6.5702318649421,43.0373927050324,48.1725893324984,5.13519662746603,6.6533120063923,40.059578296108,43.4452860557997,3.38570775969174,7.26958158200405,4.49024603396407,11.256460413478,6.76621437951388,5.98092717645194,1.51243162503965,6.52915713677925,5.01672551173959,6.36787210515116,-2.97781440892442,-4.72730327669871,-1.74948886777429,6.19742417322307
homepos_h,SWE,36,437.094682321001,424.363613373338,-12.7310689476628,5.47022608822472,490.46880395392,472.460052272649,-18.0087516812714,5.62936544027496,513.243065561966,493.355235890541,-19.8878296714246,5.65493893164509,515.999001459772,489.627193590904,-26.3718078688683,5.91957386273382,53.3741216329196,48.096438899311,-5.27768273360857,6.20211674014099,76.1483832409649,68.9916225172031,-7.15676072376181,6.85648062276978,78.9043191387712,65.2635802175657,-13.6407389212055,7.73524074621091,22.7742616080453,20.8951836178921,-1.87907799015323,6.30993713690682,25.5301975058516,17.1671413182547,-8.3630561875969,6.56605063951117,2.75593589780624,-3.72804229963742,-6.48397819744366,6.69258529492144
homepos_h,TUR,36,417.343993827206,434.720448761525,17.3764549343186,4.67290965915378,450.718813162743,465.038502493135,14.3196893303918,4.23913082874277,469.750371680153,489.167665253456,19.417293573303,4.1579296804524,487.869448059585,501.468331934735,13.5988838751497,5.58181300786556,33.3748193355365,30.3180537316097,-3.05676560392681,4.95030605825798,52.4063778529471,54.4472164919314,2.04083863898433,5.53165257034782,70.5254542323791,66.7478831732101,-3.77757105916891,6.86701201359667,19.0315585174106,24.1291627603217,5.09760424291113,4.24040013748253,37.1506348968426,36.4298294416005,-0.7208054552421,6.16507964631776,18.119076379432,12.3006666812788,-5.81840969815323,5.85200648660226
homepos_h,USA,36,457.925288042773,440.234111654674,-17.6911763880986,8.31127623073495,492.560405768739,483.442629866183,-9.11777590255639,10.796982851677,527.072636349145,511.070885841092,-16.0017505080533,10.6142802009568,541.586277411136,536.527171970407,-5.05910544072913,14.4620470180785,34.6351177259662,43.2085182115084,8.57340048554221,10.8498852022144,69.1473483063725,70.8367741864179,1.68942588004535,11.9037012195865,83.6609893683631,96.2930603157326,12.6320709473695,15.7092396235284,34.5122305804063,27.6282559749095,-6.88397460549686,11.3424219507841,49.0258716423969,53.0845421042242,4.05867046182726,11.9793332788569,14.5136410619906,25.4562861293147,10.9426450673241,13.1947506045683
homepos_h,OECD,36,439.069901486185,429.149089298682,-9.92081218750292,1.42131842889398,476.906400933646,463.907249029847,-12.9991519037998,1.38710209647416,495.064277930572,479.948453323845,-15.1158246067275,1.38971168609559,504.220204946269,488.086084633197,-16.1341203130717,1.46433419014927,37.8364994474611,34.7581597311642,-3.07833971629685,1.03331143190093,55.9943764443871,50.7993640251625,-5.19501241922455,1.0926472357842,65.1503034600831,58.9369953345143,-6.2133081255688,1.23668401042346,18.157876996926,16.0412042939983,-2.1166727029277,0.975815991256513,27.3138040126221,24.1788356033501,-3.13496840927195,1.07213697786894,9.15592701569608,8.13763130935183,-1.01829570634425,1.04588432159683
homepos_h,OECD35,35,439.04642644002,429.377575666209,-9.66885077381153,1.43347618905099,477.036490502061,464.294600585192,-12.7418899168693,1.39935970061277,495.169099467397,480.307406583427,-14.8616928839699,1.40236430224402,504.341841189474,488.359622687103,-15.9822185023704,1.47973329235389,37.9900640620409,34.9170249189831,-3.07303914305777,1.05607170044057,56.1226730273767,50.9298309172184,-5.19284211015832,1.11766451180982,65.2954147494536,58.9820470208947,-6.31336772855889,1.26389975030978,18.1326089653358,16.0128059982353,-2.11980296710055,0.99858699804819,27.3053506874127,24.0650221019116,-3.24032858550112,1.09770339364575,9.17274172207686,8.0522161036763,-1.12052561840056,1.07063157851301
books_h,AUS,36,447.092471510644,442.475700785033,-4.61677072561059,3.82117634895055,495.440678449978,490.990986676811,-4.44969177316688,3.97915883708403,513.912551910707,507.421983976258,-6.49056793444902,3.91517393895803,541.669495731249,532.58971387298,-9.07978185826892,4.33246733466971,48.3482069393339,48.5152858917776,0.167078952443717,4.6162417208623,66.8200804000629,64.9462831912245,-1.87379720883843,4.63642770134537,94.577024220605,90.1140130879467,-4.46301113265832,5.08919246864778,18.4718734607289,16.4309972994468,-2.04087616128214,4.60073830589355,46.2288172812711,41.598727196169,-4.63009008510204,4.89240967993691,27.7569438205421,25.1677298967222,-2.5892139238199,4.75352696134374
books_h,AUT,36,415.181488863104,406.063099369181,-9.11838949392364,5.28625072131004,474.780073717039,463.566515297345,-11.2135584196945,5.19767771385379,502.189633393718,488.976098544249,-13.2135348494689,4.12307626392766,533.515726081948,512.647849977654,-20.8678761042939,4.89236919760459,59.5985848539352,57.5034159281643,-2.09516892577085,5.93318661852861,87.0081445306133,82.912999175068,-4.0951453555453,6.01444098948258,118.334237218844,106.584750608474,-11.7494866103703,6.38205451845676,27.4095596766782,25.4095832469037,-1.99997642977445,5.48534329478788,58.7356523649087,49.0813346803093,-9.65431768459945,6.0817296625018,31.3260926882306,23.6717514334056,-7.654341254825,5.40930211022104
books_h,BEL,36,415.358489864008,407.329148986639,-8.02934087736918,5.17215791016888,470.755454306855,463.410734351511,-7.34471995534409,5.56719414366159,504.854966173175,491.192392926649,-13.6625732465261,4.4839593964783,528.218062106364,513.226052100197,-14.992010006167,4.94029067432546,55.3969644428464,56.0815853648715,0.68462092202509,5.79233200294275,89.4964763091665,83.8632439400096,-5.63323236915687,6.00436293790102,112.859572242356,105.896903113558,-6.96266912879781,6.26092751066513,34.0995118663201,27.7816585751382,-6.31785329118196,6.41523992074348,57.4626077995095,49.8153177486866,-7.6472900508229,6.16753949984511,23.3630959331894,22.0336591735484,-1.32943675964094,5.74280775732968
books_h,CAN,36,463.559480291578,452.104350770134,-11.4551295214437,3.92971258445652,508.01823636632,488.489496227266,-19.5287401390539,3.42930248749743,522.504607434494,508.033801920322,-14.4708055141715,3.64032645467469,543.630691032471,522.368650361253,-21.2620406712174,4.43307186357054,44.4587560747415,36.3851454571313,-8.0736106176102,4.30504916998144,58.9451271429157,55.929451150188,-3.01567599272778,4.54755980381219,80.0712107408926,70.2642995911189,-9.80691114977367,5.24606873849493,14.4863710681743,19.5443056930567,5.05793462488242,4.02209516802802,35.6124546661511,33.8791541339876,-1.73330053216347,4.4904431125309,21.1260835979768,14.334848440931,-6.79123515704589,4.63235287122762
books_h,CHE,36,418.67085896405,411.646853913957,-7.02400505009263,4.87121671724633,473.610939939681,461.101564317247,-12.5093756224337,4.90516771555461,502.586563373103,490.957439402741,-11.629123970362,4.88549811732816,540.233872834933,521.767131198481,-18.4667416364518,5.53656077469928,54.9400809756314,49.4547104032903,-5.48537057234103,5.57097183473972,83.915704409053,79.3105854887837,-4.60511892026938,5.9348486743578,121.563013870883,110.120277284524,-11.4427365863592,6.98096771242955,28.9756234334217,29.8558750854933,0.88025165207165,5.42475298815207,66.622932895252,60.6655668812338,-5.95736601401819,6.23831393953417,37.6473094618303,30.8096917957405,-6.83761766608984,5.93465203068128
books_h,CHL,36,410.114269710346,405.28725573064,-4.82701397970635,5.18909295752383,436.943713523541,428.703349641406,-8.24036388213449,5.29373500734151,462.402302627931,446.170876809946,-16.231425817985,4.96608955155375,490.07600750704,472.397600435109,-17.6784070719317,5.18770330297525,26.8294438131946,23.4160939107665,-3.41334990242814,5.8054984771495,52.2880329175851,40.8836210793064,-11.4044118382787,5.90688276059242,79.961737796694,67.1103447044687,-12.8513930922254,6.52165572115101,25.4585891043905,17.46752716854,-7.99106193585055,5.55444488502029,53.1322939834994,43.6942507937022,-9.43804318979721,5.42616756692135,27.6737048791089,26.2267236251623,-1.44698125394666,5.36000419744281
books_h,COL,36,371.918876145283,368.381433451111,-3.53744269417228,4.91683326775477,396.476556618089,392.108492180647,-4.36806443744229,5.58215180474994,417.691150380038,409.466420947335,-8.22472943270236,5.73193333925362,456.960752175428,439.200367818575,-17.7603843568529,6.386424382533,24.5576804728055,23.7270587295355,-0.830621743270001,5.82643901529259,45.7722742347544,41.0849874962243,-4.68728673853008,5.57462119457282,85.0418760301445,70.818934367464,-14.2229416626806,6.61202088625596,21.2145937619489,17.3579287666888,-3.85666499526008,5.25393265665462,60.484195557339,47.0918756379285,-13.3923199194106,7.02179388237957,39.2696017953901,29.7339468712397,-9.53565492415049,6.27250132067668
books_h,CZE,36,423.370688407321,409.520316438103,-13.8503719692182,5.08834555113613,485.347270040364,466.240913013864,-19.1063570265005,4.79457862776359,509.219196139076,485.571057275841,-23.6481388632354,4.78406636439096,536.92720965601,512.242220892639,-24.6849887633705,5.59432237828874,61.9765816330435,56.7205965757611,-5.25598505728232,5.70881161099206,85.8485077317553,76.0507408377381,-9.79776689401717,6.13384729886034,113.556521248689,102.721904454537,-10.8346167941523,7.36173586135048,23.8719260987118,19.330144261977,-4.54178183673486,4.96530146011605,51.5799396156454,46.0013078787754,-5.57863173686997,6.60324341022887,27.7080135169336,26.6711636167985,-1.03684990013511,6.28293398176183
books_h,DEU,36,410.503300384171,398.407182128797,-12.0961182553744,6.14617925980738,476.856884576253,457.755588914131,-19.1012956621215,5.06362512669333,508.334120297304,497.52469286778,-10.809427429524,5.36196698978171,542.551040814074,533.18468403908,-9.36635677499487,5.80717376774276,66.3535841920813,59.3484067853343,-7.00517740674707,6.05173992881288,97.8308199131321,99.1175107389825,1.28669082585037,7.05818161716729,132.047740429903,134.777501910282,2.72976148037952,7.69553348979576,31.4772357210508,39.7691039536483,8.29186823259744,5.54306764949955,65.6941562378216,75.4290951249482,9.73493888712659,6.31434490432988,34.2169205167708,35.6599911712999,1.44307065452915,6.10611502812171
books_h,DNK,36,443.574598561923,417.333138605081,-26.2414599568423,4.61212097202052,485.55881853184,457.753474808152,-27.8053437236878,5.19753371127067,503.572458441181,476.739608314004,-26.8328501271775,4.94717645241397,528.166051865367,494.312527270553,-33.853524594814,5.35674055891746,41.9842199699172,40.4203362030717,-1.56388376684555,6.07222965071196,59.9978598792583,59.4064697089231,-0.591390170335217,6.03633735200692,84.5914533034444,76.9793886654727,-7.61206463797169,6.2707939991849,18.0136399093411,18.9861335058514,0.972493596510333,5.61347898531605,42.6072333335272,36.559052462401,-6.04818087112614,6.61509293517025,24.5935934241861,17.5729189565496,-7.02067446763647,6.22128756434535
books_h,ESP,36,426.737297351669,409.492568064589,-17.2447292870802,3.92381849542652,471.293555253956,451.564746099385,-19.728809154571,3.37466614000924,490.658750419505,469.44289268329,-21.2158577362151,3.27346252534618,514.562032867734,486.422111804865,-28.1399210628686,3.4499522876687,44.5562579022869,42.0721780347962,-2.48407986749072,3.869842454472,63.9214530678365,59.9503246187016,-3.97112844913482,4.35974182577357,87.8247355160652,76.9295437402768,-10.8951917757884,4.39655583723839,19.3651951655496,17.8781465839054,-1.4870485816441,3.93350087829871,43.2684776137783,34.8573657054806,-8.41111190829764,4.25622804293439,23.9032824482287,16.9792191215752,-6.92406332665354,3.6890852142768
books_h,EST,36,467.428702872691,455.013093982617,-12.4156088900743,4.87353779932405,505.102053657137,495.033502822932,-10.068550834205,4.41465583883017,523.230407229888,514.856818104349,-8.37358912553896,4.46499628703566,551.335043398811,536.295276180433,-15.0397672183775,4.84514144433942,37.6733507844461,40.0204088403154,2.3470580558693,5.50542431981335,55.8017043571962,59.8437241217316,4.04201976453533,5.43398469063883,83.9063405261193,81.2821821978161,-2.62415832830322,5.790866639748,18.1283535727501,19.8233152814162,1.69496170866603,4.92778222492146,46.2329897416732,41.2617733575007,-4.97121638417252,5.60650140558668,28.1046361689231,21.4384580760845,-6.66617809283855,5.18130348186785
books_h,FIN,36,445.48285040768,431.049589628473,-14.4332607792078,4.80385468560359,487.438104088406,474.733468682224,-12.704635406182,4.30197185056279,506.659313735179,490.216682296873,-16.4426314383059,4.19447832218287,530.690953694231,514.218983408194,-16.4719702860373,4.77570002228458,41.9552536807257,43.6838790537515,1.72862537302586,5.73232048914813,61.1764633274989,59.1670926684009,-2.00937065909801,5.4676254191042,85.2081032865506,83.1693937797212,-2.03870950682943,6.00358082751752,19.2212096467732,15.4832136146493,-3.73799603212387,5.012837692305,43.252849605825,39.4855147259697,-3.7673348798553,5.45506973638409,24.0316399590517,24.0023011113203,-0.0293388477314238,5.19214036063548
books_h,FRA,36,404.101253153761,396.090144773968,-8.01110837979246,5.15705586015858,462.55040923331,450.375620161181,-12.1747890721289,4.96762931177389,497.631861881279,483.210455309632,-14.4214065716463,5.31787337111742,535.824165784012,507.311048675884,-28.5131171081278,5.6305519259586,58.4491560795494,54.2854753872129,-4.16368069233647,5.4233523717654,93.5306087275178,87.120310535664,-6.41029819185383,6.49571787460871,131.722912630251,111.220903901915,-20.5020087283353,6.52418088838383,35.0814526479684,32.8348351484511,-2.24661749951736,5.68001146566349,73.2737565507014,56.9354285147026,-16.3383280359989,5.93395851500046,38.192303902733,24.1005933662515,-14.0917105364815,5.55129374367844
books_h,GBR,36,440.793951225241,447.82590596498,7.03195473973938,4.22566894022042,487.097544203537,489.058488075266,1.960943871729,4.30144966629876,514.406591919765,510.366597203713,-4.039994716053,4.59947634450046,549.548252166171,539.61920785426,-9.92904431191016,5.51441615644029,46.3035929782963,41.2325821102859,-5.07101086801038,5.37559825042702,73.6126406945244,62.540691238732,-11.0719494557924,5.72544978624575,108.754300940929,91.7933018892799,-16.9609990516495,6.48147692843717,27.3090477162281,21.3081091284461,-6.000938587782,5.09587461408481,62.4507079626332,50.560719778994,-11.8899881836392,6.15176768361904,35.1416602464051,29.2526106505479,-5.88904959585716,6.26614564989349
books_h,GRC,36,395.368133023938,381.490277831752,-13.8778551921863,5.50829603477029,432.816655905448,415.37484561194,-17.4418102935082,4.76969940410828,452.138715097278,440.864266693351,-11.2744484039276,4.61568654848285,475.875846728194,461.143442490512,-14.7324042376825,5.95117554764713,37.4485228815094,33.8845677801875,-3.56395510132188,5.28889313081866,56.7705820733398,59.3739888615984,2.60340678825867,5.88273920943337,80.5077137042557,79.6531646587595,-0.854549045496242,6.6610782778928,19.3220591918304,25.4894210814109,6.16736188958055,5.04338080247079,43.0591908227463,45.7685968785719,2.70940605582564,5.72920328490183,23.7371316309159,20.279175797161,-3.45795583375491,5.78343762739598
books_h,HUN,36,396.126108247793,387.779534602839,-8.34657364495416,5.39039102041734,467.645503403479,450.105604913971,-17.5398984895082,4.39361373997931,500.214097904721,477.661966351242,-22.5521315534796,4.81403437666657,528.002983739548,496.439013842331,-31.5639698972169,5.75683498926623,71.5193951556865,62.3260703111325,-9.19332484455401,6.35787843000091,104.087989656929,89.8824317484031,-14.2055579085254,6.88501017415516,131.876875491755,108.659479239492,-23.2173962522628,7.60240780623891,32.568594501242,27.5563614372706,-5.01223306397139,5.32508927494101,60.3574803360682,46.3334089283595,-14.0240714077087,6.36348097671106,27.7888858348262,18.7770474910889,-9.01183834373734,5.50693801772327
books_h,IRL,36,464.273052210237,450.134285651988,-14.1387665582483,4.55231650668693,513.056129702182,494.954613885927,-18.1015158162553,3.6170247267578,531.015842023984,518.820381061807,-12.1954609621773,3.96949277028777,558.762243184712,542.460598551571,-16.3016446331412,4.23160786667207,48.7830774919453,44.8203282339383,-3.96274925800702,4.86116864579312,66.7427898137476,68.6860954098186,1.94330559607096,5.29680536357834,94.4891909744758,92.3263128995828,-2.16287807489294,5.55008746202113,17.9597123218023,23.8657671758803,5.90605485407798,4.57423472901559,45.7061134825305,47.5059846656445,1.79987118311408,5.05853501380767,27.7464011607282,23.6402174897643,-4.1061836709639,4.79975373170832
books_h,ISL,36,391.648048991116,376.905618265747,-14.7424307253692,5.01205852240197,430.1713285849,420.247063528259,-9.92426505664099,5.28592865260073,454.50470610613,439.321080414018,-15.1836256921117,5.53319356074925,472.066217747097,464.913438376073,-7.15277937102337,5.33603060995105,38.5232795937839,43.3414452625121,4.81816566872823,7.01685708187304,62.8566571150142,62.4154621482717,-0.441194966742501,7.15936613647685,80.418168755981,88.0078201103269,7.58965135434585,7.46133302437003,24.3333775212303,19.0740168857596,-5.25936063547073,7.1017154204641,41.8948891621971,44.6663748478147,2.77148568561762,7.39400895562532,17.5615116409668,25.5923579620551,8.03084632108835,7.74236438468073
books_h,ISR,36,411.455301108798,382.156691043118,-29.2986100656797,6.20335905870202,467.799930065076,436.753298342077,-31.046631722999,5.76410446299994,500.385146705744,467.897944283972,-32.4872024217723,6.5635962435598,526.103301907214,488.051162985892,-38.0521389213222,7.52211314621594,56.3446289562775,54.5966072989582,-1.74802165731933,6.12128839406367,88.9298455969459,85.7412532408533,-3.18859235609261,7.92002328965198,114.648000798416,105.894471942774,-8.75352885564257,9.13655083454535,32.5852166406684,31.1446459418951,-1.44057069877329,6.78664848920151,58.3033718421387,51.2978646438155,-7.00550719832324,8.08233632830551,25.7181552014704,20.1532187019204,-5.56493649954996,8.30916494918916
books_h,ITA,36,436.107768442189,423.561855151829,-12.5459132903601,4.61705957845699,479.321269603038,471.098294048028,-8.22297555501069,4.75989816545207,496.08672368131,490.729999499063,-5.35672418224692,4.783292639354,517.942162144923,515.13244106059,-2.80972108433275,5.39935250792067,43.213501160849,47.5364388961985,4.32293773534946,5.23518015552582,59.9789552391202,67.1681443472334,7.18918910811323,5.84492955275507,81.8343937027336,91.570585908761,9.7361922060274,6.4856340115512,16.7654540782712,19.6317054510349,2.86625137276377,5.08253841003438,38.6208925418845,44.0341470125625,5.41325447067794,5.5994874188886,21.8554384636134,24.4024415615276,2.54700309791417,5.6741897783428
books_h,JPN,36,477.854493108891,463.646040314915,-14.2084527939763,6.70404527134637,515.736459992582,506.205886628475,-9.53057336410706,5.58417567131137,530.556757936802,517.406662657016,-13.1500952797852,5.648979118524,541.0893280133,533.156018469391,-7.93330954390876,6.09989775961412,37.8819668836915,42.5598463135607,4.67787942986922,6.4791374825554,52.7022648279108,53.7606223421019,1.05835751419107,6.92588722201779,63.2348349044092,69.5099781544767,6.27514325006752,7.11957145753882,14.8202979442193,11.2007760285412,-3.61952191567815,5.52771267531372,25.3528680207177,26.950131840916,1.59726382019829,5.25501841743658,10.5325700764984,15.7493558123748,5.21678573587644,5.23325343053642
books_h,KOR,36,468.913512106924,470.831795992512,1.91828388558747,7.40595525966495,515.295175035012,499.116221838055,-16.1789531969578,7.95846764954479,533.257482733778,513.175243398251,-20.0822393355273,5.54158227581428,545.643722877582,525.417469236673,-20.2262536409085,6.02321123143882,46.3816629280879,28.2844258455426,-18.0972370825452,10.0200586614716,64.3439706268534,42.3434474057386,-22.0005232211148,7.6575112291515,76.7302107706572,54.5856732441613,-22.1445375264959,8.28104973605642,17.9623076987656,14.059021560196,-3.90328613856957,7.63295631630108,30.3485478425694,26.3012473986187,-4.04730044395069,8.82810128974933,12.3862401438038,12.2422258384227,-0.14401430538112,6.11407356992222
books_h,LTU,36,424.014877239877,424.600843254487,0.585966014609994,4.45151640552174,463.807627049656,458.826313813876,-4.98131323578002,4.06927810263731,489.201092767739,481.170015272159,-8.03107749558075,3.91551368814225,514.30403676699,495.14279420399,-19.1612425630004,5.04797763138343,39.7927498097795,34.2254705593895,-5.56727925039002,5.60487967965457,65.1862155278628,56.569172017672,-8.61704351019074,5.26393344602906,90.2891595271136,70.5419509495032,-19.7472085776104,6.23437443319685,25.3934657180832,22.3437014582825,-3.04976425980072,4.83491987335445,50.4964097173341,36.3164803901137,-14.1799293272204,5.74607176181648,25.1029439992508,13.9727789318312,-11.1301650674197,5.55910743538486
books_h,LVA,36,434.401411515075,390.618824720224,-43.782586794851,4.89563319162485,471.254199990703,423.85859489257,-47.3956050981329,4.82359848347331,487.885033336529,443.252727861866,-44.6323054746634,4.19602043026592,508.16621272312,466.264167265705,-41.9020454574147,4.52577396003833,36.8527884756278,33.239770172346,-3.61301830328188,5.63869091764932,53.4836218214539,52.6339031416416,-0.849718679812384,5.62353563928533,73.7648012080449,75.6453425454812,1.88054133743628,5.24279700409129,16.6308333458261,19.3941329692956,2.76329962346949,5.10436750034348,36.9120127324171,42.4055723731352,5.49355964071816,5.59114875805513,20.281179386591,23.0114394038396,2.73026001724867,5.6036000729357
books_h,MEX,36,392.046906406656,379.870864048022,-12.1760423586345,3.99168810907351,403.831855953132,398.446749189812,-5.38510676332089,4.20807380530914,422.068721437398,416.478092434548,-5.59062900285034,4.90281930584131,445.309768508099,438.948262058273,-6.36150644982615,6.21892441749758,11.7849495464761,18.5758851417897,6.79093559531361,4.3468728628286,30.0218150307418,36.607228386526,6.58541335578417,4.89309057561491,53.2628621014428,59.0773980102512,5.81453590880835,6.92749423749814,18.2368654842657,18.0313432447363,-0.205522239529444,4.8327458514816,41.4779125549667,40.5015128684614,-0.97639968650526,7.00850955670829,23.241047070701,22.4701696237252,-0.770877446975817,5.43275689062107
books_h,NLD,36,392.108395135797,382.80548566347,-9.30290947232692,7.09401271564237,451.830942655807,436.45649339474,-15.3744492610671,6.47770546059537,488.484084297507,465.331936063225,-23.152148234282,5.72430421097253,514.414066171415,488.008734059602,-26.4053321118129,6.58028500004071,59.7225475200104,53.6510077312703,-6.07153978874015,6.95901657024138,96.3756891617106,82.5264503997555,-13.8492387619551,7.51756115775522,122.305671035618,105.203248396132,-17.102422639486,8.82152660101709,36.6531416417001,28.8754426684852,-7.77769897321497,6.70820479045559,62.583123515608,51.5522406648622,-11.0308828507458,8.43986916557944,25.9299818739078,22.676797996377,-3.25318387753083,7.04213439852086
books_h,NOR,36,422.807402658244,411.245832157197,-11.5615705010462,4.49656385348036,472.197015349063,449.561676694628,-22.6353386544348,4.8033927639133,503.300222366819,474.821012130645,-28.4792102361737,4.68370234139255,515.177429308223,494.394357183094,-20.7830721251282,5.2621704269088,49.3896126908193,38.3158445374308,-11.0737681533885,5.81157040289039,80.4928197085749,63.5751799734474,-16.9176397351275,5.51100120221144,92.3700266499789,83.1485250258969,-9.22150162408201,6.36331067698501,31.1032070177556,25.2593354360166,-5.84387158173894,5.7668348933656,42.9804139591595,44.8326804884661,1.85226652930652,6.1862747284679,11.877206941404,19.5733450524494,7.69613811104546,6.23428555222514
books_h,NZL,36,446.559020593503,441.946875260261,-4.61214533324215,4.92807949355535,501.36208432118,498.928000162484,-2.43408415869533,5.80506338399064,518.557888882568,515.347281902867,-3.21060697970029,5.12401680515009,545.567202448033,547.435791351609,1.86858890357564,5.18490671329215,54.8030637276766,56.9811249022234,2.17806117454683,7.35836780850678,71.9988682890647,73.4004066426066,1.40153835354187,6.79629242215143,99.0081818545301,105.488916091348,6.4807342368178,6.80712268970096,17.1958045613882,16.4192817403832,-0.77652282100496,7.21387965198684,44.2051181268536,48.5077911891245,4.30267306227097,7.44403181549032,27.0093135654654,32.0885094487413,5.07919588327593,6.52033172372294
books_h,POL,36,439.860453385897,429.114045432586,-10.7464079533107,5.75399650559777,479.473912028426,477.84561962271,-1.62829240571529,5.0035741429505,507.476190110661,501.750403566458,-5.72578654420278,4.64140258153071,533.217154474461,529.00613758424,-4.21101689022032,5.75528767661354,39.6134586425289,48.7315741901244,9.11811554759544,5.96571986642412,67.6157367247639,72.6363581338719,5.02062140910795,6.47663580639101,93.3567010885641,99.8920921516545,6.5353910630904,7.82437870965667,28.002278082235,23.9047839437475,-4.09749413848749,5.33452863587934,53.7432424460351,51.1605179615301,-2.58272448450504,6.4769638683701,25.7409643638002,27.2557340177826,1.51476965398246,6.17302071876367
books_h,PRT,36,425.268126943922,414.596311475228,-10.6718154686945,5.36897450507678,467.916537384323,452.501045373526,-15.415492010797,4.82099415034704,494.081648503647,482.799375163993,-11.2822733396542,4.35250157290487,522.642031493712,503.128328280927,-19.5137032127859,4.95460557987961,42.6484104404004,37.9047338982979,-4.74367654210249,5.06502513501351,68.8135215597249,68.2030636887652,-0.610457870959749,5.44447086442957,97.3739045497903,88.532016805699,-8.84188774409137,6.2375376384714,26.1651111193245,30.2983297904672,4.13321867114274,5.2665313709811,54.7254941093899,50.627282907401,-4.09821120198887,5.95316768793534,28.5603829900654,20.3289531169338,-8.23142987313162,5.1436689231098
books_h,SVK,36,368.737362704035,377.822775361343,9.0854126573081,5.88203208444273,445.577265951901,449.114017243876,3.53675129197569,4.84473660738603,478.087353501019,469.870641713692,-8.21671178732697,4.95887304325964,498.829919249171,499.107587590095,0.277668340923697,5.56824234597346,76.8399032478658,71.2912418825334,-5.54866136533241,6.77951831285832,109.349990796985,92.0478663523495,-17.3021244446351,6.75137986754033,130.092556545136,121.284812228752,-8.8077443163844,7.90311492984123,32.5100875491188,20.7566244698161,-11.7534630793027,5.45144739445494,53.2526532972702,49.9935703462182,-3.25908295105199,6.05717305257291,20.7425657481514,29.2369458764021,8.49438012825067,6.35140353406876
books_h,SVN,36,416.813161632833,391.895398072208,-24.917763560625,3.79259361863345,464.071313019143,446.758835835369,-17.3124771837747,4.64335644928188,486.906954180808,464.4149861925,-22.4919679883084,4.07883618876771,508.517585872713,487.298257768942,-21.219328103771,4.48338946838131,47.2581513863101,54.8634377631604,7.6052863768503,5.72685139842742,70.0937925479751,72.5195881202917,2.42579557231659,5.31295981422837,91.7044242398793,95.4028596967332,3.69843545685393,5.5448909358836,22.835641161665,17.6561503571313,-5.17949080453371,6.12447628353986,44.4462728535692,40.5394219335728,-3.90685091999637,6.09065013905454,21.6106316919042,22.8832715764415,1.27263988453734,6.12059847116805
books_h,SWE,36,423.705056644264,406.328787639891,-17.3762690043729,5.71041605958063,483.300046753738,458.789878285251,-24.5101684684876,5.26646960351487,506.36523237399,490.575835593687,-15.7893967803033,4.96886715909135,541.09986375019,522.317769548236,-18.782094201954,5.38118770698762,59.5949901094741,52.4610906453595,-7.13389946411462,6.39608379367436,82.6601757297258,84.2470479537955,1.58687222406968,6.80835124343643,117.394807105926,115.988981908345,-1.40582519758107,7.38939112829334,23.0651856202517,31.785957308436,8.7207716881843,6.42315387171126,57.7998169964517,63.5278912629852,5.72807426653355,6.23576854760003,34.7346313762,31.7419339545493,-2.99269742165075,5.91052104658245
books_h,TUR,36,407.734620249535,426.211712631306,18.4770923817711,4.63163195753987,447.650360022364,467.870973380239,20.220613357875,4.03402488422792,473.001747799265,486.885642674206,13.8838948749408,3.9761590359454,496.54270903431,508.759292848488,12.2165838141785,4.4083323198085,39.9157397728288,41.6592607489328,1.74352097610398,4.63863830243183,65.2671275497297,60.6739300428994,-4.59319750683028,5.15650672217056,88.8080887847744,82.5475802171818,-6.26050856759258,5.67832681527806,25.3513877769009,19.0146692939666,-6.33671848293426,4.35898921158888,48.8923490119456,40.8883194682491,-8.00402954369656,4.74632450771526,23.5409612350447,21.8736501742824,-1.6673110607623,4.8480019932201
books_h,USA,36,440.85291655164,423.817243676418,-17.0356728752219,7.79276803798844,489.234249324257,478.614203369592,-10.6200459546646,8.47798987596027,526.893385952639,516.818139604894,-10.0752463477447,13.3805486589937,560.43141699238,550.738255842791,-9.69316114958963,12.1824059926917,48.3813327726166,54.7969596931739,6.41562692055732,9.55513524730324,86.0404694009985,93.0008959284757,6.96042652747718,13.8883146818258,119.57850044074,126.921012166373,7.34251172563228,13.1814711882066,37.6591366283819,38.2039362353018,0.544799606919867,12.0972786033214,71.1971676681237,72.1240524731987,0.926884805074963,10.5602511594607,33.5380310397418,33.9201162378969,0.382085198155096,11.0499554777029
books_h,OECD,36,424.45957518374,413.761135578907,-10.698439604833,1.39007799340295,471.683893183381,458.953199203466,-12.7306939799153,1.3732477071449,496.12009730713,481.820595919901,-14.299501387229,1.38541206309978,522.044848912534,505.418520735811,-16.6263281767236,1.43517148779649,47.2243179996413,45.192063624559,-2.03225437508229,1.0055893419372,71.6605221233902,68.0594603409942,-3.60106178239596,1.07053403894829,97.5852737287945,91.6573851569038,-5.92788857189061,1.16564930482761,24.4362041237489,22.8673967164352,-1.56880740731367,0.972397543305881,50.3609557291532,46.4653215323448,-3.89563419680832,1.06668615451134,25.9247516054043,23.5979248159096,-2.32682678949465,1.00960217218704
books_h,OECD35,35,424.394497407513,413.883094650744,-10.5114027567688,1.40119708684953,471.69504569565,459.164297863582,-12.5307478320679,1.38471007568433,496.276135789633,482.174244583804,-14.1018912058292,1.39766716509855,522.258643656671,505.961275276695,-16.2973683799767,1.44947923816261,47.3005482881371,45.281203212838,-2.0193450752991,1.0283937869148,71.8816383821202,68.2911499330597,-3.59048844906044,1.09405239803236,97.8641462491582,92.0781806259503,-5.78596562320792,1.19235494508575,24.5810900939831,23.0099467202218,-1.57114337376134,0.993846134277321,50.5635979610211,46.7969774131123,-3.76662054790882,1.09040281017339,25.982507867038,23.7870306928905,-2.19547717414747,1.0330849280566
escs_cc,AUS,36,458.975684854214,465.150881520418,6.17519666620387,3.88291591820231,487.986239082664,492.925614268229,4.93937518556453,3.83707857561189,521.797009154006,523.368975991845,1.571966837839,4.07804935717966,552.903572440489,533.243755252108,-19.659817188381,4.18554076816106,29.0105542284502,27.7747327478109,-1.23582148063934,5.1999449123087,62.8213242997922,58.2180944714273,-4.60322982836487,4.94355001278245,93.9278875862756,68.0928737316907,-25.8350138545849,5.05272521742792,33.810770071342,30.4433617236164,-3.36740834772553,4.74838322706036,64.9173333578253,40.3181409838798,-24.5991923739455,4.84285536857137,31.1065632864834,9.87477926026338,-21.23178402622,4.57301711443142
escs_cc,AUT,36,438.939244076592,440.361745631632,1.4225015550395,5.14078945441963,472.175555704103,471.888730114919,-0.286825589184502,4.77412044868753,509.889497039557,494.344138687396,-15.5453583521619,4.46123095218609,542.805134238637,520.511196047748,-22.2939381908894,4.583662172177,33.2363116275109,31.5269844832869,-1.70932714422401,6.03496760057219,70.9502529629652,53.9823930557637,-16.9678599072014,5.61992690683691,103.865890162045,80.1494504161162,-23.7164397459289,6.31462916937548,37.7139413354543,22.4554085724769,-15.2585327629774,5.45892359995701,70.6295785345343,48.6224659328294,-22.0071126017049,5.4478316870042,32.91563719908,26.1670573603525,-6.74857983872749,5.02717158053188
escs_cc,BEL,36,433.503356899784,449.864094500429,16.3607376006455,5.08140513540161,469.615574196649,482.257836841846,12.642262645197,4.49143635884755,508.788755194497,510.553378566309,1.76462337181238,4.51291705379796,543.665933237253,524.26900756311,-19.3969256741439,5.17965155045002,36.1122172968655,32.3937423414171,-3.71847495544847,5.41877581467192,75.2853982947132,60.68928406588,-14.5961142288331,6.13096494742569,110.16257633747,74.4049130626802,-35.7576632747894,6.78712124311315,39.1731809978476,28.295541724463,-10.8776392733847,4.97713385360474,74.050359040604,42.0111707212631,-32.0391883193409,6.41895720026236,34.8771780427564,13.7156289968002,-21.1615490459562,5.7472440459025
escs_cc,CAN,36,480.784389721501,473.753598243497,-7.03079147800344,3.82064435747709,504.094686242018,502.901194106704,-1.19349213531501,3.46623897257512,528.241428913341,525.157699805078,-3.08372910826233,3.53651023289641,550.492955211438,525.746386392605,-24.7465688188329,4.72437355193701,23.3102965205179,29.1475958632063,5.83729934268843,4.42188904322677,47.4570391918401,51.4041015615812,3.9470623697411,4.61960913030717,69.7085654899371,51.9927881491076,-17.7157773408294,5.21447328163139,24.1467426713222,22.2565056983749,-1.89023697294732,4.36866271570459,46.3982689694192,22.8451922859014,-23.5530766835179,5.25062874084368,22.251526298097,0.588686587526468,-21.6628397105706,4.69596235555152
escs_cc,CHE,36,433.81880188027,448.833504405584,15.0147025253144,5.16216178111312,474.289915068412,476.419300901526,2.12938583311455,4.87705450235433,511.008154930691,504.706484126414,-6.30167080427646,5.00703728513627,552.609780621562,529.14172137682,-23.4680592447428,5.32915441004259,40.4711131881419,27.5857964959421,-12.8853166921999,5.77074855708923,77.1893530504212,55.8729797208304,-21.3163733295909,6.06683106733199,118.790978741293,80.3082169712354,-38.4827617700572,7.07291424262139,36.7182398622793,28.2871832248883,-8.43105663739101,5.95964173754554,78.3198655531507,52.7224204752934,-25.5974450778573,5.96325716606659,41.6016256908714,24.4352372504051,-17.1663884404663,6.45270518435211
escs_cc,CHL,36,418.901277579345,422.821662745251,3.92038516590674,6.16641705455137,445.683922088905,435.312354099297,-10.3715679896076,5.14258431397886,463.643366335221,454.054723498364,-9.58864283685716,5.24313142308749,495.341371265926,492.876627774896,-2.46474349103022,4.67988130638488,26.7826445095602,12.4906913540459,-14.2919531555144,6.98854720484354,44.7420887558763,31.2330607531124,-13.5090280027639,7.21076525769946,76.4400936865818,70.0549650296448,-6.38512865693696,7.59510991491596,17.9594442463161,18.7423693990665,0.782925152750465,6.04881183820231,49.6574491770215,57.5642736755989,7.90682449857741,5.5313486152998,31.6980049307055,38.8219042765324,7.12389934582694,5.90102485895224
escs_cc,COL,36,369.705268212994,372.176285781914,2.47101756892045,4.60659004886379,395.31262365122,402.561524803321,7.24890115210053,5.34332603947365,418.991039184932,423.713354387707,4.72231520277438,5.8573049926214,471.784194124063,464.151591020732,-7.63260310333118,7.48897356924628,25.6073554382263,30.3852390214063,4.77788358318009,5.67594608841804,49.2857709719384,51.5370686057923,2.25129763385394,6.24244236153797,102.07892591107,91.975305238818,-10.1036206722516,8.80663850459046,23.6784155337122,21.151829584386,-2.52658594932615,5.17322187789062,76.4715704728433,61.5900662174116,-14.8815042554317,8.23179841681847,52.7931549391312,40.4382366330256,-12.3549183061056,7.93068722767675
escs_cc,CZE,36,438.071390405724,444.906505534121,6.8351151283976,4.70589670030006,484.430605688859,468.521785581899,-15.9088201069608,4.50890503481225,506.084565428159,490.206865117164,-15.8777003109949,4.96286878556504,548.878428131642,519.752011500768,-29.126416630874,5.66163479130697,46.3592152831357,23.6152800477773,-22.7439352353584,5.45423536297675,68.013175022435,45.3003595830425,-22.7128154393925,5.73560240033579,110.807037725918,74.8455059666468,-35.9615317592716,7.30398281859333,21.6539597392992,21.6850795352651,0.0311197959658784,5.16357913654814,64.4478224427827,51.2302259188695,-13.2175965239132,6.42699150773397,42.7938627034835,29.5451463836043,-13.2487163198791,6.33222161309314
escs_cc,DEU,36,450.497303735604,442.692248498846,-7.8050552367576,5.55897720503432,481.200716850841,481.825330103916,0.624613253075097,5.54141365227383,506.662946589976,511.024849189958,4.36190259998261,6.16783368523127,553.9234030379,548.795706928375,-5.12769610952478,5.48633147904204,30.7034131152374,39.1330816050701,8.42966848983269,6.09755765327905,56.1656428543718,68.332600691112,12.1669578367402,6.82793229259502,103.426099302296,106.103458429529,2.67735912723282,7.50464197651583,25.4622297391344,29.1995190860419,3.73728934690752,6.60718294760762,72.7226861870589,66.970376824459,-5.75230936259987,6.8012962703347,47.2604564479245,37.7708577384171,-9.48959870950739,7.03415377582923
escs_cc,DNK,36,457.514705240778,444.740470244416,-12.7742349963622,4.72859253461279,484.904020785322,466.874647105338,-18.0293736799837,5.31524294496255,513.412838692158,493.839911267268,-19.5729274248898,5.64226541820922,523.594252097382,496.019067188409,-27.5751849089724,6.70688001488004,27.389315544544,22.1341768609224,-5.25513868362157,6.1917207411581,55.8981334513796,49.0994410228519,-6.79869242852766,6.60948198727411,66.0795468566037,51.2785969439935,-14.8009499126102,7.80043987454604,28.5088179068356,26.9652641619295,-1.54355374490609,6.72774707487578,38.6902313120597,29.1444200830711,-9.54581122898861,7.80878799814751,10.1814134052241,2.17915592114161,-8.00225748408252,7.80115730740487
escs_cc,ESP,36,444.969935203517,430.466576872672,-14.5033583308452,3.65623339652388,466.170942424228,451.898031082748,-14.27291134148,3.31980556521135,491.46082534226,477.016191059522,-14.4446342827374,3.02298187739012,521.411828224355,488.930408506136,-32.4814197182192,3.35344765379962,21.201007220711,21.4314542100762,0.230446989365191,3.66626972791698,46.4908901387424,46.5496141868503,0.0587240481078766,4.02918741667204,76.4418930208378,58.4638316334638,-17.9780613873739,4.55128722551089,25.2898829180314,25.1181599767741,-0.171722941257315,3.56934677357598,55.2408858001268,37.0323774233876,-18.2085083767391,4.20456253185481,29.9510028820953,11.9142174466135,-18.0367854354818,3.66412139657171
escs_cc,EST,36,481.190265733744,468.789041400159,-12.4012243335853,4.91697663413134,501.137436696169,493.728832001178,-7.40860469499177,4.82170129898577,527.014355526965,525.66881420174,-1.34554132522544,4.56267311278626,553.279176578813,535.782677751931,-17.4964988268828,5.05965222809846,19.947170962425,24.9397906010186,4.99261963859357,6.0530230373526,45.8240897932207,56.8797728015806,11.0556830083599,6.09881104124204,72.0889108450691,66.9936363517717,-5.09527449329744,6.27760690629366,25.8769188307957,31.939982200562,6.06306336976633,5.6411820225069,52.1417398826441,42.0538457507531,-10.087894131891,5.79424282138148,26.2648210518485,10.1138635501911,-16.1509575016573,5.4845135247452
escs_cc,FIN,36,458.835773787581,453.917773110368,-4.91800067721272,4.28018886077407,481.830369320844,477.54380465377,-4.28656466707406,4.10642898265241,513.658732843943,507.771459997674,-5.88727284626901,4.29474382068975,540.454119263718,517.858124255728,-22.59599500799,4.3420021459487,22.9945955332631,23.6260315434017,0.631436010138657,5.09752752480802,54.8229590563619,53.8536868873056,-0.969272169056296,5.40562631566392,81.6183454761368,63.9403511453595,-17.6779943307773,5.7909668350224,31.8283635230989,30.2276553439039,-1.60070817919495,5.08539484042239,58.6237499428738,40.3143196019578,-18.309430340916,5.48061854002824,26.7953864197749,10.0866642580539,-16.708722161721,5.30821146358319
escs_cc,FRA,36,434.119656687734,439.082685126036,4.96302843830199,5.46025124997989,469.665950635221,462.174826851019,-7.49112378420239,5.2219633560708,499.510658245976,493.865845628534,-5.64481261744209,5.40668777970667,542.671523582856,520.243817730034,-22.4277058528223,5.71059061938797,35.5462939474875,23.0921417249831,-12.4541522225044,5.89631061101648,65.3910015582421,54.7831605024981,-10.6078410557441,6.56680384046922,108.551866895123,81.1611326039985,-27.3907342911243,7.19139372267342,29.8447076107547,31.691018777515,1.8463111667603,6.11196278688566,73.0055729476353,58.0689908790154,-14.9365820686199,6.40525875935753,43.1608653368806,26.3779721015004,-16.7828932353802,5.75861855886001
escs_cc,GBR,36,474.810176986819,481.738582780788,6.92840579396921,4.69702034561991,496.02507952046,503.379563629203,7.35448410874312,5.10441418243898,508.19171760774,521.212533885383,13.0208162776433,4.35449327097246,556.54657588083,544.439428962415,-12.1071469184151,6.51912226156832,21.2149025336414,21.6409808484153,0.426078314773918,6.23430047835258,33.381540620921,39.4739511045951,6.09241048367409,5.68234997476934,81.7363988940107,62.7008461816264,-19.0355527123843,7.61777811085065,12.1666380872796,17.8329702561798,5.66633216890017,5.68741582811891,60.5214963603693,41.0598653332111,-19.4616310271582,7.79120219606443,48.3548582730896,23.2268950770313,-25.1279631960584,6.88606741055248
escs_cc,GRC,36,407.110691486166,399.291252296135,-7.81943919003066,5.88729991453398,430.250170849277,422.114573974735,-8.13559687454188,4.37079136982872,453.987889287202,452.872646139096,-1.11524314810538,4.71497984460939,490.208713373319,471.449902872472,-18.7588105008468,5.47293199546837,23.1394793631117,22.8233216786005,-0.316157684511211,5.90764197484258,46.8771978010361,53.5813938429614,6.70419604192529,6.4859685977681,83.0980218871536,72.1586505763375,-10.9393713108161,7.32638956872039,23.7377184379245,30.758072164361,7.0203537264365,4.94191364382593,59.958542524042,49.3353288977371,-10.6232136263049,5.7929341937608,36.2208240861175,18.5772567333761,-17.6435673527414,5.81484043668419
escs_cc,HUN,36,418.10009810529,420.393700113924,2.2936020086334,5.61713561666938,460.402315344963,451.019745516474,-9.38256982848907,5.14085827476288,496.584892609871,476.016082394752,-20.5688102151198,5.21553470897138,539.828601951661,504.625503735105,-35.2030982165558,5.69949148240672,42.3022172396733,30.6260454025509,-11.6761718371225,6.85624710846213,78.4847945045813,55.6223822808281,-22.8624122237532,7.39902400640146,121.72850384637,84.2318036211813,-37.4967002251892,7.98476146096733,36.182577264908,24.9963368782773,-11.1862403866307,5.99782684720862,79.4262866066971,53.6057582186304,-25.8205283880667,7.36538792568422,43.2437093417891,28.6094213403532,-14.634288001436,6.60824124351823
escs_cc,IRL,36,481.600100667947,478.297598021495,-3.30250264645133,3.80604825136194,506.831108280882,495.940486638525,-10.8906216423572,3.92014911314041,530.76144444348,522.814710346583,-7.94673409689722,4.23869935337998,556.074243672367,543.881140161301,-12.1931035110656,4.29232764376337,25.2310076129355,17.6428886170296,-7.58811899590592,4.95330751380985,49.1613437755336,44.5171123250877,-4.64423145044589,5.23480746857406,74.4741430044201,65.5835421398058,-8.89060086461427,5.12555227741611,23.9303361625981,26.8742237080581,2.94388754546003,4.86778030591268,49.2431353914845,47.9406535227762,-1.30248186870836,5.06056457611082,25.3127992288864,21.0664298147181,-4.24636941416838,4.98487481529966
escs_cc,ISL,36,404.679624937248,414.900155451493,10.2205305142442,5.08126635051784,439.564648809569,440.292619079814,0.727970270244498,5.55877382509557,454.664840315124,464.1607855608,9.49594524567567,5.13678430629776,482.60896299507,470.993559412292,-11.6154035827774,5.49032776243069,34.8850238723207,25.3924636283211,-9.49256024399966,7.35363405360093,49.9852153778759,49.2606301093074,-0.72458526856849,6.97164682970936,77.9293380578213,56.0934039607998,-21.8359340970216,7.65803517276717,15.1001915055552,23.8681664809864,8.76797497543117,7.27578613844896,43.0443141855006,30.7009403324787,-12.3433738530219,7.3687331347477,27.9441226799454,6.83277385149233,-21.1113488284531,7.04370824653096
escs_cc,ISR,36,421.259768786658,423.3148430555,2.0550742688423,6.56686376225011,466.333259219789,468.343838299169,2.01057907937974,6.45898757146897,514.054483548566,488.463014835471,-25.5914687130949,6.91549669901781,540.335009017514,497.588906812232,-42.7461022052824,6.07442138578931,45.0734904331312,45.0289952436686,-0.044495189462566,7.66060307507146,92.7947147619075,65.1481717799704,-27.6465429819372,8.41071537215937,119.075240230856,74.2740637567314,-44.8011764741247,8.02831608077294,47.7212243287764,20.1191765363018,-27.6020477924746,8.04649158393627,74.0017497977249,29.2450685130628,-44.7566812846621,7.55831366022604,26.2805254689486,9.12589197676101,-17.1546334921875,7.15613324026553
escs_cc,ITA,36,446.439814573877,446.384157730787,-0.0556568430905031,4.79656498277566,476.622969900736,477.692427668382,1.06945776764599,4.57987300736889,495.414703586421,494.261334253557,-1.15336933286409,4.66300440092804,522.778469965097,521.078241615063,-1.70022835003488,5.3140808859769,30.1831553268592,31.3082699375957,1.12511461073649,5.3481909692383,48.9748890125439,47.8771765227703,-1.09771248977358,5.80045297842802,76.3386553912204,74.694083884276,-1.64457150694437,6.52770955125008,18.7917336856847,16.5689065851746,-2.22282710051007,5.23410875580585,46.1555000643612,43.3858139466803,-2.76968611768086,6.15110749151622,27.3637663786765,26.8169073615057,-0.546859017170789,5.02859433686837
escs_cc,JPN,36,482.612689012743,477.325604689494,-5.28708432324908,6.59422623952019,511.503715487372,503.526013206677,-7.97770228069555,5.84232536321865,533.130479712653,525.232197970002,-7.89828174265142,5.84697172475639,555.259401548643,540.447330976114,-14.8120705725291,6.55743141372225,28.891026474629,26.2004085171825,-2.69061795744648,6.48522605600163,50.5177906999098,47.9065932805075,-2.61119741940234,7.42164969907959,72.6467125359,63.1217262866199,-9.52498624928006,8.84392219070545,21.6267642252809,21.706184763325,0.0794205380441326,6.12120764670491,43.755686061271,36.9213177694374,-6.83436829183358,7.74613356733173,22.1289218359901,15.2151330061124,-6.91378882987772,6.27624472421859
escs_cc,KOR,36,478.176896824925,473.499977442927,-4.67691938199795,6.80561993789924,510.120341741261,510.675939398777,0.555597657515818,5.39376604337972,530.453099389821,528.577346624544,-1.87575276527775,5.89321915908123,559.881982217109,539.109074711318,-20.7729075057912,5.97784625856684,31.9434449163355,37.1759619558493,5.23251703951377,6.97832390258612,52.2762025648961,55.0773691816162,2.8011666167202,7.6985632239564,81.7050853921839,65.6090972683907,-16.0959881237932,7.84889663160374,20.3327576485605,17.9014072257669,-2.43135042279357,6.80643365502525,49.7616404758484,28.4331353125414,-21.328505163307,6.94988913687141,29.4288828272879,10.5317280867745,-18.8971547405134,7.42680462586761
escs_cc,LTU,36,437.431918664521,449.825405445973,12.3934867814518,5.30821773966253,469.240731985354,476.257232606846,7.0165006214927,4.41373422034784,495.12712529902,506.243614486274,11.1164891872539,5.01456646308084,525.128644591831,511.18487408931,-13.9437705025205,6.21457834546795,31.8088133208325,26.4318271608735,-5.37698615995907,6.22947567203187,57.6952066344993,56.4182090403014,-1.27699759419789,7.09248172298227,87.6967259273094,61.3594686433372,-26.3372572839722,7.95834603500217,25.8863933136668,29.9863818794279,4.09998856576118,6.07747154803418,55.8879126064769,34.9276414824637,-20.9602711240132,6.56596891233954,30.0015192928101,4.94125960303575,-25.0602596897743,6.71525993592704
escs_cc,LVA,36,442.966092911438,423.657216629027,-19.3088762824107,4.81028456957187,468.364050394637,446.750673932461,-21.6133764621764,5.47144342509359,495.322564071025,466.626136555609,-28.6964275154165,4.68396175866703,519.44161909863,475.74126308068,-43.7003560179502,4.83191066837383,25.3979574831994,23.0934573034337,-2.30450017976568,5.87559182227041,52.3564711595875,42.9689199265816,-9.38755123300587,5.7864262524965,76.4755261871928,52.0840464516533,-24.3914797355395,6.42857380693277,26.9585136763881,19.8754626231479,-7.08305105324018,6.35149530791045,51.0775687039934,28.9905891482196,-22.0869795557738,6.84425105657156,24.1190550276053,9.11512652507167,-15.0039285025337,6.24116426733672
escs_cc,MEX,36,382.047523335902,383.734689005927,1.68716567002565,4.32162883137331,403.521075928822,405.618987916791,2.09791198796881,4.27920440084824,426.25904808648,422.00540703714,-4.25364104934016,4.950745207333,462.222421932542,451.914874116013,-10.3075478165293,6.01703127570765,21.4735525929207,21.8842989108638,0.410746317943165,4.7342805393571,44.2115247505789,38.2707180312131,-5.94080671936581,5.61017656833645,80.1748985966403,68.1801851100853,-11.994713486555,7.25385192511445,22.7379721576583,16.3864191203493,-6.35155303730898,5.03265675061143,58.7013460037196,46.2958861992215,-12.4054598044982,6.67505638105032,35.9633738460614,29.9094670788722,-6.05390676718918,6.47502625411981
escs_cc,NLD,36,426.118426887452,420.832499874195,-5.28592701325778,6.79005505830202,449.979186746014,446.808397803762,-3.17078894225182,6.77000492717402,494.025213341726,481.149868635117,-12.8753447066094,6.03004912055341,523.473352977652,503.173527809026,-20.2998251686258,5.94112760629665,23.8607598585611,25.9758979295671,2.11513807100596,7.3802707758204,67.9067864542737,60.3173687609221,-7.58941769335161,8.05185341358785,97.3549260901994,82.3410279348314,-15.0138981553681,8.57016347945464,44.0460265957126,34.341470831355,-9.70455576435756,7.39163803357979,73.4941662316383,56.3651300052643,-17.129036226374,8.02217262304001,29.4481396359257,22.0236591739093,-7.42448046201645,6.81137920872452
escs_cc,NOR,36,445.888732838949,430.576967204993,-15.3117656339561,4.94280435408295,473.163507378654,464.431199252325,-8.7323081263288,5.01867749047511,500.221850913549,488.174942569309,-12.04690834424,4.77603505956828,528.695635124034,503.324260192563,-25.3713749314712,5.17931092838817,27.2747745397052,33.8542320473325,6.5794575076273,6.07451021107828,54.3331180746005,57.5979753643166,3.26485728971608,6.55737317069162,82.806902285085,72.7472929875699,-10.0596092975151,6.8829476448691,27.0583435348954,23.7437433169841,-3.31460021791122,6.12023190208316,55.5321277453799,38.8930609402374,-16.6390668051424,6.77249929181403,28.4737842104845,15.1493176232533,-13.3244665872312,5.85636653314605
escs_cc,NZL,36,469.680301770361,482.565830710457,12.8855289400957,5.44558743268942,505.178699745242,505.821004444847,0.642304699604267,5.56823102234638,529.942984025939,543.031756617316,13.0887725913771,5.48870511780118,557.224208956437,555.932713642714,-1.2914953137232,5.46027106471334,35.4983979748809,23.2551737343894,-12.2432242404914,7.28172254390394,60.2626822555779,60.4659259068593,0.203243651281355,7.129334618529,87.5439071860754,73.3668829322565,-14.1770242538189,7.81993545658852,24.764284280697,37.2107521724698,12.4464678917728,7.16144729005669,52.0455092111946,50.1117091978671,-1.93380001332747,7.6164913767352,27.2812249304975,12.9009570253972,-14.3802679051003,7.27535354711587
escs_cc,POL,36,449.823729666221,459.34725849882,9.52352883259903,5.13269602052987,482.067435825685,481.702472396388,-0.364963429296438,5.30367800160847,509.065402614947,517.326548297928,8.26114568298021,5.12384960314359,547.69937970645,535.67697279535,-12.0224069111003,5.57332097072625,32.2437061594634,22.355213897568,-9.88849226189546,5.53191839928913,59.2416729487263,57.9792897991075,-1.26238314961881,6.56787180026353,97.8756500402287,76.3297142965294,-21.5459357436994,7.73484961735605,26.9979667892629,35.6240759015395,8.62610911227665,5.92616911047657,65.6319438807653,53.9745003989614,-11.6574434818039,7.08292162807366,38.6339770915024,18.3504244974218,-20.2835525940806,6.28117144141511
escs_cc,PRT,36,442.331016585559,434.411650154808,-7.9193664307507,5.05564541262072,467.203837868955,463.12957433103,-4.07426353792545,4.96266586900485,488.771509996994,489.172379037575,0.400869040581199,4.48971334011898,529.659787441872,515.213124094355,-14.4466633475178,5.2057530406689,24.8728212833967,28.7179241762219,3.84510289282525,5.3859888983705,46.4404934114352,54.7607288827671,8.3202354713319,5.09199900585307,87.3287708563139,80.8014739395468,-6.52729691676706,6.57444593448613,21.5676721280386,26.0428047065452,4.47513257850665,5.3957100169091,62.4559495729172,52.0835497633249,-10.3723998095923,6.41177641783245,40.8882774448786,26.0407450567797,-14.847532388099,5.99362712546762
escs_cc,SVK,36,397.069716768714,415.684340329369,18.6146235606559,5.88812703078356,449.634398124176,447.361931015521,-2.27246710865603,5.3948076906408,469.959279886367,475.465013626698,5.50573374033132,5.05822506055296,509.74141012149,509.317523679793,-0.423886441696823,5.60600765087927,52.5646813554629,31.677590686151,-20.8870906693119,6.51150905855978,72.8895631176534,59.7806732973289,-13.1088898203246,7.3888663465894,112.671693352776,93.6331833504237,-19.0385100023527,8.1224728424419,20.3248817621905,28.1030826111779,7.77820084898735,6.44437402055209,60.1070119973135,61.9555926642727,1.84858066695921,7.30279683689917,39.782130235123,33.8525100530949,-5.92962018202815,6.14456533529528
escs_cc,SVN,36,431.222399106265,428.632484760951,-2.58991434531504,4.82892172084842,459.002435210318,449.626414148602,-9.37602106171551,4.66860636633133,488.721964956873,481.616317074545,-7.10564788232733,4.5637825513898,512.491183763727,489.190913850545,-23.3002699131816,4.86517830178589,27.7800361040521,20.9939293876516,-6.78610671640047,6.81808577334,57.4995658506071,52.9838323135948,-4.5157335370123,6.35054517517592,81.2687846574614,60.5584290895949,-20.7103555678665,6.87507177361949,29.719529746555,31.9899029259432,2.27037317938817,6.28999935341464,53.4887485534093,39.5644997019433,-13.9242488514661,6.40547402982493,23.7692188068543,7.57459677600008,-16.1946220308543,6.17357346838218
escs_cc,SWE,36,443.84851497977,433.752437650484,-10.0960773292857,5.09305678665486,479.304158484083,473.817326062942,-5.48683242114026,4.64190371174189,518.857878642343,515.310235135673,-3.54764350667017,5.52440337206197,549.402530138572,523.101626301827,-26.3009038367454,5.5908507189442,35.4556435043128,40.0648884124583,4.60924490814546,5.79583099101084,75.0093636625733,81.5577974851888,6.54843382261555,6.58590999463806,105.554015158802,89.3491886513426,-16.2048265074597,7.11021119381868,39.5537201582604,41.4929090727305,1.93918891447009,6.11546805623165,70.0983716544894,49.2843002388843,-20.8140714156052,6.53099676860257,30.544651496229,7.79139116615374,-22.7532603300753,6.2877931785598
escs_cc,TUR,36,428.846630594155,447.428498418398,18.5818678242437,4.35330693628837,444.49953053277,469.483771437632,24.9842409048618,4.17079946340627,458.408889280672,481.797342879497,23.3884535988253,4.75465711648995,498.370989878305,522.075806935673,23.7048170573673,4.72989445137293,15.6528999386152,22.0552730192333,6.40237308061808,4.89885843888334,29.5622586865173,34.368844461099,4.80658577458161,5.55089859487535,69.5243592841507,74.6473085172742,5.12294923312356,6.30697663205451,13.9093587479022,12.3135714418657,-1.59578730603647,5.03889619658027,53.8714593455355,52.592035498041,-1.27942384749451,5.37717294651154,39.9621005976333,40.2784640561753,0.316363458541957,5.50664733229831
escs_cc,USA,36,466.754891709945,463.659869180399,-3.0950225295465,7.50871729240084,493.985040174079,488.559758899403,-5.42528127467637,7.75946515212062,517.606856823174,518.951337496381,1.34448067320636,10.5685036380699,565.167454989072,560.872422851077,-4.29503213799501,15.270675745091,27.2301484641344,24.8998897190045,-2.33025874512987,8.20791988311558,50.8519651132294,55.2914683159822,4.43950320275286,11.2079340099892,98.4125632791267,97.2125536706782,-1.20000960844851,15.8636490131413,23.621816649095,30.3915785969777,6.76976194788273,11.6175469926758,71.1824148149923,72.3126639516736,1.13024913668136,15.9361921575575,47.5605981658973,41.921085354696,-5.63951281120137,12.1960197569225
escs_cc,OECD,36,441.073522533897,441.30033591838,0.226813384482739,1.38965899003907,471.147118221904,468.310771227111,-2.83634699479302,1.36945504829036,498.047174773935,494.327062305117,-3.72011246881789,1.39060970106985,531.279340316618,514.101530332962,-17.1778099836564,1.46594314850149,30.0735956880069,27.0104353087312,-3.06316037927576,1.01449865493908,56.9736522400378,53.0267263867372,-3.94692585330063,1.09476001894823,90.2058177827208,72.8011944145817,-17.4046233681391,1.25604019347636,26.9000565520308,26.016291078006,-0.88376547402487,1.02168429158342,60.1322220947139,45.7907591058505,-14.3414629888634,1.16940157655147,33.2321655426831,19.7744680278445,-13.4576975148385,1.07430457509306
escs_cc,OECD35,35,440.962196457622,441.609871891115,0.647675433492111,1.40134821271301,471.289294673267,468.779706659807,-2.50958801345917,1.38083915235713,498.235356186269,494.82165862642,-3.41369755984886,1.40357614635284,531.56126923354,514.8207052423,-16.7405639912402,1.48188133232083,30.3270982156441,27.1698347686929,-3.15726344695128,1.03821330564948,57.2731597286463,53.2117867353053,-4.06137299334097,1.12013883963743,90.5990727759176,73.2108333511853,-17.3882394247323,1.28536607812938,26.9460615130022,26.0419519666125,-0.904109546389691,1.04591521785882,60.2719745602735,46.0409985824925,-14.230975977781,1.19679903522966,33.3259130472713,19.99904661588,-13.3268664313913,1.10002861157468
escs_h_cc,AUS,36,461.474187394383,461.84359189082,0.369404496437141,3.79293936872203,490.079536830198,492.401699425907,2.32216259570873,3.83262908369533,525.506535816358,523.237222701956,-2.26931311440285,4.05522607669761,544.593493087147,537.210422997123,-7.38307009002426,4.08967599570371,28.6053494358151,30.5581075350867,1.95275809927159,4.90841165987673,64.0323484219757,61.3936308111357,-2.63871761083999,4.88383431806561,83.1193056927642,75.3668311063028,-7.7524745864614,4.93286836858402,35.4269989861606,30.835523276049,-4.59147571011158,4.75138615402011,54.5139562569491,44.8087235712161,-9.70523268573299,4.52169057389773,19.0869572707885,13.9732002951671,-5.11375697562141,4.46176168180181
escs_h_cc,AUT,36,442.17049053214,438.976572136545,-3.19391839559552,5.19028851042722,475.152441588143,471.774933520998,-3.37750806714519,5.04381903879025,510.156869313028,493.174506722262,-16.9823625907663,4.47484707866982,536.348574313697,523.179852415994,-13.1687218977028,4.68888925468932,32.9819510560026,32.798361384453,-0.183589671549669,6.3659996773196,67.986378780888,54.1979345857171,-13.7884441951708,5.70932414961572,94.1780837815572,84.2032802794499,-9.97480350210725,6.57477575394566,35.0044277248853,21.3995732012642,-13.6048545236212,5.7861123317319,61.1961327255546,51.404918894997,-9.79121383055758,5.48062501738648,26.1917050006692,30.0053456937328,3.81364069306358,5.2111086449093
escs_h_cc,BEL,36,436.447302364688,449.322616389936,12.8753140252486,5.12265693063309,472.761562308192,480.175396208902,7.41383390070922,4.51457685652176,510.774531870202,509.294297478738,-1.48023439146374,4.72658071728779,535.586719348727,528.163624626803,-7.42309472192437,5.17208476847011,36.3142599435047,30.8527798189653,-5.46148012453938,5.46264085595362,74.327229505514,59.9716810888016,-14.3555484167123,6.36395917482763,99.1394169840397,78.8410082368667,-20.298408747173,6.91289668538838,38.0129695620093,29.1189012698363,-8.89406829217296,5.22579324702503,62.825157040535,47.9882284179014,-14.8369286226336,6.3742961247244,24.8121874785257,18.8693271480651,-5.94286033046063,5.88545301981499
escs_h_cc,CAN,36,481.020221416077,470.894765542176,-10.1254558739013,3.90489394629574,505.98197444915,500.879551571732,-5.10242287741795,3.35092259367445,529.653086125638,522.050822495661,-7.6022636299773,3.71736795873416,546.959753461173,533.738525566524,-13.2212278946489,4.60042574690584,24.9617530330729,29.9847860295562,5.02303299648332,4.38164131605018,48.6328647095612,51.1560569534851,2.52319224392397,4.92155158688191,65.9395320450961,62.8437600243485,-3.09577202074763,5.31127013216307,23.6711116764883,21.1712709239289,-2.49984075255935,4.24693424968892,40.9777790120232,32.8589739947923,-8.11880501723095,4.98848733108519,17.3066673355349,11.6877030708633,-5.6189642646716,4.72846251802624
escs_h_cc,CHE,36,436.193740468044,446.49331942999,10.2995789619461,5.32710052059434,476.339236248178,474.974792596702,-1.36444365147605,4.77848680022962,512.364130732797,505.009380041511,-7.35475069128597,5.09756605851474,546.857854922814,532.622557982579,-14.2352969402347,5.17125547870735,40.1454957801344,28.4814731667123,-11.6640226134222,5.76686848027959,76.1703902647538,58.5160606115217,-17.6543296532321,6.35560981409137,110.66411445477,86.1292385525893,-24.5348759021808,7.0666253227036,36.0248944846194,30.0345874448095,-5.99030703980992,5.5026606184859,70.5186186746356,57.647765385877,-12.8708532887586,6.07466019497864,34.4937241900162,27.6131779410675,-6.88054624894869,6.36924982965592
escs_h_cc,CHL,36,422.934078031425,418.103378865089,-4.8306991663361,6.0587301310066,445.589797871071,436.858722371966,-8.73107549910492,5.17742823272298,461.417924357016,453.389271399,-8.0286529580161,5.19418144961642,493.600424125612,496.741018045825,3.14059392021375,4.80483910618047,22.6557198396456,18.7553435068768,-3.90037633276882,6.8014460705566,38.4838463255904,35.2858925339104,-3.19795379167999,7.07002618941666,70.6663460941862,78.6376391807361,7.97129308654985,7.70661029040989,15.8281264859448,16.5305490270337,0.702422541088822,6.13258131340785,48.0106262545406,59.8822956738593,11.8716694193187,5.47606694718468,32.1824997685958,43.3517466468256,11.1692468782298,6.13988519813445
escs_h_cc,COL,36,371.398751962885,371.007211364684,-0.391540598200436,4.68414757170482,395.769438367985,403.769892674124,8.00045430613892,5.25871138540055,419.490382691387,422.794740550795,3.30435785940762,5.70793965390898,469.104906646732,465.022272670672,-4.08263397605958,7.72931887144457,24.3706864051006,32.7626813094399,8.39199490433936,5.66893005971169,48.0916307285025,51.7875291861105,3.69589845760805,6.19300872118085,97.7061546838469,94.0150613059878,-3.69109337785915,8.89679149703433,23.7209443234019,19.0248478766706,-4.6960964467313,4.77565451298907,73.3354682787464,61.2523799965479,-12.0830882821985,8.47011762572708,49.6145239553445,42.2275321198773,-7.3869918354672,8.18291858429391
escs_h_cc,CZE,36,445.303087945196,442.579582756477,-2.72350518871849,4.79839510313234,482.413050921884,468.53454230141,-13.8785086204742,4.6700398830623,504.855500461502,489.581119653907,-15.2743808075956,4.86627569228922,544.877498035157,522.697242186233,-22.1802558489243,5.53371788559791,37.1099629766878,25.9549595449321,-11.1550034317557,5.705498541143,59.5524125163062,47.0015368974292,-12.5508756188771,5.55483289991589,99.5744100899608,80.1176594297551,-19.4567506602058,7.10128767201624,22.4424495396185,21.0465773524971,-1.39587218712137,5.58230959886109,62.4644471132731,54.162699884823,-8.3017472284501,6.41964698307108,40.0219975736546,33.1161225323259,-6.90587504132873,6.175794847442
escs_h_cc,DEU,36,452.193139727977,441.618291795733,-10.5748479322443,5.50173700606377,484.463090801542,482.610986393404,-1.85210440813825,5.52980209534055,507.651015649328,508.36537300562,0.714357356292226,6.15131646124276,547.995687603534,551.759537124152,3.7638495206179,5.74546330845051,32.2699510735647,40.9926945976707,8.72274352410602,6.03936418896232,55.4578759213507,66.7470812098872,11.2892052885365,6.80006466987964,95.8025478755568,110.141245328419,14.3386974528622,7.58423861758934,23.187924847786,25.7543866122164,2.56646176443047,6.75189441879144,63.5325968019921,69.1485507307483,5.61595392875614,6.87560980503642,40.3446719542062,43.3941641185318,3.04949216432567,7.05550934807588
escs_h_cc,DNK,36,458.343531425284,444.816581858814,-13.5269495664692,4.77423509505723,491.474559718585,464.14422241321,-27.3303373053749,5.19320671846426,513.961046814106,494.858340300084,-19.1027065140223,5.3226119812603,515.624940508336,497.653799967228,-17.9711405411086,6.46310366974459,33.1310282933017,19.3276405543961,-13.8033877389057,5.99095974858595,55.6175153888227,50.0417584412696,-5.57575694755309,6.32709646397828,57.2814090830528,52.8372181084134,-4.44419097463941,7.60622218722494,22.4864870955209,30.7141178868735,8.22763079135257,6.13210802687969,24.1503807897511,33.5095775540174,9.35919676426624,7.43313143034118,1.66389369423018,2.79545966714386,1.13156597291368,7.08921306057857
escs_h_cc,ESP,36,446.474700472997,428.070756457354,-18.4039440156424,3.73349885330775,468.33074405848,451.296840697337,-17.0339033611428,3.17077665678838,493.48431738707,475.641853330092,-17.8424640569779,2.99637583360663,515.722834704747,493.313614048331,-22.4092206564157,3.45616204026346,21.856043585483,23.2260842399826,1.37004065449958,3.79485074829666,47.0096169140731,47.5710968727377,0.561479958664563,4.05501108783891,69.2481342317498,65.2428575909766,-4.00527664077327,4.71149231371303,25.1535733285901,24.3450126327551,-0.808560695835013,3.37158218540054,47.3920906462668,42.016773350994,-5.37531729527285,4.12472608922863,22.2385173176767,17.6717607182389,-4.56675659943784,3.75402520402769
escs_h_cc,EST,36,484.018344003235,467.197982537094,-16.8203614661407,4.79403550087233,500.371772337445,494.985727334347,-5.38604500309776,4.78321675368369,528.522817989507,522.688401003975,-5.83441698553133,4.38159007802006,549.711861622335,539.088226120165,-10.62363550217,4.98744441331317,16.3534283342094,27.7877447972523,11.4343164630429,5.77882859119337,44.5044739862716,55.490418466881,10.9859444806094,5.68324414896665,65.6935176191001,71.8902435830708,6.19672596397066,6.33294345242828,28.1510456520622,27.7026736696286,-0.448371982433571,5.43558451419096,49.3400892848907,44.1024987858185,-5.23759049907227,5.66778321082623,21.1890436328285,16.3998251161898,-4.7892185166387,5.28017850178181
escs_h_cc,FIN,36,462.655265906221,451.551139366549,-11.1041265396711,4.33437499989464,483.116222778495,478.412133001415,-4.70408977708092,4.03053846144601,514.755348743851,503.68138016777,-11.0739685760805,4.2953127415887,534.250538287524,523.443511166798,-10.8070271207263,4.3129348873036,20.4609568722749,26.8609936348651,6.40003676259022,5.12732668846048,52.1000828376304,52.130240801221,0.0301579635906251,5.3055265378752,71.5952723813036,71.8923718002485,0.297099418944867,5.63526409528125,31.6391259653555,25.2692471663559,-6.36987879899959,5.15028014044452,51.1343155090287,45.0313781653834,-6.10293734364535,5.24773580028839,19.4951895436733,19.7621309990275,0.266941455354242,5.34936581359596
escs_h_cc,FRA,36,438.964792947398,436.708563698234,-2.25622924916462,5.49007285045944,470.944490013739,463.013029005453,-7.93146100828574,5.34268990431572,499.055364605304,493.535150746411,-5.52021385889361,5.36617684803836,536.950401859697,522.127204702796,-14.8231971569011,5.90912859155352,31.9796970663401,26.304465307219,-5.67523175912112,6.00834595897643,60.0905716579059,56.8265870481769,-3.26398460972899,6.61834716491818,97.9856089122985,85.418641004562,-12.5669679077365,7.58433774988867,28.1108745915658,30.5221217409579,2.41124714939213,5.99758609898549,66.0059118459584,59.1141756973431,-6.89173614861534,6.68686608911712,37.8950372543926,28.5920539563851,-9.30298329800746,6.07664241224422
escs_h_cc,GBR,36,479.781690748688,480.848239449167,1.06654870047845,4.94786655965799,494.886946893771,501.111343249608,6.22439635583692,4.98493279438536,514.28645194977,523.611623456498,9.32517150672777,4.63738671529552,546.603241796528,545.22307281498,-1.38016898154797,6.50962655330664,15.1052561450826,20.2631038004411,5.15784765535847,6.23842048530623,34.504761201082,42.7633840073313,8.25862280624932,6.31987805351631,66.8215510478394,64.374833365813,-2.44671768202642,7.65158438933271,19.3995050559993,22.5002802068902,3.10077515089085,6.28132190234789,51.7162949027567,44.1117295653718,-7.60456533738488,7.51374792951765,32.3167898467574,21.6114493584817,-10.7053404882757,6.5708709468529
escs_h_cc,GRC,36,410.698406810595,397.744503249894,-12.9539035607004,5.78103071933184,430.875478231938,423.502289696788,-7.37318853514978,4.54090216749285,454.46519914038,452.297837789694,-2.16736135068663,4.65982089936069,485.51339869283,472.202787506108,-13.3106111867222,5.56266772179125,20.1770714213432,25.7577864468938,5.5807150255506,5.89192241904234,43.7667923297854,54.5533345397992,10.7865422100138,6.04338269249791,74.8149918822352,74.4582842562134,-0.35670762602183,7.64524273625103,23.5897209084422,28.7955480929054,5.20582718446315,4.84753060322061,54.6379204608921,48.7004978093196,-5.93742265157243,6.00856666819293,31.0481995524498,19.9049497164143,-11.1432498360356,5.97137060913538
escs_h_cc,HUN,36,422.625878249527,419.05981168835,-3.56606656117754,5.6592697661169,456.847024783545,450.532848821087,-6.31417596245831,4.86385841911778,498.58730012465,476.184011406987,-22.4032887176635,5.1123837777981,536.854083729676,506.278558511533,-30.5755252181432,5.82451941819692,34.2211465340177,31.4730371327369,-2.74810940128077,6.42328758887944,75.9614218751227,57.1241997186367,-18.837222156486,7.27834693122941,114.228205480148,87.2187468231828,-27.0094586569657,7.98215659407722,41.740275341105,25.6511625858998,-16.0891127552052,5.91753901552768,80.0070589461308,55.7457096904459,-24.2613492556849,7.36982627573054,38.2667836050258,30.0945471045461,-8.17223650047964,6.55540304466396
escs_h_cc,IRL,36,483.767240919989,477.718850777852,-6.04839014213718,3.8657510757871,510.076825365209,496.115036661092,-13.9617887041166,3.87929423739981,531.051728206753,522.118930480397,-8.93279772635651,4.57279152510227,550.345007253359,544.982756295181,-5.36225095817827,4.00864410788675,26.3095844452196,18.3961858832402,-7.91339856197942,5.04499841640692,47.2844872867638,44.4000797025444,-2.88440758421933,5.37568017571145,66.5777663333697,67.2639055173286,0.686139183958915,4.94534854886817,20.9749028415441,26.0038938193042,5.02899097776009,5.13530597002876,40.26818188815,48.8677196340884,8.59953774593834,5.00323740709681,19.2932790466059,22.8638258147842,3.57054676817825,4.87282794397333
escs_h_cc,ISL,36,408.058806301226,413.519241663614,5.46043536238722,5.22102058844318,440.534259681007,440.722348330695,0.188088649688439,5.41250866981416,461.246396746092,463.289813223502,2.04341647741006,5.41858864514825,471.685620651782,472.828059524725,1.14243887294322,5.29099217758873,32.4754533797801,27.2031066670813,-5.27234671269878,7.41006820105294,53.1875904448653,49.7705715598881,-3.41701888497715,7.40565602057106,63.6268143505556,59.3088178611116,-4.317996489444,7.50832587875908,20.7121370650852,22.5674648928069,1.85532782772162,6.93336714804735,31.1513609707756,32.1057111940303,0.954350223254778,7.13807299028504,10.4392239056903,9.53824630122347,-0.900977604466846,7.39822174658939
escs_h_cc,ISR,36,422.432654343736,420.473740805953,-1.95891353778268,6.51177415809596,474.085583640673,465.80900902105,-8.27657461962326,6.43506411801844,517.078789088477,486.074881580335,-31.0039075081411,7.08671887695322,528.359135939591,505.370973589786,-22.9881623498053,6.38712340876727,51.6529292969376,45.335268215097,-6.31766108184058,8.0496814934852,94.6461347447407,65.6011407743823,-29.0449939703584,8.25266481988745,105.926481595855,84.8972327838325,-21.0292488120226,8.21540175365786,42.9932054478031,20.2658725592853,-22.7273328885178,8.00213999817749,54.2735522989176,39.5619645687356,-14.711587730182,7.69954336839036,11.2803468511145,19.2960920094503,8.01574515833579,7.70451569623155
escs_h_cc,ITA,36,449.790156804962,446.763685479158,-3.02647132580375,4.93073820121368,476.537847194145,474.469480537814,-2.06836665633074,4.74480835753322,495.098187508175,495.836829908637,0.738642400462538,4.56544065254323,519.83405033597,522.313488642211,2.47943830624081,5.3729409713628,26.7476903891829,27.7057950586559,0.958104669473016,5.66691472806619,45.3080307032128,49.0731444294791,3.76511372626629,5.80014005408618,70.0438935310085,75.5498031630531,5.50590963204456,6.71227278300702,18.5603403140299,21.3673493708232,2.80700905679328,5.19579848963417,43.2962031418256,47.8440081043972,4.54780496257155,6.31185606648806,24.7358628277957,26.476658733574,1.74079590577827,4.99751598291007
escs_h_cc,JPN,36,487.736872251867,475.364594607072,-12.3722776447952,6.85037020510686,513.361492429408,502.863475178198,-10.4980172512101,5.56651587734964,533.010696948028,522.723919934393,-10.2867770136349,5.58766442234512,548.368657031865,545.592742741684,-2.7759142901815,6.64689380063212,25.6246201775414,27.4988805711265,1.87426039358508,6.65309296545951,45.273824696161,47.3593253273212,2.08550063116024,7.52153031097906,60.6317847799983,70.228148134612,9.59636335461369,8.94950021478203,19.6492045186196,19.8604447561948,0.211240237575169,5.78029423908439,35.0071646024569,42.7292675634855,7.72210296102861,7.41725606571244,15.3579600838373,22.8688228072907,7.51086272345344,6.15187577168863
escs_h_cc,KOR,36,484.242851236099,472.656991643992,-11.5858595921073,6.91246588156243,507.012217039291,512.108589315515,5.09637227622415,5.72236036166631,532.026085884353,528.101881476654,-3.92420440769911,5.82473873984052,555.367112697652,539.038913995872,-16.3281987017795,6.02352690904049,22.7693658031922,39.4515976715236,16.6822318683314,7.34022029887604,47.7832346482538,55.444889832662,7.66165518440818,8.37163730222963,71.1242614615529,66.3819223518807,-4.74233910967217,8.0994148439269,25.0138688450616,15.9932921611384,-9.02057668392325,6.38826882968199,48.3548956583607,26.9303246803571,-21.4245709780036,7.24342318898474,23.3410268132991,10.9370325192187,-12.4039942940804,7.27143890615313
escs_h_cc,LTU,36,441.105035409721,449.012154333534,7.9071189238129,5.30749258371972,470.635683881935,475.830435125796,5.1947512438615,4.73386324984263,497.800210316335,505.672901533804,7.8726912174688,4.93339586461445,517.381907908796,513.027351915326,-4.35455599347017,6.29204892945974,29.5306484722138,26.8182807922624,-2.7123676799514,6.50618804508773,56.6951749066145,56.6607472002704,-0.0344277063441041,7.14363741743064,76.276872499075,64.0151975817919,-12.2616749172831,7.9875526916471,27.1645264344006,29.8424664080079,2.67793997360729,6.17244862997819,46.7462240268611,37.1969167895294,-9.54930723733167,6.77031648247401,19.5816975924605,7.35445038152153,-12.227247210939,6.83682764632931
escs_h_cc,LVA,36,446.431949752457,422.053783499025,-24.3781662534324,4.91670606391279,469.150209608613,444.442092387892,-24.7081172207211,5.45717580565956,496.616930383798,468.497370531255,-28.1195598525425,4.51856021894422,513.886843511986,477.770267929663,-36.1165755823231,4.92397073151837,22.7182598561557,22.388308888867,-0.32995096728871,5.93201910767013,50.1849806313406,46.4435870322305,-3.74139359911015,5.89752947944326,67.4548937595285,55.7164844306378,-11.7384093288907,6.41596717454078,27.466720775185,24.0552781433635,-3.41144263182144,6.37150690313283,44.7366339033728,33.3281755417708,-11.408458361602,6.75289745643884,17.2699131281879,9.27289739840728,-7.99701572978057,6.05239374275788
escs_h_cc,MEX,36,383.875599391143,382.951374578958,-0.924224812184946,4.36030566920236,403.654232505654,405.398915911221,1.74468340556746,4.20197208571727,425.62347314121,422.192396301291,-3.43107683991883,4.7367727465167,460.964029449983,452.74569376735,-8.21833568263293,6.14636440560478,19.7786331145112,22.4475413322636,2.6689082177524,4.59475461250116,41.7478737500674,39.2410217223335,-2.50685202773389,5.56002199465637,77.0884300588402,69.7943191883922,-7.29411087044798,7.3352872068055,21.9692406355562,16.7934803900699,-5.17576024548629,4.69994473746937,57.309796944329,47.3467778561286,-9.96301908820038,6.71722672291062,35.3405563087728,30.5532974660587,-4.7872588427141,6.25838008261693
escs_h_cc,NLD,36,430.077707574504,423.822667941321,-6.25503963318226,6.98949008327303,450.915753849667,442.896311915002,-8.01944193466539,6.65922954541933,499.057247936625,483.610246790346,-15.4470011462797,5.69770508694549,513.52810578214,501.63251121591,-11.89559456623,6.44704168051833,20.8380462751634,19.0736439736803,-1.76440230148313,7.16767169914101,68.9795403621216,59.7875788490242,-9.19196151309745,8.30855174028821,83.4503982076365,77.8098432745887,-5.64055493304778,9.02428412717305,48.1414940869582,40.7139348753439,-7.42755921161432,7.05179880902331,62.6123519324731,58.7361993009084,-3.87615263156465,7.95220320344454,14.4708578455149,18.0222644255646,3.55140658004967,6.79855187147083
escs_h_cc,NOR,36,448.185906381784,430.543612829631,-17.6422935521527,4.95175192122358,479.277844962436,463.240879050414,-16.0369659120217,4.98781579640508,501.436487951545,489.431692467179,-12.004795484366,5.03878144173221,519.062256674054,503.285773477071,-15.7764831969827,5.26703514966203,31.0919385806517,32.6972662207827,1.60532764013101,5.99127370950397,53.2505815697608,58.8880796375475,5.63749806778674,6.94436343976455,70.8763502922703,72.7421606474403,1.86581035516997,6.92045034842724,22.1586429891091,26.1908134167648,4.03217042765573,6.22745118370408,39.7844117116187,40.0448944266576,0.260482715038961,6.73072180722162,17.6257687225096,13.8540810098928,-3.77168771261677,6.08811820543169
escs_h_cc,NZL,36,474.678310717758,481.252925276644,6.57461455888614,5.19722169651343,505.13291042113,504.725935935126,-0.406974486003605,5.63248758500617,531.847253815372,539.289567774337,7.44231395896463,5.69850852692491,550.381504011583,562.074637945066,11.6931339334832,5.35290877452481,30.4545997033717,23.473010658482,-6.98158904488975,6.78013808624632,57.168943097614,58.0366424976925,0.867699400078493,7.20627426794103,75.7031932938251,80.8217126684221,5.11851937459704,7.71007856681492,26.7143433942423,34.5636318392105,7.84928844496824,7.21748199905165,45.2485935904533,57.3487020099401,12.1001084194868,7.6700970893038,18.534250196211,22.7850701707296,4.25081997451855,7.39621582161664
escs_h_cc,POL,36,456.320236188725,458.049840671596,1.72960448287097,5.27727904879254,480.693962895648,482.241819569604,1.54785667395583,5.33760561266416,509.825081489009,517.564355532228,7.73927404321898,5.22668480823024,541.804593430633,536.198850799034,-5.60574263159924,5.95341844214644,24.3737267069238,24.1919788980086,-0.181747808915134,5.97612168791298,53.5048453002846,59.5145148606326,6.00966956034802,6.68373237095583,85.4843572419083,78.1490101274381,-7.33534711447021,7.80227656061917,29.1311185933608,35.3225359626239,6.19141736926315,6.32951423653284,61.1106305349845,53.9570312294295,-7.15359930555508,7.50600925138881,31.9795119416237,18.6344952668055,-13.3450166748182,6.77081052699904
escs_h_cc,PRT,36,442.605041990998,434.066457851415,-8.53858413958284,5.05601057485344,467.207634536387,462.568168766897,-4.63946576949019,4.93255722177805,494.60802111257,489.461246807578,-5.14677430499199,4.40463703393963,523.566968306691,515.829626566016,-7.73734174067499,5.18199509191144,24.6025925453891,28.5017109154817,3.89911837009265,5.31613335803969,52.0029791215718,55.3947889561626,3.39180983459084,5.10041191576062,80.9619263156927,81.7631687146005,0.801242398907846,6.40927989113968,27.4003865761827,26.8930780406809,-0.507308535501807,5.63118151325713,56.3593337703036,53.2614577991188,-3.09787597118481,6.2812144779225,28.9589471941209,26.3683797584379,-2.590567435683,5.73090224933459
escs_h_cc,SVK,36,404.876487814606,412.931759961577,8.05527214697122,5.82414856808638,446.299815630457,449.242603374518,2.94278774406075,5.60201281849952,468.493349944328,474.646322988322,6.15297304399445,5.05555838999673,506.727698537853,510.995919602992,4.26822106513959,5.55899366247185,41.4233278158513,36.3108434129408,-5.11248440291047,6.39671320478595,63.6168621297216,61.7145630267448,-1.90229910297677,7.44976970643683,101.851210723247,98.064159641415,-3.78705108183163,8.07871170009199,22.1935343138703,25.403719613804,3.2101852999337,6.52656989597008,60.4278829073954,61.7533162284742,1.32543332107883,7.32177767655558,38.2343485935251,36.3495966146702,-1.88475197885487,6.15447780341893
escs_h_cc,SVN,36,433.480900398384,425.767113961683,-7.71378643670033,4.80381170345288,463.42546160914,447.960562832871,-15.4648987762689,4.82602666554648,492.767288578396,478.425475036388,-14.3418135420087,4.92833670852883,501.75212899202,496.819644445359,-4.93248454666059,4.71578823600366,29.9445612107566,22.193448871188,-7.75111233956858,6.97536216394114,59.2863881800125,52.6583610747042,-6.62802710530838,6.65294172527566,68.2712285936361,71.0525304836758,2.78130189003974,6.79988821683084,29.341826969256,30.4649122035162,1.1230852342602,6.61526580478757,38.3266673828795,48.8590816124879,10.5324142296083,6.43886326105984,8.98484041362354,18.3941694089717,9.40932899534812,6.29329332945119
escs_h_cc,SWE,36,448.405887766213,433.031902125271,-15.3739856409417,5.06295472265536,482.524346904416,471.387406134824,-11.136940769592,4.70647029455396,517.748468124213,515.507952729651,-2.24051539456252,5.44121185035588,542.75395912854,526.050018244781,-16.7039408837584,6.0537196264133,34.1184591382028,38.3555040095525,4.23704487134972,5.94904884385113,69.3425803580003,82.4760506043795,13.1334702463792,6.39009589721255,94.3480713623268,93.0181161195102,-1.32995524281665,7.4143594250065,35.2241212197974,44.1205465948269,8.89642537502948,6.25716601407174,60.229612224124,54.6626121099577,-5.56700011416638,7.03149573596546,25.0054910043266,10.5420655151307,-14.4634254891959,6.92610278995631
escs_h_cc,TUR,36,431.521117524796,446.580245388278,15.0591278634814,4.27424083871315,446.016458358443,466.93940156652,20.9229432080769,4.00842725533651,455.739315496356,482.78122456591,27.0419090695545,4.88745694908778,496.853196181181,524.471949250181,27.6187530689999,4.66940264894091,14.4953408336465,20.359156178242,5.86381534459548,4.64378070967717,24.2181979715596,36.2009791776326,11.9827812060731,5.57126271514636,65.3320786563845,77.891703861903,12.5596252055184,6.14142769142151,9.72285713791302,15.8418229993906,6.11896586147759,4.84957416918901,50.836737822738,57.5325476836609,6.69580986092296,5.43184261465812,41.113880684825,41.6907246842703,0.576843999445373,5.57251159894108
escs_h_cc,USA,36,469.509802473468,461.145877340317,-8.36392513315082,7.74198005740859,492.255127938468,491.412127863697,-0.843000074771169,7.6479242944661,522.26513699671,512.859236331685,-9.40590066502489,9.81238415851925,559.496677678942,566.67336376556,7.17668608661768,15.6721826330949,22.7453254649994,30.2662505233791,7.52092505837965,8.3124545412545,52.7553345232422,51.7133589913681,-1.04197553187407,10.6961610275581,89.9868752054737,105.527486425242,15.5406112197685,16.3707317779467,30.0100090582427,21.447108467989,-8.56290059025372,10.4095895554846,67.2415497404742,75.2612359018631,8.01968616138885,15.9952705009566,37.2315406822315,53.8141274338741,16.5825867516426,13.4565373725274
escs_h_cc,OECD,36,444.438893768033,439.848436922606,-4.59045684542792,1.39425082215885,472.33875101818,467.759820854531,-4.57893016364818,1.36937652384902,499.50911037334,493.541154951246,-5.96795542209418,1.3864317574957,525.257657395858,516.893565893545,-8.36409150231305,1.47522378766778,27.8998572501462,27.911383931926,0.0115266817797419,1.01766598247294,55.0702166053066,53.6927180286403,-1.37749857666626,1.1013285849545,80.8187636278244,77.0451289709393,-3.77363465688512,1.2701790826606,27.1703593551604,25.7813340967144,-1.389025258446,1.00847877720061,52.9189063776782,49.1337450390133,-3.78516133866486,1.17155369796688,25.7485470225178,23.3524109422989,-2.39613608021887,1.09259558489242
escs_h_cc,OECD35,35,444.380727862177,440.184942078755,-4.19578578342185,1.4059995972593,472.453265502742,468.230191716166,-4.22307378657695,1.38104266927696,499.681247315805,494.052563568993,-5.62868374681182,1.39924334935092,525.530080901318,517.567278803408,-7.96280209791019,1.49140177864201,28.0725376405651,28.0452496374101,-0.0272880031550926,1.04111157199272,55.3005194536276,53.8676214902376,-1.43289796338996,1.12685483704437,81.1493530391408,77.3823367246525,-3.76701631448833,1.29951632861311,27.2279818130624,25.8223718528275,-1.40560996023487,1.03280975709285,53.0768153985757,49.3370870872424,-3.73972831133324,1.19925009555063,25.8488335855133,23.5147152344149,-2.33411835109837,1.11868249041172
escs_h_min3,AUS,36,454.429192629695,451.139602357115,-3.28959027257991,3.8311490245691,484.688902837091,483.57554189851,-1.11336093858114,3.77647449660632,521.457593375357,513.323235721758,-8.13435765359873,4.07713045838981,540.197864301035,534.344343313262,-5.8535209877731,3.99730515005364,30.2597102073963,32.4359395413951,2.17622933399878,4.70025343418867,67.0284007456618,62.183633364643,-4.84476738101881,4.92026516480677,85.7686716713396,83.2047409561465,-2.56393071519318,4.80108483643618,36.7686905382655,29.7476938232479,-7.02099671501759,4.70310982283378,55.5089614639433,50.7688014147514,-4.74016004919196,4.48528062149297,18.7402709256778,21.0211075915034,2.28083666582563,4.42982884492603
escs_h_min3,AUT,36,431.408052118927,427.255101338283,-4.15295078064418,5.34308682170294,466.712966885125,463.039077484485,-3.67388940064012,4.89614468467363,502.22282244474,483.492405851266,-18.730416593474,4.43621062521193,533.040053661568,515.870047609656,-17.1700060519116,4.52349411218947,35.3049147661984,35.7839761462025,0.479061380004055,6.2257081814989,70.8147703258133,56.2373045129834,-14.5774658128299,5.45246720480897,101.632001542641,88.6149462713733,-13.0170552712675,6.41019724287609,35.5098555596148,20.4533283667809,-15.0565271928339,5.3974390366959,66.3270867764424,52.8309701251708,-13.4961166512715,5.45840839252742,30.8172312168275,32.3776417583899,1.56041054156242,4.76336929371895
escs_h_min3,BEL,36,427.710043243522,432.117704106963,4.40766086344092,5.66633335018045,462.52171152478,458.811926144702,-3.70978538007768,4.7991307582532,503.252445701648,498.96631219028,-4.28613351136795,4.79499169964089,531.995570552303,518.959834413518,-13.0357361387843,4.94911196294767,34.8116682812575,26.6942220377389,-8.1174462435186,5.97184696176005,75.5424024581259,66.8486080833171,-8.69379437480887,6.61687394098945,104.285527308781,86.8421303065554,-17.4433970022252,7.11783351853508,40.7307341768685,40.1543860455782,-0.576348131290274,5.70070013506622,69.4738590275231,60.1479082688165,-9.3259507587066,6.22729793227607,28.7431248506546,19.9935222232383,-8.74960262741632,5.56999550908137
escs_h_min3,CAN,36,472.635944518167,459.254562678542,-13.3813818396251,3.9216138384159,499.099548812111,489.544536399113,-9.55501241299828,3.31866713326162,524.693749631835,515.478669021822,-9.21508061001305,3.52748937428872,542.870426269819,526.904744910784,-15.9656813590345,4.65963423288045,26.4636042939436,30.2899737205704,3.8263694266268,4.21417864879309,52.0578051136673,56.2241063432794,4.16630122961203,4.82646235579494,70.2344817516516,67.6501822322422,-2.58429951940946,5.41077918755484,25.5942008197237,25.9341326227089,0.339931802985234,3.91871294655025,43.770877457708,37.3602085116718,-6.41066894603625,5.15626122197093,18.1766766379843,11.4260758889628,-6.75060074902149,4.61308493089918
escs_h_min3,CHE,36,428.929799941669,432.093561865447,3.16376192377851,5.18767094282224,466.458184191606,460.427621164149,-6.0305630274579,4.94116675715771,506.554278541404,493.661749063404,-12.8925294780003,4.99477068727653,541.91658285206,523.983652055101,-17.9329307969595,5.09065370634501,37.5283842499375,28.3340592987011,-9.19432495123641,5.78130090706688,77.624478599735,61.5681871979562,-16.0562914017788,5.70959767466782,112.986782910391,91.8900901896532,-21.096692720738,6.8469051027351,40.0960943497975,33.2341278992551,-6.86196645054241,5.64077643055131,75.4583986604537,63.5560308909521,-11.9023677695016,6.1422275397748,35.3623043106562,30.321902991697,-5.04040131895914,6.09437418741366
escs_h_min3,CHL,36,417.552555096543,408.982067262796,-8.57048783374745,6.06105528186891,439.14087623045,427.662718546866,-11.4781576835836,5.11715804681215,457.748302534599,440.512762937345,-17.2355395972543,5.4030529412298,486.45464533388,486.528181580167,0.0735362462870057,4.83822603624782,21.5883211339064,18.6806512840703,-2.90766984983617,6.76944801120713,40.1957474380561,31.5306956745492,-8.66505176350688,6.86836777611676,68.9020902373372,77.5461143173716,8.64402408003446,7.65844010447196,18.6074263041497,12.850044390479,-5.75738191367071,6.04199482126717,47.3137691034307,58.8654630333014,11.5516939298706,5.51635757143883,28.7063427992811,46.0154186428224,17.3090758435413,6.08078451230769
escs_h_min3,COL,36,369.140001198854,362.838118827461,-6.30188237139242,4.68422669992982,392.236793929255,393.011406869784,0.77461294052921,5.165790612999,414.732892138926,410.547775958789,-4.18511618013724,6.13372081906903,465.648440145344,454.369196305544,-11.2792438397994,7.95880636732038,23.096792730401,30.1732880423226,7.07649531192163,5.62141282080039,45.5928909400723,47.7096571313275,2.11676619125518,6.4776979525569,96.5084389464902,91.5310774780832,-4.97736146840697,9.04049461520498,22.4960982096713,17.5363690890049,-4.95972912066645,5.08682922432005,73.4116462160892,61.3577894357606,-12.0538567803286,8.32988315187904,50.9155480064179,43.8214203467557,-7.09412765966215,8.30928895623965
escs_h_min3,CZE,36,440.783653263989,430.75181771421,-10.0318355497797,4.81333657747839,477.352205612305,461.617532167809,-15.7346734444957,4.625665233571,499.379402757761,479.525140176836,-19.854262580925,4.79993981276985,539.932406660782,517.056881928951,-22.875524731831,5.37816128409245,36.5685523483156,30.8657144535995,-5.70283789471608,5.4467708849823,58.5957494937712,48.7733224626259,-9.82242703114531,5.55437667710304,99.148753396793,86.3050642147417,-12.8436891820513,7.09110613563596,22.0271971454556,17.9076080090264,-4.11958913642923,5.12346293942278,62.5802010484774,55.4393497611422,-7.14085128733524,6.30088682466499,40.5530039030218,37.5317417521158,-3.02126215090601,6.05278499295129
escs_h_min3,DEU,36,438.16745359717,420.865744958573,-17.3017086385971,5.9826419000393,471.053183118403,464.340582712237,-6.71260040616687,5.56640094319406,497.600552083478,494.628218017701,-2.97233406577709,6.16364298118263,539.095747315245,537.60770328213,-1.4880440331151,5.82606972187939,32.8857295212336,43.4748377536639,10.5891082324302,6.43075975465142,59.4330984863078,73.7624730591278,14.32937457282,6.83601969897317,100.928293718075,116.741958323557,15.813664605482,7.70420656200337,26.5473689650742,30.287635305464,3.74026634038978,6.06694910195477,68.0425641968414,73.2671205698932,5.22455637305177,6.44379130488495,41.4951952317672,42.9794852644292,1.48429003266199,6.94638188763879
escs_h_min3,DNK,36,452.34661115933,429.863072670697,-22.4835384886336,4.52327563961651,485.646443867885,458.907821777392,-26.7386220904929,4.96605919552745,511.305678194551,484.488225607635,-26.8174525869166,5.25783871315375,513.699886078466,492.819035113123,-20.880850965343,5.74182361237748,33.2998327085548,29.0447491066956,-4.25508360185927,5.68163432045697,58.9590670352208,54.6251529369378,-4.333914098283,5.82177101466568,61.353274919136,62.9559624424266,1.60268752329057,6.93671533917503,25.659234326666,25.5804038302422,-0.0788304964237341,6.16819837637268,28.0534422105812,33.911213335731,5.85777112514984,6.47320695233431,2.39420788391521,8.33080950548879,5.93660162157357,6.64377611135294
escs_h_min3,ESP,36,439.58865468163,420.497324798276,-19.0913298833546,3.80392194884564,463.709162247953,443.440209448527,-20.2689527994262,3.40082714381664,488.920847348276,469.382725142449,-19.5381222058267,3.0372040521314,512.795856119913,489.358289813177,-23.4375663067363,3.42673111582836,24.1205075663231,22.9428846502514,-1.17762291607164,3.79589956875812,49.3321926666457,48.8854003441736,-0.446792322472106,3.95942825888689,73.2072014382828,68.8609650149011,-4.3462364233817,4.57826031961469,25.2116851003227,25.9425156939222,0.730830593599535,3.43966087397243,49.0866938719597,45.9180803646497,-3.16861350731006,4.22807444329301,23.8750087716371,19.9755646707275,-3.89944410090959,3.80272741515245
escs_h_min3,EST,36,480.930712789259,461.421512677226,-19.5092001120327,4.70284515614545,497.401654364788,488.729424859838,-8.67222950494971,4.82540998449156,523.143738266484,518.37131959103,-4.77241867545342,4.47270669276699,546.63339132255,535.556945946933,-11.076445375617,5.08212084431263,16.470941575529,27.3079121826119,10.8369706070829,5.58042685351628,42.213025477225,56.9498069138043,14.7367814365792,5.43111578737721,65.7026785332914,74.135433269707,8.43275473641563,6.06424669406811,25.7420839016961,29.6418947311923,3.89981082949629,5.51196774181658,49.2317369577624,46.8275210870951,-2.40421587066732,5.55336013408388,23.4896530560663,17.1856263559027,-6.3040267001636,5.30139323065013
escs_h_min3,FIN,36,455.498929551118,441.708947085225,-13.7899824658937,4.23468698426931,477.854000747591,467.543829491783,-10.3101712558077,4.1142318872294,510.217674416912,498.021273380555,-12.1964010363567,4.38156405582009,529.071205352843,517.754496421271,-11.3167089315721,4.40878978106468,22.355071196473,25.8348824065589,3.47981121008593,4.99146846672576,54.7187448657933,56.3123262953303,1.59358142953693,5.15560711656035,73.5722758017248,76.0455493360464,2.47327353432161,5.40815266474233,32.3636736693204,30.4774438887713,-1.886229780549,5.10374284737692,51.2172046052518,50.2106669294875,-1.00653767576432,5.26540408981332,18.8535309359315,19.7332230407162,0.879692104784681,5.29084284024647
escs_h_min3,FRA,36,425.761831409596,419.725167926304,-6.0366634832921,5.38248190503489,459.836278865532,447.388207498608,-12.4480713669237,5.1788063672833,488.732654665809,479.318227125336,-9.41442754047262,5.57638459085121,530.428628591579,514.493012768692,-15.9356158228876,5.87846061970341,34.0744474559357,27.6630395723041,-6.41140788363163,6.07225567539785,62.9708232562126,59.5930591990321,-3.37776405718051,6.31516811989575,104.666797181983,94.767844842388,-9.8989523395955,7.39437992099689,28.8963758002768,31.9300196267279,3.03364382645111,5.73538901546811,70.5923497260477,67.1048052700838,-3.48754445596387,6.79480158968172,41.6959739257709,35.1747856433559,-6.52118828241498,5.98169426291742
escs_h_min3,GBR,36,469.936798380573,469.517209643077,-0.419588737495644,4.73253046394386,486.922518051894,489.834330202163,2.91181215026865,4.84482744312369,507.124454945202,510.861273291618,3.73681834641582,4.4654191361579,540.252239387035,535.868426336558,-4.38381305047767,6.32594503952811,16.9857196713214,20.3171205590857,3.33140088776429,6.27501754900287,37.1876565646297,41.3440636485411,4.15640708391146,5.75509407812632,70.3154410064626,66.3512166934805,-3.96422431298203,7.70756183834555,20.2019368933082,21.0269430894554,0.825006196147172,5.67967517225584,53.3297213351411,46.0340961343948,-7.29562520074632,7.34062729445399,33.1277844418329,25.0071530449394,-8.12063139689349,6.86264398390942
escs_h_min3,GRC,36,406.537658982675,389.678369035295,-16.8592899473802,5.52944959324535,426.540750884939,413.177774652421,-13.3629762325173,4.71911922579185,446.32450489791,444.320046567964,-2.00445832994569,5.07569083731408,478.402056905591,463.489575699931,-14.9124812056596,5.71474461728386,20.0030919022635,23.4994056171263,3.49631371486288,5.32986647281724,39.7868459152349,54.6416775326694,14.8548316174345,6.07346683887285,71.8643979229155,73.8112066646361,1.94680874172064,7.47506790347245,19.7837540129714,31.1422719155431,11.3585179025716,4.80752959622099,51.861306020652,50.3118010475098,-1.54950497314223,5.73187989005525,32.0775520076806,19.1695291319667,-12.9080228757139,6.22353406422398
escs_h_min3,HUN,36,417.829314031286,409.34385044979,-8.48546358149571,5.82715694548992,452.01228361465,441.688921516917,-10.3233620977336,4.77144888448687,490.888061019757,470.30865297813,-20.5794080416262,5.23302478627358,533.275052248371,500.774833284305,-32.500218964066,6.02182409197899,34.1829695833643,32.3450710671264,-1.83789851623789,6.47250411303112,73.0587469884707,60.9648025283402,-12.0939444601305,7.19461466632333,115.445738217085,91.4309828345152,-24.0147553825703,8.25317858166511,38.8757774051064,28.6197314612138,-10.2560459438926,6.02950721306316,81.2627686337212,59.0859117673888,-22.1768568663324,7.33372847064929,42.3869912286148,30.466180306175,-11.9208109224398,6.55971854119034
escs_h_min3,IRL,36,481.950464443214,467.063919566892,-14.8865448763219,3.94024810876575,506.799984330168,487.840975283908,-18.9590090462597,3.89641954211628,529.903806925556,518.282841789216,-11.6209651363398,4.26069888109268,549.333097841868,540.608907965556,-8.72418987631181,4.06612572227482,24.8495198869537,20.7770557170159,-4.0724641699378,4.72658321401846,47.9533424823416,51.2189222223236,3.26557973998206,5.13925263022921,67.3826333986541,73.5449883986642,6.16235500001005,5.11058243537768,23.1038225953879,30.4418665053078,7.33804390991986,4.85348029448024,42.5331135117004,52.7679326816483,10.2348191699479,4.77293451068172,19.4292909163125,22.3260661763405,2.89677526002799,4.60131716339544
escs_h_min3,ISL,36,397.755349229656,395.591260808203,-2.16408842145364,5.03221103459936,430.458396513505,426.542824271723,-3.91557224178155,5.15038176426192,457.135648520629,450.74925621521,-6.38639230541918,5.33303901662129,465.140579379749,465.129590591042,-0.0109887887074365,4.97289070502726,32.7030472838487,30.9515634635208,-1.75148382032791,7.15683485616293,59.3802992909725,55.1579954070069,-4.22230388396554,7.25214342271741,67.3852301500929,69.5383297828391,2.1530996327462,6.97797945217382,26.6772520071238,24.2064319434862,-2.47082006363763,7.12469071464757,34.6821828662443,38.5867663193184,3.90458345307411,6.7348050828544,8.00493085912046,14.3803343758322,6.37540351671174,6.95778338051782
escs_h_min3,ISR,36,412.118295983664,413.631563552605,1.51326756894167,6.53301545417269,465.676700784573,443.143549597658,-22.5331511869151,5.98642056087439,507.845202112897,471.961664344665,-35.8835377682316,6.18967230648387,523.687162574005,489.403400204455,-34.2837623695498,7.14625051689033,53.5584048009097,29.5119860450529,-24.0464187558568,7.50648137746377,95.7269061292334,58.3301007920601,-37.3968053371733,7.65569885867434,111.568866590341,75.7718366518498,-35.7970299384915,8.63618732277209,42.1685013283237,28.8181147470072,-13.3503865813165,6.93833769761831,58.0104617894316,46.2598506067969,-11.7506111826347,7.73425675684398,15.8419604611079,17.4417358597897,1.5997753986818,7.37354333509443
escs_h_min3,ITA,36,447.618048061836,436.821972245535,-10.7960758163003,4.99954986882362,473.270737991012,466.183605838516,-7.08713215249679,4.82380474527454,492.574843642595,487.841365720785,-4.73347792181056,4.61760838753376,517.137687134252,517.650190846758,0.512503712505918,5.38785478510365,25.6526899291767,29.3616335929802,3.7089436638035,5.37400772984586,44.9567955807598,51.0193934752495,6.06259789448973,5.80609379783018,69.5196390724166,80.8282186012228,11.3085795288062,6.82353552527356,19.3041056515831,21.6577598822693,2.35365423068623,5.0098948011625,43.8669491432399,51.4665850082426,7.59963586500271,6.29778063027791,24.5628434916568,29.8088251259733,5.24598163431648,5.17378727942047
escs_h_min3,JPN,36,483.644095654355,467.966310186873,-15.6777854674816,7.11752185813233,510.162789556174,499.054947757635,-11.1078417985395,5.36755360268853,528.81626680736,518.639258387249,-10.1770084201116,5.88552582502264,543.558044256531,540.0111525637,-3.54689169283063,6.66882342479084,26.5186939018193,31.0886375707613,4.56994366894202,6.71866549382639,45.1721711530054,50.6729482003754,5.50077704736992,7.55339515473225,59.9139486021761,72.044842376827,12.1308937746509,8.80356236660379,18.6534772511861,19.584310629614,0.930833378427906,5.932957283728,33.3952547003568,40.9562048060657,7.56095010570891,7.35723810520965,14.7417774491706,21.3718941764516,6.63011672728101,5.99676929642368
escs_h_min3,KOR,36,477.633017018222,462.371034687367,-15.2619823308555,6.75393403218906,502.184009763309,500.48388444072,-1.7001253225888,6.08986448704436,528.900927533108,520.848196233083,-8.0527313000249,6.06889856250802,554.399097096858,532.144858216742,-22.2542388801158,6.07775845991942,24.5509927450872,38.1128497533538,13.5618570082667,7.21883696589651,51.2679105148861,58.4771615457167,7.20925103083056,7.97292480983614,76.7660800786357,69.7738235293753,-6.99225654926039,7.78392891015801,26.716917769799,20.3643117923629,-6.3526059774361,6.50606476266089,52.2150873335485,31.6609737760215,-20.554113557527,7.11352938083833,25.4981695637496,11.2966619836586,-14.2015075800909,7.31066220759329
escs_h_min3,LTU,36,435.461228016816,434.691833003178,-0.769395013638359,4.44919057428242,458.412097573026,460.760528585121,2.34843101209486,3.93346492734984,489.80703673502,489.62958724342,-0.177449491599873,4.48279750244719,510.342614140644,498.786870881333,-11.5557432593112,5.32684123796633,22.95086955621,26.0686955819432,3.11782602573322,5.0489785589652,54.3458087182042,54.9377542402427,0.591945522038486,5.7731075145721,74.881386123828,64.0950378781552,-10.7863482456728,6.76546303155079,31.3949391619942,28.8690586582994,-2.52588050369474,5.73616697872635,51.9305165676179,38.0263422962119,-13.904174271406,5.90467578906897,20.5355774056238,9.15728363791249,-11.3782937677113,5.89661760590766
escs_h_min3,LVA,36,440.870299254958,410.781950096338,-30.0883491586203,4.59037678215746,464.296054269236,433.119905367582,-31.1761489016544,4.81718638198218,488.316446243529,457.139802793116,-31.1766434504128,4.46927898223005,509.933846037409,466.522022140179,-43.4118238972304,4.71330277633783,23.4257550142784,22.3379552712443,-1.08779974303411,5.35258389756271,47.4461469885711,46.3578526967786,-1.08829429179252,5.58909082022562,69.0635467824511,55.740072043841,-13.3234747386101,6.04280799674396,24.0203919742928,24.0198974255343,-0.000494548758410929,5.31877466790921,45.6377917681727,33.4021167725967,-12.235674995576,5.83838239262725,21.6173997938799,9.3822193470624,-12.2351804468175,5.7418524558906
escs_h_min3,MEX,36,381.134632046197,376.42234062382,-4.71229142237746,4.30724055930991,401.071419350706,399.451869973155,-1.61954937755121,4.21620087777323,422.435763138298,415.295712149281,-7.14005098901686,4.89248838713666,457.680928634775,447.868400636356,-9.81252799841974,6.04360503312413,19.9367873045084,23.0295293493346,3.09274204482625,4.50505923885345,41.3011310921002,38.8733715254608,-2.4277595666394,5.63114921298259,76.5462965885778,71.4460600125355,-5.10023657604228,7.10614313940968,21.3643437875918,15.8438421761262,-5.52050161146565,4.71757924491747,56.6095092840694,48.4165306632009,-8.19297862086853,6.5779853382033,35.2451654964776,32.5726884870747,-2.67247700940288,6.23190024597014
escs_h_min3,NLD,36,418.032947171921,400.756979023147,-17.2759681487736,7.23046698350393,439.981935478169,430.717239719708,-9.26469575846102,6.85133232307271,486.792009124383,466.8015410553,-19.9904680690831,5.81979581165087,508.727469197565,494.653492169415,-14.07397702815,6.2120364241737,21.9489883062482,29.9602606965608,8.01127239031263,7.23562707902685,68.7590619524626,66.0445620321531,-2.71449992030944,7.92995869745996,90.6945220256441,93.8965131462677,3.20199112062363,9.13721242171598,46.8100736462144,36.0843013355923,-10.7257723106221,7.2300610152609,68.7455337193959,63.9362524497069,-4.809281269689,8.08464455344414,21.9354600731815,27.8519511141146,5.91649104093307,6.82202086573068
escs_h_min3,NOR,36,438.067653201932,416.164724217621,-21.9029289843117,4.74650772911829,469.173524795593,450.797992040306,-18.3755327552866,4.9494861168685,498.121286396349,481.20170437015,-16.9195820261987,4.58202690440258,513.835560867179,495.75464241372,-18.0809184534585,5.3703042861805,31.1058715936607,34.6332678226858,3.5273962290251,5.91268472228111,60.0536331944168,65.0369801525297,4.98334695811298,6.47822915510936,75.7679076652463,79.5899181960995,3.82201053085322,6.87464206358949,28.9477616007561,30.4037123298439,1.45595072908787,5.55754177599688,44.6620360715856,44.9566503734137,0.294614301828119,6.70568571695355,15.7142744708295,14.5529380435698,-1.16133642725976,5.81664285091836
escs_h_min3,NZL,36,459.110639089056,466.792520178678,7.6818810896221,4.66600519911547,497.115508091537,486.468413812006,-10.6470942795304,5.12124995006361,523.101884188072,527.107218319593,4.00533413152073,5.42850073449465,545.479512516085,552.345804916827,6.8662924007416,5.08064587101944,38.0048690024807,19.6758936333281,-18.3289753691525,6.15058776846942,63.9912450990161,60.3146981409148,-3.67654695810137,6.71807748992397,86.368873427029,85.5532847381485,-0.815588688880496,6.68578747450573,25.9863760965354,40.6388045075866,14.6524284110512,6.7380293999458,48.3640044245483,65.8773911048203,17.5133866802721,6.94171904915957,22.3776283280129,25.2385865972337,2.86095826922087,6.76770141775134
escs_h_min3,POL,36,450.100420726538,446.372991231376,-3.72742949516231,5.18239234860941,475.00980917745,470.710336901454,-4.29947227599621,4.96179157452575,503.234179694673,506.462627709946,3.22844801527231,5.30431958788392,535.734931824928,526.197852654748,-9.53707917017971,5.83795931813658,24.9093884509119,24.337345670078,-0.572042780833897,5.46318829535897,53.1337589681349,60.0896364785696,6.95587751043462,6.26705339082741,85.6345110983894,79.824861423372,-5.8096496750174,7.73111882485828,28.2243705172231,35.7522908084916,7.52792029126852,5.73456534185395,60.7251226474775,55.487515753294,-5.2376068941835,6.97453254871327,32.5007521302545,19.7352249448024,-12.765527185452,6.57013912498438
escs_h_min3,PRT,36,437.719573351375,427.032655797682,-10.6869175536932,5.23418359749808,462.667598566731,452.403257055434,-10.2643415112968,4.99527562488424,489.807857443095,477.210009759455,-12.5978476836399,4.4171654277738,521.265219366335,508.509686872221,-12.7555324941139,5.32261775237473,24.9480252153553,25.3706012577517,0.422576042396372,5.11947288096924,52.0882840917194,50.1773539617726,-1.91093012994673,5.28102092634183,83.5456460149594,81.4770310745387,-2.06861494042073,6.53479046737965,27.140258876364,24.8067527040209,-2.33350617234311,5.25953157306696,58.5976207996041,56.106429816787,-2.4911909828171,6.41157779395231,31.4573619232401,31.2996771127661,-0.157684810473995,5.56647389847737
escs_h_min3,SVK,36,393.863630233713,397.420623065953,3.55699283224061,5.81876750501919,439.308298258724,442.329513617496,3.02121535877205,5.75659834341706,456.749984292154,465.446136733858,8.69615244170404,5.31077722196385,500.067401662713,504.196330048709,4.12892838599521,5.66205267923279,45.444668025011,44.9088905515425,-0.535777473468556,6.59945448030209,62.8863540584414,68.0255136679048,5.13915960946343,7.21425807884411,106.203771429001,106.775706982755,0.571935553754599,8.08294301869935,17.4416860334304,23.1166231163623,5.67493708293199,6.10159763812763,60.7591034039896,61.8668164312127,1.10771302722316,7.33044258005381,43.3174173705592,38.7501933148504,-4.56722405570883,6.22184504833601
escs_h_min3,SVN,36,431.543470487582,416.181526722578,-15.3619437650038,4.37935373914608,458.343391996496,439.538404714739,-18.804987281757,4.48061139019097,488.5945778281,469.832405673671,-18.7621721544293,4.34448960432314,500.043376067301,485.910166563064,-14.133209504237,4.33912080571027,26.799921508914,23.3568779921609,-3.44304351675311,6.04062236808755,57.0511073405182,53.6508789510928,-3.40022838942542,5.75046766013234,68.4999055797193,69.7286398404862,1.22873426076688,6.28150091506551,30.2511858316042,30.2940009589319,0.0428151273276853,5.90492795430594,41.6999840708053,46.3717618483253,4.67177777751999,6.18437495410064,11.448798239201,16.0777608893933,4.62896265019231,5.84304171334298
escs_h_min3,SWE,36,439.218853401556,418.629944447395,-20.5889089541614,5.00644245726169,474.308998693434,461.48182878699,-12.8271699064441,4.85131608705028,510.840230389922,503.381869128439,-7.45836126148225,5.32581030935208,536.326182593902,515.321549364664,-21.0046332292385,6.22148369359809,35.0901452918782,42.8518843395955,7.7617390477173,5.59786062969191,71.6213769883657,84.7519246810449,13.1305476926792,6.29453434499312,97.1073291923464,96.6916049172693,-0.415724275077082,7.64337488647988,36.5312316964876,41.9000403414494,5.36880864496186,5.86923325128967,62.0171839004683,53.8397205776739,-8.17746332279438,6.58187751175514,25.4859522039807,11.9396802362244,-13.5462719677562,6.7003221833536
escs_h_min3,TUR,36,430.593248755435,441.046487150455,10.4532383950196,4.29802661468928,444.671578354703,464.009309398837,19.337731044134,3.89094913215483,454.343884813426,476.255436383438,21.911551570012,4.76752421989153,495.265943126595,518.93198066134,23.666037534745,4.82211463479496,14.0783295992682,22.9628222483826,8.88449264911446,4.70444264002325,23.7506360579906,35.208949232983,11.4583131749924,5.3091688766752,64.6726943711595,77.885493510885,13.2127991397254,6.07368778577885,9.6723064587224,12.2461269846003,2.57382052587792,4.50648010688544,50.5943647718914,54.9226712625023,4.32830649061094,5.52202679924213,40.922058313169,42.676544277902,1.75448596473302,5.51585222056691
escs_h_min3,USA,36,462.418653807936,445.709720476567,-16.7089333313694,7.97760268781445,488.185011106864,481.00193856692,-7.18307253994362,8.45972175342117,513.605232335196,499.527950943158,-14.0772813920386,9.61443506682697,555.518494322677,559.492370523529,3.97387620085146,15.3659692048468,25.7663572989276,35.2922180903533,9.52586079142577,9.42764279262639,51.18657852726,53.8182304665908,2.63165193933082,10.2174310180794,93.0998405147411,113.782650046962,20.6828095322209,16.836323579043,25.4202212283324,18.5260123762375,-6.89420885209495,9.88007265540142,67.3334832158135,78.4904319566086,11.1569487407951,14.5464217554142,41.9132619874811,59.9644195803711,18.05115759289,13.9814618370314
escs_h_min3,OECD,36,437.445603514721,428.014002568821,-9.43160094590075,1.39150394941834,465.841258623271,456.910605237923,-8.93065338534871,1.36523941469649,493.478520031361,483.578405488249,-9.90011454311269,1.3825123583661,520.810755603882,509.03273530604,-11.7780202978416,1.46832991262748,28.3956551085499,28.896602669102,0.500947560552049,0.993616754831748,56.0329165166399,55.564402919428,-0.468513597211938,1.05786416317197,83.3651520891607,81.0187327372199,-2.34641935194088,1.25538241174746,27.63726140809,26.667800250326,-0.969461157763988,0.966014050691556,54.9694969806108,52.1221300681179,-2.84736691249293,1.12810460277547,27.3322355725208,25.4543298177919,-1.87790575472894,1.07320351329193
escs_h_min3,OECD35,35,437.384373481381,428.228764790836,-9.15560869054491,1.40296326762758,465.902175662566,457.295473689048,-8.60670197351789,1.376254195654,493.608739250878,483.983996355271,-9.62474289560674,1.3950624544213,521.039752731995,509.594862320122,-11.4448904118731,1.48424256808228,28.517802181185,29.066708898212,0.548906717027023,1.01623498068839,56.2243657694971,55.7552315644352,-0.469134205061835,1.08219210092668,83.6553792506144,81.3660975292862,-2.28928172132822,1.28460780708824,27.7065635883121,26.6885226662232,-1.01804092208886,0.988742384252449,55.1375770694294,52.2993886310742,-2.83818843835525,1.15403070017768,27.4310134811174,25.610865964851,-1.82014751626639,1.09850648751284
