index,cnt,n_systems,Q1_2022,Q1_2025,Q1_change,Q1_se,Q2_2022,Q2_2025,Q2_change,Q2_se,Q3_2022,Q3_2025,Q3_change,Q3_se,Q4_2022,Q4_2025,Q4_change,Q4_se,Q2-Q1_2022,Q2-Q1_2025,Q2-Q1_change,Q2-Q1_se,Q3-Q1_2022,Q3-Q1_2025,Q3-Q1_change,Q3-Q1_se,Q4-Q1_2022,Q4-Q1_2025,Q4-Q1_change,Q4-Q1_se,Q3-Q2_2022,Q3-Q2_2025,Q3-Q2_change,Q3-Q2_se,Q4-Q2_2022,Q4-Q2_2025,Q4-Q2_change,Q4-Q2_se,Q4-Q3_2022,Q4-Q3_2025,Q4-Q3_change,Q4-Q3_se
escs,AUS,36,453.343570830429,454.723828659078,1.38025782864992,4.29055858243395,480.930322075928,482.578631152151,1.64830907622292,4.0313816727899,518.764961553198,516.500023730417,-2.26493782278101,4.32302441036928,547.824153464697,528.590383992467,-19.2337694722306,4.30813902666945,27.586751245499,27.854802493072,0.268051247572998,5.39261605742632,65.4213907227693,61.7761950713384,-3.64519565143092,5.23263647384958,94.4805826342689,73.8665553333883,-20.6140273008805,5.3143991949103,37.8346394772703,33.9213925782664,-3.91324689900392,4.58123472703447,66.8938313887699,46.0117528403163,-20.8820785484535,4.81606673435683,29.0591919114995,12.0903602620499,-16.9688316494496,4.67628063325434
escs,AUT,36,425.986489813826,430.540181620184,4.5536918063579,5.58862031474792,464.687311996003,460.101801918505,-4.58551007749821,5.44278262263762,504.450559312431,486.539016472047,-17.9115428403837,4.67820055271584,538.342404646101,512.465842187406,-25.8765624586947,4.99105236470409,38.7008221821768,29.5616202983206,-9.13920188385612,6.25669274117424,78.4640694986049,55.9988348518633,-22.4652346467416,5.86752781177333,112.355914832274,81.9256605672218,-30.4302542650526,6.51157964127869,39.7632473164281,26.4372145535427,-13.3260327628855,5.78495540139463,73.6550926500976,52.3640402689011,-21.2910523811965,6.02673503150877,33.8918453336695,25.9268257153585,-7.96501961831103,5.1204621222653
escs,BEL,36,424.796215101853,433.26001771779,8.46380261593708,5.58951887661974,460.026010681303,460.977718833865,0.951708152561935,5.49420560803337,500.594126377246,497.394624630236,-3.19950174701017,5.27582996321894,540.054332397931,517.26250730141,-22.7918250965205,5.49546810788906,35.22979557945,27.7177011160748,-7.51209446337515,6.15194030816166,75.7979112753927,64.1346069124455,-11.6633043629473,6.44907998078991,115.258117296077,84.0024895836196,-31.2556277124576,7.37152506176004,40.5681156959428,36.4169057963707,-4.15120989957211,5.38834945579462,80.0283217166272,56.2847884675447,-23.7435332490824,6.82674386734217,39.4602060206844,19.8678826711741,-19.5923233495103,6.0333494664859
escs,CAN,36,471.879234592232,461.953104623579,-9.92612996865307,3.7907968518767,499.216492852971,492.908638633002,-6.30785421996967,3.7949569326865,522.452001130654,518.105806450338,-4.34619468031679,4.03315310326322,545.649951657753,518.224946454212,-27.4250052035411,4.71928417521418,27.3372582607395,30.9555340094229,3.6182757486834,4.3665370248499,50.5727665384224,56.1527018267587,5.57993528833629,4.81566540299558,73.7707170655214,56.2718418306334,-17.498875234888,5.39574494534596,23.2355082776829,25.1971678173358,1.96165953965289,4.40791692009763,46.4334588047819,25.3163078212105,-21.1171509835714,5.45416829386832,23.197950527099,0.119140003874691,-23.0788105232243,4.6435155464873
escs,CHE,36,425.246105408887,434.503530644414,9.25742523552736,5.23746761590928,466.860863807525,461.364679864929,-5.49618394259522,5.92877213476976,502.680843663982,493.673450310517,-9.00739335346537,5.52598742236329,549.079442650157,520.596132852273,-28.4833097978841,5.50148955338255,41.6147583986377,26.8611492205151,-14.7536091781226,6.45801699321753,77.4347382550954,59.1699196661027,-18.2648185889927,6.22668691371618,123.83333724127,86.092602207859,-37.7407350334115,6.98154135705511,35.8199798564577,32.3087704455875,-3.51120941087015,6.44053823717247,82.2185788426327,59.2314529873439,-22.9871258552889,6.67380719702023,46.398598986175,26.9226825417563,-19.4759164444187,6.49918580001164
escs,CHL,36,413.545167247594,411.96505862153,-1.58010862606386,6.12132077392088,440.75804446469,427.318338677674,-13.4397057870165,5.53585228347498,457.47872226427,441.082614925837,-16.3961073384327,5.73211660422278,489.321241314119,483.296595730206,-6.02464558391318,5.63018078302729,27.2128772170963,15.3532800561437,-11.8595971609526,6.77798322044666,43.9335550166756,29.1175563043067,-14.8159987123689,7.37435156795997,75.7760740665253,71.331537108676,-4.44453695784932,7.95057359147081,16.7206777995793,13.764276248163,-2.95640155141626,6.46532088933023,48.563196849429,55.9782570525323,7.41506020310328,6.4325585365505,31.8425190498497,42.2139808043693,10.3714617545195,6.21757118238065
escs,COL,36,366.824309588969,364.07916878644,-2.74514080252931,5.00780912561929,392.157882387457,393.519109711168,1.3612273237116,5.72471420642418,413.686788334208,409.977873814955,-3.70891451925343,7.35409722866594,468.791046087181,453.120203821416,-15.6708422657651,9.49588736985729,25.3335727984874,29.4399409247283,4.10636812624091,6.26969610186306,46.862478745239,45.8987050285149,-0.96377371672412,7.09967234316173,101.966736498212,89.0410350349761,-12.9257014632358,10.1622737277057,21.5289059467516,16.4587641037866,-5.07014184296503,6.20830700457546,76.6331636997246,59.6010941102478,-17.0320695894767,9.63688943701457,55.1042577529729,43.1423300064612,-11.9619277465117,8.66709879060088
escs,CZE,36,433.776329286659,434.542997650529,0.76666836386994,5.18141253392312,479.087135278021,459.829190653947,-19.257944624074,5.09769547643188,500.6214160593,480.393635761769,-20.2277802975314,5.30915662500339,543.975779774058,514.197861029096,-29.777918744962,5.51380998598158,45.3108059913627,25.2861930034188,-20.0246129879439,5.70614598830382,66.8450867726412,45.8506381112399,-20.9944486614014,6.30964123917405,110.199450487399,79.6548633785671,-30.5445871088319,7.27973510343946,21.5342807812785,20.5644451078211,-0.969835673457453,5.93436780391621,64.8886444960364,54.3686703751483,-10.519974120888,6.24387044015786,43.3543637147578,33.8042252673272,-9.55013844743058,6.5777033619797
escs,DEU,36,435.494246346861,421.741507116814,-13.7527392300473,6.36291395192911,469.015882307149,465.136853548213,-3.87902875893582,6.76490624099718,493.200053939883,494.013554529944,0.813500590061494,6.89908698127282,547.97966276264,536.540372296042,-11.4392904665982,6.51012262163864,33.5216359602878,43.3953464313993,9.87371047111151,6.85958728217772,57.7058075930213,72.2720474131301,14.5662398201088,7.3449514688189,112.485416415779,114.798865179228,2.31344876344912,8.23691760579488,24.1841716327335,28.8767009817308,4.69252934899731,6.20173162600461,78.9637804554912,71.4035187478288,-7.56026170766239,7.23217724393463,54.7796088227577,42.526817766098,-12.2527910566597,7.15617810880609
escs,DNK,36,450.087308698586,431.539078060372,-18.5482306382137,5.06002143640095,480.430556746925,458.399582190425,-22.0309745564998,5.31397694729863,509.661425880891,487.352287778299,-22.3091381025914,5.88657291838559,522.782967845094,488.765170048562,-34.0177977965317,6.41322051952675,30.3432480483391,26.860504130053,-3.48274391828608,6.22004542674825,59.5741171823049,55.8132097179273,-3.76090746437762,6.63166532986448,72.6956591465084,57.2260919881904,-15.4695671583179,7.36517272287687,29.2308691339658,28.9527055878743,-0.278163546091548,6.5439811458163,42.3524110981693,30.3655878581374,-11.9868232400319,7.45493374273182,13.1215419642035,1.41288227026314,-11.7086596939403,8.01124509853553
escs,ESP,36,437.799618578968,422.756119084255,-15.0434994947136,4.09842710254688,461.792770788172,444.206566284934,-17.5862045032384,3.35362847280812,486.994542845387,470.345923776921,-16.6486190684661,3.88837562928715,518.407481299596,485.375527968996,-33.0319533306006,3.49867214707786,23.9931522092041,21.4504472006794,-2.54270500852476,3.75559642175257,49.1949242664189,47.5898046926664,-1.60511957375246,4.32042349202279,80.607862720628,62.619408884741,-17.988453835887,4.71047168994582,25.2017720572147,26.139357491987,0.937585434772302,3.84739320518118,56.6147105114238,41.1689616840616,-15.4457488273623,4.16343031782121,31.4129384542091,15.0296041920745,-16.3833342621346,4.08124217062037
escs,EST,36,477.11388699976,464.182592684183,-12.9312943155771,5.19087556892059,498.119133281964,486.822387613066,-11.2967456688972,5.22720521400071,523.053740554554,520.577772530845,-2.47596802370867,5.41110583602535,549.808684302478,532.493784759695,-17.3148995427827,5.27944659764579,21.0052462822034,22.6397949288833,1.63454864667983,6.41111415538432,45.939853554794,56.3951798466624,10.4553262918684,6.67438715995094,72.694797302718,68.3111920755124,-4.38360522720558,6.36374216770306,24.9346072725905,33.7553849177791,8.82077764518857,6.26288088279514,51.6895510205146,45.6713971466292,-6.01815387388541,5.94753330059942,26.754943747924,11.91601222885,-14.838931519074,5.90170404869352
escs,FIN,36,451.968815464222,444.631716715399,-7.33709874882351,4.4241883325645,475.573031094576,467.672347055526,-7.90068403904934,4.9496813743189,508.739144800887,499.923646627082,-8.81549817380534,4.66369887090114,536.31760596324,512.595830078283,-23.7217758849569,4.55206535095402,23.6042156303533,23.0406303401275,-0.563585290225831,5.78107652076931,56.7703293366646,55.2919299116828,-1.47839942498183,5.45860379473732,84.3487904990175,67.9641133628841,-16.3846771361334,5.77824836246714,33.1661137063113,32.2512995715553,-0.914814134756,5.25993103863629,60.7445748686642,44.9234830227567,-15.8210918459075,5.87604060075298,27.5784611623529,12.6721834512014,-14.9062777111515,5.24531958940782
escs,FRA,36,420.966136456466,421.45789254991,0.491756093444394,5.65813750528416,456.304094020047,448.210355868213,-8.09373815183392,5.95061307682094,492.21411509231,478.876421040801,-13.3376940515089,5.98826013488046,535.234215461125,512.401564507182,-22.8326509539429,6.40483693942268,35.3379575635807,26.7524633183024,-8.58549424527831,6.40937559926665,71.2479786358443,57.418528490891,-13.8294501449533,6.75273107772045,114.268079004659,90.9436719572714,-23.3244070473873,7.82453964997381,35.9100210722636,30.6660651725886,-5.24395589967497,5.86005822421149,78.930121441078,64.1912086389691,-14.738912802109,6.65561754808755,43.0201003688144,33.5251434663804,-9.49495690243401,5.91455587141701
escs,GBR,36,467.830308069847,470.770175503592,2.93986743374495,4.60880793750843,487.344111885948,489.920570383049,2.57645849710121,5.24021304628369,499.076959892734,510.529228458695,11.4522685659617,4.88462794140404,549.953221704983,534.840798505741,-15.1124231992416,6.59451350780796,19.5138038161011,19.1503948794574,-0.363408936643737,6.17365816157488,31.2466518228867,39.7590529551034,8.51240113221672,5.85753995029821,82.1229136351361,64.0706230021496,-18.0522906329865,7.69064278556727,11.7328480067856,20.608658075646,8.87581006886046,5.53641220830245,62.609109819035,44.9202281226922,-17.6888816963428,7.84488894601813,50.8762618122494,24.3115700470462,-26.5646917652032,6.83098948795972
escs,GRC,36,402.367174146462,390.874037150975,-11.4931369954869,5.83397956223962,424.403088708263,412.970823945162,-11.4322647631011,5.55537585818957,446.459792793125,443.689712699074,-2.77008009405108,5.58454100503328,484.445677580017,463.111396225156,-21.3342813548602,5.89389993963068,22.0359145618013,22.0967867941871,0.0608722323857478,5.79349295132,44.0926186466632,52.815675548099,8.72305690143577,6.58591111201002,82.0785034335545,72.2373590741811,-9.84114435937335,7.43018581132115,22.0567040848619,30.7188887539119,8.66218466905002,5.48149757612325,60.0425888717532,50.1405722799941,-9.90201659175909,5.96926648142623,37.9858847868913,19.4216835260822,-18.5642012608091,5.97275257311944
escs,HUN,36,412.053795062579,410.013747808953,-2.04004725362609,6.01012767484892,453.456720183377,443.768264054287,-9.68845612908933,5.82470493622836,492.17580961695,469.007487634537,-23.1683219824137,5.84012839581247,536.217408607297,499.30205979962,-36.9153488076773,6.23714872136858,41.4029251207981,33.7545162453348,-7.64840887546325,7.06512460659793,80.1220145543717,58.9937398255841,-21.1282747287876,7.67989195802902,124.163613544719,89.2883119906675,-34.8753015540512,8.47105931471418,38.7190894335737,25.2392235802493,-13.4798658533244,6.63369776786029,82.7606884239207,55.5337957453327,-27.2268926785879,7.88354814223229,44.041598990347,30.2945721650834,-13.7470268252636,6.70127090146457
escs,IRL,36,479.127644369081,469.089324273332,-10.0383200957491,4.6736767247135,504.012280123037,487.990558721875,-16.0217214011621,4.77410681148315,530.25300089745,517.158418550756,-13.0945823466941,4.27027570776532,554.60061964478,539.53754764271,-15.0630720020698,4.76358865767015,24.884635753956,18.901234448543,-5.983401305413,5.30960760421858,51.125356528369,48.069094277424,-3.056262250945,5.58889569129535,75.4729752756989,70.4482233693782,-5.02475190632072,5.6067029956744,26.240720774413,29.167859828881,2.927139054468,5.30090675266299,50.5883395217429,51.5469889208352,0.95864939909228,5.44993839297551,24.3476187473299,22.3791290919542,-1.96848965537572,5.31833439074229
escs,ISL,36,393.656886478303,397.75751161976,4.10062514145704,5.10400005679737,431.209960150608,427.537898098577,-3.67206205203053,5.60956519553637,449.42906847739,451.169905690479,1.74083721308904,5.07082006476334,475.912491928971,461.528192521932,-14.38429940704,5.17437483456245,37.5530736723051,29.7803864788176,-7.77268719348757,7.47567551949611,55.7721819990874,53.4123940707194,-2.35978792836801,6.98554024573183,82.2556054506688,63.7706809021718,-18.484924548497,7.44339748686646,18.2191083267823,23.6320075919018,5.41289926511956,7.10157036462188,44.7025317783637,33.9902944233542,-10.7122373550094,7.17001154746686,26.4834234515814,10.3582868314524,-16.125136620129,6.8899916390679
escs,ISR,36,412.216137036727,414.793022274117,2.57688523738966,6.42022058171583,458.010270317731,443.802663019108,-14.2076072986233,7.01746699380478,503.48658734459,475.397376255083,-28.0892110895067,6.59437542375926,534.959844358763,484.26341422296,-50.696430135803,6.96342281264454,45.7941332810041,29.0096407449911,-16.784492536013,7.76124874258058,91.2704503078629,60.6043539809666,-30.6660963268964,7.84041994810958,122.743707322036,69.470391948843,-53.2733153731927,8.37052385250301,45.4763170268588,31.5947132359754,-13.8816037908834,7.15301979523768,76.9495740410316,40.4607512038519,-36.4888228371797,7.86114268531645,31.4732570141728,8.86603796787648,-22.6072190462963,7.20871571771964
escs,ITA,36,442.022238393478,437.833713086334,-4.1885253071444,5.13250169729128,475.055977182223,466.81214281169,-8.24383437053245,5.19785985256916,492.299673957422,487.40719638536,-4.89247757206226,5.00369402037038,521.204617093265,516.444295260465,-4.76032183279983,5.95941673906779,33.0337387887443,28.9784297253563,-4.05530906338805,5.63825109981697,50.2774355639435,49.5734832990257,-0.703952264917859,6.15972324626499,79.1823786997869,78.6105821741314,-0.571796525655429,7.1549469203194,17.2436967751992,20.5950535736694,3.35135679847019,5.80558067152581,46.1486399110426,49.6321524487752,3.48351253773262,6.78420507992133,28.9049431358433,29.0370988751058,0.13215573926243,5.41749337757925
escs,JPN,36,477.805897431967,470.918837388774,-6.88706004319238,7.14375875412577,507.588722134808,500.37391171056,-7.21481042424807,6.00293774603189,529.824969688077,518.68481662125,-11.1401530668275,6.48085551226476,550.970054520786,535.683285189325,-15.286769331461,6.89177477830497,29.7828247028414,29.4550743217857,-0.327750381055694,6.43168667050481,52.0190722561108,47.7659792324757,-4.25309302363507,7.2943039003811,73.1641570888198,64.7644478005512,-8.39970928826858,9.15999147786503,22.2362475532694,18.3109049106901,-3.92534264257938,6.47875904424359,43.3813323859785,35.3093734787656,-8.07195890721289,7.75450378617855,21.145084832709,16.9984685680755,-4.14661626463351,6.45719595922122
escs,KOR,36,470.744781165916,462.463261128636,-8.28152003727968,7.71859674333481,503.427752402016,501.78469662705,-1.6430557749664,7.02447317657494,530.002601299118,521.873252316177,-8.129348982941,6.68880539659307,558.964631043264,529.735180109674,-29.22945093359,6.21742450226486,32.6829712361007,39.321435498414,6.63846426231328,7.64586552165314,59.2578201332028,59.4099911875414,0.15217105433868,8.03288601829394,88.2198498773481,67.2719189810378,-20.9479308963103,8.33453952078429,26.5748488971021,20.0885556891275,-6.4862932079746,7.28201098571225,55.5368786412474,27.9504834826238,-27.5863951586236,7.81753253814234,28.9620297441453,7.86192779349631,-21.100101950649,8.02974365586081
escs,LTU,36,432.324854967179,438.35334003435,6.02848506717101,4.57675515929748,456.634423014132,458.465790512084,1.83136749795204,4.44851942708304,486.817123174998,490.009515627447,3.19239245244916,4.69192502586066,518.355468927263,497.062414148024,-21.2930547792385,5.1326392183175,24.3095680469526,20.1124504777337,-4.19711756921896,5.44930094188951,54.4922682078192,51.6561755930973,-2.83609261472185,5.86226060087671,86.0306139600838,58.7090741136743,-27.3215398464095,6.83164818686574,30.1827001608666,31.5437251153637,1.36102495449711,5.52511046320818,61.7210459131312,38.5966236359406,-23.1244222771905,6.05796494278162,31.5383457522646,7.05289852057695,-24.4854472316877,5.49401563210968
escs,LVA,36,438.213122103337,413.540436434935,-24.6726856684021,4.354403686001,462.335143948508,436.478010217023,-25.8571337314855,5.25232642647557,487.158879750377,451.979382003558,-35.1794977468186,5.09543048205974,515.747566092881,465.545195443814,-50.2023706490675,4.59016387959824,24.1220218451713,22.9375737820879,-1.18444806308344,5.42993925482853,48.9457576470402,38.4389455686236,-10.5068120784165,5.65393755617908,77.5344439895442,52.0047590088789,-25.5296849806654,5.79468660064616,24.8237358018689,15.5013717865357,-9.32236401533311,6.05193068512554,53.4124221443729,29.067185226791,-24.3452369175819,6.07314070176791,28.5886863425041,13.5658134402552,-15.0228729022488,5.86412079924761
escs,MEX,36,378.371082111003,376.427826483706,-1.94325562729659,4.40754972247799,401.543327724413,401.146193353224,-0.397134371188145,4.42319387453605,423.320813096663,414.611147868399,-8.70966522826353,6.02396952788395,459.075671046857,446.879450855796,-12.1962201910609,6.7595721079372,23.1722456134098,24.7183668695183,1.54612125610845,4.75462325490506,44.94973098566,38.183321384693,-6.76640960096694,6.33423101169012,80.7045889358537,70.4516243720894,-10.2529645637643,7.53776370853269,21.7774853722502,13.4649545151748,-8.31253085707539,5.88585680605854,57.5323433224439,45.7332575025712,-11.7990858198727,7.14249698504905,35.7548579501938,32.2683029873964,-3.48655496279736,6.87872079024829
escs,NLD,36,414.395207416574,401.684417932365,-12.7107894842087,7.29220076968843,438.621694894113,429.078108241854,-9.54358665225885,7.49263169648632,483.005176318258,466.635458959522,-16.3697173587362,6.95265174800496,517.598613667407,495.524415483239,-22.074198184168,6.20329349120539,24.2264874775391,27.3936903094889,3.16720283194985,7.45402019348224,68.6099689016841,64.9510410271566,-3.65892787452748,8.69598943238034,103.203406250833,93.8399975508734,-9.36340869995928,8.97430937079676,44.383481424145,37.5573507176676,-6.82613070647733,7.53259349536589,78.9769187732936,66.4463072413845,-12.5306115319091,8.38056183538823,34.5934373491486,28.8889565237168,-5.7044808254318,6.83621007456179
escs,NOR,36,434.301271548712,416.95241450925,-17.3488570394622,4.98590413350992,466.906256745411,453.352050454861,-13.5542062905504,5.2646919098206,494.83750987396,478.693790746608,-16.1437191273521,5.42654759632271,523.167658240615,494.915966993667,-28.2516912469479,5.61777146467057,32.6049851966986,36.3996359456104,3.79465074891175,6.23200710506155,60.5362383252474,61.7413762373575,1.2051379121101,6.46466483137434,88.8663866919027,77.963552484417,-10.9028342074857,7.29972784463245,27.9312531285488,25.3417402917471,-2.58951283680165,6.17089870328513,56.261401495204,41.5639165388066,-14.6974849563974,6.5898493625929,28.3301483666553,16.2221762470595,-12.1079721195958,6.45435683873136
escs,NZL,36,456.702187411053,467.865928203802,11.1637407927488,4.70264834865005,494.561166786002,488.483907757574,-6.0772590284281,5.61622933181977,522.337294457757,530.627160740376,8.28986628261851,6.16592183161394,551.095567849654,545.73417841585,-5.36138943380422,5.15853116110456,37.858979374949,20.6179795537721,-17.2409998211769,6.29211838963623,65.6351070467036,62.7612325365734,-2.87387451013029,6.98464394082755,94.3933804386007,77.8682502120477,-16.525130226553,7.09033651948389,27.7761276717546,42.1432529828012,14.3671253110466,7.35375297154084,56.5344010636517,57.2502706582756,0.715869594623882,7.36636639520207,28.7582733918971,15.1070176754744,-13.6512557164227,7.42080692816294
escs,POL,36,443.328286206132,448.229417059189,4.90113085305757,5.40786179753759,476.74433709041,469.993385295465,-6.75095179494542,5.28655072425857,502.205132473506,506.367823461218,4.16269098771176,6.00554834676363,541.817629437709,525.138837892608,-16.6787915451008,5.80953889626267,33.4160508842786,21.7639682362756,-11.652082648003,5.54898263147068,58.8768462673745,58.1384064020286,-0.738439865345811,6.93185608517752,98.489343231577,76.9094208334186,-21.5799223981584,7.96724075231138,25.4607953830958,36.374438165753,10.9136427826572,6.17776308770577,65.0732923472984,55.145452597143,-9.92783975015539,7.01555642981039,39.6124969642025,18.77101443139,-20.8414825328126,6.59505020819014
escs,PRT,36,438.081105891978,428.882060803145,-9.19904508883252,5.46616683104107,462.924633295716,451.814736248402,-11.109897047314,6.00154859803739,483.358253427575,475.568311103033,-7.78994232454181,5.51472403934151,527.092173752344,508.881947653251,-18.2102260990932,5.93539131585874,24.8435274037379,22.9326754452565,-1.91085195848149,5.49647942439318,45.2771475355972,46.6862502998879,1.40910276429071,5.62127487390479,89.0110678603665,79.9998868501058,-9.01118101026066,6.94204601425279,20.4336201318592,23.7535748546314,3.3199547227722,6.27199389062757,64.1675404566286,57.0672114048494,-7.10032905177917,6.92669810486318,43.7339203247693,33.313636550218,-10.4202837745514,6.47479008050598
escs,SVK,36,385.839139154096,400.670766870451,14.8316277163557,6.43487531355295,440.685954021119,441.018842877427,0.33288885630742,6.27107742532861,459.238938545113,464.342139407787,5.1032008626745,6.146973449547,504.071690475806,503.322266105167,-0.74942437063828,5.82074362505068,54.846814867024,40.3480760069757,-14.4987388600483,6.89981519945569,73.3997993910171,63.6713725373359,-9.72842685368119,8.03133746569226,118.23255132171,102.651499234716,-15.581052086994,8.49301751404835,18.5529845239931,23.3232965303602,4.77031200636708,7.06894317411253,63.3857364546861,62.3034232277404,-1.0823132269457,7.85310557161484,44.832751930693,38.9801266973802,-5.85262523331278,6.4106200629404
escs,SVN,36,429.041724627129,419.946409435597,-9.09531519153194,4.61482281589523,453.951956676701,440.459449269449,-13.4925074072522,4.78168270711636,486.629243497448,473.080125313543,-13.5491181839055,4.22608864724007,508.872759931271,478.016397700265,-30.8563622310058,4.52186969037217,24.9102320495724,20.5130398338521,-4.39719221572022,6.51677280850222,57.5875188703195,53.1337158779459,-4.4538029923736,5.82519839913408,79.8310353041418,58.0699882646679,-21.7610470394739,6.51778613304423,32.6772868207471,32.6206760440937,-0.0566107766533719,6.10828864413634,54.9208032545695,37.5569484308158,-17.3638548237537,6.30681073400816,22.2435164338224,4.93627238672207,-17.3072440471003,6.27499819012321
escs,SWE,36,435.152347839848,420.920370749616,-14.2319770902321,5.14817720282847,471.269889712843,461.418138140794,-9.8517515720493,5.78993489020025,510.338003316458,504.2184058436,-6.11959747285806,6.15798653226983,544.466363111395,512.26074510279,-32.205618008605,5.94808317558091,36.1175418729947,40.4977673911774,4.38022551818278,6.18748899358313,75.18565547661,83.298035093984,8.11237961737402,6.81616033152618,109.314015271546,91.3403743531734,-17.973640918373,7.29856516928242,39.0681136036154,42.8002677028066,3.73215409919123,6.7307667186834,73.1964733985517,50.842606961996,-22.3538664365557,7.02948476884651,34.1283597949363,8.04233925918936,-26.086020535747,6.30594127554101
escs,TUR,36,427.707966992312,444.302048580941,16.5940815886284,4.31923414878678,443.193489604422,463.123166638599,19.9296770341779,4.13573812282755,457.095087053236,476.16255578005,19.0674687268141,4.85716112417852,496.832455038475,516.653427876433,19.8209728379584,4.90185421553898,15.4855226121092,18.8211180576587,3.33559544554947,5.08051428438617,29.3871200609232,31.8605071991089,2.47338713818567,5.53011369326164,69.1244880461628,72.3513792954927,3.22689124932998,6.49170068163059,13.901597448814,13.0393891414502,-0.862208307363801,4.97947476200746,53.6389654340536,53.5302612378341,-0.108704196219492,5.44689305109994,39.7373679852395,40.4908720963838,0.753504111144309,5.74181336138356
escs,USA,36,459.465284415736,449.65511569706,-9.81016871867638,8.32660701736164,487.039099626671,476.962844188071,-10.0762554386004,9.10796966289611,512.597921863716,503.610639370393,-8.98728249332345,14.1475916018125,560.221109317314,554.882066416343,-5.33904290097166,16.9793678903906,27.5738152109354,27.3077284910113,-0.266086719924033,10.2076079723579,53.1326374479802,53.9555236733331,0.822886225352931,13.9088275076098,100.755824901578,105.226950719283,4.47112581770472,17.7274525361119,25.5588222370448,26.6477951823218,1.08897294527696,13.7927889868398,73.1820096906428,77.9192222282716,4.73721253762875,16.8019929579468,47.623187453598,51.2714270459498,3.64823959235179,14.3960500067286
escs,OECD,36,433.877107701521,430.106138265649,-3.77096943587225,1.41497264144911,464.6077718892,457.105620960328,-7.50215092887214,1.42879950296173,492.126118961809,484.043902867138,-8.0822160946712,1.46850635026229,526.922562861036,506.255283405336,-20.6672794557,1.51366806353258,30.7306641876789,26.9994826946791,-3.73118149299989,1.05144605219384,58.2490112602878,53.9377646014889,-4.31124665879895,1.14583884597264,93.0454551595145,76.1491451396868,-16.8963100198278,1.30478934310823,27.5183470726089,26.9382819068098,-0.580065165799056,1.07446601921432,62.3147909718356,49.1496624450077,-13.1651285268279,1.21561129081524,34.7964438992267,22.2113805381979,-12.5850633610288,1.12024408547613
escs,OECD35,35,433.765035962165,430.316138813689,-3.44889714847682,1.42691551457202,464.688200492087,457.474165379625,-7.21403511246172,1.44298931098195,492.272735422278,484.435273698287,-7.83746172399145,1.4834983938336,527.165850905648,506.851847846374,-20.3140030592743,1.53153633519471,30.9231645299211,27.1580265659362,-3.7651379639849,1.07615103301988,58.5076994601126,54.119134884598,-4.38856457551464,1.17209486745243,93.4008149434827,76.5357090326851,-16.8651059107975,1.33530378853229,27.5845349301915,26.9611083186618,-0.623426611529737,1.09968457481265,62.4776504135616,49.3776824667489,-13.0999679468126,1.24467160104934,34.89311548337,22.4165741480871,-12.4765413352829,1.14633560974519
escs_h,AUS,36,454.666305107925,451.307111918331,-3.35919318959458,4.09258607383129,484.829779249138,483.289111942241,-1.54066730689698,4.05621785395404,522.516402807261,514.375548674286,-8.14085413297516,4.40097528653861,539.463727659501,533.5924099458,-5.87131771370025,4.1719923517055,30.1634741412123,31.9820000239099,1.8185258826976,4.8590908978088,67.8500976993359,63.0684367559553,-4.78166094338059,5.14352277998464,84.7974225515752,82.2852980274695,-2.51212452410567,5.00522411294817,37.6866235581236,31.0864367320454,-6.60018682607819,4.9258208852478,54.6339484103629,50.3032980035596,-4.33065040680327,4.55065696699838,16.9473248522393,19.2168612715142,2.26953641927491,4.76499021499514
escs_h,AUT,36,431.662481261542,428.80496564232,-2.85751561922132,5.41419243724747,468.390606547256,461.230227755703,-7.160378791553,5.61788193940773,502.075882779807,485.23263930515,-16.8432434746572,4.76844223959666,531.892260775379,514.602428474874,-17.2898323005045,5.03438681294319,36.7281252857147,32.425262113383,-4.30286317233168,6.48275914689215,70.4134015182653,56.4276736628294,-13.9857278554359,5.63608497942763,100.229779513837,85.7974628325542,-14.4323166812832,6.64222613654031,33.6852762325506,24.0024115494464,-9.68286468310419,6.10033368025763,63.5016542281227,53.3722007191712,-10.1294535089515,6.0255391214355,29.8163779955721,29.3697891697248,-0.4465888258473,5.10017741910987
escs_h,BEL,36,427.755004068562,431.728341924699,3.97333785613631,5.86047979788973,462.903716737715,460.284068871277,-2.61964786643796,5.47790363124773,503.801093319054,499.207430581621,-4.59366273743279,5.47436700775906,531.584803992465,519.482663768954,-12.1021402235108,5.12653248528812,35.1487126691521,28.5557269465779,-6.59298572257427,6.28699297344547,76.0460892504916,67.4790886569225,-8.56700059356911,6.91108582880582,103.829799923902,87.7543218442554,-16.0754780796471,7.28708844301295,40.8973765813394,38.9233617103446,-1.97401487099484,5.67170569248117,68.6810872547503,59.1985948976775,-9.48249235707283,6.5616751733787,27.7837106734109,20.2752331873329,-7.50847748607799,6.08866336411024
escs_h,CAN,36,472.428670252019,459.281371862311,-13.1472983897077,4.06745185558951,499.617491272622,490.90950231032,-8.7079889623023,3.74700979089444,524.388081830254,515.324980960101,-9.06310087015379,3.88293424313861,543.380928096428,526.369029878691,-17.0118982177364,4.55931448531544,27.1888210206034,31.6281304480088,4.43930942740542,4.5063746820622,51.9594115782357,56.0436090977896,4.08419751955393,4.99244377562913,70.952257844409,67.0876580163803,-3.8645998280287,5.5842535287937,24.7705905576323,24.4154786497808,-0.355111907851494,4.10669445605788,43.7634368238055,35.4595275683714,-8.30390925543412,5.03941598179119,18.9928462661733,11.0440489185906,-7.94879734758263,4.45532655910736
escs_h,CHE,36,430.170737633085,431.723282364992,1.5525447319074,5.51315854078825,466.406619991444,461.58519808776,-4.82142190368381,5.77474462379177,505.785419205059,492.746282705637,-13.0391364994213,5.4571103072719,541.630602833193,524.015432822055,-17.6151700111383,5.32517096608109,36.2358823583591,29.8619157227679,-6.37396663559122,6.47260504975868,75.6146815719737,61.023000340645,-14.5916812313287,6.23768284040591,111.459865200108,92.2921504570624,-19.1677147430457,7.13815913355693,39.3787992136146,31.1610846178771,-8.21771459573751,5.92401850543727,75.2239828417489,62.4302347342945,-12.7937481074545,6.68793903073157,35.8451836281344,31.2691501164174,-4.57603351171696,6.31719976809237
escs_h,CHL,36,417.92185282337,409.139518857546,-8.78233396582436,6.24816715789061,440.05432199729,427.102127532243,-12.9521944650469,5.45638221098509,456.369125426134,442.413704538278,-13.9554208878564,5.75885654856009,486.904504415471,486.505731745243,-0.398772670228141,5.75332293892435,22.1324691739196,17.962608674697,-4.16986049922258,7.29444911575858,38.4472726027643,33.2741856807322,-5.17308692203204,6.84050865252894,68.9826515921006,77.3662128876968,8.38356129559622,8.11725405863587,16.3148034288446,15.3115770060352,-1.00322642280946,6.92010488286064,46.850182418181,59.4036042129998,12.5534217948188,5.97571752644009,30.5353789893363,44.0920272069646,13.5566482176283,6.71175517642029
escs_h,COL,36,369.208434409554,363.271344431466,-5.93708997808795,4.74241798696156,391.644120496791,393.1421018309,1.49798133410843,6.0860827980347,415.635328697395,411.563399344093,-4.07192935330158,6.59035971931665,466.371902589558,454.666157542895,-11.7057450466636,9.76826808324782,22.4356860872372,29.8707573994336,7.43507131219639,6.36366088170784,46.426894287841,48.2920549126274,1.86516062478637,6.77310614016023,97.1634681800043,91.3948131114286,-5.76865506857564,10.6066794953483,23.9912082006039,18.4212975131939,-5.56991068741002,4.97741603493906,74.7277820927671,61.5240557119951,-13.203726380772,9.15882389633393,50.7365738921632,43.1027581988012,-7.63381569336201,8.91252090266704
escs_h,CZE,36,440.772940304699,430.703339017052,-10.0696012876472,5.31048733219732,477.879479663498,461.404615681474,-16.4748639820241,4.91162493189558,498.423994863351,480.347074349946,-18.0769205134058,5.10908285689572,541.025032864488,516.996569333054,-24.0284635314341,5.36995959210627,37.1065393587994,30.7012766644224,-6.40526269437697,5.60941944006862,57.6510545586523,49.6437353328937,-8.00731922575864,6.03766517790234,100.252092559789,86.2932303160019,-13.9588622437869,7.3385265764113,20.5445151998529,18.9424586684712,-1.60205653138166,5.38692437809766,63.1455532009894,55.5919536515795,-7.55359954940997,6.12323831452175,42.6010380011365,36.6494949831082,-5.9515430180283,6.13720409820857
escs_h,DEU,36,438.408890284993,422.454028468815,-15.9548618161784,6.29293847907867,471.674872387688,464.853498563269,-6.82137382441823,6.74494135827877,497.764276071579,495.472803360873,-2.29147271070582,6.50955915161581,539.83155226758,537.12011538886,-2.71143687871995,6.7920377819358,33.2659821026944,42.3994700944546,9.13348799176021,6.85749433742653,59.3553857865861,73.0187748920587,13.6633891054726,6.80312178475721,101.422661982587,114.666086920045,13.2434249374585,8.36516062465332,26.0894036838917,30.6193047976041,4.52990111371241,6.36660984672198,68.1566798798924,72.2666168255907,4.10993694569828,7.23170897704686,42.0672761960007,41.6473120279866,-0.419964168014133,7.07701869309072
escs_h,DNK,36,452.377354844058,430.339571236425,-22.0377836076323,4.84028050805342,485.992877776806,458.130721283226,-27.8621564935802,5.1353318951345,511.341370706153,484.83671140145,-26.504659304703,5.71887658077723,513.375227474742,492.954394027427,-20.4208334473155,5.62879426695486,33.6155229327482,27.7911500468003,-5.82437288594792,5.61132488100621,58.9640158620956,54.4971401650248,-4.46687569707075,5.92851508305103,60.9978726306846,62.6148227910014,1.61695016031678,6.78968665029597,25.3484929293473,26.7059901182245,1.35749718887718,6.02283585583487,27.3823496979364,34.8236727442011,7.4413230462647,6.36002357114252,2.03385676858909,8.11768262597661,6.08382585738752,6.89133382142174
escs_h,ESP,36,440.390444815255,421.105149071349,-19.2852957439057,4.02890910105196,462.907843038161,443.491206934731,-19.4166361034298,3.51938984818692,489.264032478506,468.463900836511,-20.8001316419948,3.67641724197892,512.824851090886,490.262477481901,-22.5623736089842,3.60445536511676,22.5173982229057,22.3860578633816,-0.131340359524131,3.83493516792232,48.8735876632506,47.3587517651615,-1.51483589808907,4.13222738117629,72.4344062756307,69.1573284105522,-3.27707786507847,4.80361828202418,26.3561894403449,24.9726939017799,-1.38349553856494,3.71780002464602,49.917008052725,46.7712705471706,-3.14573750555434,4.3306054277856,23.5608186123801,21.7985766453907,-1.76224196698939,3.95050363761197
escs_h,EST,36,480.233520032777,461.23733250015,-18.996187532627,4.92258019263766,497.236077560963,488.708344122165,-8.52773343879863,5.3359541460208,524.080790963644,518.521017350431,-5.55977361321288,5.31995712322756,546.56677572023,535.648994241175,-10.9177814790548,5.2160858003514,17.0025575281869,27.4710116220152,10.4684540938284,6.13830291404886,43.847270930867,57.2836848502811,13.4364139194141,5.92748077460155,66.3332556874531,74.4116617410252,8.07840605357217,6.35010543467784,26.8447134026802,29.8126732282659,2.96795982558575,6.47324666724824,49.3306981592662,46.94065011901,-2.3900480402562,5.77933887343398,22.485984756586,17.1279768907441,-5.35800786584196,5.8524543119091
escs_h,FIN,36,456.162768111806,442.423926767738,-13.7388413440676,4.33827265722397,476.908091300117,468.430249755133,-8.47784154498322,4.8765648047563,510.58103781974,497.717018132213,-12.8640196875268,4.49891978353636,529.721982200956,517.327640514888,-12.3943416860684,4.66679338668568,20.7453231883109,26.0063229873953,5.2609997990844,5.45119629707124,54.4182697079344,55.2930913644753,0.87482165654086,5.31871881698498,73.5592140891503,74.9037137471495,1.34449965799922,5.4679633624789,33.6729465196235,29.28676837708,-4.38617814254354,5.34858045289346,52.8138909008394,48.8973907597542,-3.91650014108518,5.86987985651018,19.1409443812159,19.6106223826743,0.469678001458362,5.35545377897264
escs_h,FRA,36,427.192581082746,419.183281519097,-8.009299563649,5.65021279330365,460.205243216726,447.993349488505,-12.2118937282209,5.50078722815146,488.003110139299,479.354459038367,-8.64865110093257,6.83832674427374,531.287773639926,515.681242252954,-15.6065313869715,6.43558725124974,33.0126621339795,28.8100679694076,-4.20259416457191,6.35068571834855,60.810529056553,60.1711775192694,-0.639351537283574,7.30085187166784,104.095192557179,96.497960733857,-7.59723182332249,7.73085555463623,27.7978669225735,31.3611095498619,3.56324262728833,6.8683006690512,71.0825304232,67.6878927644494,-3.39463765875058,7.17131181397393,43.2846635006265,36.3267832145876,-6.95788028603892,6.13306000550827
escs_h,GBR,36,469.285494376507,470.402593070099,1.11709869359265,5.02203751290879,486.174979114485,489.210288612772,3.03530949828695,5.16828229997166,508.653607997432,509.445198345489,0.791590348057639,4.95380312624063,540.995653069376,537.228051686337,-3.76760138303882,6.78155151431717,16.8894847379779,18.8076955426722,1.9182108046943,6.84089081700274,39.3681136209248,39.0426052753898,-0.325508345535013,6.13948575572624,71.7101586928689,66.8254586162374,-4.88470007663148,7.98851843359063,22.4786288829469,20.2349097327175,-2.24371915022931,6.55476151983963,54.820673954891,48.0177630735652,-6.80291088132577,7.6253441201082,32.3420450719441,27.7828533408477,-4.55919173109646,6.78867247888836
escs_h,GRC,36,406.381178855446,389.524660029676,-16.8565188257706,5.94601841337879,426.365039484714,413.993073832286,-12.371965652428,5.11213801771459,447.635489954902,444.338805265307,-3.296684689595,5.62676304766091,478.255323684874,464.617376043055,-13.6379476418195,6.13272350468934,19.983860629268,24.4684138026105,4.48455317334259,5.78408291012449,41.2543110994552,54.8141452356308,13.5598341361756,6.11758086311642,71.874144829428,75.0927160133791,3.2185711839511,7.99842542854451,21.2704504701872,30.3457314330202,9.07528096283301,5.01360124839593,51.89028420016,50.6243022107685,-1.26598198939149,6.19289749854641,30.6198337299728,20.2785707777483,-10.3412629522245,6.22034693624975
escs_h,HUN,36,419.090738603846,409.726935352644,-9.36380325120149,6.05148505591891,451.810334558646,442.597516517178,-9.2128180414677,5.30248322843311,489.800784306478,469.483558513026,-20.3172257934522,6.61261731016611,534.326298263801,501.234050528299,-33.0922477355022,6.09856217059167,32.7195959547997,32.8705811645335,0.15098520973379,6.58577177208248,70.7100457026326,59.7566231603819,-10.9534225422507,8.43866731112098,115.235559659956,91.5071151756549,-23.7284444843007,8.35746179352363,37.9904497478329,26.8860419958484,-11.1044077519845,6.72495468010494,82.5159637051559,58.6365340111214,-23.8794296940345,7.59323802819009,44.525513957323,31.750492015273,-12.77502194205,7.42244355864901
escs_h,IRL,36,481.872234620479,467.125016462491,-14.7472181579881,4.23107570929657,507.330945917429,488.479102083639,-18.8518438337898,4.87643574840318,529.080940654566,518.877366004239,-10.2035746503266,4.87976123064801,549.781781218235,539.740084271689,-10.0416969465462,4.16422288816871,25.4587112969505,21.3540856211488,-4.10462567580169,5.13197965704812,47.2087060340871,51.7523495417486,4.54364350766156,5.45999283046003,67.9095465977566,72.6150678091986,4.70552121144198,5.05118956863103,21.7499947371366,30.3982639205998,8.64826918346324,5.42053986294834,42.4508353008062,51.2609821880498,8.81014688724366,5.42487934330674,20.7008405636695,20.86271826745,0.161877703780419,5.1203382744322
escs_h,ISL,36,398.477592481328,396.486918044991,-1.9906744363368,5.1334891487801,431.065201263898,427.985666778167,-3.0795344857309,5.42340057784698,457.51343324847,449.192086509428,-8.32134673904267,5.66969292292407,464.147156712604,464.403379913546,0.256223200942543,5.06337960389036,32.5876087825702,31.4987487331761,-1.0888600493941,7.35986455147582,59.0358407671421,52.7051684644363,-6.33067230270586,7.71585094553326,65.6695642312755,67.9164618685549,2.24689763727935,6.96258507616403,26.4482319845719,21.2064197312602,-5.24181225331176,7.57346482728087,33.0819554487053,36.4177131353787,3.33575768667345,6.93505614640101,6.63372346413337,15.2112934041186,8.57756993998521,7.53173241895585
escs_h,ISR,36,418.373686110279,410.822132091488,-7.55155401879131,6.79482499636668,468.163704032004,446.914199541298,-21.2495044907058,6.77545376912173,510.395263270208,475.445272953763,-34.9499903164445,7.07875919589659,523.047154429151,490.830902029024,-32.2162524001263,6.75065473145042,49.7900179217242,36.0920674498097,-13.6979504719145,8.13590226398373,92.0215771599282,64.623140862275,-27.3984362976532,8.35556852850157,104.673468318871,80.0087699375362,-24.664698381335,8.48630339317521,42.2315592382041,28.5310734124653,-13.7004858257388,7.57853755813272,54.8834503971471,43.9167024877265,-10.9667479094206,7.84943410816557,12.651891158943,15.3856290752613,2.73373791631821,7.74016258824812
escs_h,ITA,36,447.223703314693,436.260267494449,-10.9634358202446,5.11943278705247,474.342334892414,467.722153260699,-6.62018163171462,4.74598148945348,491.93429572507,487.680895498945,-4.25340022612471,5.35232457107248,517.775065818442,517.203349887716,-0.571715930725645,5.77181346167066,27.1186315777205,31.4618857662505,4.34325418852995,5.52993270957857,44.7105924103765,51.4206280044963,6.71003559411986,6.29258187939038,70.5513625037488,80.9430823932677,10.3917198895189,7.01001710066331,17.591960832656,19.9587422382459,2.3667814055899,5.59586137838744,43.4327309260282,49.4811966270172,6.04846570098897,6.45305379658125,25.8407700933723,29.5224543887713,3.68168429539907,5.12638226367632
escs_h,JPN,36,484.153294482726,468.369354079488,-15.7839404032381,7.57300454728464,510.208126224996,498.314177426051,-11.8939487989454,5.93019584260677,528.140931458851,518.269490042484,-9.87144141636691,6.16303675769485,544.053258054396,540.777645804756,-3.27561224964029,6.93678126586273,26.0548317422703,29.9448233465631,3.88999160429279,6.9879376548495,43.9876369761248,49.9001359629961,5.91249898687124,7.49571790098364,59.89996357167,72.4082917252679,12.5083281535979,9.27388790217345,17.9328052338545,19.955312616433,2.02250738257845,6.42981787283888,33.8451318293998,42.4634683787048,8.61833654930507,7.62789472126541,15.9123265955452,22.5081557622718,6.59582916672662,6.38704622304426
escs_h,KOR,36,477.277625278201,463.087333330413,-14.1902919477881,7.16338788323859,504.472840773821,500.049489570577,-4.42335120324339,6.6525408239517,529.729351138096,521.285049898297,-8.44430123979907,7.02861161169234,553.630540467364,531.430858088538,-22.1996823788267,6.46193291991833,27.1952154956196,36.9621562401644,9.76694074454474,7.20912959508388,52.4517258598954,58.1977165678844,5.74599070798905,8.47928319287345,76.3529151891634,68.3435247581249,-8.00939043103853,8.05239966755677,25.2565103642758,21.2355603277201,-4.02095003655569,6.88566618216454,49.1576996935438,31.3813685179605,-17.7763311755833,7.40907466995862,23.9011893292681,10.1458081902405,-13.7553811390276,8.35068559303702
escs_h,LTU,36,434.990101497331,434.864425285507,-0.125676211823873,4.63668905902391,459.399706556612,461.420221960919,2.02051540430688,4.29310520073174,490.635339383521,489.147238516057,-1.4881008674642,4.58889755193525,509.483511832351,499.073105084187,-10.4104067481637,5.6137093939835,24.4096050592812,26.555796675412,2.14619161613075,5.36582982960727,55.6452378861903,54.28281323055,-1.36242465564033,5.73875024267664,74.4934103350195,64.2086797986797,-10.2847305363399,7.00899843541538,31.2356328269091,27.7270165551381,-3.50861627177108,5.80036294146643,50.0838052757383,37.6528831232677,-12.4309221524706,6.3655504562552,18.8481724488292,9.92586656812966,-8.92230588069953,6.04733239941067
escs_h,LVA,36,441.139089717742,411.974485564173,-29.1646041535693,4.7831437739812,463.502294678256,433.17371156227,-30.328583115986,5.09719712390013,488.733510307643,456.751227347011,-31.9822829606325,4.7325085944228,510.543692278053,465.876693358019,-44.6669989200345,4.76169463098676,22.3632049605143,21.1992259980975,-1.16397896241676,5.78805169096041,47.5944205899015,44.7767417828383,-2.81767880706326,5.62663002428894,69.4046025603115,53.9022077938462,-15.5023947664653,6.1715179439952,25.2312156293872,23.5775157847407,-1.6536998446465,5.57843464554475,47.0413975997972,32.7029817957487,-14.3384158040485,5.92528980196126,21.81018197041,9.12546601100797,-12.684715959402,6.03636922233277
escs_h,MEX,36,381.611641454321,376.002433348629,-5.60920810569212,4.41324968525965,401.743366901358,400.78959959547,-0.953767305888334,4.52680791800037,422.335611891329,415.102555335898,-7.23305655543044,5.46448033373489,457.290961027768,448.077889093408,-9.21307193435956,7.08771797217366,20.1317254470376,24.7871662468414,4.65544079980379,4.81429789231126,40.7239704370079,39.1001219872696,-1.62384844973832,6.20525650220604,75.6793195734474,72.0754557447799,-3.60386382866744,7.90601403100014,20.5922449899703,14.3129557404282,-6.2792892495421,5.19215017328937,55.5475941264097,47.2882894979385,-8.25930462847123,7.42838065809699,34.9553491364395,32.9753337575103,-1.98001537892912,6.66467853751863
escs_h,NLD,36,419.649365554073,407.540627332377,-12.1087382216959,7.41330540255269,438.424212286456,430.650029174802,-7.7741831116536,7.70627352475236,486.956348182477,470.258457222174,-16.6978909603025,8.08810676683027,508.827538320937,493.58791159722,-15.239626723717,6.25566203835851,18.7748467323833,23.1094018424256,4.33455511004229,8.17645416880048,67.306982628404,62.7178298897974,-4.58915273860663,10.042066075816,89.1781727668641,86.0472842648429,-3.13088850202115,9.06315255581849,48.5321358960207,39.6084280473718,-8.92370784864892,8.44330111219701,70.4033260344808,62.9378824224173,-7.46544361206344,8.66684712079375,21.8711901384601,23.3294543750455,1.45826423658548,9.12616543338613
escs_h,NOR,36,438.336194646631,415.878079721636,-22.4581149249946,5.29049246330362,469.491524688002,449.718081652186,-19.7734430358164,5.28935948579678,498.746811437907,482.789113893019,-15.9576975448877,5.56058469215979,512.856943724981,495.950343710264,-16.906600014717,5.3780415946991,31.1553300413713,33.8400019305495,2.68467188917816,6.37486958636205,60.4106167912755,66.9110341713824,6.50041738010685,7.09182167465259,74.5207490783499,80.0722639886274,5.55151491027755,7.19922106019894,29.2552867499042,33.0710322408329,3.81574549092869,6.43488144589067,43.3654190369786,46.2322620580779,2.86684302109938,6.45117262841304,14.1101322870744,13.161229817245,-0.948902469829306,6.30096815170016
escs_h,NZL,36,460.207087937707,466.315447814409,6.10835987670259,5.05306166604082,493.889111420505,488.319570035301,-5.56954138520354,5.5582621024105,525.095338410899,526.373778007371,1.27843959647214,5.66561486478589,546.744101550511,552.260099048287,5.51599749777597,5.10179578436796,33.6820234827981,22.0041222208919,-11.6779012619061,6.84268377673748,64.8882504731919,60.0583301929614,-4.82992028023045,6.66529239042908,86.5370136128041,85.9446512338775,-0.592362378926623,6.92357091934892,31.2062269903938,38.0542079720695,6.84798098167568,7.04290413355248,52.8549901300061,63.9405290129856,11.0855388829795,6.9500634443055,21.6487631396122,25.8863210409161,4.23755790130383,7.18143379391375
escs_h,POL,36,449.931482244733,446.178064159554,-3.75341808517936,5.37407199297483,477.020395829238,471.154351054769,-5.86604477446957,5.26287496747683,503.130192147282,506.695026863507,3.56483471622528,5.81191754553886,534.330310615637,526.072051103254,-8.25825951238244,5.85777600775182,27.0889135845046,24.9762868952144,-2.11262668929021,5.84122149996417,53.1987099025487,60.5169627039533,7.31825280140464,6.65402020234774,84.3988283709034,79.8939869437003,-4.50484142720308,7.70517688107266,26.1097963180441,35.5406758087389,9.43087949069485,6.03613648654831,57.3099147863987,54.9177000484859,-2.39221473791287,7.00494590952979,31.2001184683547,19.377024239747,-11.8230942286077,6.42730377775985
escs_h,PRT,36,438.212677422907,425.704279817883,-12.5083976050242,5.52193849921054,463.218211149916,454.093486066449,-9.12472508346747,5.90432818533872,488.985656500064,476.448548952435,-12.5371075476298,5.81932317130351,521.808357838326,509.270945033923,-12.5374128044035,5.31998371862443,25.0055337270093,28.389206248566,3.38367252155678,5.46888631930684,50.7729790771575,50.7442691345519,-0.0287099426055875,5.87624126942773,83.5956804154194,83.5666652160401,-0.0290151993792733,6.6772503436093,25.7674453501482,22.3550628859858,-3.41238246416236,5.86041060864175,58.5901466884101,55.1774589674741,-3.41268772093605,6.65464246770737,32.8227013382619,32.8223960814883,-0.000305256773685869,6.00900476134599
escs_h,SVK,36,400.113763145859,400.737389395287,0.6236262494279,6.31030639362117,437.716880641818,442.12676650797,4.40988586615197,6.17616939801974,456.503073839747,464.201013870919,7.69794003117198,6.07700943970212,500.430087291741,505.530898391196,5.10081109945526,5.90438775667428,37.6031174959584,41.3893771126825,3.78625961672407,6.93584566960484,56.3893106938878,63.4636244756318,7.07431378174408,7.87251970087821,100.316324145881,104.793508995909,4.47718485002736,8.54580622572067,18.7861931979293,22.0742473629493,3.28805416502001,6.71408409766908,62.713206649923,63.4041318832263,0.69092523330329,7.79472872607511,43.9270134519937,41.329884520277,-2.59712893171673,6.45469461623599
escs_h,SVN,36,432.231938211399,416.982527311951,-15.2494108994482,4.50935401777036,458.500618490116,439.959552345555,-18.541066144561,4.87345595576958,488.870695781118,469.638878663791,-19.231817117327,4.40368588925137,499.044081148261,485.818914301156,-13.225166847105,4.35127167511675,26.2686802787174,22.9770250336046,-3.29165524511285,6.50851577623739,56.6387575697195,52.6563513518407,-3.98240621787886,5.83654926597688,66.8121429368617,68.8363869892048,2.02424405234314,6.41546330137747,30.3700772910021,29.6793263182361,-0.690750972766011,6.34963576395066,40.5434626581443,45.8593619556003,5.31589929745599,6.45982400448318,10.1733853671421,16.1800356373641,6.006650270222,5.96185215472047
escs_h,SWE,36,440.403457757303,418.498160463516,-21.9052972937874,5.19526859198724,473.348950061774,461.661975108365,-11.6869749534087,5.87485379822711,511.605343129482,503.866642671278,-7.73870045820337,6.10409199282211,536.789021079434,515.602378147686,-21.1866429317479,6.35024189020482,32.9454923044708,43.1638146448495,10.2183223403787,6.56347777338924,71.2018853721785,85.3684822077626,14.166596835584,6.77199412092699,96.3855633221311,97.1042176841706,0.718654362039501,7.55683269296483,38.2563930677077,42.2046675629131,3.94827449520534,6.72723731692492,63.4400710176603,53.9404030393212,-9.49966797833918,7.34214366787228,25.1836779499526,11.7357354764081,-13.4479424735445,7.06234824592246
escs_h,TUR,36,430.657353650495,441.744269181428,11.0869155309327,4.34269778785724,445.370333800798,463.328773666897,17.9584398660994,4.00507686830709,453.87140128238,477.263573762006,23.3921724796256,4.94549304475734,495.135753068213,518.401049042601,23.2652959743879,5.07151127742082,14.7129801503027,21.5845044854694,6.87152433516667,4.88352312288914,23.2140476318848,35.5193045805777,12.3052569486929,5.62790648911463,64.478399417718,76.6567798611732,12.1783804434552,6.37426977763183,8.50106748158208,13.9348000951083,5.43373261352622,4.8893111856531,49.7654192674153,55.0722753757038,5.30685610828851,5.93641117355606,41.2643517858332,41.1374752805955,-0.126876505237703,6.12371108574686
escs_h,USA,36,463.74942413411,445.785434059142,-17.9639900749681,8.5173093967355,486.71032137653,478.32208523653,-8.38823613999983,8.98384464088975,513.98700654471,502.164091799066,-11.8229147456439,12.6825759773081,556.048564289965,560.826447796008,4.77788350604226,16.8538309450332,22.9608972424191,32.5366511773874,9.5757539349683,9.66099101860519,50.2375824106,56.3786577399243,6.14107532932428,12.422066430407,92.299140155855,115.041013736865,22.7418735810104,17.7445712055645,27.2766851681809,23.8420065625369,-3.43467860564402,11.7664140688064,69.3382429134359,82.504362559478,13.1661196460421,16.2865935274053,42.061557745255,58.6623559969411,16.6007982516861,13.2221162938107
escs_h,OECD,36,438.131141959181,428.408705527598,-9.72243643158276,1.41968065519649,465.970015982778,457.237172104142,-8.73284387863617,1.4196624213733,493.676954824996,483.89707890318,-9.77987592181671,1.46509139564928,520.866863372367,509.139991982748,-11.7268713896189,1.51186268575724,27.8388740235971,28.8284665765437,0.98959255294659,1.05764845697023,55.5458128658156,55.4883733755817,-0.0574394902339463,1.14284226315641,82.7357214131865,80.7312864551504,-2.00443495803609,1.30638404689959,27.7069388422185,26.659906799038,-1.04703204318054,1.05810217795991,54.8968473895894,51.9028198786067,-2.99402751098268,1.19546780470175,27.1899085473709,25.2429130795687,-1.94699546780214,1.12825933843163
escs_h,OECD35,35,438.066590449007,428.617378569205,-9.44921187980219,1.43201543046494,466.057506638338,457.629913966125,-8.42759267221339,1.43309211677114,493.80303832061,484.338026847942,-9.46501147266878,1.48036402807406,521.096635151838,509.679349539915,-11.4172856119228,1.52944805499283,27.9909161893311,29.0125353969199,1.0216192075888,1.08233501445817,55.7364478716032,55.7206482787366,-0.0157995928665855,1.16955086900557,83.0300447028309,81.0619709707103,-1.96807373212062,1.33668177510672,27.7455316822721,26.7081128818168,-1.03741880045538,1.08313751621145,55.0391285134999,52.0494355737905,-2.98969293970941,1.22338291008487,27.2935968312277,25.3413226919737,-1.95227413925403,1.15499324837883
escs_pca,AUS,36,456.055745410276,451.727705897569,-4.32803951270705,3.93018443072069,481.867010901765,479.75226590412,-2.11474499764518,4.14571653975563,520.601118750961,513.691721310405,-6.9093974405564,4.64309722398989,542.973819764252,537.404755588058,-5.56906417619393,4.02329789216835,25.8112654914885,28.0245600065504,2.21329451506188,4.94137906170712,64.545373340685,61.9640154128356,-2.58135792784935,5.14988515069328,86.9180743539759,85.677049690489,-1.24102466348688,4.86915206983678,38.7341078491965,33.9394554062852,-4.79465244291123,4.97326204332933,61.1068088624874,57.6524896839386,-3.45431917854876,4.77920909972944,22.3727010132909,23.7130342776534,1.34033326436247,4.70162842402959
escs_pca,AUT,36,432.970600968367,430.494230702195,-2.47637026617178,5.45695859712746,466.378064530437,459.546617193004,-6.83144733743274,5.77110148025212,501.028781387311,482.523747210867,-18.5050341764439,4.83100802133153,533.62855226984,517.281024771591,-16.3475274982497,4.79259411842427,33.4074635620702,29.0523864908093,-4.35507707126095,6.5517858093986,68.0581804189448,52.0295165086727,-16.0286639102721,5.79073517631648,100.657951301474,86.7867940693959,-13.871157232078,6.59733809073631,34.6507168568745,22.9771300178634,-11.6735868390111,6.291558603196,67.2504877394036,57.7344075785866,-9.51608016081701,5.93668554132143,32.5997708825291,34.7572775607232,2.15750667819412,4.92338272583121
escs_pca,BEL,36,428.580320370768,435.096728829327,6.5164084585586,5.62277686718388,461.785653255219,455.38605006559,-6.39960318962909,5.42890154350293,500.511257571864,495.895935598016,-4.61532197384759,5.86896581438122,535.170982884033,524.324330024105,-10.846652859928,4.96534324424131,33.2053328844508,20.2893212362631,-12.9160116481877,6.10299639662601,71.9309372010955,60.7992067686893,-11.1317304324062,7.19168668236357,106.590662513265,89.2276011947785,-17.3630613184866,7.0646502525614,38.7256043166447,40.5098855324262,1.7842812157815,6.04056557485687,73.3853296288143,68.9382799585154,-4.4470496702989,6.31361489250227,34.6597253121697,28.4283944260893,-6.2313308860804,5.98793636081107
escs_pca,CAN,36,473.049156116598,459.519062445047,-13.5300936715505,4.02876085677247,498.498287253829,487.500737596257,-10.9975496575718,3.9289467629955,522.556439301912,514.053173624823,-8.50326567708839,3.87440244639738,545.712136152786,530.813523481747,-14.8986126710387,4.63552090507999,25.4491311372308,27.9816751512095,2.53254401397868,4.811774545876,49.507283185314,54.5341111797761,5.02682799446211,4.93171295983679,72.6629800361878,71.2944610366997,-1.36851899948817,5.45141217743137,24.0581520480832,26.5524360285667,2.49428398048343,4.32325073835695,47.2138488989571,43.3127858854902,-3.90106301346685,5.40225689330557,23.1556968508738,16.7603498569235,-6.39534699395028,4.50527903527194
escs_pca,CHE,36,430.156392137315,433.449616484926,3.29322434761031,5.53806380294949,464.010879029503,457.687169359869,-6.32370966963339,5.45820800412123,505.647242172503,490.227010181456,-15.4202319910477,5.96171209677014,544.180728268639,528.711961071943,-15.4687671966957,5.08383939226268,33.8544868921873,24.2375528749436,-9.61693401724369,6.32018670818388,75.490850035188,56.77739369653,-18.713456338658,6.6263663373227,114.024336131324,95.2623445870176,-18.761991544306,7.18654422559365,41.6363631430008,32.5398408215864,-9.09652232141434,5.81033565007102,80.1698492391363,71.024791712074,-9.14505752706231,6.53297087341078,38.5334860961356,38.4849508904876,-0.0485352056479655,6.29339959890366
escs_pca,CHL,36,419.285031588073,413.821303977591,-5.46372761048212,6.02796500231909,439.424483930652,423.608347486506,-15.8161364441465,5.62824735283778,455.095846565651,440.435497710733,-14.6603488549183,5.78941570013574,487.450255966799,487.308023269039,-0.142232697760051,5.42765682370348,20.1394523425787,9.78704350891434,-10.3524088336644,6.97176901453449,35.8108149775781,26.6141937331419,-9.19662124443619,7.15131201730277,68.1652243787254,73.4867192914475,5.32149491272207,7.87113988410043,15.6713626349994,16.8271502242275,1.15578758922817,6.40786960680646,48.0257720361468,63.6996757825332,15.6739037463864,6.09106548994157,32.3544094011474,46.8725255583057,14.5181161571583,6.18318065824914
escs_pca,COL,36,371.07051097191,369.286933359007,-1.78357761290312,4.71324614313818,392.638544245238,390.943085093274,-1.69545915196335,6.09937732001874,414.435970782152,408.557728386562,-5.87824239558978,6.89513595970944,464.698540668317,453.84917666601,-10.849364002307,10.0811122000447,21.5680332733277,21.6561517342674,0.0881184609397678,6.35733864010994,43.3654598102416,39.2707950275549,-4.09466478268666,6.89497779077778,93.6280296964072,84.5622433070033,-9.06578638940391,10.8740555121099,21.7974265369139,17.6146432932875,-4.18278324362643,5.72757306062947,72.0599964230796,62.9060915727359,-9.15390485034368,9.74333762711284,50.2625698861656,45.2914482794484,-4.97112160671725,9.67866587968676
escs_pca,CZE,36,442.805507408116,434.663895643324,-8.14161176479263,5.16345566724447,476.40513309349,457.966597740426,-18.4385353530637,4.88382023963886,497.315105536945,478.249882292306,-19.0652232446394,5.39872336240225,541.61840809938,518.561839410202,-23.0565686891782,5.46548206673266,33.5996256853738,23.3027020971027,-10.2969235882711,5.46222825741314,54.509598128829,43.5859866489823,-10.9236114798467,5.84024202768616,98.812900691264,83.8979437668784,-14.9149569243856,7.19029341069914,20.9099724434552,20.2832845518796,-0.626687891575614,5.89323364597281,65.2132750058902,60.5952416697757,-4.61803333611448,6.45669645643082,44.303302562435,40.3119571178961,-3.99134544453887,6.55378014741685
escs_pca,DEU,36,441.886441449241,425.988336651346,-15.8981047978954,6.04968164745466,470.335361047108,462.998424786231,-7.33693626087722,6.48662713495716,494.334891714455,490.758065127767,-3.57682658668773,7.42117855905955,541.119144500906,540.177579190634,-0.94156531027204,6.52839671548525,28.4489195978675,37.0100881348857,8.5611685370182,6.72691171850371,52.4484502652135,64.7697284764212,12.3212782112077,7.48142807031984,99.2327030516654,114.189242539289,14.9565394876234,8.15303149481065,23.999530667346,27.7596403415355,3.76010967418949,6.53136581732053,70.7837834537979,77.1791544044031,6.39537095060518,7.07097162357549,46.7842527864519,49.4195140628676,2.63526127641569,7.53833097196854
escs_pca,DNK,36,451.305442716101,429.92202919936,-21.3834135167417,4.91591113871719,485.585064205544,458.001762323081,-27.5833018824634,5.70854724755387,511.240158705039,480.395077760817,-30.8450809442227,5.87912577872076,514.959393863167,497.92629703244,-17.0330968307269,6.0441237951489,34.2796214894425,28.0797331237208,-6.19988836572173,6.61466702250481,59.9347159889378,50.4730485614568,-9.46166742748102,5.96969704618576,63.6539511470659,68.0042678330807,4.35031668601476,7.19451990278277,25.6550944994953,22.393315437736,-3.26177906175928,7.1541932669514,29.3743296576234,39.9245347093599,10.5502050517365,7.25763005825558,3.71923515812813,17.5312192716239,13.8119841134958,7.55045660531298
escs_pca,ESP,36,441.398239757992,422.559573845055,-18.838665912937,3.788285605033,463.194926273474,440.919974043387,-22.2749522300873,3.7285304052137,486.03933075939,468.129341567733,-17.9099891916568,4.05788525041721,514.751154246671,491.70963491727,-23.0415193294008,3.39715663492959,21.7966865154818,18.3604001983316,-3.43628631715023,3.7924183884705,44.6410910013973,45.5697677226775,0.928676721280226,4.48833843548958,73.3529144886782,69.1500610722143,-4.20285341646382,4.58760440136979,22.8444044859155,27.2093675243459,4.36496303843046,3.88476239536589,51.5562279731963,50.7896608738827,-0.766567099313591,4.30246161974652,28.7118234872809,23.5802933495368,-5.13153013774405,4.2853262190821
escs_pca,EST,36,480.901040730216,462.318422346535,-18.5826183836812,4.8566343614228,496.324003732554,486.027934312057,-10.2960694204969,5.39091710608189,523.459955123259,517.096970321483,-6.36298480177675,5.20393427390857,547.409186349569,538.663031136912,-8.74615521265685,5.21205662633077,15.4229630023384,23.7095119655227,8.28654896318426,6.0261971418105,42.5589143930434,54.7785479749479,12.2196335819044,6.18904010149486,66.5081456193528,76.3446087903772,9.83646317102432,6.1526464479049,27.135951390705,31.0690360094252,3.93308461872016,6.15820049230027,51.0851826170144,52.6350968248545,1.54991420784006,5.85604341294962,23.9492312263094,21.5660608154293,-2.3831704108801,5.71883769271223
escs_pca,FIN,36,457.848767376756,443.680030149335,-14.168737227421,4.34089909917928,474.824502469332,464.528511774476,-10.2959906948554,4.70754766564902,508.250111691282,496.234945967378,-12.0151657239043,5.0360075444647,532.460223013487,521.439046537876,-11.0211764756102,4.32477267317464,16.9757350925762,20.8484816251418,3.8727465325656,5.31701210307422,50.4013443145264,52.5549158180431,2.15357150351673,5.55814012935206,74.611455636731,77.7590163885417,3.14756075181077,5.58849595525279,33.4256092219501,31.7064341929013,-1.71917502904887,5.34068431831385,57.6357205441548,56.9105347633999,-0.725185780754828,5.45434558964727,24.2101113222046,25.2041005704987,0.993989248294042,5.71419687671625
escs_pca,FRA,36,429.365903834475,423.037158125897,-6.32874570857803,5.67015121916234,456.906101063155,444.041354134479,-12.8647469286756,5.75713130383084,487.801773455723,476.687789191301,-11.1139842644215,6.97848248815659,532.645023746444,518.436911940347,-14.2081118060963,6.02722083513484,27.5401972286803,21.0041960085827,-6.5360012200976,6.72868342575683,58.4358696212478,53.6506310654043,-4.78523855584348,7.16856862591732,103.279119911969,95.3997538144507,-7.8793660975183,7.53692013769497,30.8956723925675,32.6464350568216,1.75076266425413,6.83830847053076,75.7389226832887,74.395557805868,-1.3433648774207,7.08340158793802,44.8432502907212,41.7491227490464,-3.09412754167482,6.21240287530036
escs_pca,GBR,36,472.348085427289,471.336759931411,-1.0113254958776,5.20018151408597,484.052238964212,486.361161273329,2.30892230911735,5.18100790206237,507.273324947555,507.817289392487,0.54396444493193,5.10466031941149,541.437715112086,540.769461410821,-0.668253701265257,6.80682824226704,11.7041535369233,15.0244013419183,3.32024780499495,6.72576284372607,34.9252395202662,36.4805294610757,1.55528994080953,6.64470447757482,69.0896296847971,69.4327014794095,0.343071794612342,8.32154319815628,23.2210859833429,21.4561281191574,-1.76495786418542,6.29280469666147,57.3854761478738,54.4083001374912,-2.97717601038261,7.92640430326196,34.1643901645309,32.9521720183337,-1.21221814619719,7.06555147219663
escs_pca,GRC,36,407.392278346354,392.808846709116,-14.5834316372384,5.78767962635211,424.9986442971,410.819661083093,-14.1789832140067,5.4636634628934,443.486072215889,441.470520167983,-2.01555204790549,5.87869862223796,482.737301790431,467.398460382247,-15.3388414081838,5.8694788286617,17.6063659507454,18.0108143739771,0.404448423231713,5.93413029428241,36.0937938695345,48.6616734588674,12.5678795893329,6.47619884518953,75.3450234440769,74.5896136731315,-0.755409770945448,7.68850263535275,18.4874279187891,30.6508590848903,12.1634311661012,5.34098446144224,57.7386574933315,56.5787992991544,-1.15985819417716,6.32715366012456,39.2512295745424,25.927940214264,-13.3232893602784,6.22399801908658
escs_pca,HUN,36,419.871525761062,411.940149012569,-7.93137674849328,5.91338078001467,450.732146094175,440.421434491032,-10.3107116031421,5.51098131405678,489.185044394384,467.289136724427,-21.8959076699571,6.35095963923698,535.252986471893,503.383809416425,-31.8691770554676,6.01693088880395,30.8606203331123,28.4812854784635,-2.37933485464885,6.85104829155625,69.3135186333221,55.3489877118582,-13.9645309214638,8.05169762646162,115.381460710831,91.4436604038565,-23.9378003069743,8.09633113691739,38.4528983002098,26.8677022333948,-11.585196066815,6.53222993466433,84.5208403777185,62.962374925393,-21.5584654523255,7.87768372174902,46.0679420775088,36.0946726919983,-9.97326938551049,6.74806353913413
escs_pca,IRL,36,482.19775143669,468.683546029249,-13.5142054074414,4.13534860711816,506.185865515575,485.572510791405,-20.613354724169,5.04223131666631,529.32824988128,516.919042153373,-12.4092077279075,4.79605029962104,550.342237007632,543.053629997676,-7.28860700995597,4.3204796656427,23.9881140788841,16.8889647621564,-7.09914931672768,5.2314340505878,47.1304984445898,48.2354961241236,1.10499767953382,5.39006218311186,68.1444855709416,74.370083968427,6.22559839748539,5.19853371264684,23.1423843657057,31.3465313619672,8.2041469962615,5.73873242810465,44.1563714920575,57.4811192062706,13.3247477142131,5.39567191234694,21.0139871263518,26.1345878443034,5.12060071795156,5.15507347770471
escs_pca,ISL,36,398.180821105823,394.766145062061,-3.41467604376231,5.24046739549842,429.340604257895,424.500936997489,-4.83966726040615,5.97248711988046,454.584523984936,449.260163120982,-5.32436086395359,5.65061713947027,469.126000181887,469.546209584353,0.420209402466185,4.80467629631928,31.1597831520716,29.7347919354278,-1.42499121664383,8.34306646309096,56.4037028791127,54.4940180589214,-1.90968482019127,7.63747917935514,70.9451790760635,74.780064522292,3.8348854462285,7.036168483109,25.2439197270411,24.7592261234936,-0.484693603547441,7.81736879811004,39.7853959239919,45.0452725868642,5.25987666287233,7.32098059237935,14.5414761969508,20.2860464633706,5.74457026641977,7.12034235232887
escs_pca,ISR,36,417.444473238402,412.084222200191,-5.36025103821169,6.90832689426987,463.995288499239,438.777748058077,-25.2175404411614,6.48488630372042,513.515071844085,477.708816147529,-35.8062556965566,7.96215274074279,524.997119989814,495.472371445824,-29.5247485439894,6.3104038039489,46.5508152608362,26.6935258578865,-19.8572894029497,8.19454755496567,96.0705986056827,65.6245939473378,-30.4460046583449,8.39011416143384,107.552646751411,83.3881492456336,-24.1644975057777,8.2274677940769,49.5197833448465,38.9310680894513,-10.5887152553952,8.91423212566079,61.0018314905751,56.6946233877471,-4.30720810282799,7.74761904445027,11.4820481457285,17.7635552982958,6.28150715256726,7.96002319284837
escs_pca,ITA,36,448.756192585076,439.504274287155,-9.25191829792078,5.23747210384852,473.056450182144,465.020287947874,-8.0361622342698,5.00681778659364,491.556059802306,485.549732747086,-6.00632705522065,5.60771056458547,517.885555863121,518.782241434952,0.896685571831199,5.59929055156497,24.300257597068,25.516013660719,1.21575606365099,5.96768189883047,42.7998672172304,46.0454584599305,3.24559124270013,6.63388846746015,69.1293632780453,79.2779671477973,10.148603869752,6.95862395064584,18.4996096201624,20.5294447992116,2.02983517904914,6.06474710202447,44.8291056809774,53.7619534870784,8.932847806101,6.74623781731653,26.329496060815,33.2325086878668,6.90301262705185,5.16556809287455
escs_pca,JPN,36,484.302429258644,468.827262642881,-15.4751666157632,7.08041998130571,509.561978591032,498.491310456541,-11.0706681344912,6.84355635732909,527.330149071915,514.8827810771,-12.4473679948155,5.9437169293858,545.341137107001,543.517670082732,-1.82346702426867,6.75396572643991,25.2595493323875,29.6640478136595,4.40449848127201,7.17182860527275,43.0277198132708,46.0555184342185,3.02779862094769,7.50661004777107,61.0387078483563,74.6904074398509,13.6516995914945,9.00285539313838,17.7681704808833,16.391470620559,-1.37669986032432,6.64943525925602,35.7791585159688,45.0263596261913,9.24720111022253,7.69686907735742,18.0109880350855,28.6348890056323,10.6239009705469,6.03135594856719
escs_pca,KOR,36,478.657289270171,463.529515432649,-15.1277738375228,7.01222428006566,503.031287241372,497.067008342171,-5.96427889920165,7.25937659593387,528.817887416533,519.490220989065,-9.32766642746799,7.02568223675815,554.618255755295,535.735507299431,-18.8827484558642,6.26915117295063,24.3739979712008,33.537492909522,9.16349493832115,7.21746896224114,50.1605981463617,55.9607055564166,5.80010741005481,8.94962867662522,75.9609664851237,72.2059918667823,-3.75497461834141,7.79711115846981,25.7866001751609,22.4232126468946,-3.36338752826634,7.75864662615201,51.5869685139229,38.6684989572603,-12.9184695566626,7.38662991854308,25.8003683387619,16.2452863103657,-9.55508202839621,8.27957904213096
escs_pca,LTU,36,436.381379404953,435.75157232898,-0.629807075972735,4.62319538254862,457.063607218534,458.043895678593,0.980288460059,4.41672548076567,488.551131793436,484.309688498914,-4.24144329452241,5.06988279944213,512.533254275136,506.40054119981,-6.1327130753258,5.33570657576681,20.6822278135812,22.2923233496129,1.61009553603174,5.49549139051039,52.1697523884836,48.5581161699339,-3.61163621854968,6.09461290394422,76.1518748701834,70.6489688708304,-5.50290599935306,6.87890001834888,31.4875245749024,26.265792820321,-5.22173175458141,6.25802978894504,55.4696470566022,48.3566455212175,-7.1130015353848,6.28020727316935,23.9821224816998,22.0908527008964,-1.89126978080338,6.207476415722
escs_pca,LVA,36,442.565764002379,412.617753307468,-29.9480106949112,4.70812887411584,462.099003708668,430.843008418226,-31.2559952904419,4.89171994688938,486.281973278982,451.751950081869,-34.5300231971128,5.33600788416216,512.971787592786,472.553977092525,-40.4178105002614,4.53932650967028,19.5332397062889,18.2252551107582,-1.30798459553074,5.51978685967307,43.7162092766023,39.1341967744007,-4.58201250220168,5.96579836618446,70.4060235904073,59.936223785057,-10.4697998053502,5.9734708267261,24.1829695703134,20.9089416636425,-3.27402790667094,5.80260647815871,50.8727838841184,41.7109686742988,-9.16181520981951,5.96221427104632,26.6898143138049,20.8020270106563,-5.88778730314857,6.3268488352674
escs_pca,MEX,36,383.494370220861,380.240214359759,-3.25415586110216,4.27551717282173,400.053261365344,398.150690551257,-1.90257081408765,4.89140496155772,421.35320846318,412.917532949468,-8.435675513712,5.55703547621793,458.07276500568,448.66121854687,-9.41154645881022,7.01382263916192,16.5588911444835,17.910476191498,1.35158504701451,5.15201963825627,37.8588382423193,32.6773185897095,-5.18151965260984,6.36182040581468,74.5783947848196,68.4210041871116,-6.15739059770806,7.96065478169669,21.2999470978359,14.7668423982115,-6.53310469962435,5.51437970221909,58.0195036403362,50.5105279956136,-7.50897564472257,7.36327993140876,36.7195565425003,35.7436855974021,-0.975870945098222,6.68563469237796
escs_pca,NLD,36,421.923383867,407.421994536431,-14.5013893305687,7.42223199736396,435.054735006283,429.74617144333,-5.30856356295277,7.4661983449243,485.29970436687,465.520621176344,-19.779083190526,8.02342471158273,511.570253581083,499.368242386428,-12.2020111946553,6.05659760270853,13.131351139283,22.3241769068989,9.19282576761594,8.08238392635292,63.3763204998696,58.0986266399124,-5.27769385995725,10.2409629746439,89.6468697140832,91.9462478499966,2.2993781359134,9.2410957588866,50.2449693605867,35.7744497330135,-14.4705196275732,8.1086329583694,76.5155185748002,69.6220709430977,-6.89344763170254,7.98814578266108,26.2705492142135,33.8476212100842,7.57707199587065,8.15517280544371
escs_pca,NOR,36,438.713042839753,416.316900373852,-22.3961424659009,4.87419778166692,466.568215546036,447.362251123523,-19.2059644225129,5.60199986792302,495.1249521988,480.116324601774,-15.008627597026,5.56782371145011,519.009414567293,500.522672937937,-18.4867416293565,5.34181747110857,27.8551727062825,31.0453507496705,3.19017804338796,6.23088635922646,56.4119093590467,63.7994242279215,7.38751486887486,6.92522271524316,80.2963717275405,84.2057725640848,3.90940083654436,6.86026798144164,28.5567366527641,32.754073478251,4.1973368254869,5.95042783821259,52.441199021258,53.1604218144144,0.719222793156405,7.04334583134236,23.8844623684938,20.4063483361633,-3.4781140323305,6.4931345243011
escs_pca,NZL,36,461.066495875941,468.153025203736,7.08652932779432,4.84325124678911,493.273091820906,486.211737511085,-7.06135430982067,5.70770478497476,522.729078130756,523.288874986846,0.559796856089861,5.55368040422995,548.858356820031,555.617774182603,6.75941736257244,5.02142987665332,32.2065959449643,18.0587123073493,-14.147883637615,6.79809563888528,61.6625822548152,55.1358497831108,-6.52673247170446,6.61446920692495,87.7918609440896,87.4647489788677,-0.327111965221889,6.86658978132611,29.455986309851,37.0771374757615,7.62115116591053,7.13399517824426,55.5852649991253,69.4060366715184,13.8207716723931,6.66166075539215,26.1292786892743,32.3288991957569,6.19962050648257,6.82149084132153
escs_pca,POL,36,454.024991386762,451.59037224979,-2.434619136972,5.16836821745374,471.882555205282,465.268243128142,-6.61431207714026,5.46749903008971,501.36724777531,503.417928792207,2.05068101689699,6.00968399537956,537.120203432652,529.812220129343,-7.30798330330902,6.00021576822494,17.8575638185197,13.6778708783514,-4.17969294016825,5.77205835914418,47.3422563885476,51.8275565424166,4.48530015386899,6.65993485665823,83.0952120458895,78.2218478795525,-4.87336416633701,7.78724410451458,29.4846925700279,38.1496856640652,8.66499309403724,6.34351505177288,65.2376482273698,64.543977001201,-0.69367122616876,7.32409646944856,35.7529556573419,26.3942913371359,-9.358664320206,6.94765182452602
escs_pca,PRT,36,440.595891051883,429.474812695476,-11.1210783564063,5.27704288137239,461.376899335926,450.071300960951,-11.3055983749754,5.97115195432544,487.859124882202,473.575453321198,-14.2836715610042,5.67027460523244,522.406489210019,512.385812731063,-10.0206764789559,5.5100623815384,20.7810082840437,20.5964882654746,-0.184520018569117,5.45172373269171,47.2632338303197,44.1006406257218,-3.16259320459784,5.46238341332872,81.8105981581364,82.9110000355868,1.10040187745039,6.54058811964955,26.482225546276,23.5041523602472,-2.97807318602872,5.98797486081459,61.0295898740927,62.3145117701122,1.28492189601951,6.71372248121266,34.5473643278167,38.8103594098649,4.26299508204824,5.88984750848649
escs_pca,SVK,36,402.875491495628,402.14091318385,-0.734578311777341,6.33714498961393,436.65314520706,440.386431564208,3.73328635714887,6.13644603407446,453.284360771483,462.42689118329,9.14253041180746,6.51305707913608,501.930568929712,507.604922674411,5.67435374469886,5.89431648771039,33.7776537114319,38.2455183803581,4.46786466892621,7.11898357163729,50.4088692758552,60.28597799944,9.8771087235848,7.99695064206982,99.0550774340846,105.464009490561,6.4089320564762,8.59516709008984,16.6312155644233,22.0404596190818,5.40924405465859,7.32567974552866,65.2774237226527,67.2184911102027,1.94106738754999,7.81594081916453,48.6462081582294,45.1780314911208,-3.46817666710859,6.94217023367723
escs_pca,SVN,36,432.410510785117,418.000790314764,-14.4097204703536,4.7368209997585,456.31508733719,435.620356846525,-20.6947304906647,4.75373363574153,487.915995627291,469.045438335143,-18.8705572921474,4.29443035258593,502.002962141617,489.777012322349,-12.2259498192674,4.35928758162521,23.904576552073,17.6195665317618,-6.28501002031112,6.44317959255797,55.5054848421734,51.0446480203796,-4.46083682179381,6.16705212578014,69.5924513564993,71.7762220075856,2.18377065108621,6.5396428228452,31.6009082901004,33.4250814886177,1.82417319851731,6.01194268179412,45.6878748044264,54.1566554758237,8.46878067139733,6.46739228372402,14.086966514326,20.731573987206,6.64460747288001,5.93435157098282
escs_pca,SWE,36,441.802862128157,419.050343581322,-22.7525185468351,5.18617511544943,470.826834087492,459.467672128271,-11.3591619592207,5.98682937358078,509.972401893527,498.246661234892,-11.7257406586346,5.97988163424336,539.544569063365,522.878698724823,-16.6658703385414,6.26412795895983,29.0239719593344,40.4173285469488,11.3933565876145,6.67341865231972,68.1695397653695,79.19631765357,11.0267778882006,6.67901888947724,97.7417069352073,103.828355143501,6.08664820829375,7.61074937107262,39.1455678060351,38.7789891066212,-0.366578699413878,6.64422995268015,68.7177349758729,63.4110265965522,-5.3067083793207,7.02789139853477,29.5721671698378,24.632037489931,-4.94012967990682,7.00771368621805
escs_pca,TUR,36,431.607717974687,445.061448326846,13.4537303521595,4.18540250663982,445.378045732258,462.201095796217,16.8230500639588,4.01860212965561,453.700203970916,474.370356373874,20.6701524029576,4.93137240645355,494.363277841168,519.100396748385,24.7371189072172,5.1079758238221,13.7703277575712,17.1396474693705,3.36931971179934,4.72734812892255,22.0924859962298,29.3089080470278,7.21642205079809,5.57474100873024,62.7555598664814,74.0389484215391,11.2833885550577,6.48718060783304,8.32215823865857,12.1692605776573,3.84710233899875,4.66964422471831,48.9852321089102,56.8993009521686,7.91406884325835,5.70691087667225,40.6630738702517,44.7300403745113,4.0669665042596,6.24530105229847
escs_pca,USA,36,464.633777269032,449.049901784153,-15.5838754848788,7.95868961006627,485.248013652668,475.921742623242,-9.32627102942587,9.37038383365156,512.16898330576,501.148496692478,-11.0204866132819,13.5200637454371,558.457892269455,560.925169852205,2.46727758275006,16.2248548181307,20.6142363836361,26.871840839089,6.25760445545296,9.95918307714714,47.5352060367281,52.098594908325,4.56338887159694,13.4068352122962,93.8241150004225,111.875268068051,18.0511530676289,17.1441190595271,26.920969653092,25.226754069236,-1.69421558385602,12.3122626133109,73.2098786167865,85.0034272289624,11.7935486121759,15.3844475362101,46.2889089636944,59.7766731597264,13.4877641960319,13.0602024411409
escs_pca,OECD,36,439.386822932441,430.386549755839,-9.0002731766013,1.40826203717796,464.303472608269,454.312096917426,-9.99137569084297,1.43435330512493,492.194520375996,481.485022416666,-10.7094979593297,1.48917126715171,522.759934827873,512.496532100594,-10.2634027272791,1.49722555865796,24.9166496758283,23.9255471615866,-0.991102514241675,1.07199203110151,52.8076974435549,51.0984726608265,-1.70922478272837,1.17052631306925,83.3731118954326,82.1099823447548,-1.26312955067777,1.29217706232048,27.8910477677266,27.1729254992399,-0.718122268486695,1.09298789114227,58.4564622196043,58.1844351831682,-0.2720270364361,1.19579447006244,30.5654144518776,31.0115096839282,0.446095232050595,1.13279924753858
escs_pca,OECD35,35,439.329353880282,430.610177639005,-8.71917624127741,1.42057767653102,464.335145360692,454.694728999542,-9.64041636115036,1.44805860594864,492.37038293647,481.866613298064,-10.503769638406,1.50476926999283,522.988757130193,513.090443448689,-9.89831368150431,1.5145293014384,25.0057914804097,24.0845513605368,-0.921240119872948,1.09728343008541,53.0410290561879,51.2564356590594,-1.78459339712856,1.19712093234403,83.6594032499114,82.4802658096845,-1.1791374402269,1.32261738898579,28.0352375757782,27.1718842985226,-0.863353277255612,1.11872355114084,58.6536117695017,58.3957144491477,-0.257897320353948,1.22380165972505,30.6183741937234,31.2238301506251,0.605455956901665,1.1587140720525
hisei_h,AUS,36,461.471082890516,463.881267733677,2.41018484316027,3.6747712053653,498.0932883534,493.035072106491,-5.05821624690913,4.00334001728182,517.543705728603,509.447128397116,-8.0965773314868,4.39681364613721,542.511040232049,534.82855655093,-7.68248368111915,4.30121502324833,36.6222054628837,29.1538043728143,-7.46840109006939,4.45555836710378,56.0726228380863,45.5658606634393,-10.5067621746471,4.90368526180366,81.0399573415331,70.9472888172537,-10.0926685242794,4.83865658036935,19.4504173752026,16.4120562906249,-3.03836108457767,5.03129232240943,44.4177518786494,41.7934844444393,-2.62426743421003,4.64966862725747,24.9673345034468,25.3814281538144,0.414093650367647,4.6371065582925
hisei_h,AUT,36,439.93959665,433.397606865479,-6.54198978452155,5.42011995571494,478.902509583752,475.073010023456,-3.82949956029609,5.76991110697538,507.551266977837,490.508364115961,-17.0429028618762,4.83159769272932,530.107333875968,512.333207909365,-17.7741259666029,5.13931961304838,38.9629129337517,41.6754031579772,2.71249022422546,6.99476040294626,67.6116703278366,57.110757250482,-10.5009130773547,6.45483029035513,90.1677372259679,78.9356010438865,-11.2321361820814,6.67629929911274,28.648757394085,15.4353540925048,-13.2134033015801,5.98393980696601,51.2048242922162,37.2601978859094,-13.9446264063068,6.12143277002698,22.5560668981312,21.8248437934045,-0.731223104726723,5.94619019323879
hisei_h,BEL,36,433.485055129909,436.919019620256,3.43396449034651,5.24338617597055,473.670365861619,480.063067702729,6.39270184110939,5.06177046535896,509.201125892109,504.956163581951,-4.24496231015843,6.08533387121687,528.904306810862,516.070251406416,-12.8340554044457,5.14773113344744,40.1853107317104,43.1440480824733,2.95873735076287,6.38500385655439,75.7160707622,68.0371439616951,-7.67892680050494,7.0267241018692,95.4192516809526,79.1512317861604,-16.2680198947922,6.85327896463951,35.5307600304896,24.8930958792218,-10.6376641512678,6.08484265610952,55.2339409492423,36.0071837036871,-19.2267572455551,5.94878580637293,19.7031809187527,11.1140878244653,-8.58909309428731,6.99056871301142
hisei_h,CAN,36,482.191646079774,469.821739971003,-12.3699061087705,3.97727680449914,513.065037276469,501.647889624435,-11.417147652034,3.76421749162552,523.116697436139,512.101286598138,-11.015410838001,3.97907125365515,543.613569162471,528.6770067543,-14.9365624081718,4.35847738660942,30.873391196695,31.8261496534315,0.95275845673649,4.96463366507647,40.925051356365,42.2795466271344,1.35449527076946,4.95959480067785,61.4219230826973,58.855266783296,-2.5666562994013,5.03782562634032,10.05166015967,10.4533969737029,0.401736814032972,4.38791372741331,30.5485318860023,27.0291171298645,-3.51941475613779,4.73154519837808,20.4968717263323,16.5757201561615,-3.92115157017076,4.40221283103473
hisei_h,CHE,36,435.98163708487,434.973484707799,-1.00815237707138,5.66614322687199,475.844722912764,470.700731744271,-5.14399116849347,5.41865344419159,512.559620605094,502.616449983056,-9.94317062203743,5.38815719089196,537.777816951668,524.619845261912,-13.1579716897563,5.89249964987919,39.8630858278937,35.7272470364716,-4.13583879142209,6.28599253623205,76.5779835202234,67.6429652752573,-8.93501824496605,6.50256033778837,101.796179866798,89.6463605541127,-12.1498193126849,7.43813394338643,36.7148976923297,31.9157182387858,-4.79917945354396,5.66333807878159,61.933094038904,53.9191135176411,-8.01398052126285,6.9484123613497,25.2181963465742,22.0033952788554,-3.2148010677189,7.10890961195753
hisei_h,CHL,36,427.757251094091,418.670248347994,-9.08700274609714,5.96938369636999,440.738923641583,433.648619099869,-7.09030454171347,6.12961347678585,460.975447628479,458.234934585577,-2.74051304290106,6.06606964514386,489.682418696552,485.053430404273,-4.62898829227896,5.21783876759273,12.9816725474915,14.9783707518752,1.99669820438368,7.58773278685456,33.2181965343871,39.5646862375832,6.34648970319609,7.53943459613069,61.925167602461,66.3831820562792,4.45801445381818,7.4046215309153,20.2365239868956,24.586315485708,4.34979149881241,7.24862866041713,48.9434950549695,51.404811304404,2.4613162494345,7.23965641668734,28.7069710680739,26.818495818696,-1.8884752493779,6.30967322827889
hisei_h,COL,36,378.013218493172,373.101999734263,-4.91121875890889,4.96379898377463,397.62888803672,399.168443260368,1.53955522364754,6.0344711830542,417.947337294336,424.809017946802,6.86168065246585,7.03524167735077,456.289055670202,451.841297170036,-4.44775850016663,8.89635817406228,19.615669543548,26.0664435261044,6.45077398255643,6.0968606525046,39.9341188011635,51.7070182125382,11.7728994113747,6.570948898399,78.27583717703,78.7392974357723,0.463460258742259,9.39922171115903,20.3184492576155,25.6405746864338,5.32212542881831,6.76604492609606,58.6601676334821,52.6728539096679,-5.98731372381417,8.95196657337878,38.3417183758666,27.0322792232341,-11.3094391526325,7.98690051800827
hisei_h,CZE,36,444.542982135623,441.685205045964,-2.85777708965946,4.6232070056774,483.901656712921,472.431363526323,-11.4702931865976,5.18256038284158,506.250486079234,490.69821398258,-15.5522720966537,5.1476126113822,538.849292113768,513.361325602119,-25.4879665116492,5.7151453572399,39.3586745772977,30.7461584803596,-8.61251609693812,5.31610645542024,61.7075039436103,49.0130089366161,-12.6944950069942,5.78030464333155,94.3063099781448,71.676120556155,-22.6301894219898,6.75399555970323,22.3488293663126,18.2668504562565,-4.08197891005608,5.88966931025216,54.9476354008471,40.9299620757954,-14.0176733250516,6.95688172583838,32.5988060345345,22.6631116195389,-9.93569441499557,6.37571010911417
hisei_h,DEU,36,449.141489691984,435.112722123287,-14.0287675686977,6.17024644343207,483.902418498703,480.632066051495,-3.27035244720776,6.13719514806825,502.738381304377,503.415880614718,0.677499310341318,8.52219319458131,541.360748579815,537.319173815796,-4.04157476401872,5.97249406433681,34.7609288067189,45.5193439282089,10.75841512149,6.71836541007871,53.5968916123927,68.3031584914318,14.7062668790391,8.18099672227642,92.2192588878302,102.206451692509,9.98719280467901,7.93935350399724,18.8359628056738,22.7838145632229,3.94785175754907,8.58209015500746,57.4583300811113,56.6871077643003,-0.771222316810963,7.04899146313374,38.6223672754375,33.9032932010774,-4.71907407436004,8.68221212843926
hisei_h,DNK,36,459.320851949278,438.304800329864,-21.016051619414,5.73171839247589,488.419754669779,466.030317976493,-22.389436693286,5.30132797219342,508.690605198357,486.400444431715,-22.2901607666419,7.08111783802474,518.950382065161,497.062068703668,-21.8883133614926,5.48551306423982,29.0989027205014,27.7255176466294,-1.37338507387199,7.21315712245543,49.3697532490792,48.0956441018513,-1.27410914722788,7.48698417328361,59.6295301158828,58.7572683738042,-0.872261742078536,7.00388238015633,20.2708505285777,20.3701264552219,0.0992759266441112,8.17819599670276,30.5306273953813,31.0317507271748,0.501123331793451,6.92805233648634,10.2597768668036,10.6616242719529,0.40184740514934,7.43923462673972
hisei_h,ESP,36,447.99423345558,427.870616631381,-20.123616824199,3.89395842112343,470.482081563929,451.756768228755,-18.7253133351741,3.46437819185634,491.261011182273,474.100963045486,-17.1600481367871,3.78200309727124,512.536869898093,485.898310724905,-26.6385591731871,3.51711482274487,22.487848108349,23.8861515973738,1.39830348902484,3.6760753901732,43.2667777266934,46.2303464141053,2.96356868741191,4.53630253095333,64.5426364425127,58.0276940935246,-6.51494234898809,4.66316372715391,20.7789296183444,22.3441948167315,1.56526519838707,3.87292431831973,42.0547883341637,34.1415424961508,-7.91324583801293,4.0390923282664,21.2758587158193,11.7973476794193,-9.47851103639999,4.26864149839616
hisei_h,EST,36,480.11986728609,467.104938366496,-13.0149289195942,5.10812435812554,508.776977401683,501.883935322397,-6.89304207928598,5.49447244541658,531.741835255406,521.095763133775,-10.6460721216307,4.80069534300882,541.506203205189,528.116487641112,-13.3897155640778,5.27964616788048,28.6571101155926,34.7789969559009,6.12188684030826,6.49252398068301,51.6219679693157,53.9908247672792,2.36885679796353,5.96041084012898,61.3863359190989,61.0115492746153,-0.374786644483606,6.2918149722142,22.9648578537231,19.2118278113783,-3.75303004234473,6.35113006040501,32.7292258035063,26.2325523187145,-6.49667348479187,5.97143519552924,9.76436794978326,7.02072450733613,-2.74364344244714,6.06724293079237
hisei_h,FIN,36,461.86727059483,450.128437458554,-11.7388331362759,4.29681943506314,485.119344887548,480.338943988164,-4.78040089938389,4.74784109654774,511.720321655299,504.417788267711,-7.30253338758826,4.47880876825032,533.972838414466,516.549111916043,-17.4237264984233,4.99589998446272,23.2520742927185,30.2105065296105,6.95843223689201,5.33713157989273,49.8530510604697,54.2893508091573,4.43629974868765,5.1875109925795,72.1055678196363,66.4206744574889,-5.68489336214742,6.30801728075806,26.6009767677512,24.0788442795468,-2.52213248820436,5.4443253128741,48.8534935269178,36.2101679278784,-12.6433255990394,5.89908628560223,22.2525167591666,12.1313236483315,-10.1211931108351,6.16496362318777
hisei_h,FRA,36,439.174863307756,432.210641723149,-6.96422158460695,5.51336260057329,471.603713732769,464.861220912272,-6.74249282049658,6.45891844182625,496.513281920793,483.999728417606,-12.5135535031869,6.80053477382101,532.234280189558,516.098375281398,-16.1359049081593,5.54523116527792,32.4288504250129,32.6505791891232,0.221728764110367,6.94495048206496,57.3384186130375,51.7890866944575,-5.54933191857998,7.6158377231072,93.0594168818021,83.8877335582497,-9.17168332355237,6.77262458317117,24.9095681880246,19.1385075053342,-5.77106068269035,7.43124302665934,60.6305664567892,51.2371543691265,-9.39341208766274,6.22688003981146,35.7209982687646,32.0986468637922,-3.62235140497239,6.43344637583752
hisei_h,GBR,36,475.220844979307,472.90194318655,-2.31890179275695,4.62893333893568,497.972419636203,502.57154088148,4.59912124527727,5.59815818258318,518.03004064292,521.666785264597,3.63674462167637,5.08651368305905,534.453558501817,528.488327147606,-5.96523135421114,6.08322939834797,22.7515746568959,29.6695976949301,6.91802303803422,6.78835237075403,42.809195663613,48.7648420780463,5.95564641443332,5.86720690004185,59.2327135225096,55.5863839610555,-3.6463295614542,7.0302206916469,20.0576210067171,19.0952443831162,-0.962376623600903,6.16132360594438,36.4811388656137,25.9167862661253,-10.5643525994884,6.85333385548807,16.4235178588966,6.8215418830091,-9.60197597588751,6.42502091654006
hisei_h,GRC,36,412.427637258351,393.151986508786,-19.2756507495644,5.63948683523211,428.13797798209,426.876039102084,-1.2619388800066,6.55093164246665,456.704649692714,450.7206010099,-5.98404868281398,5.02768054794792,483.143459839958,467.405200457033,-15.7382593829248,5.2241790522483,15.7103407237396,33.7240525932975,18.0137118695578,6.56593203752852,44.2770124343635,57.568614501114,13.2916020667504,6.11045422418762,70.7158225816074,74.253213948247,3.53739136663961,6.80006339227669,28.5666717106239,23.8445619078165,-4.72210980280738,6.39142489419215,55.0054818578678,40.5291613549496,-14.4763205029182,6.31859179165666,26.4388101472439,16.6845994471331,-9.75421070011083,5.37877013496637
hisei_h,HUN,36,412.447824243375,414.265167901085,1.81734365771007,5.84877633707644,469.20876191764,452.633480512653,-16.5752814049868,5.07386097693187,496.160074691572,474.199320683265,-21.9607540083069,6.63701619992836,534.964029806042,500.707491313037,-34.2565384930052,5.91897299058813,56.7609376742652,38.3683126115683,-18.3926250626969,6.22537072109613,83.7122504481967,59.9341527821796,-23.778097666017,7.84803676988986,122.516205562667,86.4423234119521,-36.0738821507152,8.44652509165742,26.9513127739314,21.5658401706113,-5.38547260332013,6.79534790607694,65.7552678884021,48.0740108003838,-17.6812570880184,7.17041036666765,38.8039551144707,26.5081706297725,-12.2957844846982,7.20169102485138
hisei_h,IRL,36,487.145362032367,471.938583053727,-15.20677897864,4.18684677092003,514.11546983181,502.669892608199,-11.4455772236105,4.89787314043682,531.885345849324,523.315088298811,-8.57025755051348,4.79780401713044,540.914125055337,528.856210267934,-12.0579147874037,4.36200160398112,26.9701077994425,30.731309554472,3.76120175502945,5.45257939966852,44.7399838169566,51.3765052450831,6.63652142812651,5.53784471558314,53.7687630229701,56.9176272142065,3.14886419123633,5.03736535708646,17.7698760175141,20.6451956906112,2.87531967309707,6.19200902649108,26.7986552235276,26.1863176597345,-0.612337563793119,5.21999717329901,9.0287792060135,5.54112196912331,-3.48765723689019,5.16664888113032
hisei_h,ISL,36,409.735314275572,410.64702199315,0.911707717577258,5.53731309727992,444.246413844555,434.991694048084,-9.25471979647114,6.01393908324647,452.67791195468,458.161182378822,5.48327042414263,5.92967057462002,472.732964454905,465.774233792666,-6.95873066223857,5.33787841281511,34.5110995689828,24.3446720549345,-10.1664275140484,7.97782820781633,42.9425976791073,47.5141603856727,4.57156270656537,7.72522785564496,62.9976501793325,55.1272117995167,-7.87043837981582,7.93779812837782,8.43149811012449,23.1694883307383,14.7379902206138,8.69408154876343,28.4865506103496,30.7825397445822,2.29598913423257,7.68503470226143,20.0550525002251,7.61305141384395,-12.4420010863812,7.47193698828323
hisei_h,ISR,36,428.253195961542,427.461514997177,-0.791680964365582,6.75698376198036,485.466482227467,460.940099705516,-24.526382521951,6.21008255845019,513.338195750962,487.114726753791,-26.223468997171,6.93031686154923,523.952027090355,494.600053630019,-29.3519734603365,6.7813591370363,57.2132862659244,33.478584708339,-23.7347015575854,7.61062835022156,85.0849997894196,59.6532117566142,-25.4317880328055,8.48949478660347,95.6988311288128,67.1385386328419,-28.5602924959709,8.42377902044612,27.8717135234952,26.1746270482751,-1.69708647522009,8.05865252739786,38.4855448628884,33.6599539245029,-4.82559093838552,7.31884368086936,10.6138313393932,7.48532687622776,-3.12850446316543,7.10688627405303
hisei_h,ITA,36,452.512039640181,449.740546859333,-2.77149278084886,4.92795450208958,474.433250793591,470.808974078271,-3.62427671532055,5.10263429387,497.823557756361,496.14919856438,-1.6743591919813,5.57530459830366,516.169389369658,514.325024834788,-1.84436453487012,5.57900321051732,21.9212111534096,21.0684272189379,-0.852783934471688,6.13819513121963,45.3115181161794,46.408651705047,1.09713358886756,6.15793401570321,63.6573497294765,64.5844779754552,0.927128245978736,6.89540619722377,23.3903069627698,25.340224486109,1.94991752333925,6.08866144553105,41.7361385760669,43.5160507565173,1.77991218045042,6.31777351616878,18.3458316132971,18.1758262704083,-0.170005342888828,5.90614086011417
hisei_h,JPN,36,493.087082300744,482.161528317701,-10.9255539830435,7.05289047148465,526.698210263527,514.093017165185,-12.6051930983419,6.37384525955106,518.861628806667,511.021191930184,-7.84043687648216,6.2114960197055,542.072206647531,534.801803671021,-7.27040297651001,7.66896446891928,33.6111279627822,31.9314888474838,-1.67963911529847,7.67051284918665,25.7745465059222,28.8596636124835,3.08511710656131,7.83790008887653,48.9851243467862,52.6402753533196,3.65515100653346,8.97105744864133,-7.83658145686002,-3.07182523500023,4.76475622185978,7.80841722743276,15.3739963840039,20.7087865058359,5.33479012183193,7.27663619953796,23.210577840864,23.7806117408361,0.570033899972145,8.58407662854169
hisei_h,KOR,36,495.238619094368,479.330381007379,-15.9082380869891,6.5989025430079,516.839597964968,510.321346933272,-6.51825103169557,6.52907483829404,521.377218467313,518.95256709058,-2.42465137673264,6.40533490843526,542.829017952677,536.374276760995,-6.45474119168171,6.08213509138125,21.6009788706003,30.9909659258938,9.38998705529349,7.51716702069912,26.138599372945,39.6221860832014,13.4835867102564,6.65715341777451,47.5903988583088,57.0438957536161,9.45349689530735,7.5198654197335,4.53762050234468,8.63122015730761,4.09359965496293,6.89339042765818,25.9894199877085,26.0529298277224,0.0635098400138645,6.80325112945943,21.4517994853638,17.4217096704148,-4.03008981494907,7.02221597001157
hisei_h,LTU,36,444.676534773233,442.683669149033,-1.99286562419974,5.81828627946254,472.016953622515,483.629282099117,11.6123284766019,5.18759203117432,496.459265323594,496.284014935158,-0.175250388435813,5.34183702592331,511.797219505357,507.277239991651,-4.51997951370572,6.12459236409044,27.3404188492822,40.9456129500838,13.6051941008017,6.48163324796786,51.7827305503609,53.6003457861248,1.81761523576392,7.4465592192205,67.1206847321239,64.5935708426179,-2.52711388950598,7.4941786954986,24.4423117010787,12.654732836041,-11.7875788650377,6.57940178582881,39.7802658828417,23.6479578925341,-16.1323079903077,6.88402612284523,15.337954181763,10.9932250564931,-4.34472912526991,7.13272293613978
hisei_h,LVA,36,446.968976838684,416.141718381811,-30.8272584568732,4.99774887897146,469.947967996367,451.370498872318,-18.5774691240489,5.64624794506552,497.724653223774,467.208686725905,-30.5159664978692,4.91480698945899,510.293212836088,457.655417897121,-52.6377949389676,4.52022635054646,22.9789911576837,35.2287804905079,12.2497893328243,6.22119226177021,50.7556763850904,51.0669683440944,0.311291959003995,6.18036309385662,63.3242359974045,41.51369951531,-21.8105364820945,6.2577568656463,27.7766852274067,15.8381878535865,-11.9384973738203,6.80706879791356,40.3452448397208,6.28491902480209,-34.0603258149187,6.46721388405724,12.5685596123141,-9.55326882878438,-22.1218284410984,5.7779067694513
hisei_h,MEX,36,387.755031931307,383.451692403596,-4.30333952771116,4.72642276856508,405.508730957953,403.483793061497,-2.02493789645604,4.36204097389187,429.117014113359,426.582599241737,-2.5344148716224,5.5898236074059,447.128939651468,441.328148163468,-5.80079148800036,5.97696586257844,17.753699026646,20.0321006579011,2.27840163125512,5.16609988648761,41.3619821820525,43.1309068381412,1.76892465608876,5.57571012555028,59.3739077201614,57.8764557598722,-1.4974519602892,6.51214122977309,23.6082831554065,23.0988061802401,-0.509476975166365,5.55848014308088,41.6202086935154,37.8443551019711,-3.77585359154432,5.96026830567325,18.0119255381089,14.745548921731,-3.26637661637795,5.95234233715145
hisei_h,NLD,36,420.378146562676,411.615855792872,-8.76229076980451,7.77941381431333,464.621901189104,447.289095938952,-17.3328052501526,6.31795005391593,492.964063214344,475.027092837319,-17.9369703770249,6.5042389657763,511.36246131288,494.329416124131,-17.0330451887497,6.03481907124389,44.2437546264276,35.6732401460795,-8.5705144803481,7.58245981889164,72.585916651667,63.4112370444466,-9.17467960722041,8.3088660699571,90.9843147502039,82.7135603312586,-8.27075441894522,8.83557473658327,28.3421620252394,27.737996898367,-0.604165126872317,7.39054278790642,46.7405601237762,47.0403201851791,0.299760061402878,7.55831862366115,18.3983980985369,19.3023232868121,0.903925188275196,6.56290967306992
hisei_h,NOR,36,445.695935404416,425.509653083706,-20.1862823207097,5.8723361199815,482.694091272481,464.517768627451,-18.1763226450296,4.79789947505595,501.774126383311,475.238157970889,-26.5359684124214,5.85833934873124,511.777052224987,502.412533036639,-9.36451918834803,5.85281576899877,36.9981558680645,39.0081155437446,2.00995967568014,7.19666420075516,56.0781909788947,49.728504887183,-6.3496860917117,7.20563217168047,66.0811168205714,76.9028799529331,10.8217631323617,7.29721658238772,19.0800351108302,10.7203893434384,-8.35964576739184,6.82924144173608,29.0829609525069,37.8947644091885,8.81180345668156,7.07862159308852,10.0029258416767,27.1743750657501,17.1714492240734,7.15860585297822
hisei_h,NZL,36,466.87707016955,476.769803334668,9.89273316511748,5.37102614076019,506.051105609447,508.894544072413,2.84343846296582,6.49332923989869,529.362751245584,533.357076478307,3.99432523272344,6.30034721580287,540.592438718237,539.835276985446,-0.757161732791474,5.75209618017612,39.1740354398967,32.124740737745,-7.04929470215166,7.87217763273173,62.4856810760334,56.5872731436394,-5.89840793239404,7.7266487872204,73.7153685486867,63.0654736507777,-10.649894897909,7.71341015810441,23.3116456361367,24.4625324058944,1.15088676975762,9.04094297921221,34.54133310879,30.9407329130327,-3.6006001957573,7.75059252992259,11.2296874726533,6.47820050713835,-4.75148696551491,8.78780140053933
hisei_h,POL,36,458.735880664152,460.045264699018,1.30938403486567,5.51808493327292,480.60388933237,481.195008328264,0.591118995893737,5.41104838589906,513.536460301603,519.108205395976,5.57174509437289,6.32996694579407,533.898337723063,529.055577515459,-4.84276020760399,5.40363826610676,21.8680086682176,21.1497436292456,-0.718265038971936,6.17808584025805,54.8005796374511,59.0629406969583,4.26236105950721,7.66245442008101,75.1624570589111,69.0103128164415,-6.15214424246966,7.39419250587227,32.9325709692336,37.9131970677127,4.98062609847915,6.63563151152022,53.2944483906936,47.8605691871958,-5.43387920349773,6.86000232569264,20.36187742146,9.94737211948313,-10.4145053019769,6.50433248531208
hisei_h,PRT,36,444.2087402151,434.838831598021,-9.36990861707915,5.90514465845786,465.556352693942,460.475967112292,-5.08038558165026,6.70573920410105,496.62561693773,482.514287320852,-14.1113296168779,4.69529259304068,519.381562259967,510.701184703243,-8.6803775567239,6.31507017683845,21.3476124788422,25.6371355142711,4.28952303542889,6.31821961714654,52.4168767226296,47.6754557228309,-4.74142099979878,6.42695336214113,75.1728220448665,75.8623531052218,0.68953106035525,7.18747454582426,31.0692642437875,22.0383202085598,-9.03094403522766,6.98722568754928,53.8252095660243,50.2252175909507,-3.59999197507364,6.87008920677531,22.7559453222369,28.1868973823909,5.43095206015403,7.26526507628287
hisei_h,SVK,36,394.606897444607,409.53153378983,14.9246363452236,6.86065920219527,447.961028607731,446.828553554433,-1.13247505329724,5.96798380095306,470.853069769438,476.846152899814,5.99308313037619,5.56703289753144,503.380060631241,504.478847708301,1.09878707705906,5.73596985013431,53.354131163124,37.2970197646031,-16.0571113985209,7.1498137309511,76.246172324831,67.3146191099836,-8.93155321484744,7.59933275113272,108.773163186635,94.9473139184703,-13.8258492681646,8.52718286667845,22.892041161707,30.0175993453805,7.12555818367343,6.93992821470307,55.4190320235109,57.6502941538672,2.2312621303563,7.46310101151148,32.5269908618039,27.6326948084868,-4.89429605331713,6.67400366299758
hisei_h,SVN,36,430.007059939703,418.905457581039,-11.1016023586643,4.98638663934792,465.081094976299,448.520250030493,-16.560844945806,4.89775212794319,492.727109674871,474.70712044236,-18.0199892325118,5.07585365833656,502.71027286042,495.213553928554,-7.4967189318661,5.07610355181775,35.0740350365956,29.6147924494539,-5.45924258714166,6.82901109821741,62.720049735168,55.8016628613205,-6.91838687384751,7.10528804206932,72.7032129207162,76.3080963475144,3.60488342679821,7.25753382166709,27.6460146985724,26.1868704118666,-1.45914428670585,7.00520220879616,37.6291778841206,46.6933038980605,9.06412601393987,7.07383983906879,9.98316318554822,20.5064334861939,10.5232703006457,7.07660249393507
hisei_h,SWE,36,449.566316119098,430.601184581815,-18.9651315372828,5.56430219358197,490.920083601846,476.747992975052,-14.1720906267937,5.08415640922262,519.98467402965,500.905310592142,-19.0793634375074,6.69534510503916,525.779979591536,517.76332521076,-8.01665438077532,5.67780196631819,41.353767482748,46.1468083932371,4.79304091048914,6.46265887403446,70.4183579105518,70.3041260103273,-0.114231900224581,7.30061831529268,76.2136634724379,87.1621406289454,10.9484771565075,6.99960341366497,29.0645904278039,24.1573176170901,-4.90727281071372,7.5469758997103,34.8598959896899,41.0153322357083,6.15543624601838,6.53914733065136,5.79530556188604,16.8580146186181,11.0627090567321,7.08606277258593
hisei_h,TUR,36,428.287029449892,452.288224039868,24.0011945899755,4.20444350002234,444.974004181053,462.367937699736,17.3939335186834,4.38925367090725,461.863408344033,482.940018716006,21.0766103719735,4.66656900384498,493.698871897436,517.989434468295,24.2905625708589,4.3442885703222,16.6869747311607,10.0797136598686,-6.6072610712921,4.59751057432631,33.5763788941405,30.6517946761384,-2.92458421800205,5.19470878819962,65.4118424475435,65.7012104284269,0.289367980883412,5.35737420271922,16.8894041629798,20.5720810162698,3.68267685329005,5.22158763134053,48.7248677163828,55.6214967685583,6.89662905217551,5.38100904696597,31.835463553403,35.0494157522885,3.21395219888547,5.5334827066465
hisei_h,USA,36,469.841218786205,453.803239856582,-16.0379789296231,9.15034713645455,500.954684849245,484.881480355843,-16.0732044934018,8.93577460156998,517.120257805228,515.408325006271,-1.7119327989567,21.3442944638839,553.852383189093,554.622759178627,0.770375989534841,10.8877666475668,31.1134660630399,31.0782404992611,-0.035225563778738,11.2639748512969,47.2790390190228,61.6050851496892,14.3260461306664,22.1821875430606,84.0111644028878,100.819519322046,16.8083549191579,13.2955804638679,16.165572955983,30.5268446504281,14.3612716944451,19.8484919210892,52.8976983398479,69.7412788227846,16.8435804829367,12.9805228243917,36.732125383865,39.2144341723565,2.48230878849154,20.0391987027046
hisei_h,OECD,36,444.296494553553,437.249098077109,-7.04739647644425,1.42792379884377,475.67111545794,468.538325203615,-7.13279025432559,1.42975795686166,497.910617170482,489.839717712202,-8.07089945828062,1.55287895813598,519.588325749607,508.106216275807,-11.4821094738003,1.45627921017628,31.3746209043872,31.2892271265059,-0.0853937778813361,1.11208886807642,53.6141226169294,52.590619635093,-1.02350298183637,1.27439903435591,75.2918311960546,70.8571181986985,-4.43471299735603,1.23265304308137,22.2395017125422,21.3013925085871,-0.938109203955037,1.23741572582514,43.9172102916673,39.5678910721927,-4.34931921947469,1.15165858818042,21.6777085791252,18.2664985636055,-3.41121001551966,1.2302082038829
hisei_h,OECD35,35,444.190844870638,437.517054689844,-6.67379018079413,1.44096311793461,475.819373569198,469.017798260039,-6.80157530915852,1.44377987988854,498.100605913003,490.289396416965,-7.81120949603769,1.57198307170487,519.789795916794,508.740727862976,-11.0490680538178,1.47145417240705,31.6285286985597,31.5007435701953,-0.127785128364394,1.13903061139389,53.9097610423648,52.7723417271212,-1.13741931524356,1.3043870579154,75.5989510461558,71.2236731731321,-4.37527787302372,1.26085191542032,22.2812323438051,21.2715981569259,-1.00963418687917,1.26795115098903,43.9704223475961,39.7229296029368,-4.24749274465933,1.17892833314489,21.6891900037911,18.4513314460109,-3.23785855778016,1.25946569274746
pared_h,AUS,36,466.863347092052,460.961018628378,-5.90232846367411,3.88695556180923,499.482880553357,497.742598952512,-1.74028160084487,4.50587210491271,517.617485530453,520.581399163578,2.96391363312523,5.01560960598962,518.184224388385,514.480960306684,-3.70326408170138,4.3594499791198,32.6195334613051,36.7815803241343,4.16204686282924,5.17790577083532,50.7541384384014,59.6203805352008,8.86624209679934,5.72086893168579,51.3208772963337,53.5199416783064,2.19906438197273,5.33809907665596,18.1346049770963,22.8388002110664,4.7041952339701,5.89911143951708,18.7013438350286,16.7383613541721,-1.96298248085651,5.27706255132015,0.566738857932251,-6.10043885689436,-6.66717771482661,5.55832718663856
pared_h,AUT,36,452.605887784361,451.539537331831,-1.06635045253012,5.33703274784869,476.936807012509,465.637706075016,-11.2991009374933,5.2278506129996,498.032196007973,481.425252034852,-16.6069439731207,5.17486952120339,511.283037307411,503.949817662696,-7.33321964471514,5.32670056179158,24.3309192281476,14.0981687431844,-10.2327504849632,6.17661374591468,45.4263082236111,29.8857147030205,-15.5405935205906,6.50178123329255,58.6771495230493,52.4102803308643,-6.26686919218503,6.46511056951523,21.0953889954635,15.7875459598362,-5.30784303562734,6.05908629138718,34.3462302949017,38.3121115876799,3.96588129277819,5.40130017511097,13.2508412994382,22.5245656278437,9.27372432840554,6.18902059442329
pared_h,BEL,36,447.394213597532,444.586386535156,-2.80782706237596,5.881003480341,489.468037306781,485.823432215256,-3.64460509152508,5.71978690565984,496.324585890493,502.746050172946,6.42146428245326,4.7636355139842,500.235230729349,498.318898918969,-1.91633181038003,5.12951214034456,42.073823709249,41.2370456800999,-0.836778029149116,6.36341225405415,48.9303722929612,58.1596636377904,9.22929134482922,6.18326222090046,52.841017131817,53.732512383813,0.891495251995934,6.79430365239335,6.85654858371214,16.9226179576905,10.0660693739783,5.71841227385711,10.767193422568,12.495466703713,1.72827328114505,6.17661792226579,3.91064483885583,-4.42715125397746,-8.33779609283329,5.74357251476952
pared_h,CAN,36,484.993782130291,470.088357122886,-14.9054250074054,3.91030510824371,510.376549540566,497.021137365388,-13.3554121751781,4.22133426503574,523.183608239987,520.37497196234,-2.808636277647,4.37118855277158,521.169559476069,515.529527503168,-5.64003197290106,3.90717334652624,25.3827674102753,26.9327802425026,1.55001283222731,4.69027467283549,38.1898261096958,50.2866148394542,12.0967887297584,5.30196522041118,36.1757773457776,45.4411703802819,9.26539303450431,4.88582946681015,12.8070586994206,23.3538345969516,10.5467758975311,4.95172924429754,10.7930099355023,18.5083901377793,7.715380202277,4.65502599054411,-2.01404876391825,-4.84544445917231,-2.83139569525406,4.70030288493878
pared_h,CHE,36,453.564060681567,452.003980908278,-1.56007977328926,5.68117867682059,480.965235004853,473.308317084381,-7.65691792047187,5.25278431266347,510.266880574313,500.659155553548,-9.60772502076537,5.49288789971355,506.89079489686,505.537541565154,-1.35325333170607,5.2270634099609,27.4011743232857,21.3043361761031,-6.09683814718261,6.5904616438708,56.7028198927464,48.6551746452703,-8.04764524747611,6.76498579383996,53.3267342152934,53.5335606568766,0.206826441583189,6.65199757423674,29.3016455694607,27.3508384691672,-1.9508071002935,5.92756819,25.9255598920078,32.2292244807736,6.3036645887658,5.64505017177136,-3.37608567745298,4.87838601160632,8.2544716890593,5.9173234008622
pared_h,CHL,36,420.547929288791,412.588980004103,-7.95894928468817,5.78924350114574,452.32877489922,434.042616771963,-18.2861581272576,5.69685351213123,468.502081872959,457.965173996667,-10.5369078762919,5.53464573595047,461.441029705263,464.711566300044,3.27053659478145,5.51716953606923,31.7808456104293,21.4536367678598,-10.3272088425694,6.19027037926035,47.9541525841678,45.3761939925641,-2.5779585916037,6.96927489969875,40.8931004164721,52.1225862959417,11.2294858794696,6.94413117859254,16.1733069737386,23.9225572247043,7.7492502509657,6.85407833288637,9.11225480604287,30.6689495280819,21.556694722039,6.28380869258182,-7.06105216769572,6.7463923033776,13.8074444710733,6.28945255852348
pared_h,COL,36,380.51437834234,369.2018298747,-11.3125484676403,5.38348191618236,394.653032082117,401.327099044252,6.67406696213544,5.38861871853435,433.535777095918,425.246524885758,-8.28925221015976,6.97320887272652,432.785680843831,432.691033353692,-0.0946474901392662,8.51087415022654,14.138653739777,32.1252691695528,17.9866154297758,6.1983480945272,53.0213987535781,56.0446950110587,3.02329625748058,7.02718612974003,52.2713025014912,63.4892034789922,11.2179009775011,8.47469689259808,38.8827450138011,23.9194258415059,-14.9633191722952,6.31692214969244,38.1326487617142,31.3639343094395,-6.76871445227471,8.20549446553233,-0.750096252086962,7.44450846793353,8.19460472002049,6.23226628186027
pared_h,CZE,36,465.021412939295,446.145237980572,-18.8761749587227,5.0900196621441,470.445234440437,460.725895887789,-9.71933855264814,4.83457066025539,499.792983316599,486.979285043509,-12.81369827309,5.14939301278155,525.237046969894,498.842069925162,-26.3949770447322,5.2646116550473,5.42382150114179,14.5806579072164,9.1568364060746,5.427219550033,34.7715703773037,40.8340470629365,6.06247668563276,5.98330287518764,60.2156340305989,52.6968319445894,-7.51880208600949,6.45064150459105,29.3477488761619,26.2533891557201,-3.09435972044184,6.0818290435525,54.7918125294571,38.116174037373,-16.6756384920841,5.95653441109946,25.4440636532952,11.8627848816529,-13.5812787716422,5.63754429469112
pared_h,DEU,36,460.978324035863,435.343012441187,-25.6353115946757,6.00077029538966,480.06430485466,486.384712155813,6.32040730115256,6.65965524539256,504.460215174204,498.448967724526,-6.01124744967819,6.62342869637525,510.417768253924,517.338430760074,6.92066250615045,7.12541612235197,19.0859808187975,51.0416997146257,31.9557188958282,7.1351079952314,43.4818911383412,63.1059552833387,19.6240641449975,7.23055026547013,49.4394442180611,81.9954183188872,32.5559741008261,7.50786561355713,24.3959103195437,12.064255568713,-12.3316547508308,7.62253269065772,30.3534633992635,30.9537186042614,0.600255204997893,7.71945184265809,5.95755307971984,18.8894630355485,12.9319099558286,7.15311402836745
pared_h,DNK,36,470.716945495819,435.044020081669,-35.6729254141492,5.10604140420666,497.634343146103,474.041980265154,-23.5923628809491,5.61305034098943,503.20936533911,484.534349046698,-18.6750162924112,6.05456496531884,494.764099757172,481.749038596364,-13.0150611608079,5.54881193917717,26.9173976502844,38.9979601834845,12.0805625332001,7.01117330796827,32.4924198432909,49.4903289650289,16.997909121738,7.02988663820254,24.0471542613532,46.7050185146945,22.6578642533413,6.62513516064654,5.57502219300648,10.4923687815444,4.9173465885379,6.38952117104693,-2.87024338893127,7.70705833120996,10.5773017201412,6.91272177513292,-8.44526558193775,-2.78531045033441,5.65995513160334,6.82956334687514
pared_h,ESP,36,447.301912120109,426.786148576859,-20.5157635432508,4.01385255871994,485.123043377378,455.821593936858,-29.3014494405201,3.73904653134222,486.061135098292,474.121426919706,-11.9397081785853,3.52237673538853,487.469145810354,472.458155965203,-15.0109898451518,3.25374913394808,37.8211312572684,29.0354453599991,-8.78568589726922,4.33750482184276,38.7592229781822,47.3352783428477,8.57605536466554,4.35643449627707,40.1672336902449,45.672007388344,5.50477369809909,4.10195439225625,0.938091720913803,18.2998329828486,17.3617412619348,4.27819613520033,2.34610243297658,16.6365620283449,14.2904595953683,3.65091740289251,1.40801071206278,-1.66327095450367,-3.07128166656645,3.49379414690403
pared_h,EST,36,491.118842129369,466.314682611658,-24.804159517711,4.79346616290165,500.312918200989,497.163799437526,-3.14911876346332,5.46157177467989,526.133848325884,521.423795328606,-4.71005299727767,5.13127073871616,530.788917300629,523.44420042012,-7.34471688050849,5.33851573064223,9.19407607161997,30.8491168258677,21.6550407542477,6.58368279127833,35.0150061965141,55.1091127169474,20.0941065204333,6.48060588012162,39.6700751712594,57.1295178084619,17.4594426372025,5.92603870543711,25.8209301248941,24.2599958910798,-1.56093423381435,5.80802170293928,30.4759990996394,26.2804009825942,-4.19559811704517,5.97267888494564,4.65506897474529,2.02040509151448,-2.63466388323081,5.75655036510525
pared_h,FIN,36,463.68380860204,445.558789800043,-18.1250188019969,4.7713597231999,502.136565886061,479.703123332803,-22.4334425532575,4.93099392117838,505.912145797844,499.801484693536,-6.11066110430755,4.27445508830757,502.150792445274,504.165391837324,2.01459939205063,4.45471307846669,38.4527572840203,34.1443335327598,-4.30842375126053,5.73496204081318,42.2283371958038,54.2426948934932,12.0143576976894,5.8560924804863,38.4669838432336,58.6066020372811,20.1396181940476,5.89048471453004,3.7755799117835,20.0983613607334,16.3227814489499,5.38656514232301,0.0142265592132276,24.4622685045213,24.4480419453081,5.15463872264702,-3.76135335257027,4.36390714378791,8.12526049635818,5.18940162009824
pared_h,FRA,36,443.738347640424,432.531330559738,-11.2070170806862,5.42600733577223,478.109156474816,457.792531212701,-20.3166252621152,6.57275951758957,494.185599646127,488.055585651063,-6.13001399506447,6.08463656159043,492.742818617735,495.175956163579,2.43313754584432,6.31167625562776,34.3708088343915,25.2612006529625,-9.10960818142905,6.86942853777554,50.447252005703,55.5242550913247,5.0770030856217,6.58728222039966,49.0044709773106,62.6446256038411,13.6401546265305,6.75378571085541,16.0764431713114,30.2630544383622,14.1866112670508,7.14060597110553,14.633662142919,37.3834249508786,22.7497628079595,7.25506385895391,-1.4427810283924,7.12037051251639,8.56315154090879,5.91531189658863
pared_h,GBR,36,484.808611425206,479.608589597587,-5.20002182761954,5.21349647822976,499.951662167306,499.002550061553,-0.949112105752818,4.8019298666114,516.176677910115,522.228068778666,6.05139086855058,5.62320125374782,510.680563383403,525.128377098788,14.4478137153857,5.69050288333854,15.1430507420995,19.3939604639662,4.25090972186672,6.21938625870666,31.3680664849087,42.6194791810788,11.2514126961701,6.99415839790659,25.8719519581961,45.5197875012013,19.6478355430052,7.22402345317359,16.2250157428092,23.2255187171126,7.0005029743034,6.54827631194057,10.7289012160966,26.1258270372351,15.3969258211385,6.33613585152703,-5.49611452671263,2.90030832012246,8.39642284683509,5.7236098334535
pared_h,GRC,36,412.07654496774,399.190302661263,-12.8862423064775,6.01775299303915,438.051196583261,414.795433763071,-23.2557628201897,6.08276947743651,452.617201742384,453.689602283479,1.07240054109428,5.64809024062439,455.096054280554,447.94413116045,-7.15192312010368,5.02500908599754,25.9746516155207,15.6051311018085,-10.3695205137122,6.62768036160657,40.5406567746438,54.4992996222156,13.9586428475718,7.25682897207028,43.0195093128135,48.7538284991873,5.7343191863738,6.39608324665077,14.5660051591232,38.8941685204071,24.3281633612839,6.03719370465245,17.0448576972928,33.1486973973788,16.103839700086,5.76110384565489,2.47885253816963,-5.74547112302832,-8.22432366119796,4.96911798635855
pared_h,HUN,36,441.923054576474,426.542318352958,-15.3807362235161,5.44519142124611,471.455388239201,446.395574622624,-25.0598136165762,5.98437294935231,491.013771891858,477.60209067807,-13.4116812137884,5.61587840277359,489.913749897932,478.583466461456,-11.3302834364764,5.50201130672344,29.5323336627265,19.8532562696664,-9.67907739306008,6.92853657282444,49.0907173153844,51.0597723251121,1.9690550097277,7.21269383553738,47.990695321458,52.0411481084976,4.05045278703966,6.92276374630511,19.5583836526579,31.2065160554457,11.6481324027878,7.10260651949602,18.4583616587315,32.1878918388312,13.7295301800997,6.7093758802585,-1.10002199392642,0.981375783385545,2.08139777731196,5.62176087887769
pared_h,IRL,36,492.76121197824,471.903082003762,-20.8581299744785,4.49649975648283,518.293073817589,516.200028827695,-2.09304498989343,4.87339807780976,528.290127870222,518.327026347146,-9.96310152307547,4.18837103099188,529.142023514478,519.809684183916,-9.33233933056249,4.38982608357927,25.5318618393482,44.2969468239333,18.7650849845851,5.21388694369451,35.5289158919814,46.4239443433845,10.8950284514031,5.17828000575525,36.380811536238,47.906602180154,11.525790643916,5.20475976435842,9.99705405263319,2.12699751945115,-7.87005653318204,5.27415202237324,10.8489496968898,3.60965535622074,-7.23929434066906,5.32598148841675,0.851895644256615,1.48265783676959,0.630762192512975,5.13456850065081
pared_h,ISL,36,410.354369302805,405.953132657582,-4.40123664522315,5.44065301309093,440.342596795414,434.676902461748,-5.66569433366664,6.29135324138985,448.24102875573,461.360755192494,13.1197264367644,5.27770593417401,452.402423367508,451.380598214755,-1.02182515275348,5.68121586259613,29.9882274926096,28.7237698041661,-1.26445768844349,8.3580169226585,37.8866594529248,55.4076225349123,17.5209630819875,7.72281900313845,42.0480540647034,45.4274655571731,3.37941149246967,7.9717760285528,7.89843196031524,26.6838527307463,18.785420770431,7.94969958117752,12.0598265720939,16.703695753007,4.64386918091316,8.14437555891206,4.16139461177863,-9.98015697773923,-14.1415515895179,7.90026822409359
pared_h,ISR,36,436.442716845067,424.412473605933,-12.0302432391342,6.8774687598144,481.057307583328,460.973551426726,-20.0837561566015,6.58273550101051,495.388203328626,477.67306454799,-17.7151387806356,6.72481495518745,496.155470090193,471.549850479602,-24.6056196105906,6.57556373013815,44.6145907382608,36.5610778207935,-8.05351291746729,7.73295526677962,58.9454864835587,53.2605909420573,-5.68489554150142,7.80308557172886,59.7127532451256,47.1373768736692,-12.5753763714564,7.81240404511225,14.3308957452979,16.6995131212638,2.36861737596587,6.65522371756781,15.0981625068648,10.5762990528756,-4.52186345398911,7.15598776239516,0.767266761566873,-6.12321406838811,-6.89048082995498,7.03827265337498
pared_h,ITA,36,459.189246955949,451.495664313759,-7.69358264219039,5.24209032354375,484.515137979339,471.174228310606,-13.3409096687336,4.80181802963789,494.411088493206,485.827205355539,-8.58388313766682,5.5628086269861,492.226676663878,506.573932135701,14.347255471823,5.58921043008098,25.3258910233898,19.6785639968466,-5.64732702654322,5.9330260534999,35.2218415372565,34.3315410417801,-0.890300495476424,6.81156367168303,33.0374297079283,55.0782678219417,22.0408381140134,6.4641128510321,9.89595051386675,14.6529770449336,4.7570265310668,6.15131228513519,7.71153868453848,35.3997038250951,27.6881651405566,6.19329954506348,-2.18441182932827,20.7467267801616,22.9311386094898,5.25353479903235
pared_h,JPN,36,486.232354505326,469.490315893331,-16.7420386119944,6.94673713760926,512.904055715293,500.958997248225,-11.9450584670678,7.20669021729863,535.845827404683,528.154136855247,-7.69169054943677,6.68320703479451,532.31935548096,529.900405933278,-2.41894954768225,5.8629452451943,26.671701209967,31.4686813548936,4.79698014492664,7.87516724598729,49.6134728993578,58.6638209619155,9.05034806255765,8.19914032184741,46.0870009756347,60.4100900399469,14.3230890643122,7.81980496196164,22.9417716893909,27.1951396070219,4.25336791763101,7.53143006879865,19.4152997656678,28.9414086850533,9.52610891938554,6.90176475430082,-3.52647192372308,1.74626907803145,5.27274100175453,6.54068778248869
pared_h,KOR,36,494.801352278525,468.412838033191,-26.3885142453344,7.38823772978097,496.328810494455,512.895135698393,16.5663252039383,6.31783415927119,538.967953940759,518.570114214316,-20.3978397264434,6.60422204305704,534.476134726247,520.433385462689,-14.0427492635573,5.84178629083213,1.52745821592976,44.4822976652025,42.9548394492727,7.14508042415564,44.1666016622345,50.1572761811255,5.99067451889101,7.53071532486922,39.6747824477216,52.0205474294987,12.3457649817771,7.79855454218928,42.6391434463047,5.67497851592304,-36.9641649303817,6.33335582797618,38.1473242317918,7.53824976429621,-30.6090744674956,6.89396352722166,-4.49181921451293,1.86327124837317,6.3550904628861,6.68129864760995
pared_h,LTU,36,445.564556819627,444.436087677309,-1.12846914231744,4.61618875349061,471.546703870343,474.164962305195,2.61825843485178,4.9626833946249,485.936675508053,484.709502211723,-1.22717329632968,4.56491833479829,491.588659063862,486.899358475515,-4.68930058834741,4.63350270356404,25.9821470507166,29.7288746278858,3.74672757716922,6.0992754851355,40.3721186884263,40.2734145344141,-0.0987041540122391,6.00099107417653,46.0241022442353,42.4632707982054,-3.56083144602997,6.10990501154394,14.3899716377098,10.5445399065283,-3.84543173118146,5.97962416940187,20.0419551935188,12.7343961703196,-7.30755902319919,5.73305833801951,5.65198355580901,2.18985626379128,-3.46212729201773,4.70040606579735
pared_h,LVA,36,452.033889227269,425.110977234135,-26.9229119931333,5.4296410670766,463.095764788918,424.051851785976,-39.0439130029422,4.90323691709781,492.513466761791,461.350486814157,-31.162979947634,5.79893058849856,496.745303253802,465.594277386883,-31.1510258669189,5.08536507321792,11.0618755616492,-1.05912544815965,-12.1210010098089,6.39702330603879,40.4795775345219,36.2395095800212,-4.24006795450072,7.00771029195967,44.7114140265328,40.4833001527472,-4.22811387378562,6.78156459701457,29.4177019728727,37.2986350281809,7.88093305530816,6.7637387154584,33.6495384648836,41.5424256009068,7.89288713602326,6.20381001900702,4.23183649201087,4.24379057272597,0.0119540807150997,6.6889505012156
pared_h,MEX,36,383.428482038761,379.235012015881,-4.19347002287918,4.41894538903849,408.878149642756,407.148442764585,-1.7297068781703,4.91618853070329,427.127545890548,419.538803444634,-7.58874244591368,5.91162804555464,443.286860726635,439.800428135084,-3.48643259155057,6.10213114109264,25.449667603995,27.9134307487039,2.46376314470888,5.25965710675825,43.699063851787,40.3037914287525,-3.3952724230345,6.70789611347273,59.858378687874,60.5654161192026,0.707037431328615,6.65073235249742,18.249396247792,12.3903606800486,-5.85903556774338,6.21496776552394,34.408711083879,32.6519853704987,-1.75672571338026,6.56500117380741,16.159314836087,20.2616246904501,4.10230985436311,5.92195031043073
pared_h,NLD,36,439.948509424036,415.304115286644,-24.6443941373915,6.8275852345271,473.423636620478,435.358563575507,-38.0650730449707,6.71907879093469,470.361724043156,475.735544533703,5.37382049054696,6.42543076830377,473.088374106922,477.852785587608,4.76441148068574,7.17690891697642,33.4751271964424,20.0544482888632,-13.4206789075793,7.48978082562472,30.4132146191199,60.4314292470584,30.0182146279385,7.90068445879243,33.1398646828866,62.5486703009639,29.4088056180772,7.22896142683368,-3.06191257732252,40.3769809581952,43.4388935355177,7.40940523421709,-0.33526251355579,42.4942220121007,42.8294845256565,8.04030313965327,2.72665006376673,2.1172410539055,-0.609409009861224,7.10708907741327
pared_h,NOR,36,451.289270443415,421.944040532893,-29.3452299105222,5.14144644625888,485.180520991639,469.122526486986,-16.0579945046533,5.54495290816951,497.16613347391,482.816243677412,-14.3498897964973,5.34425085430906,490.204715745426,484.748637803103,-5.45607794232308,5.21672906282822,33.8912505482241,47.178485954093,13.2872354058689,6.52464052254485,45.8768630304944,60.8722031445194,14.9953401140249,6.56361071115161,38.9154453020111,62.8045972702102,23.8891519681991,7.09142193595523,11.9856124822703,13.6937171904264,1.70810470815604,6.25006826146814,5.02419475378696,15.6261113161172,10.6019165623302,6.68232480141959,-6.96141772848335,1.93239412569085,8.8938118541742,6.2035652953934
pared_h,NZL,36,476.612042990418,481.432908354574,4.82086536415585,5.13830557796792,510.562522102223,506.328120461888,-4.23440164033525,6.42509332074111,523.896664930937,534.11448247919,10.2178175482534,6.19591547649892,529.809012899279,531.393067605314,1.58405470603554,6.4650009773731,33.9504791118051,24.895212107314,-9.0552670044911,7.82080433403487,47.284621940519,52.6815741246165,5.39695218409753,7.4214424044807,53.1969699088613,49.960159250741,-3.23681065812031,8.01733068787641,13.3341428287139,27.7863620173025,14.4522191885886,8.90833263762369,19.2464907970561,25.0649471434269,5.8184563463708,9.37999983764931,5.91234796834226,-2.72141487387557,-8.63376284221783,8.00682599296045
pared_h,POL,36,465.880607549539,456.177430070188,-9.70317747935121,5.55660049321831,471.084256106196,463.621872786104,-7.46238332009136,5.24381537178494,506.315889142908,518.594642660451,12.2787535175435,6.25330768389539,522.214359645624,513.244694784025,-8.96966486159829,5.31590030215551,5.20364855665707,7.44444271591692,2.24079415925985,5.83129298548666,40.4352815933688,62.4172125902635,21.9819309968947,7.57559267079468,56.3337520960848,57.0672647138377,0.733512617752922,6.78694593283945,35.2316330367117,54.9727698743466,19.7411368376348,7.20044164245805,51.1301035394278,49.6228219979208,-1.50728154150693,6.23193949005542,15.898470502716,-5.34994787642575,-21.2484183791418,6.28160702601224
pared_h,PRT,36,442.271807588531,429.325925902601,-12.9458816859299,6.0298761825021,480.247260646648,464.418787190595,-15.8284734560527,5.20643290738216,490.911523595109,487.667502565715,-3.24402102939331,6.31811535521018,499.961475576401,493.363463279775,-6.59801229662628,5.16013709086136,37.9754530581171,35.0928612879943,-2.88259177012276,6.4601706861576,48.6397160065782,58.3415766631148,9.70186065653661,6.07709157653365,57.6896679878705,64.0375373771742,6.34786938930364,6.42988614400749,10.6642629484611,23.2487153751205,12.5844524266594,6.87043116037877,19.7142149297534,28.9446760891798,9.2304611594264,6.32245146760533,9.04995198129234,5.69596071405937,-3.35399126723297,6.22647475900086
pared_h,SVK,36,424.138355833663,416.287401965047,-7.85095386861553,6.07760293195099,441.827105644649,438.980014827007,-2.84709081764191,5.43123230156995,457.297593309265,476.103838273595,18.8062449643304,6.27070780796732,466.559868369489,483.213287395639,16.6534190261508,6.52893812512378,17.6887498109862,22.6926128619598,5.00386305097362,6.56980819801081,33.159237475602,59.8164363085479,26.6571988329459,7.42242507574177,42.4215125358256,66.925885430592,24.5043728947663,8.07565603893022,15.4704876646158,37.1238234465881,21.6533357819723,7.53763215096468,24.7327627248395,44.2332725686322,19.5005098437927,7.58356273244174,9.26227506022366,7.10944912204406,-2.1528259381796,6.40405817137823
pared_h,SVN,36,445.067224934255,427.724034715748,-17.3431902185079,4.30005357519614,468.717391267265,447.854407841463,-20.8629834258023,4.78362572803209,481.436769020898,471.928520400155,-9.50824862074313,4.96836942047066,483.688340589832,471.403755381899,-12.2845852079328,4.50665499279264,23.6501663330099,20.1303731257156,-3.51979320729436,6.20560873401101,36.3695440866424,44.2044856844072,7.83494159776478,6.38314137928943,38.6211156555762,43.6797206661513,5.05860501057515,5.85643671808588,12.7193777536325,24.0741125586916,11.3547348050591,6.88513622051669,14.9709493225662,23.5493475404358,8.57839821786951,6.42136074720134,2.25157156893374,-0.524765018255891,-2.77633658718963,6.87775975254425
pared_h,SWE,36,460.459290610286,428.929314539929,-31.5299760703575,5.36930465914544,488.837360779834,482.661823839941,-6.17553693989339,5.53134374422343,508.373355839443,500.647981506595,-7.72537433284794,6.24816608736822,505.702041197279,501.662277388081,-4.03976380919801,5.71177812778729,28.3780701695477,53.7325093000118,25.3544391304641,6.41052540650088,47.9140652291564,71.7186669666659,23.8046017375095,7.05391424638899,45.2427505869931,72.7329628481526,27.4902122611595,6.88162639336901,19.5359950596087,17.9861576666542,-1.54983739295454,6.83490981647893,16.8646804174454,19.0004535481408,2.13577313069538,6.16689017386343,-2.67131464216328,1.01429588148665,3.68561052364993,6.36717832641542
pared_h,TUR,36,442.860591373681,450.524890582922,7.66429920924071,4.32324515735855,448.705504066623,467.002985360658,18.2974812940355,3.87286606223907,458.286547791592,475.009709673486,16.7231618818943,5.16284558671875,475.601778899111,511.948268344904,36.3464894457932,4.86504331154267,5.84491269294131,16.4780947777361,10.6331820847948,4.51531019791373,15.4259564179105,24.4848190905641,9.05886267265356,6.12057045185206,32.7411875254297,61.4233777619821,28.6821902365525,6.03461874771753,9.58104372496922,8.006724312828,-1.57431941214122,5.08909388343792,26.8962748324884,44.945282984246,18.0490081517577,5.52013173700225,17.3152311075191,36.938558671418,19.6233275638989,6.35978233494756
pared_h,USA,36,479.191650726348,465.445472351674,-13.7461783746735,8.09100270915329,501.365539350843,499.159173358909,-2.20636599193381,10.9040549969593,517.041090289728,522.358665479701,5.31757518997301,15.3195979372466,522.417418537054,518.006844589444,-4.41057394761015,11.8670490706283,22.1738886244954,33.7137010072351,11.5398123827397,11.0987865493335,37.8494395633806,56.9131931280271,19.0637535646465,14.7443412103258,43.2257678107065,52.5613722377698,9.33560442706334,11.4338063041025,15.6755509388852,23.199492120792,7.52394118190682,12.8896803380866,21.0518791862111,18.8476712305347,-2.20420795567634,11.5242791728051,5.37632824732589,-4.35182089025727,-9.72814913758316,11.8958246810651
pared_h,OECD,36,452.121637063195,438.543878911277,-13.5777581519181,1.41678714307906,477.06688411204,466.763402187302,-10.3034819247383,1.43929546127369,494.023188023474,489.343650281967,-4.67953774150766,1.48506478452635,496.9122446255,493.300765737948,-3.61147888755204,1.45340911726288,24.9452470488453,28.2195232760251,3.27427622717983,1.0981194249438,41.9015509602793,50.7997713706898,8.89822041041043,1.18438112137805,44.7906075623056,54.7568868266716,9.96627926436605,1.15569944914874,16.9563039114341,22.5802480946647,5.62394418323061,1.12968512591047,19.8453605134603,26.5373635506466,6.69200303718623,1.11629670133316,2.88905660202624,3.95711545598186,1.06805885395562,1.06174832821732
pared_h,OECD35,35,452.25934349014,438.879814063689,-13.3795294264514,1.42901504597941,476.83670813303,467.076025280172,-9.76068285285874,1.45321532424287,494.250675249908,489.77857094946,-4.47210430044828,1.50157341619095,497.18204744879,493.896268874313,-3.28577857447777,1.46894450827519,24.5773646428904,28.196211216483,3.61884657359263,1.12267491785824,41.9913317597679,50.898756885771,8.90742512600309,1.21184516987625,44.9227039586502,55.0164548106238,10.0937508519736,1.18292787472728,17.4139671168776,22.702545669288,5.28857855241046,1.15551466144879,20.3453393157599,26.8202435941408,6.47490427838096,1.14344276133307,2.93137219888229,4.11769792485279,1.18632572597051,1.08751224459374
homepos,AUS,36,453.242456745901,467.440675673734,14.1982189278326,4.79709278788609,493.636063412947,496.783074585882,3.14701117293447,4.40227698391403,516.858107957825,505.818380728094,-11.0397272297315,4.13011797124015,533.639811424118,502.205217054489,-31.4345943696295,4.06975215310122,40.3936066670458,29.3423989121477,-11.0512077548981,5.89631851087612,63.6156512119237,38.3777050543596,-25.2379461575641,5.57302711602825,80.3973546782171,34.7645413807551,-45.632813297462,5.4221584850484,23.2220445448779,9.03530614221194,-14.186738402666,4.58543195065419,40.0037480111713,5.42214246860738,-34.5816055425639,4.79543701286067,16.7817034662934,-3.61316367360456,-20.3948671398979,4.95205277040464
homepos,AUT,36,416.534881571021,429.394917422908,12.8600358518872,6.09853759943885,474.546641366515,467.704898401619,-6.8417429648959,6.38026798559392,506.840153636346,485.374460512523,-21.4656931238229,4.69373428325421,526.957126312804,488.688885486782,-38.2682408260222,4.84097465104475,58.0117597954942,38.3099809787112,-19.7017788167831,6.48935938675852,90.3052720653252,55.9795430896151,-34.3257289757101,6.84179869594034,110.422244741784,59.2939680638741,-51.1282766779094,6.82823934946807,32.293512269831,17.6695621109039,-14.623950158927,6.69178369058382,52.4104849462893,20.9839870851629,-31.4264978611263,6.84249926302251,20.1169726764583,3.314424974259,-16.8025477021993,5.79774115068769
homepos,BEL,36,417.220485013915,429.510488740292,12.2900037263777,7.24980358708049,470.939050425236,467.005610223264,-3.93344020197179,5.62473263471968,501.779683597533,486.3220876957,-15.457595901833,4.87237581115721,527.23732546434,489.927797279708,-37.3095281846322,5.75981068569339,53.718565411321,37.4951214829716,-16.2234439283495,6.86376129827151,84.5591985836185,56.8115989554078,-27.7475996282107,7.34126470929163,110.016840450426,60.4173085394157,-49.5995319110099,8.41125915938839,30.8406331722975,19.3164774724362,-11.5241556998612,6.11335956989212,56.2982750391046,22.9221870564442,-33.3760879826604,7.22971033191505,25.4576418668071,3.60570958400791,-21.8519322827992,6.26841334083107
homepos,CAN,36,470.795974403147,469.135452163328,-1.66052223981933,4.42442095183316,505.10597485869,497.56080930865,-7.54516555004022,3.70696329910172,522.88507934215,508.109236446885,-14.7758428952654,3.92747760798831,535.796960983686,494.150122273088,-41.6468387105973,4.6934799870962,34.3100004555432,28.4253571453223,-5.8846433102209,4.58744128233936,52.089104939003,38.9737842835569,-13.1153206554461,5.1265521558024,65.0009865805385,25.0146701097605,-39.986316470778,5.88119888143407,17.7791044834598,10.5484271382347,-7.23067734522516,4.56705626385086,30.6909861249953,-3.41068703556175,-34.1016731605571,5.11570833392234,12.9118816415355,-13.9591141737964,-26.8709958153319,4.68237140968717
homepos,CHE,36,420.556860294487,439.232545115331,18.6756848208437,6.19347625078143,470.001101359547,471.715181622281,1.71408026273423,4.71046859159589,505.80401896459,490.029154330474,-15.7748646341165,5.66315766397849,537.697821208624,484.047309850947,-53.6505113576772,5.69037241240771,49.4442410650597,32.4826365069501,-16.9616045581095,6.37574891571558,85.2471586701029,50.7966092151426,-34.4505494549603,6.88149091865806,117.140960914136,44.8147647356154,-72.3261961785209,7.27992573189438,35.8029176050432,18.3139727081925,-17.4889448968507,6.00519094299726,67.6967198490767,12.3321282286653,-55.3645916204114,6.22075930734914,31.8938022440335,-5.98184447952718,-37.8756467235606,6.65290413308549
homepos,CHL,36,412.976216413136,413.695267836616,0.719051423480153,5.42500887488478,443.114527381122,432.381494369947,-10.7330330111754,5.48995662737355,460.375220408327,440.57566604194,-19.7995543663873,5.76211051960109,482.670919914853,464.983668782515,-17.687251132338,5.99960509964335,30.1383109679863,18.6862265333307,-11.4520844346555,5.85985337479348,47.3990039951912,26.8803982053237,-20.5186057898675,6.81812986887748,69.6947035017178,51.2884009458996,-18.4063025558182,6.99297825619182,17.2606930272049,8.19417167199299,-9.06652135521193,6.66186604958338,39.5563925337315,32.6021744125688,-6.95421812116263,6.21978898286939,22.2956995065265,24.4080027405759,2.11230323404931,6.83576680931684
homepos,COL,36,358.697850154738,362.163666602087,3.46581644734988,4.97178343105536,388.353583352084,387.968534312511,-0.385049039572948,6.76738505502431,422.454582122436,414.518329987803,-7.93625213463309,7.41835838454085,470.920371042905,442.721518025439,-28.1988530174652,8.30787851424499,29.6557331973467,25.8048677104238,-3.85086548692283,6.96524377264224,63.7567319676986,52.3546633857156,-11.402068581983,7.91503470372394,112.222520888167,80.557851423352,-31.6646694648151,9.66058064698386,34.100998770352,26.5497956752918,-7.55120309506015,6.1606095764611,82.5667876908204,54.7529837129282,-27.8138039778923,8.20394435692877,48.4657889204685,28.2031880376363,-20.2626008828321,7.90703747799994
homepos,CZE,36,430.441747049863,436.319859524119,5.87811247425623,5.30592835707092,482.072961788907,469.252022616078,-12.8209391728292,5.31696124793048,511.654008368437,481.986899311299,-29.6671090571383,5.09288050760979,530.122212711004,485.670009347253,-44.4522033637508,5.02386451751686,51.6312147390442,32.9321630919587,-18.6990516470855,5.50562228005128,81.212261318574,45.6670397871795,-35.5452215313945,6.24608585580125,99.6804656611409,49.3501498231339,-50.330315838007,6.97509968889452,29.5810465795299,12.7348766952209,-16.846169884309,5.33023909081843,48.0492509220968,16.4179867311752,-31.6312641909216,6.04565127712256,18.4682043425669,3.68311003595431,-14.7850943066126,5.78221414493436
homepos,DEU,36,414.124980967908,412.944394622153,-1.18058634575476,7.65740076763651,476.499443966643,463.445113832874,-13.0543301337682,6.96582953795803,508.797961512599,497.242933663227,-11.5550278493719,7.32122867070419,537.21781161522,510.974039563406,-26.243772051814,5.76018721300852,62.3744629987346,50.5007192107211,-11.8737437880135,6.7500593352719,94.6729805446909,84.2985390410738,-10.3744415036172,8.00832421063307,123.092830647312,98.0296449412528,-25.0631857060592,8.66835772307794,32.2985175459563,33.7978198303526,1.49930228439632,7.24591905193211,60.7183676485773,47.5289257305316,-13.1894419180457,7.74119228507207,28.419850102621,13.731105900179,-14.688744202442,7.07774197839243
homepos,DNK,36,453.715173191706,435.418568252905,-18.2966049388012,5.71719216834805,484.889810159647,467.769747345593,-17.1200628140543,5.09211771065039,509.029594760123,475.69241106508,-33.3371836950432,5.143257171049,512.720252784283,465.983282549501,-46.736970234782,6.14970266878539,31.174636967941,32.351179092688,1.17654212474696,6.34984165240152,55.3144215684166,40.2738428121746,-15.0405787562419,6.63210110286338,59.0050795925765,30.5647142965958,-28.4403652959808,6.92325186338465,24.1397846004755,7.92266371948665,-16.2171208809889,6.4724185768081,27.8304426246355,-1.78646479609222,-29.6169074207277,6.78612532862652,3.69065802415997,-9.70912851557887,-13.3997865397388,7.06642967423602
homepos,ESP,36,432.228075249309,428.118142414033,-4.10993283527517,4.40432266138744,468.400375343953,455.510992261805,-12.8893830821488,3.58168174916906,491.751597006782,463.509555255331,-28.2420417514507,3.16279994205128,510.294794318329,468.697505804885,-41.5972885134447,3.54211773278163,36.1723000946449,27.3928498477713,-8.77945024687364,4.30163111679117,59.5235217574734,35.3914128412979,-24.1321089161755,4.13212780213225,78.0667190690207,40.5793633908513,-37.4873556781695,4.9356917171182,23.3512216628285,7.99856299352661,-15.3526586693019,3.41080876643585,41.8944189743758,13.18651354308,-28.7079054312958,3.79399068460269,18.5431973115473,5.18795054955336,-13.355246761994,3.30116337195086
homepos,EST,36,474.3278101453,479.322224333096,4.99441418779605,5.03426273072515,507.834596170848,497.399131057911,-10.4354651129374,5.41769923831716,528.218519151246,513.498497476004,-14.7200216752418,4.91137205117743,536.801010780356,510.565044867379,-26.2359659129775,5.05319835929064,33.5067860255488,18.0769067248153,-15.4298793007334,5.84552665595152,53.8907090059468,34.1762731429089,-19.7144358630379,5.82979248672347,62.4732006350565,31.2428205342829,-31.2303801007736,5.95609538236395,20.383922980398,16.0993664180936,-4.28455656230443,6.43740605483617,28.9664146095078,13.1659138094676,-15.8005008000401,6.01925679917384,8.58249162910977,-2.93345260862594,-11.5159442377357,5.08927624608778
homepos,FIN,36,449.425207793083,462.901302462389,13.4760946693061,4.72291720893769,490.005012811681,482.89635033373,-7.1086624779519,4.59446160984862,508.673662486506,485.099815630631,-23.573846855875,4.7470589410976,518.415833115802,477.936233809497,-40.4795993063044,4.51363094065836,40.5798050185986,19.9950478713405,-20.584757147258,5.26871015602858,59.248454693423,22.1985131682418,-37.0499415251812,5.4654953673718,68.9906253227187,15.0349313471082,-53.9556939756105,5.19660720266318,18.6686496748244,2.20346529690124,-16.4651843779232,5.63559731905624,28.4108203041201,-4.96011652423238,-33.3709368283525,5.2387712374699,9.74217062929574,-7.16358182113362,-16.9057524504294,5.59684256538658
homepos,FRA,36,412.128469029206,419.564363161505,7.43589413229904,5.94750054033885,460.047759797632,453.659705572862,-6.38805422477032,6.14965700402808,496.555038510972,476.195510883689,-20.3595276272838,6.72936224933983,528.592547091679,485.467909239588,-43.1246378520915,5.75169843531089,47.919290768426,34.0953424113567,-13.8239483570694,6.66933752911761,84.4265694817664,56.6311477221835,-27.7954217595828,7.22997920336924,116.464078062473,65.9035460780829,-50.5605319843905,7.22325744893525,36.5072787133403,22.5358053108268,-13.9714734025135,6.77935477973129,68.5447872940474,31.8082036667262,-36.7365836273212,6.49371942427763,32.037508580707,9.27239835589933,-22.7651102248077,6.20842608652244
homepos,GBR,36,453.904952603888,474.092168403212,20.1872157993243,4.93007825717582,482.884189432796,492.110869748904,9.22668031610834,5.41699019361891,512.065620179524,502.849788694202,-9.2158314853213,5.43876380675034,541.658301757604,515.936456528146,-25.7218452294576,5.87059783847571,28.9792368289078,18.0187013456919,-10.960535483216,6.39845491002023,58.1606675756357,28.7576202909901,-29.4030472846456,6.64799078080337,87.7533491537158,41.8442881249339,-45.9090610287819,6.96780545848125,29.1814307467279,10.7389189452982,-18.4425118014296,6.25808892409889,58.774112324808,23.8255867792421,-34.9485255455659,7.05285101401015,29.5926815780802,13.0866678339439,-16.5060137441363,6.91390668907762
homepos,GRC,36,398.005350280033,398.070746262659,0.0653959826254322,5.80566489396042,432.489776726591,430.79718398242,-1.6925927441705,5.38074230077682,455.474781871825,436.734240056783,-18.740541815042,5.76003120584838,469.182533311333,431.262859498866,-37.9196738124668,5.86331988313187,34.4844264465575,32.7264377197616,-1.75798872679593,5.9086877879163,57.4694315917922,38.6634937941248,-18.8059377976675,6.61391861333185,71.1771830312998,33.1921132362076,-37.9850697950922,6.36715710540374,22.9850051452347,5.93705607436317,-17.0479490708715,5.37243133532134,36.6927565847423,0.465675516446026,-36.2270810682963,6.13476721841448,13.7077514395076,-5.47138055791714,-19.1791319974247,5.72576190016403
homepos,HUN,36,403.371127905638,411.809444200371,8.43831629473283,6.06402699663136,464.876006420348,453.984308963053,-10.8916974572949,5.61242189640649,500.41873544948,468.673933601414,-31.7448018480654,5.79258811792648,522.965089525067,478.117097221862,-44.847992303205,5.36187503069164,61.50487851471,42.1748647626822,-19.3300137520278,6.43828689246903,97.0476075438417,56.8644894010435,-40.1831181427982,7.86301556026728,119.593961619429,66.3076530214913,-53.2863085979379,7.84078905175154,35.5427290291317,14.6896246383612,-20.8531043907705,6.05671499589546,58.0890831047192,24.1327882588091,-33.9562948459101,6.52400355452219,22.5463540755875,9.44316362044788,-13.1031904551397,6.12550142194598
homepos,IRL,36,474.438753504461,469.296175089863,-5.14257841459795,5.2723764734171,510.396629141861,499.900128536219,-10.4965006056424,4.34414790813625,532.226440119561,513.83725816878,-18.3891819507805,4.26463972109568,549.557603449616,522.001271659539,-27.556331790077,4.56426423938352,35.9578756373996,30.6039534463552,-5.35392219104449,5.41534879245003,57.7876866150994,44.5410830789168,-13.2466035361826,5.44122492528833,75.1188499451545,52.7050965696754,-22.4137533754791,6.03174305964362,21.8298109776997,13.9371296325616,-7.8926813451381,4.82883547077235,39.1609743077548,22.1011431233202,-17.0598311844346,5.2553617711477,17.3311633300551,8.16401349075863,-9.16714983929648,5.07370583306254
homepos,ISL,36,399.918013367968,397.761605913769,-2.1564074541995,5.7501811775241,433.106643769741,431.557840090974,-1.54880367876717,5.34431563128122,449.010496612837,439.340743426087,-9.66975318675014,4.73733815211518,464.692279540944,430.956928391626,-33.7353511493188,5.57840503323664,33.1886304017726,33.7962341772049,0.607603775432324,8.12518615451783,49.0924832448686,41.579137512318,-7.51334573255065,7.11149490934025,64.7742661729759,33.1953224778566,-31.5789436951193,7.5165602295257,15.903852843096,7.78290333511308,-8.12094950798297,6.58278094615598,31.5856357712033,-0.600911699348274,-32.1865474705516,7.60798625632783,15.6817829281073,-8.38381503446135,-24.0655979625686,7.24500432393422
homepos,ISR,36,408.621660988315,406.658678798682,-1.96298218963375,6.84174997223191,465.441348143607,449.759636716489,-15.6817114271175,6.68727573748858,503.080614682306,456.693796254554,-46.3868184277516,7.01230258997299,524.819819065721,457.542546664749,-67.2772724009728,7.27250439423723,56.8196871552913,43.1009579178076,-13.7187292374837,7.26572670591042,94.4589536939904,50.0351174558726,-44.4238362381178,7.85572813294931,116.198158077406,50.8838678660669,-65.314290211339,8.65063359558829,37.6392665386991,6.93415953806499,-30.7051070006341,7.84664922367048,59.3784709221146,7.78290994825932,-51.5955609738553,7.75707872450344,21.7392043834155,0.848750410194327,-20.8904539732212,8.09388260218804
homepos,ITA,36,436.720904439631,436.655864895836,-0.0650395437950806,5.19598331705296,475.233434336076,471.988962536219,-3.24447179985719,5.30231286779414,499.21583022532,491.432086421869,-7.78374380345161,5.07274537259538,517.903241412821,499.713922399559,-18.1893190132623,5.68973054245284,38.5125298964448,35.3330976403827,-3.17943225606211,5.89574035905639,62.494925785689,54.7762215260324,-7.71870425965653,5.99078235834974,81.18233697319,63.0580575037228,-18.1242794694672,6.99297240103141,23.9823958892442,19.4431238856498,-4.53927200359442,5.44371728006643,42.6698070767452,27.7249598633401,-14.9448472134051,5.88553145347326,18.687411187501,8.28183597769038,-10.4055752098106,5.72338651012879
homepos,JPN,36,473.767016105187,484.441097776549,10.6740816713618,7.48132738073239,513.522561513124,509.982073358178,-3.54048815494582,5.57909155267174,532.491465494897,517.70668838553,-14.7847771093664,5.77371029281823,544.967772495261,506.855838908466,-38.1119335867956,7.0253030110821,39.7555454079363,25.5409755816287,-14.2145698263076,6.75422819380676,58.7244493897094,33.2655906089813,-25.4588587807282,7.18809361371118,71.2007563900738,22.4147411319165,-48.7860152581574,7.77357801635425,18.9689039817731,7.72461502735257,-11.2442889544205,6.49069164791591,31.4452109821375,-3.12623444971223,-34.5714454318497,6.94747138686059,12.4763070003644,-10.8508494770648,-23.3271564774292,6.22222001130903
homepos,KOR,36,460.218391758453,472.901345108958,12.6829533505044,8.95174093161871,512.626612780703,502.310497091034,-10.3161156896688,6.92802850318852,536.725627686937,514.730666588824,-21.9949610981128,5.7893971223225,553.600711262921,517.920886823858,-35.6798244390631,6.75221348549176,52.4082210222499,29.4091519820767,-22.9990690401733,8.13640110805547,76.5072359284836,41.8293214798665,-34.6779144486172,9.42260347749741,93.3823195044678,45.0195417149003,-48.3627777895675,10.267521555262,24.0990149062337,12.4201694977898,-11.6788454084439,6.98915729516381,40.9740984822179,15.6103897328236,-25.3637087493942,8.34792835706555,16.8750835759842,3.19022023503385,-13.6848633409503,6.60100156241792
homepos,LTU,36,424.614303312738,443.541817075193,18.9275137624547,4.84882940166932,466.224647230942,462.277049876076,-3.9475973548661,4.63639743470857,489.775309941063,472.227327498383,-17.5479824426806,4.22911791201051,510.621654316922,481.018942389595,-29.6027119273271,4.80142880147256,41.610343918204,18.7352328008832,-22.8751111173208,5.48558227541889,65.161006628325,28.6855104231897,-36.4754962051353,6.02293411975642,86.0073510041836,37.4771253144019,-48.5302256897817,6.17006011839443,23.550662710121,9.95027762230643,-13.6003850878145,5.50383144807321,44.3970070859796,18.7418925135186,-25.6551145724609,5.68443570498476,20.8463443758586,8.79161489121219,-12.0547294846464,5.46071511028673
homepos,LVA,36,436.337153042213,409.917166985204,-26.4199860570089,5.07243295087341,470.124353543457,433.108074594316,-37.0162789491413,5.18159068811531,487.764434945419,437.891526238343,-49.8729087070759,5.37413787636955,507.106403695522,441.929104469794,-65.1772992257281,4.18711620867555,33.7872005012439,23.1909076091114,-10.5962928921325,5.98944934615947,51.4272819032055,27.9743592531385,-23.452922650067,6.00133941487887,70.7692506533087,32.0119374845895,-38.7573131687192,5.61622895190606,17.6400814019617,4.78345164402708,-12.8566297579346,5.87671877758559,36.9820501520648,8.82102987547808,-28.1610202765867,6.03317719809637,19.3419687501032,4.03757823145099,-15.3043905186522,6.22568102288397
homepos,MEX,36,374.409050659029,381.788948979642,7.379898320613,4.83077953192855,405.563650687964,400.591205638874,-4.97244504909025,4.42728861050833,425.80134266346,418.606139622349,-7.1952030411108,4.98652243617361,456.722800967721,431.908972826468,-24.8138281412527,6.72863832234522,31.1546000289347,18.8022566592314,-12.3523433697033,5.03654049819095,51.3922920044308,36.817190642707,-14.5751013617238,5.77446814038612,82.3137503086915,50.1200238468259,-32.1937264618657,7.85517733286792,20.2376919754961,18.0149339834755,-2.22275799202055,4.64648384958065,51.1591502797568,31.3177671875944,-19.8413830921624,6.70527555731983,30.9214583042607,13.3028332041189,-17.6186251001419,5.83701688026864
homepos,NLD,36,399.838111795695,405.996262096856,6.1581503011609,7.35676327482651,452.419049856132,445.632406451969,-6.78664340416265,7.95199558260264,487.025004357674,460.155870579739,-26.8691337779355,6.22755666681077,506.72321494241,459.200422479438,-47.5227924629722,6.82259604990217,52.5809380604366,39.636144355113,-12.9447937053235,7.53989327309247,87.1868925619791,54.1596084828826,-33.0272840790964,7.99729105964843,106.885103146715,53.2041603825821,-53.6809427641331,8.87246540350803,34.6059545015425,14.5234641277696,-20.0824903737729,7.78976804064938,54.3041650862787,13.5680160274691,-40.7361490588095,8.86965205060247,19.6982105847362,-0.955448100300487,-20.6536586850367,7.47339310406081
homepos,NOR,36,432.030358388808,430.463030258335,-1.56732813047273,5.39952982711281,476.376622559184,458.466703067281,-17.9099194919028,5.16768812238828,496.957664067243,473.576875463411,-23.3807886038321,5.37825508407853,506.390726426112,465.339212424573,-41.0515140015391,5.78287952506804,44.3462641703762,28.0036728089462,-16.34259136143,6.64196684877556,64.9273056784355,43.1138452050762,-21.8134604733593,6.38096966959795,74.3603680373046,34.8761821662382,-39.4841858710664,7.25810345719049,20.5810415080593,15.11017239613,-5.47086911192929,6.59745426046896,30.0141038669283,6.87250935729196,-23.1415945096364,6.76739357306292,9.43306235886905,-8.23766303883804,-17.6707253977071,7.11911441402441
homepos,NZL,36,450.181039571106,458.026160949512,7.84512137840642,4.8677145243044,495.907720524502,501.797928541004,5.89020801650196,6.48054467521265,528.407976842667,518.771709641478,-9.63626720118884,5.64204781062515,534.71912744758,523.204641735515,-11.5144857120656,5.38494757829658,45.7266809533965,43.771767591492,-1.95491336190446,7.07169448829267,78.2269372715611,60.7455486919658,-17.4813885795953,6.98525851615562,84.5380878764747,65.1784807860026,-19.359607090472,7.01739807491224,32.5002563181647,16.9737811004738,-15.5264752176908,8.09887070639582,38.8114069230782,21.4067131945106,-17.4046937285676,8.17837276240626,6.31115060491356,4.4329320940368,-1.87821851087676,7.09393647493449
homepos,POL,36,443.47325709857,461.923542723333,18.450285624763,5.79252143731046,479.884249387386,484.846721384844,4.96247199745795,5.51363591464658,509.022226546349,495.468206299207,-13.5540202471415,5.06440886762313,525.807403592047,493.255402739805,-32.5520008522413,5.9549133816202,36.4109922888158,22.9231786615107,-13.487813627305,6.32288194128774,65.5489694477785,33.544663575874,-32.0043058719045,6.623494618902,82.3341464934766,31.3318600164724,-51.0022864770043,7.25939561587322,29.1379771589628,10.6214849143633,-18.5164922445995,6.1299165584963,45.9231542046609,8.40868135496163,-37.5144728496992,6.39912019037043,16.7851770456981,-2.21280355940166,-18.9979806050998,5.99709925563917
homepos,PRT,36,433.425901287779,431.902585044901,-1.52331624287802,6.59589497050053,465.660289593601,456.549609291764,-9.11068030183674,5.2206476736535,493.150036841644,476.491203476249,-16.6588333653945,5.25136553156651,516.751219569348,487.401880475075,-29.3493390942721,6.31713019836931,32.2343883058217,24.6470242468629,-7.58736405895871,6.20773540376204,59.7241355538649,44.5886184313484,-15.1355171225164,6.78203822847191,83.3253182815687,55.4992954301747,-27.826022851394,8.1209876157187,27.4897472480432,19.9415941844855,-7.54815306355772,5.07226508085348,51.0909299757471,30.8522711833118,-20.2386587924353,6.36847119422148,23.6011827277039,10.9106769988263,-12.6905057288776,6.42449786958337
homepos,SVK,36,370.542793784092,404.378092123967,33.8352983398749,7.38303185846042,443.118676613097,454.434296808244,11.3156201951468,5.57220847863182,480.307276926173,465.476098460422,-14.8311784657515,5.81676043883395,494.419297963803,471.079163699092,-23.3401342647108,5.65416072177837,72.5758828290043,50.0562046842762,-22.5196781447281,6.83643747104241,109.76448314208,61.0980063364541,-48.6664768056264,7.96573304663814,123.87650417971,66.7010715751248,-57.1754326045857,9.03774017002184,37.1886003130762,11.0418016521779,-26.1467986608983,6.55749015004113,51.3006213507062,16.6448668908486,-34.6557544598576,6.90988977230551,14.11202103763,5.6030652386707,-8.50895579895934,6.45336297049821
homepos,SVN,36,424.839559835888,424.094973147289,-0.744586688599554,5.13930661385699,468.093751369418,455.724855608147,-12.3688957612704,4.54114073587249,488.44107263951,461.243721233928,-27.1973514055817,4.67410060072052,494.196427364668,447.949504481262,-46.246922883406,4.83172433763947,43.2541915335293,31.6298824608584,-11.6243090726708,6.4248654858987,63.6015128036215,37.1487480866393,-26.4527647169822,7.19914213541951,69.3568675287797,23.8545313339733,-45.5023361948064,7.2820501980035,20.3473212700922,5.51886562578085,-14.8284556443114,6.94664086448973,26.1026759952504,-7.77535112688514,-33.8780271221356,6.68583128352364,5.75535472515821,-13.294216752666,-19.0495714778242,6.28104556393881
homepos,SWE,36,425.294379812583,432.877565476787,7.58318566420417,5.82033251049043,481.875121677733,474.877130457603,-6.99799122012996,6.17609309558828,513.397118902511,487.621902374293,-25.7752165282176,5.89613626078419,532.688531266261,481.474936540823,-51.2135947254375,5.63456349103896,56.5807418651502,41.9995649808161,-14.5811768843341,6.69483356127146,88.102739089928,54.7443368975063,-33.3584021924218,7.1673361379348,107.394151453678,48.597371064036,-58.7967803896417,7.31451884812396,31.5219972247778,12.7447719166902,-18.7772253080876,6.44702173196391,50.8134095885274,6.59780608321989,-44.2156035053075,7.00252335807425,19.2914123637496,-6.14696583347029,-25.4383781972199,6.55357894348676
homepos,TUR,36,408.016070588334,438.803358982256,30.7872883939227,4.73049965652984,449.422246263472,471.058090989689,21.6358447262164,4.38377048631956,472.704344402352,487.284044967823,14.5797005654707,4.23340867329455,494.691936412691,492.284842173753,-2.4070942389381,5.39667391581665,41.4061756751386,32.2547320074323,-9.1514436677063,5.2104174343107,64.6882738140188,48.4806859855668,-16.2075878284521,5.56159444926448,86.6758658243575,53.4814831914967,-33.1943826328608,6.72593671617357,23.2820981388803,16.2259539781345,-7.05614416074576,4.65068896634602,45.269690149219,21.2267511840644,-24.0429389651545,6.22259973331591,21.9875920103387,5.00079720592993,-16.9867948044088,5.62474113187769
homepos,USA,36,452.558956934776,441.510995156163,-11.0479617786121,10.1655566058857,488.707040675564,488.660752317227,-0.0462883583371081,10.9311151949476,521.025201713699,509.181133536042,-11.8440681776571,12.6311505097752,554.764763408892,529.283751552529,-25.4810118563624,14.7488639490421,36.1480837407888,47.1497571610638,11.001673420275,11.973767825154,68.4662447789233,67.6701383798783,-0.796106399045016,12.1280523147928,102.205806474116,87.7727563963659,-14.4330500777504,15.1994734468767,32.3181610381346,20.5203812188146,-11.79777981932,14.2301373608976,66.0577227333275,40.6229992353022,-25.4347234980253,12.7108158653988,33.739561695193,20.1026180164876,-13.6369436787053,14.5187696067674
homepos,OECD,36,427.803980419108,433.390930382607,5.58694996349806,1.47443133491929,470.816709012299,465.040805330432,-5.77590368186702,1.44088302219338,497.393495859398,478.610219444955,-18.7832764144427,1.43949977540182,517.056546054535,481.601586944969,-35.4549591095666,1.48606423564413,43.0127285931901,31.649874947825,-11.3628536453651,1.09214495866134,69.5895154402895,45.2192890623487,-24.3702263779408,1.1641893548266,89.2525656354267,48.210656562362,-41.0419090730647,1.27761062511502,26.5767868470994,13.5694141145237,-13.0073727325757,1.08512763797228,46.2398370422366,16.560781614537,-29.6790554276996,1.14941570945334,19.6630501951373,2.99136750001333,-16.6716826951239,1.10871899310241
homepos,OECD35,35,427.677577709674,433.541581467423,5.86400375774872,1.48853022888633,470.885747117108,465.313085703821,-5.57266141328751,1.45520193849969,497.554692969473,479.04166699323,-18.5130259762425,1.45454587868769,517.249738961284,481.970274977542,-35.2794639837416,1.50258127470371,43.2081694074342,31.771504236398,-11.4366651710362,1.11660551243502,69.8771152597986,45.5000855258074,-24.3770297339912,1.19161769052996,89.5721612516098,48.4286935101195,-41.1434677414903,1.30652534168345,26.6689458523643,13.7285812894094,-12.940364562955,1.11186879401202,46.3639918441756,16.6571892737215,-29.7068025704541,1.17727614497546,19.6950459918112,2.92860798431212,-16.7664380074991,1.13648955983779
homepos_h,AUS,36,464.720097878252,459.34850913272,-5.37158874553205,4.71116144993994,499.881340220458,495.610125782597,-4.27121443786092,4.40750519820908,514.975929796044,509.079901618873,-5.89602817717076,4.13775315419584,518.91837338487,509.471345995936,-9.44702738893369,4.01333154800042,35.1612423422058,36.2616166498769,1.10037430767113,5.53225815094909,50.2558319177921,49.7313924861534,-0.524439431638712,5.27010737595571,54.1982755066181,50.1228368632164,-4.07543864340164,5.32621161144845,15.0945895755863,13.4697758362765,-1.62481373930984,4.77996448760725,19.0370331644123,13.8612202133396,-5.17581295107277,4.90675004812204,3.942443588826,0.391444377063067,-3.55099921176293,5.00497604430324
homepos_h,AUT,36,428.89248802144,426.308128442329,-2.58435957911087,6.19160225057634,479.397280908985,467.855974894816,-11.5413060141695,5.67379968588614,508.877650100495,486.781494045697,-22.0961560547982,4.79131003494331,509.827474128375,491.06554017685,-18.7619339515247,4.76773374189114,50.5047928875449,41.5478464524862,-8.95694643505863,6.13913682896353,79.9851620790548,60.4733656033675,-19.5117964756873,6.39951153820278,80.9349861069349,64.757411734521,-16.1775743724139,7.20262406182734,29.48036919151,18.9255191508813,-10.5548500406287,5.9797523916026,30.43019321939,23.2095652820348,-7.22062793735523,6.28330538336153,0.949824027880027,4.2840461311535,3.33422210327348,5.32943391182573
homepos_h,BEL,36,427.766130147952,428.117967799548,0.351837651596668,7.10149543555679,479.843386474679,466.497159000055,-13.3462274746242,5.681166429169,501.088999883868,487.252282105805,-13.8367177780632,4.9318851149585,510.606237699222,496.284465975372,-14.3217717238496,5.31337431337579,52.0772563267273,38.3791912005063,-13.6980651262209,6.68034510001932,73.3228697359168,59.134314306257,-14.1885554296599,7.9674584051815,82.84010755127,68.1664981758238,-14.6736093754462,8.25198076658302,21.2456134091896,20.7551231057506,-0.490490303438946,6.21521649961908,30.7628512245428,29.7873069753175,-0.975544249225322,6.55480006077236,9.51723781535321,9.03218386956684,-0.485053945786376,5.67150282631372
homepos_h,CAN,36,474.895567012613,461.533213165367,-13.3623538472457,4.46948225726655,508.883643528193,492.337078284003,-16.5465652441899,3.84729272335219,526.660035014644,511.50066955727,-15.1593654573744,3.87482911178072,526.299738014838,506.522882462089,-19.7768555527492,4.5738233890744,33.9880765155802,30.8038651186359,-3.18421139694425,4.58040881453239,51.764468002031,49.9674563919023,-1.79701161012872,5.1589058007488,51.4041710022253,44.9896692967218,-6.41450170550354,5.78412102663443,17.7763914864508,19.1635912732663,1.38719978681553,4.66759986070105,17.4160944866451,14.1858041780858,-3.23029030855929,5.07524969977974,-0.360296999805655,-4.97778709518047,-4.61749009537482,4.61135908824894
homepos_h,CHE,36,433.938377652227,430.433958257337,-3.50441939489014,5.64233427715999,473.109775137751,468.784498600806,-4.3252765369449,5.07384274738973,503.101161817667,490.844115294512,-12.2570465231543,5.66634702060943,524.88746071501,496.199097810207,-28.6883629048031,5.56717298871661,39.1713974855233,38.3505403434685,-0.820857142054763,5.81159680029127,69.1627841654394,60.4101570371752,-8.75262712826418,6.47486195135608,90.9490830627833,65.7651395528703,-25.183943509913,7.0789307274464,29.9913866799161,22.0596166937067,-7.93176998620942,5.82832444260477,51.77768557726,27.4145992094017,-24.3630863678582,6.17732082211648,21.7862988973438,5.35498251569504,-16.4313163816488,6.91069316188686
homepos_h,CHL,36,419.34818487068,406.790716463016,-12.5574684076634,5.29786153563162,446.381393806082,429.478609372978,-16.9027844331043,5.701333472377,461.041453347388,443.134126229849,-17.9073271175387,5.91453124824716,474.663679126407,475.813700146848,1.15002102044156,5.43653447863863,27.0332089354029,22.687892909962,-4.34531602544092,5.93232312901777,41.6932684767082,36.343409766833,-5.34985870987526,6.73330171937902,55.315494255727,69.022983683832,13.707489428105,6.76114095853542,14.6600595413053,13.655516856871,-1.00454268443434,6.56846334706371,28.2822853203241,46.33509077387,18.0528054535459,6.15958754684298,13.6222257790188,32.679573916999,19.0573481379802,6.54220072855395
homepos_h,COL,36,365.960815716614,365.064291091739,-0.896524624874814,5.18371856476735,390.702640304252,387.174562228548,-3.52807807570406,5.88851417406972,423.180250148245,415.620241981605,-7.56000816664073,7.39268136849053,468.017235366843,445.921031474093,-22.0962038927501,8.10534919605387,24.7418245876382,22.1102711368089,-2.63155345082924,5.70793594115109,57.2194344316317,50.5559508898658,-6.66348354176591,7.44768784905045,102.056419650229,80.856740382354,-21.1996792678753,9.35828414667876,32.4776098439936,28.4456797530569,-4.03193009093667,5.57348680739569,77.3145950625911,58.746469245545,-18.5681258170461,8.05850649967575,44.8369852185975,30.3007894924882,-14.5361957261094,7.657792744152
homepos_h,CZE,36,446.647734010268,427.122925167472,-19.5248088427958,5.20983936090245,489.749418303709,469.933032543202,-19.8163857605067,5.14285248743296,505.752829597985,482.274473224878,-23.4783563731062,4.84974278543151,513.221153434735,495.579959690312,-17.6411937444231,5.08482674578818,43.101684293441,42.8101073757302,-0.291576917710813,5.18116023361112,59.1050955877165,55.1515480574061,-3.9535475303104,6.02945786073384,66.5734194244668,68.4570345228395,1.88361509837273,6.62808740310477,16.0034112942755,12.3414406816759,-3.66197061259959,5.28269947252168,23.4717351310258,25.6469271471094,2.17519201608354,5.90908870327416,7.4683238367503,13.3054864654334,5.83716262868313,5.36141558087596
homepos_h,DEU,36,429.501951389644,410.999874968179,-18.5020764214653,7.94618351958737,481.231796413267,467.509226519157,-13.7225698941093,7.57143846775584,509.572690726156,498.518056687012,-11.0546340391438,6.46746853623654,519.159864529959,513.089741556962,-6.07012297299707,5.80073586644493,51.7298450236224,56.5093515509784,4.77950652735598,7.88551237554868,80.0707393365112,87.5181817188327,7.44744238232147,8.05100534444721,89.6579131403144,102.089866588783,12.4319534484682,8.56061670198712,28.3408943128889,31.0088301678543,2.66793585496549,7.32963079903104,37.928068116692,45.5805150378043,7.65244692111224,7.79271784889246,9.58717380380318,14.5716848699499,4.98451106614675,6.80417008694227
homepos_h,DNK,36,463.410967670328,433.517721545679,-29.8932461246488,6.14792463613795,492.940854607798,467.101361877604,-25.8394927301944,5.65014465302507,505.560180689004,476.040831195313,-29.5193494936913,5.38906082020397,498.749321861187,469.782054015244,-28.9672678459431,5.8030242208737,29.5298869374704,33.5836403319248,4.05375339445442,7.46783654683255,42.1492130186759,42.5231096496333,0.373896630957461,6.89409728511644,35.3383541908589,36.2643324695645,0.925978278705657,7.1418112046147,12.6193260812055,8.93946931770853,-3.67985676349696,7.08608062096648,5.80846725338847,2.68069213763971,-3.12777511574876,7.55479871695311,-6.81085882781702,-6.25877718006882,0.552081647748196,6.96352845684634
homepos_h,ESP,36,439.891528101967,421.152066435266,-18.7394616667012,4.41087880714761,472.353266039132,450.349944592765,-22.0033214463666,3.60186720168775,491.395524141717,467.385089238473,-24.0104349032431,3.46412728363631,499.962936434089,478.512252746463,-21.450683687626,3.61488362200137,32.4617379371643,29.1978781574989,-3.26385977966544,4.3329954137491,51.5039960397494,46.2330228032075,-5.27097323654192,4.36290472220472,60.0714083321223,57.3601863111974,-2.71122202092482,5.2223927504886,19.042258102585,17.0351446457086,-2.00711345687648,3.6864641948371,27.6096703949579,28.1623081536985,0.552637758740616,3.87478510242849,8.56741229237287,11.12716350799,2.5597512156171,3.9034651628136
homepos_h,EST,36,485.895147997867,471.269285874504,-14.6258621233634,5.04150901216259,508.935720813555,499.774080054068,-9.16164075948768,5.13954492544322,522.450449856582,512.155608981957,-10.2948408746248,4.78672318724413,529.910972389552,518.09677175038,-11.8142006391712,5.30908664966576,23.0405728156885,28.5047941795642,5.46422136387571,5.76363799794232,36.5553018587149,40.8863231074535,4.33102124873858,5.69181153574385,44.0158243916846,46.8274858758768,2.8116614841922,5.99010658172883,13.5147290430264,12.3815289278893,-1.13320011513713,5.7280752428852,20.9752515759962,18.3226916963127,-2.65255987968351,6.04011448334675,7.46052253296978,5.9411627684234,-1.51935976454638,5.47118239608283
homepos_h,FIN,36,461.867270822588,455.991740541147,-5.87553028144106,4.74262721158263,495.074544853175,478.720862487605,-16.3536823655704,4.32791089575504,506.07883042742,489.572619491466,-16.5062109359546,4.43532639573473,505.685859173705,486.963717083985,-18.7221420897207,4.57415377174189,33.2072740305875,22.7291219464582,-10.4781520841293,4.83821802766513,44.2115596048328,33.5808789503192,-10.6306806545135,5.1056112037189,43.8185883511178,30.9719765428382,-12.8466118082796,5.31089179393443,11.0042855742453,10.8517570038611,-0.15252857038422,4.9559212793718,10.6113143205303,8.24285459637997,-2.36845972415034,5.09466683385541,-0.392971253714961,-2.60890240748108,-2.21593115376612,5.62469022179329
homepos_h,FRA,36,424.705892102955,415.042159159174,-9.66373294378099,6.24468740074921,468.442583058155,454.756796565575,-13.6857864925802,5.77860260150624,491.884434887608,472.309958888079,-19.5744759995292,5.81091603140737,515.751488776105,496.220667923884,-19.5308208522217,6.27503757773252,43.7366909551999,39.7146374064006,-4.02205354879925,6.33160721543363,67.1785427846531,57.267799728905,-9.91074305574818,7.17939091036085,91.0455966731503,81.1785087647097,-9.86708790844068,7.91218323554692,23.4418518294532,17.5531623225043,-5.88868950694894,5.33162899299677,47.3089057179504,41.463871358309,-5.84503435964143,5.97731290632267,23.8670538884972,23.9107090358047,0.0436551473075042,6.07520602092417
homepos_h,GBR,36,463.668878202498,468.540257708147,4.87137950564852,5.48355766420248,493.43285932447,494.041615466276,0.608756141805827,5.32866706263469,509.456121592285,504.425422601254,-5.03069899103059,5.48110919970763,526.540196342883,519.496170886479,-7.04402545640437,5.79939894546263,29.7639811219718,25.5013577581291,-4.26262336384269,6.95279591515456,45.7872433897862,35.8851648931071,-9.90207849667911,6.7367976500117,62.871318140385,50.9559131783322,-11.9154049620529,7.5388971685238,16.0232622678143,10.3838071349779,-5.63945513283642,6.49267766692833,33.1073370184132,25.454555420203,-7.6527815982102,7.17210411829071,17.0840747505989,15.0707482852251,-2.01332646537378,6.60983702990274
homepos_h,GRC,36,410.018402685649,398.274135417153,-11.7442672684967,5.39518584908115,441.178516652853,426.583797641551,-14.5947190113016,6.00595859970796,451.437730892121,440.306965475407,-11.1307654167141,5.62129488378187,454.750541366608,435.881177398149,-18.8693639684594,5.91179234830079,31.1601139672036,28.3096622243987,-2.85045174280492,6.27799671987848,41.4193282064719,42.0328300582545,0.613501851782587,6.4920144424107,44.7321386809588,37.6070419809961,-7.12509669996268,6.58598417361395,10.2592142392683,13.7231678338558,3.46395359458751,6.01490601807908,13.5720247137552,9.29737975659742,-4.27464495715776,6.3942804740575,3.31281047448692,-4.42578807725835,-7.73859855174527,5.98587116395259
homepos_h,HUN,36,416.696961285621,407.075131089923,-9.6218301956979,6.52998542415581,469.429822192528,452.581697983515,-16.8481242090128,5.54599391932946,493.702824052799,470.579892217237,-23.1229318355624,4.77588046418225,514.452333333168,485.295713800911,-29.1566195322567,5.88285098778962,52.7328609069072,45.5065668935923,-7.22629401331489,6.53914119623774,77.0058627671781,63.5047611273136,-13.5011016398645,7.56858603101112,97.7553720475469,78.2205827109881,-19.5347893365588,8.28641083769476,24.2730018602709,17.9981942337213,-6.2748076265496,5.99837878557603,45.0225111406397,32.7140158173958,-12.3084953232439,6.67439814399519,20.7495092803688,14.7158215836745,-6.0336876966943,5.85405839592769
homepos_h,IRL,36,486.086684409433,466.542889431263,-19.5437949781705,5.55540227535804,511.290740337351,498.866487818826,-12.4242525185256,4.19082120931276,529.970730023471,515.449334449063,-14.5213955744078,5.09898318239589,539.615986297277,525.05183245882,-14.5641538384569,4.13526136051293,25.2040559279182,32.323598387563,7.11954245964483,5.8355762590379,43.8840456140373,48.9064450178,5.02239940376262,6.24730931847599,53.5293018878437,58.5089430275572,4.97964113971352,6.15190965251224,18.6799896861192,16.582846630237,-2.09714305588221,5.32789449595088,28.3252459599256,26.1853446399942,-2.13990131993131,5.03733001601518,9.64525627380635,9.60249800975726,-0.0427582640490982,5.62262115771416
homepos_h,ISL,36,409.67655844036,390.812363351634,-18.8641950887259,5.47221981387824,441.944877712439,433.019125605147,-8.92575210729206,5.33363354087851,448.032756049706,439.837718855938,-8.19503719376735,5.29729125133001,449.624981817546,438.156722079048,-11.4682597384977,5.45417726663683,32.2683192720794,42.2067622535133,9.93844298143387,7.87111959531509,38.3561976093459,49.0253555043045,10.6691578949586,7.49867091103713,39.9484233771858,47.344358727414,7.39593535022823,7.19505751211091,6.08787833726649,6.8185932507912,0.730714913524707,7.39154240782978,7.68010410510635,5.13759647390071,-2.54250763120564,7.25344907721517,1.59222576783986,-1.68099677689048,-3.27322254473035,7.4203249435058
homepos_h,ISR,36,419.494384818232,391.723169483442,-27.7712153347902,7.47973775028339,475.289223551699,439.649815788234,-35.6394077634652,7.03010669832152,505.344507378522,459.174431147569,-46.1700762309522,6.82905152463792,501.597673742109,463.568144287804,-38.0295294543053,7.02706675363799,55.7948387334668,47.9266463047918,-7.86819242867495,7.6268624049732,85.8501225602895,67.4512616641275,-18.398860896162,7.4545890471896,82.1032889238768,71.8449748043618,-10.258314119515,8.53272746415235,30.0552838268227,19.5246153593357,-10.530668467487,7.55473406845208,26.3084501904101,23.91832849957,-2.39012169084009,7.83532522746403,-3.74683363641265,4.3937131402343,8.14054677664694,8.03661470310937
homepos_h,ITA,36,449.969392434153,434.225622641731,-15.7437697924215,5.29828022937882,475.795010023111,472.202531629247,-3.59247839386325,4.9169531091011,497.278664670608,490.450608484354,-6.82805618625406,5.45032521172742,507.077262153621,503.62127390503,-3.45598824859104,5.33824800351559,25.8256175889578,37.976908987516,12.1512913985583,5.76310833891854,47.3092722364547,56.2249858426222,8.91571360616746,6.09542075554345,57.1078697194684,69.3956512632989,12.2877815438305,6.93473483418711,21.483654647497,18.2480768551062,-3.23557779239081,5.40640621019777,31.2822521305106,31.4187422757828,0.136490145272205,5.39878339493308,9.79859748301368,13.1706654206767,3.37206793766302,5.63770629782214
homepos_h,JPN,36,488.281480305229,477.284165689208,-10.9973146160212,7.78793910751171,519.255710064374,509.907741703809,-9.34796836056523,5.87995089519875,527.735104843667,515.953673968379,-11.781430875288,5.6195115063281,530.179967824527,516.814876079029,-13.3650917454976,6.43084003144872,30.9742297591452,32.6235760146012,1.64934625545595,7.35720891780898,39.4536245384382,38.6695082791713,-0.784116259266853,7.10027353038538,41.8984875192978,39.5307103898214,-2.36777712947639,8.25124931885486,8.47939477929299,6.04593226457018,-2.43346251472281,5.99250338658155,10.9242577601526,6.90713437522027,-4.01712338493235,6.29659266495977,2.44486298085963,0.861202110650083,-1.58366087020954,5.7526303403054
homepos_h,KOR,36,476.749992338449,472.46613326028,-4.28385907816914,7.5873419309632,513.352175950056,504.216948220618,-9.1352277294385,7.08218480664693,530.969736788779,510.790204792435,-20.1795319963445,5.78816588179658,544.516853898267,521.879706816344,-22.637147081923,6.92031193972791,36.6021836116067,31.7508149603374,-4.85136865126935,7.47332608778766,54.2197444503299,38.3240715321546,-15.8956729181754,8.03953606977315,67.7668615598176,49.4135735560638,-18.3532880037538,8.97536827546265,17.6175608387232,6.57325657181718,-11.044304266906,7.38972593866664,31.1646779482109,17.6627585957264,-13.5019193524845,6.95993292162843,13.5471171094877,11.0895020239092,-2.45761508557848,7.76230193053928
homepos_h,LTU,36,440.139868212199,437.492797273694,-2.6470709385049,4.68778295373339,473.730152911741,467.265270308451,-6.46488260328982,4.61558036167434,484.795401142654,473.542192938201,-11.2532082044528,4.24314462662564,494.201378899755,482.803495714957,-11.397883184798,5.06380107661203,33.5902846995417,29.7724730347568,-3.81781166478493,5.54202418526264,44.655532930455,36.049395664507,-8.60613726594795,5.6891704376232,54.0615106875561,45.3106984412629,-8.75081224629315,6.13064592193211,11.0652482309133,6.27692262975023,-4.78832560116302,5.75113741965024,20.4712259880143,15.5382254065061,-4.93300058150823,5.9287833249111,9.40597775710108,9.26130277675588,-0.144674980345201,5.77947648105082
homepos_h,LVA,36,445.488220966743,401.79889815271,-43.6893228140339,4.74188232035349,476.138031646982,432.011578201327,-44.1264534456546,4.98514097984767,483.773094252738,442.070912184975,-41.7021820677622,4.9469295519477,496.383348806027,447.884700691647,-48.4986481143803,4.58743019866955,30.6498106802381,30.2126800486174,-0.437130631620676,5.4590879288247,38.2848732859942,40.2720140322659,1.98714074627173,5.67841479610021,50.8951278392837,46.0858025389373,-4.80932530034636,5.60629416933082,7.6350626057561,10.0593339836485,2.42427137789241,5.54470468829744,20.2453171590456,15.8731224903199,-4.37219466872568,5.49779573499616,12.6102545532895,5.81378850667136,-6.79646604661809,6.04782652443887
homepos_h,MEX,36,381.937003444846,380.658564731927,-1.2784387129189,4.53754799050925,407.951159771846,401.087977285803,-6.86318248604334,4.54256677450803,424.665817896076,418.533810557891,-6.1320073381857,5.52672479199957,452.225856745565,435.053153589172,-17.172703156393,6.56459464297677,26.0141563269997,20.4294125538753,-5.58474377312444,5.12956126731778,42.72881445123,37.8752458259632,-4.8535686252668,5.85513904795139,70.2888533007189,54.3945888572447,-15.8942644434741,7.64442720325932,16.7146581242303,17.4458332720879,0.731175147857641,5.15383704198718,44.2746969737191,33.9651763033694,-10.3095206703497,6.97342985957475,27.5600388494889,16.5193430312816,-11.0406958182073,5.96328942711382
homepos_h,NLD,36,407.610874149319,419.167828190841,11.5569540415214,8.35918766690998,466.854065758027,451.588081155797,-15.2659846022307,6.13550306734685,486.352333574217,461.686534849165,-24.6657987250519,6.10189542349672,486.465192117123,459.172380606539,-27.292811510584,6.92209191111645,59.243191608708,32.4202529649559,-26.8229386437521,7.16408184711661,78.7414594248975,42.5187066583242,-36.2227527665733,8.24739215114786,78.8543179678038,40.0045524156983,-38.8497655521055,9.21276733474987,19.4982678161895,10.0984536933683,-9.39981412282123,6.47642197891461,19.6111263590958,7.58429945074244,-12.0268269083534,7.16119963133576,0.112858542906281,-2.51415424262586,-2.62701278553215,7.2520773696455
homepos_h,NOR,36,442.16998319235,426.394117314274,-15.7758658780757,5.72334131056562,481.090022558552,458.555537569833,-22.534484988719,5.46248214428735,499.56163233248,474.363489107776,-25.1981432247046,5.45668003033529,490.225163438503,470.666405558634,-19.5587578798684,5.37431528432724,38.9200393662026,32.1614202555593,-6.75861911064334,6.97479105573789,57.3916491401304,47.9693717935015,-9.4222773466289,6.91112352629139,48.055180246153,44.2722882443602,-3.78289200179279,7.26488792202343,18.4716097739278,15.8079515379422,-2.66365823598557,6.87803352085634,9.13514087995037,12.1108679888009,2.97572710885055,6.8133236053924,-9.33646889397738,-3.69708354914127,5.63938534483611,6.70217728139593
homepos_h,NZL,36,461.365033681962,456.964344215574,-4.40068946638866,5.43400085519511,506.262656778255,496.011685335796,-10.2509714424594,5.86174947092012,519.434728558022,521.705162481267,2.27043392324572,5.18616271291405,525.454879636956,528.644294067013,3.18941443005679,5.42304650767852,44.8976230962926,39.0473411202219,-5.85028197607073,6.87530665835227,58.0696948760591,64.7408182656935,6.67112338963437,7.35147171218521,64.0898459549933,71.6799498514387,7.59010389644544,7.33195386291365,13.1720717797665,25.6934771454716,12.5214053657051,6.99184480404706,19.1922228587007,32.6326087312169,13.4403858725162,7.24302121140594,6.02015107893419,6.93913158574526,0.918980506811067,7.18787024696295
homepos_h,POL,36,456.481335373658,458.34508630257,1.86375092891183,5.57600490598636,492.191576314184,482.585475466763,-9.6061008474216,5.31779240860306,501.471624205759,496.034095934426,-5.43752827133307,5.39923648700811,509.179315953956,501.458876748515,-7.72043920544127,5.91860782395961,35.7102409405263,24.2403891641928,-11.4698517763334,6.24327187531176,44.990288832101,37.6890096318562,-7.30127920024489,6.63232374926429,52.6979805802978,43.1137904459447,-9.58419013435309,7.38665470219776,9.28004789157478,13.4486204676633,4.16857257608854,5.98888898494736,16.9877396397716,18.8734012817519,1.88566164198033,6.58672927880632,7.70769174819679,5.42478081408859,-2.2829109341082,6.08617284634838
homepos_h,PRT,36,438.892835367878,429.021313782691,-9.87152158518649,5.95227614055398,471.571220182991,457.754518014731,-13.8167021682598,5.60255646872368,492.023547837731,476.397147439661,-15.62640039807,5.63449180198228,507.680216319078,489.911486678565,-17.7687296405131,5.56721019735979,32.6783848151131,28.7332042320398,-3.9451805830733,5.54141578104545,53.1307124698528,47.3758336569692,-5.75487881288353,6.58572552769748,68.7873809512003,60.8901728958737,-7.89720805532664,7.04770189581426,20.4523276547396,18.6426294249294,-1.80969822981024,5.6576568924073,36.1089961360872,32.1569686638338,-3.95202747225335,6.20972042327055,15.6566684813475,13.5143392389044,-2.14232924244311,5.41739559126271
homepos_h,SVK,36,393.346639302704,404.518650210897,11.1720109081925,7.02137121137726,454.013990549135,452.939438852394,-1.07455169674165,5.6815167855338,472.94795537284,466.555862643449,-6.39209272939138,5.20060362184207,481.944321806186,479.096408396363,-2.84791340982281,5.80324427938549,60.6673512464312,48.420788641497,-12.2465626049342,7.32166038383487,79.6013160701364,62.0372124325525,-17.5641036375839,7.66230024096048,88.597682503482,74.5777581854667,-14.0199243180153,8.70958110505349,18.9339648237053,13.6164237910555,-5.31754103264973,5.56190881406735,27.9303312570509,26.1569695439697,-1.77336171308116,7.01718331831779,8.9963664333456,12.5405457529142,3.54417931956857,6.31459916894011
homepos_h,SVN,36,438.635807305016,416.051014671596,-22.5847926334196,5.43468277246401,477.182953976084,452.967143590617,-24.2158103854674,4.30676519936613,481.673200010048,464.223604004095,-17.4495960059535,4.52055844368577,478.695385601124,459.496300727396,-19.1990848737278,4.96228340341186,38.5471466710683,36.9161289190205,-1.63101775204785,7.09658271991629,43.0373927050324,48.1725893324984,5.13519662746603,7.09029271734818,40.059578296108,43.4452860557997,3.38570775969174,7.67065702616612,4.49024603396407,11.256460413478,6.76621437951388,6.04920495055147,1.51243162503965,6.52915713677925,5.01672551173959,6.60286114753673,-2.97781440892442,-4.72730327669871,-1.74948886777429,6.45147805873481
homepos_h,SWE,36,437.094682321001,424.363613373338,-12.7310689476628,5.77872838997247,490.46880395392,472.460052272649,-18.0087516812714,5.93019963875589,513.243065561966,493.355235890541,-19.8878296714246,5.89312861119035,515.999001459772,489.627193590904,-26.3718078688683,5.97673003877154,53.3741216329196,48.096438899311,-5.27768273360857,6.49819133713251,76.1483832409649,68.9916225172031,-7.15676072376181,7.15844056172263,78.9043191387712,65.2635802175657,-13.6407389212055,7.82747115202742,22.7742616080453,20.8951836178921,-1.87907799015323,6.60510986018027,25.5301975058516,17.1671413182547,-8.3630561875969,6.68246116021802,2.75593589780624,-3.72804229963742,-6.48397819744366,6.88656986608243
homepos_h,TUR,36,417.343993827206,434.720448761525,17.3764549343186,4.7520001315315,450.718813162743,465.038502493135,14.3196893303918,4.56484036159965,469.750371680153,489.167665253456,19.417293573303,4.15681019275043,487.869448059585,501.468331934735,13.5988838751497,5.65620299737932,33.3748193355365,30.3180537316097,-3.05676560392681,5.35088177060419,52.4063778529471,54.4472164919314,2.04083863898433,5.55633183563724,70.5254542323791,66.7478831732101,-3.77757105916891,7.11691052011708,19.0315585174106,24.1291627603217,5.09760424291113,4.72434828869433,37.1506348968426,36.4298294416005,-0.7208054552421,6.58970388641675,18.119076379432,12.3006666812788,-5.81840969815323,6.00598915910371
homepos_h,USA,36,457.925288042773,440.234111654674,-17.6911763880986,8.81339086541832,492.560405768739,483.442629866183,-9.11777590255639,11.8001913662637,527.072636349145,511.070885841092,-16.0017505080533,13.4059291110077,541.586277411136,536.527171970407,-5.05910544072913,14.8000161409348,34.6351177259662,43.2085182115084,8.57340048554221,11.2538959445346,69.1473483063725,70.8367741864179,1.68942588004535,13.313055032792,83.6609893683631,96.2930603157326,12.6320709473695,16.243323258285,34.5122305804063,27.6282559749095,-6.88397460549686,12.2729836123673,49.0258716423969,53.0845421042242,4.05867046182726,13.5248910930857,14.5136410619906,25.4562861293147,10.9426450673241,16.1295810745936
homepos_h,OECD,36,439.069901486185,429.149089298682,-9.92081218750292,1.47019015755226,476.906400933646,463.907249029847,-12.9991519037998,1.43823085977263,495.064277930572,479.948453323845,-15.1158246067275,1.43771943107276,504.220204946269,488.086084633197,-16.1341203130717,1.48063918791128,37.8364994474611,34.7581597311642,-3.07833971629685,1.08612646391748,55.9943764443871,50.7993640251625,-5.19501241922455,1.16254536829167,65.1503034600831,58.9369953345143,-6.2133081255688,1.28769373918665,18.157876996926,16.0412042939983,-2.1166727029277,1.04419415968245,27.3138040126221,24.1788356033501,-3.13496840927195,1.12582725674734,9.15592701569608,8.13763130935183,-1.01829570634425,1.12140246371046
homepos_h,OECD35,35,439.04642644002,429.377575666209,-9.66885077381153,1.48406959710647,477.036490502061,464.294600585192,-12.7418899168693,1.45238282315224,495.169099467397,480.307406583427,-14.8616928839699,1.45212061423813,504.341841189474,488.359622687103,-15.9822185023704,1.4967625141637,37.9900640620409,34.9170249189831,-3.07303914305777,1.11027791051974,56.1226730273767,50.9298309172184,-5.19284211015832,1.18924578012369,65.2954147494536,58.9820470208947,-6.31336772855889,1.3160533792966,18.1326089653358,16.0128059982353,-2.11980296710055,1.06885118263781,27.3053506874127,24.0650221019116,-3.24032858550112,1.1526895640313,9.17274172207686,8.0522161036763,-1.12052561840056,1.14803801298115
books_h,AUS,36,447.092471510644,442.475700785033,-4.61677072561059,4.27844090979818,495.440678449978,490.990986676811,-4.44969177316688,4.09277051781232,513.912551910707,507.421983976258,-6.49056793444902,4.16226459519585,541.669495731249,532.58971387298,-9.07978185826892,4.36168848168618,48.3482069393339,48.5152858917776,0.167078952443717,4.81403410440089,66.8200804000629,64.9462831912245,-1.87379720883843,4.80077144564236,94.577024220605,90.1140130879467,-4.46301113265832,5.34217240906312,18.4718734607289,16.4309972994468,-2.04087616128214,4.67107329355257,46.2288172812711,41.598727196169,-4.63009008510204,4.95622805315086,27.7569438205421,25.1677298967222,-2.5892139238199,4.90707957690084
books_h,AUT,36,415.181488863104,406.063099369181,-9.11838949392364,5.75654626803282,474.780073717039,463.566515297345,-11.2135584196945,5.97302906848673,502.189633393718,488.976098544249,-13.2135348494689,4.65693245549416,533.515726081948,512.647849977654,-20.8678761042939,5.23209013435579,59.5985848539352,57.5034159281643,-2.09516892577085,6.12678553112896,87.0081445306133,82.912999175068,-4.0951453555453,6.54148531600871,118.334237218844,106.584750608474,-11.7494866103703,6.68090945574933,27.4095596766782,25.4095832469037,-1.99997642977445,6.14362453236151,58.7356523649087,49.0813346803093,-9.65431768459945,6.61392302346629,31.3260926882306,23.6717514334056,-7.654341254825,5.77296595544517
books_h,BEL,36,415.358489864008,407.329148986639,-8.02934087736918,5.88671590758768,470.755454306855,463.410734351511,-7.34471995534409,6.43411448086598,504.854966173175,491.192392926649,-13.6625732465261,5.13090631693265,528.218062106364,513.226052100197,-14.992010006167,5.24912226005221,55.3969644428464,56.0815853648715,0.68462092202509,6.16844724806169,89.4964763091665,83.8632439400096,-5.63323236915687,6.43681593992893,112.859572242356,105.896903113558,-6.96266912879781,6.77054437677461,34.0995118663201,27.7816585751382,-6.31785329118196,7.12429032056125,57.4626077995095,49.8153177486866,-7.6472900508229,6.76361715515796,23.3630959331894,22.0336591735484,-1.32943675964094,6.28059659666832
books_h,CAN,36,463.559480291578,452.104350770134,-11.4551295214437,4.02314837035086,508.01823636632,488.489496227266,-19.5287401390539,3.7111372648538,522.504607434494,508.033801920322,-14.4708055141715,3.83833470075638,543.630691032471,522.368650361253,-21.2620406712174,4.49363477043247,44.4587560747415,36.3851454571313,-8.0736106176102,4.33155160203333,58.9451271429157,55.929451150188,-3.01567599272778,4.63917848936617,80.0712107408926,70.2642995911189,-9.80691114977367,5.2645476099038,14.4863710681743,19.5443056930567,5.05793462488242,4.23252161925275,35.6124546661511,33.8791541339876,-1.73330053216347,4.54268738363596,21.1260835979768,14.334848440931,-6.79123515704589,4.74440765370489
books_h,CHE,36,418.67085896405,411.646853913957,-7.02400505009263,5.06306279546389,473.610939939681,461.101564317247,-12.5093756224337,5.59010422006019,502.586563373103,490.957439402741,-11.629123970362,5.54442116149281,540.233872834933,521.767131198481,-18.4667416364518,5.90136055503343,54.9400809756314,49.4547104032903,-5.48537057234103,5.83593844148397,83.915704409053,79.3105854887837,-4.60511892026938,6.35140700643632,121.563013870883,110.120277284524,-11.4427365863592,7.12825827337681,28.9756234334217,29.8558750854933,0.88025165207165,5.78650196619089,66.622932895252,60.6655668812338,-5.95736601401819,6.68369983991927,37.6473094618303,30.8096917957405,-6.83761766608984,6.49076607112548
books_h,CHL,36,410.114269710346,405.28725573064,-4.82701397970635,5.64234569795176,436.943713523541,428.703349641406,-8.24036388213449,5.58184285872704,462.402302627931,446.170876809946,-16.231425817985,5.38056435615713,490.07600750704,472.397600435109,-17.6784070719317,5.36916215447792,26.8294438131946,23.4160939107665,-3.41334990242814,6.33820350643569,52.2880329175851,40.8836210793064,-11.4044118382787,6.32946762271637,79.961737796694,67.1103447044687,-12.8513930922254,6.90278415173582,25.4585891043905,17.46752716854,-7.99106193585055,6.03145603307094,53.1322939834994,43.6942507937022,-9.43804318979721,5.57516489694653,27.6737048791089,26.2267236251623,-1.44698125394666,5.7004849070994
books_h,COL,36,371.918876145283,368.381433451111,-3.53744269417228,5.60043249180407,396.476556618089,392.108492180647,-4.36806443744229,5.43072392574267,417.691150380038,409.466420947335,-8.22472943270236,7.15699098693502,456.960752175428,439.200367818575,-17.7603843568529,7.23632979957637,24.5576804728055,23.7270587295355,-0.830621743270001,6.05454412920345,45.7722742347544,41.0849874962243,-4.68728673853008,6.15741391187521,85.0418760301445,70.818934367464,-14.2229416626806,6.98711863261184,21.2145937619489,17.3579287666888,-3.85666499526008,5.84392790426221,60.484195557339,47.0918756379285,-13.3923199194106,7.44413820653345,39.2696017953901,29.7339468712397,-9.53565492415049,6.52934046655476
books_h,CZE,36,423.370688407321,409.520316438103,-13.8503719692182,5.45673627876921,485.347270040364,466.240913013864,-19.1063570265005,5.35324016046583,509.219196139076,485.571057275841,-23.6481388632354,5.00860238132175,536.92720965601,512.242220892639,-24.6849887633705,5.7129830921943,61.9765816330435,56.7205965757611,-5.25598505728232,5.8410050661537,85.8485077317553,76.0507408377381,-9.79776689401717,6.40099887121644,113.556521248689,102.721904454537,-10.8346167941523,7.57864193112989,23.8719260987118,19.330144261977,-4.54178183673486,5.35777888227752,51.5799396156454,46.0013078787754,-5.57863173686997,6.83178006299602,27.7080135169336,26.6711636167985,-1.03684990013511,6.42736884239731
books_h,DEU,36,410.503300384171,398.407182128797,-12.0961182553744,7.27579475898076,476.856884576253,457.755588914131,-19.1012956621215,6.56900081609314,508.334120297304,497.52469286778,-10.809427429524,6.57425565268861,542.551040814074,533.18468403908,-9.36635677499487,6.10073363336214,66.3535841920813,59.3484067853343,-7.00517740674707,6.36317010951278,97.8308199131321,99.1175107389825,1.28669082585037,7.72751050332821,132.047740429903,134.777501910282,2.72976148037952,8.3123576741097,31.4772357210508,39.7691039536483,8.29186823259744,5.96255277425527,65.6941562378216,75.4290951249482,9.73493888712659,6.79806157750644,34.2169205167708,35.6599911712999,1.44307065452915,6.48573666846913
books_h,DNK,36,443.574598561923,417.333138605081,-26.2414599568423,4.96668676918583,485.55881853184,457.753474808152,-27.8053437236878,5.93863579847668,503.572458441181,476.739608314004,-26.8328501271775,5.51683455295728,528.166051865367,494.312527270553,-33.853524594814,5.39315127765899,41.9842199699172,40.4203362030717,-1.56388376684555,6.57886418375361,59.9978598792583,59.4064697089231,-0.591390170335217,6.39225303083312,84.5914533034444,76.9793886654727,-7.61206463797169,6.59548010371444,18.0136399093411,18.9861335058514,0.972493596510333,6.06309217349454,42.6072333335272,36.559052462401,-6.04818087112614,7.13353729082836,24.5935934241861,17.5729189565496,-7.02067446763647,6.64279614737996
books_h,ESP,36,426.737297351669,409.492568064589,-17.2447292870802,4.32476017986964,471.293555253956,451.564746099385,-19.728809154571,3.73068175110314,490.658750419505,469.44289268329,-21.2158577362151,3.48963986510866,514.562032867734,486.422111804865,-28.1399210628686,3.59410107007028,44.5562579022869,42.0721780347962,-2.48407986749072,3.99524370776217,63.9214530678365,59.9503246187016,-3.97112844913482,4.51747751786132,87.8247355160652,76.9295437402768,-10.8951917757884,4.62415402643095,19.3651951655496,17.8781465839054,-1.4870485816441,4.16731165473906,43.2684776137783,34.8573657054806,-8.41111190829764,4.38188863363621,23.9032824482287,16.9792191215752,-6.92406332665354,3.89431373937197
books_h,EST,36,467.428702872691,455.013093982617,-12.4156088900743,5.53228193997448,505.102053657137,495.033502822932,-10.068550834205,4.85603834015933,523.230407229888,514.856818104349,-8.37358912553896,5.09428023210635,551.335043398811,536.295276180433,-15.0397672183775,4.94884900700943,37.6733507844461,40.0204088403154,2.3470580558693,6.26256913224712,55.8017043571962,59.8437241217316,4.04201976453533,5.80537394261144,83.9063405261193,81.2821821978161,-2.62415832830322,6.3399768920413,18.1283535727501,19.8233152814162,1.69496170866603,5.45640192509199,46.2329897416732,41.2617733575007,-4.97121638417252,5.78101087667161,28.1046361689231,21.4384580760845,-6.66617809283855,5.62721088922103
books_h,FIN,36,445.48285040768,431.049589628473,-14.4332607792078,5.13486337784225,487.438104088406,474.733468682224,-12.704635406182,4.61759090472299,506.659313735179,490.216682296873,-16.4426314383059,4.44562618233907,530.690953694231,514.218983408194,-16.4719702860373,4.82318232864397,41.9552536807257,43.6838790537515,1.72862537302586,6.18089206292577,61.1764633274989,59.1670926684009,-2.00937065909801,5.65328721066453,85.2081032865506,83.1693937797212,-2.03870950682943,6.18745800989632,19.2212096467732,15.4832136146493,-3.73799603212387,5.32601122079406,43.252849605825,39.4855147259697,-3.7673348798553,5.53702830807048,24.0316399590517,24.0023011113203,-0.0293388477314238,5.19292295456587
books_h,FRA,36,404.101253153761,396.090144773968,-8.01110837979246,5.9394249584312,462.55040923331,450.375620161181,-12.1747890721289,5.97526162509628,497.631861881279,483.210455309632,-14.4214065716463,5.71582981098722,535.824165784012,507.311048675884,-28.5131171081278,6.05702911996305,58.4491560795494,54.2854753872129,-4.16368069233647,5.88322733846259,93.5306087275178,87.120310535664,-6.41029819185383,6.81910843819251,131.722912630251,111.220903901915,-20.5020087283353,6.91965158013183,35.0814526479684,32.8348351484511,-2.24661749951736,5.99723081686413,73.2737565507014,56.9354285147026,-16.3383280359989,6.14198614209749,38.192303902733,24.1005933662515,-14.0917105364815,5.69639556902846
books_h,GBR,36,440.793951225241,447.82590596498,7.03195473973938,4.84798230864668,487.097544203537,489.058488075266,1.960943871729,4.70661263417324,514.406591919765,510.366597203713,-4.039994716053,5.1147512259082,549.548252166171,539.61920785426,-9.92904431191016,6.17447198630016,46.3035929782963,41.2325821102859,-5.07101086801038,5.82241303549427,73.6126406945244,62.540691238732,-11.0719494557924,6.05340988649063,108.754300940929,91.7933018892799,-16.9609990516495,7.07932382293438,27.3090477162281,21.3081091284461,-6.000938587782,5.5943798294985,62.4507079626332,50.560719778994,-11.8899881836392,6.44131058373461,35.1416602464051,29.2526106505479,-5.88904959585716,6.98550556277478
books_h,GRC,36,395.368133023938,381.490277831752,-13.8778551921863,6.05194382095655,432.816655905448,415.37484561194,-17.4418102935082,5.57775772023269,452.138715097278,440.864266693351,-11.2744484039276,5.01386701632388,475.875846728194,461.143442490512,-14.7324042376825,5.94570604105724,37.4485228815094,33.8845677801875,-3.56395510132188,5.70777729502452,56.7705820733398,59.3739888615984,2.60340678825867,6.2697158054107,80.5077137042557,79.6531646587595,-0.854549045496242,6.79496172637534,19.3220591918304,25.4894210814109,6.16736188958055,5.62350148701636,43.0591908227463,45.7685968785719,2.70940605582564,5.9139516226369,23.7371316309159,20.279175797161,-3.45795583375491,5.74256455507694
books_h,HUN,36,396.126108247793,387.779534602839,-8.34657364495416,6.71090584837227,467.645503403479,450.105604913971,-17.5398984895082,5.54195122859027,500.214097904721,477.661966351242,-22.5521315534796,5.44154056605006,528.002983739548,496.439013842331,-31.5639698972169,5.73614391911379,71.5193951556865,62.3260703111325,-9.19332484455401,7.38755167206516,104.087989656929,89.8824317484031,-14.2055579085254,7.92910612996545,131.876875491755,108.659479239492,-23.2173962522628,8.52276696703885,32.568594501242,27.5563614372706,-5.01223306397139,6.26163019091392,60.3574803360682,46.3334089283595,-14.0240714077087,7.06028910937237,27.7888858348262,18.7770474910889,-9.01183834373734,5.81210480630441
books_h,IRL,36,464.273052210237,450.134285651988,-14.1387665582483,5.25417141572467,513.056129702182,494.954613885927,-18.1015158162553,4.07797666342234,531.015842023984,518.820381061807,-12.1954609621773,4.808781791989,558.762243184712,542.460598551571,-16.3016446331412,4.36290310359471,48.7830774919453,44.8203282339383,-3.96274925800702,5.15676176316466,66.7427898137476,68.6860954098186,1.94330559607096,5.7332306140101,94.4891909744758,92.3263128995828,-2.16287807489294,5.99651768476796,17.9597123218023,23.8657671758803,5.90605485407798,5.12411207664284,45.7061134825305,47.5059846656445,1.79987118311408,5.16018830380731,27.7464011607282,23.6402174897643,-4.1061836709639,5.20544594938571
books_h,ISL,36,391.648048991116,376.905618265747,-14.7424307253692,5.37933858980827,430.1713285849,420.247063528259,-9.92426505664099,5.33021446255744,454.50470610613,439.321080414018,-15.1836256921117,5.72823665066479,472.066217747097,464.913438376073,-7.15277937102337,5.30944773170206,38.5232795937839,43.3414452625121,4.81816566872823,7.38398875175114,62.8566571150142,62.4154621482717,-0.441194966742501,7.35126928593869,80.418168755981,88.0078201103269,7.58965135434585,7.75382051030265,24.3333775212303,19.0740168857596,-5.25936063547073,7.35898051977226,41.8948891621971,44.6663748478147,2.77148568561762,7.37589871925584,17.5615116409668,25.5923579620551,8.03084632108835,7.94406437701611
books_h,ISR,36,411.455301108798,382.156691043118,-29.2986100656797,6.76536794761895,467.799930065076,436.753298342077,-31.046631722999,6.47804766927677,500.385146705744,467.897944283972,-32.4872024217723,7.58532201761138,526.103301907214,488.051162985892,-38.0521389213222,7.53170640456574,56.3446289562775,54.5966072989582,-1.74802165731933,6.31922832613162,88.9298455969459,85.7412532408533,-3.18859235609261,8.402584730971,114.648000798416,105.894471942774,-8.75352885564257,9.29914718773697,32.5852166406684,31.1446459418951,-1.44057069877329,7.38170294781017,58.3033718421387,51.2978646438155,-7.00550719832324,8.4612346072212,25.7181552014704,20.1532187019204,-5.56493649954996,9.35446414595387
books_h,ITA,36,436.107768442189,423.561855151829,-12.5459132903601,4.92394064870914,479.321269603038,471.098294048028,-8.22297555501069,5.35591640576621,496.08672368131,490.729999499063,-5.35672418224692,4.93440353231038,517.942162144923,515.13244106059,-2.80972108433275,5.99098143254939,43.213501160849,47.5364388961985,4.32293773534946,5.33747001633825,59.9789552391202,67.1681443472334,7.18918910811323,6.12512334531001,81.8343937027336,91.570585908761,9.7361922060274,6.83180742357101,16.7654540782712,19.6317054510349,2.86625137276377,5.58146971970417,38.6208925418845,44.0341470125625,5.41325447067794,5.86389348893402,21.8554384636134,24.4024415615276,2.54700309791417,6.27331369249856
books_h,JPN,36,477.854493108891,463.646040314915,-14.2084527939763,6.89290334137507,515.736459992582,506.205886628475,-9.53057336410706,5.93623125233539,530.556757936802,517.406662657016,-13.1500952797852,5.99292458747865,541.0893280133,533.156018469391,-7.93330954390876,6.27080544616901,37.8819668836915,42.5598463135607,4.67787942986922,6.60317556322285,52.7022648279108,53.7606223421019,1.05835751419107,7.07057567843892,63.2348349044092,69.5099781544767,6.27514325006752,7.27977486271136,14.8202979442193,11.2007760285412,-3.61952191567815,5.79647833062632,25.3528680207177,26.950131840916,1.59726382019829,5.37368901042173,10.5325700764984,15.7493558123748,5.21678573587644,5.51336310773589
books_h,KOR,36,468.913512106924,470.831795992512,1.91828388558747,8.68052440530196,515.295175035012,499.116221838055,-16.1789531969578,8.0894773131664,533.257482733778,513.175243398251,-20.0822393355273,5.94748719839801,545.643722877582,525.417469236673,-20.2262536409085,6.0674527139077,46.3816629280879,28.2844258455426,-18.0972370825452,10.0938586002173,64.3439706268534,42.3434474057386,-22.0005232211148,8.2444881711379,76.7302107706572,54.5856732441613,-22.1445375264959,9.64237325826843,17.9623076987656,14.059021560196,-3.90328613856957,7.69463602848809,30.3485478425694,26.3012473986187,-4.04730044395069,8.86508493234296,12.3862401438038,12.2422258384227,-0.14401430538112,6.49555248830024
books_h,LTU,36,424.014877239877,424.600843254487,0.585966014609994,4.56755837801096,463.807627049656,458.826313813876,-4.98131323578002,4.61974664196068,489.201092767739,481.170015272159,-8.03107749558075,4.32914896998648,514.30403676699,495.14279420399,-19.1612425630004,5.09612971846431,39.7927498097795,34.2254705593895,-5.56727925039002,5.77119112290752,65.1862155278628,56.569172017672,-8.61704351019074,5.36247256449257,90.2891595271136,70.5419509495032,-19.7472085776104,6.3324434673317,25.3934657180832,22.3437014582825,-3.04976425980072,4.97467045754899,50.4964097173341,36.3164803901137,-14.1799293272204,6.11683991060659,25.1029439992508,13.9727789318312,-11.1301650674197,5.94353685044834
books_h,LVA,36,434.401411515075,390.618824720224,-43.782586794851,5.16474543914068,471.254199990703,423.85859489257,-47.3956050981329,5.10487840523334,487.885033336529,443.252727861866,-44.6323054746634,4.74977112818435,508.16621272312,466.264167265705,-41.9020454574147,4.55329951178199,36.8527884756278,33.239770172346,-3.61301830328188,5.80751456408644,53.4836218214539,52.6339031416416,-0.849718679812384,6.04934408758803,73.7648012080449,75.6453425454812,1.88054133743628,5.45230072719604,16.6308333458261,19.3941329692956,2.76329962346949,5.59043981190752,36.9120127324171,42.4055723731352,5.49355964071816,5.77031574127057,20.281179386591,23.0114394038396,2.73026001724867,6.0520726865659
books_h,MEX,36,392.046906406656,379.870864048022,-12.1760423586345,4.38006079461851,403.831855953132,398.446749189812,-5.38510676332089,4.25158046158978,422.068721437398,416.478092434548,-5.59062900285034,5.8544190797147,445.309768508099,438.948262058273,-6.36150644982615,6.59123756209766,11.7849495464761,18.5758851417897,6.79093559531361,4.85342593727685,30.0218150307418,36.607228386526,6.58541335578417,5.47032174533096,53.2628621014428,59.0773980102512,5.81453590880835,7.2211677102718,18.2368654842657,18.0313432447363,-0.205522239529444,5.87038950201973,41.4779125549667,40.5015128684614,-0.97639968650526,7.37250946203281,23.241047070701,22.4701696237252,-0.770877446975817,5.86199649704957
books_h,NLD,36,392.108395135797,382.80548566347,-9.30290947232692,8.41129705446346,451.830942655807,436.45649339474,-15.3744492610671,7.02701214570882,488.484084297507,465.331936063225,-23.152148234282,6.219813063227,514.414066171415,488.008734059602,-26.4053321118129,6.82024295810056,59.7225475200104,53.6510077312703,-6.07153978874015,7.41959783036925,96.3756891617106,82.5264503997555,-13.8492387619551,8.36306665389493,122.305671035618,105.203248396132,-17.102422639486,9.86042371237449,36.6531416417001,28.8754426684852,-7.77769897321497,7.05127121279249,62.583123515608,51.5522406648622,-11.0308828507458,8.87431645331189,25.9299818739078,22.676797996377,-3.25318387753083,7.62463677020047
books_h,NOR,36,422.807402658244,411.245832157197,-11.5615705010462,5.15560003020497,472.197015349063,449.561676694628,-22.6353386544348,5.00327595414189,503.300222366819,474.821012130645,-28.4792102361737,5.42009342495361,515.177429308223,494.394357183094,-20.7830721251282,5.37419835991214,49.3896126908193,38.3158445374308,-11.0737681533885,6.12821859595717,80.4928197085749,63.5751799734474,-16.9176397351275,6.05345191019905,92.3700266499789,83.1485250258969,-9.22150162408201,6.77171401324675,31.1032070177556,25.2593354360166,-5.84387158173894,6.21239471749447,42.9804139591595,44.8326804884661,1.85226652930652,6.40882944752649,11.877206941404,19.5733450524494,7.69613811104546,6.67327626693876
books_h,NZL,36,446.559020593503,441.946875260261,-4.61214533324215,5.32512186978262,501.36208432118,498.928000162484,-2.43408415869533,6.05833779537331,518.557888882568,515.347281902867,-3.21060697970029,5.4510125840049,545.567202448033,547.435791351609,1.86858890357564,5.29389006471403,54.8030637276766,56.9811249022234,2.17806117454683,7.4363966587628,71.9988682890647,73.4004066426066,1.40153835354187,7.0319653042301,99.0081818545301,105.488916091348,6.4807342368178,7.31224156298985,17.1958045613882,16.4192817403832,-0.77652282100496,7.40642534685948,44.2051181268536,48.5077911891245,4.30267306227097,7.61931237368973,27.0093135654654,32.0885094487413,5.07919588327593,6.9828334901961
books_h,POL,36,439.860453385897,429.114045432586,-10.7464079533107,6.08382019318907,479.473912028426,477.84561962271,-1.62829240571529,5.34506600990658,507.476190110661,501.750403566458,-5.72578654420278,4.95624270026705,533.217154474461,529.00613758424,-4.21101689022032,6.04356687309178,39.6134586425289,48.7315741901244,9.11811554759544,5.96317924372727,67.6157367247639,72.6363581338719,5.02062140910795,6.93249608456156,93.3567010885641,99.8920921516545,6.5353910630904,8.15844182725298,28.002278082235,23.9047839437475,-4.09749413848749,5.67232505317133,53.7432424460351,51.1605179615301,-2.58272448450504,6.58158435303529,25.7409643638002,27.2557340177826,1.51476965398246,6.37783226024735
books_h,PRT,36,425.268126943922,414.596311475228,-10.6718154686945,6.02300996905774,467.916537384323,452.501045373526,-15.415492010797,7.38808835951495,494.081648503647,482.799375163993,-11.2822733396542,4.5605867686587,522.642031493712,503.128328280927,-19.5137032127859,5.20128068952132,42.6484104404004,37.9047338982979,-4.74367654210249,6.21789050555872,68.8135215597249,68.2030636887652,-0.610457870959749,6.11726397339255,97.3739045497903,88.532016805699,-8.84188774409137,6.52292927857249,26.1651111193245,30.2983297904672,4.13321867114274,7.25933887401051,54.7254941093899,50.627282907401,-4.09821120198887,7.46930593263268,28.5603829900654,20.3289531169338,-8.23142987313162,5.57754177052288
books_h,SVK,36,368.737362704035,377.822775361343,9.0854126573081,6.96802159760387,445.577265951901,449.114017243876,3.53675129197569,6.24680797072135,478.087353501019,469.870641713692,-8.21671178732697,5.5122275988325,498.829919249171,499.107587590095,0.277668340923697,5.72870501853378,76.8399032478658,71.2912418825334,-5.54866136533241,7.50462613415407,109.349990796985,92.0478663523495,-17.3021244446351,7.69601870477427,130.092556545136,121.284812228752,-8.8077443163844,8.679592827149,32.5100875491188,20.7566244698161,-11.7534630793027,6.19808810228431,53.2526532972702,49.9935703462182,-3.25908295105199,7.15698221232331,20.7425657481514,29.2369458764021,8.49438012825067,6.76332868189934
books_h,SVN,36,416.813161632833,391.895398072208,-24.917763560625,4.0024098844797,464.071313019143,446.758835835369,-17.3124771837747,4.71916569581555,486.906954180808,464.4149861925,-22.4919679883084,4.31267143782424,508.517585872713,487.298257768942,-21.219328103771,4.50531412847712,47.2581513863101,54.8634377631604,7.6052863768503,5.76963626356897,70.0937925479751,72.5195881202917,2.42579557231659,5.47772693828824,91.7044242398793,95.4028596967332,3.69843545685393,5.95706250226594,22.835641161665,17.6561503571313,-5.17949080453371,6.22591975834716,44.4462728535692,40.5394219335728,-3.90685091999637,6.27390259038929,21.6106316919042,22.8832715764415,1.27263988453734,6.49581637552458
books_h,SWE,36,423.705056644264,406.328787639891,-17.3762690043729,6.15928564149102,483.300046753738,458.789878285251,-24.5101684684876,6.5150378390439,506.36523237399,490.575835593687,-15.7893967803033,5.31950266237345,541.09986375019,522.317769548236,-18.782094201954,5.75870591267798,59.5949901094741,52.4610906453595,-7.13389946411462,6.85571445421741,82.6601757297258,84.2470479537955,1.58687222406968,7.18687100429787,117.394807105926,115.988981908345,-1.40582519758107,7.75174727290653,23.0651856202517,31.785957308436,8.7207716881843,7.0614365021432,57.7998169964517,63.5278912629852,5.72807426653355,6.67407508687639,34.7346313762,31.7419339545493,-2.99269742165075,6.32474933576838
books_h,TUR,36,407.734620249535,426.211712631306,18.4770923817711,4.83140277908475,447.650360022364,467.870973380239,20.220613357875,4.41303300894451,473.001747799265,486.885642674206,13.8838948749408,4.20030886277877,496.54270903431,508.759292848488,12.2165838141785,4.436976559975,39.9157397728288,41.6592607489328,1.74352097610398,4.87973732295199,65.2671275497297,60.6739300428994,-4.59319750683028,5.52231540462402,88.8080887847744,82.5475802171818,-6.26050856759258,5.94294392542692,25.3513877769009,19.0146692939666,-6.33671848293426,4.66328273362202,48.8923490119456,40.8883194682491,-8.00402954369656,5.06242673325155,23.5409612350447,21.8736501742824,-1.6673110607623,5.04125052720762
books_h,USA,36,440.85291655164,423.817243676418,-17.0356728752219,7.9207038693631,489.234249324257,478.614203369592,-10.6200459546646,12.2168679756606,526.893385952639,516.818139604894,-10.0752463477447,13.9997774207632,560.43141699238,550.738255842791,-9.69316114958963,12.79489206968,48.3813327726166,54.7969596931739,6.41562692055732,11.7300990654583,86.0404694009985,93.0008959284757,6.96042652747718,14.4059504335623,119.57850044074,126.921012166373,7.34251172563228,13.6533964153745,37.6591366283819,38.2039362353018,0.544799606919867,13.3174787281748,71.1971676681237,72.1240524731987,0.926884805074963,11.6906062801223,33.5380310397418,33.9201162378969,0.382085198155096,11.3538487573159
books_h,OECD,36,424.45957518374,413.761135578907,-10.698439604833,1.45039925953403,471.683893183381,458.953199203466,-12.7306939799153,1.45447129278054,496.12009730713,481.820595919901,-14.299501387229,1.44015302260644,522.044848912534,505.418520735811,-16.6263281767236,1.46029276424574,47.2243179996413,45.192063624559,-2.03225437508229,1.07622733753979,71.6605221233902,68.0594603409942,-3.60106178239596,1.14151096528739,97.5852737287945,91.6573851569038,-5.92788857189061,1.23484297969403,24.4362041237489,22.8673967164352,-1.56880740731367,1.057882812696,50.3609557291532,46.4653215323448,-3.89563419680832,1.12864873663123,25.9247516054043,23.5979248159096,-2.32682678949465,1.07129090862015
books_h,OECD35,35,424.394497407513,413.883094650744,-10.5114027567688,1.46353185868053,471.69504569565,459.164297863582,-12.5307478320679,1.46913117094171,496.276135789633,482.174244583804,-14.1018912058292,1.45461986168109,522.258643656671,505.961275276695,-16.2973683799767,1.47550491346685,47.3005482881371,45.281203212838,-2.0193450752991,1.10107547917357,71.8816383821202,68.2911499330597,-3.59048844906044,1.16700967128633,97.8641462491582,92.0781806259503,-5.78596562320792,1.26323400668038,24.5810900939831,23.0099467202218,-1.57114337376134,1.08157402622764,50.5635979610211,46.7969774131123,-3.76662054790882,1.15412517342867,25.982507867038,23.7870306928905,-2.19547717414747,1.09626718693739
escs_cc,AUS,36,458.975684854214,465.150881520418,6.17519666620387,3.90149609639954,487.986239082664,492.925614268229,4.93937518556453,4.42467307814264,521.797009154006,523.368975991845,1.571966837839,4.28436623540997,552.903572440489,533.243755252108,-19.659817188381,4.32144543840046,29.0105542284502,27.7747327478109,-1.23582148063934,5.57150621095906,62.8213242997922,58.2180944714273,-4.60322982836487,5.00463888010795,93.9278875862756,68.0928737316907,-25.8350138545849,5.07849848503427,33.810770071342,30.4433617236164,-3.36740834772553,5.07180873759107,64.9173333578253,40.3181409838798,-24.5991923739455,5.07153214979294,31.1065632864834,9.87477926026338,-21.23178402622,4.65259131385299
escs_cc,AUT,36,438.939244076592,440.361745631632,1.4225015550395,5.47540587741951,472.175555704103,471.888730114919,-0.286825589184502,5.32221935198486,509.889497039557,494.344138687396,-15.5453583521619,4.8328257857981,542.805134238637,520.511196047748,-22.2939381908894,4.77027275327875,33.2363116275109,31.5269844832869,-1.70932714422401,6.35680653768865,70.9502529629652,53.9823930557637,-16.9678599072014,6.03514507580543,103.865890162045,80.1494504161162,-23.7164397459289,6.66064933196486,37.7139413354543,22.4554085724769,-15.2585327629774,5.9414135502089,70.6295785345343,48.6224659328294,-22.0071126017049,5.77462909501095,32.91563719908,26.1670573603525,-6.74857983872749,5.14629088957096
escs_cc,BEL,36,433.503356899784,449.864094500429,16.3607376006455,5.17347897823625,469.615574196649,482.257836841846,12.642262645197,5.75586616355408,508.788755194497,510.553378566309,1.76462337181238,4.94663969256362,543.665933237253,524.26900756311,-19.3969256741439,5.33971319888261,36.1122172968655,32.3937423414171,-3.71847495544847,6.22391105521348,75.2853982947132,60.68928406588,-14.5961142288331,6.35152625443908,110.16257633747,74.4049130626802,-35.7576632747894,6.88654512287892,39.1731809978476,28.295541724463,-10.8776392733847,5.87089310431581,74.050359040604,42.0111707212631,-32.0391883193409,7.15268904967472,34.8771780427564,13.7156289968002,-21.1615490459562,5.88457634059071
escs_cc,CAN,36,480.784389721501,473.753598243497,-7.03079147800344,3.85134415056492,504.094686242018,502.901194106704,-1.19349213531501,3.85065037263468,528.241428913341,525.157699805078,-3.08372910826233,3.78678896053895,550.492955211438,525.746386392605,-24.7465688188329,4.87575999855869,23.3102965205179,29.1475958632063,5.83729934268843,4.68163674405567,47.4570391918401,51.4041015615812,3.9470623697411,4.76013994416086,69.7085654899371,51.9927881491076,-17.7157773408294,5.42986410083589,24.1467426713222,22.2565056983749,-1.89023697294732,4.51227804670763,46.3982689694192,22.8451922859014,-23.5530766835179,5.4301931502278,22.251526298097,0.588686587526468,-21.6628397105706,4.88435613290468
escs_cc,CHE,36,433.81880188027,448.833504405584,15.0147025253144,5.32071956523479,474.289915068412,476.419300901526,2.12938583311455,5.59830997833669,511.008154930691,504.706484126414,-6.30167080427646,5.61486603126355,552.609780621562,529.14172137682,-23.4680592447428,5.48123978433779,40.4711131881419,27.5857964959421,-12.8853166921999,6.19602866195307,77.1893530504212,55.8729797208304,-21.3163733295909,6.50917310115917,118.790978741293,80.3082169712354,-38.4827617700572,7.3054597060825,36.7182398622793,28.2871832248883,-8.43105663739101,6.3150688106427,78.3198655531507,52.7224204752934,-25.5974450778573,6.27234481980827,41.6016256908714,24.4352372504051,-17.1663884404663,6.60996210827623
escs_cc,CHL,36,418.901277579345,422.821662745251,3.92038516590674,6.2415198802423,445.683922088905,435.312354099297,-10.3715679896076,5.53326811077758,463.643366335221,454.054723498364,-9.58864283685716,5.70116075155685,495.341371265926,492.876627774896,-2.46474349103022,5.40922442999898,26.7826445095602,12.4906913540459,-14.2919531555144,7.29480299092023,44.7420887558763,31.2330607531124,-13.5090280027639,7.49798320541281,76.4400936865818,70.0549650296448,-6.38512865693696,8.05073953245431,17.9594442463161,18.7423693990665,0.782925152750465,6.61350809768124,49.6574491770215,57.5642736755989,7.90682449857741,5.87007145179785,31.6980049307055,38.8219042765324,7.12389934582694,6.48431345104968
escs_cc,COL,36,369.705268212994,372.176285781914,2.47101756892045,4.83267798641966,395.31262365122,402.561524803321,7.24890115210053,6.21737750284208,418.991039184932,423.713354387707,4.72231520277438,6.80826617729286,471.784194124063,464.151591020732,-7.63260310333118,9.57038112976446,25.6073554382263,30.3852390214063,4.77788358318009,6.34108548441182,49.2857709719384,51.5370686057923,2.25129763385394,7.02904225585536,102.07892591107,91.975305238818,-10.1036206722516,10.4676338928636,23.6784155337122,21.151829584386,-2.52658594932615,5.60495932674895,76.4715704728433,61.5900662174116,-14.8815042554317,9.575221101599,52.7931549391312,40.4382366330256,-12.3549183061056,8.99916504569872
escs_cc,CZE,36,438.071390405724,444.906505534121,6.8351151283976,5.24558810559771,484.430605688859,468.521785581899,-15.9088201069608,4.76778705455427,506.084565428159,490.206865117164,-15.8777003109949,5.23958212865895,548.878428131642,519.752011500768,-29.126416630874,5.73572436838554,46.3592152831357,23.6152800477773,-22.7439352353584,5.77060992266471,68.013175022435,45.3003595830425,-22.7128154393925,6.03617031299923,110.807037725918,74.8455059666468,-35.9615317592716,7.63160363074303,21.6539597392992,21.6850795352651,0.0311197959658784,5.53301294623419,64.4478224427827,51.2302259188695,-13.2175965239132,6.55153908865643,42.7938627034835,29.5451463836043,-13.2487163198791,6.44163636900877
escs_cc,DEU,36,450.497303735604,442.692248498846,-7.8050552367576,5.81462680478703,481.200716850841,481.825330103916,0.624613253075097,6.83236474416623,506.662946589976,511.024849189958,4.36190259998261,7.26988469896236,553.9234030379,548.795706928375,-5.12769610952478,5.91780158202724,30.7034131152374,39.1330816050701,8.42966848983269,7.12471379941526,56.1656428543718,68.332600691112,12.1669578367402,7.57581104304613,103.426099302296,106.103458429529,2.67735912723282,7.74276441028669,25.4622297391344,29.1995190860419,3.73728934690752,7.50745157442537,72.7226861870589,66.970376824459,-5.75230936259987,7.65163285329967,47.2604564479245,37.7708577384171,-9.48959870950739,7.43728892505974
escs_cc,DNK,36,457.514705240778,444.740470244416,-12.7742349963622,5.11964690566892,484.904020785322,466.874647105338,-18.0293736799837,5.88631400771469,513.412838692158,493.839911267268,-19.5729274248898,6.19829494594878,523.594252097382,496.019067188409,-27.5751849089724,6.82016675853241,27.389315544544,22.1341768609224,-5.25513868362157,6.65391501095088,55.8981334513796,49.0994410228519,-6.79869242852766,6.92990922779789,66.0795468566037,51.2785969439935,-14.8009499126102,8.05897622155927,28.5088179068356,26.9652641619295,-1.54355374490609,7.04787029564453,38.6902313120597,29.1444200830711,-9.54581122898861,8.30601744986041,10.1814134052241,2.17915592114161,-8.00225748408252,8.29204234238009
escs_cc,ESP,36,444.969935203517,430.466576872672,-14.5033583308452,3.78609652560937,466.170942424228,451.898031082748,-14.27291134148,3.77259596354353,491.46082534226,477.016191059522,-14.4446342827374,3.25852599617711,521.411828224355,488.930408506136,-32.4814197182192,3.46203048989717,21.201007220711,21.4314542100762,0.230446989365191,3.92446215072583,46.4908901387424,46.5496141868503,0.0587240481078766,4.04613617303762,76.4418930208378,58.4638316334638,-17.9780613873739,4.66561204175455,25.2898829180314,25.1181599767741,-0.171722941257315,3.72553448759947,55.2408858001268,37.0323774233876,-18.2085083767391,4.35104242873469,29.9510028820953,11.9142174466135,-18.0367854354818,3.65735936583424
escs_cc,EST,36,481.190265733744,468.789041400159,-12.4012243335853,5.00992358834732,501.137436696169,493.728832001178,-7.40860469499177,5.3211670686831,527.014355526965,525.66881420174,-1.34554132522544,4.88230875241076,553.279176578813,535.782677751931,-17.4964988268828,5.30842706472625,19.947170962425,24.9397906010186,4.99261963859357,6.46909733252122,45.8240897932207,56.8797728015806,11.0556830083599,6.36941318729483,72.0889108450691,66.9936363517717,-5.09527449329744,6.54355842199035,25.8769188307957,31.939982200562,6.06306336976633,5.83898867905563,52.1417398826441,42.0538457507531,-10.087894131891,5.95770364236697,26.2648210518485,10.1138635501911,-16.1509575016573,5.60919511882224
escs_cc,FIN,36,458.835773787581,453.917773110368,-4.91800067721272,4.38390872579794,481.830369320844,477.54380465377,-4.28656466707406,4.54768654367196,513.658732843943,507.771459997674,-5.88727284626901,4.89779961823388,540.454119263718,517.858124255728,-22.59599500799,4.49387418059794,22.9945955332631,23.6260315434017,0.631436010138657,5.41038913598452,54.8229590563619,53.8536868873056,-0.969272169056296,5.72622437143795,81.6183454761368,63.9403511453595,-17.6779943307773,6.04366208889162,31.8283635230989,30.2276553439039,-1.60070817919495,5.33760262555337,58.6237499428738,40.3143196019578,-18.309430340916,5.65846296291547,26.7953864197749,10.0866642580539,-16.708722161721,5.95273948671899
escs_cc,FRA,36,434.119656687734,439.082685126036,4.96302843830199,5.68218289299942,469.665950635221,462.174826851019,-7.49112378420239,5.80555240857606,499.510658245976,493.865845628534,-5.64481261744209,6.77251897564235,542.671523582856,520.243817730034,-22.4277058528223,5.94753084165511,35.5462939474875,23.0921417249831,-12.4541522225044,6.37720086913668,65.3910015582421,54.7831605024981,-10.6078410557441,7.5503041930805,108.551866895123,81.1611326039985,-27.3907342911243,7.23006898933001,29.8447076107547,31.691018777515,1.8463111667603,6.92823540142949,73.0055729476353,58.0689908790154,-14.9365820686199,6.69380284793553,43.1608653368806,26.3779721015004,-16.7828932353802,5.97806991662581
escs_cc,GBR,36,474.810176986819,481.738582780788,6.92840579396921,4.86183386856864,496.02507952046,503.379563629203,7.35448410874312,5.57855983101715,508.19171760774,521.212533885383,13.0208162776433,5.20783837745217,556.54657588083,544.439428962415,-12.1071469184151,6.84803595351262,21.2149025336414,21.6409808484153,0.426078314773918,6.70264226650771,33.381540620921,39.4739511045951,6.09241048367409,6.31572315203726,81.7363988940107,62.7008461816264,-19.0355527123843,7.96961755212872,12.1666380872796,17.8329702561798,5.66633216890017,6.26838950217092,60.5214963603693,41.0598653332111,-19.4616310271582,7.91286022943312,48.3548582730896,23.2268950770313,-25.1279631960584,7.08709207545469
escs_cc,GRC,36,407.110691486166,399.291252296135,-7.81943919003066,6.48769055828536,430.250170849277,422.114573974735,-8.13559687454188,4.93958428249001,453.987889287202,452.872646139096,-1.11524314810538,5.99629507332355,490.208713373319,471.449902872472,-18.7588105008468,5.45303371940981,23.1394793631117,22.8233216786005,-0.316157684511211,6.50676053448196,46.8771978010361,53.5813938429614,6.70419604192529,7.03411136714633,83.0980218871536,72.1586505763375,-10.9393713108161,7.59000270691047,23.7377184379245,30.758072164361,7.0203537264365,5.76325437952768,59.958542524042,49.3353288977371,-10.6232136263049,6.13869862106001,36.2208240861175,18.5772567333761,-17.6435673527414,6.34774555183008
escs_cc,HUN,36,418.10009810529,420.393700113924,2.2936020086334,5.97320145068806,460.402315344963,451.019745516474,-9.38256982848907,5.7709772425526,496.584892609871,476.016082394752,-20.5688102151198,5.87196916652703,539.828601951661,504.625503735105,-35.2030982165558,6.11801238976537,42.3022172396733,30.6260454025509,-11.6761718371225,7.13295551098919,78.4847945045813,55.6223822808281,-22.8624122237532,7.98877429794578,121.72850384637,84.2318036211813,-37.4967002251892,8.45465069942445,36.182577264908,24.9963368782773,-11.1862403866307,6.42539986962554,79.4262866066971,53.6057582186304,-25.8205283880667,7.87706957341213,43.2437093417891,28.6094213403532,-14.634288001436,6.79716763026815
escs_cc,IRL,36,481.600100667947,478.297598021495,-3.30250264645133,4.23484679734657,506.831108280882,495.940486638525,-10.8906216423572,4.6681388697029,530.76144444348,522.814710346583,-7.94673409689722,4.64401113770871,556.074243672367,543.881140161301,-12.1931035110656,4.7347796289343,25.2310076129355,17.6428886170296,-7.58811899590592,5.63546769156858,49.1613437755336,44.5171123250877,-4.64423145044589,5.45696886335119,74.4741430044201,65.5835421398058,-8.89060086461427,5.35793431505592,23.9303361625981,26.8742237080581,2.94388754546003,5.75951744629973,49.2431353914845,47.9406535227762,-1.30248186870836,5.53157063786511,25.3127992288864,21.0664298147181,-4.24636941416838,5.4751027241201
escs_cc,ISL,36,404.679624937248,414.900155451493,10.2205305142442,5.40759571378399,439.564648809569,440.292619079814,0.727970270244498,6.0414345728525,454.664840315124,464.1607855608,9.49594524567567,5.42913622149282,482.60896299507,470.993559412292,-11.6154035827774,5.53141477786696,34.8850238723207,25.3924636283211,-9.49256024399966,8.15190976484712,49.9852153778759,49.2606301093074,-0.72458526856849,7.17068141072334,77.9293380578213,56.0934039607998,-21.8359340970216,7.97095952656843,15.1001915055552,23.8681664809864,8.76797497543117,7.71251333430773,43.0443141855006,30.7009403324787,-12.3433738530219,7.78668790875582,27.9441226799454,6.83277385149233,-21.1113488284531,7.41001495848816
escs_cc,ISR,36,421.259768786658,423.3148430555,2.0550742688423,6.77694916100263,466.333259219789,468.343838299169,2.01057907937974,7.86067078527203,514.054483548566,488.463014835471,-25.5914687130949,7.89647910324112,540.335009017514,497.588906812232,-42.7461022052824,6.24687096288063,45.0734904331312,45.0289952436686,-0.044495189462566,8.52796351354718,92.7947147619075,65.1481717799704,-27.6465429819372,9.28226135295462,119.075240230856,74.2740637567314,-44.8011764741247,8.34524149123398,47.7212243287764,20.1191765363018,-27.6020477924746,9.28198767323283,74.0017497977249,29.2450685130628,-44.7566812846621,8.53792521178168,26.2805254689486,9.12589197676101,-17.1546334921875,7.96334137580597
escs_cc,ITA,36,446.439814573877,446.384157730787,-0.0556568430905031,5.09324111329616,476.622969900736,477.692427668382,1.06945776764599,5.00927473627158,495.414703586421,494.261334253557,-1.15336933286409,5.39590027536434,522.778469965097,521.078241615063,-1.70022835003488,5.75116924447387,30.1831553268592,31.3082699375957,1.12511461073649,6.27197260404036,48.9748890125439,47.8771765227703,-1.09771248977358,6.57446674548887,76.3386553912204,74.694083884276,-1.64457150694437,6.90220505066711,18.7917336856847,16.5689065851746,-2.22282710051007,6.00671231387256,46.1555000643612,43.3858139466803,-2.76968611768086,6.83644859292261,27.3637663786765,26.8169073615057,-0.546859017170789,5.22456564928405
escs_cc,JPN,36,482.612689012743,477.325604689494,-5.28708432324908,7.05288409057642,511.503715487372,503.526013206677,-7.97770228069555,6.23947419732971,533.130479712653,525.232197970002,-7.89828174265142,6.37806472340082,555.259401548643,540.447330976114,-14.8120705725291,6.68617118885143,28.891026474629,26.2004085171825,-2.69061795744648,7.09106509329681,50.5177906999098,47.9065932805075,-2.61119741940234,7.77935096853514,72.6467125359,63.1217262866199,-9.52498624928006,9.10901122488064,21.6267642252809,21.706184763325,0.0794205380441326,6.60105227311265,43.755686061271,36.9213177694374,-6.83436829183358,7.95364003855326,22.1289218359901,15.2151330061124,-6.91378882987772,6.24382223456323
escs_cc,KOR,36,478.176896824925,473.499977442927,-4.67691938199795,7.10148888873948,510.120341741261,510.675939398777,0.555597657515818,6.64701671457054,530.453099389821,528.577346624544,-1.87575276527775,6.49935859613619,559.881982217109,539.109074711318,-20.7729075057912,6.21197135347434,31.9434449163355,37.1759619558493,5.23251703951377,7.75092974864427,52.2762025648961,55.0773691816162,2.8011666167202,7.91082231819622,81.7050853921839,65.6090972683907,-16.0959881237932,7.90324742117355,20.3327576485605,17.9014072257669,-2.43135042279357,7.33747276793544,49.7616404758484,28.4331353125414,-21.328505163307,7.81517558482676,29.4288828272879,10.5317280867745,-18.8971547405134,7.5869581220862
escs_cc,LTU,36,437.431918664521,449.825405445973,12.3934867814518,5.57915726885854,469.240731985354,476.257232606846,7.0165006214927,5.50075606187348,495.12712529902,506.243614486274,11.1164891872539,5.48762297048395,525.128644591831,511.18487408931,-13.9437705025205,6.41003116817543,31.8088133208325,26.4318271608735,-5.37698615995907,6.92947404755294,57.6952066344993,56.4182090403014,-1.27699759419789,7.45355134122978,87.6967259273094,61.3594686433372,-26.3372572839722,8.10033382774257,25.8863933136668,29.9863818794279,4.09998856576118,7.00412640781844,55.8879126064769,34.9276414824637,-20.9602711240132,7.09015081921208,30.0015192928101,4.94125960303575,-25.0602596897743,7.14786587015198
escs_cc,LVA,36,442.966092911438,423.657216629027,-19.3088762824107,4.97900892942775,468.364050394637,446.750673932461,-21.6133764621764,5.66791472796368,495.322564071025,466.626136555609,-28.6964275154165,5.04419886175216,519.44161909863,475.74126308068,-43.7003560179502,5.01897511392454,25.3979574831994,23.0934573034337,-2.30450017976568,6.05769172590454,52.3564711595875,42.9689199265816,-9.38755123300587,6.11991861069429,76.4755261871928,52.0840464516533,-24.3914797355395,6.50874883482844,26.9585136763881,19.8754626231479,-7.08305105324018,6.52443843673521,51.0775687039934,28.9905891482196,-22.0869795557738,6.90869138054609,24.1190550276053,9.11512652507167,-15.0039285025337,6.58296109225458
escs_cc,MEX,36,382.047523335902,383.734689005927,1.68716567002565,4.42448060063347,403.521075928822,405.618987916791,2.09791198796881,4.50684408553537,426.25904808648,422.00540703714,-4.25364104934016,5.75431932653595,462.222421932542,451.914874116013,-10.3075478165293,6.57237993398485,21.4735525929207,21.8842989108638,0.410746317943165,4.67123491240577,44.2115247505789,38.2707180312131,-5.94080671936581,6.19719624716062,80.1748985966403,68.1801851100853,-11.994713486555,7.54161737503941,22.7379721576583,16.3864191203493,-6.35155303730898,5.4478331728437,58.7013460037196,46.2958861992215,-12.4054598044982,6.9035468439429,35.9633738460614,29.9094670788722,-6.05390676718918,6.45458923260448
escs_cc,NLD,36,426.118426887452,420.832499874195,-5.28592701325778,6.86090095375382,449.979186746014,446.808397803762,-3.17078894225182,8.05494967057702,494.025213341726,481.149868635117,-12.8753447066094,6.52860161067124,523.473352977652,503.173527809026,-20.2998251686258,6.21370159759068,23.8607598585611,25.9758979295671,2.11513807100596,8.52387450324112,67.9067864542737,60.3173687609221,-7.58941769335161,8.600223939202,97.3549260901994,82.3410279348314,-15.0138981553681,8.74664668789268,44.0460265957126,34.341470831355,-9.70455576435756,8.11112806000208,73.4941662316383,56.3651300052643,-17.129036226374,8.66608028638585,29.4481396359257,22.0236591739093,-7.42448046201645,6.9909913698546
escs_cc,NOR,36,445.888732838949,430.576967204993,-15.3117656339561,5.10335887603599,473.163507378654,464.431199252325,-8.7323081263288,5.55236422018802,500.221850913549,488.174942569309,-12.04690834424,4.90277584889414,528.695635124034,503.324260192563,-25.3713749314712,5.61089262109198,27.2747745397052,33.8542320473325,6.5794575076273,6.44444614972446,54.3331180746005,57.5979753643166,3.26485728971608,6.55619707084578,82.806902285085,72.7472929875699,-10.0596092975151,7.12854204617795,27.0583435348954,23.7437433169841,-3.31460021791122,5.96246096296311,55.5321277453799,38.8930609402374,-16.6390668051424,6.74913124270982,28.4737842104845,15.1493176232533,-13.3244665872312,6.09216605719683
escs_cc,NZL,36,469.680301770361,482.565830710457,12.8855289400957,5.87420918649291,505.178699745242,505.821004444847,0.642304699604267,5.88946512492951,529.942984025939,543.031756617316,13.0887725913771,5.93004533083643,557.224208956437,555.932713642714,-1.2914953137232,5.90856392915712,35.4983979748809,23.2551737343894,-12.2432242404914,7.7593471896505,60.2626822555779,60.4659259068593,0.203243651281355,7.62747586505273,87.5439071860754,73.3668829322565,-14.1770242538189,8.45728642941135,24.764284280697,37.2107521724698,12.4464678917728,7.46923818976007,52.0455092111946,50.1117091978671,-1.93380001332747,8.02700881675398,27.2812249304975,12.9009570253972,-14.3802679051003,8.1759120225641
escs_cc,POL,36,449.823729666221,459.34725849882,9.52352883259903,5.53269705271188,482.067435825685,481.702472396388,-0.364963429296438,5.50303604885767,509.065402614947,517.326548297928,8.26114568298021,6.31622691619086,547.69937970645,535.67697279535,-12.0224069111003,5.62899465616138,32.2437061594634,22.355213897568,-9.88849226189546,5.87334171406964,59.2416729487263,57.9792897991075,-1.26238314961881,7.75373916605985,97.8756500402287,76.3297142965294,-21.5459357436994,7.95937595829733,26.9979667892629,35.6240759015395,8.62610911227665,6.72083082725869,65.6319438807653,53.9745003989614,-11.6574434818039,7.25279292395774,38.6339770915024,18.3504244974218,-20.2835525940806,6.74639015833479
escs_cc,PRT,36,442.331016585559,434.411650154808,-7.9193664307507,5.25084893622902,467.203837868955,463.12957433103,-4.07426353792545,5.90231476114136,488.771509996994,489.172379037575,0.400869040581199,6.08033712735293,529.659787441872,515.213124094355,-14.4466633475178,5.3064448155439,24.8728212833967,28.7179241762219,3.84510289282525,5.83940273647931,46.4404934114352,54.7607288827671,8.3202354713319,5.87558349209281,87.3287708563139,80.8014739395468,-6.52729691676706,6.61236924873441,21.5676721280386,26.0428047065452,4.47513257850665,5.85707828321952,62.4559495729172,52.0835497633249,-10.3723998095923,6.97329558625486,40.8882774448786,26.0407450567797,-14.847532388099,6.7306707139339
escs_cc,SVK,36,397.069716768714,415.684340329369,18.6146235606559,6.92054762019568,449.634398124176,447.361931015521,-2.27246710865603,5.839769825196,469.959279886367,475.465013626698,5.50573374033132,5.67870920564351,509.74141012149,509.317523679793,-0.423886441696823,6.03518006118205,52.5646813554629,31.677590686151,-20.8870906693119,7.55497979597469,72.8895631176534,59.7806732973289,-13.1088898203246,7.99518582480342,112.671693352776,93.6331833504237,-19.0385100023527,8.91553707447836,20.3248817621905,28.1030826111779,7.77820084898735,7.41127129049675,60.1070119973135,61.9555926642727,1.84858066695921,7.68971159229835,39.782130235123,33.8525100530949,-5.92962018202815,6.52333095239254
escs_cc,SVN,36,431.222399106265,428.632484760951,-2.58991434531504,4.94090525631242,459.002435210318,449.626414148602,-9.37602106171551,4.86103061605016,488.721964956873,481.616317074545,-7.10564788232733,4.79187235533434,512.491183763727,489.190913850545,-23.3002699131816,5.05193209754108,27.7800361040521,20.9939293876516,-6.78610671640047,7.06389872120432,57.4995658506071,52.9838323135948,-4.5157335370123,6.64051903234068,81.2687846574614,60.5584290895949,-20.7103555678665,7.07241448662212,29.719529746555,31.9899029259432,2.27037317938817,6.79426140436304,53.4887485534093,39.5644997019433,-13.9242488514661,6.78218267313029,23.7692188068543,7.57459677600008,-16.1946220308543,6.76130167798688
escs_cc,SWE,36,443.84851497977,433.752437650484,-10.0960773292857,5.45783992521931,479.304158484083,473.817326062942,-5.48683242114026,5.03264754606886,518.857878642343,515.310235135673,-3.54764350667017,6.05678746686906,549.402530138572,523.101626301827,-26.3009038367454,5.79493384037588,35.4556435043128,40.0648884124583,4.60924490814546,6.02475708995583,75.0093636625733,81.5577974851888,6.54843382261555,6.96818866703107,105.554015158802,89.3491886513426,-16.2048265074597,7.12891148531505,39.5537201582604,41.4929090727305,1.93918891447009,6.51530304392936,70.0983716544894,49.2843002388843,-20.8140714156052,6.82377874547245,30.544651496229,7.79139116615374,-22.7532603300753,6.53305478973673
escs_cc,TUR,36,428.846630594155,447.428498418398,18.5818678242437,4.46300559305998,444.49953053277,469.483771437632,24.9842409048618,4.15666370754823,458.408889280672,481.797342879497,23.3884535988253,4.90977296078451,498.370989878305,522.075806935673,23.7048170573673,4.68479883748753,15.6528999386152,22.0552730192333,6.40237308061808,5.14860698861218,29.5622586865173,34.368844461099,4.80658577458161,5.84357926195532,69.5243592841507,74.6473085172742,5.12294923312356,6.39317278227175,13.9093587479022,12.3135714418657,-1.59578730603647,5.13339537072868,53.8714593455355,52.592035498041,-1.27942384749451,5.41094180789323,39.9621005976333,40.2784640561753,0.316363458541957,5.73180063139907
escs_cc,USA,36,466.754891709945,463.659869180399,-3.0950225295465,8.1576780518209,493.985040174079,488.559758899403,-5.42528127467637,8.4864471883637,517.606856823174,518.951337496381,1.34448067320636,15.2770623675617,565.167454989072,560.872422851077,-4.29503213799501,15.854990488109,27.2301484641344,24.8998897190045,-2.33025874512987,9.1705185620671,50.8519651132294,55.2914683159822,4.43950320275286,14.9370710924909,98.4125632791267,97.2125536706782,-1.20000960844851,16.0851818583268,23.621816649095,30.3915785969777,6.76976194788273,15.5598253858338,71.1824148149923,72.3126639516736,1.13024913668136,16.2466153952839,47.5605981658973,41.921085354696,-5.63951281120137,13.2715124032797
escs_cc,OECD,36,441.073522533897,441.30033591838,0.226813384482739,1.42030971467594,471.147118221904,468.310771227111,-2.83634699479302,1.43618489474817,498.047174773935,494.327062305117,-3.72011246881789,1.48596589442813,531.279340316618,514.101530332962,-17.1778099836564,1.50319540380155,30.0735956880069,27.0104353087312,-3.06316037927576,1.10471414576846,56.9736522400378,53.0267263867372,-3.94692585330063,1.19894045011379,90.2058177827208,72.8011944145817,-17.4046233681391,1.30573848012637,26.9000565520308,26.016291078006,-0.88376547402487,1.14125896701631,60.1322220947139,45.7907591058505,-14.3414629888634,1.23645605401562,33.2321655426831,19.7744680278445,-13.4576975148385,1.13972101274753
escs_cc,OECD35,35,440.962196457622,441.609871891115,0.647675433492111,1.43321572263203,471.289294673267,468.779706659807,-2.50958801345917,1.44988491735608,498.235356186269,494.82165862642,-3.41369755984886,1.50300221113224,531.56126923354,514.8207052423,-16.7405639912402,1.52065313947568,30.3270982156441,27.1698347686929,-3.15726344695128,1.13073152065965,57.2731597286463,53.2117867353053,-4.06137299334097,1.22776538776334,90.5990727759176,73.2108333511853,-17.3882394247323,1.33641345319064,26.9460615130022,26.0419519666125,-0.904109546389691,1.16903034767829,60.2719745602735,46.0409985824925,-14.230975977781,1.26569293147247,33.3259130472713,19.99904661588,-13.3268664313913,1.16761786084782
escs_h_cc,AUS,36,461.474187394383,461.84359189082,0.369404496437141,4.04972095535857,490.079536830198,492.401699425907,2.32216259570873,4.03332666478934,525.506535816358,523.237222701956,-2.26931311440285,4.45480427313501,544.593493087147,537.210422997123,-7.38307009002426,4.15863266088892,28.6053494358151,30.5581075350867,1.95275809927159,5.17616073115487,64.0323484219757,61.3936308111357,-2.63871761083999,5.2255968939524,83.1193056927642,75.3668311063028,-7.7524745864614,5.03414788795718,35.4269989861606,30.835523276049,-4.59147571011158,4.92129834318334,54.5139562569491,44.8087235712161,-9.70523268573299,4.58382365396638,19.0869572707885,13.9732002951671,-5.11375697562141,4.71061478291617
escs_h_cc,AUT,36,442.17049053214,438.976572136545,-3.19391839559552,5.46590293260323,475.152441588143,471.774933520998,-3.37750806714519,5.44781551903925,510.156869313028,493.174506722262,-16.9823625907663,4.8213565100026,536.348574313697,523.179852415994,-13.1687218977028,4.96386184619723,32.9819510560026,32.798361384453,-0.183589671549669,6.86191016817197,67.986378780888,54.1979345857171,-13.7884441951708,5.83994942914805,94.1780837815572,84.2032802794499,-9.97480350210725,6.87898462709326,35.0044277248853,21.3995732012642,-13.6048545236212,6.17697142835982,61.1961327255546,51.404918894997,-9.79121383055758,5.74746163487574,26.1917050006692,30.0053456937328,3.81364069306358,5.34643319272252
escs_h_cc,BEL,36,436.447302364688,449.322616389936,12.8753140252486,5.17603958060802,472.761562308192,480.175396208902,7.41383390070922,5.42887264597165,510.774531870202,509.294297478738,-1.48023439146374,5.41348276672688,535.586719348727,528.163624626803,-7.42309472192437,5.25743970107619,36.3142599435047,30.8527798189653,-5.46148012453938,6.20386439819582,74.327229505514,59.9716810888016,-14.3555484167123,6.71764998245256,99.1394169840397,78.8410082368667,-20.298408747173,6.92640175216481,38.0129695620093,29.1189012698363,-8.89406829217296,5.73134713516338,62.825157040535,47.9882284179014,-14.8369286226336,6.75530196614472,24.8121874785257,18.8693271480651,-5.94286033046063,6.1584967100228
escs_h_cc,CAN,36,481.020221416077,470.894765542176,-10.1254558739013,3.94036657529873,505.98197444915,500.879551571732,-5.10242287741795,3.91011868868985,529.653086125638,522.050822495661,-7.6022636299773,3.9295885611893,546.959753461173,533.738525566524,-13.2212278946489,4.68811193265732,24.9617530330729,29.9847860295562,5.02303299648332,4.76467485768618,48.6328647095612,51.1560569534851,2.52319224392397,5.0440494174515,65.9395320450961,62.8437600243485,-3.09577202074763,5.36463937067742,23.6711116764883,21.1712709239289,-2.49984075255935,4.5990160868837,40.9777790120232,32.8589739947923,-8.11880501723095,5.26999781724283,17.3066673355349,11.6877030708633,-5.6189642646716,4.86929371642902
escs_h_cc,CHE,36,436.193740468044,446.49331942999,10.2995789619461,5.53541944381508,476.339236248178,474.974792596702,-1.36444365147605,5.37792999343234,512.364130732797,505.009380041511,-7.35475069128597,5.84485503024888,546.857854922814,532.622557982579,-14.2352969402347,5.24676261457535,40.1454957801344,28.4814731667123,-11.6640226134222,6.05101724199926,76.1703902647538,58.5160606115217,-17.6543296532321,6.72026725426351,110.66411445477,86.1292385525893,-24.5348759021808,7.13329193241939,36.0248944846194,30.0345874448095,-5.99030703980992,6.17515448186675,70.5186186746356,57.647765385877,-12.8708532887586,6.34127211807302,34.4937241900162,27.6131779410675,-6.88054624894869,6.78722551850003
escs_h_cc,CHL,36,422.934078031425,418.103378865089,-4.8306991663361,6.23800769265117,445.589797871071,436.858722371966,-8.73107549910492,5.69407528698344,461.417924357016,453.389271399,-8.0286529580161,5.57882087922758,493.600424125612,496.741018045825,3.14059392021375,5.42220996405596,22.6557198396456,18.7553435068768,-3.90037633276882,7.23925978289455,38.4838463255904,35.2858925339104,-3.19795379167999,7.55433374637207,70.6663460941862,78.6376391807361,7.97129308654985,8.14357256672422,15.8281264859448,16.5305490270337,0.702422541088822,6.58896528969618,48.0106262545406,59.8822956738593,11.8716694193187,5.81440280462024,32.1824997685958,43.3517466468256,11.1692468782298,6.60121382269649
escs_h_cc,COL,36,371.398751962885,371.007211364684,-0.391540598200436,4.74517172582051,395.769438367985,403.769892674124,8.00045430613892,6.48098111885026,419.490382691387,422.794740550795,3.30435785940762,6.64736433572508,469.104906646732,465.022272670672,-4.08263397605958,9.2861626132226,24.3706864051006,32.7626813094399,8.39199490433936,6.61195309193036,48.0916307285025,51.7875291861105,3.69589845760805,6.97196437802496,97.7061546838469,94.0150613059878,-3.69109337785915,10.095175543686,23.7209443234019,19.0248478766706,-4.6960964467313,5.4053472753389,73.3354682787464,61.2523799965479,-12.0830882821985,9.37174906850171,49.6145239553445,42.2275321198773,-7.3869918354672,8.50902984298456
escs_h_cc,CZE,36,445.303087945196,442.579582756477,-2.72350518871849,5.39496795433187,482.413050921884,468.53454230141,-13.8785086204742,4.8868901788848,504.855500461502,489.581119653907,-15.2743808075956,5.33494514833586,544.877498035157,522.697242186233,-22.1802558489243,5.65752899528523,37.1099629766878,25.9549595449321,-11.1550034317557,6.3343793665099,59.5524125163062,47.0015368974292,-12.5508756188771,6.00956683001752,99.5744100899608,80.1176594297551,-19.4567506602058,7.61112685851067,22.4424495396185,21.0465773524971,-1.39587218712137,5.9240122704561,62.4644471132731,54.162699884823,-8.3017472284501,6.60975648441644,40.0219975736546,33.1161225323259,-6.90587504132873,6.43820471890748
escs_h_cc,DEU,36,452.193139727977,441.618291795733,-10.5748479322443,5.98050580742042,484.463090801542,482.610986393404,-1.85210440813825,6.28748059848952,507.651015649328,508.36537300562,0.714357356292226,7.17275030786961,547.995687603534,551.759537124152,3.7638495206179,6.29903232221886,32.2699510735647,40.9926945976707,8.72274352410602,6.42659092749733,55.4578759213507,66.7470812098872,11.2892052885365,7.61894010089238,95.8025478755568,110.141245328419,14.3386974528622,8.10062694054619,23.187924847786,25.7543866122164,2.56646176443047,7.25614128627862,63.5325968019921,69.1485507307483,5.61595392875614,7.42826260248843,40.3446719542062,43.3941641185318,3.04949216432567,7.57174685847769
escs_h_cc,DNK,36,458.343531425284,444.816581858814,-13.5269495664692,4.93898563276827,491.474559718585,464.14422241321,-27.3303373053749,5.95303479416874,513.961046814106,494.858340300084,-19.1027065140223,6.00648961930501,515.624940508336,497.653799967228,-17.9711405411086,6.45062764346787,33.1310282933017,19.3276405543961,-13.8033877389057,6.51850388382853,55.6175153888227,50.0417584412696,-5.57575694755309,6.78774067125595,57.2814090830528,52.8372181084134,-4.44419097463941,7.65519936657895,22.4864870955209,30.7141178868735,8.22763079135257,6.62644995239654,24.1503807897511,33.5095775540174,9.35919676426624,7.87453175206974,1.66389369423018,2.79545966714386,1.13156597291368,7.65241306303136
escs_h_cc,ESP,36,446.474700472997,428.070756457354,-18.4039440156424,3.80781386845338,468.33074405848,451.296840697337,-17.0339033611428,3.75871190213091,493.48431738707,475.641853330092,-17.8424640569779,3.42343310859437,515.722834704747,493.313614048331,-22.4092206564157,3.58593069334655,21.856043585483,23.2260842399826,1.37004065449958,4.08982110560193,47.0096169140731,47.5710968727377,0.561479958664563,4.33839734458988,69.2481342317498,65.2428575909766,-4.00527664077327,4.79991461437106,25.1535733285901,24.3450126327551,-0.808560695835013,3.79964740510208,47.3920906462668,42.016773350994,-5.37531729527285,4.34301571722039,22.2385173176767,17.6717607182389,-4.56675659943784,3.99296393167579
escs_h_cc,EST,36,484.018344003235,467.197982537094,-16.8203614661407,5.01383071832441,500.371772337445,494.985727334347,-5.38604500309776,5.27912859889484,528.522817989507,522.688401003975,-5.83441698553133,5.01900448646966,549.711861622335,539.088226120165,-10.62363550217,5.10205277962927,16.3534283342094,27.7877447972523,11.4343164630429,6.20543199055654,44.5044739862716,55.490418466881,10.9859444806094,6.24622672045048,65.6935176191001,71.8902435830708,6.19672596397066,6.52950824603149,28.1510456520622,27.7026736696286,-0.448371982433571,6.08389991182076,49.3400892848907,44.1024987858185,-5.23759049907227,5.74803786220839,21.1890436328285,16.3998251161898,-4.7892185166387,5.58604348718341
escs_h_cc,FIN,36,462.655265906221,451.551139366549,-11.1041265396711,4.47355789974394,483.116222778495,478.412133001415,-4.70408977708092,4.7702894287013,514.755348743851,503.68138016777,-11.0739685760805,4.58107515187777,534.250538287524,523.443511166798,-10.8070271207263,4.31813496055052,20.4609568722749,26.8609936348651,6.40003676259022,5.50569099830832,52.1000828376304,52.130240801221,0.0301579635906251,5.48746172211177,71.5952723813036,71.8923718002485,0.297099418944867,5.73899956226643,31.6391259653555,25.2692471663559,-6.36987879899959,5.52510617263005,51.1343155090287,45.0313781653834,-6.10293734364535,5.7774275288957,19.4951895436733,19.7621309990275,0.266941455354242,5.53016468005585
escs_h_cc,FRA,36,438.964792947398,436.708563698234,-2.25622924916462,6.01301964128852,470.944490013739,463.013029005453,-7.93146100828574,5.71006114506369,499.055364605304,493.535150746411,-5.52021385889361,6.48559110360947,536.950401859697,522.127204702796,-14.8231971569011,6.28937454499063,31.9796970663401,26.304465307219,-5.67523175912112,6.65563400653903,60.0905716579059,56.8265870481769,-3.26398460972899,7.23698416199042,97.9856089122985,85.418641004562,-12.5669679077365,7.71649729989786,28.1108745915658,30.5221217409579,2.41124714939213,6.76685341758237,66.0059118459584,59.1141756973431,-6.89173614861534,7.14418794517396,37.8950372543926,28.5920539563851,-9.30298329800746,6.1927922065127
escs_h_cc,GBR,36,479.781690748688,480.848239449167,1.06654870047845,5.12517484333103,494.886946893771,501.111343249608,6.22439635583692,5.48718376931887,514.28645194977,523.611623456498,9.32517150672777,5.30989123860513,546.603241796528,545.22307281498,-1.38016898154797,6.72005326991495,15.1052561450826,20.2631038004411,5.15784765535847,6.7148758476052,34.504761201082,42.7633840073313,8.25862280624932,6.8215249081781,66.8215510478394,64.374833365813,-2.44671768202642,7.82566653961127,19.3995050559993,22.5002802068902,3.10077515089085,6.65566667580311,51.7162949027567,44.1117295653718,-7.60456533738488,7.82845755624323,32.3167898467574,21.6114493584817,-10.7053404882757,6.78259654528455
escs_h_cc,GRC,36,410.698406810595,397.744503249894,-12.9539035607004,5.96462360402017,430.875478231938,423.502289696788,-7.37318853514978,5.30930171468735,454.46519914038,452.297837789694,-2.16736135068663,5.48454117237528,485.51339869283,472.202787506108,-13.3106111867222,6.12360498596077,20.1770714213432,25.7577864468938,5.5807150255506,6.1050913855413,43.7667923297854,54.5533345397992,10.7865422100138,6.37346469625745,74.8149918822352,74.4582842562134,-0.35670762602183,7.92721636199354,23.5897209084422,28.7955480929054,5.20582718446315,5.87339729427772,54.6379204608921,48.7004978093196,-5.93742265157243,6.2396842033763,31.0481995524498,19.9049497164143,-11.1432498360356,6.565291711319
escs_h_cc,HUN,36,422.625878249527,419.05981168835,-3.56606656117754,5.82360674666707,456.847024783545,450.532848821087,-6.31417596245831,5.54087409381157,498.58730012465,476.184011406987,-22.4032887176635,6.14236591295868,536.854083729676,506.278558511533,-30.5755252181432,5.99547429484809,34.2211465340177,31.4730371327369,-2.74810940128077,6.78454545986393,75.9614218751227,57.1241997186367,-18.837222156486,7.93656942334149,114.228205480148,87.2187468231828,-27.0094586569657,8.16254773219504,41.740275341105,25.6511625858998,-16.0891127552052,6.49467119244087,80.0070589461308,55.7457096904459,-24.2613492556849,7.76946698826045,38.2667836050258,30.0945471045461,-8.17223650047964,6.86403247264139
escs_h_cc,IRL,36,483.767240919989,477.718850777852,-6.04839014213718,4.15628283909477,510.076825365209,496.115036661092,-13.9617887041166,4.7005703662588,531.051728206753,522.118930480397,-8.93279772635651,4.83255563446857,550.345007253359,544.982756295181,-5.36225095817827,4.2434347510374,26.3095844452196,18.3961858832402,-7.91339856197942,5.27093226946953,47.2844872867638,44.4000797025444,-2.88440758421933,5.54134878483658,66.5777663333697,67.2639055173286,0.686139183958915,5.11727620115147,20.9749028415441,26.0038938193042,5.02899097776009,5.50357209900414,40.26818188815,48.8677196340884,8.59953774593834,5.36084485682176,19.2932790466059,22.8638258147842,3.57054676817825,5.32585230261231
escs_h_cc,ISL,36,408.058806301226,413.519241663614,5.46043536238722,5.32569375584556,440.534259681007,440.722348330695,0.188088649688439,6.1627763234539,461.246396746092,463.289813223502,2.04341647741006,5.7304319894272,471.685620651782,472.828059524725,1.14243887294322,5.37430729781493,32.4754533797801,27.2031066670813,-5.27234671269878,7.8622114550641,53.1875904448653,49.7705715598881,-3.41701888497715,7.65885913974523,63.6268143505556,59.3088178611116,-4.317996489444,7.63417636884804,20.7121370650852,22.5674648928069,1.85532782772162,7.91152335805642,31.1513609707756,32.1057111940303,0.954350223254778,7.87053760077813,10.4392239056903,9.53824630122347,-0.900977604466846,7.87595677239447
escs_h_cc,ISR,36,422.432654343736,420.473740805953,-1.95891353778268,6.85623694686484,474.085583640673,465.80900902105,-8.27657461962326,7.35516862626558,517.078789088477,486.074881580335,-31.0039075081411,7.63986265578471,528.359135939591,505.370973589786,-22.9881623498053,6.54566638194875,51.6529292969376,45.335268215097,-6.31766108184058,8.51811641589391,94.6461347447407,65.6011407743823,-29.0449939703584,8.53791515089212,105.926481595855,84.8972327838325,-21.0292488120226,8.53346142651777,42.9932054478031,20.2658725592853,-22.7273328885178,8.27657832608731,54.2735522989176,39.5619645687356,-14.711587730182,8.41760088642267,11.2803468511145,19.2960920094503,8.01574515833579,8.17327787921625
escs_h_cc,ITA,36,449.790156804962,446.763685479158,-3.02647132580375,5.05802201448048,476.537847194145,474.469480537814,-2.06836665633074,4.89533842060627,495.098187508175,495.836829908637,0.738642400462538,5.22814056279353,519.83405033597,522.313488642211,2.47943830624081,5.68510289352568,26.7476903891829,27.7057950586559,0.958104669473016,5.84079780374182,45.3080307032128,49.0731444294791,3.76511372626629,6.40288016192304,70.0438935310085,75.5498031630531,5.50590963204456,6.97141292694463,18.5603403140299,21.3673493708232,2.80700905679328,5.71207761457902,43.2962031418256,47.8440081043972,4.54780496257155,6.4910831341437,24.7358628277957,26.476658733574,1.74079590577827,5.09166585556877
escs_h_cc,JPN,36,487.736872251867,475.364594607072,-12.3722776447952,7.05134434870009,513.361492429408,502.863475178198,-10.4980172512101,6.15846253944606,533.010696948028,522.723919934393,-10.2867770136349,6.42068375730432,548.368657031865,545.592742741684,-2.7759142901815,6.64859890712661,25.6246201775414,27.4988805711265,1.87426039358508,6.86018720771244,45.273824696161,47.3593253273212,2.08550063116024,8.07255749292419,60.6317847799983,70.228148134612,9.59636335461369,8.96252567527888,19.6492045186196,19.8604447561948,0.211240237575169,6.75213143234577,35.0071646024569,42.7292675634855,7.72210296102861,7.56952290365779,15.3579600838373,22.8688228072907,7.51086272345344,6.33432200251527
escs_h_cc,KOR,36,484.242851236099,472.656991643992,-11.5858595921073,7.07942510874706,507.012217039291,512.108589315515,5.09637227622415,7.2881440559433,532.026085884353,528.101881476654,-3.92420440769911,6.19779565524319,555.367112697652,539.038913995872,-16.3281987017795,6.36238879702501,22.7693658031922,39.4515976715236,16.6822318683314,8.093408103494,47.7832346482538,55.444889832662,7.66165518440818,8.59209018400397,71.1242614615529,66.3819223518807,-4.74233910967217,8.19038282618086,25.0138688450616,15.9932921611384,-9.02057668392325,7.62883889341626,48.3548956583607,26.9303246803571,-21.4245709780036,7.69973123153903,23.3410268132991,10.9370325192187,-12.4039942940804,7.74739671890933
escs_h_cc,LTU,36,441.105035409721,449.012154333534,7.9071189238129,5.48236027883537,470.635683881935,475.830435125796,5.1947512438615,5.49604432736666,497.800210316335,505.672901533804,7.8726912174688,5.42734354504607,517.381907908796,513.027351915326,-4.35455599347017,6.35958925017979,29.5306484722138,26.8182807922624,-2.7123676799514,6.84290074360385,56.6951749066145,56.6607472002704,-0.0344277063441041,7.4843588176678,76.276872499075,64.0151975817919,-12.2616749172831,8.03447695595905,27.1645264344006,29.8424664080079,2.67793997360729,6.52040230527835,46.7462240268611,37.1969167895294,-9.54930723733167,6.95149512030619,19.5816975924605,7.35445038152153,-12.227247210939,7.1726540458636
escs_h_cc,LVA,36,446.431949752457,422.053783499025,-24.3781662534324,5.08716018962211,469.150209608613,444.442092387892,-24.7081172207211,5.66368118539078,496.616930383798,468.497370531255,-28.1195598525425,5.03542776271794,513.886843511986,477.770267929663,-36.1165755823231,5.04809181609681,22.7182598561557,22.388308888867,-0.32995096728871,6.30047723102767,50.1849806313406,46.4435870322305,-3.74139359911015,6.24980585608562,67.4548937595285,55.7164844306378,-11.7384093288907,6.49705448881547,27.466720775185,24.0552781433635,-3.41144263182144,6.2724017393514,44.7366339033728,33.3281755417708,-11.408458361602,7.1607291121158,17.2699131281879,9.27289739840728,-7.99701572978057,6.58403349806206
escs_h_cc,MEX,36,383.875599391143,382.951374578958,-0.924224812184946,4.49005169825061,403.654232505654,405.398915911221,1.74468340556746,4.59926210285899,425.62347314121,422.192396301291,-3.43107683991883,5.49105007403052,460.964029449983,452.74569376735,-8.21833568263293,6.90985925434793,19.7786331145112,22.4475413322636,2.6689082177524,4.92872697176817,41.7478737500674,39.2410217223335,-2.50685202773389,6.11446317423662,77.0884300588402,69.7943191883922,-7.29411087044798,7.91514649487613,21.9692406355562,16.7934803900699,-5.17576024548629,5.38345281511157,57.309796944329,47.3467778561286,-9.96301908820038,7.30229325528558,35.3405563087728,30.5532974660587,-4.7872588427141,6.43852640761882
escs_h_cc,NLD,36,430.077707574504,423.822667941321,-6.25503963318226,7.02592732633121,450.915753849667,442.896311915002,-8.01944193466539,7.18376122216091,499.057247936625,483.610246790346,-15.4470011462797,6.76712126281597,513.52810578214,501.63251121591,-11.89559456623,6.51706500698472,20.8380462751634,19.0736439736803,-1.76440230148313,7.68466525201056,68.9795403621216,59.7875788490242,-9.19196151309745,9.04174460930786,83.4503982076365,77.8098432745887,-5.64055493304778,9.02828798484676,48.1414940869582,40.7139348753439,-7.42755921161432,7.33248101935908,62.6123519324731,58.7361993009084,-3.87615263156465,8.21655788581508,14.4708578455149,18.0222644255646,3.55140658004967,7.28711796709361
escs_h_cc,NOR,36,448.185906381784,430.543612829631,-17.6422935521527,5.12483808196707,479.277844962436,463.240879050414,-16.0369659120217,5.55333897933015,501.436487951545,489.431692467179,-12.004795484366,5.64218451565623,519.062256674054,503.285773477071,-15.7764831969827,5.49398760069118,31.0919385806517,32.6972662207827,1.60532764013101,6.65931625958702,53.2505815697608,58.8880796375475,5.63749806778674,7.22637978760767,70.8763502922703,72.7421606474403,1.86581035516997,7.27708381114255,22.1586429891091,26.1908134167648,4.03217042765573,6.66570322342199,39.7844117116187,40.0448944266576,0.260482715038961,6.65049084393288,17.6257687225096,13.8540810098928,-3.77168771261677,6.48095989577878
escs_h_cc,NZL,36,474.678310717758,481.252925276644,6.57461455888614,5.38535180206563,505.13291042113,504.725935935126,-0.406974486003605,6.51028570472628,531.847253815372,539.289567774337,7.44231395896463,5.90515664117537,550.381504011583,562.074637945066,11.6931339334832,5.47368337720376,30.4545997033717,23.473010658482,-6.98158904488975,7.59026255843159,57.168943097614,58.0366424976925,0.867699400078493,7.2623862735139,75.7031932938251,80.8217126684221,5.11851937459704,7.93971716437228,26.7143433942423,34.5636318392105,7.84928844496824,7.97193317093837,45.2485935904533,57.3487020099401,12.1001084194868,8.2630299822329,18.534250196211,22.7850701707296,4.25081997451855,7.71067616333913
escs_h_cc,POL,36,456.320236188725,458.049840671596,1.72960448287097,5.40799141505283,480.693962895648,482.241819569604,1.54785667395583,5.42738889804653,509.825081489009,517.564355532228,7.73927404321898,6.14397426562671,541.804593430633,536.198850799034,-5.60574263159924,6.38601825850995,24.3737267069238,24.1919788980086,-0.181747808915134,6.14088308764123,53.5048453002846,59.5145148606326,6.00966956034802,7.09985558942322,85.4843572419083,78.1490101274381,-7.33534711447021,8.26274946697564,29.1311185933608,35.3225359626239,6.19141736926315,6.96786830399148,61.1106305349845,53.9570312294295,-7.15359930555508,7.9498297253884,31.9795119416237,18.6344952668055,-13.3450166748182,7.2162533078081
escs_h_cc,PRT,36,442.605041990998,434.066457851415,-8.53858413958284,5.42029989014889,467.207634536387,462.568168766897,-4.63946576949019,6.11078171215934,494.60802111257,489.461246807578,-5.14677430499199,5.20970165353859,523.566968306691,515.829626566016,-7.73734174067499,5.37547082648962,24.6025925453891,28.5017109154817,3.89911837009265,5.75519809222145,52.0029791215718,55.3947889561626,3.39180983459084,5.52505089670273,80.9619263156927,81.7631687146005,0.801242398907846,6.56172671112681,27.4003865761827,26.8930780406809,-0.507308535501807,5.91838181312272,56.3593337703036,53.2614577991188,-3.09787597118481,6.72543342045247,28.9589471941209,26.3683797584379,-2.590567435683,5.89160301885511
escs_h_cc,SVK,36,404.876487814606,412.931759961577,8.05527214697122,6.44414921600935,446.299815630457,449.242603374518,2.94278774406075,5.7376771795714,468.493349944328,474.646322988322,6.15297304399445,6.12609739408412,506.727698537853,510.995919602992,4.26822106513959,5.68462227111211,41.4233278158513,36.3108434129408,-5.11248440291047,6.8101867852906,63.6168621297216,61.7145630267448,-1.90229910297677,8.02235444953533,101.851210723247,98.064159641415,-3.78705108183163,8.41743111020672,22.1935343138703,25.403719613804,3.2101852999337,7.25773452387304,60.4278829073954,61.7533162284742,1.32543332107883,7.52241884981887,38.2343485935251,36.3495966146702,-1.88475197885487,6.41051860442422
escs_h_cc,SVN,36,433.480900398384,425.767113961683,-7.71378643670033,4.8995900792511,463.42546160914,447.960562832871,-15.4648987762689,4.7531531437988,492.767288578396,478.425475036388,-14.3418135420087,4.99288462175325,501.75212899202,496.819644445359,-4.93248454666059,4.74910559401273,29.9445612107566,22.193448871188,-7.75111233956858,6.86550964302136,59.2863881800125,52.6583610747042,-6.62802710530838,6.7318374034486,68.2712285936361,71.0525304836758,2.78130189003974,6.94359982232941,29.341826969256,30.4649122035162,1.1230852342602,6.81748912380231,38.3266673828795,48.8590816124879,10.5324142296083,6.52996834737173,8.98484041362354,18.3941694089717,9.40932899534812,6.48860563461831
escs_h_cc,SWE,36,448.405887766213,433.031902125271,-15.3739856409417,5.24581678671587,482.524346904416,471.387406134824,-11.136940769592,5.16708898131253,517.748468124213,515.507952729651,-2.24051539456252,6.1686615750667,542.75395912854,526.050018244781,-16.7039408837584,6.12440467329747,34.1184591382028,38.3555040095525,4.23704487134972,6.17680189224773,69.3425803580003,82.4760506043795,13.1334702463792,7.01583910858954,94.3480713623268,93.0181161195102,-1.32995524281665,7.47337002804666,35.2241212197974,44.1205465948269,8.89642537502948,6.76817893409901,60.229612224124,54.6626121099577,-5.56700011416638,7.05694182328719,25.0054910043266,10.5420655151307,-14.4634254891959,6.78487249360424
escs_h_cc,TUR,36,431.521117524796,446.580245388278,15.0591278634814,4.30290820565048,446.016458358443,466.93940156652,20.9229432080769,4.14344484309006,455.739315496356,482.78122456591,27.0419090695545,4.94867694544957,496.853196181181,524.471949250181,27.6187530689999,4.90177878340606,14.4953408336465,20.359156178242,5.86381534459548,4.81385384912804,24.2181979715596,36.2009791776326,11.9827812060731,5.70889627065625,65.3320786563845,77.891703861903,12.5596252055184,6.45137933504951,9.72285713791302,15.8418229993906,6.11896586147759,4.99315416706257,50.836737822738,57.5325476836609,6.69580986092296,5.84869640333232,41.113880684825,41.6907246842703,0.576843999445373,6.11648980794649
escs_h_cc,USA,36,469.509802473468,461.145877340317,-8.36392513315082,7.92343822855809,492.255127938468,491.412127863697,-0.843000074771169,8.83724157386272,522.26513699671,512.859236331685,-9.40590066502489,13.8734962748533,559.496677678942,566.67336376556,7.17668608661768,16.9166485540991,22.7453254649994,30.2662505233791,7.52092505837965,9.22011032533003,52.7553345232422,51.7133589913681,-1.04197553187407,13.6274456991619,89.9868752054737,105.527486425242,15.5406112197685,17.0221634347216,30.0100090582427,21.447108467989,-8.56290059025372,13.4296565988907,67.2415497404742,75.2612359018631,8.01968616138885,17.1581329940653,37.2315406822315,53.8141274338741,16.5825867516426,14.1543906840493
escs_h_cc,OECD,36,444.438893768033,439.848436922606,-4.59045684542792,1.41674207278094,472.33875101818,467.759820854531,-4.57893016364818,1.4350662773273,499.50911037334,493.541154951246,-5.96795542209418,1.47474387469074,525.257657395858,516.893565893545,-8.36409150231305,1.51306172892874,27.8998572501462,27.911383931926,0.0115266817797419,1.09054066461224,55.0702166053066,53.6927180286403,-1.37749857666626,1.1892909857097,80.8187636278244,77.0451289709393,-3.77363465688512,1.31391647888342,27.1703593551604,25.7813340967144,-1.389025258446,1.11518505402526,52.9189063776782,49.1337450390133,-3.78516133866486,1.2380123520411,25.7485470225178,23.3524109422989,-2.39613608021887,1.14932727411891
escs_h_cc,OECD35,35,444.380727862177,440.184942078755,-4.19578578342185,1.42942801699926,472.453265502742,468.230191716166,-4.22307378657695,1.44874209097343,499.681247315805,494.052563568993,-5.62868374681182,1.49096119624178,525.530080901318,517.567278803408,-7.96280209791019,1.53073750886011,28.0725376405651,28.0452496374101,-0.0272880031550926,1.11559588582826,55.3005194536276,53.8676214902376,-1.43289796338996,1.21697437451704,81.1493530391408,77.3823367246525,-3.76701631448833,1.344480714919,27.2279818130624,25.8223718528275,-1.40560996023487,1.14189857833194,53.0768153985757,49.3370870872424,-3.73972831133324,1.26732386373259,25.8488335855133,23.5147152344149,-2.33411835109837,1.17664745617538
escs_h_min3,AUS,36,454.429192629695,451.139602357115,-3.28959027257991,4.11704100246416,484.688902837091,483.57554189851,-1.11336093858114,3.98014528454611,521.457593375357,513.323235721758,-8.13435765359873,4.38448924016734,540.197864301035,534.344343313262,-5.8535209877731,4.16464732491407,30.2597102073963,32.4359395413951,2.17622933399878,4.80074743847996,67.0284007456618,62.183633364643,-4.84476738101881,5.12135954991629,85.7686716713396,83.2047409561465,-2.56393071519318,5.00651596534363,36.7686905382655,29.7476938232479,-7.02099671501759,4.8592352813152,55.5089614639433,50.7688014147514,-4.74016004919196,4.5435338938033,18.7402709256778,21.0211075915034,2.28083666582563,4.68787127732426
escs_h_min3,AUT,36,431.408052118927,427.255101338283,-4.15295078064418,5.61906026469155,466.712966885125,463.039077484485,-3.67388940064012,5.66847570995837,502.22282244474,483.492405851266,-18.730416593474,4.53740021622422,533.040053661568,515.870047609656,-17.1700060519116,4.79890918585195,35.3049147661984,35.7839761462025,0.479061380004055,6.58460912747213,70.8147703258133,56.2373045129834,-14.5774658128299,5.70802237511385,101.632001542641,88.6149462713733,-13.0170552712675,6.61848932353841,35.5098555596148,20.4533283667809,-15.0565271928339,5.85768867472897,66.3270867764424,52.8309701251708,-13.4961166512715,5.77775317870178,30.8172312168275,32.3776417583899,1.56041054156242,4.81790000201127
escs_h_min3,BEL,36,427.710043243522,432.117704106963,4.40766086344092,5.82661546727637,462.52171152478,458.811926144702,-3.70978538007768,5.73055855439355,503.252445701648,498.96631219028,-4.28613351136795,5.62773034680743,531.995570552303,518.959834413518,-13.0357361387843,5.00137596604832,34.8116682812575,26.6942220377389,-8.1174462435186,6.44498769439473,75.5424024581259,66.8486080833171,-8.69379437480887,7.04822766595359,104.285527308781,86.8421303065554,-17.4433970022252,7.24619191306903,40.7307341768685,40.1543860455782,-0.576348131290274,6.02276670479821,69.4738590275231,60.1479082688165,-9.3259507587066,6.65922691030397,28.7431248506546,19.9935222232383,-8.74960262741632,6.12028243984502
escs_h_min3,CAN,36,472.635944518167,459.254562678542,-13.3813818396251,4.02967862892658,499.099548812111,489.544536399113,-9.55501241299828,3.84967880795107,524.693749631835,515.478669021822,-9.21508061001305,3.87746924598811,542.870426269819,526.904744910784,-15.9656813590345,4.59838307118724,26.4636042939436,30.2899737205704,3.8263694266268,4.41042304286117,52.0578051136673,56.2241063432794,4.16630122961203,5.07843428034779,70.2344817516516,67.6501822322422,-2.58429951940946,5.41643379866135,25.5942008197237,25.9341326227089,0.339931802985234,4.15522597581523,43.770877457708,37.3602085116718,-6.41066894603625,5.32668631540136,18.1766766379843,11.4260758889628,-6.75060074902149,4.67749360556303
escs_h_min3,CHE,36,428.929799941669,432.093561865447,3.16376192377851,5.39196090643551,466.458184191606,460.427621164149,-6.0305630274579,5.84636114634631,506.554278541404,493.661749063404,-12.8925294780003,5.36559123766716,541.91658285206,523.983652055101,-17.9329307969595,5.35719213560862,37.5283842499375,28.3340592987011,-9.19432495123641,6.45934654626366,77.624478599735,61.5681871979562,-16.0562914017788,6.08990353728642,112.986782910391,91.8900901896532,-21.096692720738,7.11787432104527,40.0960943497975,33.2341278992551,-6.86196645054241,5.84955233456947,75.4583986604537,63.5560308909521,-11.9023677695016,6.71670577757325,35.3623043106562,30.321902991697,-5.04040131895914,6.1418937453438
escs_h_min3,CHL,36,417.552555096543,408.982067262796,-8.57048783374745,6.50785568912664,439.14087623045,427.662718546866,-11.4781576835836,5.54115093872616,457.748302534599,440.512762937345,-17.2355395972543,5.96549105670122,486.45464533388,486.528181580167,0.0735362462870057,5.64845924014555,21.5883211339064,18.6806512840703,-2.90766984983617,7.83839508784393,40.1957474380561,31.5306956745492,-8.66505176350688,7.25812890360986,68.9020902373372,77.5461143173716,8.64402408003446,8.35805337114889,18.6074263041497,12.850044390479,-5.75738191367071,6.97546705176544,47.3137691034307,58.8654630333014,11.5516939298706,6.42379008781393,28.7063427992811,46.0154186428224,17.3090758435413,6.52267336558999
escs_h_min3,COL,36,369.140001198854,362.838118827461,-6.30188237139242,4.73543266760145,392.236793929255,393.011406869784,0.77461294052921,6.02462848258745,414.732892138926,410.547775958789,-4.18511618013724,6.93044953437764,465.648440145344,454.369196305544,-11.2792438397994,10.1348797938609,23.096792730401,30.1732880423226,7.07649531192163,6.42960315708756,45.5928909400723,47.7096571313275,2.11676619125518,7.04862571845368,96.5084389464902,91.5310774780832,-4.97736146840697,10.9539839723036,22.4960982096713,17.5363690890049,-4.95972912066645,5.49348033095792,73.4116462160892,61.3577894357606,-12.0538567803286,9.92175366489408,50.9155480064179,43.8214203467557,-7.09412765966215,9.45203828548457
escs_h_min3,CZE,36,440.783653263989,430.75181771421,-10.0318355497797,5.30089761355168,477.352205612305,461.617532167809,-15.7346734444957,4.80358553281341,499.379402757761,479.525140176836,-19.854262580925,5.20922672110667,539.932406660782,517.056881928951,-22.875524731831,5.45239393273281,36.5685523483156,30.8657144535995,-5.70283789471608,5.70077788960691,58.5957494937712,48.7733224626259,-9.82242703114531,5.81528026342471,99.148753396793,86.3050642147417,-12.8436891820513,7.40370189286409,22.0271971454556,17.9076080090264,-4.11958913642923,5.40049388668499,62.5802010484774,55.4393497611422,-7.14085128733524,6.35612460941012,40.5530039030218,37.5317417521158,-3.02126215090601,6.20339910902686
escs_h_min3,DEU,36,438.16745359717,420.865744958573,-17.3017086385971,6.07605289430486,471.053183118403,464.340582712237,-6.71260040616687,7.07522269180275,497.600552083478,494.628218017701,-2.97233406577709,7.07478743868914,539.095747315245,537.60770328213,-1.4880440331151,6.6789001785921,32.8857295212336,43.4748377536639,10.5891082324302,7.15752693640643,59.4330984863078,73.7624730591278,14.32937457282,7.24202634332123,100.928293718075,116.741958323557,15.813664605482,8.19027676844946,26.5473689650742,30.287635305464,3.74026634038978,7.04399542245674,68.0425641968414,73.2671205698932,5.22455637305177,7.35605113854381,41.4951952317672,42.9794852644292,1.48429003266199,7.67878340468241
escs_h_min3,DNK,36,452.34661115933,429.863072670697,-22.4835384886336,4.96030512323582,485.646443867885,458.907821777392,-26.7386220904929,5.44388868775372,511.305678194551,484.488225607635,-26.8174525869166,5.55468122684392,513.699886078466,492.819035113123,-20.880850965343,5.78997541092013,33.2998327085548,29.0447491066956,-4.25508360185927,6.04725618131596,58.9590670352208,54.6251529369378,-4.333914098283,5.95857494739199,61.353274919136,62.9559624424266,1.60268752329057,7.05509691538036,25.659234326666,25.5804038302422,-0.0788304964237341,6.46801395461078,28.0534422105812,33.911213335731,5.85777112514984,6.70446911340538,2.39420788391521,8.33080950548879,5.93660162157357,6.83201967403984
escs_h_min3,ESP,36,439.58865468163,420.497324798276,-19.0913298833546,4.09220162080362,463.709162247953,443.440209448527,-20.2689527994262,3.69133219302767,488.920847348276,469.382725142449,-19.5381222058267,3.42395497359276,512.795856119913,489.358289813177,-23.4375663067363,3.63769593293624,24.1205075663231,22.9428846502514,-1.17762291607164,3.89860653414341,49.3321926666457,48.8854003441736,-0.446792322472106,4.2120340697228,73.2072014382828,68.8609650149011,-4.3462364233817,4.76179876620566,25.2116851003227,25.9425156939222,0.730830593599535,3.70552816565273,49.0866938719597,45.9180803646497,-3.16861350731006,4.33491835843282,23.8750087716371,19.9755646707275,-3.89944410090959,3.91154158445788
escs_h_min3,EST,36,480.930712789259,461.421512677226,-19.5092001120327,4.85392412602789,497.401654364788,488.729424859838,-8.67222950494971,5.27428988175902,523.143738266484,518.37131959103,-4.77241867545342,5.23706121371469,546.63339132255,535.556945946933,-11.076445375617,5.21239722488161,16.470941575529,27.3079121826119,10.8369706070829,5.97151511113802,42.213025477225,56.9498069138043,14.7367814365792,5.96494176038181,65.7026785332914,74.135433269707,8.43275473641563,6.24185377884438,25.7420839016961,29.6418947311923,3.89981082949629,6.16622875641667,49.2317369577624,46.8275210870951,-2.40421587066732,5.69557229817562,23.4896530560663,17.1856263559027,-6.3040267001636,5.75047076854095
escs_h_min3,FIN,36,455.498929551118,441.708947085225,-13.7899824658937,4.25902467775456,477.854000747591,467.543829491783,-10.3101712558077,4.98859859428664,510.217674416912,498.021273380555,-12.1964010363567,4.55652611349448,529.071205352843,517.754496421271,-11.3167089315721,4.57777218235395,22.355071196473,25.8348824065589,3.47981121008593,5.5612063587753,54.7187448657933,56.3123262953303,1.59358142953693,5.28104621491947,73.5722758017248,76.0455493360464,2.47327353432161,5.40755041146309,32.3636736693204,30.4774438887713,-1.886229780549,5.38505121044805,51.2172046052518,50.2106669294875,-1.00653767576432,5.77193037410213,18.8535309359315,19.7332230407162,0.879692104784681,5.40293522793161
escs_h_min3,FRA,36,425.761831409596,419.725167926304,-6.0366634832921,5.59976962655838,459.836278865532,447.388207498608,-12.4480713669237,5.71071849497486,488.732654665809,479.318227125336,-9.41442754047262,6.83961867760618,530.428628591579,514.493012768692,-15.9356158228876,6.36658720005586,34.0744474559357,27.6630395723041,-6.41140788363163,6.39755668814432,62.9708232562126,59.5930591990321,-3.37776405718051,7.18034366879437,104.666797181983,94.767844842388,-9.8989523395955,7.69004656044813,28.8963758002768,31.9300196267279,3.03364382645111,6.7250903348259,70.5923497260477,67.1048052700838,-3.48754445596387,6.8723746926654,41.6959739257709,35.1747856433559,-6.52118828241498,6.74992971216582
escs_h_min3,GBR,36,469.936798380573,469.517209643077,-0.419588737495644,5.00580970742613,486.922518051894,489.834330202163,2.91181215026865,4.88318694902103,507.124454945202,510.861273291618,3.73681834641582,5.30924292973092,540.252239387035,535.868426336558,-4.38381305047767,6.69139150569329,16.9857196713214,20.3171205590857,3.33140088776429,6.50599803104684,37.1876565646297,41.3440636485411,4.15640708391146,6.42590715212196,70.3154410064626,66.3512166934805,-3.96422431298203,7.95065974146172,20.2019368933082,21.0269430894554,0.825006196147172,6.42415531382155,53.3297213351411,46.0340961343948,-7.29562520074632,7.57920512844405,33.1277844418329,25.0071530449394,-8.12063139689349,6.94648668020336
escs_h_min3,GRC,36,406.537658982675,389.678369035295,-16.8592899473802,5.84603960695413,426.540750884939,413.177774652421,-13.3629762325173,5.26540661151255,446.32450489791,444.320046567964,-2.00445832994569,5.84921497640947,478.402056905591,463.489575699931,-14.9124812056596,6.0002292384611,20.0030919022635,23.4994056171263,3.49631371486288,5.69563907980558,39.7868459152349,54.6416775326694,14.8548316174345,6.45472083788617,71.8643979229155,73.8112066646361,1.94680874172064,7.72099367781574,19.7837540129714,31.1422719155431,11.3585179025716,5.48961618081012,51.861306020652,50.3118010475098,-1.54950497314223,6.02585574918384,32.0775520076806,19.1695291319667,-12.9080228757139,6.24481805170794
escs_h_min3,HUN,36,417.829314031286,409.34385044979,-8.48546358149571,6.28766547172282,452.01228361465,441.688921516917,-10.3233620977336,5.15965211616745,490.888061019757,470.30865297813,-20.5794080416262,6.47684218656464,533.275052248371,500.774833284305,-32.500218964066,6.1766692419671,34.1829695833643,32.3450710671264,-1.83789851623789,6.80988545708074,73.0587469884707,60.9648025283402,-12.0939444601305,8.21288651897766,115.445738217085,91.4309828345152,-24.0147553825703,8.62108192404866,38.8757774051064,28.6197314612138,-10.2560459438926,6.8080022305651,81.2627686337212,59.0859117673888,-22.1768568663324,7.63421623032911,42.3869912286148,30.466180306175,-11.9208109224398,7.18649565432363
escs_h_min3,IRL,36,481.950464443214,467.063919566892,-14.8865448763219,4.23362820441516,506.799984330168,487.840975283908,-18.9590090462597,4.97127109322423,529.903806925556,518.282841789216,-11.6209651363398,4.87663677719603,549.333097841868,540.608907965556,-8.72418987631181,4.16532306692321,24.8495198869537,20.7770557170159,-4.0724641699378,5.21306379295258,47.9533424823416,51.2189222223236,3.26557973998206,5.58420104152897,67.3826333986541,73.5449883986642,6.16235500001005,5.17066126517805,23.1038225953879,30.4418665053078,7.33804390991986,5.33260578270021,42.5331135117004,52.7679326816483,10.2348191699479,5.4538487709536,19.4292909163125,22.3260661763405,2.89677526002799,5.13932511864199
escs_h_min3,ISL,36,397.755349229656,395.591260808203,-2.16408842145364,5.28855579307468,430.458396513505,426.542824271723,-3.91557224178155,5.35293538371595,457.135648520629,450.74925621521,-6.38639230541918,5.58952620866047,465.140579379749,465.129590591042,-0.0109887887074365,5.14061477437092,32.7030472838487,30.9515634635208,-1.75148382032791,7.45895113117185,59.3802992909725,55.1579954070069,-4.22230388396554,7.8557730904953,67.3852301500929,69.5383297828391,2.1530996327462,7.33062448173551,26.6772520071238,24.2064319434862,-2.47082006363763,7.27579058281078,34.6821828662443,38.5867663193184,3.90458345307411,7.08881328303987,8.00493085912046,14.3803343758322,6.37540351671174,7.28798008110618
escs_h_min3,ISR,36,412.118295983664,413.631563552605,1.51326756894167,6.5947852214369,465.676700784573,443.143549597658,-22.5331511869151,6.73661386573418,507.845202112897,471.961664344665,-35.8835377682316,6.75429484550503,523.687162574005,489.403400204455,-34.2837623695498,7.36064508176526,53.5584048009097,29.5119860450529,-24.0464187558568,7.81991543891343,95.7269061292334,58.3301007920601,-37.3968053371733,7.91159729119405,111.568866590341,75.7718366518498,-35.7970299384915,8.83213240138235,42.1685013283237,28.8181147470072,-13.3503865813165,7.36682057085882,58.0104617894316,46.2598506067969,-11.7506111826347,8.01592263304128,15.8419604611079,17.4417358597897,1.5997753986818,7.70611464627602
escs_h_min3,ITA,36,447.618048061836,436.821972245535,-10.7960758163003,5.13989824425117,473.270737991012,466.183605838516,-7.08713215249679,4.88029095072685,492.574843642595,487.841365720785,-4.73347792181056,5.56779416854705,517.137687134252,517.650190846758,0.512503712505918,5.73608791205012,25.6526899291767,29.3616335929802,3.7089436638035,5.50844596429196,44.9567955807598,51.0193934752495,6.06259789448973,6.56052742033957,69.5196390724166,80.8282186012228,11.3085795288062,7.0541027448018,19.3041056515831,21.6577598822693,2.35365423068623,5.99709930526091,43.8669491432399,51.4665850082426,7.59963586500271,6.60756720220932,24.5628434916568,29.8088251259733,5.24598163431648,5.34613807461276
escs_h_min3,JPN,36,483.644095654355,467.966310186873,-15.6777854674816,7.49546013680789,510.162789556174,499.054947757635,-11.1078417985395,5.82192028965659,528.81626680736,518.639258387249,-10.1770084201116,6.36903302850387,543.558044256531,540.0111525637,-3.54689169283063,6.76655627833641,26.5186939018193,31.0886375707613,4.56994366894202,6.79562640242207,45.1721711530054,50.6729482003754,5.50077704736992,7.9707570000891,59.9139486021761,72.044842376827,12.1308937746509,8.91283349119378,18.6534772511861,19.584310629614,0.930833378427906,6.26001936334237,33.3952547003568,40.9562048060657,7.56095010570891,7.45438057881252,14.7417774491706,21.3718941764516,6.63011672728101,6.15729295778548
escs_h_min3,KOR,36,477.633017018222,462.371034687367,-15.2619823308555,7.25415957645501,502.184009763309,500.48388444072,-1.7001253225888,7.23975178587649,528.900927533108,520.848196233083,-8.0527313000249,6.94091057800374,554.399097096858,532.144858216742,-22.2542388801158,6.27732663505292,24.5509927450872,38.1128497533538,13.5618570082667,8.21768768875454,51.2679105148861,58.4771615457167,7.20925103083056,8.58997963499787,76.7660800786357,69.7738235293753,-6.99225654926039,8.18860010544751,26.716917769799,20.3643117923629,-6.3526059774361,6.70601039754591,52.2150873335485,31.6609737760215,-20.554113557527,7.81424444161432,25.4981695637496,11.2966619836586,-14.2015075800909,7.63406785591085
escs_h_min3,LTU,36,435.461228016816,434.691833003178,-0.769395013638359,4.80330951427922,458.412097573026,460.760528585121,2.34843101209486,4.65823743583484,489.80703673502,489.62958724342,-0.177449491599873,4.76627608905552,510.342614140644,498.786870881333,-11.5557432593112,5.41033462891198,22.95086955621,26.0686955819432,3.11782602573322,6.01864098707057,54.3458087182042,54.9377542402427,0.591945522038486,6.03807996844178,74.881386123828,64.0950378781552,-10.7863482456728,6.93357287180139,31.3949391619942,28.8690586582994,-2.52588050369474,6.21902098515993,51.9305165676179,38.0263422962119,-13.904174271406,6.44994872978709,20.5355774056238,9.15728363791249,-11.3782937677113,6.12494396008707
escs_h_min3,LVA,36,440.870299254958,410.781950096338,-30.0883491586203,4.81028793205189,464.296054269236,433.119905367582,-31.1761489016544,4.97912163899103,488.316446243529,457.139802793116,-31.1766434504128,4.90425172604545,509.933846037409,466.522022140179,-43.4118238972304,4.80208465941394,23.4257550142784,22.3379552712443,-1.08779974303411,5.7511029090092,47.4461469885711,46.3578526967786,-1.08829429179252,5.85659700538525,69.0635467824511,55.740072043841,-13.3234747386101,6.12564218687444,24.0203919742928,24.0198974255343,-0.000494548758410929,5.62633074013608,45.6377917681727,33.4021167725967,-12.235674995576,5.96203445225367,21.6173997938799,9.3822193470624,-12.2351804468175,6.05395712465666
escs_h_min3,MEX,36,381.134632046197,376.42234062382,-4.71229142237746,4.47898134370533,401.071419350706,399.451869973155,-1.61954937755121,4.32756514874813,422.435763138298,415.295712149281,-7.14005098901686,5.85036406261786,457.680928634775,447.868400636356,-9.81252799841974,6.86006532490224,19.9367873045084,23.0295293493346,3.09274204482625,4.65235821761835,41.3011310921002,38.8733715254608,-2.4277595666394,6.41779438541004,76.5462965885778,71.4460600125355,-5.10023657604228,7.68783726069995,21.3643437875918,15.8438421761262,-5.52050161146565,5.54453832217885,56.6095092840694,48.4165306632009,-8.19297862086853,7.33394807690397,35.2451654964776,32.5726884870747,-2.67247700940288,6.48129363751884
escs_h_min3,NLD,36,418.032947171921,400.756979023147,-17.2759681487736,7.37521535143395,439.981935478169,430.717239719708,-9.26469575846102,7.5599558724537,486.792009124383,466.8015410553,-19.9904680690831,8.04544536693152,508.727469197565,494.653492169415,-14.07397702815,6.12393326374607,21.9489883062482,29.9602606965608,8.01127239031263,7.67977215138568,68.7590619524626,66.0445620321531,-2.71449992030944,9.40647884513541,90.6945220256441,93.8965131462677,3.20199112062363,9.01984075321791,46.8100736462144,36.0843013355923,-10.7257723106221,8.69611940358667,68.7455337193959,63.9362524497069,-4.809281269689,8.60828193484408,21.9354600731815,27.8519511141146,5.91649104093307,8.82405657505383
escs_h_min3,NOR,36,438.067653201932,416.164724217621,-21.9029289843117,5.11990134334473,469.173524795593,450.797992040306,-18.3755327552866,5.27224197392843,498.121286396349,481.20170437015,-16.9195820261987,5.31251400979473,513.835560867179,495.75464241372,-18.0809184534585,5.38452347401818,31.1058715936607,34.6332678226858,3.5273962290251,6.0948271146662,60.0536331944168,65.0369801525297,4.98334695811298,6.6173766715335,75.7679076652463,79.5899181960995,3.82201053085322,6.88198024558597,28.9477616007561,30.4037123298439,1.45595072908787,6.0127764088675,44.6620360715856,44.9566503734137,0.294614301828119,6.76846434148783,15.7142744708295,14.5529380435698,-1.16133642725976,6.12081668400508
escs_h_min3,NZL,36,459.110639089056,466.792520178678,7.6818810896221,4.96926360259785,497.115508091537,486.468413812006,-10.6470942795304,5.73685287555123,523.101884188072,527.107218319593,4.00533413152073,5.79461224198308,545.479512516085,552.345804916827,6.8662924007416,5.19170226983543,38.0048690024807,19.6758936333281,-18.3289753691525,6.72470689164485,63.9912450990161,60.3146981409148,-3.67654695810137,7.0520615304407,86.368873427029,85.5532847381485,-0.815588688880496,6.91900728410141,25.9863760965354,40.6388045075866,14.6524284110512,7.28986829470907,48.3640044245483,65.8773911048203,17.5133866802721,7.27051591248076,22.3776283280129,25.2385865972337,2.86095826922087,7.27670626295722
escs_h_min3,POL,36,450.100420726538,446.372991231376,-3.72742949516231,5.33861772661091,475.00980917745,470.710336901454,-4.29947227599621,5.40348832683869,503.234179694673,506.462627709946,3.22844801527231,5.60628266752893,535.734931824928,526.197852654748,-9.53707917017971,6.12932118057362,24.9093884509119,24.337345670078,-0.572042780833897,5.79306523315913,53.1337589681349,60.0896364785696,6.95587751043462,6.53893628010401,85.6345110983894,79.824861423372,-5.8096496750174,8.01925851385431,28.2243705172231,35.7522908084916,7.52792029126852,5.94618416356922,60.7251226474775,55.487515753294,-5.2376068941835,7.20181930318553,32.5007521302545,19.7352249448024,-12.765527185452,6.63574067430952
escs_h_min3,PRT,36,437.719573351375,427.032655797682,-10.6869175536932,5.35075247303003,462.667598566731,452.403257055434,-10.2643415112968,6.23134285610231,489.807857443095,477.210009759455,-12.5978476836399,5.16117180390672,521.265219366335,508.509686872221,-12.7555324941139,5.68835434522906,24.9480252153553,25.3706012577517,0.422576042396372,5.53164738509477,52.0882840917194,50.1773539617726,-1.91093012994673,5.47400590244783,83.5456460149594,81.4770310745387,-2.06861494042073,6.77229553302571,27.140258876364,24.8067527040209,-2.33350617234311,5.55122636891921,58.5976207996041,56.106429816787,-2.4911909828171,6.90185936759512,31.4573619232401,31.2996771127661,-0.157684810473995,5.81414376598827
escs_h_min3,SVK,36,393.863630233713,397.420623065953,3.55699283224061,6.51387702102489,439.308298258724,442.329513617496,3.02121535877205,6.09974860019872,456.749984292154,465.446136733858,8.69615244170404,6.0005213516546,500.067401662713,504.196330048709,4.12892838599521,5.85238475021485,45.444668025011,44.9088905515425,-0.535777473468556,6.91707274629583,62.8863540584414,68.0255136679048,5.13915960946343,7.74364840711031,106.203771429001,106.775706982755,0.571935553754599,8.55182889633308,17.4416860334304,23.1166231163623,5.67493708293199,6.9428938957351,60.7591034039896,61.8668164312127,1.10771302722316,7.52631752189757,43.3174173705592,38.7501933148504,-4.56722405570883,6.40851846331448
escs_h_min3,SVN,36,431.543470487582,416.181526722578,-15.3619437650038,4.45855056253067,458.343391996496,439.538404714739,-18.804987281757,4.84925203312441,488.5945778281,469.832405673671,-18.7621721544293,4.3311398847999,500.043376067301,485.910166563064,-14.133209504237,4.36515247426574,26.799921508914,23.3568779921609,-3.44304351675311,6.30020888822907,57.0511073405182,53.6508789510928,-3.40022838942542,5.71929847041991,68.4999055797193,69.7286398404862,1.22873426076688,6.3632376152272,30.2511858316042,30.2940009589319,0.0428151273276853,6.19751234874782,41.6999840708053,46.3717618483253,4.67177777751999,6.68736511128327,11.448798239201,16.0777608893933,4.62896265019231,5.84930612511639
escs_h_min3,SWE,36,439.218853401556,418.629944447395,-20.5889089541614,5.13938843608624,474.308998693434,461.48182878699,-12.8271699064441,5.40357716865885,510.840230389922,503.381869128439,-7.45836126148225,6.13642138072142,536.326182593902,515.321549364664,-21.0046332292385,6.29754925525113,35.0901452918782,42.8518843395955,7.7617390477173,5.87019971587439,71.6213769883657,84.7519246810449,13.1305476926792,6.64234918157517,97.1073291923464,96.6916049172693,-0.415724275077082,7.60040794895497,36.5312316964876,41.9000403414494,5.36880864496186,6.33263444672198,62.0171839004683,53.8397205776739,-8.17746332279438,6.72741830242021,25.4859522039807,11.9396802362244,-13.5462719677562,6.95670755766782
escs_h_min3,TUR,36,430.593248755435,441.046487150455,10.4532383950196,4.35749016200827,444.671578354703,464.009309398837,19.337731044134,3.987899531309,454.343884813426,476.255436383438,21.911551570012,4.74889651844135,495.265943126595,518.93198066134,23.666037534745,5.03430816486177,14.0783295992682,22.9628222483826,8.88449264911446,4.93079418278795,23.7506360579906,35.208949232983,11.4583131749924,5.44562181316208,64.6726943711595,77.885493510885,13.2127991397254,6.31967565043213,9.6723064587224,12.2461269846003,2.57382052587792,4.64021449916197,50.5943647718914,54.9226712625023,4.32830649061094,5.89161460176738,40.922058313169,42.676544277902,1.75448596473302,5.80958341326061
escs_h_min3,USA,36,462.418653807936,445.709720476567,-16.7089333313694,8.13671719107481,488.185011106864,481.00193856692,-7.18307253994362,9.83165031108701,513.605232335196,499.527950943158,-14.0772813920386,12.1570710868954,555.518494322677,559.492370523529,3.97387620085146,17.4662330446889,25.7663572989276,35.2922180903533,9.52586079142577,10.1481008286396,51.18657852726,53.8182304665908,2.63165193933082,12.0127880555457,93.0998405147411,113.782650046962,20.6828095322209,18.2281972229224,25.4202212283324,18.5260123762375,-6.89420885209495,11.7776007003472,67.3334832158135,78.4904319566086,11.1569487407951,16.341355310081,41.9132619874811,59.9644195803711,18.05115759289,14.5018655708596
escs_h_min3,OECD,36,437.445603514721,428.014002568821,-9.43160094590075,1.41802678771529,465.841258623271,456.910605237923,-8.93065338534871,1.42919226832694,493.478520031361,483.578405488249,-9.90011454311269,1.46322505652304,520.810755603882,509.03273530604,-11.7780202978416,1.51859365103995,28.3956551085499,28.896602669102,0.500947560552049,1.06494861344137,56.0329165166399,55.564402919428,-0.468513597211938,1.14259326424258,83.3651520891607,81.0187327372199,-2.34641935194088,1.31464124318155,27.63726140809,26.667800250326,-0.969461157763988,1.06275329823395,54.9694969806108,52.1221300681179,-2.84736691249293,1.20792369689991,27.3322355725208,25.4543298177919,-1.87790575472894,1.13650915005775
escs_h_min3,OECD35,35,437.384373481381,428.228764790836,-9.15560869054491,1.43013404653966,465.902175662566,457.295473689048,-8.60670197351789,1.44272783365401,493.608739250878,483.983996355271,-9.62474289560674,1.47890465923114,521.039752731995,509.594862320122,-11.4448904118731,1.53642278615729,28.517802181185,29.066708898212,0.548906717027023,1.08969743748559,56.2243657694971,55.7552315644352,-0.469134205061835,1.16906097648822,83.6553792506144,81.3660975292862,-2.28928172132822,1.34534062870465,27.7065635883121,26.6885226662232,-1.01804092208886,1.08797855152224,55.1375770694294,52.2993886310742,-2.83818843835525,1.23624702603391,27.4310134811174,25.610865964851,-1.82014751626639,1.16362634891168
