index,cnt,n_systems,Q1_2022,Q1_2025,Q1_change,Q1_se,Q2_2022,Q2_2025,Q2_change,Q2_se,Q3_2022,Q3_2025,Q3_change,Q3_se,Q4_2022,Q4_2025,Q4_change,Q4_se,Q2-Q1_2022,Q2-Q1_2025,Q2-Q1_change,Q2-Q1_se,Q3-Q1_2022,Q3-Q1_2025,Q3-Q1_change,Q3-Q1_se,Q4-Q1_2022,Q4-Q1_2025,Q4-Q1_change,Q4-Q1_se,Q3-Q2_2022,Q3-Q2_2025,Q3-Q2_change,Q3-Q2_se,Q4-Q2_2022,Q4-Q2_2025,Q4-Q2_change,Q4-Q2_se,Q4-Q3_2022,Q4-Q3_2025,Q4-Q3_change,Q4-Q3_se
escs,AUS,36,438.976612372699,436.562809773943,-2.41380259875558,3.54437408683213,471.217159142238,467.346532603046,-3.87062653919168,3.46089205456526,505.808462849715,502.703668667521,-3.10479418219421,3.65050460486086,539.493377288553,518.655749235949,-20.8376280526044,3.99554173904729,32.2405467695392,30.7837228291031,-1.4568239404361,4.2346315220942,66.831850477016,66.1408588935774,-0.690991583438631,4.44837731567208,100.516764915854,82.0929394620055,-18.4238254538488,4.87426554685169,34.5913037074769,35.3571360644743,0.765832356997464,3.73713514384276,68.2762181463151,51.3092166329024,-16.9670015134127,4.27476046304315,33.6849144388382,15.9520805684281,-17.7328338704102,3.89772128116786
escs,AUT,36,435.128614791359,437.731575019701,2.60296022834166,4.66564731288525,472.958265480527,470.552609575541,-2.40565590498539,4.61004351018284,509.695670298972,497.535057003639,-12.1606132953334,4.29054602875465,541.618543519039,519.17081179386,-22.4477317251785,4.17730880329871,37.8296506891673,32.8210345558402,-5.00861613332705,5.29929547234191,74.5670555076129,59.8034819839379,-14.763573523675,4.90090246497627,106.48992872768,81.4392367741596,-25.0506919535202,5.22311118846867,36.7374048184456,26.9824474280977,-9.75495739034795,5.10927948269044,68.6602780385125,48.6182022183193,-20.0420758201931,5.30378497426625,31.9228732200668,21.6357547902217,-10.2871184298452,4.5307602616242
escs,BEL,36,434.451315424372,439.185439552048,4.7341241276759,4.78430462521219,470.324265914211,470.877205129854,0.552939215642766,4.03696855963764,509.355781111281,510.67257183265,1.31679072136819,3.91475840605144,551.360301896889,536.368466285101,-14.9918356117882,4.62355335913058,35.8729504898388,31.6917655778057,-4.18118491203313,4.95778905852676,74.9044656869094,71.4871322806017,-3.41733340630771,5.25192343509577,116.908986472517,97.1830267330533,-19.7259597394641,6.39235550399831,39.0315151970706,39.795366702796,0.763851505725427,4.20303639830446,81.0360359826787,65.4912611552476,-15.544774827431,5.48277730620857,42.0045207856081,25.6958944524516,-16.3086263331564,4.84018478903679
escs,CAN,36,459.587142515729,453.292246009296,-6.2948965064333,3.40677771892001,487.362280656072,485.735559691389,-1.62672096468333,3.16449078577605,512.475794634371,513.760271244871,1.28447661049927,3.21787305579617,536.072375582518,516.1231545611,-19.9492210214185,4.00967736436146,27.7751381403429,32.4433136820928,4.66817554174997,3.87253959041268,52.8886521186424,60.468025235575,7.57937311693257,4.0246734755231,76.4852330667894,62.8309085518043,-13.6543245149851,4.39286242905769,25.1135139782996,28.0247115534822,2.9111975751826,3.70487184651886,48.7100949264466,30.3875948697115,-18.3225000567351,4.24941326349125,23.596580948147,2.36288331622927,-21.2336976319177,3.69681781200811
escs,CHE,36,453.606255034992,455.838053575515,2.23179854052262,4.61370636682015,493.209840065748,487.567704391091,-5.64213567465725,4.49955759371624,523.482472282731,524.952446186527,1.46997390379534,4.75888381238263,570.645355020851,553.629285183441,-17.0160698374104,4.74656805535839,39.6035850307561,31.7296508155762,-7.87393421517987,4.87799793668537,69.876217247739,69.1143926110117,-0.761824636727283,5.54526979752294,117.039099985859,97.7912316079259,-19.2478683779331,6.14234705853244,30.272632216983,37.3847417954356,7.11210957845259,5.42280293343631,77.4355149551029,66.0615807923497,-11.3739341627532,5.31795821998979,47.16288273812,28.6768389969142,-18.4860437412058,5.39151226320821
escs,CHL,36,383.742300802873,377.592047156329,-6.15025364654377,4.22791006437491,403.432029575666,392.045304648025,-11.3867249276416,4.16783781933581,415.176438395493,408.344723730897,-6.83171466459658,4.24823108776069,452.852210062609,447.288670924513,-5.5635391380967,4.18267733242813,19.6897287727932,14.4532574916954,-5.23647128109786,4.65790291533793,31.43413759262,30.7526765745672,-0.681461018052801,4.98432977066134,69.1099092597362,69.6966237681833,0.586714508447074,5.81502332309147,11.7444088198268,16.2994190828719,4.55501026304506,4.82649535260646,49.420180486943,55.2433662764879,5.82318578954494,5.05777449449145,37.6757716671162,38.9439471936161,1.26817552649987,5.14419650832722
escs,COL,36,351.657763356477,350.46889055622,-1.18887280025706,4.08267738831725,369.669186442303,373.168536360185,3.49934991788246,4.02459703102103,384.204434567305,388.057455677169,3.85302110986419,4.87018816642429,430.212977693458,428.555627570042,-1.65735012341662,7.40983149763187,18.0114230858259,22.6996458039654,4.68822271813951,4.60764408564813,32.5466712108275,37.5885651209488,5.04189391012125,4.94942113963168,78.5552143369812,78.0867370138216,-0.468477323159561,8.29644660501917,14.5352481250017,14.8889193169834,0.353671191981732,4.29657203683514,60.5437912511553,55.3870912098562,-5.15670004129908,7.8223276118637,46.0085431261537,40.4981718928728,-5.51037123328081,7.30003248748722
escs,CZE,36,428.901439133805,431.563112944335,2.66167381053015,4.4511092769657,476.422423409673,466.153479835933,-10.2689435737406,4.33179831152554,499.902978948014,493.66387900348,-6.23909994453391,4.44454196970342,544.508084461973,530.990099328314,-13.5179851336599,5.06911981280518,47.5209842758679,34.5903668915971,-12.9306173842708,4.82755780178957,71.0015398142087,62.1007660591447,-8.90077375506405,5.28475726483427,115.606645328168,99.4269863839781,-16.17965894419,6.4506968889244,23.4805555383409,27.5103991675476,4.02984362920671,4.8383492666474,68.0856610523003,64.836619492381,-3.24904155991925,5.48511905994877,44.6051055139594,37.3262203248335,-7.27888518912596,5.62161563368331
escs,DEU,36,429.882045264661,418.747597605169,-11.1344476594924,5.13043504920353,464.386827195887,464.070666906202,-0.316160289684944,4.91588564956907,489.775232089599,490.581616036265,0.806383946665278,4.95430657371327,541.377674216763,530.470322970478,-10.9073512462849,5.04246787222835,34.5047819312256,45.3230693010331,10.8182873698074,5.84918726899411,59.8931868249383,71.834018431096,11.9408316061576,5.90922170070723,111.495628952102,111.722725365309,0.227096413207505,6.49471632150264,25.3884048937127,26.5109491300629,1.12254423635022,5.50301756895069,76.9908470208763,66.3996560642764,-10.5911909565999,5.74066872763979,51.6024421271636,39.8887069342135,-11.7137351929501,5.5735090444666
escs,DNK,36,451.314085785951,443.717560051169,-7.59652573478184,3.88524787751038,479.73562175601,467.20727426428,-12.5283474917299,4.27913455224365,507.018983832858,495.65257456875,-11.3664092641077,4.2565251332467,525.287145165056,501.625053994277,-23.662091170779,4.97236521568834,28.4215359700593,23.4897142131113,-4.93182175694807,5.26172860720606,55.7048980469074,51.9350145175815,-3.76988352932591,5.04965470088244,73.9730593791057,57.9074939431085,-16.0655654359972,6.19615188239572,27.2833620768481,28.4453003044702,1.16193822762216,5.16592913866898,45.5515234090464,34.4177797299973,-11.1337436790491,5.54598036563675,18.2681613321984,5.97247942552707,-12.2956819066713,5.99159022163805
escs,ESP,36,433.66101336865,423.169154215102,-10.4918591535478,3.34810282712835,458.508421980905,447.062890499987,-11.4455314809179,2.74156973854836,485.316646111087,477.521869169703,-7.79477694138421,2.7196971380766,519.951784892582,495.784800119282,-24.1669847733004,3.01261628760847,24.8474086122557,23.8937362848856,-0.953672327370043,3.20417611593422,51.6556327424371,54.3527149546007,2.69708221216359,3.53385822726335,86.2907715239323,72.6156459041797,-13.6751256197526,3.90220947088088,26.8082241301814,30.4589786697151,3.65075453953364,2.57536693211336,61.4433629116766,48.721909619294,-12.7214532923826,3.12168415820032,34.6351387814952,18.262930949579,-16.3722078319162,2.91482423732915
escs,EST,36,472.356700350319,468.355411252521,-4.00128909779846,4.11148652455665,495.822118389882,495.332449243616,-0.489669146266067,4.26787791762276,520.464899704072,528.948809563102,8.48390985903018,4.21132873535828,553.435402850025,544.112905015224,-9.32249783480074,4.69203867948123,23.4654180395625,26.9770379910949,3.5116199515324,4.80283126367289,48.1081993537529,60.5933983105815,12.4851989568286,4.9574713737851,81.0787024997057,75.7574937627035,-5.32120873700228,5.94972124793091,24.6427813141904,33.6163603194866,8.97357900529624,4.9130098792441,57.6132844601432,48.7804557716086,-8.83282868853468,5.58055722518062,32.9705031459529,15.164095452122,-17.8064076938309,4.93347277727902
escs,FIN,36,446.154096366847,437.751142359286,-8.40295400756105,3.65795892997925,469.892438570017,459.570019491577,-10.3224190784403,3.62233137790808,498.512509655661,491.306399461457,-7.20611019420409,3.78627312213016,529.307438880163,508.613963397969,-20.6934754821934,4.19817189924513,23.7383422031699,21.8188771322907,-1.91946507087926,4.09430104089718,52.3584132888135,53.5552571021705,1.19684381335696,4.12169723812286,83.1533425133152,70.8628210386829,-12.2905214746324,4.65647630068779,28.6200710856436,31.7363799698798,3.11630888423622,4.14698667952305,59.4150003101453,49.0439439063922,-10.3710564037531,4.62217064929446,30.7949292245017,17.3075639365124,-13.4873652879893,4.59928751661854
escs,FRA,36,421.982847727633,419.698975409817,-2.2838723178163,4.87700155463931,456.799313070915,449.468893341753,-7.33041972916215,4.34074909716874,489.094342401568,478.82795432762,-10.266388073948,4.43173706731046,534.554718959801,514.166415245331,-20.3883037144701,4.85934851402495,34.8164653432816,29.7699179319358,-5.04654741134584,5.22906041191878,67.1114946739349,59.1289789178032,-7.98251575613165,5.50682878551982,112.571871232168,94.4674398355139,-18.1044313966538,6.19121054112814,32.2950293306533,29.3590609858675,-2.93596834478581,4.65931792945085,77.7554058888861,64.6975219035782,-13.057883985308,5.58020557788396,45.4603765582328,35.3384609177107,-10.1219156405222,4.6215606692482
escs,GBR,36,458.028302973783,451.99869494267,-6.02960803111284,4.4959024581707,479.225603562267,480.400205401463,1.17460183919644,4.43895664207776,495.885968089978,506.829116575401,10.9431484854229,4.24730208175686,544.321983894113,538.536548219667,-5.78543567444535,6.42089929750622,21.1973005884843,28.4015104587936,7.20420987030929,5.54866668470842,37.8576651161949,54.8304216327306,16.9727565165357,5.70155220904215,86.29368092033,86.5378532769975,0.244172356667491,7.78239985966764,16.6603645277107,26.4289111739371,9.76854664622641,5.23887980308215,65.0963803318458,58.136342818204,-6.96003751364179,7.54321726239889,48.4360158041351,31.7074316442669,-16.7285841598682,6.77618344438431
escs,GRC,36,397.941799133966,388.671512205936,-9.27028692803037,4.52556233734336,415.474194315456,411.865276978145,-3.60891733731114,4.1012232128907,436.054875949653,442.2601106879,6.20523473824693,4.56450417965427,473.513990631543,465.294996246308,-8.21899438523519,5.57382179873039,17.5323951814901,23.1937647722093,5.66136959071923,4.88622538116344,38.1130768156872,53.5885984819645,15.4755216662773,5.2983431551549,75.5721914975773,76.6234840403724,1.05129254279518,6.47760383233206,20.5806816341971,30.3948337097552,9.81415207555807,4.14558812008593,58.0397963160872,53.4297192681631,-4.61007704792405,5.51041678833755,37.4591146818901,23.034885558408,-14.4242291234821,5.65296408143464
escs,HUN,36,413.859737724975,409.816076928912,-4.04366079606331,5.10577913614348,455.352826256312,448.25668516033,-7.09614109598169,4.3057984544646,490.070086599625,478.624935108616,-11.4451514910086,4.7438373130514,534.932242892626,513.661720623489,-21.2705222691369,5.93596138939288,41.4930885313366,38.4406082314183,-3.05248029991839,5.72282802675061,76.2103488746499,68.8088581797046,-7.40149069494527,6.36000844402023,121.072505167651,103.845643694577,-17.2268614730736,7.84399858124621,34.7172603433132,30.3682499482864,-4.34901039502688,5.00995160317869,79.5794166363143,65.405035463159,-14.1743811731552,6.74801292711241,44.862156293001,35.0367855148727,-9.82537077812833,6.0695419542946
escs,IRL,36,456.84433186887,446.315047349569,-10.5292845193008,3.69474849694304,478.198757306291,467.476099302651,-10.7226580036395,3.55224696316812,504.534922624349,495.964724501803,-8.57019812254549,3.71112026904037,530.481865574967,518.786913758744,-11.6949518162227,4.07804852306163,21.3544254374208,21.1610519530822,-0.193373484338679,4.33800219621838,47.6905907554789,49.6496771522342,1.95908639675531,4.75550245783882,73.6375337060966,72.4718664091747,-1.16566729692187,4.94746451930861,26.336165318058,28.488625199152,2.15245988109399,4.32591627478291,52.2831082686757,51.3108144560925,-0.972293812583189,4.86259288255749,25.9469429506177,22.8221892569405,-3.12475369367718,4.52008090222443
escs,ISL,36,422.282838826838,428.08928054709,5.8064417202516,4.36554431941706,454.692169074462,451.48332094825,-3.20884812621193,4.84988442814108,469.34196737966,471.809681990924,2.46771461126406,4.28424547451827,494.554244838372,486.401656369215,-8.15258846915674,4.75626797297225,32.4093302476233,23.3940404011598,-9.01528984646353,6.56628602369763,47.0591285528213,43.7204014438337,-3.33872710898754,5.87138273243974,72.2714060115337,58.3123758221254,-13.9590301894083,6.44607495956093,14.649798305198,20.326361042674,5.67656273747599,6.16793254325683,39.8620757639104,34.9183354209656,-4.94374034294481,6.62874300291563,25.2122774587124,14.5919743782916,-10.6203030804208,5.81328467988927
escs,ISR,36,397.94268556239,400.932620559727,2.989934997337,5.21211952023418,439.206044205016,439.870780061789,0.664735856773007,5.25732124354708,483.249637944731,469.922568775676,-13.3270691690547,5.88461616597088,522.286469140109,483.760875245185,-38.5255938949239,6.61825520803861,41.2633586426256,38.9381595020616,-2.325199140564,6.28509524729981,85.3069523823404,68.9899482159487,-16.3170041663917,6.86604830122207,124.343783577719,82.8282546854581,-41.5155288922609,7.24270261285877,44.0435937397148,30.0517887138871,-13.9918050258277,5.76900320824005,83.0804249350935,43.8900951833965,-39.1903297516969,6.75587999101054,39.0368311953786,13.8383064695094,-25.1985247258692,6.27893826489971
escs,ITA,36,429.915897000096,430.84899900454,0.933102004444265,4.6083589435581,462.741522707993,458.480683278124,-4.26083942986946,4.85286618619238,480.268413666829,480.347412181968,0.0789985151386645,4.89208095685194,515.095402294469,509.940415741874,-5.15498655259506,6.34558443220639,32.8256257078967,27.631684273583,-5.19394143431373,4.96695027324687,50.3525166667332,49.4984131774276,-0.854103489305601,5.3592209922439,85.1795052943731,79.0914167373338,-6.08808855703933,7.22750263511592,17.5268909588364,21.8667289038445,4.33983794500813,4.89936377539854,52.3538795864764,51.4597324637508,-0.894147122725599,6.46866453131434,34.8269886276399,29.5930035599062,-5.23398506773373,5.67154118639081
escs,JPN,36,494.451779637174,486.370375565025,-8.0814040721491,6.82110446744818,525.584827212479,519.156592604347,-6.42823460813236,5.64812167257827,549.178404628296,542.138365803048,-7.04003882524808,5.88734454839446,575.32524054064,565.219655776735,-10.1055847639049,7.24822535820114,31.1330475753052,32.786217039322,1.65316946401674,5.85774665895946,54.7266249911214,55.7679902380224,1.04136524690102,6.93571889580325,80.8734609034656,78.8492802117098,-2.02418069175576,9.38003114149368,23.5935774158162,22.9817731987005,-0.611804217115719,5.57646671539983,49.7404133281604,46.0630631723879,-3.6773501557725,7.55315850296764,26.1468359123442,23.0812899736874,-3.06554593865678,6.52668429931964
escs,KOR,36,479.440971278973,474.122091278718,-5.31888000025504,6.89975317619105,515.671123459,518.590796483989,2.91967302498961,5.74659756108534,539.845799061705,546.276530795319,6.43073173361347,6.27207656246608,576.874854610765,564.478245839529,-12.3966087712356,7.3151406967609,36.2301521800271,44.4687052052717,8.23855302524464,6.18405399510252,60.4048277827325,72.154439516601,11.7496117338685,7.26476260840218,97.4338833317918,90.3561545608112,-7.07772877098057,9.18441288502962,24.1746756027054,27.6857343113293,3.51105870862386,6.09633110777909,61.2037311517647,45.8874493555395,-15.3162817962252,7.64655349538114,37.0290555490593,18.2017150442102,-18.8273405048491,7.54274584494377
escs,LTU,36,432.448250370909,440.734289940965,8.28603957005521,3.98357205185861,458.648893908945,464.676475834518,6.02758192557252,3.65637641222795,489.331899686806,493.157267099649,3.82536741284207,4.15693606048703,524.590271913061,506.901419769854,-17.6888521432074,4.63534465074256,26.2006435380355,23.9421858935528,-2.25845764448269,4.59326960218913,56.883649315897,52.4229771586838,-4.46067215721314,5.24305466572678,92.1420215421516,66.167129828889,-25.9748917132626,6.01235698059209,30.6830057778615,28.480791265131,-2.20221451273045,5.09827161154921,65.9413780041161,42.2249439353362,-23.7164340687799,5.51224490308829,35.2583722262547,13.7441526702052,-21.5142195560495,4.84872725686143
escs,LVA,36,447.551499030265,438.692981004956,-8.85851802530891,3.87635845462495,470.897773191689,462.193199497851,-8.70457369383809,4.46016572108533,494.219450609327,480.831650762041,-13.3877998472861,4.07701248603073,522.261363907453,496.99003417089,-25.2713297365631,4.02136377994279,23.3462741614233,23.5002184928941,0.153944331470825,4.90016952757575,46.6679515790618,42.1386697570846,-4.52928182197718,4.54070663953763,74.7098648771874,58.2970531659333,-16.4128117112542,5.05796976750197,23.3216774176385,18.6384512641905,-4.683226153448,5.51265132397095,51.3635907157642,34.7968346730392,-16.566756042725,5.30343151173684,28.0419132981257,16.1583834088487,-11.883529889277,5.30435705449122
escs,MEX,36,369.175222773638,362.659242644425,-6.51598012921295,3.47582403056736,385.859783430841,381.731702539055,-4.12808089178594,3.43208057547339,397.741731545139,392.301792834188,-5.43993871095177,4.34201120516916,427.647240480606,419.826815786573,-7.82042469403291,5.07888042520314,16.6845606572038,19.0724598946308,2.38789923742701,3.75214023382701,28.5665087715017,29.6425501897629,1.07604141826118,4.65982360952232,58.472017706968,57.1675731421481,-1.30444456481996,5.57538069313249,11.8819481142979,10.570090295132,-1.31185781916582,4.23305216862628,41.7874570497642,38.0951132475172,-3.69234380224697,5.2816835698379,29.9055089354663,27.5250229523852,-2.38048598308114,5.52730169382097
escs,NLD,36,446.321414325178,439.035430323901,-7.28598400127675,6.65787174118726,470.017336039814,471.345093964985,1.32775792517145,6.40479307832303,515.145888816626,509.047597970234,-6.09829084639205,5.40147916493338,552.32064292127,540.779148188612,-11.5414947326582,5.12189764479441,23.6959217146353,32.3096636410835,8.6137419264482,6.24316139448588,68.8244744914478,70.0121676463325,1.1876931548847,7.4043900105694,105.999228596092,101.743717864711,-4.25551073138143,8.35960723910823,45.1285527768125,37.702504005249,-7.4260487715635,6.49627922662513,82.3033068814568,69.4340542236272,-12.8692526578296,7.48412823060963,37.1747541046443,31.7315502183782,-5.44320388626613,6.04174983498394
escs,NOR,36,431.39320741837,412.942244602332,-18.4509628160386,3.72897807486277,459.682019160403,447.814551844283,-11.8674673161202,4.11792693513982,481.584576894843,475.90185702094,-5.68271987390341,4.17866601057926,512.12652268259,491.221283853622,-20.9052388289678,4.6642054836484,28.288811742033,34.8723072419514,6.5834954999184,4.77275045535329,50.1913694764732,62.9596124186083,12.7682429421351,5.16506210525107,80.7333152642195,78.2790392512902,-2.45427601292926,5.57362124360978,21.9025577344401,28.0873051766569,6.18474744221675,5.02579659592368,52.4445035221864,43.4067320093388,-9.03777151284766,5.37408155573481,30.5419457877463,15.3194268326819,-15.2225189550644,5.14020150666042
escs,NZL,36,430.48683437226,446.121592106371,15.6347577341109,4.21634894903364,471.738395687908,470.175772728529,-1.56262295937881,4.45024069376853,500.655496314026,503.896991407378,3.24149509335274,4.50849627044706,532.235433033195,531.855157213954,-0.380275819241092,5.16713052530055,41.2515613156475,24.0541806221577,-17.1973806934897,5.0023715677635,70.1686619417652,57.775399301007,-12.3932626407582,5.51547020763575,101.748598660935,85.7335651075828,-16.015033553352,6.57837542130276,28.9171006261177,33.7212186788493,4.80411805273155,5.62735781157121,60.4970373452874,61.6793844854251,1.18234714013772,6.66844881510414,31.5799367191697,27.9581658065758,-3.62177091259383,6.27716899936741
escs,POL,36,444.095029831785,447.789080088576,3.69405025679043,4.24723855696406,476.200933597189,472.586428808767,-3.61450478842198,4.36017797517801,501.717338080683,505.406322184392,3.68898410370912,4.81721532789225,540.520618006309,529.261679431903,-11.258938574406,5.23882612566135,32.1059037654038,24.7973487201913,-7.30855504521242,4.68260499033198,57.6223082488974,57.6172420958161,-0.00506615308131586,5.3919566036118,96.4255881745239,81.4725993433275,-14.9529888311964,6.50231726162237,25.5164044834936,32.8198933756247,7.3034888921311,5.01881262200695,64.3196844091202,56.6752506231362,-7.64443378598401,6.06941598924219,38.8032799256266,23.8553572475115,-14.9479226781151,5.72876594656888
escs,PRT,36,428.796850804403,417.688021813411,-11.1088289909918,4.93585231662445,453.040287251428,444.263544258867,-8.77674299256017,4.50095576287995,480.440975113949,473.877336106189,-6.56363900776,4.79372587455902,529.305762195468,517.045018225083,-12.260743970385,5.0604754902524,24.2434364470245,26.5755224454562,2.33208599843164,4.5078939312568,51.6441243095458,56.1893142927776,4.54518998323181,5.43562104271919,100.508911391065,99.356996411672,-1.15191497939315,6.58588912681024,27.4006878625213,29.6137918473215,2.21310398480017,5.10432032430188,76.2654749440407,72.7814739662159,-3.48400097782479,6.05891735178157,48.8647870815194,43.1676821188944,-5.69710496262496,5.66694243451732
escs,SVK,36,394.419137925997,413.811652985696,19.3925150596999,5.65291954029965,455.467908250637,462.052833620618,6.58492536998108,5.15985084949795,480.823958096824,488.416245404823,7.59228730799941,4.79555137089851,527.704265567445,530.145793174995,2.44152760755014,5.46436051574921,61.0487703246403,48.2411806349214,-12.8075896897188,6.37317415050343,86.4048201708275,74.604592419127,-11.8002277517005,7.25124199897968,133.285127641448,116.334140189298,-16.9509874521498,8.36432599259693,25.3560498461872,26.3634117842055,1.00736193801833,5.71124806511656,72.2363573168077,68.0929595543768,-4.14339776243094,6.91545425822347,46.8803074706205,41.7295477701712,-5.15075970044927,5.83787166883687
escs,SVN,36,440.459180312349,428.857030492471,-11.6021498198778,4.15936915384645,467.913739862763,451.895814724891,-16.0179251378723,3.82972886620177,500.261370825255,484.252937851708,-16.0084329735463,4.10868417115101,531.936435535,495.571331750663,-36.365103784337,3.83071037082091,27.454559550414,23.0387842324195,-4.41577531799453,5.50688846979401,59.8021905129056,55.395907359237,-4.40628315366854,5.51365372430522,91.4772552226509,66.7143012581917,-24.7629539644593,5.74875742039981,32.3476309624916,32.3571231268176,0.00949216432599087,5.38310640076388,64.0226956722369,43.6755170257722,-20.3471786464647,5.5988830076981,31.6750647097454,11.3183938989546,-20.3566708107907,5.59822336014545
escs,SWE,36,435.604343071964,425.121038748261,-10.4833043237023,3.96715145221385,466.682709702896,458.303924864254,-8.37878483864171,4.16254301459546,499.993182592652,495.097609371741,-4.89557322091105,4.43972776598921,535.151867252451,505.505873336403,-29.6459939160481,5.01300922097495,31.078366630932,33.1828861159926,2.10451948506056,4.70237778827069,64.3888395206878,69.9765706234791,5.58773110279122,5.32843595418133,99.5475241804873,80.3848345881415,-19.1626895923458,5.99269825990764,33.3104728897558,36.7936845074865,3.48321161773066,5.15646893499757,68.4691575495553,47.2019484721489,-21.2672090774064,5.64886272269025,35.1586846597995,10.4082639646624,-24.7504206951371,5.27033613647822
escs,TUR,36,420.10099072329,424.414840998544,4.31385027525408,4.22240140895372,437.932205481919,447.353309532513,9.42110405059384,4.07975323386881,453.014565030801,463.907411039339,10.8928460085375,4.56508030509555,501.722547245354,519.994408569124,18.2718613237698,5.20634220410029,17.8312147586296,22.9384685339694,5.10725377533976,4.81997134857855,32.9135743075113,39.4925700407948,6.57899573328342,5.50296816672743,81.6215565220643,95.57956757058,13.9580110485157,6.61894948742866,15.0823595488817,16.5541015068254,1.47174195794366,4.93622229139388,63.7903417634346,72.6410990366106,8.85075727317599,5.9437767597229,48.707982214553,56.0869975297853,7.37901531523232,6.00782047747378
escs,USA,36,420.719991897164,424.545254743508,3.82526284634361,6.82855834480064,444.734845257851,449.47082958385,4.73598432599931,6.98353657915024,472.765934820261,469.968788690801,-2.79714612945986,8.84576227237168,522.730160520419,517.540432652024,-5.18972786839458,16.9904004795438,24.0148533606865,24.9255748403422,0.910721479655706,7.92516848673581,52.0459429230968,45.4235339472933,-6.62240897580347,9.5241855838974,102.010168623255,92.9951779085164,-9.01499071473819,17.8637721286747,28.0310895624103,20.4979591069512,-7.53313045545917,10.0164627279873,77.9953152625682,68.0696030681743,-9.9257121943939,16.6602466515847,49.9642257001579,47.5716439612231,-2.39258173893472,13.3716008983092
escs,OECD,36,431.491181365584,428.701428176557,-2.7897531890265,1.43248120844497,461.519558071489,457.655640222349,-3.86391784914076,1.41669847704826,487.955863645965,485.354626406603,-2.60123723936169,1.43516841952183,524.95324489357,510.952076376926,-14.0011685166437,1.54732275758218,30.0283767059056,28.9542120457913,-1.07416466011426,0.864395828249657,56.4646822803814,56.6531982300462,0.188515949664804,0.941168863147672,93.4620635279859,82.2506482003687,-11.2114153276172,1.18375514281867,26.4363055744758,27.6989861842549,1.26268060977907,0.870587986340934,63.4336868220803,53.2964361545774,-10.1372506675029,1.08063905909152,36.9973812476045,25.5974499703225,-11.399931277282,0.983316432996738
escs,OECD35,35,431.429186165496,428.859493146884,-2.56969301861164,1.44108732260398,461.60559053122,457.958290214416,-3.64730031680421,1.42554330286151,488.031269861247,485.578419470515,-2.45285039073252,1.44499064676733,525.096143750741,511.385427127144,-13.7107166235964,1.56221442295207,30.1764043657242,29.0987970675316,-1.07760729819256,0.884367052382215,56.6020836957513,56.7189263236304,0.116842627879123,0.962779618905405,93.6669575852446,82.5259339802598,-11.1410236049848,1.2124614080582,26.4256793300271,27.6201292560988,1.19444992607168,0.892433621128042,63.4905532195204,53.4271369127282,-10.0634163067922,1.10793021726644,37.0648738894933,25.8070076566294,-11.2578662328639,1.00797664552542
escs_h,AUS,36,440.497338055474,433.602008600204,-6.8953294552702,3.35835579965395,474.771350705288,468.821174326811,-5.95017637847769,3.50964558397115,508.481095211531,500.553273777979,-7.92782143355254,3.79968189971828,532.248051749856,522.344542397157,-9.90350935269817,3.93968583653143,34.2740126498141,35.2191657266066,0.945153076792508,3.98565778549473,67.9837571560571,66.9512651777748,-1.03249197828234,4.35063046434871,91.7507136943814,88.7425337969534,-3.00817989742797,4.5843334716337,33.709744506243,31.7320994511682,-1.97764505507485,4.22026764824445,57.4767010445673,53.5233680703468,-3.95333297422047,4.23424071230727,23.7669565383243,21.7912686191787,-1.97568791914563,3.88042903860909
escs_h,AUT,36,440.444631143989,435.926595930484,-4.51803521350558,4.68719082960291,475.466466721563,471.615804791408,-3.85066193015507,4.87169556692611,508.002012224278,496.153526213699,-11.8484860105785,4.06531015184778,535.995142252938,521.435985113434,-14.5591571395037,4.23232648742361,35.0218355775733,35.6892088609238,0.667373283350514,5.44158159681968,67.5573810802883,60.2269302832154,-7.33045079707296,5.01261723187445,95.5505111089486,85.5093891829505,-10.0411219259981,5.30875013932566,32.535545502715,24.5377214222916,-7.99782408042347,5.06000752546094,60.5286755313753,49.8201803220267,-10.7084952093486,5.31600927557074,27.9931300286602,25.2824588997351,-2.71067112892513,4.50195035806573
escs_h,BEL,36,436.837284151227,437.779717659552,0.942433508324996,4.79761465084379,472.694799266727,470.274639403505,-2.42015986322275,4.05624593845879,511.785704597974,513.090090904603,1.30438630662894,3.98136486740932,544.735813989921,537.681159718634,-7.05465427128672,4.71770271226721,35.8575151155004,32.4949217439526,-3.36259337154775,5.04236028435438,74.9484204467472,75.3103732450512,0.361952798303946,5.54931923704641,107.898529838694,99.9014420590824,-7.99708777961172,6.2864483768824,39.0909053312469,42.8154515010986,3.72454616985169,4.56480823631863,72.0410147231938,67.4065203151298,-4.63449440806397,5.50058511768163,32.9501093919469,24.5910688140313,-8.35904057791566,4.96993912962099
escs_h,CAN,36,460.773293878188,451.214478541778,-9.55881533640928,3.39710425830556,488.095436136786,484.059120932854,-4.03631520393219,3.08974669524526,513.613847286023,511.6793816016,-1.93446568442363,3.29866884374454,533.508452742813,522.526558575515,-10.9818941672986,4.11349747771382,27.3221422585987,32.8446423910758,5.52250013247709,3.81099594903654,52.8405534078356,60.4649030598212,7.62434965198565,4.07176112741708,72.7351588646257,71.3120800337364,-1.42307883088932,4.59244429257454,25.5184111492368,27.6202606687454,2.10184951950856,3.80688126904421,45.413016606027,38.4674376426606,-6.94557896336642,4.19253047067744,19.8946054567901,10.8471769739152,-9.04742848287498,3.96336640064951
escs_h,CHE,36,457.160126676242,454.349079287927,-2.81104738831505,4.79968122090639,494.138506296892,487.055533523735,-7.08297277315671,4.55880806301465,526.711145420015,522.982956898078,-3.72818852193711,4.57213068701172,563.019903041143,557.471947943744,-5.54795509739824,4.66874194113878,36.9783796206504,32.7064542358087,-4.27192538484167,4.87575088369759,69.5510187437735,68.6338776101514,-0.917141133622067,5.68364195462656,105.859776364901,103.122868655818,-2.7369077090832,6.20286222537846,32.5726391231231,35.9274233743427,3.3547842512196,5.20967900531732,68.8813967442505,70.416414420009,1.53501767575847,5.45730584525199,36.3087576211275,34.4889910456664,-1.81976657546113,5.38281205247171
escs_h,CHL,36,386.636324053496,375.166146416228,-11.4701776372673,4.1230606536544,402.216229597107,392.973218422377,-9.24301117473016,4.03914596941675,414.586448787628,408.908797545674,-5.67765124195341,4.24819834136474,452.011670554333,449.447867413845,-2.56380314048704,4.20578486255241,15.5799055436112,17.8070720061483,2.22716646253713,4.52198477288361,27.950124734132,33.7426511294459,5.79252639531387,4.90597230898054,65.3753465008369,74.2817209976171,8.90637449678025,5.7628594387636,12.3702191905209,15.9355791232976,3.56535993277674,4.63810382177028,49.7954409572257,56.4746489914688,6.67920803424312,4.90268670014184,37.4252217667049,40.5390698681712,3.11384810146637,5.03127177439719
escs_h,COL,36,353.184915019098,350.190953564808,-2.99396145429023,4.02947471052983,369.461788556556,371.323866251117,1.86207769456178,4.1637929844916,386.050830859938,389.805073144666,3.75424228472787,4.71776211570659,428.032659654789,430.157517682904,2.12485802811466,7.33938075203123,16.2768735374573,21.1329126863093,4.85603914885201,4.67812961388861,32.8659158408394,39.6141195798575,6.7482037390181,5.06801646070837,74.8477446356911,79.966564118096,5.11881948240489,8.16743298790448,16.5890423033821,18.4812068935482,1.89216459016609,4.05241715015577,58.5708710982338,58.8336514317867,0.262780333552882,7.68923254660753,41.9818287948517,40.3524445382385,-1.62938425661321,7.32328522363782
escs_h,CZE,36,434.497928005235,428.414962872921,-6.08296513231375,4.28868844577992,475.562332939797,468.523291042921,-7.03904189687529,4.36442384244522,499.486288752355,492.20163104632,-7.28465770603475,4.44857547685117,540.74381068605,533.718093488726,-7.02571719732373,4.99992668960444,41.064404934562,40.1083281700005,-0.956076764561544,4.65705471701432,64.9883607471198,63.7866681733988,-1.201692573721,5.05155316162518,106.245882680815,105.303130615805,-0.942752065009984,6.39079900864849,23.9239558125578,23.6783400033983,-0.24561580915946,4.56199631853024,65.1814777462532,65.1948024458048,0.0133246995515606,5.35421777251927,41.2575219336954,41.5164624424065,0.258940508711021,5.60335917034373
escs_h,DEU,36,433.260697421109,419.571286706076,-13.689410715033,5.14365754273557,466.251176235071,463.37517142913,-2.87600480594102,5.00382219996007,492.568303595608,491.547658704322,-1.02064489128549,4.79776391123905,535.089628902358,531.493220105356,-3.59640879700225,5.09557060015965,32.9904788139619,43.803884723054,10.813405909092,5.96693064457636,59.3076061744985,71.9763719982461,12.6687658237476,5.66011305135785,101.828931481249,111.92193339928,10.0930019180308,6.52061997554927,26.3171273605366,28.1724872751921,1.85535991465554,5.70526028328956,68.8384526672868,68.1180486762256,-0.720403991061232,5.88142452981587,42.5213253067502,39.9455614010334,-2.57576390571677,5.40477621065829
escs_h,DNK,36,453.189866544664,443.193845455638,-9.99602108902536,3.79014515970076,484.555820134719,466.659793249572,-17.8960268851472,4.12273264487262,508.431964892419,493.306941212953,-15.1250236794658,4.47341865404114,517.250090398989,505.257599330605,-11.9924910683847,4.69363564945325,31.3659535900553,23.4659477939334,-7.90000579612183,4.86010149366634,55.2420983477554,50.1130957573149,-5.12900259044045,5.15715884321318,64.0602238543258,62.0637538749665,-1.99646997935929,5.86580262465775,23.8761447577001,26.6471479633815,2.77100320568138,4.9955151014496,32.6942702642705,38.5978060810331,5.90353581676254,5.35295477411186,8.81812550657043,11.9506581176516,3.13253261108116,5.60132036891304
escs_h,ESP,36,436.331805480418,421.340976319255,-14.9908291611629,3.21436850102967,459.586257945311,447.02676364095,-12.5594943043608,2.90336480093658,486.83381622348,475.601672965925,-11.2321432575549,2.84790275579688,514.962420215267,500.18227788393,-14.7801423313369,3.02539847629014,23.2544524648934,25.6857873216954,2.43133485680204,3.29866193804648,50.5020107430624,54.2606966466704,3.75868590360801,3.35961920383106,78.6306147348495,78.8413015646754,0.210686829825931,3.85962001945824,27.247558278169,28.574909324975,1.32735104680597,2.92573128676494,55.3761622699561,53.15551424298,-2.22064802697611,3.42017818511883,28.1286039917871,24.580604918005,-3.54799907378208,3.18584106978238
escs_h,EST,36,475.034087406694,466.420054284892,-8.61403312180232,4.11007119759865,494.63292274607,495.330336643952,0.697413897881859,4.20031503512734,522.206830988413,527.591411883112,5.38458089469975,3.98736056784518,550.233368651527,547.446502832888,-2.78686581863963,4.71442584514177,19.5988353393758,28.91028235906,9.31144701968418,4.83150182044366,47.1727435817188,61.1713575982208,13.9986140165021,4.85733055428912,75.1992812448335,81.0264485479962,5.8271673031627,6.02549584245621,27.573908242343,32.2610752391608,4.68716699681789,4.70360127049621,55.6004459054577,52.1161661889362,-3.48427971652148,5.32958120801315,28.0265376631147,19.8550909497753,-8.17144671333938,4.77478582736171
escs_h,FIN,36,450.015897886192,435.713671168148,-14.3022267180444,3.64348615218882,470.632240128883,461.172565415935,-9.45967471294819,3.63240414406891,500.131240973902,488.940794706636,-11.1904462672666,3.90034907475515,523.596265955153,512.307368575729,-11.2888973794232,4.18304122163498,20.6163422426913,25.4588942477876,4.84255200509625,3.88808257651686,50.11534308771,53.2271235384878,3.11178045077781,4.3194911141919,73.5803680689605,76.5936974075817,3.01332933862119,4.3631673775231,29.4990008450187,27.7682292907003,-1.73077155431844,4.44810659747728,52.9640258262692,51.1348031597942,-1.82922266647506,4.52925138606617,23.4650249812505,23.3665738690939,-0.0984511121566243,4.72990849319197
escs_h,FRA,36,427.264798979565,417.987239723967,-9.27755925559819,4.6059511092984,459.85184022335,448.928242841487,-10.9235973818627,4.43508004035463,485.922045240683,479.384128984412,-6.53791625627054,4.84848740432125,531.10621696282,517.088348010113,-14.0178689527072,4.80970608087358,32.5870412437854,30.9410031175209,-1.6460381262645,5.02274302884912,58.6572462611177,61.3968892604454,2.73964299932766,5.57089696743133,103.841417983255,99.1011082861462,-4.74030969710901,5.98091040789067,26.0702050173323,30.4558861429245,4.38568112559216,5.12152207267069,71.2543767394698,68.1601051686253,-3.09427157084451,5.65198329745417,45.1841717221375,37.7042190257008,-7.47995269643667,5.08289963907731
escs_h,GBR,36,459.276580801822,452.091975348009,-7.18460545381248,4.60598405124158,479.687587786254,479.82828447153,0.140696685275316,4.26926700520619,502.669562482032,505.365132549031,2.6955700669991,4.42846945317303,537.025208514645,540.730643130161,3.70543461551608,6.36351899805836,20.4110069844325,27.7363091235203,7.3253021390878,5.6455370510586,43.3929816802099,53.2731572010215,9.88017552081158,5.93953512000198,77.7486277128231,88.6386677821516,10.8900400693286,7.77364802925968,22.9819746957774,25.5368480775012,2.55487338172378,5.36925044130596,57.3376207283906,60.9023586586313,3.56473793024077,7.2328208282066,34.3556460326132,35.3655105811301,1.00986454851699,6.55386158107727
escs_h,GRC,36,401.529475307009,386.928098123597,-14.6013771834121,4.58129447517376,416.951028418154,413.569274283441,-3.38175413471265,4.2074192453689,438.319274327596,440.739239435155,2.41996510755985,4.4582819302032,467.168667863611,468.277437103786,1.10876924017515,5.81238915531816,15.4215531111449,26.6411761598444,11.2196230486994,5.08629756700332,36.7897990205867,53.8111413115586,17.0213422909719,5.16394725141383,65.6391925566019,81.3493389801891,15.7101464235872,6.96717083528883,21.3682459094417,27.1699651517142,5.8017192422725,4.12672354707994,50.2176394454569,54.7081628203447,4.4905233748878,5.76859437173024,28.8493935360152,27.5381976686305,-1.3111958673847,6.06656563722927
escs_h,HUN,36,420.296008477363,409.900349224848,-10.3956592525155,5.28613035544426,453.690499327202,447.43251258892,-6.25798673828172,4.32536818658133,488.68455752209,478.508870983014,-10.1756865390763,4.54377181439942,532.701779364095,515.394533462212,-17.3072459018836,6.06062415574517,33.3944908498389,37.5321633640726,4.13767251423377,5.72422791233694,68.3885490447268,68.6085217581659,0.219972713439176,6.59877790928991,112.405770886732,105.494184237364,-6.91158664936808,7.94414116311585,34.9940581948879,31.0763583940933,-3.91769980079459,4.90461505502751,79.0112800368934,67.9620208732915,-11.0492591636018,6.83260489784542,44.0172218420055,36.8856624791982,-7.13155936280725,6.03621450678589
escs_h,IRL,36,458.839550432294,444.589466642845,-14.2500837894494,3.67873629086656,480.943310366102,467.547043116648,-13.3962672494544,3.50568132530552,503.071162037197,498.151141596145,-4.92002044105215,3.68090061712456,527.356375687134,518.636644715479,-8.71973097165505,4.04482811491455,22.1037599338083,22.9575764738034,0.85381653999508,4.2561349258317,44.2316116049033,53.5616749533006,9.33006334839729,4.7691466098427,68.5168252548403,74.0471780726347,5.53035281779438,4.92678271121251,22.127851671095,30.6040984794972,8.47624680840221,4.40652106797963,46.413065321032,51.0896015988313,4.6765362777993,4.73772942362989,24.285213649937,20.4855031193341,-3.79971053060291,4.40123388043069
escs_h,ISL,36,425.397431963746,426.891998493606,1.49456652986004,4.4180596660248,455.829788100218,453.24825602562,-2.5815320745977,4.59882877612062,476.042788850685,469.540000787319,-6.50278806336587,4.57181742817711,484.473123295449,488.162430598735,3.68930730328538,4.6566390810729,30.4323561364718,26.356257532014,-4.07609860445774,6.30281281702823,50.6453568869393,42.6480022937134,-7.99735459322591,6.3136674698172,59.0756913317032,61.2704321051285,2.19474077342534,6.21256997756647,20.2130007504676,16.2917447616994,-3.92125598876817,6.16093214544706,28.6433351952314,34.9141745731145,6.27083937788308,6.16819498687543,8.43033444476384,18.6224298114151,10.1920953666512,6.22779440932192
escs_h,ISR,36,402.451180951091,398.011976764475,-4.43920418661526,5.15363701498593,448.219294758733,442.176455041743,-6.04283971698976,5.06881546119877,491.106798973963,472.229789924649,-18.8770090493132,6.4418037117103,511.409804744162,489.647265257011,-21.7625394871511,6.07839986700537,45.7681138076423,44.1644782772678,-1.6036355303745,6.02717117211019,88.6556180228719,74.217813160174,-14.4378048626979,7.08522059420563,108.958623793072,91.635288492536,-17.3233353005358,7.0178943569957,42.8875042152296,30.0533348829062,-12.8341693323234,6.11585045766915,63.1905099854295,47.4708102152682,-15.7196997701613,6.45066491704348,20.3030057701999,17.417475332362,-2.88553043783787,6.37278911739523
escs_h,ITA,36,435.270003973604,428.749571615103,-6.52043235850113,4.60841523171524,461.678836354081,459.210877263069,-2.46795909101206,4.7457638439765,481.053093336959,481.819585048806,0.766491711846925,4.94005116951885,510.660196286246,510.035493022062,-0.624703264184291,6.32911113920512,26.4088323804767,30.4613056479657,4.05247326748906,4.82127269216492,45.783089363355,53.070013433703,7.28692407034805,5.34391686471288,75.3901923126422,81.285921406959,5.89572909431684,7.04673539133316,19.3742569828783,22.6087077857373,3.23445080285899,4.80658689470233,48.9813599321655,50.8246157589933,1.84325582682777,6.41399527247986,29.6071029492872,28.215907973256,-1.39119497603122,5.4651757085887
escs_h,JPN,36,499.004693930121,483.714389140173,-15.2903047899487,7.11466075533092,527.476507900743,517.72292971426,-9.75357818648229,5.56712313420294,548.956884279402,542.095778103424,-6.86110617597876,5.88110424429953,569.495401144056,569.387449676589,-0.107951467466819,7.29309729003707,28.4718139706211,34.0085405740875,5.53672660346638,6.53409695166203,49.9521903492809,58.3813889632508,8.4291986139699,7.20155415992385,70.4907072139343,85.6730605364161,15.1823533224818,9.43747274930783,21.4803763786598,24.3728483891633,2.89247201050353,5.80865780966789,42.0188932433132,51.6645199623287,9.64562671901547,7.54336696818958,20.5385168646534,27.2916715731653,6.75315470851194,6.51833544166209
escs_h,KOR,36,486.984884057244,473.986870019188,-12.9980140380554,6.88608907126456,515.05662995146,518.828667680022,3.77203772856137,6.09535752446291,539.930467909467,543.914928765295,3.98446085582748,5.85011557563114,571.295060278298,566.702929144518,-4.59213113378007,7.41265847395743,28.0717458942165,44.8417976608333,16.7700517666168,6.80160422598732,52.9455838522233,69.9280587461062,16.9824748938829,7.04658330394094,84.3101762210543,92.7160591253297,8.40588290427536,8.4226838554149,24.8738379580068,25.0862610852729,0.212423127266106,6.40789579851231,56.2384303268378,47.8742614644964,-8.36416886234144,7.88884863853561,31.364592368831,22.7880003792235,-8.57659198960755,6.81550199460407
escs_h,LTU,36,434.983451682151,437.347048684033,2.36359700188217,3.92846566919439,461.888170595643,467.255030244006,5.36685964836255,3.57968906468592,492.117573848958,494.410085673181,2.29251182422274,4.02456407294942,516.399255838021,506.943550603132,-9.45570523488908,5.01401160480782,26.9047189134924,29.9079815599728,3.00326264648038,4.46544987822324,57.1341221668079,57.0630369891484,-0.0710851776594268,5.02674097878084,81.4158041558703,69.596501919099,-11.8193022367713,6.25661564888604,30.2294032533155,27.1550554291757,-3.07434782413981,4.95955935629482,54.5110852423779,39.6885203591262,-14.8225648832516,5.93372246357823,24.2816819890624,12.5334649299506,-11.7482170591118,5.20280313094986
escs_h,LVA,36,450.150106055602,436.654352898121,-13.495753157481,3.99341916504814,470.448700657093,460.743570255679,-9.70513040141418,4.24120826235142,495.509405318076,483.318010726343,-12.1913945917325,3.62612814189423,519.175679154308,498.163633552497,-21.0120456018114,3.99077929292873,20.2985946014911,24.0892173575579,3.79062275606685,4.57325762978199,45.3592992624737,46.6636578282222,1.30435856574854,4.6189899602317,69.0255730987061,61.5092806543757,-7.51629244433036,5.21045851453225,25.0607046609826,22.5744404706643,-2.48626419031831,4.62845617620119,48.726978497215,37.4200632968178,-11.3069152003972,4.99580854316168,23.6662738362324,14.8456228261535,-8.82065101007891,4.74996386243417
escs_h,MEX,36,371.627236004587,362.711069411844,-8.91616659274376,3.44703586367233,385.569035675644,381.336238933435,-4.23279674220919,3.30396607900396,397.941568339153,392.280694835926,-5.66087350322709,4.26847341180477,425.833249929248,420.899599755795,-4.93365017345298,5.07357406908416,13.9417996710569,18.6251695215915,4.68336985053458,3.69858508021054,26.3143323345657,29.5696254240823,3.25529308951667,4.58904303878833,54.2060139246606,58.1885303439514,3.98251641929079,5.58365474185237,12.3725326635088,10.9444559024909,-1.42807676101791,3.99791903915195,40.2642142536037,39.5633608223599,-0.700853431243786,5.16918417763842,27.8916815900949,28.618904919869,0.72722332977412,5.21533598260562
escs_h,NLD,36,451.464371586742,445.397411493001,-6.06696009374082,6.61249404717409,469.708817047501,473.158491514525,3.44967446702452,6.4421434933658,517.228588917017,512.499946772634,-4.72864214438312,5.02950396865165,545.807546324503,539.345194900592,-6.4623514239114,5.64046552703504,18.2444454607589,27.7610800215243,9.51663456076534,6.54010116345631,65.764217330275,67.1025352796327,1.3383179493577,7.35546732212384,94.343174737761,93.9477834075904,-0.395391330170583,8.61242141827002,47.5197718695161,39.3414552581085,-8.17831661140764,6.32418691095083,76.0987292770021,66.1867033860662,-9.91202589093592,7.21438903185854,28.578957407486,26.8452481279577,-1.73370927952828,5.95628957760977
escs_h,NOR,36,436.002384520003,411.830450384969,-24.1719341350342,3.97170424814996,460.32727932903,444.07262279216,-16.2546565368701,4.01535888887482,486.424196617183,479.034852168283,-7.38934444889929,3.82009319610824,502.237973616562,493.301672543668,-8.93630107289482,4.95550865837074,24.3248948090273,32.2421724071915,7.91727759816411,4.80548892671007,50.4218120971796,67.2044017833145,16.7825896861349,5.13831300248583,66.2355890965594,81.4712221586988,15.2356330621394,5.96125595601192,26.0969172881522,34.9622293761231,8.86531208797084,4.79163811726245,41.9106942875321,49.2290497515074,7.31835546397531,5.39192241306023,15.8137769993799,14.2668203753843,-1.54695662399553,4.8207927173114
escs_h,NZL,36,433.509047620024,445.310792249446,11.8017446294225,4.40108426495177,471.940031172426,469.963114130352,-1.9769170420733,4.48760083241317,503.886778995324,502.543329462651,-1.34344953267265,4.85137866629175,526.762962751679,534.633940132603,7.8709773809245,5.10603563766841,38.430983552402,24.6523218809062,-13.7786616714958,5.49094949471919,70.3777313753002,57.2325372132051,-13.1451941620952,5.90253246827496,93.253915131655,89.3231478831571,-3.930767248498,6.56007513588651,31.9467478228983,32.5802153322989,0.633467509400646,5.99365054781758,54.8229315792531,64.6708260022509,9.8478944229978,6.49379835869924,22.8761837563548,32.090610669952,9.21442691359715,6.69809648101251
escs_h,POL,36,449.054325048777,446.024321095831,-3.03000395294538,4.32104328867179,477.001629613306,473.790036761672,-3.21159285163435,4.04593716378003,501.424233472175,506.287785472041,4.86355199986633,5.05264496590115,535.27055745905,529.224063195939,-6.04649426311039,5.28567601224196,27.9473045645294,27.7657156658404,-0.181588898688972,4.50650173611205,52.3699084233986,60.2634643762103,7.89355595281171,5.60325480587366,86.2162324102729,83.1997421001079,-3.01649031016501,6.47299939829583,24.4226038588691,32.4977487103698,8.07514485150068,5.14003488224172,58.2689278457435,55.4340264342675,-2.83490141147604,5.97391909918455,33.8463239868744,22.9362777238977,-10.9100462629767,5.856049243394
escs_h,PRT,36,428.330462062293,415.121293866533,-13.2091681957605,4.9272869539016,453.89496106168,446.012238379009,-7.88272268267076,4.63219420307489,484.977767590639,474.928003660204,-10.0497639304348,4.67233038268659,524.999364209722,517.121348097708,-7.87801611201428,4.99510203323059,25.5644989993868,30.8909445124765,5.32644551308971,4.7696282497475,56.6473055283457,59.8067097936714,3.15940426532569,5.25509265019614,96.6689021474288,102.000054231175,5.33115208374619,6.39838294630931,31.0828065289589,28.9157652811949,-2.16704124776402,5.29174415592135,71.104403148042,71.1091097186985,0.00470657065648084,6.1436212211165,40.0215966190831,42.1933444375036,2.1717478184205,5.3692019467311
escs_h,SVK,36,406.399573928141,414.235845602948,7.83627167480728,5.50394326301219,454.314828926247,463.634903288823,9.32007436257624,5.45157662550985,477.121815716441,487.59638753864,10.4745718221994,4.70989126172444,525.177903194283,532.466299329711,7.288396135428,5.55519467944981,47.9152549981062,49.3990576858751,1.48380268776896,6.2554658132002,70.7222417882999,73.360541935692,2.63830014739216,6.9425287012621,118.778329266142,118.230453726763,-0.547875539379277,8.20960035163793,22.8069867901937,23.9614842498169,1.1544974596232,6.05306660943588,70.8630742680356,68.8313960408874,-2.03167822714823,7.30301569455759,48.0560874778419,44.8699117910705,-3.18617568677144,5.75646318504815
escs_h,SVN,36,443.430120857926,425.528759405806,-17.9013614521199,4.10941363409129,470.839670853055,451.534023146613,-19.3056477064422,3.88003602936454,503.903411002774,482.379610361926,-21.5238006408478,4.32012990871674,522.535139097004,501.869179107788,-20.6659599892158,3.63584748658257,27.4095499951293,26.005263740807,-1.4042862543223,5.3534196829814,60.4732901448482,56.8508509561204,-3.62243918872781,5.76709523865635,79.1050182390784,76.3404197019825,-2.76459853709588,5.53158998249128,33.0637401497189,30.8455872153133,-2.21815293440551,5.61062374535834,51.6954682439491,50.3351559611755,-1.36031228277358,5.52806620090706,18.6317280942302,19.4895687458621,0.857840651631932,5.65826168936095
escs_h,SWE,36,440.419394875601,423.228423614374,-17.1909712612266,3.99231667907939,468.663928175987,458.621570325754,-10.0423578502334,4.39288664524047,500.969030063558,494.816430420785,-6.15259964277379,4.34350202309263,528.158851284352,508.202739159562,-19.9561121247904,5.17059373186651,28.2445333003863,35.3931467113795,7.14861341099322,5.12033388973443,60.5496351879577,71.5880068064105,11.0383716184528,5.25152808192512,87.7394564087517,84.9743155451879,-2.76514086356377,6.02145373680325,32.3051018875714,36.194860095031,3.88975820745958,5.27329228150853,59.4949231083654,49.5811688338084,-9.91375427455699,6.01067481309129,27.189821220794,13.3863087387774,-13.8035124820166,5.37864887706228
escs_h,TUR,36,423.00065692652,420.999251785132,-2.00140514138866,4.321759831236,439.802129594741,447.124759084436,7.32262948969554,3.87874612601957,450.240764298065,465.805574136848,15.5648098387825,4.58445551941074,499.885788188607,522.243634572051,22.3578463834442,5.39679637207555,16.8014726682204,26.1255072993046,9.3240346310842,4.67931293914555,27.2401073715453,44.8063223517165,17.5662149801712,5.61499256185262,76.8851312620868,101.24438278692,24.3592515248329,6.64672940703481,10.4386347033249,18.6808150524118,8.24218034908699,4.67506287462716,60.0836585938664,75.1188754876151,15.0352168937487,6.3779253112934,49.6450238905416,56.4380604352032,6.79303654466168,6.21058241938816
escs_h,USA,36,424.368416170694,421.087415421716,-3.2810007489777,6.94047096254722,444.721275868427,451.590728543892,6.86945267546537,7.33942652353478,474.192457308065,467.450916176509,-6.74154113155589,8.74917628674202,518.621853033847,522.724520289422,4.10266725557585,16.3574996906092,20.3528596977332,30.5033131221762,10.1504534244431,8.50588570839939,49.8240411373711,46.3635007547929,-3.46054038257819,9.56817747524038,94.2534368631526,101.637104867706,7.38366800455356,17.3826483156611,29.4711814396379,15.8601876326167,-13.6109938070213,9.82007441368288,73.9005771654195,71.13379174553,-2.76678541988952,16.477109679271,44.4293957257815,55.2736041129133,10.8442083871317,12.3830978540117
escs_h,OECD,36,435.192176442637,427.25589299493,-7.93628344770758,1.43384744269395,462.682530810218,457.93169859726,-4.75083221295802,1.41819514375509,489.460659896141,485.207317616355,-4.25334227978533,1.43392563170502,519.582923250468,513.407588622878,-6.17533462758991,1.54415282547259,27.4903543675806,30.6758056023302,3.18545123474956,0.872139854549076,54.2684834535033,57.9514246214255,3.68294116792225,0.94799796747779,84.3907468078304,86.1516956279481,1.76094882011768,1.17177826748728,26.7781290859227,27.2756190190954,0.497489933172687,0.874428152967541,56.9003924402498,55.4758900256179,-1.42450241463189,1.07650897463466,30.1222633543271,28.2002710065225,-1.92199234780458,0.970272400034645
escs_h,OECD35,35,435.159615612986,427.424890614235,-7.73472499875169,1.44277238367364,462.770995749215,458.24326816744,-4.52772758177503,1.42685561438739,489.535712572502,485.481764606368,-4.05394796613484,1.443482919396,519.714937622902,513.785454643991,-5.92948297891132,1.55887239558742,27.6113801362288,30.8183775532055,3.20699741697666,0.892093443158883,54.3760969595159,58.0568739921328,3.68077703261685,0.970347443966254,84.5553220099155,86.3605640297559,1.80524201984036,1.20020225393343,26.7647168232871,27.2384964389273,0.473779615640183,0.895518808094164,56.9439418736867,55.5421864765504,-1.4017553971363,1.10294593983819,30.1792250503996,28.3036900376231,-1.87553501277648,0.993834787693588
escs_pca,AUS,36,441.793235783908,434.166722595869,-7.62651318803853,3.35034594710507,472.240589711827,465.488397424673,-6.75219228715389,3.33361797872493,507.088222951472,500.088810072345,-6.99941287912679,3.81858716063338,534.898951869754,525.590661493261,-9.30829037649289,3.95711495198809,30.447353927919,31.3216748288036,0.874320900884641,3.84080386183786,65.2949871675647,65.9220874764764,0.627100308911736,4.37505103590073,93.105716085846,91.4239388973917,-1.68177718845436,4.53450430380045,34.8476332396457,34.6004126476728,-0.247220591972905,3.98561884525959,62.6583621579271,60.1022640685881,-2.556098089339,4.23927112528868,27.8107289182814,25.5018514209153,-2.3088774973661,3.94613027932705
escs_pca,AUT,36,441.813790404114,437.7791708178,-4.0346195863138,4.73244113820151,473.676529673653,469.978560479097,-3.69796919455615,4.93846680628995,507.049713517322,494.455717053767,-12.5939964635546,3.99845572939984,537.35369496465,522.89231030289,-14.4613846617601,4.14414123206607,31.8627392695388,32.1993896612964,0.336650391757644,5.44394020402474,65.2359231132077,56.676546235967,-8.55937687724077,4.83915372726648,95.5399045605356,85.1131394850893,-10.4267650754463,5.36224146117901,33.3731838436689,24.4771565746705,-8.89602726899841,5.24014348355579,63.6771652909968,52.9137498237929,-10.763415467204,5.26781163595103,30.3039814473279,28.4365932491223,-1.86738819820556,4.31370087447967
escs_pca,BEL,36,437.796823268543,441.06905458628,3.27223131773673,4.80229550124274,471.438884990689,465.652744814388,-5.78614017630088,4.05927519680486,509.291900338003,509.49894413031,0.207043792307559,4.09041655327325,547.530790396797,542.60452022242,-4.92627017437678,4.39107593354555,33.6420617221456,24.583690228108,-9.0583714940376,4.96432641804709,71.4950770694598,68.4298895440306,-3.06518752542917,5.55169275237087,109.733967128254,101.53546563614,-8.19850149211351,6.22174326183454,37.8530153473142,43.8461993159227,5.99318396860843,4.80975347336929,76.0919054061083,76.9517754080324,0.859870001924094,5.15043229975579,38.2388900587941,33.1055760921097,-5.13331396668434,4.75560052358228
escs_pca,CAN,36,461.032476848855,451.169765370121,-9.86271147873367,3.44573259684205,486.989821513631,481.077333216111,-5.91248829751982,3.10851637592715,512.560826088344,510.719436998924,-1.84138908941941,3.36270432399818,535.408500004064,526.515020240942,-8.89347976312229,3.99339492768957,25.9573446647755,29.9075678459893,3.95022318121386,3.90261794705979,51.5283492394884,59.5496716288026,8.02132238931426,4.18407193176074,74.3760231552088,75.3452548708202,0.969231715611386,4.47067595302859,25.5710045747129,29.6421037828133,4.07109920810041,3.79220580765004,48.4186784904333,45.4376870248308,-2.98099146560247,4.25186879177569,22.8476739157204,15.7955832420175,-7.05209067370288,3.82616568670331
escs_pca,CHE,36,457.345322784035,455.99465728441,-1.35066549962556,4.86855708580425,491.41599809393,484.110568295099,-7.30542979883097,4.59353364648057,526.935738809707,520.775648639999,-6.16009016970838,4.40974292288498,565.332177842389,560.984650186928,-4.34752765546057,4.65320152244869,34.0706753098947,28.1159110106893,-5.95476429920541,4.90483197079194,69.5904160256715,64.7809913555887,-4.80942467008282,5.70465658821945,107.986855058354,104.989992902519,-2.996862155835,6.27702988495498,35.5197407157768,36.6650803448994,1.14533962912259,4.94183310598744,73.9161797484589,76.8740818918293,2.9579021433704,5.42643037623982,38.3964390326821,40.2090015469299,1.81256251424782,5.07957947212434
escs_pca,CHL,36,388.480320815325,378.816042110955,-9.66427870436991,4.20011408237498,401.365092999006,389.911130523192,-11.4539624758143,4.10425612754462,413.463444521593,407.503561164625,-5.95988335696791,4.10439845681017,452.144373357411,450.27845601133,-1.86591734608095,4.08386969694442,12.8847721836811,11.0950884122367,-1.7896837714444,4.55239175533044,24.9831237062678,28.6875190536698,3.704395347402,4.88483443611801,63.6640525420861,71.462413900375,7.79836135828896,5.77597015277529,12.0983515225867,17.5924306414331,5.4940791188464,4.4136772088951,50.779280358405,60.3673254881383,9.58804512973336,4.93166764114496,38.6809288358183,42.7748948467053,4.09396601088696,4.85031798755977
escs_pca,COL,36,354.602366104533,354.150184845444,-0.4521812590894,4.02587934624526,370.015026138016,370.381695992027,0.366669854010524,4.08963827266971,385.381216082688,387.579460560665,2.19824447797657,4.96371616829838,426.719433336915,429.359459976177,2.6400266392622,7.54462382880957,15.4126600334834,16.2315111465833,0.818851113099925,4.60623472471228,30.7788499781555,33.4292757152215,2.65042573706597,5.14015066343159,72.1170672323823,75.2092751307339,3.0922078983516,8.46416402262258,15.3661899446721,17.1977645686382,1.83157462396605,4.10732553735709,56.7044071988989,58.9777639841506,2.27335678525168,7.83545017835352,41.3382172542268,41.7799994155124,0.44178216128563,7.64819430177215
escs_pca,CZE,36,436.568845140931,431.509617705619,-5.05922743531221,4.42926136436834,473.609316517682,465.245916083343,-8.36340043433864,4.33045799866387,498.959284508187,491.429833231743,-7.52945127644404,4.36075943433765,541.193586574089,534.661335528218,-6.53225104587148,5.13105953033008,37.0404713767508,33.7362983777244,-3.30417299902643,4.73687320600613,62.3904393672561,59.9202155261243,-2.47022384113183,4.91424065813018,104.624741433158,103.151717822599,-1.47302361055927,6.55840979158956,25.3499679905053,26.1839171483999,0.833949157894608,4.70479257424579,67.5842700564074,69.4154194448745,1.83114938846717,5.43963693978285,42.2343020659021,43.2315022964747,0.99720023057256,5.80154162764752
escs_pca,DEU,36,436.257218699481,422.504985724868,-13.7522329746132,5.01384568860399,464.677103579433,461.898291592931,-2.77881198650198,4.98599034786677,489.888418407622,487.56939088308,-2.31902752454181,5.21804424987858,536.343307948025,534.03565137789,-2.30765657013535,5.016858247057,28.4198848799523,39.3933058680635,10.9734209881112,5.72622648606136,53.631199708141,65.0644051582123,11.4332054500713,5.96158572598273,100.086089248544,111.530665653022,11.4445764044778,6.45633751199615,25.2113148281887,25.6710992901489,0.459784461960169,5.72265945749408,71.6662043685921,72.1373597849587,0.471155416366628,5.91356130318842,46.4548895404034,46.4662604948099,0.0113709544064591,5.71847222750847
escs_pca,DNK,36,452.573489929301,443.376013472447,-9.19747645685334,3.81304799858111,483.698063109317,466.763217812877,-16.9348452964403,4.18415204129697,509.135340813625,488.961077242227,-20.1742635713986,4.24546050802703,518.023046009147,509.296101051378,-8.72694495776824,4.83096532416426,31.1245731800166,23.3872043404296,-7.73736883958696,5.12302702137393,56.5618508843246,45.5850637697793,-10.9767871145453,5.09392323358699,65.4495560798461,65.9200875789312,0.470531499085098,5.91475515160621,25.437277704308,22.1978594293497,-3.23941827495833,4.61376463728933,34.3249828998295,42.5328832385016,8.20790033867206,5.56456743929612,8.88770519552151,20.3350238091519,11.4473186136304,5.66741172163213
escs_pca,ESP,36,437.050435007426,422.578023609167,-14.4724113982592,3.18886261792163,459.609704186774,444.838585595677,-14.7711185910969,2.94194402263607,484.493406201748,475.622265722069,-8.87114047967901,2.85455170096146,516.556660797739,501.108025281958,-15.4486355157812,3.07231050295775,22.5592691793476,22.2605619865099,-0.298707192837753,3.23597197885736,47.4429711943216,53.0442421129017,5.60127091858016,3.44431584694609,79.5062257903129,78.5300016727908,-0.976224117522065,3.80307264145425,24.883702014974,30.7836801263919,5.89997811141791,2.95348681849616,56.9469566109653,56.269439686281,-0.677516924684312,3.49353637377582,32.0632545959913,25.4857595598891,-6.57749503610222,3.37724779625471
escs_pca,EST,36,475.459568717795,466.691818263308,-8.76775045448687,4.19500373916243,494.445264596607,493.727446744689,-0.717817851918028,4.14255297855789,520.676792321697,526.943621703991,6.26682938229419,3.91703486870948,551.494560686206,549.41451957052,-2.08004111568641,4.66765710137717,18.9856958788124,27.0356284813813,8.04993260256885,4.83021917508236,45.2172236039021,60.2518034406832,15.0345798367811,4.88528489404775,76.0349919684113,82.7227013072118,6.68770933880046,6.03425804215473,26.2315277250897,33.2161749593019,6.98464723421222,4.64580581354201,57.0492960895989,55.6870728258305,-1.36222326376839,5.01248351796386,30.8177683645092,22.4708978665286,-8.3468704979806,4.81250429381244
escs_pca,FIN,36,451.511797427335,436.970196194897,-14.5416012324371,3.62104124224762,468.857637490753,457.371329007964,-11.4863084827891,3.64325028414079,498.321789097351,488.31266173763,-10.0091273597213,3.92727743569874,525.694479562628,515.465098138879,-10.2293814237487,4.03998767848097,17.3458400634184,20.4011328130664,3.055292749648,3.85167570524559,46.8099916700166,51.3424655427323,4.53247387271574,4.27761428648846,74.1826821352937,78.494901943982,4.31221980868838,4.42325958654027,29.4641516065982,30.9413327296659,1.47718112306774,4.37595259514927,56.8368420718753,58.0937691309156,1.25692705904038,4.36841492941589,27.3726904652771,27.1524364012497,-0.220254064027358,4.72260177770225
escs_pca,FRA,36,428.963859066334,421.252360593107,-7.71149847322704,4.57238868162687,456.531385370238,445.615987623224,-10.915397747014,4.44896477132831,487.029482173123,476.815063937606,-10.2144182355177,4.78502134960148,531.649382543405,519.696483647363,-11.952898896042,4.71429138316644,27.5675263039037,24.3636270301167,-3.20389927378699,5.05641122999823,58.065623106789,55.5627033444984,-2.50291976229062,5.32101241516665,102.68552347707,98.4441230542553,-4.24140042281499,5.97928513422875,30.4980968028854,31.1990763143817,0.700979511496371,4.96326464478034,75.1179971731667,74.0804960241387,-1.037501149028,5.6292897098384,44.6199003702813,42.8814197097569,-1.73848066052437,5.02802011482444
escs_pca,GBR,36,461.602307600221,452.521874599601,-9.08043300061956,4.52291974060624,477.415079049094,476.448155834145,-0.966923214948679,4.26955952507452,502.266631266387,504.465002052639,2.19837078625238,4.42787845695094,537.375938655821,544.579697773526,7.2037591177052,6.30716830365511,15.8127714488725,23.9262812345434,8.11350978567089,5.34506563011528,40.6643236661659,51.9431274530379,11.2788037868719,5.82247164140386,75.7736310556002,92.057823173925,16.2841921183248,7.70821925898948,24.8515522172934,28.0168462184944,3.16529400120106,5.35830930705442,59.9608596067277,68.1315419393816,8.17068233265388,7.29525809902074,35.1093073894343,40.1146957208871,5.00538833145282,6.5181369184504
escs_pca,GRC,36,402.297749598453,389.457158404024,-12.8405911944288,4.51280482524747,415.804390953964,411.375419237518,-4.42897171644637,4.26683021811571,435.009943363725,438.859268914991,3.84932555126613,4.55253999405786,470.83818203168,469.852237202186,-0.985944829494372,5.49516807810747,13.5066413555112,21.9182608334937,8.41161947798247,4.87185683499151,32.7121937652721,49.4021105109671,16.689916745695,5.1911571659724,68.5404324332274,80.3950787981618,11.8546463649345,6.68819144147053,19.2055524097609,27.4838496774734,8.2782972677125,4.23721719916492,55.0337910777161,58.4768179646681,3.443026886952,5.6251582649446,35.8282386679553,30.9929682871947,-4.83527038076051,5.78973085188804
escs_pca,HUN,36,421.11324521968,411.694056252958,-9.41918896672223,5.23319996203527,452.654141597495,445.622442523119,-7.03169907437655,4.46547368029739,488.508644476663,476.110695478684,-12.3979489979785,4.62088827250131,533.109176645725,517.801575802435,-15.3076008432901,6.00355410038027,31.5408963778155,33.9283862701612,2.38748989234568,5.83760787291391,67.3953992569827,64.4166392257264,-2.97876003125629,6.42466063383952,111.995931426045,106.107519549477,-5.88841187656783,7.88518834642872,35.8545028791672,30.4882529555652,-5.36624992360197,5.18148879075647,80.4550350482293,72.1791332793158,-8.27590176891351,6.91664769087021,44.6005321690621,41.6908803237506,-2.90965184531154,6.06843213798449
escs_pca,IRL,36,458.929396620963,445.800233477144,-13.1291631438192,3.63120827455592,480.335860483112,465.742002091183,-14.5938583919288,3.60831643361904,502.988596853165,495.976201400094,-7.01239545307124,3.72352847458772,527.946243941895,521.412643014299,-6.53360092759624,3.95904706184315,21.406463862149,19.9417686140394,-1.46469524810959,4.23878221893968,44.059200232202,50.17596792295,6.11676769074796,4.73514303435986,69.0168473209321,75.612409537155,6.59556221622296,4.84974969354713,22.652736370053,30.2341993089106,7.58146293885756,4.58395639620607,47.6103834587831,55.6706409231156,8.06025746433255,4.64226714139296,24.9576470887301,25.4364416142051,0.478794525474996,4.45946595250919
escs_pca,ISL,36,425.490055402975,426.290192945497,0.800137542521441,4.46691667355365,454.573214817573,449.444672467307,-5.128542350266,4.78025908595725,473.519561979543,469.411485692471,-4.10807628707181,4.52228686508227,488.18553443319,492.702747824134,4.51721339094422,4.60952849778453,29.0831594145979,23.1544795218104,-5.92867989278744,6.74180779734945,48.0295065765674,43.1212927469742,-4.90821382959325,6.27439814863793,62.6954790302146,66.4125548786374,3.71707584842278,6.20631620680384,18.9463471619696,19.9668132251638,1.02046606319419,6.35379100908814,33.6123196156167,43.258075356827,9.64575574121022,6.23951809516761,14.6659724536472,23.2912621316632,8.62528967801603,6.00110714771217
escs_pca,ISR,36,402.704807951267,399.349742573587,-3.35506537767986,5.15320604483278,444.087841583252,436.181269129267,-7.90657245398495,5.13770681499454,489.340804204269,470.461108393547,-18.8796958107213,6.33203751350398,517.025493565439,496.114469908458,-20.9110236569811,5.91283226224714,41.3830336319847,36.8315265556797,-4.55150707630509,6.24782913811588,86.6359962530019,71.1113658199604,-15.5246304330414,6.95160583097107,114.320685614172,96.7647273348711,-17.5559582793013,6.85459242193308,45.2529626210171,34.2798392642808,-10.9731233567363,6.2779360461252,72.9376519821876,59.9332007791915,-13.0044512029962,6.27572988752231,27.6846893611705,25.6533615149107,-2.03132784625984,6.24545044340003
escs_pca,ITA,36,436.129022188609,431.822967806352,-4.3060543822566,4.7439815102883,461.453731129478,457.067737985125,-4.38599314435288,5.00618736024551,480.573897199624,479.534408201827,-1.03948899779715,5.11976442289242,510.482990852808,511.381038541175,0.898047688367058,6.27161455056727,25.3247089408694,25.2447701787731,-0.0799387620962762,5.29317922418203,44.4448750110151,47.7114403954746,3.26656538445945,5.61077859864681,74.3539686641999,79.5580707348236,5.20410207062366,7.11683289732599,19.1201660701457,22.4666702167015,3.34650414655573,5.38374184301677,49.0292597233305,54.3133005560504,5.28404083271994,6.59009879222432,29.9090936531848,31.846630339349,1.93753668616421,5.59191681157362
escs_pca,JPN,36,499.416582533466,484.006158458056,-15.4104240754098,7.04577948114511,526.814199553387,517.916953183352,-8.89724637003531,5.7527725748253,548.554364438441,539.09087045302,-9.46349398542077,5.99906720893559,570.125729868509,571.892534046025,1.76680417751561,7.1353884764072,27.3976170199214,33.9107947252959,6.51317770537452,6.371801880718,49.1377819049753,55.0847119949644,5.94693008998905,7.33660359895113,70.7091473350432,87.8863755879686,17.1772282529254,9.35791747073198,21.7401648850539,21.1739172696684,-0.566247615385464,6.05556947478295,43.3115303151218,53.9755808626727,10.6640505475509,7.52339873571577,21.5713654300679,32.8016635930043,11.2302981629364,6.58068868328825
escs_pca,KOR,36,487.508208457093,474.168572936666,-13.3396355204268,6.64072404848083,515.036810192452,515.531121007845,0.494310815392964,6.28323539822966,538.841923679098,542.454034510996,3.61211083189778,5.90292094889905,571.90088952224,571.243684038382,-0.657205483858547,7.18888008175851,27.5286017353592,41.3625480711789,13.8339463358197,6.02184991299573,51.333715222005,68.2854615743296,16.9517463523246,7.2162298633325,84.3926810651475,97.0751111017157,12.6824300365682,8.24510115199391,23.8051134866458,26.9229135031507,3.11780001650482,6.57784386266495,56.8640793297883,55.7125630305368,-1.15151629925151,7.76039102644917,33.0589658431425,28.7896495273861,-4.26931631575633,7.02219818205698
escs_pca,LTU,36,436.174327795174,437.624562165489,1.45023437031557,3.93450931748832,459.884306797012,463.339947420898,3.45564062388593,3.56013244542175,490.90867651029,491.269849798005,0.361173287715701,3.94290187216758,518.442412120159,513.722883205191,-4.71952891496767,4.8017511326579,23.7099790018381,25.7153852554084,2.00540625357036,4.34845549817072,54.7343487151161,53.6452876325163,-1.08906108259987,4.98802415994897,82.268084324985,76.0983210397018,-6.16976328528324,6.1308792584517,31.0243697132781,27.9299023771079,-3.09446733617023,4.59505917355954,58.558105323147,50.3829357842934,-8.1751695388536,5.68023648052548,27.5337356098689,22.4530334071855,-5.08070220268337,5.01608108925294
escs_pca,LVA,36,451.131642439492,436.653037037295,-14.4786054021967,4.03516857189281,469.553400248852,459.756781369359,-9.79661887949271,4.13676835182768,493.652070720277,479.434059913937,-14.2180108063401,3.85525801646273,520.9464788855,503.024251281625,-17.9222276038755,4.07757270274231,18.4217578093602,23.1037443320642,4.68198652270399,4.62931636189856,42.5204282807853,42.7810228766419,0.260594595856617,4.73530403147765,69.8148364460083,66.3712142443295,-3.44362220167881,5.28607691648013,24.0986704714251,19.6772785445777,-4.42139192684738,4.7149756781739,51.3930786366481,43.2674699122653,-8.1256087243828,4.91195386541008,27.294408165223,23.5901913676876,-3.70421679753542,5.35018980763719
escs_pca,MEX,36,373.475128336694,366.191084829641,-7.28404350705267,3.40349507751183,383.903261740077,379.358460485778,-4.54480125429916,3.43239952510621,397.188995407778,390.458121582069,-6.73087382570873,4.24622261108226,426.398767087637,421.218657874032,-5.18010921360474,4.9503381511356,10.4281334033833,13.1673756561368,2.73924225275351,3.70506727917324,23.7138670710841,24.267036752428,0.553169681343945,4.4812817014404,52.9236387509424,55.0275730443904,2.10393429344794,5.4281125497825,13.2857336677008,11.0996610962912,-2.18607257140957,3.99630150968165,42.4955053475591,41.8601973882535,-0.635307959305578,5.2440542438278,29.2097716798584,30.7605362919624,1.55076461210399,5.08604723970004
escs_pca,NLD,36,452.891246988982,445.852610233166,-7.03863675581567,6.5632567568899,467.584331899283,471.245314216406,3.66098231712283,6.5002621297564,514.959700437312,508.284421267856,-6.6752791694563,5.08376459446296,548.761294305532,545.038520483736,-3.7227738217955,5.37532748506672,14.6930849103014,25.3927039832399,10.6996190729385,6.52189048047436,62.0684534483302,62.4318110346895,0.363357586359371,7.3636978816634,95.8700473165499,99.18591025057,3.31586293402017,8.34996697197275,47.3753685380287,37.0391070514496,-10.3362614865791,6.29037300834748,81.1769624062484,73.7932062673301,-7.38375613891833,7.0972926405116,33.8015938682197,36.7540992158805,2.9525053476608,5.92743188451879
escs_pca,NOR,36,435.996548396344,411.998340987724,-23.9982074086209,3.92460197239131,458.779139959866,442.936111927233,-15.8430280326327,4.10459294598812,483.275117917514,476.629209932988,-6.64590798452605,3.96076874507991,506.926578833815,496.658610936033,-10.2679678977824,4.88914491888107,22.7825915635212,30.9377709395094,8.15517937598816,4.81076758357655,47.2785695211695,64.6308689452644,17.3522994240948,5.15255913813045,70.9300304374706,84.6602699483091,13.7302395108385,5.88048683658011,24.4959779576483,33.693098005755,9.19712004810668,4.81455438209383,48.1474388739494,53.7224990087997,5.57506013485033,5.53496796588791,23.6514609163011,20.0294010030448,-3.62205991325635,5.18436896126847
escs_pca,NZL,36,433.863343071796,446.348096919763,12.4847538479668,4.26692043749887,472.25465346826,468.038118245011,-4.21653522324965,4.78646246211534,501.509247492286,499.788257578219,-1.72098991406733,4.66985713956204,528.462399763319,538.275246492868,9.81284672954928,5.01958026307603,38.3913103964646,21.6900213252482,-16.7012890712164,5.28222441850809,67.6459044204903,53.4401606584562,-14.2057437620341,5.88649739754767,94.599056691523,91.9271495731055,-2.67190711841749,6.36605478022582,29.2545940240257,31.750139333208,2.49554530918232,6.21567801321751,56.2077462950583,70.2371282478573,14.0293819527989,6.71047109511331,26.9531522710327,38.4869889146493,11.5338366436166,6.31048197123583
escs_pca,POL,36,453.24092881978,450.918985184947,-2.32194363483342,4.33657677970066,472.052593175432,468.442374498348,-3.6102186770845,4.18206865788151,500.138795741657,503.688512050772,3.54971630911496,4.99774049726286,537.301152802497,532.26615144309,-5.03500135940658,5.28458284482813,18.811664355652,17.5233893134009,-1.28827504225109,4.51275349413406,46.8978669218764,52.7695268658247,5.87165994394837,5.50036317473695,84.0602239827167,81.3471662581435,-2.71305772457316,6.6918008425853,28.0862025662244,35.2461375524238,7.15993498619946,5.07159837614061,65.2485596270647,63.8237769447426,-1.42478268232207,6.15834697529528,37.1623570608404,28.5776393923188,-8.58471766852154,5.78130272205223
escs_pca,PRT,36,430.414493167232,418.171720823016,-12.2427723442163,4.69035064858645,452.706610776959,442.518273637833,-10.1883371391255,4.91188436675598,483.572249583742,472.299764450321,-11.2724851334209,4.80990691565836,525.524990117982,520.179624290889,-5.34536582709347,4.93110927022337,22.2921176097265,24.3465528148173,2.05443520509084,4.67912355138816,53.1577564165102,54.1280436273055,0.970287210795391,5.22794009854337,95.1104969507502,102.007903467873,6.89740651712282,6.30733529153875,30.8656388067837,29.7814908124882,-1.08414799429545,5.54989218558233,72.8183793410237,77.6613506530557,4.84297131203198,6.2904304340249,41.95274053424,47.8798598405675,5.92711930632743,5.48876070214363
escs_pca,SVK,36,409.08217119334,416.068382394665,6.98621120132526,5.53258296343939,453.451767211618,461.458241829114,8.00647461749554,5.47423858390678,474.475163222289,485.835257122171,11.3600938998821,4.76857338715885,525.981192493584,534.52825478538,8.54706229179544,5.58720998630539,44.3695960182779,45.3898594344482,1.02026341617028,6.24781664828138,65.3929920289491,69.7668747275059,4.37388269855683,7.07034995006538,116.899021300244,118.459872390714,1.56085109047018,8.24596097237386,21.0233960106712,24.3770152930577,3.35361928238655,6.09470747631426,72.5294252819661,73.070012956266,0.5405876742999,7.32097000088514,51.5060292712949,48.6929976632083,-2.81303160808665,5.98320567283895
escs_pca,SVN,36,443.429371525184,427.047448320604,-16.3819232045798,4.05764445163499,470.522011495168,446.952767859747,-23.5692436354211,3.90428907610268,501.967548233396,481.189001628051,-20.7785466053452,4.19291917122771,524.785373858818,506.168573656724,-18.6168002020935,3.77637152205182,27.0926399699849,19.9053195391436,-7.18732043084128,5.14790371555932,58.5381767082128,54.1415533074474,-4.39662340076541,5.70265120036946,81.3560023336342,79.1211253361204,-2.23487699751377,5.55836767158907,31.4455367382279,34.2362337683038,2.79069703007588,5.63590472576699,54.2633623636493,59.2158057969768,4.95244343332752,5.61916451067329,22.8178256254214,24.979572028673,2.16174640325164,5.64746879694243
escs_pca,SWE,36,441.285222853839,423.610215737241,-17.6750071165981,3.96865413625499,467.577712843765,456.650714702323,-10.9269981414416,4.21756553526682,498.941836345192,490.958175820288,-7.98366052490349,4.4418199506771,530.40422390038,513.662440003788,-16.7417838965914,5.06132205219953,26.2924899899255,33.0404989650819,6.74800897515644,4.88949524561305,57.6566134913526,67.3479600830472,9.69134659169458,5.18797851783528,89.1190010465406,90.0522242665472,0.933223220006653,6.00472891401284,31.3641235014272,34.3074611179653,2.94333761653814,5.15538098856489,62.8265110566151,57.0117253014653,-5.81478575514979,5.71698647696433,31.4623875551879,22.7042641835,-8.75812337168793,5.63510381203441
escs_pca,TUR,36,423.865972187037,424.750421156814,0.88444896977677,4.19335857696181,439.904879825315,445.700823934447,5.79594410913171,3.94741129228593,449.715919814464,463.134681026613,13.4187612121488,4.62224888656513,499.459872437985,522.580802874999,23.1209304370145,5.3382189803556,16.038907638278,20.950402777633,4.91149513935494,4.73767348680531,25.8499476274274,38.3842598697994,12.534312242372,5.52892402026466,75.593900250948,97.8303817181858,22.2364814672378,6.57261145225442,9.81103998914938,17.4338570921664,7.62281710301704,4.50647073525343,59.55499261267,76.8799789405528,17.3249863278828,6.24756763631552,49.7439526235206,59.4461218483864,9.70216922486577,6.33697767103989
escs_pca,USA,36,425.258839600142,423.177772159939,-2.08106744020228,6.84508256667226,443.902800920933,449.285058639903,5.38225771897055,7.28119099781547,471.851490373154,467.943310389452,-3.90817998370272,8.89190608324579,520.90680201578,522.402351905407,1.49554988962745,16.3221588987463,18.6439613207912,26.1072864799641,7.46332515917283,8.39935996926714,46.5926507730126,44.7655382295122,-1.82711254350045,9.54362457994166,95.6479624156384,99.2245797454681,3.57661732982973,17.3074191921233,27.9486894522214,18.6582517495481,-9.29043770267327,10.3937691772393,77.0040010948471,73.117293265504,-3.8867078293431,16.1685662568905,49.0553116426257,54.4590415159559,5.40372987333018,12.5848213652108
escs_pca,OECD,36,436.293060054047,428.932006904958,-7.36105314908883,1.43124895422001,461.356198824831,455.36316576196,-5.99303306287089,1.4231242120834,488.11213208591,483.154199742722,-4.95793234318768,1.43654693149594,521.156518445375,516.35025806707,-4.80626037830484,1.53748461881875,25.063138770784,26.431158857002,1.36802008621794,0.866026582380731,51.819072031863,54.2221928377642,2.40312080590115,0.947210387613006,84.8634583913286,87.4182511621126,2.55479277078399,1.16597925617855,26.755933261079,27.7910339807622,1.03510071968321,0.885484171159332,59.8003196205446,60.9870923051107,1.18677268456605,1.07139953990095,33.0443863594656,33.1960583243484,0.151671964882837,0.975997019711467
escs_pca,OECD35,35,436.271420769664,429.113549284838,-7.1578714848269,1.44008647384286,461.406098671632,455.663868052425,-5.74223061920719,1.43197403451149,488.215524254029,483.369397857598,-4.84612639643075,1.44622697483458,521.287942949594,516.785750432359,-4.50219251723411,1.55180850378229,25.1346779019679,26.5503187675876,1.41564086561971,0.885959012731196,51.9441034843642,54.2558485727603,2.31174508839615,0.969290770465997,85.0165221799291,87.6722011475219,2.65567896759279,1.19436039464756,26.8094255823963,27.7055298051728,0.896104222776444,0.906866085710394,59.8818442779613,61.1218823799343,1.24003810197308,1.0974812283416,33.0724186955649,33.4163525747616,0.343933879196641,0.999234463639945
hisei_h,AUS,36,448.850901199985,444.903992681928,-3.94690851805763,3.25751007227629,486.004423080982,476.876029990645,-9.12839309033768,3.37262802228464,505.178739860381,495.601358351386,-9.57738150899416,3.96805573984401,531.421898738065,523.071649741314,-8.35024899675102,4.05297867117759,37.1535218809972,31.9720373087172,-5.18148457228006,3.78794077923817,56.3278386603955,50.6973656694589,-5.63047299093654,4.23205498128991,82.5709975380797,78.1676570593863,-4.40334047869339,4.55535135598578,19.1743167793982,18.7253283607417,-0.448988418656484,4.0503332375251,45.4174756570825,46.1956197506692,0.778144093586661,4.19716160772969,26.2431588776843,27.4702913899274,1.22713251224315,3.99644175619851
hisei_h,AUT,36,451.915830570834,448.252912882961,-3.66291768787363,4.97245182696621,484.763556595559,483.281519088609,-1.48203750695052,4.455751223689,509.115847449411,497.116546832357,-11.9993006170548,4.11686170399136,534.443069197297,517.497743833412,-16.9453253638852,4.60611570840095,32.8477260247249,35.028606205648,2.18088018092311,5.56542122447611,57.2000168785771,48.8636339493959,-8.33638292918118,5.51681664386878,82.527238626463,69.2448309504515,-13.2824076760116,5.47451691191692,24.3522908538522,13.8350277437479,-10.5172631101043,5.15776002813757,49.6795126017382,34.2162247448035,-15.4632878569347,5.08833280647605,25.327221747886,20.3811970010556,-4.9460247468304,5.09987940613042
hisei_h,BEL,36,443.671025462683,443.995135135815,0.32410967313217,4.31997461725421,482.88625069971,489.276766040106,6.39051534039533,3.89310045791,517.523994559785,517.369509278036,-0.154485281748862,4.26414286693849,540.017771494365,533.268313968674,-6.74945752569136,4.33466318762821,39.2152252370274,45.2816309042905,6.06640566726316,4.86037982219096,73.8529690971019,73.3743741422209,-0.478594954881032,5.10564694566974,96.3467460316821,89.2731788328586,-7.07356719882353,5.66303209725095,34.6377438600745,28.0927432379303,-6.54500062214419,4.6998314232159,57.1315207946547,43.991547928568,-13.1399728660867,4.62634842916645,22.4937769345802,15.8988046906377,-6.59497224394249,4.55670338316096
hisei_h,CAN,36,467.386374273864,460.021227030505,-7.36514724335859,3.32236517687937,499.444099857115,493.303145523367,-6.14095433374848,3.20045768133992,511.932846922497,506.914766676534,-5.01808024596323,3.3955872132474,534.749117972378,526.512330213144,-8.23678775923372,3.98918395259876,32.0577255832516,33.2819184928617,1.22419290961011,4.23714172062189,44.5464726486337,46.8935396460291,2.34706699739536,4.20760363855752,67.3627436985146,66.4911031826395,-0.871640515875129,4.13618987373884,12.4887470653821,13.6116211531674,1.12287408778525,3.6480295500622,35.3050181152631,33.2091846897778,-2.09583342548524,4.11926267259809,22.8162710498809,19.5975635366104,-3.21870751327049,3.97909660799093
hisei_h,CHE,36,464.393779098455,460.069984328949,-4.32379476950598,5.21976072133584,500.506515263672,497.156607464689,-3.34990779898345,4.56902616090392,533.435616135107,531.162332372573,-2.27328376253422,4.47254509060406,558.530059632773,553.755561490068,-4.77449814270494,5.15244808639743,36.1127361652174,37.0866231357399,0.973886970522528,5.71136013178554,69.0418370366522,71.092348043624,2.05051100697176,5.73806990927411,94.1362805343179,93.6855771611189,-0.450703373198962,6.80348946000475,32.9291008714349,34.0057249078841,1.07662403644923,5.25420714752662,58.0235443691005,56.5989540253791,-1.42459034372149,5.72403036229062,25.0944434976657,22.593229117495,-2.50121438017072,5.68124662269531
hisei_h,CHL,36,395.662772488208,382.995984617559,-12.6667878706494,4.17682092603689,404.133371558956,398.380863537141,-5.75250802181552,4.44260678823094,421.319744783052,421.984121164258,0.664376381205727,4.20970317151022,450.355720232729,447.923987340832,-2.4317328918969,4.28514135879425,8.47059907074794,15.3848789195818,6.91427984883387,5.07371497544391,25.6569722948441,38.9881365466993,13.3311642518551,5.51475841727033,54.6929477445208,64.9280027232733,10.2350549787525,5.58544302073112,17.1863732240962,23.6032576271174,6.41688440302124,5.37780953971454,46.2223486737729,49.5431238036915,3.32077512991862,5.58721934747424,29.0359754496767,25.9398661765741,-3.09610927310263,4.94518726851344
hisei_h,COL,36,359.410740496418,360.14461908812,0.733878591702478,3.93962716954799,373.828733641512,379.377209154218,5.54847551270581,4.1954588204349,389.056727951515,399.144559277416,10.0878313259015,4.87231706074654,419.8507914409,422.128449270648,2.27765782974808,7.49258942647521,14.4179931450939,19.2325900660973,4.81459692100333,4.0290592612616,29.6459874550968,38.9999401892958,9.35395273419903,4.74169362162997,60.4400509444824,61.983830182528,1.5437792380456,7.89472794862302,15.2279943100028,19.7673501231985,4.5393558131957,4.74288667796444,46.0220577993885,42.7512401164307,-3.27081768295773,7.79594361757902,30.7940634893856,22.9838899932322,-7.81017349615343,6.57965308727127
hisei_h,CZE,36,438.425936176091,441.085634527307,2.65969835121678,4.35190405890425,482.965139946176,479.05942533619,-3.90571460998552,4.17061700428347,504.843431546051,498.332902926538,-6.51052861951337,4.61822834698365,538.067935682224,529.399121121328,-8.66881456089561,5.34145632752464,44.5392037700852,37.9737908088829,-6.5654129612023,4.83176495294775,66.4174953699605,57.2472683992304,-9.17022697073014,5.26126157772511,99.6419995061334,88.313486594021,-11.3285129121124,6.41292587859808,21.8782915998753,19.2734775903475,-2.60481400952784,4.89459871922979,55.1027957360482,50.3396957851381,-4.76309995091009,5.79542742259992,33.2245041361729,31.0662181947906,-2.15828594138225,5.71334584760505
hisei_h,DEU,36,444.86176561258,436.505875603405,-8.35589000917491,5.34783340121885,475.680887058845,475.002533803349,-0.678353255495608,4.91704085014458,494.376235395303,495.49702776279,1.12079236748713,5.08923842967311,536.731785742275,531.313636943551,-5.41814879872402,5.10989357188603,30.8191214462646,38.4966581999439,7.67753675367931,5.95433505408064,49.5144697827232,58.9911521593853,9.47668237666204,5.87226047208645,91.8700201296947,94.8077613401456,2.9377412104509,6.60665959830685,18.6953483364587,20.4944939594414,1.79914562298274,5.7568096264323,61.0508986834302,56.3111031402017,-4.73979554322841,6.09241167041465,42.3555503469715,35.8166091807603,-6.53894116621115,5.77300436714038
hisei_h,DNK,36,459.052693807757,455.332076363881,-3.72061744387543,4.32494984678982,488.51705247725,474.799364343969,-13.7176881332807,4.92225279032151,506.723922045174,493.297011465432,-13.4269105797428,5.44551482380369,518.913184295934,505.108215005948,-13.8049692899859,4.72905298555153,29.4643586694933,19.467287980088,-9.99707068940529,6.10134269431255,47.6712282374178,37.9649351015505,-9.70629313586733,6.20431066886399,59.8604904881769,49.7761386420665,-10.0843518461105,6.10083812156799,18.2068695679245,18.4976471214625,0.290777553537964,6.80054270601238,30.3961318186837,30.3088506619785,-0.0872811567051599,6.11105018462358,12.1892622507592,11.811203540516,-0.378058710243124,6.60148307469726
hisei_h,ESP,36,443.612257684192,428.566798012652,-15.0454596715395,3.1049609679513,465.443029220882,453.753755223485,-11.6892739973964,2.8836725346312,490.415922765124,480.286885511063,-10.1290372540614,2.79501735740532,512.255917182327,494.81859350667,-17.4373236756571,3.23627270469815,21.8307715366899,25.186957210833,3.35618567414315,3.23022290122722,46.8036650809324,51.7200874984105,4.91642241747815,3.20537231725671,68.6436594981349,66.2517954940173,-2.39186400411762,3.58504657682117,24.9728935442425,26.5331302875775,1.560236743335,3.22482687137342,46.812887961445,41.0648382831842,-5.74804967826077,3.41398198434809,21.8399944172025,14.5317079956067,-7.30828642159577,3.05328468202179
hisei_h,EST,36,476.609082252485,467.11206073387,-9.49702151861487,4.57114390481897,505.182088486474,508.336391338522,3.15430285204815,4.33747674133548,529.787321001429,530.56963230053,0.782311299100797,4.09176102995434,543.505230684981,541.191501636815,-2.3137290481659,4.70222523745727,28.5730062339887,41.2243306046518,12.651324370663,5.48864862618974,53.1782387489442,63.4575715666599,10.2793328177157,5.43741105071682,66.8961484324956,74.0794409029446,7.18329247044898,6.10488674691535,24.6052325149554,22.2332409620081,-2.37199155294735,5.27707849503825,38.3231421985068,32.8551102982928,-5.46803190021404,5.37327300982266,13.7179096835514,10.6218693362847,-3.09604034726669,4.82192450350462
hisei_h,FIN,36,454.318442415294,444.328761990255,-9.98968042503884,3.79038893682557,476.35546755631,469.213449755087,-7.14201780122295,3.84067214632608,501.877742072318,496.122869293304,-5.75487277901374,4.16320902976321,525.710556582768,509.583991329923,-16.1265652528443,3.84976155844037,22.0370251410155,24.8846877648314,2.84766262381589,3.98555234958913,47.5592996570236,51.7941073030488,4.2348076460251,4.49661380787516,71.3921141674733,65.2552293396678,-6.13688482780549,4.78430960303365,25.5222745160081,26.9094195382173,1.38714502220921,4.56838445077367,49.3550890264578,40.3705415748364,-8.98454745162138,4.89346683104785,23.8328145104497,13.4611220366191,-10.3716924738306,4.87129764744331
hisei_h,FRA,36,438.1251407733,432.774150412549,-5.35099036075093,4.61356693418971,468.72132560995,462.78334847762,-5.9379771323301,4.5983922497611,494.28775560803,484.30104100072,-9.98671460730986,4.54213355281287,529.657523932392,515.520487697623,-14.1370362347692,4.83439107778396,30.5961848366505,30.0091980650713,-0.586986771579177,5.14814747158411,56.1626148347296,51.5268905881707,-4.63572424655894,5.61444763797231,91.5323831590922,82.7463372850739,-8.78604587401827,5.77995685627768,25.5664299980791,21.5176925230994,-4.04873747497976,4.91257213483396,60.9361983224417,52.7371392200026,-8.19905910243909,5.05411666999196,35.3697683243626,31.2194466969032,-4.15032162745933,4.58155940613393
hisei_h,GBR,36,463.789476272578,456.546589483747,-7.2428867888305,4.12867941897254,491.54004358738,492.449462904032,0.909419316652134,4.97448867871632,510.223951432618,518.321494196029,8.09754276341107,4.9028159835514,530.143142977587,528.879359406345,-1.26378357124224,5.88541408276102,27.750567314802,35.9028734202846,8.15230610548264,6.05090837684076,46.4344751600403,61.7749047122819,15.3404295522416,6.36892533842959,66.3536667050095,72.3327699225977,5.97910321758826,6.83124128790098,18.6839078452383,25.8720312919973,7.18812344675894,5.97433739749378,38.6030993902075,36.4298965023131,-2.17320288789438,6.59030304251217,19.9191915449692,10.5578652103159,-9.36132633465331,5.92893348965436
hisei_h,GRC,36,407.169843251437,393.966072344455,-13.2037709069818,4.31830235348329,418.315403096853,424.492295859411,6.17689276255777,4.59701842254198,442.466426152032,446.682919859547,4.21649370751453,4.41812069361152,472.387314503358,465.953579235107,-6.43373526825116,5.32318384012851,11.1455598454166,30.5262235149562,19.3806636695396,4.96338070087041,35.2965829005956,52.716847515092,17.4202646144963,5.06254074425003,65.2174712519216,71.9875068906522,6.77003563873063,5.91004479204495,24.151023055179,22.1906240001358,-1.96039905504324,5.18554264707959,54.0719114065049,41.461283375696,-12.6106280308089,5.76033545719989,29.9208883513259,19.2706593755602,-10.6502289757657,4.8787442730632
hisei_h,HUN,36,414.780047988262,416.120970835754,1.34092284749227,5.01195382457346,470.493180304821,456.657011378413,-13.8361689264087,4.51987262435958,493.092763600917,482.609374061979,-10.4833895389385,4.38133663687036,532.822999322143,512.613012911653,-20.2099864104904,6.46817021424929,55.7131323165597,40.5360405426588,-15.1770917739009,5.5085793346572,78.3127156126556,66.4884032262249,-11.8243123864307,6.30204150599423,118.042951333881,96.4920420758988,-21.5509092579827,8.25848458135287,22.5995832960959,25.9523626835661,3.35277938747021,5.02440408082428,62.3298190173217,55.95600153324,-6.37381748408171,7.11106339778895,39.7302357212258,30.0036388496739,-9.72659687155192,6.39436252432934
hisei_h,IRL,36,463.366774026195,449.489429490335,-13.8773445358603,3.53607858176123,488.888129001532,477.951007277434,-10.9371217240984,3.76276688107923,505.037251772105,501.382602497834,-3.65464927427081,4.09975559505749,518.467879296414,510.046631901425,-8.421247394989,3.95105790639097,25.5213549753366,28.4615777870986,2.94022281176194,4.40614679812619,41.6704777459098,51.8931730074993,10.2226952615895,4.58091335520597,55.1011052702185,60.5572024110899,5.45609714087135,4.39792387627738,16.1491227705732,23.4315952204008,7.28247244982759,4.90023598004107,29.5797502948819,32.0956246239913,2.51587432910941,4.70205516135631,13.4306275243087,8.66402940359052,-4.76659812071819,4.20449819050697
hisei_h,ISL,36,437.632226094868,438.356023707284,0.723797612416604,4.57004305899306,463.914826090597,456.054695127493,-7.86013096310421,4.67205937917328,472.509074339555,478.200087038832,5.69101269927745,5.07777949082794,490.347198618522,488.291642370815,-2.05555624770767,4.59955044687594,26.2825999957294,17.6986714202085,-8.58392857552082,6.1804832290814,34.8768482446869,39.8440633315478,4.96721508686085,6.07045570827824,52.7149725236547,49.9356186635304,-2.77935386012427,6.50245732693757,8.59424824895757,22.1453919113392,13.5511436623817,6.94016538752123,26.4323725279253,32.2369472433219,5.80457471539654,6.0953197717787,17.8381242789678,10.0915553319826,-7.74656894698512,6.41384625761222
hisei_h,ISR,36,413.445858547747,413.253363690485,-0.192494857261636,5.44194819356871,462.017458135399,450.519645624068,-11.4978125113305,5.21780619484209,494.341015652388,479.323137564388,-15.0178780879993,6.29202358290923,507.398702397781,491.180120704892,-16.2185816928895,6.76579698794851,48.5715995876519,37.266281933583,-11.3053176540689,6.36904006467851,80.8951571046409,66.0697738739032,-14.8253832307377,7.64004303574791,93.9528438500342,77.9267570144064,-16.0260868356278,7.81006265579266,32.323557516989,28.8034919403202,-3.5200655766688,6.35340529518228,45.3812442623823,40.6604750808233,-4.72076918155898,6.24723082673673,13.0576867453933,11.8569831405031,-1.20070360489018,6.23152067088561
hisei_h,ITA,36,440.072615545336,442.22990891203,2.15729336669455,4.97930835324896,462.902982232889,463.828762335493,0.925780102603426,4.83705189638958,487.15963789453,488.069292694981,0.909654800451676,5.17538108335275,507.293638662142,506.546800959876,-0.746837702265964,6.08264375898951,22.8303666875535,21.5988534234624,-1.23151326409112,5.38694368437396,47.087022349194,45.8393837829511,-1.24763856624287,5.8277728630731,67.2210231168066,64.3168920478461,-2.90413106896051,6.97584445358437,24.2566556616405,24.2405303594887,-0.0161253021517496,5.31480390473987,44.3906564292531,42.7180386243837,-1.67261780486939,6.29809945918849,20.1340007676126,18.4775082648949,-1.65649250271764,4.84725383277866
hisei_h,JPN,36,508.929699141662,498.96146930449,-9.96822983717158,6.53958178520466,545.429201000921,536.541969392264,-8.8872316086572,5.90982314565692,537.835163898583,531.694680781225,-6.14048311735849,6.41540605575645,564.43288378772,560.337207988906,-4.09567579881434,6.84353483767354,36.4995018592592,37.5805000877736,1.08099822851437,6.72866372708508,28.9054647569217,32.7332114767348,3.82774671981309,6.96918069904461,55.5031846460588,61.375738684416,5.87255403835724,8.42169566274104,-7.59403710233755,-4.84728861103883,2.74674849129872,6.15674555941018,19.0036827867996,23.7952385966424,4.79155580984286,6.62288545730696,26.5977198891371,28.6425272076813,2.04480731854414,6.79409873746359
hisei_h,KOR,36,501.772269263116,493.856547958616,-7.91572130450061,6.60909515003321,531.560956446976,530.589905938746,-0.971050508230064,5.91262987828136,530.459194260003,543.431332426409,12.9721381664062,6.97184084682435,561.20422560134,565.092479192766,3.88825359142572,6.48209500551275,29.7886871838595,36.7333579801301,6.94467079627054,6.22348836469473,28.6869249968864,49.5747844677932,20.8878594709068,6.0746339373995,59.4319563382238,71.2359312341501,11.8039748959263,7.52221386892295,-1.10176218697313,12.8414264876632,13.9431886746363,6.42794924840769,29.6432691543643,34.50257325402,4.85930409965579,6.1928581714214,30.7450313413374,21.6611467663569,-9.08388457498052,7.10404959215886
hisei_h,LTU,36,443.703557444045,447.214576680927,3.51101923688191,4.82775431631567,472.402599941001,487.252238014322,14.8496380733215,4.39209780829075,495.655118444594,502.599324365621,6.94420592102762,4.59041738493631,517.559869059816,512.366840446758,-5.19302861305789,5.41040226440357,28.6990424969559,40.0376613333955,11.3386188364396,5.97707448256081,51.9515610005489,55.3847476846946,3.43318668414571,6.34177498612001,73.8563116157709,65.1522637658311,-8.7040478499398,6.59286983441865,23.252518503593,15.3470863512991,-7.90543215229388,5.60872521045736,45.157269118815,25.1146024324356,-20.0426666863794,6.12763674470424,21.904750615222,9.76751608113648,-12.1372345340855,5.63732155011556
hisei_h,LVA,36,455.990120674725,441.75607474953,-14.2340459251943,4.15363178815556,475.548904357486,475.622081189049,0.0731768315629893,3.98980869492117,504.103694202445,492.748449861393,-11.3552443410518,4.18413123725683,515.624962166979,487.305816495842,-28.3191456711375,4.06113361164812,19.5587836827614,33.8660064395186,14.3072227567573,4.91234082699026,48.1135735277198,50.9923751118623,2.87880158414242,4.78609069514027,59.6348414922546,45.5497417463114,-14.0850997459432,5.08124548123904,28.5547898449585,17.1263686723436,-11.4284211726148,4.8635898284935,40.0760578094932,11.6837353067928,-28.3923225027004,5.15291678462505,11.5212679645347,-5.44263336555088,-16.9639013300856,5.07555376285744
hisei_h,MEX,36,375.667164067051,368.164662471876,-7.50250159517572,3.68514392750187,386.872261279249,384.620093941268,-2.25216733798015,3.47970418938786,405.962839722699,401.762262729533,-4.20057699316618,3.88305502702479,417.535730015002,413.844663703897,-3.69106631110475,4.81373945353558,11.2050972121972,16.4554314693928,5.25033425719556,3.85699956741617,30.295675655648,33.5976002576576,3.30192460200954,4.32040567256105,41.8685659479501,45.6800012320211,3.81143528407097,5.14323406657075,19.0905784434508,17.1421687882648,-1.94840965518603,3.80211137564631,30.6634687357529,29.2245697626283,-1.43889897312459,4.51004016842457,11.5728902923021,12.0824009743635,0.509510682061432,4.39948684399658
hisei_h,NLD,36,451.967903635752,447.638673361217,-4.32923027453512,6.55394565566076,493.946291718598,488.279628172528,-5.66666354606986,5.26136359534799,524.24326176414,518.437873382628,-5.80538838151176,5.24720999122534,545.820288259779,538.586803865605,-7.23348439417396,5.53412592394852,41.9783880828459,40.6409548113111,-1.33743327153474,6.11471685818101,72.2753581283874,70.7992000214108,-1.47615810697664,7.62773138136941,93.8523846240269,90.948130504388,-2.90425411963884,7.91656326427619,30.2969700455416,30.1582452100997,-0.138724835441906,6.12251070854601,51.873996541181,50.3071756930769,-1.5668208481041,6.77396283785773,21.5770264956394,20.1489304829772,-1.4280960126622,6.00811720178775
hisei_h,NOR,36,443.499859440942,418.4229101007,-25.0769493402424,3.84294731235944,471.527583318861,460.429152368243,-11.098430950618,4.05445514050154,487.695532050945,470.146886914361,-17.548645136584,4.474164074479,499.910105029052,496.991493742418,-2.91861128663453,4.84389448645371,28.027723877919,42.0062422675434,13.9785183896245,4.93114357181373,44.1956726100026,51.7239768136611,7.52830420365848,5.1866445287735,56.4102455881101,78.568583641718,22.1583380536079,5.24620040472318,16.1679487320836,9.71773454611764,-6.45021418596599,4.98988856780294,28.3825217101911,36.5623413741745,8.17981966398344,5.44560943321901,12.2145729781075,26.8446068280569,14.6300338499494,5.4595834911785
hisei_h,NZL,36,443.727724746877,453.644742221044,9.91701747416698,4.90131772874361,483.200652127286,483.518090779978,0.317438652692317,5.49363941085143,504.980862141889,510.472701124414,5.49183898252483,5.08983245568483,518.429121662804,524.087580838935,5.65845917613092,5.05189001555006,39.4729273804089,29.8733485589342,-9.59957882147467,7.04460140193251,61.2531373950122,56.82795890337,-4.42517849164216,6.63250251074564,74.7013969159269,70.4428386178908,-4.25855829803606,6.9194306317779,21.7802100146033,26.9546103444358,5.17440032983251,7.45418068387031,35.228469535518,40.5694900589566,5.3410205234386,6.728475585092,13.4482595209147,13.6148797145208,0.166620193606093,6.63476774605237
hisei_h,POL,36,461.271968851693,463.909735107105,2.63776625541169,4.564380992923,478.298083602184,479.513199970325,1.21511636814103,4.48146755374931,509.719302612302,516.767461794236,7.04815918193356,4.63277848829329,533.084566587357,527.886943605415,-5.19762298194155,5.21434736702892,17.0261147504902,15.6034648632195,-1.42264988727067,5.42158972351595,48.4473337606087,52.8577266871306,4.41039292652187,6.02358362061144,71.8125977356633,63.97720849831,-7.83538923735324,6.86526924854676,31.4212190101185,37.2542618239111,5.83304281379253,5.1043738756241,54.7864829851731,48.3737436350905,-6.41273935008258,5.75849174361169,23.3652639750545,11.1194818111794,-12.2457821638751,5.23320109417157
hisei_h,PRT,36,435.036397770834,424.498754192997,-10.5376435778378,5.26527242246674,457.712655469763,452.005893524004,-5.7067619457593,4.88865865879287,490.669098627173,483.268628041827,-7.40047058534674,4.3939481710705,520.515215372656,514.67779086259,-5.83742451006674,5.53257381348411,22.6762576989291,27.5071393310076,4.8308816320785,5.63584584040746,55.632700856339,58.76987384883,3.13717299249106,5.76342102207239,85.478817601822,90.179036669593,4.70021906777106,6.9776370254584,32.9564431574099,31.2627345178224,-1.69370863958744,4.91123740127823,62.8025599028929,62.6718973385854,-0.130662564307443,6.09530625344712,29.846116745483,31.409162820763,1.56304607528,5.56833436385507
hisei_h,SVK,36,403.160406379912,426.644404304925,23.4839979250131,6.16352745980994,463.266296482591,466.778412384003,3.51211590141236,5.1978670644404,489.33612683518,499.169731275978,9.83360444079801,4.81095762700436,525.969497126099,529.384797917024,3.41530079092502,5.48352362080056,60.1058901026784,40.1340080790777,-19.9718820236007,6.90049556739361,86.1757204552676,72.5253269710525,-13.650393484215,7.40128244314619,122.809090746187,102.740393612098,-20.068697134088,8.1952899849712,26.0698303525892,32.3913188919748,6.32148853938566,6.3492443536255,62.7032006435081,62.6063855330208,-0.0968151104873414,7.19431678775213,36.633370290919,30.215066641046,-6.418303649873,5.95319353310858
hisei_h,SVN,36,443.397374737549,432.421883047296,-10.9754916902533,4.46205739690978,476.358643790668,461.231543855807,-15.1270999348617,4.0802291680514,507.237977182098,486.970515480093,-20.2674617020053,4.37824456407486,523.989704518845,503.745051623995,-20.2446528948502,4.11920300854066,32.9612690531193,28.8096608085109,-4.15160824460844,5.866779087056,63.8406024445493,54.5486324327973,-9.29197001175203,6.1789068705818,80.5923297812959,71.3231685766989,-9.26916120459697,6.2119187286158,30.87933339143,25.7389716242864,-5.14036176714359,5.78740831578226,47.6310607281765,42.513507768188,-5.11755295998853,5.91368665911151,16.7517273367466,16.7745361439016,0.0228088071550587,5.61451702373382
hisei_h,SWE,36,447.48379734766,431.729287890046,-15.7545094576142,4.14868007721164,482.417162509658,470.038790567602,-12.3783719420564,4.42496432206721,509.945129716687,492.852534197612,-17.0925955190744,4.49920186843752,516.432110733913,509.886442715953,-6.54566801795943,4.78396193233583,34.9333651619981,38.3095026775559,3.37613751555784,5.36283450656685,62.4613323690267,61.1232463075665,-1.33808606146016,5.47164369051226,68.9483133862524,78.1571548259072,9.2088414396548,5.85407561431707,27.5279672070286,22.8137436300106,-4.714223577018,5.67151341429988,34.0149482242543,39.8476521483512,5.83270392409696,5.68615711924823,6.48698101722573,17.0339085183407,10.546927501115,5.05651264240441
hisei_h,TUR,36,424.422770391787,436.559130858575,12.1363604667875,3.94634632838594,437.138838978954,444.872539397845,7.73370041889103,4.29422707194765,458.573046666995,472.672953278731,14.0999066117356,4.27248905520148,496.193340691673,517.923900763548,21.7305600718745,4.94885622134871,12.7160685871665,8.31340853927009,-4.40266004789646,4.56792793019201,34.1502762752081,36.1138224201562,1.96354614494811,4.95007255993426,71.7705702998864,81.3647699049733,9.594199605087,5.92990219334793,21.4342076880415,27.8004138808861,6.36620619284457,4.93149544635998,59.0545017127198,73.0513613657033,13.9968596529835,5.89359464501686,37.6202940246783,45.2509474848172,7.63065346013889,5.80452483683758
hisei_h,USA,36,430.364264459122,426.75107806423,-3.61318639489184,7.47383471806747,455.066637870187,452.810224878768,-2.25641299141904,6.76499281913776,479.075727801617,484.226577983475,5.15085018185783,14.02448515458,514.395194338125,514.272219978693,-0.122974359431851,12.2448894864851,24.7023734110654,26.0591468145382,1.3567734034728,8.43456221991839,48.7114633424957,57.4754999192454,8.76403657674968,15.6116672334207,84.030929879003,87.521141914463,3.49021203545999,13.6320856822872,24.0090899314303,31.4163531047071,7.40726317327687,14.517781579592,59.3285564679376,61.4619950999248,2.13343863198719,12.6803704384298,35.3194665365073,30.0456419952176,-5.27382454128968,9.08292922941352
hisei_h,OECD,36,441.581912844203,436.895152838539,-4.68676000566336,1.44313601705569,471.201409233257,467.684918165503,-3.51649106775426,1.42586937479121,493.061056801852,490.264205160113,-2.79685164173901,1.48176086204642,516.782451487236,510.305410120345,-6.47704136689185,1.51139235034657,29.619496389054,30.7897653269631,1.1702689379091,0.918470566040877,51.4791439576491,53.3690523215734,1.88990836392435,1.03309970805901,75.2005386430336,73.4102572818051,-1.79028136122849,1.11366444273961,21.8596475685951,22.5792869946103,0.719639426015249,0.974448184674239,45.5810422539796,42.620491954842,-2.96055029913759,1.01767216272263,23.7213946853846,20.0412049602317,-3.68018972515284,0.936648112410851
hisei_h,OECD35,35,441.523902991632,437.133105833565,-4.3907971580669,1.45273138162818,471.365934376467,468.082951392417,-3.28298298405025,1.43495679328593,493.136632060044,490.5492714358,-2.58736062424424,1.49380146025267,516.911781038805,510.747890595021,-6.1638904437844,1.52417267960407,29.8420313848358,30.9498455588525,1.10781417401665,0.940193615394121,51.6127290684125,53.4161656022351,1.80343653382266,1.05866296774433,75.3878780471737,73.6147847614562,-1.77309328571749,1.14089455965518,21.7706976835767,22.4663200433827,0.695622359806009,0.998045575250972,45.5458466623379,42.6649392026037,-2.88090745973415,1.04219380880131,23.7751489787612,20.198619159221,-3.57652981954016,0.959451716870588
pared_h,AUS,36,453.686136998255,445.225863731098,-8.46027326715711,3.33974196440429,488.036401624563,481.300468890935,-6.73593273362826,3.68133567724198,508.485476109459,507.657602601081,-0.827873508378559,4.442264443054,506.443466320935,502.077437429417,-4.36602889151817,4.21152282145249,34.350264626308,36.0746051598368,1.72434053352885,4.2513859276388,54.7993391112041,62.4317388699826,7.63239975877855,4.89430913694829,52.7573293226802,56.8515736983191,4.09424437563894,4.92321098174783,20.4490744848961,26.3571337101458,5.9080592252497,4.57377143189185,18.4070646963722,20.7769685384823,2.36990384211009,4.46023053849789,-2.0420097885239,-5.58016517166351,-3.53815538313961,4.72434308325893
pared_h,AUT,36,459.330551637635,458.348853439966,-0.981698197669232,4.68054275952538,484.702153589637,472.415298723763,-12.2868548658748,4.49441558468677,503.448239003668,492.399278994442,-11.0489600092259,4.36370023253364,516.516849474336,510.487561085063,-6.02928838927335,5.16461196035019,25.3716019520023,14.0664452837967,-11.3051566682056,5.03596497725309,44.1176873660331,34.0504255544764,-10.0672618115566,5.03756288882048,57.1862978367014,52.1387076450973,-5.04759019160412,5.98622427068444,18.7460854140307,19.9839802706797,1.23789485664895,4.97054549698859,31.8146958846991,38.0722623613005,6.25756647660148,5.0323592296118,13.0686104706683,18.0882820906209,5.01967161995253,5.24218991097292
pared_h,BEL,36,457.208679817437,453.757051058134,-3.45162875930305,4.64598983002355,500.139843605979,496.06805744965,-4.07178615632915,4.57561437659678,506.704302873686,517.256543882859,10.5522410091728,4.50402458718166,508.465115273712,513.883691942352,5.41857666864041,4.73023913485469,42.9311637885427,42.3110063915166,-0.620157397026105,5.14494124717314,49.4956230562495,63.4994928247253,14.0038697684759,5.35466824025727,51.256435456275,60.1266408842185,8.87020542794346,5.50122588130274,6.56445926770675,21.1884864332087,14.624027165502,5.17213899923952,8.3252716677323,17.8156344927019,9.49036282496957,5.03748940289366,1.76081240002554,-3.37285194050685,-5.13366434053239,5.03604163742316
pared_h,CAN,36,470.924847631514,460.391104852723,-10.533742778791,3.34064779273745,497.972013994108,491.271062550195,-6.70095144391331,3.30447112162302,513.82179358789,515.414707409423,1.59291382153265,3.66256629062172,513.423696947965,512.346390145926,-1.07730680203895,3.72070443928008,27.0471663625944,30.879957697472,3.83279133487764,3.79809792887561,42.8969459563766,55.0236025567002,12.1266566003236,4.05240558136683,42.4988493164513,51.9552852932033,9.456435976752,4.17805344493834,15.8497795937822,24.1436448592281,8.29386526544596,3.85893836663669,15.4516829538569,21.0753275957313,5.62364464187436,3.88166109272183,-0.398096639925257,-3.06831726349685,-2.6702206235716,3.87585990960413
pared_h,CHE,36,481.37640055252,471.976634080355,-9.39976647216503,5.29545994118871,504.657312405865,495.796239754022,-8.86107265184262,4.74392480589422,532.984661132479,533.195623523881,0.210962391402518,5.1334399532731,529.368170172816,539.182944026919,9.81477385410244,4.59868546471212,23.2809118533449,23.8196056736673,0.538693820322408,5.91072099115955,51.6082605799588,61.2189894435264,9.61072886356754,5.9822668237904,47.9917696202964,67.2063099465639,19.2145403262675,5.95439029863371,28.3273487266139,37.3993837698591,9.07203504324514,5.85674612764006,24.7108577669515,43.3867042728966,18.6758465059451,5.54002455850923,-3.61649095966243,5.9873205030375,9.60381146269992,5.31351085955134
pared_h,CHL,36,390.484111139064,379.337927809093,-11.1461833299705,4.06018414279842,412.1879381563,397.489811985611,-14.6981261706885,4.14592687255773,428.368479301374,423.238904956869,-5.12957434450482,4.22062167796069,426.564122229896,428.159955986332,1.59583375643609,4.32747240280463,21.7038270172362,18.1518841765182,-3.55194284071797,4.3357880768986,37.8843681623105,43.9009771477761,6.01660898546567,5.08755468080839,36.0800110908319,48.8220281772385,12.7420170864066,5.18396670332307,16.1805411450743,25.7490929712579,9.56855182618364,4.93815708874614,14.3761840735957,30.6701440007203,16.2939599271245,4.68002496390295,-1.80435707147859,4.92105102946232,6.72540810094091,4.35031254719539
pared_h,COL,36,362.321648837826,354.105602081213,-8.21604675661297,3.97589587981807,371.147806828285,378.29742039317,7.14961356488482,4.31452021614883,401.170806433556,401.7920275438,0.621221110243312,5.15798961750445,401.169854129457,412.983076246182,11.8132221167244,7.40359072270378,8.82615799045863,24.1918183119564,15.3656603214978,4.27038859317997,38.8491575957301,47.6864254625863,8.83726786685628,5.54700517348849,38.8482052916312,58.8774741649685,20.0292688733373,7.80301293807566,30.0229996052714,23.4946071506299,-6.52839245464151,4.65171708970931,30.0220473011726,34.6856558530121,4.66360855183956,6.94733015668817,-0.000952304098859713,11.1910487023822,11.1920010064811,5.34252729764509
pared_h,CZE,36,460.523033643139,447.89018698415,-12.6328466589894,4.6280838352304,467.03739569511,462.587367691599,-4.4500280035104,4.60708582111541,499.47620826075,499.768636534902,0.292428274152485,4.42535345203149,524.577645217925,515.710106843571,-8.86753837435401,4.7430026231444,6.51436205197058,14.6971807074495,8.18281865547897,4.82709584653212,38.9531746176108,51.8784495507526,12.9252749331419,5.34775019739978,64.0546115747859,67.8199198594213,3.76530828463535,5.90246749720943,32.4388125656402,37.1812688433031,4.74245627766288,5.18296334080725,57.5402495228153,53.1227391519717,-4.41751037084362,5.18230819436774,25.1014369571751,15.9414703086686,-9.1599666485065,4.64995656571297
pared_h,DEU,36,452.03148081332,428.314047483606,-23.7174333297135,4.9179183622261,477.289246775152,481.896074758745,4.60682798359284,4.99569922376589,501.015634670486,497.610398367377,-3.40523630310878,5.33032227405221,505.695260586228,513.298056239354,7.60279565312538,6.00341178391312,25.2577659618326,53.5820272751388,28.3242613133063,5.64764741963133,48.9841538571664,69.2963508837711,20.3121970266047,6.02773231090088,53.6637797729084,84.9840087557473,31.3202289828388,6.64140198971056,23.7263878953339,15.7143236086322,-8.01206428670162,5.58936452749101,28.4060138110759,31.4019814806084,2.99596766953255,6.35463601594158,4.67962591574201,15.6876578719762,11.0080319562342,5.93155141839843
pared_h,DNK,36,474.021098824927,447.97080507364,-26.0502937512867,4.15422933604133,498.872544647531,478.106337172987,-20.7662074745438,4.59908971440798,500.554022287986,495.077482551909,-5.47653973607692,4.9878070148274,493.329350103866,495.679774051163,2.35042394729658,4.71513447544165,24.8514458226042,30.1355320993471,5.28408627674293,5.84223482804819,26.5329234630592,47.1066774782689,20.5737540152098,5.93537429938882,19.3082512789392,47.7089689775225,28.4007176985833,5.90995747145878,1.681477640455,16.9711453789218,15.2896677384668,5.29342133078268,-5.54319454366492,17.5734368781754,23.1166314218403,5.47970912139832,-7.22467218411993,0.602291499253568,7.82696368337349,6.00067803137342
pared_h,ESP,36,446.139502827736,428.588891440129,-17.5506113876065,3.14051341201276,480.902896858372,457.493968957499,-23.4089279008728,3.10901302239222,486.108792162117,480.893174781879,-5.21561738023814,3.32266975421691,485.351897431724,481.701981264718,-3.64991616700661,3.05072884381369,34.7633940306362,28.9050775173699,-5.85831651326623,3.35268225307513,39.9692893343808,52.3042833417492,12.3349940073684,3.79737983226183,39.2123946039882,53.1130898245882,13.9006952205999,3.56886889633368,5.20589530374463,23.3992058243792,18.1933105206346,3.51827659272148,4.44900057335207,24.2080123072182,19.7590117338661,3.05651380123574,-0.75689473039256,0.808806482838975,1.56570121323153,3.17152497278052
pared_h,EST,36,488.914855930746,478.786362031747,-10.1284938989992,4.15249578693815,496.102479572684,499.953507602451,3.85102802976729,4.29466880978619,528.666982114495,529.671864185914,1.00488207141893,4.50656963753017,528.443582559579,532.189723766364,3.7461412067853,4.78414354334018,7.18762364193844,21.1671455707049,13.9795219287665,4.94396328960999,39.7521261837492,50.8855021541674,11.1333759704181,5.32620434538956,39.5287266288333,53.4033617346178,13.8746351057845,5.75542845249016,32.5645025418108,29.7183565834624,-2.84614595834836,5.181059353203,32.3411029868949,32.2362161639129,-0.104886822981996,5.02119893238794,-0.223399554915886,2.51785958045048,2.74125913536636,4.95991627945245
pared_h,FIN,36,459.011913719463,440.246645175177,-18.7652685442853,3.77444503585305,495.299764191265,472.125814977025,-23.1739492142396,4.01124635067203,495.973057353855,492.962499347167,-3.01055800668837,3.83150986632248,494.439605362442,495.24515169611,0.805546333668417,4.10682450944864,36.2878504718024,31.879169801848,-4.40868066995432,4.436411879839,36.9611436343928,52.7158541719898,15.7547105375969,4.69120609740729,35.4276916429793,54.998506520933,19.5708148779537,4.50973911087313,0.673293162590483,20.8366843701417,20.1633912075512,4.3874572144903,-0.860158828823103,23.1193367190849,23.979495547908,4.28083319373929,-1.53345199141359,2.2826523489432,3.81610434035679,4.24898154332548
pared_h,FRA,36,442.674165169013,431.590768017703,-11.0833971513099,4.51583914953855,478.568570169714,459.107483227231,-19.4610869424836,4.86373490367849,492.887682194721,488.344235648871,-4.54344654584986,5.29164541363009,491.983946372135,494.772653129966,2.78870675783116,5.14425302303527,35.8944050007016,27.5167152095278,-8.37768979117374,5.00932243393621,50.2135170257085,56.7534676311685,6.53995060546004,5.60758556586479,49.3097812031224,63.1818851122635,13.8721039091411,5.49640475396125,14.3191120250069,29.2367524216407,14.9176403966338,5.62833825128488,13.4153762024209,35.6651699027357,22.2497937003148,5.52710802955201,-0.903735822586043,6.42841748109498,7.33215330368103,4.61806484580218
pared_h,GBR,36,475.429098740405,463.415987722744,-12.0131110176608,4.8005018362706,491.238411718369,490.181846128277,-1.05656559009196,3.88197076286974,511.446409299219,520.676735644234,9.23032634501436,5.24925850782914,506.022992408498,524.841379613159,18.8183872046615,5.88568903205066,15.8093129779643,26.7658584055332,10.9565454275689,5.33822928634766,36.0173105588144,57.2607479214896,21.2434373626752,6.22274461005974,30.5938936680927,61.425391890415,30.8314982223224,7.21422467326535,20.20799758085,30.4948895159563,10.2868919351063,5.74101928438591,14.7845806901283,34.6595334848818,19.8749527947535,6.14681383986076,-5.42341689072168,4.16464396892548,9.58806085964716,5.81519188895424
pared_h,GRC,36,406.899011307476,397.177551961729,-9.72145934574695,4.4562137179129,429.94048202708,414.140218297365,-15.8002637297151,4.79765909694681,441.987934201711,453.479929330922,11.4919951292101,5.22176966432728,444.278550900869,447.674696270958,3.39614537008833,4.71733399883014,23.0414707196046,16.9626663356364,-6.07880438396819,5.15079013634449,35.0889228942355,56.3023773691926,21.2134544749571,5.99916276738088,37.3795395933934,50.4971443092287,13.1176047158353,5.32272657596457,12.047452174631,39.3397110335562,27.2922588589253,5.00300765947341,14.3380688737889,33.5344779735923,19.1964090998035,4.44247016821655,2.29061669915791,-5.80523305996388,-8.09584975912179,4.60318087475093
pared_h,HUN,36,442.162290021632,425.25097900636,-16.9113110152726,5.15968489849727,471.178487122252,451.490006049724,-19.6884810725283,4.61699532928563,491.697135150225,489.896775599676,-1.80035955054893,5.22789355129671,489.33577818684,490.289403145795,0.953624958955231,5.28734839917231,29.0161971006198,26.2390270433642,-2.77717005725566,5.96724827676318,49.5348451285929,64.6457965933166,15.1109514647237,6.65010006101549,47.1734881652078,65.0384241394357,17.8649359742279,6.31099466868083,20.5186480279731,38.4067695499525,17.8881215219794,5.69327468978124,18.157291064588,38.7993970960715,20.6421060314835,5.61608857614496,-2.36135696338511,0.392627546119059,2.75398450950416,5.03451897625501
pared_h,IRL,36,467.527036318423,450.834410577511,-16.6926257409114,3.9692609143004,495.223241946157,490.835188119006,-4.38805382715111,3.79439864259582,503.333697061918,497.846165554683,-5.48753150723496,4.03974151767363,504.592152144716,498.153727817805,-6.43842432691059,3.97054284951783,27.6962056277347,40.000777541495,12.3045719137602,4.64731218153711,35.8066607434948,47.0117549771712,11.2050942336764,4.93244869528918,37.0651158262928,47.3193172402936,10.2542014140008,4.67192808964008,8.11045511576009,7.01097743567624,-1.09947768008385,4.72663710762085,9.36891019855807,7.31853969879859,-2.05037049975948,4.55334116944794,1.25845508279798,0.30756226312235,-0.95089281967563,4.64838242451288
pared_h,ISL,36,434.977345438519,439.709419300548,4.73207386202904,4.89516820269882,464.548865927196,459.684173692344,-4.86469223485261,5.07869951767701,469.255760615767,483.517750942411,14.2619903266441,4.53387227985267,472.984784284411,469.215087033275,-3.76969725113582,4.93702461356439,29.5715204886774,19.9747543917958,-9.59676609688165,6.9661570590845,34.2784151772478,43.8083316418628,9.52991646461504,6.66124826553587,38.0074388458918,29.505667732727,-8.50177111316486,6.87174858962889,4.70689468857034,23.833577250067,19.1266825614967,6.55309126734311,8.43591835721441,9.53091334093119,1.09499498371679,6.82624789012558,3.72902366864406,-14.3026639091358,-18.0316875777799,6.46498043143079
pared_h,ISR,36,416.400061219857,410.404911259721,-5.99514996013619,5.67469190452131,465.579503524317,458.594862281152,-6.98464124316507,5.64252075300461,479.195752188107,473.874147374822,-5.32160481328486,6.16313214055597,482.485340863036,467.557112493476,-14.9282283695604,6.23301625184798,49.1794423044605,48.1899510214316,-0.989491283028883,6.63583527153615,62.7956909682503,63.4692361151016,0.673545146851325,7.04323141247623,66.0852796431791,57.1522012337549,-8.93307840942424,6.71358025478687,13.6162486637899,15.2792850936701,1.66303642988021,5.85650565667243,16.9058373387186,8.96225021232328,-7.94358712639536,6.22500548216305,3.28958867492878,-6.31703488134679,-9.60662355627557,5.75154530267738
pared_h,ITA,36,448.435492676264,445.470459728872,-2.96503294739227,5.11347014743574,470.742572573186,461.824311180976,-8.91826139220973,4.6172454714462,483.234557482007,480.271880426852,-2.96267705515504,5.75470845372105,485.585538225277,498.101690106407,12.5161518811306,5.9441247060299,22.3070798969212,16.3538514521038,-5.95322844481746,5.22317603899545,34.7990648057422,34.8014206979794,0.00235589223723309,6.50002827681317,37.1500455490124,52.6312303775353,15.4811848285229,6.70237938007535,12.491984908821,18.4475692458757,5.95558433705469,5.15856806111637,14.8429656520912,36.2773789254315,21.4344132733403,5.61452330869337,2.35098074327016,17.8298096795558,15.4788289362857,4.52902064071463
pared_h,JPN,36,500.958277154708,484.725595768536,-16.2326813861721,6.8104070933909,530.835155450601,520.181303685581,-10.6538517650206,6.0768707912522,557.973310762411,555.1309271274,-2.84238363501049,6.70046539196239,555.986985994553,555.839992109794,-0.146993884759013,6.07314546629468,29.8768782958931,35.4557079170447,5.57882962115156,6.48593556977282,57.0150336077028,70.4053313588644,13.3902977511617,7.96616192615714,55.028708839845,71.1143963412581,16.0856875014131,7.81314064411152,27.1381553118097,34.9496234418198,7.8114681300101,5.941249827776,25.1518305439519,35.6586884242134,10.5068578802616,5.97186166495329,-1.98632476785781,0.70906498239367,2.69538975025148,5.84833155999029
pared_h,KOR,36,504.35680592554,482.959607978141,-21.3971979473985,6.83644788105424,511.55307700164,535.863081257402,24.310004255762,6.69701309554852,552.105324630987,545.695160597353,-6.41016403363358,7.58526169507131,545.026784044682,544.25523029636,-0.771553748322049,6.14670638830577,7.19627107610069,52.9034732792612,45.7072022031605,7.08017620066983,47.7485187054471,62.735552619212,14.9870339137649,7.90336063430072,40.6699781191427,61.2956223182192,20.6256441990764,7.70966520943119,40.5522476293464,9.83207933995084,-30.7201682893956,7.50599477794634,33.4737070430421,8.392149038958,-25.0815580040841,6.74099627861536,-7.07854058630437,-1.43993030099284,5.63861028531153,6.26964185810777
pared_h,LTU,36,447.368020363316,447.038786741727,-0.329233621589538,3.92181744736086,475.031249625463,478.101126988906,3.06987736344286,4.18592105039245,488.889991999719,491.627021511503,2.73702951178399,4.25670006622938,494.250072167046,493.774448650781,-0.47562351626425,4.43896424316578,27.6632292621463,31.0623402471787,3.39911098503239,5.27795806307468,41.5219716364026,44.5882347697761,3.06626313337353,5.58965831398925,46.8820518037291,46.7356619090544,-0.146389894674712,5.4663108093919,13.8587423742563,13.5258945225974,-0.332847851658869,5.0921899239988,19.2188225415828,15.6733216618757,-3.54550087970711,5.20635320401055,5.36008016732649,2.14742713927825,-3.21265302804824,4.25604326848259
pared_h,LVA,36,460.127713495842,444.841130913991,-15.2865825818507,4.77071410172658,469.937990293722,453.529234983371,-16.4087553103514,4.23368195329406,500.800328821234,489.932196426426,-10.8681323948081,4.21023894468695,504.900639558892,492.979117630891,-11.9215219280008,4.61573134917798,9.81027679788014,8.68810406937945,-1.12217272850069,5.51942042776985,40.6726153253918,45.0910655124343,4.41845018704254,5.91736272153365,44.7729260630498,48.1379867168997,3.36506065384987,5.70761515577847,30.8623385275117,36.4029614430549,5.54062291554322,5.17041148870944,34.9626492651697,39.4498826475202,4.48723338235055,5.4841220310072,4.10031073765799,3.04692120446532,-1.05338953319267,5.48477471959152
pared_h,MEX,36,373.250826028541,367.527940508935,-5.7228855196056,3.46235758083871,392.002002676203,385.680896351022,-6.32110632518067,3.82138494151116,401.056444947146,395.735819099494,-5.32062584765225,4.30029003900327,414.39604033124,413.198489665942,-1.1975506652974,5.12105435346882,18.7511766476621,18.1529558420871,-0.598220805575068,4.24482022231263,27.8056189186058,28.2078785905591,0.402259671953345,4.79625523000707,41.145214302699,45.6705491570072,4.5253348543082,5.16760044269845,9.05444227094364,10.0549227484721,1.00048047752841,4.5388416421555,22.3940376550368,27.5175933149201,5.12355565988327,5.41820929587525,13.3395953840932,17.462670566448,4.12307518235485,4.38985769489494
pared_h,NLD,36,471.846805033094,456.038493309275,-15.8083117238186,6.4858373121471,504.46548293463,476.948489530147,-27.5169934044824,5.8318372128548,506.115747480205,517.788192219799,11.6724447395936,5.54965142035043,504.541340936354,521.511243164355,16.969902228001,6.35097809271989,32.618677901536,20.9099962208722,-11.7086816806637,6.96892465055832,34.2689424471115,61.7496989105238,27.4807564634123,7.71095503860683,32.6945359032607,65.4727498550803,32.7782139518197,6.89045475007035,1.65026454557551,40.8397026896515,39.189438144076,5.96129578600905,0.0758580017246686,44.5627536342081,44.4868956324834,6.76651747076881,-1.57440654385084,3.72305094455658,5.29745748840742,6.04496513593633
pared_h,NOR,36,445.352831198136,418.202779063717,-27.1500521344195,3.95358044198793,476.4653591586,460.723152607201,-15.7422065513986,4.49632705767754,485.120195026302,480.335375248591,-4.78481977771099,4.66608724479218,481.578635603034,480.538162207989,-1.04047339504518,4.85505850704149,31.1125279604633,42.5203735434843,11.407845583021,5.39321688124048,39.7673638281658,62.1325961848743,22.3652323567085,5.52232413279644,36.225804404898,62.3353831442723,26.1095787393743,5.67287394614334,8.6548358677025,19.6122226413901,10.9573867736876,5.29468183664099,5.11327644443469,19.8150096007881,14.7017331563534,5.60711433721087,-3.54155942326781,0.202786959397997,3.74434638266581,5.26655157797561
pared_h,NZL,36,448.62949227557,462.45132094159,13.82182866602,4.56920381834324,486.469478759903,484.278591130411,-2.19088762949178,5.14021503020934,502.45181548063,514.589448874055,12.1376333934252,5.63699034949671,510.688480731085,512.86507324789,2.17659251680453,5.82721961445712,37.8399864843331,21.8272701888213,-16.0127162955118,6.07125710922657,53.8223232050606,52.1381279324658,-1.68419527259482,6.66124642981504,62.0589884555155,50.4137523063001,-11.6452361492155,6.99903542094224,15.9823367207276,30.3108577436445,14.328521022917,7.66226962690111,24.2190019711825,28.5864821174788,4.36748014629632,7.92216332613201,8.23666525045491,-1.72437562616574,-9.96104087662064,7.47919935079242
pared_h,POL,36,467.019964564556,455.857657305813,-11.1623072587432,4.48571219490559,469.432350218045,463.780421013336,-5.65192920470832,4.37770202549263,505.032029565342,519.800843253967,14.7688136886242,5.46348463901535,522.180101437167,516.760452572708,-5.41964886445851,4.85514918656804,2.41238565348829,7.92276370752319,5.5103780540349,4.6225550366578,38.012065000786,63.9431859481535,25.9311209473675,6.5527257494608,55.1601368726103,60.902795266895,5.74265839428472,6.03272517208395,35.5996793472978,56.0204222406303,20.4207428933325,5.96544918551548,52.747751219122,52.9800315593718,0.232280340249815,5.26468839619653,17.1480718718242,-3.04039068125849,-20.1884625530827,5.1350962206109
pared_h,PRT,36,434.133100039,422.745035131715,-11.388064907285,5.00602942773802,470.755360177632,456.629972544926,-14.125387632706,4.08590069448072,488.470759839793,485.144324907898,-3.32643493189477,5.64862294594172,499.885680703579,497.333445264422,-2.5522354391569,5.25004826706185,36.6222601386315,33.8849374132105,-2.737322725421,4.70687576344778,54.3376598007924,62.3992897761826,8.06162997539025,5.63839817544678,65.7525806645788,74.5884101327069,8.83582946812811,5.89688755227208,17.7153996621609,28.5143523629722,10.7989527008112,5.92909418322866,29.1303205259473,40.7034727194964,11.5731521935491,5.62846821723503,11.4149208637864,12.1891203565243,0.774199492737864,5.65408284506849
pared_h,SVK,36,435.359093015268,432.908441620466,-2.45065139480187,5.67520638846677,454.614779524359,457.655519800027,3.04074027566827,5.23475595707669,479.625768751178,500.645006828731,21.019238077553,5.42543022819221,488.887634135899,508.155293806338,19.2676596704384,6.1445027624854,19.2556865090911,24.7470781795612,5.49139167047014,6.11448764280067,44.2666757359102,67.7365652082651,23.4698894723549,7.04482818779328,53.5285411206311,75.2468521858714,21.7183110652403,8.0173652262101,25.0109892268191,42.9894870287039,17.9784978018848,6.62954932367622,34.2728546115401,50.4997740063103,16.2269193947702,7.0250848257423,9.26186538472098,7.51028697760637,-1.75157840711461,5.91676581711253
pared_h,SVN,36,457.981020630992,436.928403872851,-21.0526167581405,3.65203966320148,481.576903168787,455.413902815158,-26.1630003536293,4.28719764337974,500.190871155848,488.594775342329,-11.5960958135192,4.10950914410974,501.017035263669,484.574746655587,-16.4422886080814,3.95357082923893,23.5958825377953,18.4854989423064,-5.11038359548888,5.53997991094726,42.2098505248562,51.6663714694774,9.45652094462127,5.58992384310277,43.0360146326768,47.6463427827359,4.6103281500591,5.01837281038336,18.6139679870609,33.1808725271711,14.5669045401102,5.64463103381069,19.4401320948816,29.1608438404296,9.72071174554799,5.67632215385179,0.826164107820659,-4.02002868674151,-4.84619279456217,5.72987443143504
pared_h,SWE,36,458.855182495015,432.041033503956,-26.8141489910586,4.32206980083683,484.593241538779,475.613488161583,-8.97975337719635,4.52412598409246,498.441401274421,494.746907405537,-3.69449386888431,5.25076904628459,497.181404284335,493.285437937868,-3.89596634646637,4.68762080984955,25.7380590437647,43.5724546576269,17.8343956138622,5.35072922620289,39.5862187794063,62.7058739015806,23.1196551221743,5.83733423890192,38.3262217893199,61.2444044339121,22.9181826445922,5.81001697271595,13.8481597356416,19.1334192439537,5.28525950831204,6.10545989707632,12.5881627455552,17.6719497762852,5.08378703072998,5.56419921463279,-1.25999699008639,-1.46146946766845,-0.201472477582058,4.994520199655
pared_h,TUR,36,435.317400672763,429.101340358599,-6.21606031416468,3.8998914482018,443.226143262105,451.859164791928,8.63302152982254,3.98184604002353,453.837689346926,462.175616785354,8.33792743842804,4.19607596536399,480.965931632405,516.726789045001,35.7608574125961,5.21508620632062,7.90874258934184,22.7578244333291,14.8490818439872,4.15300181934346,18.5202886741627,33.0742764267554,14.5539877525927,4.98298081610693,45.6485309596415,87.6254486864022,41.9769177267608,6.20464065462609,10.6115460848208,10.3164519934263,-0.295094091394503,4.42672248748947,37.7397883702996,64.8676242530731,27.1278358827735,6.08611188640961,27.1282422854788,54.5511722596468,27.422929974168,6.03574208850781
pared_h,USA,36,437.423100944481,434.802504059756,-2.62059688472419,7.09119763543296,458.046241608096,466.006695614154,7.96045400605749,8.56526485708655,479.983604958319,491.359470793123,11.3758658348033,14.2270837639753,486.237098059959,483.78996876739,-2.447129292569,11.3832373715015,20.6231406636157,31.2041915543974,10.5810508907817,9.35868104488984,42.5605040138387,56.5569667333663,13.9964627195275,14.6967807119055,48.8139971154782,48.9874647076334,0.173467592155191,11.9713241666639,21.937363350223,25.3527751789688,3.41541182874585,11.1320019417335,28.1908564518625,17.783273153236,-10.4075832986265,9.86041475276365,6.25349310163949,-7.56950202573285,-13.8229951273723,9.066830680043
pared_h,OECD,36,449.123844363944,437.971237052647,-11.1526073112975,1.4408195825135,473.621465231991,465.914571143302,-7.70689408868896,1.44097959119561,491.108685209054,491.892984767376,0.784299558322061,1.50934503484152,494.410599002238,496.087208093267,1.6766090910296,1.50339057130106,24.497620868047,27.9433340906555,3.4457132226085,0.91552038331694,41.9848408451095,53.921747714729,11.9369068696195,1.05511046326522,45.2867546382935,58.1159710406206,12.8292164023271,1.05227100117026,17.4872199770625,25.9784136240735,8.49119364701102,0.952172422418161,20.7891337702466,30.1726369499651,9.38350317971856,0.965335236960079,3.30191379318404,4.19422332589159,0.892309532707543,0.904823344671788
pared_h,OECD35,35,449.209111264979,438.239304070147,-10.9698071948314,1.45023429766429,473.41342432838,466.155159777182,-7.25826455119801,1.45045787971672,491.251539296109,492.207265052676,0.955725756566665,1.52187283352349,494.66941904711,496.498214574083,1.82879552697347,1.51609129061975,24.2043130634017,27.9158557070351,3.71154264363344,0.93679333872842,42.0424280311304,53.9679609825286,11.9255329513981,1.07981948251379,45.4603077821308,58.2589105039357,12.7986027218049,1.07752195512882,17.8381149677288,26.0521052754934,8.21399030776468,0.974204948117274,21.2559947187291,30.3430547969006,9.08706007817148,0.989068409567674,3.41787975100038,4.29094952140719,0.873069770406801,0.926253581353613
homepos,AUS,36,441.393129678494,451.595401353057,10.2022716745628,4.03224916500605,479.235194258943,481.117644231863,1.88244997291963,3.63989536099357,504.79203842251,491.443260117894,-13.3487783046168,3.58233033523978,526.992117738905,492.874867675164,-34.1172500637413,3.85943315765592,37.8420645804488,29.5222428788056,-8.31982170164315,4.5989466105304,63.398908744016,39.8478587648364,-23.5510499791795,4.44226977205083,85.5989880604104,41.2794663221063,-44.3195217383041,4.79133627863477,25.5568441635672,10.3256158860308,-15.2312282775364,3.78509970029331,47.7569234799617,11.7572234433007,-35.999700036661,4.06399924182006,22.2000793163945,1.4316075572699,-20.7684717591246,3.95398247956634
homepos,AUT,36,426.58317125332,437.324932307125,10.7417610538043,5.31648268630176,480.173287380107,476.038536177433,-4.13475120267395,4.80732594886974,513.206593316896,494.102844774942,-19.1037485419548,4.12918549194687,532.141849786713,502.956721371174,-29.1851284155385,4.08947086541023,53.5901161267872,38.7136038703089,-14.8765122564783,5.47151588079732,86.6234220635762,56.7779124678171,-29.8455095957591,5.79069566929834,105.558678533392,65.6317890640497,-39.9268894693428,5.85704864682873,33.033305936789,18.0643085975082,-14.9689973392808,4.8461097857689,51.9685624066053,26.9181851937407,-25.0503772128645,5.35221078474895,18.9352564698163,8.85387659623257,-10.0813798735837,5.02753438800005
homepos,BEL,36,427.036959501866,435.350309279877,8.31334977801146,5.64976121789289,479.648566385383,477.271485424498,-2.37708096088437,4.35075291235933,510.868601802477,500.07665750212,-10.7919443003569,3.90591646294471,540.233021856667,511.832957547298,-28.4000643093684,4.98315736730601,52.611606883517,41.9211761446212,-10.6904307388958,5.56800797476654,83.8316423006115,64.7263482222431,-19.1052940783684,6.03954462104095,113.196062354801,76.4826482674212,-36.7134140873798,6.70012631228846,31.2200354170944,22.8051720776219,-8.41486333947256,4.98329184241311,60.584455471284,34.5614721228,-26.022983348484,5.64503889692957,29.3644200541896,11.7563000451781,-17.6081200090114,4.87680063300159
homepos,CAN,36,464.700186668015,465.404344713842,0.704158045827114,3.93405694397663,491.725984333034,491.845051221247,0.119066888213752,3.51558069993386,508.753733476947,501.169003636145,-7.58472984080174,3.44577138508492,526.787928378387,492.885347109569,-33.9025812688183,3.87380151053761,27.0257976650191,26.4407065074057,-0.585091157613363,4.08466208529608,44.0535468089325,35.7646589223037,-8.28888788662886,4.53978600325595,62.0877417103728,27.4810023957274,-34.6067393146454,4.51936695768615,17.0277491439135,9.32395241489797,-7.70379672901549,3.98998446794017,35.0619440453538,1.04029588832168,-34.0216481570321,4.24892564590976,18.0341949014403,-8.28365652657629,-26.3178514280166,3.96357342676358
homepos,CHE,36,446.388653297063,463.587546695368,17.1988933983053,5.06457354805389,494.328111985461,498.823294619489,4.49518263402723,4.50023302173088,529.533605393958,519.818600436882,-9.71500495707608,4.68548255090572,561.939649484179,518.18256369359,-43.7570857905882,4.98357655235756,47.9394586883985,35.2357479241205,-12.7037107642781,5.85148455113071,83.1449520968953,56.231053741514,-26.9138983553814,5.84906027433042,115.550996187116,54.5950169982222,-60.9559791888935,6.48983650233667,35.2054934084968,20.9953058173935,-14.2101875911033,4.99805614235118,67.6115374987172,19.3592690741017,-48.2522684246155,5.38323497308939,32.4060440902204,-1.63603674329181,-34.0420808335122,5.11816468443893
homepos,CHL,36,378.342039663602,380.638444230853,2.2964045672507,3.94788903997255,404.044554927735,396.492551400354,-7.55200352738126,4.17923464863136,421.038884949882,407.595467495984,-13.4434174538983,4.63479710525502,449.656870528859,431.882761269518,-17.7741092593409,4.34961043567584,25.702515264133,15.854107169501,-9.84840809463196,4.5250923547304,42.6968452862797,26.9570232651307,-15.739822021149,5.20856485892598,71.3148308652565,51.2443170386649,-20.0705138265916,5.44366940112481,16.9943300221467,11.1029160956297,-5.89141392651703,5.09385772605908,45.6123156011235,35.3902098691639,-10.2221057319596,5.03115408424376,28.6179855789768,24.2872937735342,-4.3306918054426,5.03967208344183
homepos,COL,36,345.054323691981,348.112369118724,3.05804542674287,3.73622729485038,366.40466367039,368.142952215698,1.73828854530791,3.7454003974047,391.763061881241,390.73319578461,-1.02986609663157,5.00307024937765,431.655441529166,422.818033310413,-8.8374082187525,6.27962276047109,21.3503399784086,20.0305830969737,-1.31975688143496,3.87713559794916,46.7087381892603,42.6208266658858,-4.08791152337443,5.5712849290332,86.6011178371847,74.7056641916893,-11.8954536454954,7.22010284278262,25.3583982108517,22.5902435689122,-2.76815464193948,4.2592420914116,65.2507778587761,54.6750810947157,-10.5756967640604,6.37151330230353,39.8923796479244,32.0848375258035,-7.80754212212094,6.23399169999266
homepos,CZE,36,426.126716361602,439.628982013109,13.5022656515067,4.69030758928664,480.7028161592,476.434485358706,-4.2683308004942,4.45321274965946,508.900827729749,491.604398695064,-17.2964290346844,4.65968796849182,531.214667152816,501.252839611061,-29.9618275417551,4.5202724954214,54.5760997975984,36.8055033455975,-17.7705964520009,4.82819221906251,82.7741113681469,51.9754166819557,-30.7986946861911,5.63787711657424,105.087950791215,61.6238575979527,-43.4640931932618,5.76791407209796,28.1980115705484,15.1699133363582,-13.0280982341902,4.82516155280524,50.5118509936161,24.8183542523552,-25.6934967412609,4.82527371902866,22.3138394230677,9.64844091599701,-12.6653985070707,4.81671563418986
homepos,DEU,36,414.387983772553,416.590275229797,2.20229145724375,5.81247001557675,470.502070816954,460.585369858607,-9.91670095834712,4.98942541744655,500.428124729158,490.725832118689,-9.70229261046961,5.16798978846291,531.106754535313,508.723973326014,-22.3827812092993,4.89036320653064,56.1140870444009,43.99509462881,-12.1189924155909,6.11162051433032,86.0401409566052,74.1355568888918,-11.9045840677134,6.41238276707416,116.71877076276,92.1336980962169,-24.585072666543,6.85869509423646,29.9260539122043,30.1404622600818,0.214408347877509,5.9200561181258,60.604683718359,48.1386034674068,-12.4660802509521,6.04877844740739,30.6786298061547,17.998141207325,-12.6804885988296,5.259162835273
homepos,DNK,36,450.874484784345,443.090121737112,-7.78436304723329,4.38727889957356,483.227757771349,475.939346909549,-7.28841086180012,4.2303131364321,509.381673139903,485.884272825719,-23.4974003141836,4.39166947171349,517.192056412417,484.030129008793,-33.1619274036245,4.74457367085367,32.3532729870042,32.8492251724373,0.495952185433168,5.03903263639321,58.5071883555581,42.7941510886078,-15.7130372669503,5.44711029654619,66.3175716280721,40.9400072716808,-25.3775643563912,5.2141433055761,26.1539153685539,9.9449259161704,-16.2089894523835,5.3576740003134,33.9642986410679,8.09078209924348,-25.8735165418244,5.5844320837628,7.810383272514,-1.85414381692692,-9.66452708944092,5.79498296267389
homepos,ESP,36,427.993464442142,430.767761494968,2.77429705282657,3.53903715584376,464.448590155504,458.05157413902,-6.39701601648386,2.8548395088105,488.165835893707,469.689580966855,-18.4762549268528,2.98467541113485,514.964262090373,479.806285912112,-35.1579761782605,3.08317565127775,36.4551257133618,27.2838126440514,-9.17131306931043,3.55812463798019,60.1723714515656,38.9218194718862,-21.2505519796794,3.77625742870473,86.970797648231,49.038524417144,-37.932273231087,4.13798657014829,23.7172457382038,11.6380068278348,-12.079238910369,2.864430824948,50.5156719348692,21.7547117730925,-28.7609601617766,2.93056528441702,26.7984261966654,10.1167049452578,-16.6817212514076,2.93877846228793
homepos,EST,36,469.520861442704,486.056100906392,16.5352394636881,4.11736286150278,504.255976310248,504.313340672502,0.0573643622531677,4.2835984943241,526.458820718698,520.638251289385,-5.82056942931263,4.47830834569153,541.387365412246,522.49212116629,-18.8952442459566,4.58661758320376,34.7351148675446,18.2572397661096,-16.477875101435,4.65336653209092,56.9379592759939,34.5821503829931,-22.3558088930008,5.06971470287664,71.8665039695424,36.4360202598976,-35.4304837096448,5.34031831799846,22.2028444084493,16.3249106168835,-5.8779337915658,5.44373752486374,37.1313891019978,18.178780493788,-18.9526086082098,5.00019410590968,14.9285446935485,1.85386987690447,-13.074674816644,4.85789807438485
homepos,FIN,36,443.717953536308,453.063194647837,9.34524111152882,3.96769566093239,481.810479261174,473.851287874142,-7.95919138703181,3.99124507004384,499.979720725638,478.919199595902,-21.060521129736,4.15147104717962,514.251884785158,478.802466264218,-35.4494185209401,4.33354733771138,38.0925257248659,20.7880932263053,-17.3044324985606,4.42770998313153,56.2617671893302,25.8560049480654,-30.4057622412648,4.29786650739962,70.5339312488499,25.739271616381,-44.7946596324689,4.4724700474197,18.1692414644643,5.06791172176014,-13.1013297427042,4.8756271450448,32.441405523984,4.95117839007571,-27.4902271339083,4.44374163978091,14.2721640595196,-0.116733331684429,-14.3888973912041,4.72764841453749
homepos,FRA,36,416.171165813451,419.997868561167,3.82670274771658,4.82509957411175,459.376583273158,450.956784413776,-8.41979885938184,4.75660648482452,493.857945001682,477.28810356323,-16.5698414384526,4.79217181832267,527.162107756702,491.205154562825,-35.9569531938769,4.74638604766677,43.2054174597074,30.958915852609,-12.2465016070984,4.97619876875384,77.6867791882315,57.2902350020624,-20.3965441861691,5.33849651192883,110.990941943251,71.2072860016578,-39.7836559415935,5.78269345084226,34.4813617285241,26.3313191494534,-8.15004257907071,4.96338362857468,67.7855244835438,40.2483701490488,-27.537154334495,5.17835110240745,33.3041627550197,13.9170509995954,-19.3871117554243,4.65190202850098
homepos,GBR,36,449.356167538258,460.258111784678,10.901944246419,4.53122480513361,476.201553992919,482.751440908141,6.54988691522198,4.43124646212578,503.98646369122,497.540199021289,-6.44626466993174,4.93525491976233,537.960299315081,518.03926423689,-19.9210350781914,5.69568506701722,26.8453864546606,22.4933291234636,-4.35205733119705,5.45325848452402,54.6302961529618,37.2820872366111,-17.3482089163508,6.393797523235,88.6041317768225,57.7811524522121,-30.8229793246104,6.91945030806376,27.7849096983012,14.7887581131475,-12.9961515851537,5.63458152141076,61.7587453221618,35.2878233287485,-26.4709219934134,6.66024710644197,33.9738356238606,20.499065215601,-13.4747704082596,5.95489676766775
homepos,GRC,36,390.406348620686,397.133510879463,6.72716225877684,4.4220756861961,424.535186540633,426.447873523494,1.91268698286194,4.55618882268271,445.745153174433,436.501114182138,-9.24403899229486,4.96564145887698,460.95279985064,438.445669588423,-22.5071302622176,5.4671703583078,34.1288379199466,29.3143626440317,-4.8144752759149,4.57167075982735,55.338804553747,39.3676033026753,-15.9712012510717,5.56546507601013,70.5464512299544,41.3121587089599,-29.2342925209945,5.7377782741496,21.2099666338004,10.0532406586436,-11.1567259751568,4.73714649606644,36.4176133100078,11.9977960649282,-24.4198172450796,5.57810225548661,15.2076466762074,1.94455540628462,-13.2630912699228,4.98516630337973
homepos,HUN,36,405.462275659985,412.911158677567,7.44888301758175,4.85202881683143,465.205222728952,457.745101931819,-7.46012079713324,4.45110407431648,498.529709401004,477.184994300586,-21.3447151004183,4.83646841651798,523.461644962893,493.614577182637,-29.8470677802556,5.349864033921,59.7429470689671,44.8339432542521,-14.909003814715,5.16492729789262,93.0674337410188,64.2738356230187,-28.793598118,6.49447570458893,117.999369302907,80.70341850507,-37.2959507978374,6.93322886817949,33.3244866720517,19.4398923687666,-13.884594303285,5.0630454846788,58.2564222339403,35.8694752508179,-22.3869469831224,5.50790149511382,24.9319355618886,16.4295828820513,-8.50235267983732,5.07299726787827
homepos,IRL,36,453.557329504266,449.769346691035,-3.78798281323122,4.10139311744539,484.938166158584,479.398241597262,-5.53992456132215,3.6608838151208,505.817269402928,491.961408230002,-13.8558611729256,3.61762467843519,524.502560961074,501.113464841131,-23.3890961199436,4.00668523552879,31.3808366543178,29.6288949062269,-1.75194174809093,4.47766401648971,52.2599398986616,42.1920615389672,-10.0678783596944,4.77619218819402,70.9452314568081,51.3441181500958,-19.6011133067124,5.27269743168998,20.8791032443438,12.5631666327403,-8.31593661160349,4.44566243007875,39.5643948024903,21.7152232438689,-17.8491715586214,4.70123916746958,18.6852915581465,9.15205661112856,-9.53323494701795,4.17196489890179
homepos,ISL,36,427.534007703649,424.034777591469,-3.49923011217965,4.61662690944985,455.126506973373,453.515732167338,-1.61077480603518,4.76547089343736,468.722621800924,463.906251298733,-4.81637050219024,4.3270466783966,486.826006738277,463.407890784484,-23.4181159537934,4.82063119830508,27.592499269724,29.4809545758685,1.88845530614447,6.59326827051541,41.1886140972745,39.8714737072639,-1.31714039001059,6.27809892731701,59.2919990346283,39.3731131930145,-19.9188858416138,6.21400744450394,13.5961148275505,10.3905191313954,-3.20559569615506,6.02094474601231,31.6994997649043,9.89215861714604,-21.8073411477582,6.77894441820478,18.1033849373538,-0.498360514249384,-18.6017454516032,6.17366105191328
homepos,ISR,36,394.951066097957,405.12806857901,10.1770024810533,5.29463670404084,447.948920906832,442.285458464496,-5.6634624423358,5.26563435425418,481.298652984145,452.383501303389,-28.9151516807555,5.77166795796616,512.483279918748,457.271196075607,-55.2120838431418,6.97690639007168,52.9978548088749,37.1573898854859,-15.8404649233891,5.48191162863553,86.3475868861883,47.2554327243795,-39.0921541618088,6.32768195168038,117.532213820792,52.1431274965967,-65.389086324195,7.6517744642337,33.3497320773133,10.0980428388936,-23.2516892384197,5.76498682522915,64.5343590119168,14.9857376111108,-49.548621400806,6.92273112581582,31.1846269346035,4.88769477221723,-26.2969321623863,6.60094779948469
homepos,ITA,36,422.961274254623,426.709878462693,3.74860420807033,4.60831185964116,462.72843461721,463.538425049525,0.80999043231526,4.89311979986628,488.419196958421,485.055955383863,-3.36324157455772,5.0038884759281,512.608461484297,497.149825883105,-15.4586356011925,6.16143275850474,39.7671603625865,36.8285465868314,-2.93861377575507,5.38377014074717,65.4579227037978,58.3460769211698,-7.11184578262805,5.42669126672862,89.6471872296741,70.4399474204113,-19.2072398092628,6.79672478362998,25.6907623412113,21.5175303343383,-4.17323200687298,5.2152268102337,49.8800268670876,33.6114008335799,-16.2686260335078,5.92396859698208,24.1892645258763,12.0938704992415,-12.0953940266348,5.16606155246164
homepos,JPN,36,494.020682585529,499.727610731489,5.70692814596004,7.05665642823394,533.062790964611,531.220278349519,-1.8425126150911,5.45747289945171,548.940012754617,542.284029223233,-6.65598353138421,5.78680051256796,567.499384366611,532.988471323019,-34.5109130435923,7.17785858252866,39.0421083790817,31.4926676180306,-7.54944076105113,6.30178024382196,54.9193301690885,42.5564184917443,-12.3629116773442,6.66792183179756,73.4787017810827,33.2608605915304,-40.2178411895523,7.66698481421318,15.8772217900068,11.0637508737137,-4.81347091629311,5.68299681954727,34.436593402001,1.76819297349982,-32.6684004285012,6.82687283486583,18.5593716119942,-9.29555790021391,-27.8549295122081,5.82770263654203
homepos,KOR,36,469.23217793556,478.366862421339,9.13468448577817,7.2378937808114,522.2780252741,520.588040513877,-1.68998476022318,6.42072529750571,549.728950325023,540.944747611088,-8.78420271393532,5.80942835200181,570.189913952997,554.028838711881,-16.1610752411164,7.61893298526952,53.0458473385394,42.2211780925381,-10.8246692460013,7.16661460268651,80.4967723894631,62.5778851897496,-17.9188871997135,9.1104970144488,100.957736017437,75.6619762905426,-25.2957597268945,9.82317617883435,27.4509250509236,20.3567070972115,-7.09421795371213,7.13457861624202,47.9118886788977,33.4407981980045,-14.4710904808932,7.95845602375863,20.460963627974,13.084091100793,-7.37687252718104,6.19836777984592
homepos,LTU,36,426.772973292126,444.895298534757,18.1223252426315,4.2173966270939,466.003085592271,465.70988126743,-0.293204324841099,3.62904531049231,492.815423081392,480.667907336059,-12.1475157453336,3.74461133156998,517.454403401412,492.523066841357,-24.9313365600545,4.27176010760535,39.2301123001452,20.8145827326726,-18.4155295674726,4.86828844271846,66.0424497892664,35.7726088013013,-30.2698409879651,5.28151043900195,90.6814301092857,47.6277683065997,-43.053661802686,5.46719743093617,26.8123374891212,14.9580260686287,-11.8543114204925,4.24963964748318,51.4513178091405,26.813185573927,-24.6381322352135,4.63518568758303,24.6389803200192,11.8551595052983,-12.7838208147209,4.98275730418904
homepos,LVA,36,447.271165453656,437.49051162843,-9.78065382522595,4.2059968372708,476.668618705318,460.84596272937,-15.8226559759476,3.99801499037076,494.121958759811,469.770312226897,-24.3516465329138,4.25595027612521,515.586787537372,477.40619718277,-38.1805903546015,3.44754733935421,29.3974532516618,23.3554511009402,-6.0420021507216,4.94008172399811,46.8507933061545,32.2798005984666,-14.5709927076878,4.87204008032355,68.3156220837157,39.9156855543401,-28.3999365293756,4.67606768020622,17.4533400544927,8.92434949752646,-8.52899055696622,4.41549055054457,38.9181688320539,16.5602344533999,-22.357934378654,4.81772596264305,21.4648287775612,7.63588495587345,-13.8289438216877,4.86781234954724
homepos,MEX,36,362.52430085758,364.698677321526,2.17437646394649,3.56679105086453,387.76300875218,381.311939081608,-6.45106967057166,3.45167381231358,402.617093876416,395.572034815914,-7.04505906050133,3.80015884642814,427.641408036818,409.883578552959,-17.7578294838585,5.15698636822438,25.2387078945998,16.6132617600817,-8.62544613451814,3.80553145224025,40.092793018836,30.8733574943881,-9.21943552444782,4.41866526785673,65.1171071792379,45.184901231433,-19.932205947805,5.8709834937332,14.8540851242361,14.2600957343064,-0.593989389929675,3.73068936232673,39.8783992846381,28.5716394713513,-11.3067598132868,5.32074454039834,25.024314160402,14.3115437370448,-10.7127704233571,4.81048196118017
homepos,NLD,36,432.350679185369,442.35403769508,10.0033585097103,6.55873655339417,485.282132236032,487.815055041579,2.53292280554706,5.96009198053899,517.778142522022,502.575694981956,-15.2024475400664,5.5466262687644,541.979574857611,505.909826829239,-36.0697480283721,5.96408469228817,52.9314530506623,45.461017346499,-7.47043570416321,6.26265623118396,85.427463336653,60.2216572868763,-25.2058060497766,7.54261768699059,109.628895672242,63.5557891341593,-46.0731065380824,7.94681300031015,32.4960102859907,14.7606399403773,-17.7353703456134,6.46519876357867,56.6974426215795,18.0947717876603,-38.6026708339192,7.28408241883292,24.2014323355887,3.33413184728295,-20.8673004883058,6.31503982916961
homepos,NOR,36,429.137442409808,429.768897800455,0.631455390646579,4.11323907730802,465.452238380217,453.680747015354,-11.7714913648628,4.13010310468681,485.476237936648,469.128841226549,-16.3473967100993,4.647019199561,499.297054653083,464.488402952617,-34.8086517004666,4.77567135230969,36.314795970409,23.9118492148996,-12.4029467555093,5.07303783430961,56.3387955268403,39.3599434260944,-16.9788521007459,5.15186782146887,70.159612243275,34.7195051521618,-35.4401070911132,5.80558805097015,20.0239995564313,15.4480942111948,-4.57590534523655,5.64764451649143,33.8448162728661,10.8076559372622,-23.0371603356039,5.29015494497106,13.8208167164348,-4.64043827393255,-18.4612549903673,5.785146597675
homepos,NZL,36,425.175493522989,440.730087830688,15.5545943076988,4.51755121945815,472.730753529462,478.564151716356,5.83339818689473,4.96176182624263,504.040431704801,497.707273983134,-6.33315772166736,4.87686385693241,518.76811119645,510.652106121161,-8.11600507528908,5.14799563109779,47.5552600064727,37.8340638856686,-9.72119612080411,5.94707296785799,78.8649381818121,56.9771861524459,-21.8877520293662,5.97749984995313,93.592617673461,69.922018290473,-23.6705993829879,6.36350110943878,31.3096781753394,19.1431222667773,-12.1665559085621,6.377164043043,46.0373576669883,32.0879544048045,-13.9494032621838,7.20567906038145,14.7276794916489,12.9448321380272,-1.78284735362172,6.4540334031514
homepos,POL,36,444.192335347975,461.119134095301,16.9267987473254,4.51009193041798,478.295307732872,483.941885777748,5.6465780448757,4.70695331346476,507.89401860173,495.617328985906,-12.2766896158237,4.45579173019992,527.160914627626,502.724021345387,-24.4368932822396,5.42464720635365,34.1029723848965,22.8227516824468,-11.2802207024497,5.24043091456688,63.7016832537547,34.4981948906056,-29.2034883631491,5.24792535498306,82.968579279651,41.6048872500859,-41.363692029565,6.38900781134823,29.5987108688581,11.6754432081588,-17.9232676606994,4.75629020834725,48.8656068947544,18.7821355676391,-30.0834713271153,5.7462089228858,19.2668960258963,7.10669235948035,-12.160203666416,5.16003313498997
homepos,PRT,36,421.290231010695,419.319449052995,-1.97078195770001,5.28611471764455,457.540848891564,448.658721202567,-8.88212768899723,4.58352497551283,489.756367860809,475.466424719615,-14.289943141194,5.1029772222377,520.922614756823,498.352438353287,-22.5701764035364,5.58488252441467,36.2506178808694,29.3392721495722,-6.91134573129722,5.15328424284109,68.4661368501139,56.1469756666199,-12.319161183494,5.84006675940328,99.6323837461283,79.0329893002919,-20.5993944458364,7.06155331708375,32.2155189692445,26.8077035170477,-5.40781545219681,4.93467142416436,63.3817658652589,49.6937171507198,-13.6880487145392,6.37825985965856,31.1662468960144,22.8860136336721,-8.28023326234234,5.97548678521981
homepos,SVK,36,383.793891802579,417.84053350097,34.0466416983916,6.24340934078921,459.470099036886,473.064611758643,13.5945127217564,4.95320138095377,496.135400512969,490.1673496306,-5.96805088236914,5.05115444911301,517.424013615231,499.945179872657,-17.4788337425735,5.46616440653602,75.6762072343078,55.2240782576726,-20.4521289766352,6.7673859042977,112.341508710391,72.3268161296298,-40.0146925807608,7.40653151576109,133.630121812652,82.104646371687,-51.5254754409651,8.70800293366824,36.6653014760828,17.1027378719572,-19.5625636041256,5.97996663759289,57.9539145783443,26.8805681140144,-31.0733464643299,6.72738738303406,21.2886131022615,9.77783024205712,-11.5107828602044,5.64484827342269
homepos,SVN,36,436.993500549075,435.425035497096,-1.56846505197916,4.36558640533083,478.691582856735,465.526959760229,-13.1646230965067,4.08955822772385,502.862498015121,476.541041346581,-26.3214566685393,4.0015194801252,520.112734599956,468.113751352498,-51.9989832474578,3.81692501185653,41.6980823076598,30.1019242631323,-11.5961580445275,5.71855666370842,65.868997466045,41.1160058494849,-24.7529916165601,5.7839510889179,83.11923405088,32.6887158554014,-50.4305181954787,5.99046092397417,24.1709151583852,11.0140815863526,-13.1568335720326,5.97495612691267,41.4211517432202,2.58679159226904,-38.8343601509512,5.65661084825212,17.250236584835,-8.42728999408354,-25.6775265789186,5.23670972993392
homepos,SWE,36,427.038290086113,436.013947957829,8.97565787171516,4.42940808066559,472.7100008463,469.398302129595,-3.31169871670443,4.62590338507311,505.940897259912,482.145562706121,-23.7953345537906,4.65345917293463,525.230266020163,479.311351953529,-45.9189140666343,4.9123810345993,45.6717107601863,33.3843541717667,-12.2873565884196,5.1012944489069,78.9026071737985,46.1316147482928,-32.7709924255058,5.72274074373678,98.1919759340495,43.2974039957001,-54.8945719383495,6.13859577630375,33.2308964136122,12.7472605765261,-20.4836358370862,5.05790096484386,52.5202651738633,9.91304982393336,-42.6072153499299,5.61026009967637,19.289368760251,-2.8342107525927,-22.1235795128437,5.30520605388097
homepos,TUR,36,402.192369386706,423.786471130022,21.5941017433157,4.38269509341838,444.286120607278,456.709379813907,12.4232592066294,4.44752401151434,468.191317518716,476.94382207043,8.75250455171312,4.30000457105268,498.044025796254,489.710664119255,-8.33336167699912,5.78271868523377,42.0937512205715,32.9229086838852,-9.17084253668628,5.02815243253464,65.9989481320104,53.1573509404078,-12.8415971916025,5.59886697847473,95.8516564095478,65.9241929892331,-29.9274634203148,6.83825461687662,23.9051969114389,20.2344422565226,-3.67075465491627,4.88823353754606,53.7579051889763,33.0012843053478,-20.7566208836285,6.71532587429572,29.8527082775375,12.7668420488253,-17.0858662287122,6.14548266897059
homepos,USA,36,418.657425638431,423.943353226205,5.28592758777484,6.93414622201892,447.09305731872,455.640823719851,8.54776640113124,9.15195479055575,478.338109109436,477.030971064046,-1.30713804538976,9.43396171203992,515.387346775481,492.959311204213,-22.4280355712682,14.6684939972613,28.4356316802894,31.6974704936458,3.26183881335641,9.20589747196288,59.6806834710049,53.0876178378403,-6.5930656331646,10.3258399254065,96.7299211370504,69.0159579780074,-27.713963159043,14.602981570715,31.2450517907155,21.3901473441945,-9.854904446521,9.55379064048879,68.2942894567611,37.3184874843616,-30.9758019723994,11.3526483736996,37.0492376660455,15.9283401401671,-21.1208975258784,11.3491198651309
homepos,OECD,36,426.198958954196,433.406455927203,7.20749697300721,1.45429924265005,466.774897203658,464.672853278794,-2.10204392486372,1.435086236087,492.896816512082,480.466262068099,-12.4305544439831,1.44519719088412,516.338321802022,488.549592142671,-27.7887296593515,1.52514922997283,40.5759382494618,31.2663973515909,-9.30954089787093,0.902537268720741,66.6978575578855,47.0598061408952,-19.6380514169903,0.992428072762162,90.139362847826,55.1431362154673,-34.9962266323587,1.12217289287247,26.1219193084237,15.7934087893044,-10.3285105191194,0.88949981093572,49.5634245983642,23.8767388638764,-25.6866857344878,0.997832273477329,23.4415052899405,8.08333007457208,-15.3581752153684,0.929098533060029
homepos,OECD35,35,426.147687368826,433.481847196696,7.33415982786954,1.46365760256441,466.84136311932,464.862032682788,-1.97933043653171,1.4446914637556,493.031987386892,480.77416724242,-12.2578201444727,1.45510303107155,516.377580650927,488.799400892115,-27.5781797588114,1.53885887255442,40.6936757504932,31.380185486092,-9.31349026440125,0.922740829836825,66.8843000180662,47.2923200457239,-19.5919799723422,1.01506519320223,90.2298932821002,55.3175536954193,-34.9123395866809,1.14816395795906,26.1906242675729,15.9121345596319,-10.278489707941,0.911246324880718,49.536217531607,23.9373682093273,-25.5988493222797,1.0229206404555,23.3455932640341,8.02523364969539,-15.3203596143387,0.95194837546
homepos_h,AUS,36,450.971444307623,445.742676278482,-5.22876802914152,3.97204880655868,486.010858233154,479.095841581402,-6.91501665175275,3.70455678809192,503.208744257314,494.905796203094,-8.30294805421914,3.56986064523802,513.162758162831,498.201179460145,-14.9615787026864,3.99004722151044,35.0394139255309,33.3531653029197,-1.68624862261123,4.37464033430856,52.2372999496901,49.1631199246125,-3.07418002507762,4.08883541782142,62.1913138552079,52.458503181663,-9.73281067354486,4.84009798798722,17.1978860241592,15.8099546216928,-1.38793140246639,3.94969585627776,27.1518999296769,19.1053378787433,-8.04656205093363,4.26667809453284,9.95401390551774,3.2953832570505,-6.65863064846724,4.03246403208079
homepos_h,AUT,36,437.023856443995,433.24847591,-3.7753805339953,5.36611146029733,485.98395625738,475.888239686463,-10.0957165709166,4.80052470343084,513.450343414737,497.328028459066,-16.1223149556702,4.11542688437705,517.53152327912,504.611968427694,-12.9195548514259,4.28387381580933,48.9600998133852,42.6397637764639,-6.32033603692133,5.48288609170696,76.4264869707416,64.0795525490667,-12.3469344216749,5.59242540401632,80.5076668351253,71.3634925176947,-9.14417431743055,6.24990696276181,27.4663871573564,21.4397887726028,-6.02659838475358,4.98872876879781,31.5475670217401,28.7237287412308,-2.82383828050922,5.66508280316467,4.08117986438367,7.28393996862803,3.20276010424436,4.73082348361742
homepos_h,BEL,36,435.215249442002,432.970974506164,-2.24427493583715,5.29923563862994,487.170870734916,477.943274568364,-9.22759616655196,4.34070858596872,510.471031546954,500.797083465008,-9.67394808194575,4.28410305431581,526.8948882318,517.48337377891,-9.41151445288961,4.96186264520843,51.9556212929144,44.9723000621996,-6.98332123071481,5.12363081197259,75.2557821049521,67.8261089588435,-7.4296731461086,6.2879869345023,91.6796387897982,84.5123992727457,-7.16723951705245,6.83706943884274,23.3001608120377,22.8538088966439,-0.446351915393791,4.8554117514668,39.7240174968838,39.5400992105462,-0.183918286337644,5.66307741961779,16.4238566848461,16.6862903139022,0.262433629056147,5.17324924117981
homepos_h,CAN,36,470.85967249908,458.579402796308,-12.2802697027715,3.76070920487164,494.882518929025,488.146309579895,-6.73620934913015,3.50397374556932,512.566114637154,503.113309294107,-9.45280534304732,3.47673197067284,515.438027072807,503.801699035232,-11.6363280375748,4.05085688630436,24.022846429945,29.5669067835863,5.54406035364133,3.76216160382511,41.7064421380744,44.5339064977985,2.82746435972416,4.52885851989069,44.5783545737269,45.2222962389236,0.643941665196678,4.70324448353636,17.6835957081294,14.9669997142122,-2.71659599391717,3.95947147945071,20.5555081437819,15.6553894553373,-4.90011868844465,4.40056003605269,2.87191243565258,0.688389741125093,-2.18352269452748,4.05403184134089
homepos_h,CHE,36,457.926589806537,457.155266598128,-0.77132320840866,4.74848912326357,498.650800448574,496.865332944014,-1.78546750455968,4.60062885428313,527.087270190074,519.209905326275,-7.87736486379856,5.06999433494219,549.44041444075,527.962614519892,-21.4777999208581,5.11966937949588,40.7242106420372,39.7100663458862,-1.01414429615102,5.17105681832751,69.1606803835372,62.0546387281473,-7.1060416553899,5.82961949158925,91.5138246342132,70.8073479217638,-20.7064767124494,6.32783268862661,28.4364697415,22.3445723822611,-6.09189735923889,5.35095745513292,50.789613992176,31.0972815758776,-19.6923324162984,5.76055509675959,22.353144250676,8.75270919361651,-13.6004350570595,5.92566979116409
homepos_h,CHL,36,382.405640155181,375.362356634695,-7.0432835204856,3.86971082979881,406.347816462763,395.618909075974,-10.7289073867898,4.23816927419937,422.133209147202,409.047447623172,-13.0857615240297,4.33686184313912,443.994448739433,439.606694600632,-4.38775413880097,4.43240921370576,23.9421763075825,20.2565524412783,-3.68562386630418,4.50133999439035,39.7275689920213,33.6850909884772,-6.04247800354409,5.13897730743846,61.5888085842518,64.2443379659364,2.65552938168463,5.35805858701156,15.7853926844388,13.4285385471989,-2.35685413723991,4.73772298414018,37.6466322766693,43.9877855246581,6.34115324798881,5.03523748856654,21.8612395922305,30.5592469774592,8.69800738522872,5.05910532368587
homepos_h,COL,36,350.446885758396,349.08940200331,-1.35748375508609,3.86903634529845,368.083514210061,366.928525778792,-1.15498843126881,3.9883628184153,392.548826916389,392.530452193441,-0.0183747229484084,4.82296465309263,429.094079160784,425.316368900229,-3.77771026055467,6.22948705895379,17.6366284516643,17.8391237754815,0.202495323817288,4.3278940333695,42.101941157993,43.4410501901307,1.33910903213769,5.41440302572292,78.6471934023873,76.2269668969187,-2.42022650546858,7.23952374178542,24.4653127063287,25.6019264146491,1.1366137083204,4.26086926295241,61.010564950723,58.3878431214371,-2.62272182928587,6.82215070105816,36.5452522443943,32.785916706788,-3.75933553760626,6.23144759064103
homepos_h,CZE,36,441.476797494855,432.091348536121,-9.385448958734,4.64200469800253,485.654622464175,475.914441758813,-9.74018070536198,4.63523202942223,505.269305430976,493.312779253603,-11.9565261773723,4.61336866707699,515.453533178521,509.212610647019,-6.24092253150224,4.75424656470739,44.1778249693193,43.8230932226913,-0.354731746627976,5.09281140124497,63.7925079361203,61.221430717482,-2.57107721863827,5.70401323335645,73.9767356836659,77.1212621108977,3.14452642723177,5.84781196392983,19.614682966801,17.3983374947907,-2.21634547201029,4.92666717195193,29.7989107143466,33.2981688882064,3.49925817385974,5.03515083821278,10.1842277475457,15.8998313934157,5.71560364587003,5.1475736450925
homepos_h,DEU,36,428.386979938809,416.021607744938,-12.3653721938709,5.83480587516025,473.515101170158,462.102419464782,-11.412681705376,5.20354248928761,501.631569045196,492.287064081938,-9.34450496325741,5.01970830278188,515.227745680434,510.733794375679,-4.49395130475517,4.98459341267288,45.1281212313491,46.080811719844,0.952690488494852,5.96443112474109,73.2445891063871,76.2654563370006,3.02086723061348,6.50044069298372,86.8407657416255,94.7121866307412,7.87142088911571,6.66487532248,28.116467875038,30.1846446171566,2.06817674211862,5.64638155904881,41.7126445102764,48.6313749108973,6.91873040062086,5.96349901364811,13.5961766352384,18.4467302937406,4.85055365850224,5.5681898947528
homepos_h,DNK,36,459.667523472074,441.912654296563,-17.754869175511,4.91815941363278,488.825610737269,475.13234930828,-13.6932614289893,4.35012495141006,506.983127895994,487.075122298955,-19.9080055970389,4.60750129126283,505.448604393222,486.215354600376,-19.2332497928456,4.64463969428193,29.158087265195,33.2196950117166,4.06160774652165,5.59122413107479,47.3156044239197,45.1624680023917,-2.15313642152796,5.95150938695385,45.7810809211476,44.3027003038129,-1.47838061733466,5.39281976516747,18.1575171587247,11.9427729906751,-6.21474416804961,5.62883732800253,16.6229936559526,11.0830052920963,-5.53998836385631,5.8492960290105,-1.53452350277212,-0.859767698578821,0.674755804193296,5.9103840641506
homepos_h,ESP,36,436.550437785932,423.541723069151,-13.0087147167809,3.6762833273355,467.607812208649,455.167361180602,-12.4404510280471,2.84814801641099,487.434099817407,472.758375530561,-14.6757242868464,2.96332865544478,504.589891642986,488.116571880392,-16.4733197625937,3.14505302212941,31.0573744227177,31.6256381114516,0.56826368873385,3.85476194246653,50.8836620314752,49.2166524614098,-1.66700957006549,3.77959508670904,68.0394538570541,64.5748488112412,-3.46460504581285,4.34348513742606,19.8262876087575,17.5910143499582,-2.23527325879934,2.87637503299247,36.9820794343364,32.9492106997897,-4.0328687345467,2.90913382243389,17.1557918255788,15.3581963498315,-1.79759547574736,3.1332183917205
homepos_h,EST,36,479.866466526581,477.876066075331,-1.99040045125003,4.11842809099715,505.481983000444,506.780925030964,1.29894203051975,4.16754366552714,521.438403828262,519.139374071873,-2.29902975638856,4.49022444562178,534.84805302719,529.969774690812,-4.878278336378,4.89215863891233,25.6155164738636,28.9048589556334,3.28934248176978,4.66455379353666,41.5719373016809,41.2633079965424,-0.308629305138538,5.0618682047688,54.9815865006092,52.0937086154812,-2.88787788512798,5.61336726334395,15.9564208278173,12.358449040909,-3.59797178690832,5.27289545215901,29.3660700267456,23.1888496598478,-6.17722036689776,5.52393188897689,13.4096491989283,10.8304006189388,-2.57924857998944,5.1670398127356
homepos_h,FIN,36,454.163922639588,447.883725950443,-6.28019668914465,3.94978329469577,486.100538657255,470.419186959715,-15.6813516975407,3.77558968125947,498.629928984339,482.6022656907,-16.0276632936398,4.23937029316581,502.232570992207,485.754758769469,-16.4778122227384,4.43436084743065,31.9366160176677,22.5354610092717,-9.40115500839602,4.16273006614331,44.4660063447518,34.7185397402567,-9.74746660449512,4.3088581930774,48.0686483526193,37.8710328190255,-10.1976155335938,4.41637861847998,12.5293903270841,12.183078730985,-0.346311596099099,4.63506317113183,16.1320323349516,15.3355718097538,-0.796460525197745,4.57988806789426,3.60264200786747,3.15249307876883,-0.450148929098646,4.98353061882914
homepos_h,FRA,36,425.784962844523,415.474848980067,-10.3101138644555,4.86863628307796,466.339484812257,453.280791000337,-13.05869381192,4.67878023566346,491.240231915947,472.802249453933,-18.4379824620141,4.50180277577918,516.180728066011,501.183612222913,-14.9971158430984,5.0160583300587,40.5545219677344,37.8059420202699,-2.74857994746446,5.07063786335895,65.4552690714243,57.3274004738656,-8.12786859755863,5.39165618706475,90.3957652214887,85.7087632428459,-4.68700197864285,6.10164647917614,24.9007471036899,19.5214584535957,-5.37928865009417,4.57425658393762,49.8412432537543,47.9028212225759,-1.93842203117839,4.90149754865659,24.9404961500645,28.3813627689802,3.44086661891578,4.83694291036616
homepos_h,GBR,36,460.555376792711,454.442571484352,-6.11280530835961,5.16152307970159,483.697620589174,484.596946895601,0.899326306426474,4.58513550705597,501.104564318835,499.319401628151,-1.78516269068479,4.81369363229608,524.578211444612,521.545435663289,-3.03277578132372,5.75038549320172,23.1422437964629,30.154375411249,7.01213161478609,6.3080718005322,40.5491875261241,44.8768301437989,4.32764261767483,6.52083553629143,64.0228346519009,67.1028641789368,3.08002952703589,7.58530840795591,17.4069437296611,14.7224547325499,-2.68448899711126,5.5314554193789,40.880590855438,36.9484887676878,-3.9321020877502,6.87702351304352,23.4736471257768,22.2260340351379,-1.24761309063894,5.68958130902407
homepos_h,GRC,36,403.048295683945,394.718385195042,-8.32991048890341,4.27509073773463,429.842675902691,423.940652619286,-5.90202328340547,5.08950465164743,442.454341701217,439.580806119798,-2.8735355814195,4.94838889571234,448.532352205496,442.807653578387,-5.72469862710898,5.52844142860529,26.7943802187456,29.2222674242436,2.42788720549794,5.25991831612966,39.4060460172717,44.8624209247556,5.45637490748391,5.66519197702884,45.4840565215508,48.0892683833453,2.60521186179443,5.96914715510736,12.611665798526,15.640153500512,3.02848770198597,5.32843093683382,18.6896763028052,18.8670009591017,0.177324656296491,5.79797690113588,6.07801050427918,3.2268474585897,-2.85116304568948,5.04738434969253
homepos_h,HUN,36,418.363917188048,408.963907608464,-9.40000957958392,5.15987668226493,468.100389419485,456.582151806642,-11.5182376128425,4.47611091587888,493.719306224837,478.80295101963,-14.9163552052068,4.44421398167169,515.209618913637,499.302168107166,-15.9074508064712,5.51406221246651,49.7364722314367,47.6182441981781,-2.11822803325862,5.8218131134205,75.3553890367889,69.839043411166,-5.51634562562288,6.51014933528903,96.845701725589,90.3382604987018,-6.5074412268873,7.16160445103969,25.6189168053522,22.2207992129879,-3.39811759236426,4.92898194741919,47.1092294941523,42.7200163005236,-4.38921319362868,5.66948318642564,21.4903126888001,20.4992170875357,-0.991095601264419,4.82956097335427
homepos_h,IRL,36,462.02085371786,448.332595620161,-13.6882580976988,4.24602180425441,486.184451850548,476.379832363131,-9.80461948741703,3.56755750909702,504.695032244595,494.305352783431,-10.3896794611642,3.75927090626835,516.341383468242,503.791785556797,-12.5495979114445,3.95185473067468,24.1635981326876,28.0472367429694,3.88363861028176,4.56779966625582,42.6741785267348,45.9727571632694,3.29857863653461,4.9945425315557,54.3205297503817,55.459189936636,1.1386601862543,5.31093327802322,18.5105803940472,17.9255204203,-0.58505997374715,4.44644735868053,30.1569316176941,27.4119531936667,-2.74497842402747,4.59108999272157,11.6463512236469,9.48643277336663,-2.15991845028032,4.15478526805507
homepos_h,ISL,36,436.302432757459,420.486829543198,-15.815603214261,4.56153964487666,462.760831630772,453.137090102367,-9.62374152840448,4.49522780551328,467.907210467231,464.865441851148,-3.04176861608295,4.46195801940779,473.297386810924,468.059103770039,-5.23828304088482,4.74744589446599,26.458398873313,32.6502605591696,6.19186168585657,6.29610798675112,31.6047777097722,44.3786123079503,12.7738345981781,6.27029943976035,36.9949540534649,47.5722742268411,10.5773201733762,6.05477926406743,5.14637883645924,11.7283517487808,6.58197291232153,6.04405869989967,10.5365551801519,14.9220136676715,4.38545848751966,6.26514565235776,5.39017634369264,3.19366191889077,-2.19651442480188,6.28402253795013
homepos_h,ISR,36,406.987946658663,393.918571276932,-13.0693753817305,5.61730961354013,459.414488486481,440.809691199283,-18.6047972871984,6.22985325864412,490.219560517942,459.657132316446,-30.5624282014962,5.67599543969343,498.76452584345,468.970409094058,-29.7941167493929,6.54456111434923,52.4265418278182,46.8911199223503,-5.5354219054679,6.51718620237838,83.2316138592788,65.7385610395132,-17.4930528197656,6.10778563539872,91.7765791847875,75.0518378171252,-16.7247413676623,7.08754194757515,30.8050720314606,18.8474411171629,-11.9576309142977,6.29843589773588,39.3500373569693,28.1607178947749,-11.1893194621944,7.10512735779146,8.54496532550866,9.31327677761197,0.768311452103319,6.1938544203924
homepos_h,ITA,36,436.184871765286,426.040033119938,-10.1448386453473,4.88156523258196,463.616671105119,462.432314554355,-1.18435655076422,4.64208292327979,486.719068209467,485.40585267894,-1.31321553052675,5.23709940586342,501.013015820535,498.995648903022,-2.0173669175129,5.83520627735401,27.4317993398331,36.3922814344162,8.96048209458309,5.19336672269105,50.5341964441814,59.365819559002,8.83162311482056,5.64628414062647,64.8281440552496,72.955615783084,8.1274717278344,6.41417502784475,23.1023971043483,22.9735381245858,-0.128858979762526,5.04591684200227,37.3963447154165,36.5633343486678,-0.833010366748681,5.3110908463916,14.2939476110682,13.589796224082,-0.704151386986155,4.93557218569426
homepos_h,JPN,36,504.649413764313,495.271393939643,-9.37801982467005,7.26341305308451,537.484542099592,530.901689705443,-6.58285239414863,5.75249962629134,549.425029929169,538.234680848939,-11.1903490802298,5.77548283087572,552.647905764409,542.658045449647,-9.98986031476261,6.87176594918634,32.8351283352794,35.6302957658008,2.79516743052142,7.03889294945438,44.775616164856,42.9632869092963,-1.81232925555975,6.61854382761888,47.9984920000966,47.386651510004,-0.611840490092561,8.22071114865139,11.9404878295767,7.33299114349552,-4.60749668608116,5.66006868394884,15.1633636648172,11.7563557442032,-3.40700792061398,6.41268152610343,3.22287583524053,4.42336460070771,1.20048876546718,5.38116529142911
homepos_h,KOR,36,485.594861568892,478.480835902285,-7.11402566660718,6.99302137964236,525.226091859051,522.205571770582,-3.02052008846943,5.86265501596847,543.856150355135,539.906276187908,-3.94987416722677,6.18494555749451,558.663701476028,554.997617073271,-3.66608440275706,7.66586537616242,39.6312302901593,43.7247358682971,4.09350557813775,6.70850433378263,58.2612887862434,61.4254402856238,3.16415149938041,7.39761352795271,73.0688399071366,76.5167811709867,3.44794126385011,9.70511588795172,18.6300584960841,17.7007044173267,-0.929354078757342,5.72790022354119,33.4376096169773,32.7920453026896,-0.64556431428764,7.40460757020036,14.8075511208932,15.0913408853629,0.283789764469702,7.25272505522112
homepos_h,LTU,36,441.22216507418,441.219771232941,-0.00239384123881337,4.27445476286183,473.304636266151,469.482358398514,-3.82227786763735,3.77866238270126,487.666681487069,481.219138190313,-6.44754329675533,3.93095382201726,502.294939915392,493.606703057839,-8.68823685755308,4.38167179117387,32.0824711919713,28.2625871655727,-3.81988402639854,5.09567337274886,46.4445164128886,39.999366957372,-6.44514945551651,4.98795501411847,61.0727748412123,52.3869318248981,-8.68584301631427,5.49984131585239,14.3620452209173,11.7367797917993,-2.62526542911797,4.84990103425623,28.9903036492411,24.1243446593253,-4.86595898991573,5.1293148482142,14.6282584283238,12.387564867526,-2.24069356079775,5.05283433389822
homepos_h,LVA,36,454.914235422944,432.063955278707,-22.8502801442364,4.02180347340002,479.944131504913,459.52690057353,-20.4172309313834,3.98925378790987,492.022197705736,472.766786722567,-19.2554109831687,4.17777642011795,507.158132842256,481.876041275376,-25.2820915668799,3.64445855134342,25.0298960819692,27.4629452948223,2.43304921285306,4.54883354386204,37.1079622827916,40.7028314438593,3.59486916106772,4.83726528437357,52.2438974193121,49.8120859966687,-2.43181142264348,4.54967043053435,12.0780662008224,13.2398861490371,1.16181994821466,4.45160861292692,27.214001337343,22.3491407018464,-4.86486063549654,4.64258740271424,15.1359351365205,9.10925455280932,-6.0266805837112,4.81835339986375
homepos_h,MEX,36,368.946924862817,363.121633259313,-5.82529160350333,3.53949968941946,389.38475545918,382.647938179743,-6.73681727943733,3.44553120345444,403.750617987273,395.157307339898,-8.59331064737523,3.944567715282,421.915897483239,412.47290273339,-9.44299474984899,5.21921245125055,20.4378305963634,19.5263049204294,-0.911525675934001,3.88214085688689,34.8036931244567,32.0356740805848,-2.7680190438719,4.49079477082259,52.9689726204221,49.3512694740764,-3.61770314634566,5.96255060514117,14.3658625280933,12.5093691601554,-1.8564933679379,3.92359664319294,32.5311420240587,29.824964553647,-2.70617747041166,5.39940140800094,18.1652794959654,17.3155953934916,-0.849684102473759,4.84427104646622
homepos_h,NLD,36,439.284093274484,456.960799683617,17.6767064091334,6.7271096841118,496.558571139582,493.214882603726,-3.34368853585664,5.35553702885778,517.025890581473,503.382394746868,-13.6434958346046,5.6590171157052,525.810585719952,507.524923750701,-18.2856619692512,6.22774711731894,57.2744778650983,36.2540829201083,-21.02039494499,6.22032385530246,77.7417973069885,46.4215950632506,-31.3202022437379,7.40683855854607,86.5264924454683,50.5641240670837,-35.9623683783846,7.6808000050986,20.4673194418901,10.1675121431422,-10.2998072987479,6.11344902181713,29.25201458037,14.3100411469754,-14.9419734333946,6.29115768258766,8.78469513847983,4.14252900383315,-4.64216613464669,6.74170143632045
homepos_h,NOR,36,439.345651072372,424.982765895789,-14.362885176583,4.40330987081779,469.191676061936,453.244870067089,-15.9468059948467,4.48272409789595,485.781943464547,470.275834604327,-15.5061088602191,4.62113451684791,486.197992288234,470.184325910559,-16.013666377675,4.8045459443932,29.8460249895642,28.2621041713005,-1.58392081826372,5.79986003916695,46.4362923921746,45.2930687085385,-1.14322368363611,5.68981340620548,46.8523412158625,45.2015600147705,-1.650781201092,6.13187258015297,16.5902674026104,17.0309645372381,0.440697134627612,5.32508211029491,17.0063162262983,16.9394558434701,-0.0668603828282812,5.40611815431431,0.416048823687902,-0.0915086937679916,-0.507557517455894,5.85570949682345
homepos_h,NZL,36,435.479003163549,441.232768036337,5.75376487278777,4.73962666770272,482.499558626563,474.399395446714,-8.10016317984889,5.04724186007018,496.999919391333,500.393846870679,3.39392747934619,4.57474362418745,508.533901563632,512.905150814467,4.37124925083492,5.15371437332764,47.0205554630141,33.1666274103774,-13.8539280526367,6.09015574063576,61.5209162277843,59.1610788343427,-2.35983739344158,6.23124744226207,73.0548984000829,71.6723827781301,-1.38251562195285,6.77715613173871,14.5003607647702,25.9944514239652,11.4940906591951,6.09042657607,26.0343429370688,38.5057553677526,12.4714124306838,6.65721573494197,11.5339821722986,12.5113039437874,0.977321771488732,6.34759245802106
homepos_h,POL,36,453.858739160167,457.419758856938,3.56101969677053,4.52987703943154,488.973097488845,482.612752627407,-6.36034486143802,4.76748096032317,502.504163869921,496.759977037286,-5.74418683263508,4.64662085297613,512.919961098199,508.934691356818,-3.9852697413811,5.42593116356403,35.1143583286774,25.1929937704688,-9.92136455820855,5.19221275046829,48.6454247097537,39.3402181803481,-9.30520652940561,5.23428910803954,59.061221938032,51.5149324998803,-7.54628943815163,6.45021642371428,13.5310663810763,14.1472244098792,0.616158028802943,5.37458643570142,23.9468636093546,26.3219387294115,2.37507512005692,6.05033425161024,10.4157972282783,12.1747143195323,1.75891709125398,5.24118688254611
homepos_h,PRT,36,425.991512204705,417.396134212034,-8.59537799267105,5.06057031759727,463.125680012844,449.31397005469,-13.8117099581539,5.10187598020517,489.151614460457,476.13067414619,-13.0209403142663,4.90156796805866,512.203940253846,499.54290657548,-12.6610336783659,5.25357719906847,37.1341678081386,31.9178358426557,-5.21633196548282,5.05979532530714,63.1601022557513,58.734539934156,-4.42556232159524,5.87678547878839,86.2124280491403,82.1467723634454,-4.06565568569488,6.53677967892249,26.0259344476127,26.8167040915003,0.790769643887586,5.30114013934963,49.0782602410017,50.2289365207897,1.15067627978794,6.25565143342984,23.052325793389,23.4122324292894,0.359906635900359,5.06640087605815
homepos_h,SVK,36,404.410365175461,419.217631364456,14.8072661889945,6.08222531673138,469.153621817096,471.634251141041,2.4806293239451,4.82324141955881,491.53222110604,490.798171313446,-0.734049792593567,4.9028381398165,505.216301904227,507.655294688098,2.43899278387107,5.62389458785166,64.743256641635,52.4166197765856,-12.3266368650494,6.53878157820328,87.1218559305784,71.5805399489904,-15.5413159815881,7.19594715462652,100.805936728766,88.4376633236424,-12.3682734051234,8.4345009519347,22.3785992889435,19.1639201724048,-3.21467911653866,5.26573752148335,36.0626800871308,36.0210435470568,-0.0416365400740233,6.67577291198606,13.6840807981874,16.857123374652,3.17304257646464,5.63662519365656
homepos_h,SVN,36,450.82868671285,425.958695684504,-24.8699910283461,4.39022643187769,487.852962115544,464.206079789953,-23.6468823255909,4.06248485008417,497.608981951067,479.541361504553,-18.0676204465144,3.89511322127975,502.982748266054,478.682667879733,-24.300080386321,3.76831970609694,37.0242754026945,38.2473841054497,1.22310870275521,5.65490792228658,46.7802952382176,53.5826658200493,6.80237058183172,5.93186104610083,52.1540615532043,52.7239721952294,0.569910642025093,5.86334102071011,9.75601983552303,15.3352817145995,5.57926187907651,5.29928093091841,15.1297861505097,14.4765880897796,-0.653198060730119,5.49406736601535,5.37376631498671,-0.858693624819921,-6.23245993980663,5.56227909964905
homepos_h,SWE,36,436.152050979579,428.836428661699,-7.31562231788007,4.41028626276134,481.804436552368,467.415731948099,-14.3887046042693,4.69623310654214,503.725873702803,486.818398993919,-16.9074747088837,4.66582216359043,511.986902447265,486.274126376671,-25.7127760705941,5.0246164449473,45.6523855727887,38.5793032863994,-7.07308228638925,5.44068260123062,67.5738227232236,57.9819703322199,-9.59185239100367,5.73299820862165,75.8348514676856,57.4376977149715,-18.397153752714,6.40122731971492,21.9214371504349,19.4026670458205,-2.51877010461442,5.32190101483081,30.1824658948969,18.8583944285721,-11.3240714663248,5.50780764886079,8.26102874446201,-0.544272617248339,-8.80530136171035,5.437762491582
homepos_h,TUR,36,411.846745434744,418.742711340797,6.89596590605351,4.59748242440365,444.429137280767,449.59926757133,5.17013029056278,4.2409951438438,466.160076681061,479.107345357022,12.9472686759605,3.99202698073199,491.253591021121,500.525277956333,9.27168693521241,5.95112877225474,32.5823918460231,30.8565562305324,-1.72583561549072,4.90478294132808,54.3133312463173,60.3646340162243,6.05130276990701,5.29091324312014,79.406845586377,81.7825666155359,2.37572102915891,7.39716306674783,21.7309394002941,29.5080777856919,7.77713838539773,4.08157546451532,46.8244537403538,50.9260103850035,4.10155664464963,7.20250556329242,25.0935143400597,21.4179325993116,-3.6755817407481,6.25642259082822
homepos_h,USA,36,423.623357806278,422.951935946013,-0.671421860264843,7.06407702117825,448.542148298716,452.251940034608,3.70979173589154,9.07798764869963,483.416049029984,476.720462368169,-6.69558666181501,9.40446868288248,505.613630839935,499.500904805051,-6.11272603488408,14.8961639479287,24.9187904924387,29.3000040885951,4.38121359615639,9.90339964367935,59.7926912237065,53.7685264221563,-6.02416480155017,10.6398243420788,81.9902730336576,76.5489688590383,-5.44130417461923,16.0123738803908,34.8739007312677,24.4685223335612,-10.4053783977066,8.44028814211717,57.0714825412188,47.2489647704432,-9.82251777077562,11.0609513675761,22.1975818099511,22.780442436882,0.582860626930938,11.0863898084141
homepos_h,OECD,36,436.398831371013,429.936406736746,-6.46242463426717,1.45896035340239,471.992990663708,463.883894093654,-8.10909657005465,1.43867063406213,491.431630622643,481.834967988204,-9.5966626344383,1.44461068984693,504.796497040522,494.138448896822,-10.6580481436999,1.52945697974323,35.5941592926949,33.9474873569074,-1.64667193578748,0.922874234332957,55.0327992516292,51.898561251458,-3.13423800017114,0.986781212925928,68.3976656695084,64.2020421600757,-4.19562350943272,1.14556319389681,19.4386399589343,17.9510738945506,-1.48756606438366,0.86755393501187,32.8035063768135,30.2545548031683,-2.54895157364524,0.993470791220116,13.3648664178792,12.3034809086176,-1.06138550926158,0.93808375378261
homepos_h,OECD35,35,436.394499759159,430.119111984392,-6.27538777476673,1.46828173201389,472.11828147671,464.132937891169,-7.98534358554065,1.44846894529471,491.545845788506,482.09429920128,-9.45154658722657,1.45452238607224,504.80240005188,494.310502525863,-10.4918975260171,1.54327352157528,35.7237817175514,34.0138259067775,-1.70995581077392,0.94283113863346,55.1513460293478,51.975187216888,-3.17615881245985,1.00921388812078,68.4079002927214,64.191390541471,-4.21650975125039,1.17174017364738,19.4275643117964,17.9613613101105,-1.46620300168593,0.888548757887144,32.68411857517,30.1775646346935,-2.50655394047647,1.01846963244517,13.2565542633736,12.216203324583,-1.04035093879054,0.960724389044049
books_h,AUS,36,441.349857700914,435.14460142364,-6.20525627727432,3.4621860148021,485.259808206047,476.969771176869,-8.29003702917777,3.64147309658302,499.909280715824,493.037903768422,-6.8713769474021,3.63188092534921,526.596378545632,513.051892422355,-13.5444861232772,4.15715021911619,43.9099505051326,41.8251697532291,-2.08478075190345,4.0716570307356,58.5594230149099,57.8933023447821,-0.666120670127782,4.00416910267376,85.2465208447176,77.9072909987147,-7.33922984600292,4.48265114392347,14.6494725097773,16.068132591553,1.41866008177567,4.05142804024667,41.336570339585,36.0821212454855,-5.25444909409947,4.36522362776624,26.6870978298077,20.0139886539325,-6.67310917587514,3.82777333000494
books_h,AUT,36,428.399647355997,422.469086025195,-5.93056133080239,4.84686924722693,483.576653102556,470.984654080958,-12.591999021598,4.81114522260566,506.23078816329,496.056615095698,-10.1741730675917,3.86048849654933,534.844193764883,521.010950317182,-13.8332434477003,4.43031291221819,55.1770057465588,48.5155680557632,-6.66143769079559,5.20715331468775,77.8311408072926,73.5875290705033,-4.24361173678932,5.14002298959818,106.444546408885,98.5418642919874,-7.90268211689789,5.36688957242038,22.6541350607338,25.0719610147401,2.41782595400628,4.91700852564245,51.2675406623265,50.0262962362242,-1.2412444261023,5.57436288470187,28.6134056015927,24.9543352214841,-3.65907038010857,4.92178062363678
books_h,BEL,36,428.628003631208,424.003639881016,-4.62436375019189,4.9263738907624,483.668265930611,474.340207601251,-9.32805832935986,4.59584271100843,511.685315904332,501.941781908364,-9.74353399596811,4.18356436443254,535.672924937822,526.137697361961,-9.53522757586109,4.32481292177479,55.0402622994036,50.3365677202356,-4.70369457916797,5.14511817328932,83.0573122731248,77.9381420273485,-5.11917024577622,5.65574253380978,107.044921306614,102.134057480945,-4.9108638256692,5.83254782742588,28.0170499737212,27.6015743071129,-0.415475666608245,5.60181747017255,52.0046590072104,51.7974897607092,-0.207169246501223,5.2449787536113,23.9876090334892,24.1959154535962,0.208306420107022,4.40824218293398
books_h,CAN,36,459.634130632683,450.863334128768,-8.77079650391437,3.63840513455173,496.502472588789,483.44558657701,-13.0568860117796,3.48735552007656,510.732929416085,502.490593101787,-8.24233631429746,3.40881659966417,527.497750021579,515.939699154205,-11.5580508673739,3.76988027057035,36.8683419561064,32.5822524482412,-4.28608950786526,3.95913422474891,51.0987987834018,51.6272589730188,0.528460189616908,3.98063640267991,67.8636193888964,65.0763650254368,-2.78725436345957,4.30622902285757,14.2304568272954,19.0450065247776,4.81454969748216,3.92915193543101,30.99527743279,32.4941125771957,1.49883514440569,3.95562360064883,16.7648206054946,13.4491060524181,-3.31571455307648,3.99048083253683
books_h,CHE,36,447.90624345151,442.639925036731,-5.26631841477894,4.40026901790912,501.416105493934,491.633955943828,-9.78214955010549,4.72773157906189,525.016385242704,517.498484105261,-7.51790113744323,4.5140436205269,558.609475977089,549.122825877993,-9.48665009909655,5.25222692097239,53.5098620424237,48.9940309070971,-4.51583113532655,5.17087814852727,77.1101417911944,74.8585590685301,-2.2515827226643,5.42570848004546,110.70323252558,106.482900841262,-4.22033168431761,6.4280633109593,23.6002797487707,25.864528161433,2.26424841266226,4.66481669580182,57.1933704831558,57.4888699341648,0.295499451008936,5.88469768852766,33.5930907343851,31.6243417727318,-1.96874896165332,5.81643580529055
books_h,CHL,36,380.725249295309,376.317991744492,-4.40725755081655,4.20834240752973,401.845041248999,394.706226452474,-7.13881479652451,4.1040724636128,421.181310563079,410.062817178714,-11.1184933843652,4.22977773625056,449.672586615192,436.315882998901,-13.356703616291,3.95591455174759,21.1197919536903,18.3882347079823,-2.73155724570796,4.59166470398245,40.4560612677705,33.7448254342219,-6.71123583354864,5.00799841181127,68.9473373198837,59.9978912544093,-8.94944606547443,4.9184863523508,19.3362693140803,15.3565907262396,-3.97967858784068,4.69294799669097,47.8275453661935,41.609656546427,-6.21788881976647,4.19511118503024,28.4912760521132,26.2530658201874,-2.23821023192579,4.45489786601804
books_h,COL,36,354.849765192072,354.249688891135,-0.600076300937701,3.81244739879042,373.29658080369,373.274624646289,-0.0219561574011209,4.36298526628649,388.72570869376,387.422603208602,-1.30310548515791,4.82425239821623,420.008318837465,416.511036910111,-3.49728192735353,5.72858516904263,18.4468156116179,19.0249357551544,0.57812014353658,4.15810555862751,33.8759435016881,33.1729143174679,-0.703029184220213,4.54995572751182,65.1585536453924,62.2613480189766,-2.89720562641583,5.60702882994579,15.4291278900702,14.1479785623134,-1.28114932775679,4.37826127294899,46.7117380337746,43.2364122638222,-3.47532576995241,5.9802500201226,31.2826101437044,29.0884337015087,-2.19417644219561,5.35769128138396
books_h,CZE,36,427.082078020252,417.81229088383,-9.26978713642166,4.59976806448314,482.988849897733,477.358310813767,-5.63053908396597,4.39625722150186,506.676724773043,491.805922201202,-14.8708025718412,4.43803427991414,530.707375352393,522.36078527181,-8.3465900805827,5.50055624593557,55.9067718774811,59.5460199299368,3.63924805245568,5.02725261691303,79.5946467527913,73.9936313173718,-5.60101543541958,5.23708237024208,103.625297332141,104.54849438798,0.923197055838955,6.74923693394956,23.6878748753102,14.447611387435,-9.24026348787527,4.51253868486974,47.7185254546599,45.0024744580432,-2.71605099661673,6.12550993657715,24.0306505793497,30.5548630706082,6.52421249125854,5.69750041958429
books_h,DEU,36,414.92344972931,406.336589658959,-8.58686007035084,5.18547188940067,473.988374497709,458.377040680337,-15.6113338173718,4.75293384028614,498.61756241304,490.784743526874,-7.83281888616585,4.53778395426195,530.201778529523,523.044135895613,-7.15764263391009,5.07881117455857,59.0649247683987,52.0404510213778,-7.02447374702092,5.60511115421962,83.6941126837297,84.4481538679147,0.754041184184985,6.20847500055499,115.278328800213,116.707546236654,1.42921743644075,6.46088911702121,24.6291879153309,32.4077028465368,7.77851493120591,4.81145132648583,56.2134040318142,64.6670952152758,8.45369118346167,5.74175816261208,31.5842161164832,32.259392368739,0.675176252255767,5.56587178437827
books_h,DNK,36,448.722903855678,431.915640947997,-16.8072629076812,4.03068333487407,487.623176528545,469.140473765539,-18.4827027630066,4.73022187360428,501.55158252986,484.646750529002,-16.9048320008579,4.25529875999373,523.321489936903,504.200897786663,-19.1205921502393,4.78731903364083,38.9002726728675,37.2248328175421,-1.67543985532541,5.36325948582731,52.8286786741818,52.7311095810051,-0.0975690931766735,5.41397227951182,74.5985860812246,72.2852568386665,-2.3133292425581,5.78148786031455,13.9284060013143,15.5062767634631,1.57787076214873,5.34192340769009,35.6983134083571,35.0604240211245,-0.63788938723269,6.19832957858495,21.7699074070428,19.5541472576614,-2.21576014938142,5.52913310650453
books_h,ESP,36,424.187906404077,414.932355834977,-9.25555056910019,3.16733076508701,469.898900345124,456.377186270395,-13.5217140747289,2.95801527972946,490.00946196518,475.204353091086,-14.8051088740943,2.76239234019129,511.932198379683,492.585562580184,-19.346635799499,3.10923320524974,45.7109939410466,41.4448304354179,-4.2661635056287,3.33725375932533,65.821555561103,60.2719972561088,-5.54955830499415,3.340681045334,87.7442919756057,77.6532067452069,-10.0910852303988,3.57570570734631,20.1105616200564,18.8271668206909,-1.28339479936545,3.07197587366427,42.0332980345592,36.2083763097891,-5.82492172477009,3.2477038767156,21.9227364145028,17.3812094890981,-4.54152692540464,2.91349175850245
books_h,EST,36,467.665091951158,465.888344942368,-1.77674700878981,4.15456807734891,504.082648956295,501.771877276175,-2.31077168012007,4.22412961799113,520.127065129795,522.793666973943,2.66660184414855,4.01980573433367,549.735633471401,543.32815096008,-6.40748251132118,4.51482537125796,36.4175570051364,35.8835323338062,-0.534024671330258,4.92950005592328,52.4619731786368,56.9053220315752,4.44334885293836,5.0468966307707,82.0705415202428,77.4398060177114,-4.63073550253137,5.71332780043677,16.0444161735004,21.021789697769,4.97737352426861,4.4483312563914,45.6529845151064,41.5562736839053,-4.09671083120111,5.2462939645552,29.608568341606,20.5344839861363,-9.07408435546972,4.89646322417895
books_h,FIN,36,444.930805523514,432.95973454126,-11.9710709822542,4.08026555732882,479.885711177526,469.261437412199,-10.6242737653268,4.00303382464781,496.686471606664,482.25511429794,-14.4313573087238,4.00262862404508,520.773706037914,501.110284116158,-19.6634219217563,4.22930867059995,34.9549056540116,36.301702870939,1.34679721692743,4.752092394803,51.7556660831499,49.2953797566804,-2.46028632646954,4.83440937807257,75.8429005144001,68.150549574898,-7.69235093950209,4.7622744247394,16.8007604291383,12.9936768857414,-3.80708354339697,4.52593455737974,40.8879948603886,31.8488467039591,-9.03914815642952,4.63325102891245,24.0872344312502,18.8551698182177,-5.23206461303255,4.25712297202807
books_h,FRA,36,412.498150464789,403.595856544334,-8.90229392045507,4.46527261181985,463.701509812385,450.65206776925,-13.0494420431351,4.38902730019074,493.514103250544,481.137079637866,-12.3770236126784,4.57130495993317,528.929725444684,505.960260852397,-22.9694645922872,5.06221738693796,51.2033593475956,47.0562112249156,-4.14714812267999,4.74006441729077,81.0159527857551,77.5412230935317,-3.47472969222338,5.38104370726859,116.431574979895,102.364404308063,-14.0671706718321,5.98746470686365,29.8125934381595,30.4850118686161,0.672418430456617,4.74056982018476,65.2282156322993,55.3081930831472,-9.92002254915212,5.57611574133934,35.4156221941398,24.8231812145311,-10.5924409796087,4.98697835381876
books_h,GBR,36,439.569065341322,437.150723615149,-2.41834172617297,3.71178929109741,481.536522481373,479.56121435315,-1.97530812822282,3.966330976063,506.819072202241,506.018519792313,-0.800552409928969,4.07744262169796,540.817624938643,537.176490802695,-3.64113413594805,5.65344383713155,41.967457140051,42.4104907380011,0.443033597950148,4.60800564118326,67.2500068609195,68.8677961771635,1.617789316244,4.82622016687686,101.248559597321,100.025767187546,-1.22279240977508,6.2751286989343,25.2825497208686,26.4573054391624,1.17475571829385,4.66454823260591,59.2811024572702,57.615276449545,-1.66582600772523,6.12054930851275,33.9985527364016,31.1579710103825,-2.84058172601908,5.68601187024773
books_h,GRC,36,394.136970467434,383.602206813638,-10.5347636537959,4.36121990799087,424.367378070529,412.782072295744,-11.5853057747851,4.35863394889696,441.48693837423,440.77364719746,-0.713291176769872,4.43156044494218,462.329839351423,463.020202930894,0.690363579471296,5.84931019112209,30.230407603095,29.1798654821058,-1.05054212098918,4.65244952771828,47.3499679067957,57.1714403838218,9.82147247702608,5.23189242818587,68.1928688839886,79.4179961172558,11.2251272332672,6.24556448323213,17.1195603037007,27.991574901716,10.8720145980153,4.74843357733948,37.9624612808936,50.23813063515,12.2756693542564,5.45856209386761,20.8429009771929,22.246555733434,1.40365475624117,5.51952238078414
books_h,HUN,36,401.579816895011,395.51581621194,-6.0640006830709,4.84544659878492,466.675553586441,457.308594257859,-9.36695932858271,4.28374371860326,498.954227232593,480.175496292707,-18.7787309398858,4.66227708608994,525.802599054449,508.236852813205,-17.5657462412435,5.82571427306638,65.09573669143,61.7927780459182,-3.30295864551181,5.78856435537626,97.3744103375815,84.6596800807666,-12.7147302568149,6.22432946736388,124.222782159438,112.721036601265,-11.5017455581726,7.33129868436231,32.2786736461515,22.8669020348484,-9.4117716113031,4.91615763127683,59.1270454680076,50.9282585553468,-8.19878691266081,6.31900939229435,26.8483718218561,28.0613565204984,1.21298469864229,5.76561202975135
books_h,IRL,36,448.232680365932,435.594970504392,-12.6377098615403,3.86340325992891,488.273454148232,476.113919244941,-12.1595349032914,3.55336029770551,505.111464447882,495.586725362585,-9.52473908529652,3.73954299266419,527.65829079169,515.907907649362,-11.7503831423278,4.024003417633,40.0407737822996,40.5189487405485,0.478174958248872,4.26517130759111,56.8787840819492,59.991754858193,3.1129707762438,4.79159032160553,79.4256104257573,80.3129371449699,0.887326719212524,5.00282631639958,16.8380102996496,19.4728061176446,2.63479581799493,4.45942968896192,39.3848366434577,39.7939884044214,0.409151760963653,4.74127966857087,22.5468263438081,20.3211822867768,-2.22564405703127,4.65696253540368
books_h,ISL,36,424.714326276353,409.560423977443,-15.1539022989098,4.08684178338369,455.8978944825,448.809097373462,-7.0887971090383,4.82431384374871,470.40322036397,464.210391920975,-6.19282844299477,4.74104241858498,488.469724442559,483.714432067586,-4.75529237497261,4.49538389954195,31.1835682061468,39.2486733960183,8.06510518987153,5.99238755051261,45.6888940876168,54.6499679435318,8.96107385591506,5.81699187240252,63.7553981662055,74.1540080901427,10.3986099239372,6.14933963650442,14.50532588147,15.4012945475135,0.89596866604353,6.55614689705505,32.5718299600587,34.9053346941244,2.33350473406568,6.60333469440021,18.0665040785887,19.5040401466109,1.43753606802215,6.37427865279858
books_h,ISR,36,401.61531896082,389.706729429611,-11.9085895312087,5.20007492096154,453.327144879788,432.404239766113,-20.9229051136753,5.06034830159396,482.530111840627,463.189809554717,-19.3403022859099,5.76530544292762,502.371689953467,475.295854629765,-27.0758353237027,8.24366713646054,51.7118259189688,42.6975103365023,-9.01431558246657,5.11322057336862,80.9147928798078,73.4830801251066,-7.43171275470121,6.46875798841598,100.756370992648,85.5891252001537,-15.167245792494,9.19028679668002,29.202966960839,30.7855697886043,1.58260282776536,6.08029575890923,49.0445450736789,42.8916148636515,-6.15293021002748,8.18329050620101,19.84157811284,12.1060450750471,-7.73553303779283,8.08889182363219
books_h,ITA,36,426.771731107565,418.145111208389,-8.62661989917586,4.48525330657243,466.742789607439,463.914049763087,-2.82873984435179,4.80906179297657,484.990196709245,484.995876672576,0.00567996333097653,5.52376202314841,508.579609752906,506.117243616557,-2.46236613634926,5.90863928835803,39.9710584998738,45.7689385546979,5.79788005482408,5.10345997469387,58.2184656016805,66.8507654641873,8.63229986250684,5.98849563665588,81.8078786453412,87.9721324081678,6.1642537628266,6.46099563601011,18.2474071018067,21.0818269094895,2.83441980768276,5.17292165829347,41.8368201454674,42.2031938534699,0.366373708002527,5.5808332023995,23.5894130436607,21.1213669439805,-2.46804609968024,5.45323679892029
books_h,JPN,36,498.4404801573,485.939461500322,-12.501018656978,6.56643937399682,535.331311783025,523.139275967913,-12.1920358151129,5.85512484593551,548.990578775557,539.157337080338,-9.83324169521927,5.83120463187548,561.057714366055,559.042588276707,-2.01512608934786,6.60521918030804,36.8908316257258,37.1998144675909,0.308982841865088,6.54521504047078,50.5500986182572,53.2178755800159,2.66777696175876,6.78723652196039,62.6172342087554,73.1031267763855,10.4858925676302,7.25677021655635,13.6592669925313,16.018061112425,2.35879411989367,5.50936677264404,25.7264025830295,35.9033123087946,10.1769097257651,5.39385964266865,12.0671355904982,19.8852511963696,7.81811560587141,5.08215642956873
books_h,KOR,36,480.937351848005,484.294675370214,3.35732352220958,6.86032554035283,521.411862748882,512.242756553164,-9.16910619571786,6.7772610418313,546.379025166782,540.581937351803,-5.79708781497891,6.52693167478228,562.901566515824,557.700019427384,-5.20154708844041,7.49542678982177,40.4745109008774,27.9480811829499,-12.5264297179274,8.16388125190914,65.4416733187777,56.2872619815892,-9.15441133718849,7.47545028350823,81.9642146678198,73.4053440571698,-8.55887061064999,8.22820329537615,24.9671624179003,28.3391807986393,3.37201838073895,6.62916046307555,41.4897037669424,45.4572628742199,3.96755910727745,8.26277250743762,16.5225413490421,17.1180820755806,0.595540726538502,7.05296934127693
books_h,LTU,36,429.445608602697,432.5461880672,3.10057946450354,3.89452612360758,466.015401774706,465.301946113044,-0.713455661661442,3.69082159894759,488.650959095684,485.022374113635,-3.62858498204901,3.70700480277402,519.001967833576,501.618997342048,-17.3829704915276,4.71268215077632,36.5697931720089,32.755758045844,-3.81403512616498,4.57884450909634,59.2053504929876,52.476186046435,-6.72916444655255,4.70925021711418,89.5563592308793,69.0728092748481,-20.4835499560311,5.87539252076331,22.6355573209787,19.7204280005911,-2.91512932038756,4.44463308898731,52.9865660588703,36.3170512290042,-16.6695148298662,5.41017307245939,30.3510087378917,16.5966232284131,-13.7543855094786,5.29833279475627
books_h,LVA,36,448.185954680271,425.391981243917,-22.7939734363543,4.30376252521961,479.666895591111,455.358140051368,-24.3087555397433,4.1734789001789,493.215806394259,473.860175810551,-19.3556305837085,3.73225570504218,512.904903382121,491.635154905254,-21.2697484768671,3.70102162170115,31.4809409108395,29.9661588074505,-1.51478210338905,4.77279318571977,45.0298517139876,48.4681945666334,3.4383428526458,4.88727681763422,64.7189487018496,66.2431736613368,1.52422495948724,4.79317342584592,13.5489108031481,18.5020357591829,4.95312495603486,4.71751424317998,33.23800779101,36.2770148538863,3.03900706287629,4.66339633123632,19.6890969878619,17.7749790947034,-1.91411789315856,4.47182913867211
books_h,MEX,36,375.982143895784,363.462205799132,-12.519938096652,3.30343290945025,387.160343637921,381.739931043177,-5.42041259474365,3.3297319525336,401.239358571965,394.272627817493,-6.96673075447166,4.18771426141279,416.690064229827,412.874295126467,-3.81576910336008,5.3493649640306,11.1781997421371,18.2777252440454,7.09952550190832,3.63184449556416,25.257214676181,30.8104220183614,5.55320734218032,4.39817631978311,40.7079203340434,49.4120893273353,8.70416899329189,5.46170910842934,14.079014934044,12.532696774316,-1.546318159728,4.18144499789987,29.5297205919063,31.1343640832899,1.60464349138357,5.63937274436575,15.4507056578623,18.6016673089739,3.15096165111157,4.71693602951207
books_h,NLD,36,428.897193297997,427.900973010591,-0.996220287406459,6.42773766198762,486.023032868539,475.995914104674,-10.0271187638644,6.17720862751262,519.562694944337,506.028428282108,-13.5342666622288,5.28130870371453,543.826864861196,530.251200205537,-13.5756646556595,6.2848579561591,57.1258395705418,48.0949410940839,-9.03089847645793,6.37289050309581,90.66550164634,78.1274552715176,-12.5380463748224,6.875893918946,114.929671563199,102.350227194946,-12.579444368253,8.20096661114605,33.5396620757982,30.0325141774337,-3.50714789836445,6.42963293820362,57.8038319926575,54.2552861008625,-3.54854589179507,8.12791026690001,24.2641699168594,24.2227719234288,-0.0413979934306212,6.87417556484507
books_h,NOR,36,422.035954364611,412.116698387786,-9.91925597682547,3.81362763053143,468.412555614741,449.62428871967,-18.7882668950714,4.13873406546824,487.819732845526,469.33635273261,-18.4833801129161,4.09798966976809,502.750202871692,487.407801027334,-15.3424018443587,4.53508400715645,46.3766012501301,37.5075903318841,-8.86901091824598,4.8300826520213,65.7837784809145,57.2196543448239,-8.56412413609058,4.54720455029549,80.7142485070812,75.291102639548,-5.42314586753327,5.23964242217826,19.4071772307844,19.7120640129398,0.304886782155393,5.15496377591889,34.3376472569511,37.7835123076638,3.44586505071271,4.94638803980177,14.9304700261667,18.0714482947241,3.14097826855732,5.20958142352811
books_h,NZL,36,427.57159068499,430.580373528994,3.00878284400437,4.69973219773867,478.406832728555,480.514941807869,2.10810907931369,4.94767929460229,495.408905164537,494.697238571579,-0.711666592958409,4.93121875781333,521.718729411697,523.419847703675,1.70111829197765,4.91291262935461,50.8352420435655,49.9345682788749,-0.90067376469068,6.32547721749626,67.8373144795476,64.1168650425848,-3.72044943696278,6.08751408167006,94.1471387267076,92.8394741746809,-1.30766455202672,6.51458069220116,17.0020724359821,14.18229676371,-2.8197756722721,6.80470904521554,43.3118966831421,42.9049058958061,-0.406990787336042,6.52479858923807,26.30982424716,28.7226091320961,2.41278488493606,6.23867798580216
books_h,POL,36,444.827931036033,439.308403858248,-5.51952717778534,4.89314272123749,479.339159306299,478.705366813257,-0.633792493041995,4.60124785356701,505.29683042874,501.899839023953,-3.39699140478734,4.22397997485158,529.423154810999,525.86028794449,-3.56286686650935,5.63706392282829,34.5112282702658,39.3969629550091,4.88573468474334,5.35437331458459,60.4688993927068,62.5914351657048,2.12253577299799,5.86461078094161,84.5952237749662,86.5518840862422,1.95666031127598,7.41698875618785,25.957671122441,23.1944722106956,-2.76319891174535,4.74304915871008,50.0839955047004,47.154921131233,-2.92907437346736,6.10928733746793,24.1263243822594,23.9604489205374,-0.16587546172201,5.49442640902662
books_h,PRT,36,418.695994429597,409.254954423257,-9.44104000634024,4.89328781435127,459.908605044856,448.066110433074,-11.8424946117817,4.83521372840622,490.808641600451,480.12883439676,-10.6798072036917,4.28125399463249,520.587439406006,504.98472785054,-15.6027115554659,5.15120477575059,41.2126106152587,38.8111560098172,-2.40145460544142,5.02287441633568,72.1126471708543,70.8738799735028,-1.23876719735148,4.85591837645818,101.891444976409,95.7297734272833,-6.16167154912563,6.21244650149252,30.9000365555956,32.0627239636855,1.16268740808994,4.89201840228387,60.6788343611502,56.918617417466,-3.76021694368421,6.01869005530955,29.7787978055546,24.8558934537805,-4.92290435177415,5.39328915259742
books_h,SVK,36,383.748835991972,394.214827812599,10.4659918206271,5.85243776438041,463.151583876777,471.286707221135,8.13512334435745,4.68729418060673,495.954569794535,495.201073167994,-0.753496626541221,4.76418396713996,516.513107385954,520.934553415161,4.42144602920666,5.42894840005835,79.4027478848047,77.0718794085351,-2.33086847626964,6.78822641514361,112.205733802563,100.986245355394,-11.2194884471683,7.21435085537478,132.764271393982,126.719725602562,-6.04454579142043,7.97548241488726,32.8029859177581,23.9143659468594,-8.88861997089867,5.39749907999909,53.3615235091775,49.6478461940267,-3.71367731515079,5.90281134515835,20.5585375914194,25.7334802471673,5.17494265574788,5.79751436319281
books_h,SVN,36,435.031343264924,410.271467212996,-24.7598760519279,3.60714654560868,477.413129496842,459.144658986097,-18.2684705107454,4.09372923809016,499.694380244993,474.891745429798,-24.8026348151949,3.92572508382101,527.100422569713,502.232989691237,-24.8674328784764,4.01281585963181,42.3817862319185,48.8731917731009,6.49140554118247,5.02776394070829,64.663036980069,64.620278216802,-0.0427587632669884,5.11791274296636,92.0690793047892,91.9615224782407,-0.107556826548489,5.35929742324631,22.2812507481506,15.7470864437011,-6.53416430444946,5.76055448324785,49.6872930728708,43.0883307051398,-6.59896236773096,5.6535449082271,27.4060423247202,27.3412442614387,-0.0647980632815006,5.73243231956196
books_h,SWE,36,428.441749500941,413.691665992767,-14.7500835081743,4.29916078233871,477.083001877374,455.954007405812,-21.1289944715621,4.45902774236025,499.751938259145,487.599602258853,-12.1523360002919,4.2931734775323,526.773026153294,510.286123107836,-16.4869030454586,4.88011986844909,48.6412523764332,42.2623414130454,-6.3789109633878,5.31670891489357,71.3101887582036,73.9079362660859,2.59774750788233,5.44188226976781,98.3312766523532,96.5944571150689,-1.73681953728436,6.21320222997641,22.6689363817704,31.6455948530406,8.97665847127013,5.45307315290837,49.6900242759201,54.3321157020235,4.64209142610343,5.11936342931265,27.0210878941496,22.6865208489829,-4.33456704516669,5.54269241662028
books_h,TUR,36,401.909044553766,413.413758249857,11.5047136960904,4.10594606746654,443.933796964299,451.833718936822,7.89992197252337,4.01188065228476,470.135181623757,473.334247058413,3.19906543465606,3.98565172274877,496.847722589868,508.592367223797,11.7446446339292,4.74524023772425,42.0247524105327,38.4199606869656,-3.60479172356708,4.21927722574513,68.2261370699907,59.9204888085563,-8.30564826143439,4.75758762888591,94.9386780361015,95.1786089739402,0.239930937838722,5.68031398959552,26.201384659458,21.5005281215907,-4.70085653786731,4.57900372244644,52.9139256255688,56.7586482869746,3.8447226614058,5.40917990865928,26.7125409661109,35.258120165384,8.54557919927311,5.34996909464008
books_h,USA,36,410.069568513412,406.339530210451,-3.73003830296068,6.47503503899983,450.591811784674,450.741991044777,0.150179260102846,7.04265100087742,482.34675659597,486.898949780245,4.5521931842755,12.6436230505167,516.591898933199,506.946808120433,-9.64509081276606,12.8102805653133,40.5222432712625,44.4024608343261,3.88021756306352,8.08353138294437,72.2771880825582,80.5594195697944,8.28223148723617,13.1854374037013,106.522330419787,100.607277909982,-5.91505250980538,13.3065864416623,31.7549448112957,36.1569587354683,4.40201392417265,10.5414345821216,66.0000871485248,56.2048170756559,-9.7952700728689,10.4436872063502,34.2451423372291,20.0478583401875,-14.1972839970416,9.5291886663975
books_h,OECD,36,426.453998262367,419.364784080933,-7.08921418143387,1.4295056206089,469.400115581801,460.523232297849,-8.87688328395274,1.4267491381742,491.283757806784,482.638879397062,-8.64487840972225,1.45156547361184,516.08949165162,505.664911343988,-10.4245803076318,1.51536288250851,42.9461173194343,41.1584482169155,-1.78766910251886,0.881313593392225,64.8297595444171,63.2740953161288,-1.55566422828838,0.965590682851284,89.635493389253,86.3001272630551,-3.33536612619793,1.08403780297398,21.8836422249828,22.1156470992133,0.232004874230483,0.882025779544481,46.6893760698187,45.1416790461396,-1.54769702367906,0.990066928498949,24.8057338448359,23.0260319469263,-1.77970189790955,0.927425002214669
books_h,OECD35,35,426.518743744032,419.49142488796,-7.02731885607199,1.43829220556236,469.385864588564,460.641690755776,-8.74417383278779,1.43575818433636,491.320166259401,482.851294434375,-8.46887182502604,1.46215056289565,516.20827145939,506.038607022954,-10.1696644364355,1.52855317049429,42.8671208445311,41.1502658678153,-1.71685497671581,0.901465304940282,64.801422515369,63.359869546415,-1.44155296895406,0.988581901487911,89.6895277153572,86.5471821349936,-3.14234558036355,1.11032009454196,21.9343016708379,22.2096036785997,0.275302007761752,0.902970790697093,46.822406870826,45.3969162671783,-1.42549060364775,1.01411820315638,24.8881051999881,23.1873125885786,-1.7007926114095,0.950283898454991
escs_cc,AUS,36,443.692274466842,444.939401999391,1.24712753254875,3.41052881346129,477.501303447719,477.270457447982,-0.230845999737483,3.64461131076574,508.258025483012,508.462308366743,0.204282883731196,3.7746751881203,543.823571179844,522.601959897521,-21.2216112823237,3.94851358553728,33.8090289808771,32.3310554485909,-1.47797353228623,4.39257702658674,64.5657510161702,63.5229063673526,-1.04284464881755,4.34921868070218,100.131296713002,77.6625578981299,-22.4687388148724,4.7136509142252,30.7567220352931,31.1918509187618,0.435128883468678,4.00764416490471,66.3222677321252,45.331502449539,-20.9907652825862,4.29611996861344,35.5655456968321,14.1396515307773,-21.4258941660549,3.85711911528349
escs_cc,AUT,36,446.850611932726,446.478779487452,-0.371832445273526,4.65276220749643,479.636739324394,481.736636987976,2.09989766358171,4.41907691162996,514.446790755893,504.196176976868,-10.2506137790245,4.29529946179452,545.568901628214,524.699614049843,-20.8692875783707,4.025055165698,32.7861273916683,35.2578575005235,2.47173010885524,5.27291135340592,67.596178823167,57.7173974894161,-9.87878133375096,5.03319600736988,98.7182896954883,78.2208345623911,-20.4974551330972,5.20072302949569,34.8100514314987,22.4595399888925,-12.3505114426062,5.03236126424617,65.93216230382,42.9629770618676,-22.9691852419525,5.12002642176314,31.1221108723213,20.503437072975,-10.6186737993463,4.45398418796561
escs_cc,BEL,36,442.271227860479,455.834818689775,13.5635908292956,4.52342906178532,479.713094425541,490.65528749069,10.9421930651491,3.69150035727688,516.275894131571,524.797691880947,8.52179774937588,3.9495219147531,555.015497523964,542.771885559316,-12.2436119646488,4.61793939638087,37.4418665650617,34.8204688009151,-2.62139776414654,4.87808279018557,74.0046662710919,68.9628731911722,-5.04179307991973,5.46288748713158,112.744269663485,86.9370668695409,-25.8072027939444,6.02667292513417,36.5627997060302,34.142404390257,-2.42039531577319,4.26711192654591,75.3024030984236,52.1165980686257,-23.1858050297979,5.04548738200067,38.7396033923934,17.9741936783687,-20.7654097140247,4.76163755820918
escs_cc,CAN,36,466.06362488257,463.437810881143,-2.62581400142744,3.47623215646349,491.242172437412,494.458225789713,3.21605335230095,3.10857965903364,516.542087936952,520.649352887899,4.10726495094787,3.29476289957133,541.381384221064,521.7267576169,-19.6546266041646,3.93670934997895,25.1785475548417,31.0204149085701,5.84186735372839,4.18790237144722,50.4784630543815,57.2115420067568,6.73307895237531,4.11625527015979,75.3177593384941,58.2889467357569,-17.0288126027372,4.3018218817219,25.2999154995397,26.1911270981867,0.891211598646919,3.80964965904409,50.1392117836523,27.2685318271868,-22.8706799564656,4.04847248383962,24.8392962841126,1.07740472900014,-23.7618915551125,3.91254306901003
escs_cc,CHE,36,460.825195588091,467.603511274104,6.77831568601351,4.93949364888762,500.205925945936,501.411826129316,1.20590018338021,4.75809079398128,531.114258966839,534.168554162254,3.05429519541519,4.929145763535,573.747380680527,561.189443430814,-12.5579372497126,4.8088951629846,39.3807303578456,33.8083148552122,-5.57241550263331,5.26836127616616,70.2890633787487,66.5650428881504,-3.72402049059832,6.17971163528307,112.922185092436,93.5859321567101,-19.3362529357261,6.47341676336207,30.9083330209032,32.7567280329382,1.84839501203498,5.80805270082761,73.5414547345907,59.7776173014979,-13.7638374330928,5.47453332203848,42.6331217136875,27.0208892685597,-15.6122324451278,5.88240928509297
escs_cc,CHL,36,389.727968281817,384.998638629603,-4.72932965221412,4.18962227582057,407.116442754155,398.983228693371,-8.13321406078433,3.92126279487753,420.81415516914,418.109737451786,-2.70441771735364,4.20165796246691,458.374486342896,454.973895278473,-3.40059106442322,4.20008752751409,17.3884744723378,13.9845900637675,-3.40388440857021,4.69020219513308,31.0861868873224,33.1110988221829,2.02491193486048,4.93462712213928,68.6465180610786,69.9752566488695,1.32873858779089,5.99208002658768,13.6977124149847,19.1265087584154,5.42879634343069,4.6923849645711,51.2580435887409,55.990666585102,4.7326229963611,4.90352242018086,37.5603311737562,36.8641578266866,-0.696173347069589,5.00776772509566
escs_cc,COL,36,353.828241693178,356.255614611127,2.42737291794896,4.20939409829855,372.058365179936,379.96004933202,7.90168415208342,4.07951424179299,388.003524518838,398.247617782229,10.2440932633911,4.89131043417867,432.508565279704,437.098685303074,4.59012002337062,7.11143802587951,18.2301234867582,23.7044347208927,5.47431123413446,4.67338321714432,34.1752828256605,41.9920031711026,7.81672034544209,5.2783140098607,78.6803235865259,80.8430706919476,2.16274710542166,8.29706556601142,15.9451593389023,18.2875684502099,2.34240911130763,4.51671818093726,60.4502000997677,57.1386359710549,-3.3115641287128,7.74452985808253,44.5050407608654,38.851067520845,-5.65397324002043,7.07836930945854
escs_cc,CZE,36,432.266338146078,440.914264414346,8.64792626826801,4.34605927928312,480.943232297506,474.458517118399,-6.48471517910627,4.22997309946099,505.01488360679,501.901965667936,-3.11291793885403,4.55970382190584,548.671626428584,535.463025052499,-13.2086013760853,5.39318291452578,48.6768941514275,33.5442527040532,-15.1326414473743,4.93687449186826,72.7485454607119,60.9877012535899,-11.760844207122,5.25118634590807,116.405288282506,94.5487606381529,-21.8565276443533,6.74777061061578,24.0716513092845,27.4434485495367,3.37179724025225,4.88243110414873,67.7283941310787,61.0045079340997,-6.72388619697904,5.5821502202802,43.6567428217943,33.561059384563,-10.0956834372313,5.85954796703581
escs_cc,DEU,36,442.682251547686,436.365878238007,-6.31637330967919,5.03292675039515,475.11153934068,479.580035135177,4.46849579449736,5.01041194064346,501.771520835196,505.627682892831,3.85616205763495,5.07311185691617,546.991232604878,540.750120141989,-6.24111246288862,4.85002036793517,32.4292877929941,43.2141568971707,10.7848691041766,6.14164724655279,59.0892692875097,69.2618046548238,10.1725353673141,6.23978743149877,104.308981057192,104.384241903983,0.0752608467905702,6.6176557301622,26.6599814945156,26.0476477576532,-0.612333736862411,6.18425989200246,71.879693264198,61.170085006812,-10.709608257386,6.0854840735866,45.2197117696824,35.1224372491589,-10.0972745205236,5.74687219337255
escs_cc,DNK,36,457.70523675136,456.016338233836,-1.68889851752334,3.95799177765563,482.189287741316,473.264802539411,-8.92448520190533,4.67966364072549,511.392125090681,502.908257330207,-8.48386776047386,4.80622099538476,525.881256736174,508.948875461585,-16.932381274589,5.42272123846665,24.4840509899566,17.2484643055747,-7.23558668438199,5.61333047806795,53.6868883393212,46.8919190963707,-6.79496924295052,5.58607602083689,68.1760199848141,52.9325372277484,-15.2434827570657,6.56138107608019,29.2028373493646,29.6434547907961,0.440617441431471,5.91598111434514,43.6919689948575,35.6840729221738,-8.00789607268371,6.10122091603883,14.4891316454929,6.0406181313777,-8.44851351411518,6.96892937141301
escs_cc,ESP,36,439.159249157285,428.975199251271,-10.1840499060132,3.22904132120211,462.060855560496,453.379037508427,-8.68181805206848,2.80000841563693,489.285676018374,483.216327583766,-6.06934843460778,2.75714091345835,522.905963639243,498.705022258859,-24.2009413803841,2.99307155250737,22.9016064032109,24.4038382571557,1.50223185394475,3.309588372663,50.1264268610889,54.2411283324944,4.11470147140545,3.46391393828189,83.7467144819585,69.7298230075877,-14.0168914743709,3.81259812651748,27.224820457878,29.8372900753387,2.6124696174607,2.88674044975905,60.8451080787476,45.325984750432,-15.5191233283156,3.23560929395983,33.6202876208696,15.4886946750933,-18.1315929457763,2.97576258985341
escs_cc,EST,36,475.541989877772,470.996141708376,-4.54584816939621,4.25859960041634,498.584501157059,500.911803063077,2.32730190601745,4.30808179978021,524.368795255381,533.391944698315,9.02314944293425,4.19719477457473,556.675528872841,546.713939230271,-9.96158964256983,4.6851320638483,23.0425112792872,29.9156613547008,6.87315007541366,5.10615122668898,48.8268053776093,62.3958029899398,13.5689976123305,5.19886418925951,81.1335389950693,75.7177975218957,-5.41574147317363,6.20216367105361,25.7842940983221,32.4801416352389,6.6958475369168,5.01100622877518,58.0910277157822,45.8021361671949,-12.2888915485873,5.47903653286754,32.3067336174601,13.321994531956,-18.9847390855041,4.9939067980959
escs_cc,FIN,36,450.365412011616,445.329212545214,-5.03619946640197,3.72665579820234,474.534222927065,467.433032731318,-7.10119019574677,3.65640715494895,502.043165850834,497.765754450414,-4.27741140041974,3.78623735284626,532.717698670097,513.071264582802,-19.6464340872952,4.07195481587116,24.1688109154482,22.1038201861034,-2.0649907293448,4.1893933898974,51.6777538392176,52.4365419051999,0.75878806598223,4.33933362821631,82.3522866584806,67.7420520375873,-14.6102346208933,4.80885982824147,27.5089429237694,30.3327217190965,2.82377879532703,4.40896994966234,58.1834757430324,45.6382318514839,-12.5452438915485,4.64909462017892,30.6745328192629,15.3055101323874,-15.3690226868755,4.67227866477601
escs_cc,FRA,36,432.324743494808,434.923161008282,2.59841751347494,4.74106271669693,467.481661385731,462.701268461229,-4.780392924502,4.52239294919802,495.779577660993,492.650023905738,-3.12955375525473,4.3533787375447,540.919014564399,521.729062572308,-19.1899519920916,4.8386429997308,35.1569178909231,27.7781074529462,-7.37881043797694,5.0326787513046,63.4548341661856,57.7268628974559,-5.72797126872968,5.34462858787506,108.594271069592,86.8059015640252,-21.7883695055665,5.93273114912095,28.2979162752624,29.9487554445097,1.65083916924726,4.99907417901944,73.4373531786686,59.027794111079,-14.4095590675896,5.43587037213359,45.1394369034061,29.0790386665693,-16.0603982368368,4.88627164102136
escs_cc,GBR,36,463.607434841499,461.993441586802,-1.61399325469654,4.65373181767658,486.901220715923,494.045271520912,7.14405080498909,4.57950082525857,503.441227874027,517.752612054529,14.3113841805022,4.40641196941296,550.715395217411,549.03523620403,-1.68015901338117,6.62443824602362,23.2937858744248,32.0518299341105,8.75804405968563,5.82759022191071,39.8337930325284,55.7591704677271,15.9253774351987,6.0137202797009,87.1079603759127,87.0417946172281,-0.0661657586846332,7.962324652214,16.5400071581036,23.7073405336166,7.16733337551307,5.64145180178991,63.8141745014879,54.9899646831176,-8.82420981837026,7.70355847965358,47.2741673433843,31.282624149501,-15.9915431938833,6.73491625633679
escs_cc,GRC,36,401.931942089735,395.964807186767,-5.9671349029673,4.6726171682145,419.214772121447,419.216813024893,0.00204090344601582,4.09847458974194,442.349701490127,449.273552567347,6.92385107722055,4.47555011093928,478.019796611301,472.358713759545,-5.66108285175585,5.57303303694435,17.2828300317125,23.2520058381258,5.96917580641332,5.34606167175721,40.417759400392,53.3087453805799,12.8909859801879,5.45768306910157,76.087854521566,76.3939065727774,0.306052051211452,6.58664546317025,23.1349293686795,30.0567395424541,6.92181017377453,4.44970804339437,58.8050244898535,53.1419007346517,-5.66312375520187,5.74821999722975,35.670095121174,23.0851611921976,-12.5849339289764,5.85724564772107
escs_cc,HUN,36,419.739906950012,418.436642414799,-1.30326453521229,5.26037952807276,461.0889283061,455.199255442759,-5.88967286334037,4.53454754236097,494.009133777826,484.584902456049,-9.42423132177692,4.75713283105908,538.244631425999,518.662082259951,-19.5825491660482,6.02997940119195,41.349021356088,36.7626130279599,-4.58640832812807,6.19591324218582,74.2692268278146,66.14826004125,-8.12096678656462,6.71126121266409,118.504724475987,100.225439845151,-18.2792846308359,8.19080899568403,32.9202054717266,29.3856470132901,-3.53455845843655,5.07748224557949,77.1557031198991,63.4628268171912,-13.6928763027079,6.78990620012455,44.2354976481724,34.0771798039011,-10.1583178442713,6.32264035463886
escs_cc,IRL,36,459.443654099191,452.897439646083,-6.54621445310772,3.67281025724735,481.198147805407,473.918017769524,-7.28013003588228,3.59419945013876,504.58216442455,500.609709794278,-3.97245463027144,3.81591980101573,531.872269393638,521.739352389192,-10.1329170044465,4.10649024047411,21.7544937062158,21.0205781234412,-0.733915582774557,4.55348038144572,45.1385103253589,47.7122701481952,2.57375982283628,4.82640051629184,72.4286152944472,68.8419127431084,-3.58670255133882,4.93680501246909,23.3840166191432,26.691692024754,3.30767540561084,4.57500914598447,50.6741215882314,47.8213346196672,-2.85278696856426,5.05251144324258,27.2901049690883,21.1296425949132,-6.1604623741751,4.67697070962869
escs_cc,ISL,36,429.664894620043,441.208263368362,11.5433687483194,4.53088687755149,462.441750751082,462.518965526915,0.0772147758326582,4.95607383670991,473.533093384723,481.412116852686,7.87902346796363,4.45934620426222,500.43327545429,494.475414206019,-5.957861248271,5.00588570660384,32.7768561310389,21.3107021585522,-11.4661539724867,6.5239100482069,43.8681987646797,40.2038534843239,-3.66434528035575,5.92707131938688,70.7683808342471,53.2671508376567,-17.5012299965904,6.74272927259617,11.0913426336408,18.8931513257717,7.80180869213098,6.08670081427825,37.9915247032082,31.9564486791045,-6.03507602410366,6.82554619000314,26.9001820695675,13.0632973533328,-13.8368847162346,6.06666891663093
escs_cc,ISR,36,407.283278986673,414.21941784075,6.93613885407666,5.61109994047843,451.382787425122,461.883719895331,10.5009324702096,5.64992174301385,497.724478072254,487.784191350933,-9.94028672132066,6.53692162713789,532.834068483841,501.492106927997,-31.3419615558438,6.30870355356709,44.0995084384487,47.6643020545816,3.56479361613293,6.52504553356195,90.4411990855811,73.5647735101838,-16.8764255753973,7.52639412979645,125.550789497168,87.2726890872473,-38.2781004099205,7.57764170384855,46.3416906471324,25.9004714556022,-20.4412191915303,6.77180270826918,81.451281058719,39.6083870326656,-41.8428940260534,7.16413253796331,35.1095904115866,13.7079155770635,-21.4016748345231,6.50667213416837
escs_cc,ITA,36,433.554440103412,438.232727809455,4.67828770604308,4.61962366811169,464.381707770794,468.714449173103,4.33274140230901,4.79889667621172,483.517333288811,487.168230635441,3.65089734663013,4.9151087135772,516.299622922718,513.908797569092,-2.39082535362627,6.16733972327396,30.8272676673823,30.4817213636482,-0.345546303734068,5.09957411097878,49.9628931853995,48.9355028259865,-1.02739035941295,5.50220584510871,82.7451828193069,75.6760697596376,-7.06911305966935,6.98342391367235,19.1356255180172,18.4537814623383,-0.68184405567888,4.96626149771681,51.9179151519247,45.1943483959894,-6.72356675593528,6.40161222079376,32.7822896339075,26.7405669336511,-6.0417227002564,5.41406501294685
escs_cc,JPN,36,498.297526904172,491.62422484256,-6.67330206161199,6.70750003972723,529.257866556722,522.119295885532,-7.13857067119045,5.65034429930405,552.046228079387,548.327893968462,-3.71833411092496,6.12242700134697,578.894377046838,569.837461748166,-9.05691529867113,7.08392051971943,30.9603396525503,30.4950710429718,-0.465268609578459,6.07258115598459,53.7487011752154,56.7036691259024,2.95496795068704,7.57335915951443,80.5968501426655,78.2132369056064,-2.38361323705914,9.33928599698444,22.7883615226651,26.2085980829306,3.42023656026549,5.77608281026559,49.6365104901153,47.7181658626346,-1.91834462748068,7.52311472765025,26.8481489674501,21.509567779704,-5.33858118774617,6.56095837899233
escs_cc,KOR,36,486.295635502711,484.260234205853,-2.03540129685757,6.70529232260913,521.769439825695,528.095807534314,6.3263677086195,6.02188243900015,542.31834701507,553.730581179634,11.412234164564,6.33794623029268,576.832190804071,574.535008054613,-2.2971827494581,7.38772658025444,35.4738043229839,43.835573328461,8.36176900547707,6.46727923236334,56.0227115123593,69.4703469737809,13.4476354614216,7.93054527665138,90.5365553013599,90.2747738487594,-0.26178145260053,9.04611521221802,20.5489071893754,25.6347736453199,5.08586645594448,7.32695800716064,55.062750978376,46.4392005202984,-8.6235504580776,8.07274505258334,34.5138437890006,20.8044268749785,-13.7094169140221,7.58570978263826
escs_cc,LTU,36,436.114179066365,451.325690123325,15.2115110569595,4.68050187877737,469.508512238132,481.02966148877,11.5211492506382,4.01850075378689,495.479986144045,509.189198550507,13.709212406462,4.36482811468457,529.913975390984,518.817841317539,-11.0961340734451,5.84889198274479,33.3943331717666,29.7039713654453,-3.69036180632128,5.64240726594404,59.3658070776803,57.8635084271828,-1.50229865049744,5.99547687416887,93.7997963246189,67.4921511942143,-26.3076451304046,7.29262020784962,25.9714739059137,28.1595370617375,2.18806315582384,5.47103627985112,60.4054631528524,37.7881798287691,-22.6172833240833,6.27831873077825,34.4339892469387,9.62864276703152,-24.8053464799071,5.81338111934856
escs_cc,LVA,36,450.675856153663,443.188206924524,-7.48764922913847,4.49943350317582,474.815810828375,470.523086761695,-4.29272406667991,4.75805170346957,501.069382601927,489.589117979983,-11.4802646219441,4.52887489176449,525.72139243127,505.048726355331,-20.6726660759391,4.45125870011433,24.1399546747122,27.3348798371708,3.19492516245856,5.46964239789853,50.3935264482648,46.4009110554592,-3.99261539280559,5.45682407764808,75.0455362776072,61.8605194308066,-13.1850168468006,5.83633421953867,26.2535717735526,19.0660312182884,-7.18754055526415,5.9659840128864,50.905581602895,34.5256395936358,-16.3799420092591,6.06278560102881,24.6520098293424,15.4596083753474,-9.19240145399499,6.10599445252608
escs_cc,MEX,36,371.708771437836,368.444697768865,-3.26407366897126,3.47003337890403,387.699949505353,384.92707786859,-2.77287163676289,3.4322014141622,399.812075753013,398.341886251458,-1.47018950155501,4.32850276103775,430.398648397329,423.680208425131,-6.71843997219827,5.07675431871625,15.9911780675172,16.4823800997256,0.491202032208378,3.98192223647712,28.1033043151773,29.8971884825936,1.79388416741625,4.63044924742195,58.6898769594932,55.2355106562662,-3.454366303227,5.67473045135375,12.1121262476601,13.4148083828679,1.30268213520787,4.19625010223623,42.698698891976,38.7531305565406,-3.94556833543538,5.38684511800946,30.5865726443159,25.3383221736727,-5.24825047064326,5.53932201022393
escs_cc,NLD,36,457.050878990881,458.577593809166,1.52671481828469,5.9695509027355,480.250538071425,487.919757971183,7.66921989975782,5.95399667073952,524.447265751923,522.681922893531,-1.76534285839148,5.3212054324355,558.355937995435,548.391226486479,-9.96471150895582,5.21884165577886,23.1996590805443,29.3421641620175,6.14250508147313,6.24915023555566,67.3963867610415,64.1043290843654,-3.29205767667617,7.37697970617077,101.305059004554,89.813632677313,-11.4914263272405,7.90729459478642,44.1967276804972,34.7621649223479,-9.4345627581493,6.11668319298962,78.1053999240092,60.4714685152956,-17.6339314087136,7.09656814443732,33.908672243512,25.7093035929477,-8.19936865056434,6.08676029688331
escs_cc,NOR,36,440.664833438296,422.067192357422,-18.5976410808734,4.00888107733091,463.863199077684,457.096467130764,-6.76673194691972,4.24917020693216,486.728715791089,484.11286054309,-2.61585524799824,4.2160140262246,516.450793559677,497.707060245829,-18.7437333138477,4.73609928492747,23.198365639388,35.0292747733417,11.8309091339537,4.88525902277198,46.063882352793,62.0456681856682,15.9817858328752,5.33372296986994,75.7859601213812,75.6398678884069,-0.14609223297424,5.88203289738427,22.8655167134049,27.0163934123264,4.15087669892148,5.02603928448849,52.5875944819931,40.6105931150652,-11.9770013669279,5.62771543381901,29.7220777685882,13.5941997027388,-16.1278780658494,5.29742929178232
escs_cc,NZL,36,442.262713803333,457.80165176494,15.5389379616074,4.91974956765903,481.412875900734,486.566421411214,5.15354551048011,5.00970176821516,505.429293644754,514.514240235246,9.0849465904916,4.49625471406715,536.875776927087,541.761085001462,4.88530807437496,5.32846972740542,39.1501620974009,28.7647696462737,-10.3853924511272,6.122275622972,63.1665798414213,56.7125884703056,-6.45399137111576,6.28936659685511,94.613063123754,83.9594332365217,-10.6536298872324,7.19099711793323,24.0164177440204,27.9478188240319,3.93140108001148,6.37831183652069,55.4629010263531,55.194663590248,-0.268237436105153,7.17487345213042,31.4464832823327,27.2468447662161,-4.19963851611664,6.3306021749386
escs_cc,POL,36,449.021740585579,456.327852700715,7.30611211513599,4.06805722609355,482.269277523847,482.550867073546,0.281589549698424,4.57713186452648,506.334356400146,514.429141668641,8.09478526849546,4.85895369869467,546.294607712761,537.927330506173,-8.36727720658803,5.26479052621671,33.2475369382681,26.2230143728305,-7.02452256543756,4.91410737918485,57.3126158145661,58.1012889679256,0.788673153359468,5.76673175213276,97.2728671271818,81.5994778054578,-15.673389321724,6.53400607212948,24.065078876298,31.878274595095,7.81319571879703,5.30593819518192,64.0253301889137,55.3764634326273,-8.64886675628645,6.29472861312647,39.9602513126157,23.4981888375322,-16.4620624750835,5.78281421383079
escs_cc,PRT,36,432.033023644376,422.263207582361,-9.76981606201559,4.7868697553775,456.370721651048,453.67048225015,-2.70023940089806,4.57765320356506,485.332923726218,487.536445635758,2.20352190954054,4.55429555561342,532.128440819712,523.12202952696,-9.00641129275243,5.11469532189865,24.337698006672,31.4072746677896,7.06957666111754,4.88575970345508,53.2999000818412,65.2732380533973,11.9733379715561,5.29638858461802,100.095417175336,100.858821944599,0.763404769263161,6.65683897917587,28.9622020751692,33.8659633856078,4.9037613104386,5.28534007035711,75.757719168664,69.4515472768096,-6.30617189185438,6.39396555789104,46.7955170934948,35.5855838912019,-11.209933202293,5.67539024086903
escs_cc,SVK,36,404.024605741108,429.777788765711,25.7531830246037,5.61320474839199,464.032585897999,468.03674551033,4.0041596123304,5.14672956317637,490.598206487406,498.697813679334,8.09960719192776,4.6702882220051,532.632571798894,535.704638088187,3.07206628929316,5.67737904915146,60.0079801568916,38.2589567446182,-21.7490234122733,6.27186427375574,86.5736007462983,68.9200249136223,-17.653575832676,7.38868694018036,128.607966057786,105.926849322476,-22.6811167353106,8.30165237176978,26.5656205894068,30.6610681690041,4.09544757959736,5.87652804869315,68.5999859008948,67.6678925778575,-0.932093323037236,7.00916467964501,42.034365311488,37.0068244088534,-5.0275409026346,6.04834010333494
escs_cc,SVN,36,443.154836595467,436.525394482719,-6.62944211274885,4.37811004167275,470.920558454049,459.763769100763,-11.1567893532857,3.96671758332722,501.965539368827,491.558433669006,-10.4071056998215,4.64624971968712,535.677155442161,504.694896765824,-30.9822586763368,4.16315929352917,27.7657218585816,23.2383746180448,-4.52734724053687,5.77492458540311,58.81070277336,55.0330391862874,-3.77766358707265,6.25589055987387,92.5223188466931,68.1695022831052,-24.352816563588,6.23815533824629,31.0449809147784,31.7946645682426,0.749683653464217,6.05892970919329,64.7565969881115,44.9311276650604,-19.8254693230511,5.78442338492439,33.7116160733331,13.1364630968178,-20.5751529765153,6.02703496130686
escs_cc,SWE,36,442.502289527359,433.366750853212,-9.13553867414714,4.11591697445815,472.657653210977,468.761959729346,-3.89569348163144,4.06192445639296,505.591311596641,503.369034518361,-2.22227707827989,4.6816851640005,539.575304912019,514.383744049651,-25.1915608623677,4.77618024810704,30.1553636836179,35.3952088761336,5.2398451925157,5.06459022219607,63.0890220692813,70.0022836651485,6.91326159586726,5.51293120224023,97.0730153846594,81.0169931964388,-16.0560221882206,5.98284493063878,32.9336583856634,34.6070747890149,1.67341640335155,5.47048200060765,66.9176517010415,45.6217843203052,-21.2958673807363,5.54538717287012,33.9839933153781,11.0147095312903,-22.9692837840879,5.22006363271913
escs_cc,TUR,36,421.047444989097,427.59270054175,6.54525555265275,4.33208589185978,438.972412856058,453.155169627524,14.182756771466,4.04594502889146,454.204200078573,470.582668597661,16.3784685190875,4.67438739798736,503.404919465517,525.805265726151,22.4003462606337,5.10859649918126,17.9249678669613,25.5624690857745,7.63750121881321,5.04726449668147,33.1567550894759,42.9899680559107,9.83321296643476,5.70988329479203,82.3574744764201,98.2125651844011,15.8550907079809,6.59973855573745,15.2317872225146,17.4274989701362,2.19571174762154,5.22800792090106,64.4325066094589,72.6500960986266,8.21758948916772,5.89097801107231,49.2007193869442,55.2225971284904,6.02187774154618,6.04419130782359
escs_cc,USA,36,425.645189721749,433.064779986403,7.41959026465446,6.8800888821424,449.985176400112,457.47119179821,7.486015398098,6.74262745900372,477.52355791753,481.801869948405,4.27831203087521,9.97028920216949,527.359444367531,522.685989234524,-4.673455133007,17.1332351663508,24.3399866783632,24.4064118118068,0.0664251334435448,7.40082679671337,51.8783681957812,48.737089962002,-3.14127823377925,10.6978437142021,101.714254645782,89.6212092481202,-12.0930453976615,17.7222558610371,27.538381517418,24.3306781501952,-3.20770336722279,11.48235986463,77.3742679674184,65.2147974363134,-12.159470531105,17.5329315823077,49.8358864500004,40.8841192861182,-8.95176716388221,12.0500809139979
escs_cc,OECD,36,437.473040096802,438.117485487069,0.644445390267038,1.43719673922926,467.188201022751,467.594123942319,0.405922919567786,1.42233108494394,493.143027887482,494.531717251897,1.38868936441435,1.45007931946486,529.003241804248,517.950493480114,-11.0527483241339,1.55352762085581,29.715160925949,29.4766384552498,-0.238522470699252,0.899955138198098,55.6699877906805,56.4142317648278,0.74424397414731,0.995445317153235,91.530201707446,79.8330079930451,-11.6971937144009,1.20119155370931,25.9548268647314,26.937593309578,0.982766444846561,0.930076845189139,61.8150407814969,50.3563695377953,-11.4586712437016,1.11003972667316,35.8602139167655,23.4187762282173,-12.4414376885482,0.994956780885757
escs_cc,OECD35,35,437.424862695074,438.378693665234,0.953830970160766,1.44626701743588,467.334696607387,468.000269269001,0.665572661614533,1.43137253043299,493.253237940885,494.855014099557,1.60177615867201,1.46059772073389,529.177449751819,518.500364086435,-10.6770856653839,1.56874638839594,29.9098339123131,29.6215756037668,-0.288258308546233,0.920825704795723,55.8283752458118,56.476320434323,0.647945188511244,1.01909221228059,91.7525870567455,80.1216704212009,-11.6309166355446,1.23069986534764,25.9185413334987,26.8547448305562,0.936203497057477,0.953088375099269,61.8427531444325,50.5000948174341,-11.3426583269984,1.13800639607545,35.9242118109338,23.6453499868779,-12.2788618240559,1.01984623715187
escs_h_cc,AUS,36,446.150186192933,442.720417145439,-3.42976904749423,3.38201246095235,479.164310330229,476.499333389967,-2.66497694026157,3.53293424062417,511.121667785691,508.952453075704,-2.16921470998682,3.73428987290151,536.829911677758,525.104734380029,-11.7251772977286,4.05117825205236,33.0141241372957,33.7789162445283,0.764792107232665,4.17196772284172,64.9714815927575,66.2320359302649,1.26055433750741,4.35634587222582,90.6797254848248,82.3843172345905,-8.29540825023435,4.70752004501395,31.9573574554618,32.4531196857366,0.49576223027475,3.93156869998664,57.6656013475292,48.6054009900622,-9.06020035746701,4.20977837362245,25.7082438920673,16.1522813043256,-9.55596258774176,3.7747483424847
escs_h_cc,AUT,36,449.743213724883,445.519415696732,-4.22379802815095,4.63697339284094,482.006655349993,480.894980958269,-1.11167439172436,4.86015168013294,514.585306615987,503.137538314456,-11.4477683015308,4.07383789727882,540.185840499253,527.561363061183,-12.6244774380707,4.04526701982387,32.2634416251101,35.3755652615367,3.11212363642659,5.60478446828831,64.8420928911037,57.6181226177239,-7.22397027337985,5.05916318868801,90.4426267743701,82.0419473644504,-8.40067940991975,5.276166946256,32.5786512659936,22.2425573561872,-10.3360939098064,5.20409044742586,58.17918514926,46.6663821029137,-11.5128030463463,5.24520470403206,25.6005338832664,24.4238247467265,-1.1767091365399,4.40205393271391
escs_h_cc,BEL,36,444.749954620022,455.70290898759,10.9529543675679,4.51535368946055,481.546866113783,489.036456058273,7.48958994449026,3.76954160608717,518.80113262041,523.163686896815,4.36255427640549,4.08032991773401,548.174712763889,546.169908435257,-2.00480432863162,4.76147951817945,36.7969114937612,33.3335470706835,-3.46336442307768,5.01795307002337,74.0511780003881,67.4607779092256,-6.59040009116245,5.45628971203334,103.424758143867,90.4669994476678,-12.9577586961996,6.19799498485959,37.2542665066269,34.1272308385421,-3.12703566808477,4.48494174586553,66.6278466501062,57.1334523769843,-9.49439427312188,5.27136645818846,29.3735801434793,23.0062215384422,-6.36735860503711,5.0682248355016
escs_h_cc,CAN,36,466.744620751369,460.971171939355,-5.77344881201435,3.42833960435959,493.529401269312,492.906775250439,-0.622626018872836,3.18932193309386,518.489219025383,518.114282952607,-0.374936072776677,3.37924754006022,536.467658416969,528.285204211893,-8.18245420507628,4.0496804605874,26.7847805179426,31.9356033110841,5.15082279314152,4.19772303100716,51.7445982740141,57.1431110132518,5.39851273923767,4.20613094772682,69.7230376655996,67.3140322725377,-2.40900539306193,4.4633898006061,24.9598177560715,25.2075077021677,0.247689946096159,3.9819437712799,42.9382571476571,35.3784289614536,-7.55982818620345,4.37659888121066,17.9784393915855,10.1709212592859,-7.80751813229961,4.00082369547533
escs_h_cc,CHE,36,463.032450548528,466.351991410286,3.31954086175801,5.09830575752878,502.134300756206,499.238064722342,-2.896236033864,4.66884367194279,533.07021013393,534.517293867459,1.44708373352864,4.9432326181856,567.680791247066,564.26317591014,-3.41761533692602,4.7974305105433,39.101850207678,32.8860733120559,-6.21577689562201,5.2544038169052,70.0377595854016,68.1653024571722,-1.87245712822937,6.17742254747022,104.648340698537,97.9111844998534,-6.73715619868403,6.56720999615481,30.9359093777237,35.2792291451163,4.34331976739264,5.63163224400583,65.5464904908595,65.0251111877975,-0.52137930306202,5.57573439005977,34.6105811131358,29.7458820426812,-4.86469907045466,5.96707979733583
escs_h_cc,CHL,36,392.089314424734,382.031674050994,-10.0576403737401,4.14679805634709,406.926431946172,399.396707365645,-7.52972458052722,4.00705134608837,419.1279961975,418.320085173864,-0.807911023635597,4.09651065575644,457.866994270207,457.341762789567,-0.52523148063915,4.24808561722307,14.8371175214381,17.3650333146509,2.52791579321286,4.66104511072117,27.0386817727664,36.2884111228709,9.24972935010447,5.00106143467494,65.7776798454728,75.3100887385737,9.53240889310092,6.04110614960233,12.2015642513283,18.9233778082199,6.72181355689162,4.52515258808387,50.9405623240347,57.9450554239228,7.00449309988807,4.97875173586371,38.7389980727064,39.0216776157029,0.282679542996448,5.0748023066086
escs_h_cc,COL,36,354.605958639202,355.396126165549,0.79016752634692,4.15005673834905,372.40968889523,379.502004503735,7.09231560850446,4.1864789144563,389.142599184157,398.6388946444,9.49629546024238,4.69056169665861,430.217455840033,438.014444512996,7.79698867296378,7.44496187183753,17.8037302560288,24.1058783381864,6.30214808215754,4.69509275310567,34.5366405449558,43.2427684788513,8.70612793389546,5.20232251006755,75.6114972008309,82.6183183474478,7.00682114661686,8.47699644124341,16.732910288927,19.1368901406649,2.40397985173792,4.24298642726834,57.8077669448021,58.5124400092614,0.704673064459314,8.01984118728634,41.0748566558751,39.3755498685965,-1.6993067872786,7.62617048162684
escs_h_cc,CZE,36,438.180240176507,438.761590910569,0.581350734061971,4.35532666883243,479.542390908862,474.235812195941,-5.30657871292158,4.22109054947819,504.925962079431,501.260338250486,-3.66562382894546,4.55599466759651,544.232623420366,538.485635628757,-5.74698779160974,5.40509924811782,41.3621507323551,35.4742212853716,-5.88792944698355,4.87659039892675,66.7457219029242,62.4987473399168,-4.24697456300743,5.0817668915823,106.052383243859,99.7240447181874,-6.32833852567171,6.73802868410375,25.3835711705691,27.0245260545452,1.64095488397612,4.91002890035897,64.690232511504,64.2498234328158,-0.440409078688163,5.64807484971367,39.3066613409349,37.2252973782706,-2.08136396266428,6.00375687652966
escs_h_cc,DEU,36,444.364516653546,435.703937841678,-8.66057881186788,4.91311026698215,477.324170072304,479.665877921479,2.34170784917541,4.99780335618822,502.783966013263,503.986226842068,1.20226082880419,5.16755435821338,542.103866268334,542.984963209365,0.881096941031274,5.09979484565005,32.9596534187576,43.9619400798009,11.0022866610433,5.97037993548823,58.4194493597173,68.2822890003894,9.86283964067206,6.16105637340995,97.7393496147876,107.281025367687,9.54167575289915,6.64245639448146,25.4597959409597,24.3203489205885,-1.13944702037122,6.30121108160067,64.7796961960299,63.3190852878858,-1.46061090814413,6.36079403660491,39.3199002550703,38.9987363672973,-0.321163887772912,5.95581894502554
escs_h_cc,DNK,36,458.40576201498,456.716917762579,-1.68884425240122,4.00845438094866,488.357697326705,471.200733558473,-17.1569637682322,4.48996046756659,511.478368406284,502.919257334892,-8.55911107139161,4.50686801412409,518.907185041965,510.29734900264,-8.60983603932499,5.20815198735157,29.9519353117251,14.4838157958941,-15.468119515831,5.38319786874847,53.0726063913036,46.2023395723132,-6.87026681899039,5.47603602993402,60.5014230269848,53.5804312400611,-6.92099178692376,6.32072982313168,23.1206710795785,31.7185237764191,8.59785269684056,5.24981067623104,30.5494877152597,39.0966154441669,8.54712772890719,5.85375049906391,7.42881663568119,7.37809166774781,-0.0507249679333768,6.13960159361572
escs_h_cc,ESP,36,440.995484275927,426.92764965731,-14.0678346186165,3.23268066526572,463.850592528769,452.89860387844,-10.9519886503293,2.7444972411987,490.774573425649,481.951374976567,-8.82319844908153,2.75880927047487,517.790004496399,502.511199954235,-15.278804542164,3.04387421237933,22.8551082528422,25.9709542211294,3.1158459682872,3.37849295115048,49.7790891497218,55.0237253192568,5.24463616953494,3.40354369427394,76.7945202204723,75.5835502969247,-1.21096992354757,3.84960951580662,26.9239808968796,29.0527710981274,2.12879020124774,2.83970692905726,53.9394119676301,49.6125960757954,-4.32681589183477,3.27842290340835,27.0154310707505,20.559824977668,-6.45560609308251,3.05240316483715
escs_h_cc,EST,36,477.846088021314,470.245597495974,-7.60049052534038,4.24282447938082,498.342096395527,500.956037225661,2.61394083013403,4.25843345349592,525.335937753722,531.057160560946,5.72122280722397,3.97173534141564,553.648986439386,549.745807951662,-3.9031784877244,4.72437577978683,20.4960083742131,30.7104397296875,10.2144313554744,4.99162700006776,47.4898497324081,60.8115630649725,13.3217133325643,5.11852557138364,75.8028984180723,79.5002104556883,3.69731203761597,6.30129894913942,26.993841358195,30.101123335285,3.10728197708994,4.65571040012052,55.3068900438592,48.7897707260008,-6.51711931785843,5.41172552761059,28.3130486856642,18.6886473907158,-9.62440129494837,4.79257893548652
escs_h_cc,FIN,36,454.290415081407,443.344139165988,-10.9462759154182,3.73219249270431,474.893369716623,468.704812437297,-6.18855727932606,3.76181235388726,503.356376509072,494.420146217139,-8.9362302919335,3.88097838781134,527.120108692951,517.125992842556,-9.99411585039468,4.09028518254553,20.6029546352163,25.3606732713085,4.75771863609214,4.20731111442205,49.0659614276657,51.0760070511504,2.0100456234847,4.43059966580379,72.8296936115444,73.781853676568,0.95216006502352,4.73118865696032,28.4630067924494,25.715333779842,-2.74767301260744,4.68092057536306,52.2267389763281,48.4211804052595,-3.80555857106862,4.54301459343398,23.7637321838787,22.7058466254175,-1.05788555846118,4.87333292458917
escs_h_cc,FRA,36,436.45633573217,433.696061287335,-2.76027444483543,4.62621352313853,468.119518012549,463.000003634744,-5.11951437780533,4.61628764366668,495.736286681121,491.850874495616,-3.88541218550512,4.54077503025241,536.139615534904,523.475027971774,-12.6645875631302,4.91068090760052,31.6631822803789,29.303942347409,-2.3592399329699,4.8759571752002,59.2799509489508,58.1548132082811,-1.12513774066969,5.46170952890597,99.6832798027341,89.7789666844393,-9.90431311829479,6.05700248663596,27.6167686685719,28.8508708608721,1.23410219230021,5.19764796832289,68.0200975223552,60.4750243370303,-7.5450731853249,5.6279955038877,40.4033288537833,31.6241534761582,-8.77917537762511,5.21837933991039
escs_h_cc,GBR,36,468.28223725234,461.434040065029,-6.84819718731103,4.7845746246561,486.049201494005,492.31059154936,6.26139005535509,4.62870318622707,507.535147142367,519.505500332152,11.9703531897854,4.69496326756151,542.783929808739,549.609187974618,6.82525816587884,6.40607464392151,17.766964241665,30.8765514843311,13.1095872426661,6.0258609267331,39.2529098900268,58.0714602671233,18.8185503770965,6.34748874953467,74.5016925563992,88.1751479095891,13.6734553531899,7.84745263426174,21.4859456483618,27.1949087827921,5.70896313443035,6.01457021178415,56.7347283147343,57.298596425258,0.563868110523742,7.58174151485244,35.2487826663725,30.1036876424658,-5.14509502390661,6.15810570805818
escs_h_cc,GRC,36,404.637549448362,394.355582461453,-10.2819669869093,4.64251620748432,420.121607728263,420.737415048892,0.615807320629415,4.2102872511892,444.272710886574,447.365356557025,3.09264567045079,4.31264248867098,472.480094138376,474.374196227011,1.89410208863484,5.66781921618878,15.4840582799006,26.3818325874393,10.8977743075387,5.27902863662349,39.6351614382124,53.0097740955724,13.37461265736,5.25457413295186,67.8425446900143,80.0186137655584,12.1760690755441,6.84851614156794,24.1511031583118,26.6279415081332,2.47683834982138,4.28792621784121,52.3584864101138,53.6367811781192,1.27829476800542,5.9479792369113,28.207383251802,27.008839669986,-1.19854358181595,5.87611682016462
escs_h_cc,HUN,36,423.835719269741,417.896807433121,-5.93891183662095,5.22925616439301,458.135288839758,453.594635783931,-4.54065305582662,4.39883456897175,496.532846197832,484.852512505252,-11.6803336925795,4.64503931849816,534.578393489251,520.538135016708,-14.0402584725437,6.13805868709132,34.2995695700165,35.6978283508108,1.39825878079432,5.80961360004841,72.69712692809,66.9557050721315,-5.74142185595855,6.72068304224865,110.74267421951,102.641327583587,-8.10134663592271,8.09730355245948,38.3975573580736,31.2578767213207,-7.13968063675287,5.05398431461945,76.4431046494935,66.9434992327765,-9.49960541671703,6.90443113423684,38.04554729142,35.6856225114558,-2.35992477996416,6.32314393151368
escs_h_cc,IRL,36,461.243439142158,452.360923538769,-8.88251560338898,3.73355704434683,482.690333585844,473.745869080328,-8.94446450551578,3.47279198051764,505.13039267766,500.633214382254,-4.49717829540663,3.88104019181335,528.006189875993,522.425534009789,-5.58065586620387,3.9994625132467,21.4468944436863,21.3849455415595,-0.0619489021268009,4.48660525613222,43.8869535355027,48.2722908434851,4.38533730798235,4.99848010550336,66.7627507338356,70.0646104710207,3.30185973718511,4.91993667937672,22.4400590918164,26.8873453019255,4.44728621010916,4.47192584682466,45.3158562901492,48.6796649294611,3.36380863931191,4.87124463762725,22.8757971983329,21.7923196275356,-1.08347757079724,4.51826641163725
escs_h_cc,ISL,36,432.169778671269,440.759183858762,8.58940518749324,4.78555033648471,464.097225257945,463.147644273994,-0.949580983950455,4.92628977289333,479.718079324408,480.702340343678,0.984261019270093,4.66637093387967,490.094620854939,495.019763738345,4.92514288340607,4.88845838474775,31.9274465866759,22.3884604152322,-9.5389861714437,6.73350081094756,47.5483006531392,39.9431564849161,-7.60514416822315,6.38658375814945,57.9248421836701,54.2605798795829,-3.66426230408717,6.6251739673943,15.6208540664633,17.5546960696839,1.93384200322055,6.21117520379741,25.9973955969942,31.8721194643507,5.87472386735652,6.49778692102968,10.3765415305309,14.3174233946668,3.94088186413597,6.49639835069152
escs_h_cc,ISR,36,408.572812402065,412.318907505172,3.74609510310705,5.5993636729006,457.533226317655,460.23125981699,2.69803349933488,5.70885072978084,501.551839462694,485.686728344468,-15.8651111182263,6.906958046273,521.544914583659,507.161428565203,-14.3834860184558,6.17713069452865,48.9604139155902,47.912352311818,-1.04806160377217,6.69308252617986,92.9790270606293,73.367820839296,-19.6112062213333,8.01680999915175,112.972102181594,94.842521060031,-18.1295811215628,7.47177197788367,44.0186131450391,25.455468527478,-18.5631446175611,6.71680877066257,64.0116882660036,46.9301687482129,-17.0815195177906,7.1813350956776,19.9930751209644,21.4747002207349,1.4816250997705,6.7577242392004
escs_h_cc,ITA,36,436.982090232345,438.275898003714,1.29380777136879,4.69821131207431,464.154398783172,466.533681190056,2.37928240688387,4.89294885998639,484.395252419989,488.575548296002,4.18029587601262,4.91597026055029,512.225535905919,514.605973341807,2.38043743588742,6.29369465255841,27.1723085508267,28.2577831863418,1.08547463551508,5.23420660860061,47.4131621876441,50.2996502922879,2.88648810464383,5.52877811585996,75.2434456735739,76.3300753380925,1.08662966451863,6.99911306519852,20.2408536368173,22.0418671059461,1.80101346912875,5.31741030763919,48.0711371227472,48.0722921517507,0.00115502900354159,6.48820282002813,27.8302834859298,26.0304250458046,-1.79985844012521,5.52974278730048
escs_h_cc,JPN,36,501.988077418669,489.651135366779,-12.3369420518899,6.94311896239108,531.143202981034,521.557357517128,-9.58584546390637,5.56585412745996,552.681787976588,546.466321207546,-6.21546676904143,5.85646608552822,572.650291118771,574.249690192152,1.59939907338037,7.21729991978237,29.1551255623648,31.9062221503483,2.75109658798351,6.50208943518494,50.6937105579183,56.8151858407667,6.12147528284845,7.5465976416106,70.6622137001019,84.5985548253722,13.9363411252702,9.43927179755412,21.5385849955535,24.9089636904184,3.37037869486494,5.57220228429638,41.5070881377371,52.6923326750239,11.1852445372867,7.58714480834894,19.9685031421836,27.7833689846054,7.8148658424218,6.54082810867977
escs_h_cc,KOR,36,493.448429379156,482.258324049083,-11.190105330073,6.51449372251633,519.083489546509,531.297630410162,12.2141408636527,6.30405187750236,541.585767541575,552.255561982738,10.6697944411628,5.74591719164865,573.116705929713,574.867753427266,1.7510474975536,7.3625045543176,25.635060167353,49.0393063610787,23.4042461937257,6.14866670564078,48.1373381624195,69.9972379336553,21.8598997712358,7.21878680038498,79.6682765505569,92.6094293781835,12.9411528276266,8.64713199835498,22.5022779950665,20.9579315725766,-1.54434642248987,6.78204233181326,54.0332163832039,43.5701230171048,-10.4630933660991,8.36415351466491,31.5309383881374,22.6121914445282,-8.91874694360922,6.86466999402896
escs_h_cc,LTU,36,439.592274621218,450.253687171836,10.6614125506183,4.62713007935569,470.731688962228,480.810369902759,10.0786809405311,4.2194111706837,497.851381993937,508.942905541276,11.0915235473387,4.35613625201536,522.834286777913,520.394609900472,-2.439676877441,5.96631391117012,31.1394143410098,30.5566827309226,-0.582731610087194,5.87305158894573,58.2591073727196,58.68921836944,0.430110996720373,5.89902953645378,83.2420121566957,70.1409227286364,-13.1010894280593,7.34146371727746,27.1196930317098,28.1325356385174,1.01284260680757,5.63956079855283,52.1025978156859,39.5842399977138,-12.5183578179721,6.46299963743015,24.9829047839761,11.4517043591964,-13.5312004247797,6.05753911934568
escs_h_cc,LVA,36,453.67055855385,442.724896353952,-10.945662199898,4.54287729663773,474.531630304198,467.916501700702,-6.61512860349598,4.7207392952362,502.515823238925,491.141618238568,-11.3742050003571,4.26316303497523,521.556447852034,506.550122904081,-15.0063249479528,4.3851111399586,20.8610717503477,25.1916053467497,4.33053359640201,5.43751739915758,48.8452646850754,48.4167218846163,-0.428542800459127,5.46711280972022,67.8858892981841,63.8252265501293,-4.06066274805477,5.64547807880438,27.9841929347277,23.2251165378665,-4.75907639686113,5.66905700511624,47.0248175478364,38.6336212033796,-8.39119634445677,5.82606357907313,19.0406246131087,15.4085046655131,-3.63211994759564,5.67241367860006
escs_h_cc,MEX,36,373.604224408401,367.865251303141,-5.73897310525973,3.46303832083624,386.795604023634,385.006809125737,-1.78879489789773,3.31744774813993,400.351831786929,397.913937797291,-2.43789398963855,4.19752323307127,428.919181724064,424.618102736453,-4.30107898761122,5.09407736131852,13.1913796152337,17.1415578225957,3.950178207362,3.83691944198208,26.7476073785286,30.0486864941498,3.30107911562118,4.49420603118196,55.3149573156638,56.7528514333124,1.43789411764851,5.65661199601774,13.5562277632949,12.9071286715541,-0.649099091740823,3.9116414849463,42.1235777004301,39.6112936107166,-2.51228408971349,5.37231807987598,28.5673499371352,26.7041649391625,-1.86318499797267,5.21360478532969
escs_h_cc,NLD,36,461.088442269201,460.80274090233,-0.285701366871308,6.13694603936936,480.919373873747,484.92827625436,4.0089023806126,6.01119310204755,527.127233484634,524.61656817698,-2.51066530765365,4.82359949639681,550.952742994372,547.220576552244,-3.73216644212869,5.73110183476782,19.8309316045462,24.1255353520301,4.2946037474839,6.15007846923997,66.0387912154328,63.8138272746504,-2.22496394078235,7.24494089598526,89.8643007251711,86.4178356499138,-3.44646507525738,8.37329445697115,46.2078596108866,39.6882919226204,-6.51956768826625,6.17103664987311,70.033369120625,62.2923002978837,-7.74106882274128,7.02446690609747,23.8255095097384,22.6040083752633,-1.22150113447503,6.02721814851172
escs_h_cc,NOR,36,443.394343203259,422.21100425929,-21.1833389439693,4.18309252179326,468.397175239631,454.93515547817,-13.462019761461,4.13381101406541,488.378112444847,484.449535011765,-3.9285774330815,4.43477901256331,507.532348942676,499.383469255184,-8.14887968749224,4.70513211055478,25.0028320363713,32.7241512188796,7.7213191825083,4.94328820528518,44.9837692415875,62.2385307524753,17.2547615108878,5.76830518811735,64.1380057394165,77.1724649958935,13.034459256477,5.89633694374387,19.9809372052162,29.5143795335957,9.53344232837946,5.23193878531192,39.1351737030452,44.4483137770139,5.31314007396873,5.52644671589478,19.1542364978289,14.9339342434182,-4.22030225441074,5.06005839647759
escs_h_cc,NZL,36,445.198686962035,458.20756367038,13.0088767083445,4.9445469513119,483.507605097652,484.433082631399,0.925477533746403,4.78676111665471,506.567378320835,513.390139479135,6.82276115830024,4.8447556621075,530.727426048302,544.596071746663,13.8686456983615,5.49865065013863,38.3089181356167,26.2255189610186,-12.0833991745981,5.80953375443505,61.3686913587992,55.182575808755,-6.18611555004424,6.54587617623275,85.5287390862661,86.3885080762831,0.859768990017074,7.5128747223943,23.0597732231825,28.9570568477363,5.89728362455384,6.39620900133583,47.2198209506494,60.1629891152645,12.9431681646151,7.13330040513111,24.1600477274669,31.2059322675282,7.04588454006131,6.89556591109696
escs_h_cc,POL,36,454.163535665454,455.122917788544,0.959382123090109,4.27344180243472,480.455596916293,482.919769662717,2.46417274642369,4.41139674153645,507.297613255031,515.192386706868,7.89477345183713,5.08703143072927,541.991374764007,538.000494530022,-3.99088023398451,5.5018028872141,26.2920612508393,27.7968518741729,1.50479062333358,5.0442934386455,53.1340775895765,60.0694689183235,6.93539132874702,6.02830754325763,87.8278390985527,82.8775767414781,-4.95026235707462,6.66750162446011,26.8420163387372,32.2726170441506,5.43060070541344,5.76301497627486,61.5357778477134,55.0807248673052,-6.4550529804082,6.40479157971069,34.6937615089763,22.8081078231546,-11.8856536858216,6.16380336999521
escs_h_cc,PRT,36,431.360880012361,421.746476810972,-9.61440320138831,4.8351360843728,457.77528327697,453.395753864702,-4.3795294122674,4.58761572883186,489.887055676221,488.198387712662,-1.68866796355923,4.46305134260878,526.867465919734,523.248377469574,-3.61908845016023,5.16392413255661,26.4144032646092,31.6492770537301,5.23487378912091,4.99775975825698,58.5261756638604,66.4519109016895,7.92573523782909,5.32163324784229,95.5065859073736,101.501900658602,5.99531475122808,6.62375498339351,32.1117723992513,34.8026338479594,2.69086144870818,5.39869001626586,69.0921826427644,69.8526236048716,0.760440962107168,6.44355455745271,36.9804102435132,35.0499897569122,-1.93042048660101,5.58985327991631
escs_h_cc,SVK,36,411.020355544739,427.48592960105,16.4655740563111,5.52614886563315,461.69451513564,469.957288142201,8.26277300656102,5.39444703099367,487.74895959515,497.237414299899,9.48845470474856,4.50784754091346,530.815940507096,537.522989925103,6.70704941800773,5.60331901286445,50.6741595909008,42.4713585411507,-8.20280104975012,6.20364086673776,76.7286040504112,69.7514846988486,-6.97711935156258,7.12990780319811,119.795584962357,110.037060324053,-9.75852463830341,8.13951557686736,26.0544444595104,27.2801261576979,1.22568169818754,6.05246296256679,69.121425371456,67.5657017829027,-1.55572358855329,7.07345477695789,43.0669809119456,40.2855756252048,-2.78140528674084,5.86364038079301
escs_h_cc,SVN,36,445.248136703169,433.937986718782,-11.3101499843868,4.37584685057553,474.478628890156,457.844262624891,-16.6343662652654,4.0140563151621,507.470695114831,489.681795540901,-17.78889957393,5.00581824857783,524.508162349925,510.982037099395,-13.5261252505306,4.20325003105026,29.230492186987,23.9062759061084,-5.3242162808786,5.82833643782733,62.2225584116616,55.7438088221185,-6.47874958954316,6.54545427570037,79.2600256467561,77.0440503806123,-2.21597526614374,6.1041823227241,32.9920662246746,31.8375329160101,-1.15453330866455,6.20143856145276,50.029533459769,53.1377744745039,3.10824101473486,5.94471160407329,17.0374672350944,21.3002415584938,4.26277432339941,6.65128324141986
escs_h_cc,SWE,36,446.277335510989,432.506422913291,-13.7709125976985,4.08235527836653,475.772872420859,466.847923159175,-8.92494926168388,4.13957727030682,505.534880535977,504.023379033799,-1.51150150217836,4.64628892143098,532.760694509026,516.501568721034,-16.2591257879917,5.0174501965539,29.4955369098694,34.3415002458841,4.84596333601462,5.086952065022,59.2575450249879,71.516956120508,12.2594110955201,5.46441171512188,86.483358998037,83.9951458077438,-2.48821319029321,5.99218881899925,29.7620081151184,37.1754558746239,7.41344775950552,5.62152036516841,56.9878220881676,49.6536455618597,-7.33417652630783,6.04418330822405,27.2258139730491,12.4781896872358,-14.7476242858133,5.586125360711
escs_h_cc,TUR,36,423.738379528633,425.579692195292,1.84131266665889,4.31947901966762,440.209641767334,451.465838878981,11.2561971116465,3.89320484631915,451.849998064501,471.225150694117,19.3751526296159,4.65649474979442,501.836079242683,528.848980042732,27.0129008000484,5.19202098019928,16.4712622387012,25.8861466836888,9.41488444498759,4.77207755813528,28.1116185358675,45.6454584988246,17.533839962957,5.70258065128085,78.09769971405,103.26928784744,25.1715881333896,6.6410507478149,11.6403562971664,19.7593118151358,8.11895551796943,4.76279338416049,61.6264374753488,77.3831411637507,15.756703688402,6.17998532915804,49.9860811781824,57.623829348615,7.63774817043253,6.25293623299795
escs_h_cc,USA,36,428.449352498978,431.066164319501,2.61681182052337,7.12891110006767,449.381665592599,460.706589241183,11.324923648584,6.65350156200422,480.091606714593,475.728391605108,-4.36321510948511,8.77538805451625,522.604296789683,527.548210499788,4.94391371010477,17.9317320765478,20.9323130936209,29.6404249216815,8.70811182806068,7.79615826885593,51.642254215615,44.6622272856065,-6.98002693000848,9.6046549031073,94.1549442907051,96.4820461802866,2.3271018895814,18.6122650396493,30.7099411219942,15.021802363925,-15.6881387580692,9.7447844149042,73.2226311970843,66.841621258605,-6.38100993847928,18.0204329740459,42.5126900750901,51.81981889468,9.30712881958988,13.9472302915953
escs_h_cc,OECD,36,440.433921654331,437.025309327989,-3.40861232634154,1.44007252472245,468.216854046039,467.012775234403,-1.20407881163516,1.4237085898696,494.577944341325,493.890952983125,-0.686991358199805,1.4420169436582,523.576468853788,520.267606770492,-3.30886208329616,1.56617490033644,27.7829323917077,29.9874659064141,2.20453351470638,0.900953951747147,54.1440226869939,56.8656436551357,2.72162096814174,0.990888093842946,83.1425471994568,83.2422974425022,0.0997502430453778,1.21433204707225,26.3610902952863,26.8781777487216,0.517087453435352,0.912941822716798,55.3596148077491,53.2548315360881,-2.10478327166101,1.12551058852713,28.9985245124628,26.3766537873665,-2.62187072509636,1.01938808789587
escs_h_cc,OECD35,35,440.417877008,437.313813890009,-3.10406311799079,1.449283642304,468.341604375103,467.416037273145,-0.925567101958336,1.43290831190036,494.686612081773,494.232083783312,-0.454528298460446,1.45212588249217,523.741796406856,520.774932679527,-2.96686372732881,1.58191575068874,27.9237273671039,30.1022233831363,2.17849601603245,0.921654388012939,54.2687350737733,56.9182698933036,2.64953481953035,1.01454943546936,83.3239193988564,83.4611187895184,0.137199390661976,1.2441750365749,26.3450077066694,26.8160465101673,0.471038803497891,0.935514184334056,55.4001920317526,53.3588954063821,-2.04129662537048,1.15387232954139,29.0551843250832,26.5428488962148,-2.51233542886837,1.04488019916415
escs_h_min3,AUS,36,440.402114833277,433.738412930467,-6.66370190280986,3.41233537007181,474.362370834426,468.811484351064,-5.5508864833626,3.41230736912415,507.833255800021,499.610857942241,-8.22239785778038,3.79998327540498,532.811583863532,523.096831275942,-9.71475258759017,3.94227846754904,33.9602560011488,35.073071420596,1.11281541944726,3.95128006919464,67.4311409667441,65.8724450117736,-1.55869595497052,4.35622052740053,92.4094690302551,89.3584183454748,-3.05105068478031,4.62052272136683,33.4708849655953,30.7993735911775,-2.67151137441778,4.08204791670046,58.4492130291063,54.2853469248788,-4.16386610422757,4.24401887780699,24.978328063511,23.4859733337012,-1.49235472980979,3.82387736704813
escs_h_min3,AUT,36,440.437107042008,434.733312723817,-5.70379431819112,4.83628844241584,473.629388371423,472.976161860574,-0.653226510849834,4.77964275425635,508.298177332188,494.906554873388,-13.3916224587998,4.15553485486255,536.967510988296,522.386339786708,-14.581171201588,4.00779870789981,33.1922813294157,38.242849136757,5.05056780734128,5.55336360714638,67.8610702901799,60.1732421495712,-7.6878281406087,5.06418980421509,96.5304039462879,87.6530270628911,-8.87737688339684,5.42742181501335,34.6687889607642,21.9303930128142,-12.73839594795,5.1238656445833,63.3381226168722,49.4101779261341,-13.9279446907381,5.22444387101101,28.669333656108,27.4797849133199,-1.18954874278813,4.35678154589603
escs_h_min3,BEL,36,436.861923004733,438.254526124026,1.39260311929388,4.85543610837182,472.444312999263,468.399386277907,-4.04492672135638,4.14153421884066,511.339891597887,512.493362171275,1.15347057338778,4.0765510311897,544.855031387033,537.90979391308,-6.94523747395317,4.63420194796364,35.5823899945309,30.1448601538806,-5.43752984065026,5.15223592322671,74.4779685931546,74.2388360472485,-0.239132545906102,5.67649146379798,107.993108382301,99.6552677890537,-8.33784059324705,6.33454691454739,38.8955785986237,44.0939758933678,5.19839729474415,4.88969366888538,72.4107183877699,69.5104076351731,-2.9003107525968,5.3594020642555,33.5151397891462,25.4164317418052,-8.09870804734095,4.84785047994121
escs_h_min3,CAN,36,461.410726489404,450.934322546865,-10.4764039425391,3.44428750687937,486.779806885436,482.951845357774,-3.82796152766133,3.08936471173537,514.200180910073,512.089343640845,-2.11083726922743,3.34168063889407,533.203615213451,522.925188717017,-10.2784264964338,4.07092238305788,25.3690803960317,32.0175228109094,6.64844241487776,3.81055546503369,52.7894544206688,61.1550210939805,8.36556667331166,4.21760281789439,71.7928887240471,71.9908661701524,0.197977446105313,4.56187089881014,27.4203740246371,29.137498283071,1.7171242584339,3.75065281921676,46.4238083280154,39.973343359243,-6.45046496877245,4.32382780424506,19.0034343033783,10.835845076172,-8.16758922720635,4.01578202986117
escs_h_min3,CHE,36,456.52906096193,454.262699380854,-2.26636158107596,4.67172746142433,493.67368882377,486.881438340812,-6.79225048295734,4.70764837437005,527.425164681238,523.575754670045,-3.84941001119353,4.61111166880289,563.290718990288,557.301026004145,-5.98969298614338,4.80069411303677,37.1446278618391,32.6187389599577,-4.52588890188139,4.90899668404533,70.896103719308,69.3130552891905,-1.58304843011757,5.54753734947776,106.761658028358,103.038326623291,-3.72333140506743,6.20279949261068,33.7514758574689,36.6943163292327,2.94284047176382,5.35819123958548,69.6170301665188,70.4195876633328,0.802557496813961,5.56583276814957,35.8655543090499,33.7252713341001,-2.14028297494986,5.44368013522837
escs_h_min3,CHL,36,385.91628599758,375.009990847091,-10.906295150489,4.25322745473985,401.883791933219,392.838906365932,-9.04488556728694,4.03962799022452,415.642617734098,408.02878930247,-7.61382843162846,4.13793639473696,451.6448118524,449.415123283886,-2.22968856851372,4.09500837995484,15.967505935639,17.8289155188411,1.86140958320209,4.65230801815549,29.7263317365184,33.018798455379,3.29246671886057,4.85623164780095,65.72852585482,74.4051324367953,8.67660658197531,5.93646991524154,13.7588258008794,15.1898829365379,1.43105713565848,4.48184763349237,49.761019919181,56.5762169179542,6.81519699877322,4.77409860451849,36.0021941183016,41.3863339814163,5.38413986311474,4.80006104487478
escs_h_min3,COL,36,352.983429196443,350.161706555757,-2.82172264068589,3.98390948881917,369.727607564071,370.990039279986,1.26243171591483,4.1576617612413,385.659927583793,388.983753474799,3.32382589100592,4.850122634988,427.585227113856,430.178000508895,2.59277339503939,7.47716232784049,16.744178367628,20.8283327242287,4.08415435660072,4.60472387982585,32.6764983873503,38.8220469190421,6.14554853169182,5.09186549034139,74.6017979174129,80.0162939531381,5.41449603572528,8.30978952552157,15.9323200197222,17.9937141948133,2.0613941750911,4.30915204819275,57.8576195497848,59.1879612289094,1.33034167912456,7.91539072251668,41.9252995300626,41.1942470340961,-0.731052495966537,7.479762142595
escs_h_min3,CZE,36,434.448373468476,427.719082174265,-6.7292912942109,4.38231572058735,475.164684230714,468.746229158385,-6.41845507232898,4.26521338428666,500.264689580779,492.212829402957,-8.05186017782194,4.50069901460775,539.851423636115,533.674301731054,-6.1771219050612,5.12847674939782,40.716310762238,41.02714698412,0.310836221881914,4.71155221713408,65.8163161123027,64.4937472286916,-1.32256888361104,5.08007825478034,105.403050167639,105.955219556789,0.552169389149697,6.56054455647399,25.1000053500646,23.4666002445717,-1.63340510549295,4.61920657332345,64.6867394054012,64.928072572669,0.241333167267783,5.50817712734861,39.5867340553365,41.4614723280973,1.87473827276074,5.84928546534452
escs_h_min3,DEU,36,432.736788589553,418.202463359882,-14.534325229671,5.12260091861385,465.421941034846,463.395054241322,-2.02688679352377,4.96253047549832,492.985085489645,490.678660447988,-2.30642504165718,5.04269370864122,534.483547651342,531.604660633163,-2.87888701817917,5.13654103007487,32.6851524452925,45.1925908814398,12.5074384361473,5.91628736821116,60.2482969000923,72.4761970881061,12.2279001880138,5.75936272003584,101.746759061789,113.402197273281,11.6554382114919,6.46672998293173,27.5631444547997,27.2836062066663,-0.279538248133406,5.71438902581218,69.0616066164967,68.2096063918413,-0.852000224655399,5.92695911546122,41.498462161697,40.926000185175,-0.572461976521993,5.82908329463982
escs_h_min3,DNK,36,453.284003662749,442.879406055092,-10.4045976076571,3.88086329007672,484.494433982006,466.786085407528,-17.7083485744773,4.2337604056945,508.335541257275,493.093026851534,-15.2425144057409,4.63820166753849,517.270119671645,505.469759783892,-11.8003598877526,4.82399789987561,31.2104303192563,23.9066793524361,-7.30375096682019,5.13887196308328,55.0515375945259,50.2136207964421,-4.83791679808383,5.41756077129023,63.9861160088954,62.5903537287998,-1.39576228009554,5.93493024616255,23.8411072752696,26.306941444006,2.46583416873636,5.26830990330998,32.775685689639,38.6836743763637,5.90798868672465,5.63382504712286,8.93457841436941,12.3767329323577,3.44215451798829,6.02734232773588
escs_h_min3,ESP,36,435.814261887133,420.955416245341,-14.8588456417914,3.22769937534943,460.167877094595,446.788937957713,-13.3789391368819,2.92270641735664,486.623543552212,476.361397883013,-10.2621456691995,2.78580839159455,514.840240787649,499.426345174335,-15.4138956133143,3.03825317318753,24.3536152074627,25.8335217123722,1.47990650490948,3.35716967797126,50.8092816650795,55.4059816376714,4.59669997259192,3.33323205472119,79.0259789005167,78.4709289289938,-0.555049971522863,3.7708481239586,26.4556664576168,29.5724599252992,3.11679346768244,2.94473648467913,54.672363693054,52.6374072166216,-2.03495647643234,3.45870794096617,28.2166972354372,23.0649472913224,-5.15174994411478,3.13221280490665
escs_h_min3,EST,36,475.190856887285,466.429111978947,-8.76174490833785,4.15280407541266,495.608360241848,495.674033680388,0.0656734385405571,4.20262676094262,520.490046305039,527.605933536991,7.11588723195143,3.91424517666619,550.806275919972,547.043428853865,-3.76284706610727,4.65792508581447,20.4175033545631,29.2449217014415,8.8274183468784,4.91409691500969,45.2991894177545,61.1768215580437,15.8776321402893,4.86454687298242,75.6154190326876,80.6143168749182,4.99889784223058,6.00626465453753,24.8816860631914,31.9318998566023,7.05021379341088,4.49601583640557,55.1979156781246,51.3693951734767,-3.82852050464783,5.22529578513075,30.3162296149332,19.4374953168744,-10.8787342980587,4.57046293117938
escs_h_min3,FIN,36,450.004982937958,435.640568842349,-14.3644140956095,3.65724198948583,470.837442907653,459.769970284628,-11.067472623025,3.63641934571268,500.008893173563,489.650445166902,-10.3584480066605,3.95406697089286,523.082078230954,512.332455287592,-10.7496229433623,4.19491942131771,20.8324599696948,24.1294014422793,3.29694147258448,3.96498979338072,50.0039102356045,54.0098763245535,4.00596608894898,4.32916984997992,73.0770952929956,76.6918864452429,3.61479115224722,4.45288177325104,29.1714502659097,29.8804748822742,0.709024616364502,4.50054092570046,52.2446353233008,52.5624850029636,0.317849679662743,4.47411735727789,23.0731850573911,22.6820101206894,-0.391174936701759,4.93152385809617
escs_h_min3,FRA,36,426.522477571823,418.043791764799,-8.47868580702345,4.55544363908317,458.741672339678,448.897321218698,-9.84435112098055,4.5405050185787,486.912766670798,479.20726137465,-7.70550529614792,4.83266261509716,530.29602340302,515.992559100545,-14.3034643024745,4.86415643270375,32.2191947678556,30.8535294538985,-1.3656653139571,5.15066868541573,60.3902890989754,61.163469609851,0.773180510875534,5.44262910971195,103.773545831197,97.9487673357461,-5.82477849545103,6.07661314043743,28.1710943311198,30.3099401559525,2.13884582483263,5.09446489030543,71.5543510633416,67.0952378818477,-4.45911318149393,5.6522278280765,43.3832567322218,36.7852977258952,-6.59795900632656,5.21298179371006
escs_h_min3,GBR,36,459.54409126461,451.217858338137,-8.32623292647332,4.63743410723587,479.5118214343,480.391396507121,0.879575072820956,4.16026867908229,502.239381391194,505.934019327188,3.69463793599419,4.34036805668078,536.191986440833,540.247977116517,4.0559906756838,6.48517867175857,19.9677301696893,29.1735381689836,9.20580799929428,5.46033530258931,42.6952901265832,54.7161609890507,12.0208708624675,5.97468399779244,76.6478951762228,89.0301187783799,12.3822236021571,7.99083606056529,22.7275599568939,25.5426228200671,2.81506286317324,5.01387709693018,56.6801650065335,59.8565806093963,3.17641560286285,7.31973805453953,33.9526050496396,34.3139577893292,0.361352739689607,6.63615897714098
escs_h_min3,GRC,36,401.624193941689,387.478354400949,-14.1458395407403,4.47785389416918,417.445270161186,412.375383861065,-5.06988630012125,4.2448933607667,436.728362064788,441.255999672608,4.52763760782,4.54471926339885,467.347059920876,467.003492700798,-0.343567220078,5.70056636564401,15.821076219497,24.8970294601161,9.07595324061907,4.97680593077409,35.1041681230993,53.7776452716597,18.6734771485603,5.20509678851202,65.7228659791869,79.5251382998492,13.8022723206623,6.77495072168246,19.2830919036023,28.8806158115436,9.59752390794125,4.05210251440515,49.9017897596899,54.6281088397331,4.72631908004325,5.54567578145651,30.6186978560875,25.7474930281895,-4.871204827898,5.85077674365587
escs_h_min3,HUN,36,419.636648100734,409.271905144885,-10.3647429558487,5.33963488333539,453.411423916302,446.745539092898,-6.66588482340399,4.43330297513111,489.593361164502,479.006649883871,-10.5867112806314,4.54436239725441,531.745988765767,515.364172519358,-16.3818162464089,6.07514799854447,33.7747758155686,37.4736339480133,3.69885813244474,5.93115545311315,69.9567130637686,69.7347447389859,-0.221968324782722,6.53967028300328,112.109340665034,106.092267374473,-6.01707329056018,8.0442359325855,36.1819372482,32.2611107909726,-3.92082645722746,5.13496290968103,78.334564849465,68.6186334264601,-9.71593142300492,6.80243907072562,42.152627601265,36.3575226354875,-5.79510496577746,6.02454803272032
escs_h_min3,IRL,36,458.794961822831,444.255347171067,-14.5396146517643,3.63201550135812,480.269427511665,467.732285504858,-12.5371420068071,3.50176875588774,503.797250276009,497.099067825993,-6.69818245001687,3.68714691649979,527.195306313993,519.475822230733,-7.71948408325977,4.00454067165561,21.4744656888344,23.4769383337916,2.00247264495727,4.16657465700704,45.0022884531786,52.843720654926,7.84143220174747,4.76871054306112,68.4003444911621,75.2204750596666,6.82013056850457,4.93337944787914,23.5278227643442,29.3667823211344,5.8389595567902,4.32051040781661,46.9258788023277,51.743536725875,4.8176579235473,4.64851124241436,23.3980560379835,22.3767544047406,-1.0213016332429,4.36321190405541
escs_h_min3,ISL,36,424.650212618376,426.947807866106,2.29759524773016,4.39387688328558,455.123087795109,452.219090313633,-2.90399748147627,4.52173732495898,475.999712435118,469.530114813245,-6.46959762187271,4.55943421005233,485.336215112469,489.108127760064,3.77191264759529,4.65848137389756,30.4728751767335,25.2712824475271,-5.20159272920643,6.12437961461316,51.3494998167425,42.5823069471396,-8.76719286960287,6.26548119898154,60.6860024940929,62.160319893958,1.47431739986513,6.25019093526954,20.876624640009,17.3110244996125,-3.56560014039644,6.18174814719086,30.2131273173594,36.8890374464309,6.67591012907155,6.1046854068601,9.33650267735038,19.5780129468184,10.241510269468,6.16501602698689
escs_h_min3,ISR,36,397.943542187499,400.706311901134,2.76276971363546,5.11720487120223,446.237052542953,436.910290322076,-9.32676222087792,5.29616942178955,488.232839876637,468.332832964961,-19.9000069116757,6.03908394343752,511.067612959312,488.495852444501,-22.5717605148108,6.90096239872356,48.2935103554547,36.2039784209413,-12.0895319345134,6.19741318093483,90.2892976891383,67.6265210638272,-22.6627766253112,6.98116502798391,113.124070771813,87.7895405433666,-25.3345302284463,7.60474084823667,41.9957873336836,31.4225426428858,-10.5732446907978,5.80036919509221,64.8305604163582,51.5855621224253,-13.2449982939329,6.80578339693629,22.8347730826746,20.1630194795395,-2.67175360313513,6.51287876845032
escs_h_min3,ITA,36,435.55021817558,429.290901554288,-6.25931662129227,4.6766826577969,460.660271510189,457.857854492127,-2.80241701806278,4.92063979513979,482.328016602276,482.135596088662,-0.192420513613854,4.956999220412,509.478248237084,510.332766024495,0.854517787411169,6.39563376864648,25.1100533346088,28.5669529378383,3.45689960322949,4.96521742260013,46.7777984266953,52.8446945343737,6.06689610767842,5.47849120381128,73.9280300615035,81.041864470207,7.11383440870344,7.22193952176664,21.6677450920865,24.2777415965354,2.60999650444893,5.01998945334715,48.8179767268948,52.4749115323687,3.65693480547395,6.59102601869019,27.1502316348083,28.1971699358333,1.04693830102502,5.67242714388651
escs_h_min3,JPN,36,498.578360246737,483.283936225841,-15.2944240208966,7.05291177916941,527.227714031651,518.056327301028,-9.17138673062379,5.37717142060615,549.851154205446,543.064377969951,-6.78677623549493,6.04095467165538,568.875442444426,568.491471481995,-0.383970962431818,7.19388372380304,28.6493537849141,34.7723910751869,6.12303729027281,6.35178331555991,51.272793958709,59.7804417441107,8.50764778540167,7.40741796017799,70.2970821976892,85.207535256154,14.9104530584648,9.23083972603716,22.623440173795,25.0080506689238,2.38461049512887,5.57329132652076,41.6477284127751,50.4351441809671,8.78741576819198,7.42037028956445,19.0242882389802,25.4270935120433,6.40280527306311,6.36569683649831
escs_h_min3,KOR,36,487.146276261745,473.392301093456,-13.7539751682892,6.85918610865996,513.224973881951,519.72309095579,6.49811707383856,6.07812496589374,539.809358776144,543.144619758237,3.33526098209279,5.66946456996418,571.628557027001,567.196223907554,-4.43233311944789,7.46579587508844,26.0786976202058,46.3307898623335,20.2520922421277,6.44330371433085,52.6630825143985,69.7523186647804,17.089236150382,6.82441723492421,84.4822807652562,93.8039228140975,9.32164204884128,8.5670303228321,26.5843848941927,23.4215288024469,-3.16285609174577,5.9453546888944,58.4035831450505,47.473132951764,-10.9304501932864,7.97248635533185,31.8191982508578,24.0516041493171,-7.76759410154068,6.88043910189028
escs_h_min3,LTU,36,435.956648377049,436.331189749335,0.374541372285762,3.94009387235162,460.985399635525,466.659957385858,5.67455775033278,3.40583214840996,491.492666597992,494.72310445491,3.23043785691823,4.21528536626306,516.553782945893,507.728034307355,-8.82574863853876,4.96280343671959,25.0287512584759,30.3287676365229,5.30001637804702,4.46288470437837,55.5360182209433,58.3919147055758,2.85589648463247,5.20380819652223,80.5971345688443,71.3968445580198,-9.20029001082452,6.26852020073371,30.5072669624674,28.0631470690528,-2.44411989341455,4.96977455621955,55.5683833103684,41.0680769214969,-14.5003063888715,5.4131890065298,25.061116347901,13.004929852444,-12.056186495457,5.44579083682913
escs_h_min3,LVA,36,450.016918038831,435.593592926788,-14.4233251120422,3.9677426459856,470.914496427419,461.079828788452,-9.83466763896718,4.37201090214518,495.690740798107,483.194412524477,-12.4963282736304,3.90196556011135,518.247989152198,498.864898390672,-19.3830907615256,4.14069793286003,20.8975783885888,25.4862358616638,4.58865747307505,4.74177628852675,45.6738227592767,47.6008195976885,1.92699683841181,4.87732146246731,68.2310711133671,63.2713054638838,-4.95976564948336,5.21878995633417,24.776244370688,22.1145837360247,-2.66166063466324,5.05612478005874,47.3334927247784,37.78506960222,-9.5484231225584,5.06913114662927,22.5572483540904,15.6704858661952,-6.88676248789517,5.38933833197694
escs_h_min3,MEX,36,371.343801471527,363.015568196171,-8.32823327535624,3.44785514175975,384.990773613862,380.313262511266,-4.67751110259525,3.3155266179994,398.120794425107,392.450094966124,-5.67069945898305,4.29065609159256,425.977227209991,420.719227772392,-5.25799943759887,5.02509426582637,13.6469721423347,17.2976943150957,3.65072217276099,3.66290501458112,26.7769929535802,29.4345267699534,2.65753381637319,4.5012168018944,54.6334257384642,57.7036595762216,3.07023383775737,5.51912115716567,13.1300208112455,12.1368324548577,-0.993188356387805,4.009013884492,40.9864535961295,40.4059652611259,-0.580488335003622,5.18139894689272,27.856432784884,28.2691328062682,0.412700021384183,5.1514792275209
escs_h_min3,NLD,36,449.839401054946,437.404335155632,-12.4350658993142,6.84915394959791,471.09920717786,473.141602611526,2.04239543366617,6.08282230594481,517.240892252383,508.910978705997,-8.3299135463858,5.04082450253612,545.595292005956,540.757486505588,-4.83780550036875,5.56640826202076,21.2598061229134,35.7372674558938,14.4774613329804,6.47343749959969,67.4014911974363,71.5066435503648,4.10515235292843,7.2151192094482,95.75589095101,103.353151349956,7.59726039894548,8.71829004326961,46.1416850745229,35.7693760944709,-10.372308980052,6.08467478277383,74.4960848280966,67.6158838940617,-6.88020093403492,6.99638170846454,28.3543997535737,31.8465077995908,3.49210804601705,6.10942854937947
escs_h_min3,NOR,36,435.628508006057,412.046132056069,-23.5823759499879,3.96597017396994,459.974758808125,444.806624983226,-15.1681338248992,4.02712970115409,485.556224041064,478.228235555108,-7.32798848595621,3.95121843073618,503.613415361902,492.802816590412,-10.8105987714903,4.88477846904572,24.3462508020686,32.7604929271573,8.41424212508866,4.89604939724987,49.9277160350078,66.1821034990394,16.2543874640317,5.15069135469065,67.9849073558458,80.7566845343433,12.7717771784975,5.89324636045663,25.5814652329392,33.4216105718822,7.84014533894299,4.69158583624872,43.6386565537772,47.9961916071861,4.35753505340887,5.44272328110823,18.057191320838,14.5745810353039,-3.48261028553412,5.05050159457131
escs_h_min3,NZL,36,432.898271863406,445.427007518669,12.5287356552639,4.39080894412529,473.630861451222,468.408030360431,-5.22283109079081,4.68664428342125,502.663010099246,503.965740601485,1.30273050223917,4.75539919268228,525.972257793392,534.257101792959,8.28484399956665,5.07076141822573,40.7325895878166,22.981022841762,-17.7515667460547,5.56857149922462,69.7647382358406,58.5387330828159,-11.2260051530247,5.92161556599129,93.0739859299869,88.8300942742897,-4.24389165569721,6.47182411850993,29.032148648024,35.5577102410539,6.52556159302998,5.92630858343247,52.3413963421703,65.8490714325277,13.5076750903575,6.76055739288108,23.3092476941463,30.2913611914738,6.98211349732748,6.46208278385808
escs_h_min3,POL,36,449.443586021076,445.951315602153,-3.49227041892277,4.37523636000112,475.074481972336,473.44086258527,-1.63361938706657,4.28776389012115,501.410541087198,506.599117537479,5.18857645028123,4.97200586714672,536.590650178997,529.068083066996,-7.52256711200084,5.40537558772023,25.6308959512608,27.489546983117,1.8586510318562,4.90173094506469,51.9669550661226,60.6478019353266,8.680846869204,5.64351682998022,87.1470641579216,83.1167674648435,-4.03029669307807,6.77999195852185,26.3360591148619,33.1582549522097,6.82219583734781,5.13026826376331,61.5161682066608,55.6272204817266,-5.88894772493427,6.22480943233951,35.180109091799,22.4689655295169,-12.7111435622821,5.9498233090096
escs_h_min3,PRT,36,428.034272977219,416.507425042274,-11.5268479349452,4.85867847126368,453.697797634616,444.253471753482,-9.44432588113392,4.60717695477918,485.283236771948,475.862696729706,-9.42054004224229,4.51750408453808,524.573999248463,516.258860391699,-8.31513885676372,5.18491677769186,25.6635246573965,27.7460467112078,2.08252205381132,4.53765950867979,57.2489637947291,59.355271687432,2.10630789270294,5.1767578107745,96.5397262712435,99.751435349425,3.21170907818151,6.34342745472353,31.5854391373326,31.6092249762242,0.0237858388916266,5.23793963450343,70.876201613847,72.0053886382172,1.1291870243702,6.30335791425441,39.2907624765144,40.396163661993,1.10540118547857,5.37660466212293
escs_h_min3,SVK,36,401.545991925978,410.852709525275,9.30671759929766,5.61758604706478,455.031859522904,463.568214144726,8.53635462182211,5.3152072692241,477.689277644785,488.627228723151,10.9379510783655,4.58233695781973,524.358312213854,531.42199051714,7.063678303286,5.52870140775683,53.485867596926,52.7155046194504,-0.770362977475543,6.30635636835671,76.1432857188076,77.7745191978755,1.63123347906787,6.86956421230768,122.812320287877,120.569280991865,-2.24303929601166,8.2200957290205,22.6574181218816,25.059014578425,2.40159645654342,5.89253741478153,69.3264526909507,67.8537763724145,-1.47267631853612,7.09451464697499,46.669034569069,42.7947617939895,-3.87427277507953,5.6645182447943
escs_h_min3,SVN,36,443.329039320065,425.537891145051,-17.7911481750141,4.11298594138617,470.557412005103,450.629156524779,-19.9282554803233,3.78514287049921,503.846472206675,482.22302734664,-21.6234448600353,4.36837704354345,522.861944397444,502.139658254224,-20.7222861432202,3.81593052186704,27.2283726850379,25.0912653797287,-2.1371073053092,5.22447716099487,60.5174328866101,56.6851362015889,-3.83229668502116,5.69262566449259,79.532905077379,76.601767109173,-2.93113796820603,5.68406406177497,33.2890602015722,31.5938708218602,-1.69518937971196,5.60015501348126,52.3045323923411,51.5105017294442,-0.79403066289683,5.6139912116862,19.0154721907689,19.916630907584,0.901158716815132,5.95647922215169
escs_h_min3,SWE,36,439.490686323209,422.911965221223,-16.5787211019862,4.07089021701782,469.359897358423,459.036031889767,-10.3238654686559,4.17897431346321,500.124767609062,493.985058496339,-6.13970911272264,4.42295828398537,528.003054336973,508.094021574605,-19.9090327623672,5.16849676236855,29.8692110352137,36.124066668544,6.25485563333029,5.00967882180204,60.6340812858525,71.073093275116,10.4390119892635,5.28361827643604,88.5123680137635,85.1820563533825,-3.33031166038109,6.12979163056954,30.7648702506389,34.9490266065721,4.18415635593323,5.22329569443468,58.6431569785499,49.0579896848385,-9.58516729371138,5.66829662879915,27.878286727911,14.1089630782664,-13.7693236496446,5.50848598696265
escs_h_min3,TUR,36,422.935684846063,420.883858305073,-2.05182654099008,4.21123975620533,439.182243964475,447.666314162339,8.48407019786413,3.92385403751651,450.693614662189,464.164422138413,13.4708074762245,4.47927348027829,500.010889293982,522.957722961687,22.9468336677044,5.37111310964356,16.2465591184119,26.7824558572661,10.5358967388542,4.60054164582708,27.7579298161255,43.2805638333401,15.5226340172146,5.406218942532,77.0752044479194,102.073864656614,24.9986602086945,6.55515360217523,11.5113706977136,16.498107976074,4.98673727836041,4.53085953901125,60.8286453295075,75.2914087993478,14.4627634698403,6.40169165956348,49.3172746317939,58.7933008232738,9.47602619147989,6.15659715432663
escs_h_min3,USA,36,423.353133966184,422.276068738124,-1.0770652280591,6.83971834866341,445.948555841024,452.255540365644,6.30698452462008,7.22482236980725,473.262673365503,465.58995093101,-7.67272243449287,8.44796083429873,518.690023527241,521.786026403724,3.096002876483,16.6853155968659,22.5954218748406,29.9794716275197,7.38404975267918,7.98114689439155,49.9095393993196,43.3138821928858,-6.59565720643377,9.04797676614035,95.3368895610573,99.5099576655994,4.1730681045421,17.8105678051848,27.314117524479,13.3344105653661,-13.9797069591129,9.13001213475186,72.7414676862168,69.5304860380797,-3.21098164813708,15.8982463108563,45.4273501617378,56.1960754727136,10.7687253109759,13.5321272320343
escs_h_min3,OECD,36,434.717412259493,426.876349844646,-7.84106241484739,1.43499546704704,462.40267131781,457.532695838891,-4.86997547891895,1.41722965148681,489.379836945055,484.90348104874,-4.4763558963146,1.43304839044313,519.469540655489,513.370212465822,-6.09932818966706,1.55080883110165,27.6852590583165,30.6563459942449,2.97108693592844,0.869423884387211,54.6624246855618,58.0271312040945,3.36470651853278,0.944513053934793,84.7521283959957,86.493862621176,1.74173422518032,1.1855485843977,26.9771656272453,27.3707852098496,0.393619582604345,0.863642900835297,57.0668693376792,55.8375166269311,-1.22935271074812,1.07143501718438,30.0897037104339,28.4667314170815,-1.62297229335246,0.992139943683655
escs_h_min3,OECD35,35,434.686073698704,427.045519376055,-7.64055432264905,1.4439551365824,462.46652258133,457.839660349782,-4.62686223154833,1.42580808925144,489.458588184851,485.147540567761,-4.31104761708917,1.44265994276504,519.601806365999,513.76860867415,-5.83319769184857,1.56582679826447,27.7804488826264,30.7941409737271,3.01369209110072,0.889105525362161,54.7725144861469,58.1020211917068,3.32950670555988,0.966819961376583,84.9157326672951,86.7230892980956,1.80735663080048,1.21465261092393,26.9920656035205,27.3078802179796,0.315814614459157,0.884325080594934,57.1352837846687,55.9289483243684,-1.20633546030024,1.09760791566822,30.1432181811482,28.6210681063888,-1.5221500747594,1.01655522531122
