index,cnt,n_systems,Q1_2022,Q1_2025,Q1_change,Q1_se,Q2_2022,Q2_2025,Q2_change,Q2_se,Q3_2022,Q3_2025,Q3_change,Q3_se,Q4_2022,Q4_2025,Q4_change,Q4_se,Q2-Q1_2022,Q2-Q1_2025,Q2-Q1_change,Q2-Q1_se,Q3-Q1_2022,Q3-Q1_2025,Q3-Q1_change,Q3-Q1_se,Q4-Q1_2022,Q4-Q1_2025,Q4-Q1_change,Q4-Q1_se,Q3-Q2_2022,Q3-Q2_2025,Q3-Q2_change,Q3-Q2_se,Q4-Q2_2022,Q4-Q2_2025,Q4-Q2_change,Q4-Q2_se,Q4-Q3_2022,Q4-Q3_2025,Q4-Q3_change,Q4-Q3_se
homepos_recodes3,AUS,36,470.595457169916,475.512956893648,4.91749972373168,5.56540202808661,504.870822055596,510.50359504268,5.63277298708431,4.86319014226713,524.204441004101,527.256427089523,3.05198608542219,4.98494309472778,532.659902740783,530.732892215767,-1.92701052501604,5.00470352885768,34.27536488568,34.9906381490326,0.715273263352628,4.78254047479308,53.6089838341849,51.7434701958754,-1.86551363830949,5.43207600523918,62.0644455708672,55.2199353221195,-6.84451024874772,5.5628367031699,19.3336189485049,16.7528320468427,-2.58078690166212,4.47859113135222,27.7890806851872,20.2292971730868,-7.55978351210035,4.38755860020359,8.45546173668231,3.47646512624408,-4.97899661043823,4.67069395534493
homepos_recodes3,AUT,36,429.554039624658,447.79886601183,18.2448263871722,7.23771010430651,489.797466857811,494.500318656613,4.70285179880204,6.20400494481866,519.960747504635,520.571270748225,0.61052324358991,6.08999583688881,528.776465243517,526.63103324147,-2.14543200204673,5.69518885655078,60.243427233153,46.7014526447829,-13.5419745883701,6.34218376569411,90.4067078799772,72.7724047363949,-17.6343031435823,6.79731583317766,99.2224256188588,78.8321672296399,-20.3902583892189,7.67773208853436,30.1632806468242,26.070952091612,-4.09232855521213,6.24980706921955,38.9789983857058,32.130714584857,-6.84828380084878,6.37077758138571,8.81571773888163,6.05976249324499,-2.75595524563664,5.88289249471011
homepos_recodes3,BEL,36,435.984488473756,441.597165351562,5.61267687780651,7.26855778102359,486.287115589676,486.796769226609,0.509653636933081,6.23693971449827,513.156290366008,510.34699996163,-2.80929040437809,5.73463799129334,526.42740936829,525.708451747479,-0.71895762081067,5.89709967729071,50.3026271159197,45.1996038750463,-5.10302324087343,6.17291421788909,77.1718018922526,68.749834610068,-8.4219672821846,7.20787567021726,90.442920894534,84.1112863959168,-6.33163449861718,7.74697669590879,26.8691747763329,23.5502307350217,-3.31894404131117,5.64577685641745,40.1402937786143,38.9116825208705,-1.22861125774375,6.20071927671946,13.2711190022814,15.3614517858488,2.09033278356742,5.57743252343909
homepos_recodes3,CAN,36,484.135163799095,478.998788679968,-5.13637511912719,5.21352850907551,514.985561108106,512.42548885459,-2.56007225351618,4.57789162370937,529.623640583534,529.341446652784,-0.282193930749145,5.02325163156103,535.090736453907,528.689676558839,-6.40105989506753,5.28698471119519,30.8503973090116,33.4267001746226,2.57630286561101,4.14161930947321,45.4884767844388,50.3426579728168,4.85418118837805,4.83705346977527,50.9555726548119,49.6908878788715,-1.26468477594034,5.81042597354733,14.6380794754272,16.9159577981942,2.27787832276704,4.3669630169786,20.1051753458003,16.2641877042489,-3.84098764155135,4.79314850010685,5.4670958703731,-0.651770093945288,-6.11886596431839,4.54093949541477
homepos_recodes3,CHE,36,455.659793489055,458.66142459334,3.00163110428537,6.05696005092356,491.797032900931,498.203833758094,6.40680085716252,5.7745038730519,519.744622995993,520.732344539108,0.987721543114503,6.42725279962235,543.073727197867,531.760942060627,-11.3127851372404,6.03665305026457,36.1372394118765,39.5424091647537,3.40516975287716,5.86308495275094,64.0848295069385,62.0709199457676,-2.01390956117086,6.96797545830011,87.4139337088125,73.0995174672867,-14.3144162415258,6.78428470136099,27.947590095062,22.528510781014,-5.41907931404802,5.74172011459756,51.276694296936,33.557108302533,-17.719585994403,6.11669144097152,23.329104201874,11.028597521519,-12.3005066803549,6.98666593120857
homepos_recodes3,CHL,36,409.550442665213,408.31760266452,-1.23284000069333,5.88065827347189,438.368370873739,434.753147173859,-3.61522369987978,6.08261414755018,456.059856700431,452.832542422038,-3.22731427839284,6.01887406968752,478.3256896834,481.89447158424,3.56878190083978,5.77509083626145,28.8179282085252,26.4355445093388,-2.38238369918645,5.71582153304245,46.5094140352172,44.5149397575177,-1.99447427769951,6.22604463426257,68.7752470181863,73.5768689197194,4.80162190153311,6.08365739517391,17.691485826692,18.0793952481789,0.387909421486938,5.94961240355599,39.957318809661,47.1413244103806,7.18400560071956,5.88797055420669,22.2658329829691,29.0619291622017,6.79609617923262,5.87379661034896
homepos_recodes3,COL,36,376.894241832241,377.100985688072,0.206743855831235,5.52027866381289,393.381510801336,400.86532392852,7.48381312718396,6.33698204888514,420.74042136356,425.435846658517,4.69542529495629,7.45430669602523,460.841400397759,461.23584654063,0.394446142871459,9.13634732543869,16.4872689690952,23.764338240448,7.27706927135273,5.95277089435293,43.8461795313195,48.3348609704445,4.48868143912506,7.44648061764444,83.9471585655178,84.1348608525581,0.187702287040224,9.74104777672526,27.3589105622243,24.5705227299966,-2.78838783222767,5.89266229546422,67.4598895964226,60.3705226121101,-7.08936698431251,8.41288221129022,40.1009790341984,35.7999998821135,-4.30097915208484,7.70149294239306
homepos_recodes3,CZE,36,449.220688684522,446.55468943447,-2.66599925005198,6.25443142425586,496.57552353923,491.319451276113,-5.25607226311701,5.78754642402435,515.840616335221,502.525420803097,-13.3151955321244,5.85304167407973,528.03042390254,520.204053389781,-7.82637051275879,5.68971221894204,47.3548348547081,44.7647618416431,-2.59007301306502,5.55124706551818,66.6199276506988,55.9707313686263,-10.6491962820725,6.4469950150302,78.8097352180177,73.6493639553109,-5.1603712627068,6.93116609896871,19.2650927959907,11.2059695269833,-8.05912326900744,5.38262829312531,31.4549003633096,28.8846021136678,-2.57029824964178,5.47872098865443,12.1898075673189,17.6786325866846,5.48882501936566,5.2733924265392
homepos_recodes3,DEU,36,439.109189017597,424.456106152688,-14.6530828649096,8.11315191859753,490.163220372475,483.029706088197,-7.13351428427825,8.32012303219133,520.637942845068,520.144846844061,-0.49309600100662,6.82260340382717,536.838826716513,538.824738665702,1.98591194918833,6.57520594411035,51.0540313548778,58.5735999355092,7.51956858063136,7.37549803095653,81.5287538274705,95.6887406913735,14.159986863903,7.66596704302339,97.729637698916,114.368632513014,16.6389948140979,8.86570858078354,30.4747224725927,37.1151407558643,6.64041828327163,6.9334956125599,46.6756063440382,55.7950325775048,9.11942623346658,8.48122918041631,16.2008838714455,18.6798918216405,2.47900795019496,7.05351015748385
homepos_recodes3,DNK,36,462.81158340664,443.15539009604,-19.6561933105995,6.75199641018652,495.729139731348,481.081775043414,-14.6473646879338,5.96930906150648,508.579069609822,498.352626298743,-10.2264433110786,6.52724626924628,509.964895987624,491.874175208555,-18.0907207790694,6.28134689291206,32.9175563247083,37.926384947374,5.0088286226657,7.0141956580733,45.7674862031822,55.197236202703,9.42974999952082,6.80999971149386,47.1533125809849,48.7187851125149,1.56547253153008,7.07514659047063,12.8499298784739,17.270851255329,4.42092137685512,7.37001573292577,14.2357562562765,10.7924001651409,-3.44335609113563,7.01289637285208,1.38582637780263,-6.47845109018812,-7.86427746799075,7.15596475161804
homepos_recodes3,ESP,36,450.776844240114,443.96534301216,-6.81150122795395,5.20017075791345,481.7878622953,475.02092933842,-6.76693295687988,4.65034200283251,497.99498716137,491.726970806148,-6.2680163552219,4.56147283243916,510.008048465113,507.272051519753,-2.73599694535977,4.56464512128771,31.0110180551865,31.0555863262605,0.0445682710740698,4.5073922519251,47.2181429212562,47.7616277939883,0.543484872732051,4.42793223445271,59.231204224999,63.3067085075932,4.07550428259418,5.21998409498194,16.2071248660698,16.7060414677277,0.498916601657982,3.34452677692175,28.2201861698125,32.2511221813326,4.03093601152011,3.82181986116801,12.0130613037427,15.5450807136049,3.53201940986213,3.77681022342358
homepos_recodes3,EST,36,494.720768546298,500.493153761538,5.77238521524049,5.42418140605994,525.448202707455,526.226776612499,0.778573905044254,5.40840351008418,535.862404473956,538.010871632025,2.14846715806823,5.92103881873413,549.003007011285,546.710696216194,-2.29231079509111,5.71748666096162,30.7274341611575,25.7336228509613,-4.99381131019624,5.1132731771347,41.1416359276589,37.5177178704867,-3.62391805717226,5.89458274556843,54.2822384649873,46.2175424546557,-8.0646960103316,6.08302473400741,10.4142017665014,11.7840950195254,1.36989325302397,6.03735364161812,23.5548043038298,20.4839196036944,-3.07088470013537,5.55522219277629,13.1406025373284,8.69982458416905,-4.44077795315934,5.33762867982802
homepos_recodes3,FIN,36,480.745311797035,482.87096334138,2.12565154434452,5.56715164315259,513.811847774233,506.947073186445,-6.86477458778791,5.44917248393706,523.217901575202,519.299912828049,-3.91798874715357,5.64655193813739,528.871032287706,519.027374452867,-9.84365783483918,5.91389759958353,33.0665359771978,24.0761098450653,-8.99042613213243,5.04088949709414,42.4725897781673,36.4289494866692,-6.04364029149809,5.05422709603776,48.1257204906709,36.1564111114872,-11.9693093791837,5.45794302015422,9.40605380096952,12.3528396416039,2.94678584063433,5.60206382722804,15.0591845134732,12.0803012664219,-2.97888324705127,5.29434401828671,5.65313071250364,-0.272538375181966,-5.92566908768561,5.90601656008037
homepos_recodes3,FRA,36,434.480289026747,436.208251588731,1.72796256198478,6.98780154569817,478.722406695217,478.821620592849,0.0992138976321257,6.23039287822511,505.97871721452,500.938685407538,-5.0400318069818,6.47943948001801,530.16943556603,526.472595911476,-3.69683965455397,6.31638570665554,44.2421176684705,42.6133690041178,-1.62874866435266,6.35948167110616,71.4984281877731,64.7304338188066,-6.76799436896658,6.92652829882904,95.6891465392836,90.2643443227449,-5.42480221653875,7.52583813962011,27.2563105193026,22.1170648146887,-5.13924570461393,5.68521878487497,51.4470288708132,47.6509753186271,-3.79605355218609,5.94496462393846,24.1907183515105,25.5339105039383,1.34319215242783,5.56300178576522
homepos_recodes3,GBR,36,466.42691148991,477.651291416516,11.2243799266058,6.69942491116276,492.629493982122,509.580298264104,16.9508042819817,5.92536774139207,516.234394863103,522.339209547146,6.10481468404385,6.6532203894788,535.460715654776,544.487310321758,9.02659466698151,6.54743386092028,26.2025824922122,31.9290068475881,5.72642435537591,7.38012405062717,49.8074833731926,44.6879181306306,-5.11956524256198,7.35355257315652,69.0338041648664,66.8360189052421,-2.19778525962431,8.25920004200511,23.6049008809804,12.7589112830426,-10.8459895979379,7.3669589674329,42.8312216726542,34.907012057654,-7.92420961500022,7.10800172656288,19.2263207916737,22.1481007746114,2.92177998293766,7.0259126206192
homepos_recodes3,GRC,36,411.701014638072,406.023794022187,-5.67722061588495,5.90118217743711,440.686077392827,435.895065254746,-4.79101213808121,6.41220751601121,454.560846228323,452.174008421738,-2.38683780658499,6.11844608225909,457.726978894363,448.060357260494,-9.66662163386843,6.73266565299666,28.9850627547549,29.8712712325586,0.886208477803734,5.79639518023307,42.8598315902515,46.1502143995514,3.29038280929996,6.16194560606567,46.0259642562907,42.0365632383072,-3.98940101798348,6.58470208730006,13.8747688354966,16.2789431669928,2.40417433149622,5.73496405880938,17.0409015015358,12.1652920057486,-4.87560949578722,6.42670146412695,3.16613266603923,-4.11365116124421,-7.27978382728344,5.81366394279756
homepos_recodes3,HUN,36,430.326347899538,428.987591267266,-1.33875663227241,6.56080071743157,482.082184541762,477.662931337875,-4.41925320388754,5.97650136296627,506.405715848148,497.619504994988,-8.78621085316001,5.79221140331696,526.706588351207,518.321979011526,-8.38460933968042,6.19706457839302,51.7558366422238,48.6753400706087,-3.08049657161513,5.98342091208584,76.0793679486102,68.6319137277226,-7.44745422088761,6.69983241186562,96.3802404516683,89.3343877442603,-7.04585270740802,7.54929796370032,24.3235313063864,19.9565736571139,-4.36695764927248,5.34989479137717,44.6244038094445,40.6590476736516,-3.96535613579289,6.1146178047481,20.3008725030581,20.7024740165377,0.401601513479591,5.14562929080378
homepos_recodes3,IRL,36,472.376291037462,465.918808531832,-6.45748250563099,6.52863531913236,499.980440549251,497.811104896783,-2.16933565246751,5.94300225766039,517.699760769459,514.940942258594,-2.75881851086456,5.46411953623016,528.102848235247,522.337748398753,-5.76509983649441,5.2226873890131,27.6041495117883,31.8922963649517,4.28814685316348,6.46658387368623,45.3234697319959,49.0221337267624,3.69866399476643,6.53271019712603,55.7265571977849,56.4189398669215,0.692382669136578,6.75644570782878,17.7193202202077,17.1298373618106,-0.589482858397048,6.08977943136189,28.1224076859967,24.5266435019698,-3.59576418402691,5.8674561711419,10.403087465789,7.39680614015913,-3.00628132562986,5.17158150380706
homepos_recodes3,ISL,36,421.416094897272,409.297509476092,-12.1185854211798,5.93440985758102,451.08977670004,447.970542697729,-3.11923400231052,5.94285525822357,455.114800766841,457.304514319332,2.18971355249164,5.40511111593404,460.932454086001,459.247017578874,-1.68543650712672,6.01716576838175,29.673681802768,38.6730332216373,8.99935141886925,7.63054429274246,33.698705869569,48.0070048432405,14.3082989736714,6.87049573749075,39.5163591887292,49.9495081027823,10.4331489140531,6.95442162772812,4.025024066801,9.33397162160315,5.30894755480216,6.66518587894424,9.84267738596117,11.276474881145,1.4337974951838,7.09078321116191,5.81765331916017,1.94250325954181,-3.87515005961836,6.5928145508376
homepos_recodes3,ISR,36,410.654049574309,405.801524212971,-4.85252536133817,6.81171682155725,467.46319775025,447.799282585715,-19.6639151645352,6.4945641499796,491.363733006131,464.446667974713,-26.9170650314177,6.83741123334618,497.390259578836,477.468482633501,-19.9217769453355,7.57766229754917,56.8091481759413,41.9977583727443,-14.811389803197,6.21370711109596,80.7096834318214,58.6451437617419,-22.0645396700795,6.61219865228671,86.7362100045268,71.6669584205295,-15.0692515839973,7.05867037011149,23.9005352558801,16.6473853889976,-7.2531498668825,6.0259302769381,29.9270618285855,29.6692000477852,-0.257861780800283,7.09440400036835,6.02652657270539,13.0218146587876,6.99528808608221,7.21593155346002
homepos_recodes3,ITA,36,440.165255208244,441.219056012391,1.05380080414722,5.77943837200994,471.413202108318,479.106019562423,7.69281745410535,6.44342841354972,492.390917529006,501.405045469044,9.01412794003738,6.08253266562633,507.864606868682,512.324767481762,4.46016061307961,6.27107573006128,31.2479469000746,37.8869635500327,6.63901664995814,5.76190072490575,52.2256623207629,60.185989456653,7.96032713589017,5.77276515704874,67.6993516604389,71.1057114693713,3.40635980893239,6.37366404405743,20.9777154206883,22.2990259066203,1.32131048593203,5.73086806828223,36.4514047603644,33.2187479193386,-3.23265684102574,5.76915311425224,15.4736893396761,10.9197220127183,-4.55396732695778,4.95212350985554
homepos_recodes3,JPN,36,518.972857839204,508.82477051901,-10.1480873201938,8.26610212662411,548.166359403904,541.295714932623,-6.87064447128125,6.20422820329295,559.712360691066,550.618053646169,-9.09430704489762,6.4972701175881,561.198750554121,556.889851837442,-4.30889871667944,6.8738124694223,29.1935015646999,32.4709444136124,3.27744284891253,7.62589633129977,40.7395028518624,41.7932831271586,1.05378027529616,7.01753609363168,42.2258927149176,48.0650813184319,5.83918860351434,8.41068385461309,11.5460012871625,9.32233871354617,-2.22366257361637,6.13720647689301,13.0323911502177,15.5941369048195,2.56174575460182,6.12152888485406,1.48638986305514,6.27179819127332,4.78540832821818,5.86340806840834
homepos_recodes3,KOR,36,491.919227166984,496.952616014056,5.03338884707205,7.94273092778643,524.683773010893,526.867159672203,2.18338666130967,7.34291073389034,543.425718690681,536.490664315386,-6.93505437529507,6.75005167550324,553.148762890381,549.244741415434,-3.90402147494683,7.39636091985221,32.7645458439093,29.914543658147,-2.85000218576238,6.86142116773711,51.5064915236973,39.5380483013302,-11.9684432223671,7.9241412505606,61.2295357233976,52.2921254013787,-8.93741032201888,8.52243923903568,18.7419456797879,9.6235046431832,-9.11844103660474,7.162842773134,28.4649898794883,22.3775817432318,-6.0874081362565,6.74043238836138,9.72304419970033,12.7540771000486,3.03103290034824,7.58630829652471
homepos_recodes3,LTU,36,453.34059933534,459.371812587724,6.03121325238379,5.38482800418657,484.160911232177,486.323228927799,2.16231769562216,5.08839404482923,497.186955327397,498.927521710245,1.74056638284827,5.31213055959606,506.843316447911,508.26400461076,1.4206881628491,5.67566258290466,30.8203118968368,26.9514163400752,-3.86889555676163,5.05758043588539,43.8463559920564,39.5557091225209,-4.29064686953552,5.44751170267786,53.5027171125707,48.892192023036,-4.61052508953469,5.53861730692158,13.0260440952196,12.6042927824457,-0.421751312773893,5.07062571532822,22.6824052157339,21.9407756829608,-0.741629532773061,5.58611730099675,9.65636112051425,9.33648290051508,-0.319878219999168,5.5774807962807
homepos_recodes3,LVA,36,468.727405127093,437.682769354609,-31.0446357724839,5.61111911531532,492.698672912028,473.020793162636,-19.6778797493915,5.33776854632677,501.789778798285,480.996990802827,-20.7927879954583,5.37350028152071,514.274889166442,486.562239087629,-27.7126500788133,5.25950579132825,23.9712677849348,35.3380238080272,11.3667560230924,5.10005055004637,33.0623736711922,43.3142214482178,10.2518477770256,5.30333960601555,45.5474840393497,48.8794697330203,3.33198569367062,5.1703084048422,9.09110588625737,7.97619764019061,-1.11490824606676,4.78044882840494,21.5762162544149,13.5414459249931,-8.03477032942175,5.31126763998267,12.4851103681575,5.56524828480252,-6.91986208335499,5.36914041482776
homepos_recodes3,MEX,36,379.599838953422,386.912924631438,7.31308567801546,4.95516715533001,403.195671919401,408.226082497884,5.0304105784839,5.05218733324093,418.676265018899,421.86694494213,3.19067992323193,5.86845928554274,438.427451383304,438.198775913811,-0.228675469493453,6.50664177874218,23.5958329659782,21.3131578664466,-2.28267509953156,4.7060508301755,39.0764260654762,34.9540203106927,-4.12240575478353,5.68238371961703,58.8276124298816,51.2858512823727,-7.54176114750891,6.85876221228031,15.480593099498,13.6408624442461,-1.83973065525197,4.53613363336185,35.2317794639034,29.9726934159261,-5.25908604797735,6.21512033581514,19.7511863644054,16.33183097168,-3.41935539272538,5.81912013770476
homepos_recodes3,NLD,36,432.053810600435,440.474567071845,8.42075647141019,8.65558177766495,494.660605791416,489.155997072133,-5.50460871928385,7.14829484962672,514.538485512373,506.264735780765,-8.27374973160789,6.89508340612432,520.683334829659,510.258765828998,-10.4245690006608,7.13227463601789,62.6067951909812,48.6814300002872,-13.925365190694,7.12426665033837,82.4846749119377,65.7901687089196,-16.6945062030181,8.65974592893174,88.6295242292234,69.7841987571524,-18.845325472071,9.20926789709897,19.8778797209565,17.1087387086324,-2.76914101232404,7.20380969451757,26.0227290382422,21.1027687568653,-4.91996028137697,7.48188485869194,6.14484931728578,3.99403004823284,-2.15081926905293,7.31349020002052
homepos_recodes3,NOR,36,445.168351707241,441.083676404524,-4.08467530271713,6.02646871328266,480.056932838672,474.134860932867,-5.92207190580439,5.81814548249353,499.511565135149,489.147918716881,-10.3636464182678,5.92780969167596,495.638885655165,487.933628498833,-7.70525715633255,5.94304929916742,34.8885811314304,33.0511845283432,-1.83739660308726,6.73437972957092,54.3432134279079,48.0642423123573,-6.27897111555063,6.15153687801041,50.4705339479239,46.8499520943085,-3.62058185361542,6.7956617445174,19.4546322964775,15.0130577840141,-4.44157451246338,6.06259858703763,15.5819528164935,13.7987675659653,-1.78318525052816,5.99210806380544,-3.87267947998402,-1.2142902180488,2.65838926193521,6.59113749578976
homepos_recodes3,NZL,36,457.215274293029,469.129030498867,11.913756205838,6.8825749903898,507.09598053627,506.101708966972,-0.994271569298462,6.10582366326989,525.72460960742,532.082064024925,6.35745441750441,5.96744738902292,531.923089948165,542.810373470032,10.8872835218668,5.73181728248612,49.8807062432408,36.9726784681043,-12.9080277751364,6.78410844241321,68.5093353143912,62.9530335260577,-5.55630178833354,7.5607556074499,74.7078156551361,73.681342971165,-1.02647268397112,7.57395161035967,18.6286290711504,25.9803550579533,7.35172598680288,6.48863465306446,24.8271094118954,36.7086645030607,11.8815550911653,6.82783116315034,6.19848034074494,10.7283094451074,4.52982910436242,7.16939070028921
homepos_recodes3,POL,36,466.133273218852,467.807000826114,1.6737276072613,6.02829538096106,498.397018921904,494.918054754417,-3.47896416748768,5.72607046537843,515.586532631686,505.991695798955,-9.59483683273135,5.82622690159419,518.003464274891,518.394274770142,0.390810495250889,6.28485367187549,32.2637457030521,27.1110539283031,-5.15269177474897,5.57160300477638,49.4532594128336,38.1846949728409,-11.2685644399926,5.53216624522037,51.8701910560384,50.587273944028,-1.28291711201041,6.71332405010291,17.1895137097815,11.0736410445379,-6.11587266524367,5.35305529348591,19.6064453529864,23.476220015725,3.86977466273856,6.19095196343822,2.41693164320486,12.4025789711871,9.98564732798224,5.84098373283066
homepos_recodes3,PRT,36,444.272918062951,443.678482676665,-0.594435386285909,6.87021105154649,478.689557498143,474.387834319824,-4.30172317831909,6.97354118196547,497.849302900783,496.906979136638,-0.942323764144589,6.62645183238054,518.0952405089,515.141707898091,-2.95353261080857,6.13853272053444,34.4166394351926,30.7093516431594,-3.70728779203319,6.59532748966021,53.5763848378321,53.2284964599734,-0.347888377858681,6.45213279933919,73.822322445949,71.4632252214264,-2.35909722452266,7.36419186991692,19.1597454026394,22.5191448168139,3.3593994141745,5.95690589870455,39.4056830107564,40.7538735782669,1.34819056751053,6.83585178081364,20.2459376081169,18.234728761453,-2.01120884666398,5.69022985144382
homepos_recodes3,SVK,36,391.841966444371,419.701971836836,27.860005392465,8.52783108434263,464.944856559857,477.299227582279,12.3543710224223,6.27201722109496,489.691219320363,494.932848429863,5.24162910949991,5.9035417845948,502.534635687162,511.309715606259,8.77507991909783,6.35689879755877,73.1028901154859,57.5972557454432,-15.5056343700427,7.81903044468521,97.8492528759923,75.2308765930272,-22.6183762829651,8.50078330842862,110.692669242791,91.6077437694238,-19.0849254733672,9.79180902609255,24.7463627605064,17.633620847584,-7.11274191292239,5.58033099227358,37.5897791273051,34.0104880239806,-3.57929110332447,6.63119928811895,12.8434163667987,16.3768671763966,3.53345080959792,6.15254772611715
homepos_recodes3,SVN,36,465.734488997023,448.12074585681,-17.6137431402134,5.75886910598882,504.947858993252,488.564466115956,-16.3833928772961,5.19318338345259,514.703527362476,503.839148204499,-10.8643791579775,5.19269054156531,515.763051691252,502.329752838953,-13.4332988522989,5.07627783326619,39.2133699962288,40.4437202591461,1.23035026291728,6.2723263648499,48.9690383654532,55.7184023476892,6.74936398223593,6.77977521287318,50.0285626942284,54.2090069821429,4.18044428791444,6.46495064719539,9.7556683692244,15.274682088543,5.51901371931865,6.02428159234625,10.8151926979996,13.7652867229967,2.95009402499716,5.80709854204207,1.05952432877518,-1.50939536554631,-2.56891969432149,6.13103639762152
homepos_recodes3,SWE,36,442.141379659531,443.296002496733,1.15462283720154,6.38409492142352,494.348749709355,488.378614446939,-5.97013526241682,6.40389423944073,516.7502854206,510.459309944257,-6.29097547634342,6.16293831692769,523.91035833003,508.814541321541,-15.0958170084883,6.40011559317114,52.2073700498242,45.0826119502058,-7.12475809961836,6.20401936962094,74.6089057610691,67.1633074475241,-7.44559831354496,6.61966033505743,81.7689786704985,65.5185388248087,-16.2504398456899,7.41244125801614,22.4015357112449,22.0806954973183,-0.320840213926601,6.49093073588633,29.5616086206744,20.4359268746028,-9.12568174607151,6.43851726829996,7.16007290942946,-1.64476862271545,-8.80484153214491,6.23027101777509
homepos_recodes3,TUR,36,438.252580345311,454.093109533207,15.8405291878962,5.71482848406046,470.503905415773,485.097349706256,14.5934442904833,5.50787579834781,486.893942023057,513.937501254077,27.04355923102,5.22286349827376,508.502668712788,525.211528749929,16.7088600371411,6.78897555916968,32.2513250704613,31.0042401730485,-1.24708489741283,5.39866237407142,48.6413616777455,59.8443917208693,11.2030300431238,5.93656110244983,70.2500883674769,71.1184192167218,0.868330849244956,7.68398161742519,16.3900366072842,28.8401515478209,12.4501149405367,4.60768515738476,37.9987632970156,40.1141790436733,2.11541574665779,7.38229304528815,21.6087266897313,11.2740274958525,-10.3346991938789,6.81595233229498
homepos_recodes3,USA,36,454.709539305441,454.086398538533,-0.623140766908477,8.51610763235637,479.854538388205,491.527302222126,11.6727638339209,11.1547427223643,521.402558044109,515.783216638515,-5.61934140559367,14.5745708715922,543.492770808494,543.461617992953,-0.0311528155418728,15.2419208778554,25.1449990827634,37.4409036835928,12.2959046008294,10.829207103575,66.6930187386673,61.6968180999821,-4.9962006386852,14.0586940662443,88.7832315030532,89.3752194544199,0.591987951366605,16.12966160046,41.5480196559039,24.2559144163893,-17.2921052395146,12.8671432722434,63.6382324202898,51.934315770827,-11.7039166494628,12.8544591387533,22.0902127643859,27.6784013544377,5.5881885900518,17.0756098111547
homepos_recodes3,OECD,36,446.594104932609,446.43908725156,-0.155017681048605,3.2603905638546,484.263218040507,482.822762463644,-1.44045557686314,3.24280875001811,503.578192645244,500.721991639533,-2.85620100571111,3.25287682260764,515.686281210559,511.780893940024,-3.90538727053507,3.26594204033712,37.6691131078984,36.3836752120839,-1.28543789581454,1.05566911229129,56.9840877126349,54.2829043879723,-2.70118332466251,1.14919670608548,69.0921762779498,65.3418066884633,-3.75036958948647,1.26969292368179,19.3149746047365,17.8992291758885,-1.41574542884797,1.02877806073855,31.4230631700514,28.9581314763794,-2.46493169367193,1.09889656964904,12.1080885653149,11.058902300491,-1.04918626482396,1.11021609746947
homepos_recodes3,OECD35,35,446.474598095252,446.5097656584,0.0351675631486614,3.26639861909666,484.333942490371,483.045671981508,-1.28827050886281,3.24850985251607,503.737712801926,500.978992234772,-2.75872056715372,3.25924439910574,515.848516431857,511.909718009174,-3.93879842268291,3.27303476593957,37.8593443951189,36.5359063231074,-1.32343807201147,1.07816704738364,57.2631147066743,54.4692265763719,-2.79388813030238,1.17524111079335,69.3739183366055,65.399952350774,-3.97396598583157,1.29742584771735,19.4037703115554,17.9333202532645,-1.47045005829091,1.05384822172466,31.5145739414867,28.8640460276666,-2.6505279138201,1.12500672842904,12.1108036299312,10.930725774402,-1.18007785552919,1.13682662631228
homepos_recodes10,AUS,36,471.036883196349,476.323110204816,5.28622700846694,5.49077679425063,505.33692531143,510.560323217033,5.22339790560272,4.89487691501554,524.394285793614,527.257195365769,2.86290957215488,4.98862969369211,532.802612256638,530.86785248876,-1.93475976787829,4.99874294884278,34.3000421150812,34.237213012217,-0.0628291028642138,4.59661830736582,53.3574025972654,50.9340851609533,-2.42331743631206,5.37602116642272,61.7657290602894,54.5447422839441,-7.22098677634523,5.50485406638055,19.0573604821842,16.6968721487364,-2.36048833344785,4.55790447819429,27.4656869452082,20.3075292717272,-7.15815767348101,4.35903563099673,8.40832646302397,3.6106571229908,-4.79766934003317,4.71699814260309
homepos_recodes10,AUT,36,430.420592763402,448.414886154088,17.9942933906859,7.26840760069424,490.299049874847,494.762947421887,4.46389754703921,6.22489496793234,520.204355053346,520.400263462017,0.195908408671244,6.06276692163015,528.955081092982,526.539678672571,-2.4154024204106,5.67441454167806,59.8784571114458,46.3480612677991,-13.5303958436467,6.43535375591212,89.7837622899441,71.9853773079294,-17.7983849820147,6.80023493283497,98.5344883295798,78.1247925184833,-20.4096958110965,7.66919121283782,29.9053051784982,25.6373160401303,-4.26798913836797,6.29094088815811,38.656031218134,31.7767312506842,-6.87929996744981,6.38921379458469,8.75072603963577,6.13941521055392,-2.61131082908184,5.89394032560544
homepos_recodes10,BEL,36,436.938395952809,444.317892032702,7.37949607989344,7.00285291935479,487.13177888987,487.69034029715,0.558561407279967,6.15887950820086,513.163215584683,511.37775931079,-1.78545627389309,5.66093119154755,526.608777473382,525.878505269575,-0.730272203806408,5.87371126449235,50.1933829370613,43.3724482644478,-6.82093467261348,5.94642780112611,76.2248196318741,67.0598672780876,-9.16495235378653,6.88976441947161,89.6703815205731,81.5606132368732,-8.10976828369985,7.60334271490139,26.0314366948128,23.6874190136398,-2.34401768117306,5.43243556341365,39.4769985835118,38.1881649724255,-1.28883361108637,6.20593047709099,13.445561888699,14.5007459587857,1.05518407008668,5.42122186897118
homepos_recodes10,CAN,36,485.369553142848,480.402283953058,-4.96726918978976,5.21806666711697,515.265289224801,513.290548321545,-1.97474090325568,4.65440575695727,530.021699490491,529.492462048173,-0.529237442317822,4.99204962905162,535.091750689839,528.908910477636,-6.18284021220268,5.25638228121001,29.8957360819529,32.888264368487,2.99252828653408,4.23095982126712,44.6521463476432,49.0901780951152,4.43803174747194,4.80423828722299,49.722197546991,48.5066265245781,-1.21557102241292,5.76256228295273,14.7564102656903,16.2019137266282,1.44550346093786,4.45337564230917,19.8264614650381,15.6183621560911,-4.208099308947,4.84175577544869,5.07005119934775,-0.583551570537111,-5.65360276988486,4.40457634347481
homepos_recodes10,CHE,36,455.917972258348,459.006242966759,3.08827070841022,5.99823430449268,491.993513599347,498.21593406415,6.22242046480244,5.80099384025674,519.777831218839,521.055271067214,1.27743984837468,6.4165234056842,543.392143105137,532.070289924288,-11.3218531808495,6.03672830950158,36.0755413409991,39.2096910973913,3.13414975639222,5.82742215756122,63.8598589604909,62.0490281004553,-1.81083086003554,6.92330997339008,87.474170846789,73.0640469575293,-14.4101238892598,6.70560364257563,27.7843176194918,22.839337003064,-4.94498061642776,5.78848511804665,51.39862950579,33.854355860138,-17.544273645652,6.15977585265274,23.6143118862982,11.015018857074,-12.5992930292242,7.12471657034846
homepos_recodes10,CHL,36,411.210118005895,409.591016558665,-1.61910144722947,5.87644295953367,438.334246994809,435.517863219323,-2.81638377548632,6.08765335510457,456.116218576378,453.439467571057,-2.67675100532085,5.89895859235412,478.782389435897,482.798212117678,4.01582268178009,5.76888094096237,27.1241289889143,25.9268466606574,-1.19728232825685,5.83303052062766,44.9061005704825,43.8484510123911,-1.05764955809138,6.09468766968085,67.5722714300025,73.207195559012,5.63492412900956,6.19597749846009,17.7819715815683,17.9216043517337,0.139632770165463,5.94445788302949,40.4481424410882,47.2803488983546,6.83220645726641,5.88994930565402,22.6661708595199,29.3587445466209,6.69257368710095,5.58229392807546
homepos_recodes10,COL,36,377.793860988854,378.354562658708,0.560701669854552,5.53380757582687,394.609382055854,401.745497079507,7.13611502365228,6.29954714533807,422.581156651466,426.946115434567,4.3649587831008,7.43061895533975,462.476146020135,463.645586490363,1.16944047022815,8.93955274678061,16.8155210670004,23.3909344207981,6.57541335379773,5.94060204728927,44.7872956626123,48.5915527758585,3.80425711324625,7.42735336265966,84.6822850312812,85.2910238316547,0.608738800373601,9.55084644615392,27.9717745956119,25.2006183550604,-2.77115624055148,5.80485541882873,67.8667639642808,61.9000894108567,-5.96667455342413,8.34145795430236,39.8949893686689,36.6994710557962,-3.19551831287265,7.55429103898724
homepos_recodes10,CZE,36,449.983131467349,447.027014947395,-2.95611651995398,6.26691599088745,497.07970945558,491.981780604702,-5.09792885087785,5.76714493075831,515.735638396524,502.76385564744,-12.9717827490836,5.93177088182466,527.980328321632,520.44063738992,-7.53969093171122,5.70562554574182,47.0965779882301,44.9547656573063,-2.14181233092387,5.6337995296205,65.7525069291741,55.7368407000444,-10.0156662291296,6.42862311267029,77.997196854282,73.4136224425248,-4.58357441175724,7.01690832386091,18.6559289409439,10.7820750427381,-7.87385389820577,5.56836188536728,30.9006188660519,28.4588567852185,-2.44176208083337,5.43600732567997,12.244689925108,17.6767817424804,5.4320918173724,5.48354450492711
homepos_recodes10,DEU,36,440.28343190871,426.366617361261,-13.9168145474492,7.77751202896241,490.510115137741,485.489811193483,-5.02030394425805,8.41385022614627,521.363006226917,520.668594646723,-0.694411580194128,6.78568874037041,536.999018859359,539.063844412648,2.06482555328955,6.57917395703215,50.2266832290313,59.1231938322225,8.89651060319119,7.01996964616206,81.0795743182074,94.3019772854625,13.2224029672551,7.49691945563166,96.7155869506487,112.697227051387,15.9816401007388,8.51154766960286,30.8528910891761,35.17878345324,4.32589236406392,7.08353187801488,46.4889037216174,53.574033219165,7.0851294975476,8.53736377989874,15.6360126324413,18.395249765925,2.75923713348368,6.77380999986532
homepos_recodes10,DNK,36,463.052844907873,444.087284683639,-18.9655602242344,6.76480140858671,495.58704617724,481.33470059925,-14.25234557799,5.99097142875829,508.702543451565,498.42750762741,-10.2750358241557,6.49130237393362,510.005907750005,492.15764068951,-17.8482670604942,6.27925473701088,32.5342012693661,37.2474159156105,4.71321464624435,7.07741238404634,45.649698543692,54.3402229437707,8.69052440007869,6.885477761187,46.9530628421312,48.0703560058714,1.11729316374016,7.05435083262392,13.1154972743259,17.0928070281602,3.97730975383433,7.29681821874912,14.4188615727651,10.8229400902609,-3.5959214825042,7.06512738477193,1.30336429843919,-6.26986693789934,-7.57323123633853,7.06189285345726
homepos_recodes10,ESP,36,451.044884161723,444.436640532779,-6.60824362894385,5.17249965583067,482.151581433097,475.427552538077,-6.72402889502001,4.67910991093381,497.947353657388,491.898922935449,-6.04843072193972,4.56091313799961,510.103666001097,507.640289345877,-2.46337665521952,4.56183681219473,31.1066972713745,30.9909120052984,-0.115785266076159,4.53876780747686,46.9024694956656,47.4622824026698,0.55981290700413,4.42577801162153,59.0587818393739,63.2036488130982,4.14486697372433,5.20818048424335,15.7957722242911,16.4713703973714,0.675598173080289,3.4413294755207,27.9520845679994,32.2127368077998,4.26065223980049,3.79135794573806,12.1563123437082,15.7413664104284,3.5850540667202,3.76076340182464
homepos_recodes10,EST,36,494.720768546298,500.547421065356,5.82665251905826,5.41682144396749,525.448202707455,526.388512186925,0.940309479469533,5.42265244070536,535.862404473956,537.93222489485,2.06982042089339,5.8888925127011,549.003007011285,546.95995193066,-2.04305508062441,5.70780385259091,30.7274341611575,25.8410911215688,-4.88634303958872,5.08729545151214,41.1416359276589,37.384803829494,-3.75683209816486,5.87135624876501,54.2822384649873,46.4125308653046,-7.86970759968267,6.0444349884325,10.4142017665014,11.5437127079252,1.12951094142386,5.98365931803032,23.5548043038298,20.5714397437358,-2.98336456009395,5.56484366773919,13.1406025373284,9.02772703581059,-4.11287550151781,5.27572247774322
homepos_recodes10,FIN,36,481.607743828713,484.185275715979,2.57753188726576,5.58085181647372,514.408933254253,507.412468956924,-6.99646429732928,5.473414182687,523.298747599781,519.551513866239,-3.7472337335422,5.52901459743407,528.971949343252,519.159771948997,-9.8121773942554,5.91335915429913,32.8011894255396,23.2271932409446,-9.57399618459505,5.14502090243581,41.6910037710677,35.3662381502597,-6.32476562080797,4.91906157733164,47.3642055145392,34.974496233018,-12.3897092815212,5.44402853543862,8.88981434552807,12.1390449093151,3.24923056378708,5.44545190727318,14.5630160889996,11.7473029920735,-2.81571309692612,5.3216047910209,5.67320174347151,-0.391741917241689,-6.0649436607132,5.89587777510049
homepos_recodes10,FRA,36,435.946432931709,437.775234876336,1.82880194462786,6.71248803411392,479.422266865429,479.819436764141,0.397169898712264,6.26057757662478,506.25074796649,501.4065859529,-4.84416201359056,6.4716826981653,530.757892586383,527.088027485334,-3.66986510104925,6.29163864598211,43.4758339337204,42.0442018878048,-1.43163204591559,5.96971074148875,70.3043150347817,63.6313510765633,-6.67296395821842,6.88193894129755,94.8114596546741,89.312792608997,-5.49866704567711,7.31476252447716,26.8284811010612,21.5871491887584,-5.24133191230283,5.56109127977669,51.3356257209537,47.2685907211922,-4.06703499976152,5.80853362569075,24.5071446198925,25.6814415324338,1.17429691254131,5.57579265507919
homepos_recodes10,GBR,36,467.665012479806,478.209546220832,10.5445337410264,6.67258616283834,493.211491677368,509.820285187299,16.6087935099313,6.08001810988131,516.329496644027,522.801531938683,6.47203529465628,6.60411768905306,536.035391687272,544.634511189761,8.59911950248898,6.5686197689916,25.5464791975616,31.6107389664664,6.06425976890489,7.64553889597756,48.6644841642211,44.5919857178509,-4.07249844637016,7.25599769795289,68.3703792074655,66.4249649689281,-1.94541423853747,8.28752772476305,23.1180049666595,12.9812467513844,-10.1367582152751,7.40424334515723,42.823900009904,34.8142260024616,-8.00967400744236,7.11221139289028,19.7058950432445,21.8329792510772,2.1270842078327,7.06433725497553
homepos_recodes10,GRC,36,412.358944870028,407.40429938385,-4.9546454861777,5.79922763131508,441.298353232428,436.942408941333,-4.35594429109511,6.40192408421277,454.853356925778,452.559477100413,-2.2938798253644,6.18059131949896,458.025862756426,448.708439993915,-9.31742276251128,6.64407936949027,28.9394083624002,29.5381095574828,0.598701195082583,5.71752084908463,42.4944120557499,45.1551777165632,2.6607656608133,6.18999474471036,45.6669178863982,41.3041406100646,-4.36277727633359,6.57575572228854,13.5550036933497,15.6170681590804,2.06206446573071,5.87032057041974,16.727509523998,11.7660310525819,-4.96147847141617,6.45452678815047,3.17250583064833,-3.85103710649855,-7.02354293714689,5.8140989913361
homepos_recodes10,HUN,36,431.372129221357,430.314341554109,-1.05778766724853,6.57585081718924,483.214016057519,477.971581017696,-5.24243503982314,5.93534444687907,506.860590376465,497.781819362225,-9.07877101424083,5.73342353551337,526.772132844361,518.93856811213,-7.8335647322308,6.17634757454239,51.8418868361615,47.6572394635869,-4.1846473725746,5.89549543579246,75.4884611551079,67.4674778081156,-8.0209833469923,6.78045389381146,95.4000036230035,88.6242265580212,-6.77577706498227,7.50691270806175,23.6465743189465,19.8102383445288,-3.83633597441769,5.28679970824135,43.5581167868421,40.9669870944344,-2.59112969240766,6.15709262935383,19.9115424678956,21.1567487499056,1.24520628201003,5.10898008895047
homepos_recodes10,IRL,36,472.450925728316,466.421400802689,-6.02952492562736,6.57273487799565,500.300726592578,497.793855681353,-2.50687091122495,5.88264245915004,517.82360722029,515.142352826131,-2.68125439415917,5.49904984484628,528.103875715767,522.325192015463,-5.7786837003041,5.23940014646802,27.849800864262,31.3724548786644,3.52265401440241,6.45230495691806,45.3726814919742,48.7209520234424,3.34827053146819,6.64389436425254,55.6529499874511,55.9037912127743,0.250841225323256,6.83998811780447,17.5228806277122,17.348497144778,-0.174383482934218,6.07434120890659,27.8031491231891,24.5313363341099,-3.27181278907915,5.81839700403043,10.2802684954769,7.18283918933196,-3.09742930614493,5.27998447068203
homepos_recodes10,ISL,36,422.408753338146,410.063897815755,-12.344855522391,5.91371199438938,451.244818860737,448.869683277244,-2.3751355834932,5.97734693353873,455.247805679221,457.185973728266,1.93816804904532,5.46231883560937,461.252675171318,459.765831237219,-1.48684393409866,6.01803271304768,28.8360655225915,38.8057854614892,9.96971993889775,7.75735150322564,32.8390523410753,47.1220759125116,14.2830235714363,6.90836019251836,38.8439218331723,49.7019334214646,10.8580115882923,6.8912791182858,4.00298681848381,8.31629045102233,4.31330363253852,6.71203572230272,10.0078563105808,10.8961479599754,0.888291649394546,7.06845049026247,6.00486949209704,2.57985750895307,-3.42501198314397,6.78922508342725
homepos_recodes10,ISR,36,417.606962504814,402.167777970875,-15.4391845339384,7.39212795519465,470.204026632294,451.495094560385,-18.7089320719091,7.19532677623911,496.331982194651,469.763797582177,-26.568184612474,7.35711871935728,500.076914100969,482.258087534212,-17.8188265667574,7.43366132937036,52.5970641274804,49.3273165895097,-3.26974753797072,6.83035075272431,78.7250196898368,67.5960196113013,-11.1290000785356,7.05845301003162,82.4699515961551,80.0903095633361,-2.37964203281899,7.69769849625321,26.1279555623564,18.2687030217916,-7.85925254056485,6.90191376431842,29.8728874686747,30.7629929738264,0.890105505151723,7.36341079914679,3.7449319063183,12.4942899520349,8.74935804571658,7.39303399808521
homepos_recodes10,ITA,36,440.411430111679,441.332339374698,0.920909263018359,5.78482424930674,471.48100067905,479.243669678829,7.76266899977907,6.43076204144077,492.968025871057,501.525294462672,8.55726859161536,6.00234003886122,508.036592307708,512.304495233437,4.26790292572935,6.28744442092742,31.0695705673704,37.9113303041311,6.84175973676071,5.79698943990779,52.5565957593776,60.1929550879746,7.636359328597,5.72351899286481,67.6251621960285,70.9721558587395,3.34699366271099,6.40051468262066,21.4870251920072,22.2816247838435,0.794599591836288,5.64833759430934,36.5555916286581,33.0608255546084,-3.49476607404972,5.72126683148712,15.0685664366509,10.7792007707649,-4.28936566588601,4.85571769841976
homepos_recodes10,JPN,36,519.10268987427,509.338973793973,-9.7637160802966,8.25371426525752,548.1422386968,541.385570701533,-6.75666799526607,6.20363303842038,560.051703753225,550.74458850394,-9.30711524928472,6.46065936991719,561.529157056302,556.977455318086,-4.55170173821591,6.87775866764183,29.0395488225297,32.0465969075602,3.00704808503053,7.62191410903856,40.9490138789548,41.4056147099667,0.456600831011883,6.99292451602949,42.4264671820324,47.6384815241131,5.21201434208069,8.46590577838002,11.9094650564251,9.35901780240647,-2.55044725401865,6.07964180035484,13.3869183595027,15.5918846165529,2.20496625705016,6.14685332147754,1.4774533030776,6.23286681414641,4.75541351106881,5.81924073285978
homepos_recodes10,KOR,36,492.029832409933,497.132459759022,5.10262734908866,7.92955634436981,526.938898181049,526.7954204114,-0.143477769648825,7.39564092239133,543.268140991785,537.546710621663,-5.72143037012154,6.54672751396192,553.690205277503,549.771773089596,-3.91843218790712,7.2611585911912,34.9090657711159,29.6629606523784,-5.24610511873749,6.98950872490598,51.2383085818513,40.4142508626411,-10.8240577192102,7.78838517604295,61.6603728675693,52.6393133305735,-9.02105953699578,8.48919501590635,16.3292428107354,10.7512902102627,-5.57795260047271,7.19883758837048,26.7513070964534,22.9763526781951,-3.77495441825829,6.74844778114171,10.422064285718,12.2250624679324,1.80299818221442,6.90794285152333
homepos_recodes10,LTU,36,453.94117249828,460.6545366139,6.71336411561998,5.32712221474913,484.526622601862,486.296955946403,1.77033334454143,5.13262127804656,497.44911184735,499.125860349398,1.67674850204804,5.35002709029647,507.207169071082,508.606432399446,1.39926332836376,5.66328948095116,30.5854501035819,25.6424193325034,-4.94303077107855,5.09834611355993,43.5079393490701,38.4713237354982,-5.03661561357194,5.48867597856513,53.2659965728018,47.9518957855456,-5.31410078725622,5.47133666894949,12.9224892454882,12.8289044029948,-0.0935848424933852,5.11339852952844,22.6805464692199,22.3094764530422,-0.371070016177669,5.69162040743059,9.75805722373173,9.48057205004744,-0.277485173684283,5.6471658530468
homepos_recodes10,LVA,36,469.023680457865,437.693779747551,-31.3299007103137,5.54639318067053,492.689718798665,473.335048735908,-19.3546700627579,5.36191013649672,501.664868439821,481.183164377849,-20.4817040619716,5.37536998275578,514.576929312054,487.001987383074,-27.57494192898,5.23601260540232,23.6660383408005,35.6412689883563,11.9752306475559,5.06159172258562,32.641187981956,43.4893846302981,10.8481966483421,5.2063863909701,45.5532488541894,49.3082076355231,3.7549587813337,5.09649809350712,8.97514964115555,7.84811564194177,-1.12703399921378,4.87608259157594,21.8872105133889,13.6669386471668,-8.22027186622216,5.35678092550895,12.9120608722334,5.818823005225,-7.09323786700838,5.36859326888568
homepos_recodes10,MEX,36,380.655134480476,387.445391957474,6.79025747699785,4.95785967036517,404.132464805712,408.564713165051,4.43224835933955,5.17949811827684,420.058894697078,422.532923745832,2.47402904875361,5.84250557616213,439.148648328248,438.851680108676,-0.296968219571227,6.49233790749463,23.4773303252358,21.1193212075775,-2.3580091176583,4.81567380418423,39.4037602166026,35.0875317883583,-4.31622842824424,5.70962493043281,58.4935138477717,51.4062881512027,-7.08722569656908,6.86753979982756,15.9264298913668,13.9682105807808,-1.95821931058595,4.7250135899683,35.0161835225359,30.2869669436251,-4.72921657891078,6.26141673489345,19.0897536311692,16.3187563628443,-2.77099726832483,5.88723306850418
homepos_recodes10,NLD,36,432.5000190307,458.365074393462,25.8650553627619,8.40820548427186,494.957137048652,492.853963035418,-2.1031740132338,7.17315271848775,514.849600722592,509.900247609686,-4.94935311290573,6.65300420753256,520.915234256717,510.649543586753,-10.265690669964,7.16065031840023,62.457118017952,34.4888886419564,-27.9682293759957,7.01358704873853,82.349581691892,51.5351732162243,-30.8144084756676,8.37739634881428,88.4152152260171,52.2844691932912,-36.1307460327259,8.64906777817492,19.8924636739399,17.046284574268,-2.84617909967193,6.99692809145421,25.9580972080651,17.7955805513349,-8.16251665673019,7.30845445523408,6.06563353412514,0.749295977066879,-5.31633755705826,6.94860548587016
homepos_recodes10,NOR,36,445.407096744073,441.644979721898,-3.76211702217523,6.00504474933381,480.294661269611,474.64540267494,-5.6492585946707,5.76212889339709,499.798149004023,489.285951920776,-10.5121970832473,5.96193532632728,496.074420302877,488.507855041753,-7.56656526112408,5.92264479792591,34.8875645255375,33.0004229530421,-1.88714157249547,6.59071055715921,54.3910522599504,47.6409721988783,-6.75008006107208,6.32655744036637,50.6673235588036,46.8628753198548,-3.80444823894885,6.76578753082386,19.5034877344129,14.6405492458363,-4.86293848857662,6.01852865592149,15.7797590332661,13.8624523668127,-1.91730666645339,5.85297892158722,-3.7237287011468,-0.778096879023565,2.94563182212323,6.61099808930809
homepos_recodes10,NZL,36,458.528002167496,470.286399946499,11.7583977790024,6.9251576303189,508.285632450742,506.170262033652,-2.11537041708942,6.11976580558468,525.910833405337,532.106782024993,6.19594861965527,5.92707687117111,532.382708615318,543.06655407924,10.6838454639224,5.70672934061011,49.7576302832453,35.8838620871534,-13.8737681960918,6.94415207073968,67.3828312378411,61.8203820784939,-5.56244915934713,7.47580498925616,73.8547064478217,72.7801541327417,-1.07455231508004,7.61731604184641,17.6252009545958,25.9365199913405,8.31131903674469,6.51774653508532,24.0970761645765,36.8962920455883,12.7992158810118,6.93895770966898,6.47187520998068,10.9597720542478,4.48789684426708,7.11284026165798
homepos_recodes10,POL,36,466.322177298458,468.632980634965,2.31080333650721,5.9429434150081,498.619521961274,495.914711282442,-2.70481067883264,5.65528171406502,515.556432484693,506.170187637895,-9.38624484679883,5.86512386008033,518.204015660406,518.74226001073,0.538244350324476,6.3198973213722,32.2973446628168,27.281730647477,-5.01561401533985,5.595928857377,49.2342551862358,37.5372070029297,-11.697048183306,5.51873455029746,51.8818383619482,50.1092793757654,-1.77255898618273,6.76841718543023,16.9369105234189,10.2554763554527,-6.68143416796619,5.43597559786577,19.5844936991313,22.8275487282884,3.24305502915712,6.32353836163402,2.64758317571238,12.5720723728357,9.92448919712331,5.89475786209622
homepos_recodes10,PRT,36,445.175699612703,443.737049187878,-1.4386504248244,6.84108038774929,478.562925303016,474.529189040174,-4.03373626284213,6.9868711401072,498.081418869203,496.987072506585,-1.09434636261784,6.65229570881004,518.277657003371,515.477496831959,-2.8001601714119,6.18022335667593,33.3872256903132,30.7921398522955,-2.59508583801772,6.58931974073457,52.9057192565,53.2500233187066,0.344304062206561,6.59756388363325,73.1019573906686,71.7404476440811,-1.3615097465875,7.35095470066505,19.5184935661868,22.4578834664111,2.93938990022428,5.91285079310423,39.7147317003554,40.9483077917856,1.23357609143022,6.89890457468069,20.1962381341686,18.4904243253745,-1.70581380879406,5.79303377154326
homepos_recodes10,SVK,36,400.350585319639,425.497825412799,25.1472400931604,7.73277186745625,467.267979569213,479.304393540309,12.0364139710962,6.26504672594337,491.430082399708,495.141379361043,3.7112969613346,6.03180573182643,503.13980030216,511.567087499922,8.42728719776198,6.32128571940487,66.9173942495748,53.8065681275106,-13.1108261220642,7.20836801685362,91.0794970800699,69.6435539482441,-21.4359431318258,7.76934711248389,102.789214982522,86.0692620871232,-16.7199528953984,9.14440622535596,24.1621028304951,15.8369858207335,-8.32511700976158,5.8392412006567,35.8718207329468,32.2626939596126,-3.6091267733342,6.69072302674904,11.7097179024517,16.4257081388791,4.71599023642739,6.15877465650623
homepos_recodes10,SVN,36,466.064413303853,449.291230305844,-16.773182998009,5.92585605306631,505.042524645632,489.237945410953,-15.8045792346792,5.19389046405896,514.79974983099,504.431951005412,-10.3677988255772,5.17831187098751,515.890957687913,503.190948240769,-12.700009447144,5.06577350260421,38.9781113417793,39.9467151051091,0.968603763329781,6.48504903367599,48.7353365271367,55.1407206995685,6.40538417243181,6.85874939419198,49.8265443840599,53.8997179349249,4.07317355086502,6.68739909681396,9.75722518535736,15.1940055944594,5.43678040910203,6.03310975867513,10.8484330422806,13.9530028298158,3.10456978753524,5.79259488997652,1.09120785692323,-1.24100276464355,-2.33221062156679,6.08782617195333
homepos_recodes10,SWE,36,444.302984523184,443.863609373727,-0.439375149457419,6.30705867673735,494.507186034952,489.505728702136,-5.00145733281573,6.41507199802962,517.153204612841,510.803559155393,-6.34964545744776,6.11348405899567,524.729746790598,509.608465666292,-15.1212811243054,6.37476794006651,50.2042015117679,45.6421193284096,-4.56208218335831,6.49534735178408,72.8502200896568,66.9399497816665,-5.91027030799035,6.61104697452387,80.4267622674137,65.7448562925657,-14.681905974848,7.2414040914755,22.6460185778889,21.2978304532569,-1.34818812463203,6.44332311235226,30.2225607556458,20.1027369641561,-10.1198237914897,6.48530302755582,7.57654217775689,-1.19509348910077,-8.77163566685766,6.08325472592964
homepos_recodes10,TUR,36,438.294611883448,454.553718845369,16.2591069619208,5.74763925937694,470.793740898564,485.291877158496,14.4981362599319,5.50766203091658,486.985353047647,513.849480544739,26.8641274970923,5.19123384010805,508.833018898165,525.753885055264,16.9208661570999,6.78613782743401,32.4991290151156,30.7381583131267,-1.76097070198892,5.46498907744459,48.6907411641988,59.2957616993703,10.6050205351715,5.8671381248567,70.5384070147165,71.2001662098956,0.661759195179059,7.71882288790169,16.1916121490832,28.5576033862436,12.3659912371604,4.65908007947142,38.0392779996009,40.4620078967689,2.42272989716798,7.35387762648034,21.8476658505177,11.9044045105253,-9.94326133999243,6.77099080489866
homepos_recodes10,USA,36,455.621547609131,454.902119872937,-0.719427736194348,8.4609981742564,479.890190706338,492.147538977172,12.2573482708343,11.315491264513,521.64478704236,516.027105986181,-5.61768105617944,14.8146034596296,543.791129360815,543.358326508665,-0.432802852149166,15.2139836965799,24.2686430972069,37.2454191042355,12.9767760070287,11.0648088892808,66.0232394332292,61.1249861132441,-4.89825331998509,14.3051375517892,88.1695817516834,88.4562066357286,0.286624884045182,15.9138949225518,41.7545963360224,23.8795670090086,-17.8750293270138,13.5351088988101,63.9009386544766,51.2107875314931,-12.6901511229835,13.0483995014697,22.1463423184542,27.3312205224845,5.18487820403027,17.1653676401243
homepos_recodes10,OECD,36,447.692233875793,447.771922677823,0.0796888020308302,3.25731355271845,484.810664380161,483.548694878451,-1.26196950171067,3.24506069571121,504.0149000056,501.25597089396,-2.75892911163993,3.25329506617077,516.072914234844,512.313502077227,-3.75941215761645,3.26462544543042,37.1184305043687,35.7767722006272,-1.3416583037415,1.05868704421693,56.322666129807,53.4840482161363,-2.83861791367076,1.1444731930603,68.380680359051,64.5415793994037,-3.83910095964728,1.25910655778305,19.2042356254383,17.7072760155091,-1.49695960992926,1.04073409249377,31.2622498546823,28.7648071987765,-2.49744265590579,1.10289052005442,12.058014229244,11.0575311832674,-1.00048304597652,1.10441581541699
homepos_recodes10,OECD35,35,447.596443867623,447.867216453396,0.270772585772932,3.26318507307499,484.886638178649,483.780727516747,-1.10591066190193,3.25085439560422,504.188258472691,501.523315121346,-2.66494335134547,3.25968665703425,516.243464184379,512.44702244098,-3.79644174339921,3.27164806329283,37.2901943110256,35.9135110633508,-1.37668324767486,1.08118606400754,56.591814605068,53.6560986679496,-2.9357159371184,1.17036110595503,68.6470203167561,64.5798059875839,-4.06721432917215,1.28650375119613,19.3016202940424,17.7425876045988,-1.55903268944354,1.06594422195775,31.3568260057305,28.6662949242332,-2.69053108149728,1.12921785607058,12.0552057116881,10.9237073196343,-1.13149839205374,1.13087731982587
escs_recodes3,AUS,36,459.949086938486,465.307300019997,5.35821308151094,5.16949543614888,493.519399518556,500.769667852824,7.25026833426784,5.00766032948435,527.677860552931,531.871943396466,4.19408284353483,5.06484784729972,554.246181332308,555.99786495573,1.75168362342276,5.21525256027984,33.57031258007,35.4623678328269,1.8920552527569,4.69733958638533,67.728773614445,66.5646433764688,-1.16413023797611,4.8631390004908,94.2970943938218,90.6905649357337,-3.60652945808818,5.74748432981868,34.158461034375,31.102275543642,-3.05618549073301,4.7076662659887,60.7267818137519,55.2281971029068,-5.49858471084508,5.18786147682408,26.5683207793769,24.1259215592648,-2.44239922011207,4.44511667453514
escs_recodes3,AUT,36,434.483099831401,446.352124025274,11.8690241938726,6.30140759955941,478.053721538422,491.372524390086,13.3188028516634,6.51196388796268,516.052923045288,518.913455272879,2.86053222759062,5.50841952868765,547.774361825172,550.505944828419,2.73158300324667,5.59752518145465,43.5706217070213,45.0204003648121,1.44977865779077,6.55769108933377,81.5698232138872,72.5613312476052,-9.00849196628201,5.66619308020631,113.291261993771,104.153820803145,-9.13744119062596,6.48803923429542,37.9992015068659,27.5409308827931,-10.4582706240728,5.61586115301525,69.7206402867499,59.1334204383332,-10.5872198484167,5.84788640475338,31.721438779884,31.5924895555401,-0.128949224343955,4.98886582838427
escs_recodes3,BEL,36,435.474642264079,447.750578324244,12.2759360601647,6.43791461508809,474.002635974295,480.162507945514,6.15987197121984,6.22034865498602,514.492855379072,522.832876744302,8.34002136523009,6.07555751502567,545.513175637898,548.654897682249,3.14172204435056,5.60367445611246,38.5279937102154,32.4119296212705,-6.11606408894488,6.44766656259554,79.0182131149932,75.0822984200586,-3.93591469493464,6.87256416508589,110.038533373819,100.904319358005,-9.13421401581417,6.8788595345776,40.4902194047778,42.670368798788,2.18014939401024,5.85434652394673,71.5105396636034,68.4923897367341,-3.01814992686928,6.1015195684201,31.0203202588256,25.822020937946,-5.19829932087953,5.40361685402939
escs_recodes3,CAN,36,480.106371988983,477.491375943191,-2.61499604579234,4.89698148116114,506.055456225705,508.243775911609,2.18831968590467,4.46989299688377,531.47818448883,536.544414390141,5.06622990131064,4.84523072129211,549.56254244699,546.952121943936,-2.61042050305434,5.31115749575807,25.9490842367216,30.7523999684186,4.80331573169701,4.11594274452517,51.371812499847,59.05303844695,7.68122594710297,4.50451433430792,69.4561704580068,69.4607460007448,0.00457554273799588,5.22024467173717,25.4227282631255,28.3006384785314,2.87791021540596,3.6239967549891,43.5070862212852,38.7083460323262,-4.79874018895902,4.63123274418046,18.0843579581598,10.4077075537948,-7.67665040436498,4.40410542657227
escs_recodes3,CHE,36,450.583000129418,454.785898505535,4.20289837611682,6.06419769734276,486.843207553897,491.734092027535,4.89088447363781,5.69960959312766,523.473168859763,527.485154865792,4.01198600602879,6.04911727636844,558.398793696871,559.017652858633,0.618859161762316,5.5974145289693,36.2602074244788,36.9481935219998,0.687986097520991,5.90662895904984,72.8901687303444,72.6992563602564,-0.190912370088029,6.0180040483463,107.815793567452,104.231754353098,-3.5840392143545,6.85522926304659,36.6299613058656,35.7510628382565,-0.87889846760902,5.08372138989589,71.5555861429734,67.2835608310979,-4.2720253118755,5.76793004274218,34.9256248371079,31.5324979928414,-3.39312684426648,5.71140928850384
escs_recodes3,CHL,36,411.662217680212,412.569554707354,0.907337027141807,6.30698046381,435.083962790076,433.768030584855,-1.31593220522132,5.75515912758059,451.350847436334,447.80961892108,-3.54122851525358,5.96374274448674,486.356776903847,494.479688182678,8.12291127883174,6.43630964191967,23.4217451098644,21.1984758775013,-2.22326923236312,6.16703481192114,39.6886297561218,35.2400642137264,-4.44856554239539,6.47496803511173,74.6945592236346,81.9101334753245,7.21557425168993,7.59108612836768,16.2668846462574,14.0415883362251,-2.22529631003226,5.75605830322061,51.2728141137702,60.7116575978232,9.43884348405305,6.42413683309847,35.0059294675128,46.6700692615981,11.6641397940853,6.68213136076645
escs_recodes3,COL,36,377.791271673408,376.872705377356,-0.918566296052404,5.39497687784589,397.655535938367,404.874145254755,7.21860931638821,6.1015844145841,415.259673348558,423.555634983109,8.29596163455102,7.127967944893,461.759430246948,471.857866282465,10.0984360355173,10.2405239431302,19.8642642649587,28.0014398773993,8.13717561244062,5.72367127653643,37.4684016751498,46.6829296057533,9.21452793060342,6.73788423934407,83.9681585735394,94.9851609051091,11.0170023315697,10.7801012268389,17.6041374101912,18.681489728354,1.07735231816281,5.34246624362059,64.1038943085808,66.9837210277099,2.87982671912908,9.48586547674287,46.4997568983896,48.3022312993559,1.80247440096628,9.24459391082055
escs_recodes3,CZE,36,443.077632178535,443.274055022559,0.196422844024312,5.90916782359946,488.488756516695,481.03017959787,-7.45857691882446,5.53835038140899,509.739232204182,504.880372915241,-4.85885928894101,6.2687570705739,551.106964695364,544.947995217449,-6.15896947791543,6.28071592417765,45.4111243381597,37.7561245753109,-7.65499976284877,5.32947478991857,66.6616000256469,61.6063178926816,-5.05528213296532,5.90543890496277,108.029332516829,101.67394019489,-6.35539232193975,7.67424725623551,21.2504756874872,23.8501933173706,2.59971762988346,5.20827116418666,62.6182081786698,63.9178156195788,1.29960744090903,6.30141578970027,41.3677324911826,40.0676223022082,-1.30011018897443,6.7564951903294
escs_recodes3,DEU,36,445.942575356841,435.125473667566,-10.8171016892753,6.6571272876969,484.239241256859,484.318058254776,0.0788169979169311,7.36462812456625,510.087718572276,516.410423465824,6.32270489354852,7.27841626385399,555.501765755296,562.611777197141,7.11001144184468,7.21921113557668,38.2966659000177,49.1925845872099,10.8959186871923,6.87593005038095,64.1451432154343,81.2849497982582,17.1398065828238,6.63592855159099,109.559190398455,127.486303529575,17.92711313112,8.00434277769573,25.8484773154166,32.0923652110482,6.24388789563159,6.43804766180812,71.2625244984369,78.2937189423647,7.03119444392775,7.64506215306781,45.4140471830203,46.2013537313164,0.787306548296158,7.12793941920864
escs_recodes3,DNK,36,454.473351500009,442.757499271533,-11.715852228476,5.71052389432742,487.970162689829,473.557326305599,-14.4128363842302,6.55259644481596,514.442140453612,503.87441204453,-10.5677284090818,5.94955765079033,522.914069961812,516.395177442423,-6.51889251938883,6.65072977200958,33.4968111898196,30.7998270340653,-2.69698415575425,6.35507107251176,59.9687889536023,61.1169127729965,1.14812381939413,6.28902762220032,68.4407184618025,73.6376781708897,5.19695970908714,6.92210263707292,26.4719777637827,30.3170857389311,3.84510797514838,6.51254619325449,34.9439072719829,42.8378511368243,7.89394386484139,7.19562992763083,8.47192950820022,12.5207653978932,4.04883588969301,7.07816753895637
escs_recodes3,ESP,36,450.086124860988,440.670277598366,-9.41584726262164,4.65487328017781,473.882520734942,467.756907076476,-6.12561365846585,4.77315489238554,496.808473183006,496.938881087397,0.130407904391006,4.51899408153373,521.58011819749,519.070747646821,-2.50937055066925,4.45547764087216,23.7963958739542,27.08662947811,3.29023360415579,4.04960409286332,46.722348322018,56.2686034890307,9.54625516701265,3.93777241256158,71.4939933365027,78.4004700484551,6.90647671195239,4.17303441337162,22.9259524480638,29.1819740109207,6.25602156285686,3.39920802280885,47.6975974625485,51.3138405703451,3.61624310779661,4.00633263599945,24.7716450144847,22.1318665594244,-2.63977845506025,3.49075864925864
escs_recodes3,EST,36,494.393337070966,489.992612004192,-4.40072506677467,5.45140989705194,511.557789041637,515.196242986342,3.63845394470411,5.6127905379229,536.441202570671,546.190963316912,9.7497607462409,5.43922648326652,563.248119924432,563.437496947375,0.189377022942494,5.83623623011485,17.1644519706712,25.20363098215,8.03917901147878,5.56887283180618,42.0478654997045,56.19835131272,14.1504858130156,5.39393315828611,68.8547828534659,73.444884943183,4.59010208971716,6.30659704779027,24.8834135290333,30.9947203305701,6.11130680153678,5.22701766530439,51.6903308827947,48.2412539610331,-3.44907692176162,5.75786970877384,26.8069173537614,17.246533630463,-9.5603837232984,5.15677110404246
escs_recodes3,FIN,36,474.343412696489,467.779383489994,-6.56402920649435,5.37814863265392,497.419722971439,495.671646219144,-1.74807675229539,5.84296503419874,528.266506726291,528.272711627761,0.00620490146968677,5.88304174568081,551.840043756732,552.067089967249,0.22704621051696,5.55418914321022,23.0763102749506,27.8922627291495,4.81595245419896,5.54431573126573,53.9230940298023,60.4933281377663,6.57023410796404,5.51045620320259,77.4966310602433,84.2877064772546,6.79107541701131,5.50748041963093,30.8467837548517,32.6010654086168,1.75428165376508,5.62468016887877,54.4203207852927,56.395443748105,1.97512296281235,5.81287841461243,23.573537030441,23.7943783394883,0.220841309047273,5.72521599188375
escs_recodes3,FRA,36,434.331345030442,441.736145336284,7.40480030584234,6.22106702238398,471.747533689167,474.663677236657,2.91614354749038,6.62946575945598,504.659731418289,509.039517253805,4.37978583551637,6.89028352806117,545.14319663478,543.974363568817,-1.16883306596321,6.50755856215736,37.4161886587249,32.927531900373,-4.48865675835197,6.93283837003884,70.3283863878468,67.3033719175209,-3.02501447032597,6.67449464434286,110.811851604338,102.238218232532,-8.57363337180556,7.26870564268289,32.9121977291219,34.3758400171479,1.46364228802599,6.54159881958664,73.395662945613,69.3106863321594,-4.08497661345359,6.55689143215178,40.4834652164911,34.9348463150115,-5.54861890147959,6.59607582814717
escs_recodes3,GBR,36,468.230156588856,477.244435347364,9.01427875850891,5.94965077927286,488.343373447495,506.911583752115,18.5682103046192,5.81701080146595,517.386615874625,530.672984681743,13.2863688071183,6.2011403911953,547.881109940858,560.711912794175,12.8308028533168,6.96931900115769,20.1132168586398,29.6671484047501,9.55393154611028,6.41384467810876,49.1564592857695,53.4285493343789,4.27209004860936,6.94949872514375,79.6509533520024,83.4674774468102,3.81652409480785,7.89619721948422,29.0432424271297,23.7614009296288,-5.28184149750092,6.49048658071959,59.5377364933626,53.8003290420601,-5.73740745130243,7.42342383581907,30.4944940662329,30.0389281124313,-0.455565953801511,6.5686904819983
escs_recodes3,GRC,36,409.372655220538,399.505303503875,-9.86735171666317,6.31891762663127,427.296489285754,423.269948261466,-4.02654102428801,6.31621759752716,449.502681549086,454.465260638282,4.96257908919625,6.57715078217236,479.987543109914,476.439952838754,-3.54759027115978,6.65464528984993,17.923834065216,23.7646447575912,5.84081069237516,6.88951970757111,40.1300263285477,54.9599571344071,14.8299308058594,6.35539488528614,70.6148878893755,76.9346493348789,6.31976144550339,7.47314858767039,22.2061922633317,31.1953123768159,8.98912011348426,6.56822534312901,52.6910538241595,53.1700045772877,0.478950753128231,6.19399309501305,30.4848615608278,21.9746922004718,-8.51016936035603,6.00619662388763
escs_recodes3,HUN,36,430.107592653186,430.549987297206,0.442394644020396,6.63851721760275,466.119226428763,466.976757100908,0.857530672144719,5.8873057330798,505.596758799315,499.756694167331,-5.84006463198392,6.2661941811637,545.225672908708,534.886184230707,-10.3394886780005,6.86440656780426,36.0116337755775,36.4267698037019,0.415136028124323,6.33835710443143,75.4891661461296,69.2067068701253,-6.28245927600432,7.16446577366971,115.118080255522,104.336196933501,-10.7818833220209,8.38676170647453,39.4775323705521,32.7799370664234,-6.69759530412864,5.92459318260703,79.1064464799446,67.9094271297994,-11.1970193501452,7.16680094584552,39.6289141093926,35.129490063376,-4.4994240460166,6.23781143519388
escs_recodes3,IRL,36,469.955792097376,462.858215215816,-7.09757688155992,5.67632792551832,492.34964215347,487.703954211139,-4.64568794233111,5.57298605794983,516.835771521899,517.774868126837,0.939096604937959,5.67916654718211,540.08828730898,540.093032199144,0.00474489016357893,5.3570197964954,22.3938500560942,24.845738995323,2.45188893922881,5.33371015234496,46.8799794245228,54.9166529110207,8.03667348649788,5.96286562044481,70.1324952116042,77.2348169833277,7.1023217717235,5.85073282694468,24.4861293684286,30.0709139156976,5.58478454726907,5.26562278974413,47.73864515551,52.3890779880047,4.65043283249469,5.52069260846492,23.2525157870814,22.318164072307,-0.93435171477438,5.54439413011029
escs_recodes3,ISL,36,406.899130503974,413.145743204831,6.24661270085636,5.88834798671194,441.207811396309,445.470449474725,4.26263807841582,5.99975536691958,467.260307446842,465.936506602069,-1.32380084477302,5.87954180847995,475.871217338272,484.108464019757,8.23724668148532,5.85188222547903,34.3086808923349,32.3247062698944,-1.98397462244054,7.24650290436987,60.3611769428673,52.7907633972379,-7.57041354562938,7.29100253171471,68.9720868342976,70.9627208149266,1.99063398062896,7.38934821564288,26.0524960505324,20.4660571273436,-5.58643892318884,7.53982544409943,34.6634059419627,38.6380145450322,3.9746086030695,6.60087754562095,8.61090989143031,18.1719574176886,9.56104752625833,6.81191187837941
escs_recodes3,ISR,36,406.952571183615,413.018887501547,6.06631631793209,6.60245936653973,452.745158935418,444.515508157061,-8.22965077835738,6.61581912936004,496.422353821914,479.283388328686,-17.1389654932279,7.36968315222043,515.082283730351,503.299427462159,-11.7828562681919,7.22095206527842,45.7925877518032,31.4966206555138,-14.2959670962895,6.81884538425797,89.4697826382993,66.2645008271393,-23.20528181116,7.42655069766364,108.129712546736,90.2805399606116,-17.849172586124,7.73869009868549,43.677194886496,34.7678801716255,-8.9093147148705,6.18383862549652,62.3371247949324,58.7839193050979,-3.55320548983451,7.0599615603074,18.6599299084364,24.0160391334724,5.35610922503599,6.82767951847538
escs_recodes3,ITA,36,439.637820537628,444.447456850838,4.80963631321021,5.84216822757457,468.695762908274,473.843973682374,5.14821077410056,5.92700190675915,488.913138191117,497.349235423187,8.43609723206913,6.39240098699511,516.123785384121,525.918671073397,9.79488568927593,6.81956154173488,29.057942370646,29.3965168315364,0.338574460890357,5.24488520744838,49.2753176534898,52.9017785723487,3.62646091885892,6.41077132021339,76.485964846493,81.4712142225587,4.98524937606572,7.13010690586723,20.2173752828438,23.5052617408123,3.28788645796857,5.6034070201813,47.4280224758469,52.0746973910223,4.64667491517537,6.51776264303138,27.2106471930032,28.56943565021,1.3587884572068,5.73463634381137
escs_recodes3,JPN,36,515.359542184186,501.060996712738,-14.2985454714477,7.99024477592612,540.099266096103,531.414726342392,-8.68453975371051,6.35321570737345,559.778840002878,553.674786131253,-6.10405387162484,6.62744488328774,573.677834643534,577.949047523997,4.27121288046362,7.20115295032224,24.7397239119174,30.3537296296546,5.6140057177372,6.87389780233661,44.4192978186921,52.613789418515,8.19449159982287,7.73928642453374,58.3182924593481,76.8880508112594,18.5697583519113,9.0236566180648,19.6795739067748,22.2600597888604,2.58048588208567,6.13681869764752,33.5785685474307,46.5343211816048,12.9557526341741,6.9319493229585,13.8989946406559,24.2742613927444,10.3752667520885,5.96518932327821
escs_recodes3,KOR,36,494.452392770155,488.223927813015,-6.22846495714032,7.08212762536829,514.171945447832,524.828489150982,10.6565437031506,7.85310438707308,537.382559835574,545.475027790124,8.09246795454976,7.22191755959381,567.396513775633,559.676990954588,-7.71952282104576,7.55930522073772,19.7195526776763,36.6045613379673,16.885008660291,7.85782917554244,42.930167065419,57.2510999771091,14.3209329116901,7.52391515143648,72.9441210054779,71.4530631415725,-1.49105786390544,7.87092419529605,23.2106143877427,20.6465386391418,-2.56407574860089,7.23986107204126,53.2245683278017,34.8485018036052,-18.3760665241964,8.43730297071245,30.013953940059,14.2019631644635,-15.8119907755955,7.2716383573293
escs_recodes3,LTU,36,448.362560021468,457.387512415175,9.02495239370745,5.35521754156569,471.285069132277,482.800317409312,11.5152482770349,5.04520867555176,500.924737903538,511.437942839887,10.5132049363491,5.45154313171465,523.175020204951,523.64832214589,0.473301940939223,5.96419806143108,22.922509110809,25.4128049941365,2.49029588332746,5.0923534433653,52.5621778820701,54.0504304247117,1.48825254264165,5.47130873800891,74.8124601834834,66.2608097307152,-8.55165045276823,6.4227053130855,29.639668771261,28.6376254305752,-1.00204334068582,5.26916717415198,51.8899510726744,40.8480047365787,-11.0419463360957,5.7107887766865,22.2502823014133,12.2103793060035,-10.0399029954099,5.4883057998103
escs_recodes3,LVA,36,463.512606291859,447.497067784845,-16.0155385070141,5.67267985585351,481.784014996762,470.134519863575,-11.6494951331874,5.73074960328882,505.092394323987,494.449238108295,-10.6431562156922,5.51125046526422,528.25370046174,507.584261908842,-20.6694385528979,5.48542335664539,18.2714087049027,22.6374520787295,4.36604337382676,5.28057258959866,41.5797880321276,46.9521703234495,5.37238229132191,5.8209836505024,64.7410941698802,60.0871941239964,-4.6539000458838,6.11349819375162,23.3083793272249,24.31471824472,1.00633891749516,5.6686467821059,46.4696854649774,37.4497420452669,-9.01994341971056,5.90298899733355,23.1613061377526,13.1350238005468,-10.0262823372057,6.24738669585504
escs_recodes3,MEX,36,382.782065189636,383.117579777054,0.335514587417777,4.8826713869254,396.537468217217,405.20138829969,8.66392008247294,4.89253672603063,414.332195863573,420.517534059326,6.18533819575282,5.72318865933962,445.964887286427,452.068974009366,6.10408672293852,6.82651463962363,13.7554030275807,22.0838085226359,8.32840549505517,4.51572587270477,31.5501306739367,37.3999542822718,5.84982360833504,5.1140618147449,63.182822096791,68.9513942323118,5.76857213552074,6.67023374343354,17.794727646356,15.3161457596359,-2.47858188672012,4.73441127611707,49.4274190692103,46.8675857096759,-2.55983335953442,6.88132305249672,31.6326914228543,31.55143995004,-0.0812514728143015,5.89995053484462
escs_recodes3,NLD,36,444.569930022198,437.463824709071,-7.10610531312653,8.43163162372861,468.068792138585,474.308259736102,6.23946759751686,7.75390293694661,515.079473846212,512.281273984619,-2.79819986159305,7.33320244515954,541.043387945729,544.565872908641,3.52248496291213,6.90564944079551,23.4988621163873,36.8444350270307,13.3455729106434,7.70527561410771,70.509543824014,74.8174492755475,4.30790545153349,9.2448457860399,96.4734579235312,107.10204819957,10.6285902760387,9.9351992789404,47.0106817076267,37.9730142485167,-9.03766745910991,7.03652721559227,72.9745958071438,70.2576131725391,-2.71698263460473,8.31854565141878,25.9639140995172,32.2845989240224,6.32068482450518,7.70608812964914
escs_recodes3,NOR,36,441.213960470924,430.336634774197,-10.8773256967271,5.62182919603239,471.41557097412,467.112989023437,-4.30258195068365,5.77499452170259,497.406429598012,497.011742422411,-0.39468717560095,5.61494626983228,516.076002940852,511.356891352332,-4.71911158851918,5.96030102605057,30.2016105031962,36.7763542492396,6.57474374604345,5.85040829171927,56.1924691270878,66.675107648214,10.4826385211261,6.18872412415206,74.8620424699275,81.0202565781354,6.15821410820792,6.61403201061033,25.9908586238917,29.8987533989744,3.9078947750827,5.26074152247613,44.6604319667313,44.2439023288958,-0.416529637835538,5.93272785729362,18.6695733428397,14.3451489299214,-4.32442441291823,5.67281661096035
escs_recodes3,NZL,36,456.047016621236,472.976836765272,16.9298201440364,5.7942211089978,500.36025215779,501.086042913034,0.725790755243622,6.32254661495004,530.596412821935,538.205109768183,7.60869694624842,6.2508546788128,550.905278462782,567.285223098356,16.3799446355738,5.57833214554233,44.3132355365545,28.1092061477618,-16.2040293887928,5.91899581900566,74.5493962006991,65.2282730029111,-9.32112319778798,6.91164016434355,94.8582618415461,94.3083863330835,-0.549875508462606,6.44128322128363,30.2361606641446,37.1190668551494,6.88290619100479,6.92665019992015,50.5450263049916,66.1991801853217,15.6541538803302,7.15393499761141,20.308865640847,29.0801133301724,8.77124768932538,6.88975880489688
escs_recodes3,POL,36,461.023789090165,456.544161937987,-4.47962715217778,5.79624166782073,485.755767541539,484.612178705668,-1.14358883587016,5.67199184652078,512.864376456233,518.084429377577,5.22005292134497,5.98454031093552,543.507518727658,541.08329681712,-2.42422191053788,6.41697507324674,24.731978451374,28.0680167676816,3.33603831630762,5.30488890455636,51.840587366068,61.5402674395908,9.69968007352276,5.7377838572767,82.4837296374931,84.539134879133,2.0554052416399,7.31468718031043,27.108608914694,33.4722506719091,6.36364175721513,5.37422985433987,57.7517511861191,56.4711181114514,-1.28063307466772,6.60966875374454,30.6431422714251,22.9988674395422,-7.64427483188285,5.96495455824724
escs_recodes3,PRT,36,444.227395467767,440.205610454339,-4.02178501342786,6.11398638824987,469.243215064294,469.516926293994,0.273711229699984,6.88051217375165,497.499176027323,498.943126887768,1.44395086044551,6.21069381922291,530.428440854466,533.72993798469,3.30149713022411,6.14220652339258,25.0158195965271,29.3113158396549,4.29549624312784,5.31481812068221,53.2717805595555,58.7375164334289,5.46573587387337,5.44983463307221,86.2010453866989,93.5243275303509,7.32328214365197,6.41200780221703,28.2559609630284,29.426200593774,1.17023963074553,5.55920963720683,61.1852257901719,64.213011690696,3.02778590052412,6.39246251903805,32.9292648271434,34.786811096922,1.8575462697786,5.27172655732074
escs_recodes3,SVK,36,397.636320200881,418.663658675305,21.0273384744236,7.34093397631287,451.543427179298,467.705398514953,16.161971335655,6.15511780959773,477.787069484762,495.235233217848,17.448163733086,6.76621348844738,523.237129402409,536.874305824346,13.6371764219368,6.910477028626,53.9071069784167,49.0417398396481,-4.86536713876859,6.8204639432185,80.1507492838805,76.5715745425429,-3.57917474133762,7.96460986917096,125.600809201528,118.210647149041,-7.3901620524868,8.99788021637357,26.2436423054638,27.5298347028948,1.28619239743097,7.08284632988007,71.693702223111,69.1689073093928,-2.52479491371821,7.66529727748643,45.4500599176471,41.639072606498,-3.81098731114918,6.50422471699922
escs_recodes3,SVN,36,457.915163002989,446.230396212876,-11.6847667901123,5.27743606326537,488.826033092241,476.139255518647,-12.686777573594,5.38354754873966,519.538832728471,509.689480990632,-9.84935173783873,5.26238376255273,537.268707232187,529.207012975099,-8.06169425708799,5.01697961302604,30.9108700892527,29.908859305771,-1.00201078348164,5.74565045759645,61.6236697254817,63.4590847777553,1.83541505227362,5.84440434752812,79.3535442291982,82.9766167622225,3.62307253302436,6.05823814281524,30.712799636229,33.5502254719843,2.83742583575526,6.1115507730522,48.4426741399455,53.0677574564515,4.62508331650599,6.35065771042149,17.7298745037165,19.5175319844672,1.78765748075074,6.09597644420617
escs_recodes3,SWE,36,445.141655103876,437.891583447399,-7.25007165647747,5.82926925472385,480.090016538446,479.884926495736,-0.20509004271014,6.04695260252469,515.506568882362,519.792284966997,4.28571608463574,6.20465490803081,544.017879338925,534.498480744347,-9.51939859457786,6.80624174591733,34.9483614345695,41.9933430483368,7.04498161376733,5.85504997017331,70.3649137784853,81.9007015195985,11.5357877411132,6.12971538773256,98.8762242350488,96.6068972969484,-2.26932693810039,7.37225400601713,35.4165523439158,39.9073584712617,4.49080612734588,6.03491620250849,63.9278628004793,54.6135542486115,-9.31430855186773,6.7171745947471,28.5113104565635,14.7061957773499,-13.8051146792136,6.34186736589035
escs_recodes3,TUR,36,450.002336834906,460.468632887601,10.4662960526947,5.30068610873707,463.176778641607,483.958541273853,20.7817626322454,5.02025837799534,472.609686766634,497.73171355748,25.1220267908464,5.64300886992083,518.267978100142,546.878666598191,28.6106884980493,6.38017760245796,13.1744418067012,23.4899083862519,10.3154665795507,4.96043776033426,22.6073499317278,37.2630806698795,14.6557307381517,5.64954717236213,68.2656412652359,86.4100337105904,18.1443924453546,6.81290081842427,9.43290812502659,13.7731722836276,4.34026415860097,4.74283895241463,55.0911994585347,62.9201253243385,7.82892586580385,6.6359032029297,45.6582913335081,49.146953040711,3.48866170720288,6.61888109486053
escs_recodes3,USA,36,455.056322074072,456.060741157486,1.00441908341367,8.61478914613786,479.489676468334,484.906554710854,5.41687824251989,9.40962283797763,511.145942237806,510.192209055254,-0.953733182552128,11.8380502426628,555.449577962414,565.343224959906,9.8936469974924,18.7631963992585,24.4333543942619,28.8458135533681,4.41245915910622,9.8946902423967,56.0896201637343,54.1314678977685,-1.95815226596579,12.0971797810557,100.393255888342,109.282483802421,8.88922791407873,19.7652452801515,31.6562657694724,25.2856543444004,-6.37061142507201,10.9818214947544,75.9599014940801,80.4366702490526,4.47676875497251,17.2058042160076,44.3036357246077,55.1510159046522,10.8473801800445,14.7191164602694
escs_recodes3,OECD,36,445.421006759215,444.92678271498,-0.494224044235239,3.23826100122158,474.586789018939,476.539485292669,1.9526962737292,3.23845169825634,502.491467839533,505.071679205862,2.58021136632851,3.2498404633485,531.496536057694,532.977189976255,1.48065391856096,3.28913676969701,29.165782259724,31.6127025776884,2.44692031796444,1.02433363503294,57.0704610803181,60.1448964908818,3.07443541056375,1.09848453434192,86.0755292984787,88.0504072612749,1.9748779627962,1.3099830064479,27.9046788205941,28.5321939131934,0.62751509259931,1.00610654923002,56.9097470387548,56.4377046835865,-0.472042355168242,1.18825789196247,29.0050682181607,27.9055107703931,-1.09955744776755,1.09971595935497
escs_recodes3,OECD35,35,445.287717670593,445.048397146883,-0.239320523709807,3.24370147511755,474.606910969911,476.790416098845,2.18350512893454,3.24376256803098,502.653839115434,505.30404486639,2.65020575095531,3.25608660300669,531.779862282271,533.374516899953,1.59465461768173,3.29763794288756,29.3191932993175,31.7420189519618,2.42282565264435,1.04722797694398,57.3661214448409,60.2556477195061,2.88952627466512,1.12425432128363,86.4921446116781,88.3261197530696,1.83397514139153,1.34212553998196,28.0469281455235,28.5136287675442,0.466700622020767,1.03028503612554,57.1729513123606,56.5841008011078,-0.588850511252815,1.21683608967562,29.1260231668372,28.0704720335636,-1.05555113327358,1.12673081439293
escs_recodes10,AUS,36,460.100164754119,465.278529200733,5.17836444661418,5.1855382657871,493.952053720478,500.70544042214,6.75338670166201,4.96408848602345,528.703257498624,533.173941626316,4.47068412769215,5.13359187586842,553.384725738562,554.888650025965,1.50392428740247,5.06053030245318,33.8518889663589,35.4269112214067,1.57502225504783,4.68018667031899,68.6030927445049,67.8954124255828,-0.70768031892203,5.00016599579401,93.2845609844433,89.6101208252316,-3.67444015921171,5.57776149811561,34.751203778146,32.4685012041761,-2.28270257396986,4.63595536162837,59.4326720180844,54.1832096038249,-5.24946241425954,5.03835851961883,24.6814682399385,21.7147083996488,-2.96675984028968,4.24929186211583
escs_recodes10,AUT,36,434.156562372686,446.879255233977,12.7226928612909,6.13632449389234,480.015029949913,490.933888042294,10.9188580923809,6.26177359879542,515.254854110531,520.132920357377,4.87806624684595,5.63627033162016,547.597709644322,549.338783959726,1.74107431540392,5.72665024698635,45.8584675772273,44.0546328083173,-1.80383476890995,5.99243101853822,81.0982917378448,73.2536651233999,-7.84462661444491,5.5876596175914,113.441147271636,102.459528725749,-10.9816185458869,6.31438363911473,35.2398241606175,29.1990323150826,-6.04079184553496,5.6609683816741,67.5826796944088,58.4048959174318,-9.17778377697698,5.58081059961121,32.3428555337913,29.2058636023493,-3.13699193144203,5.30577179150203
escs_recodes10,BEL,36,435.381833658898,447.542016189983,12.1601825310847,6.25785309485388,474.774434205321,481.606705760588,6.83227155526708,6.12643375320527,515.074050915946,523.242913340096,8.16886242414989,6.03288423031163,544.821394197534,548.908367718957,4.08697352142303,5.69133648613996,39.3926005464223,34.0646895706047,-5.32791097581759,6.10737348228298,79.6922172570478,75.700897150113,-3.99132010693478,6.67598024514473,109.439560538636,101.366351528974,-8.07320900966164,6.75291941363539,40.2996167106255,41.6362075795083,1.33659086888281,5.59236941977037,70.0469599922134,67.3016619583694,-2.74529803384405,6.08263962563197,29.747343281588,25.6654543788611,-4.08188890272686,5.61399074954899
escs_recodes10,CAN,36,479.918050719942,477.724105446244,-2.19394527369798,4.88435235028613,507.021872875916,509.110845943638,2.08897306772144,4.52109431625723,530.870112272612,536.357464295573,5.48735202296166,4.8650229617389,549.844980314961,546.707091608996,-3.13788870596511,5.2862167589953,27.1038221559745,31.3867404973939,4.28291834141942,4.17755943872203,50.9520615526697,58.6333588493293,7.68129729665964,4.44149764721375,69.9269295950196,68.9829861627524,-0.943943432267133,5.32417927021455,23.8482393966953,27.2466183519355,3.39837895524022,3.70204875800672,42.8231074390451,37.5962456653585,-5.22686177368655,4.49576209340181,18.9748680423498,10.3496273134231,-8.62524072892677,4.46981569957107
escs_recodes10,CHE,36,451.532957962492,454.237253720471,2.70429575797937,6.12024843714508,486.815630327025,492.526936215563,5.71130588853794,5.69558293886001,523.435991301431,527.467415831395,4.0314245299636,6.16453962564726,557.530240745136,558.664689269031,1.1344485238958,5.49841102160779,35.2826723645333,38.2896824950918,3.00701013055857,5.86948296264159,71.9030333389393,73.2301621109235,1.32712877198423,6.10161472696198,105.997282782644,104.42743554856,-1.56984723408357,6.85898775187107,36.620360974406,34.9404796158317,-1.67988135857433,5.29904198224978,70.7146104181104,66.1377530534683,-4.57685736464214,5.85432168868326,34.0942494437044,31.1972734376366,-2.8969760060678,5.7103612333313
escs_recodes10,CHL,36,412.695422157523,413.466392214277,0.770970056753924,6.05887059932485,435.754592532696,432.036124780749,-3.71846775194751,5.78877079917394,449.130509825741,450.024774816914,0.894264991172975,6.00599301068448,487.347269161772,494.562576117555,7.21530695578383,6.53899757578891,23.0591703751736,18.5697325664722,-4.48943780870144,5.80017189687446,36.4350876682183,36.5583826026373,0.12329493441905,6.41869980120562,74.6518470042488,81.0961839032787,6.44433689902991,7.40343443732979,13.3759172930447,17.9886500361652,4.61273274312049,5.91582488265521,51.5926766290752,62.5264513368065,10.9337747077313,6.47869132716587,38.2167593360305,44.5378013006414,6.32104196461086,6.80692741815278
escs_recodes10,COL,36,377.330321082181,377.587436247572,0.257115165391269,5.38352753923783,398.290690643596,404.539240033502,6.24854938990654,6.41733378290208,415.375005526933,424.448421762544,9.07341623561035,6.97304990804828,462.290942903724,472.426911915051,10.1359690113264,10.116878782386,20.9603695614148,26.9518037859301,5.99143422451527,6.28274426330006,38.0446844447524,46.8609855149715,8.81630107021908,6.75986350352104,84.9606218215435,94.8394756674786,9.87885384593517,10.6659298108698,17.0843148833375,19.9091817290413,2.82486684570381,5.17066762524423,64.0002522601286,67.8876718815485,3.88741962141989,9.21944255177931,46.9159373767911,47.9784901525072,1.06255277571609,9.26251563876201
escs_recodes10,CZE,36,443.088514408903,443.720653887427,0.632139478524323,6.17957646264972,488.852572535613,480.857519390778,-7.99505314483417,5.65950700723704,509.665005706957,505.15421173485,-4.51079397210708,6.16486819304818,551.462221025498,544.891335562544,-6.57088546295347,6.22310909923379,45.7640581267098,37.1368655033513,-8.6271926233585,5.79729898188144,66.576491298054,61.4335578474226,-5.1429334506314,6.11103668711729,108.373706616595,101.170681675117,-7.20302494147779,7.86212707631232,20.8124331713441,24.2966923440712,3.48425917272709,5.46006221124863,62.6096484898851,64.0338161717658,1.4241676818807,6.24666315990731,41.797215318541,39.7371238276946,-2.06009149084639,6.57849595274383
escs_recodes10,DEU,36,446.117934045703,436.374673569064,-9.74326047663953,6.88486173095987,484.701263242517,484.986906492439,0.285643249922259,7.30372659578198,510.041749966289,517.22514826746,7.183398301171,6.83040767888977,556.419973363571,562.243693639018,5.82372027544716,7.21863737709213,38.5833291968139,48.6122329233757,10.0289037265618,6.83164099703209,63.9238159205862,80.8504746983967,16.9266587778105,6.6072079905963,110.302039317868,125.869020069954,15.5669807520867,8.0612495870791,25.3404867237724,32.2382417750211,6.89775505124874,6.12113662653338,71.7187101210539,77.2567871465788,5.5380770255249,7.66175466035557,46.3782233972816,45.0185453715577,-1.35967802572384,6.63619786733194
escs_recodes10,DNK,36,454.084931441165,442.519545900636,-11.5653855405286,5.79792385957095,488.330740578333,472.826258446672,-15.5044821316616,6.30625705275768,514.606501587031,504.946640229444,-9.65986135758692,6.20869992686344,522.798953595694,516.497908544258,-6.30104505143618,6.2842350000545,34.2458091371681,30.3067125460351,-3.93909659113302,6.18513861702318,60.5215701458662,62.4270943288079,1.90552418294163,6.13665639886118,68.7140221545287,73.9783626436211,5.26434048909238,7.01707254100608,26.2757610086981,32.1203817827728,5.84462077407466,6.5463902770319,34.4682130173606,43.671650097586,9.2034370802254,6.61584600951709,8.19245200866249,11.5512683148132,3.35881630615074,6.74704999514406
escs_recodes10,ESP,36,450.483646204435,441.176541297817,-9.30710490661727,4.67530958831059,473.574204890833,468.102994719023,-5.4712101718099,4.65197263259123,496.723047306433,496.03097785091,-0.692069455523324,4.68131880628875,521.851472012757,519.742657471573,-2.10881454118419,4.44465161857926,23.0905586863983,26.9264534212057,3.83589473480737,4.08918586204346,46.2394011019985,54.8544365530925,8.61503545109395,4.00909877610843,71.3678258083226,78.5661161737557,7.19829036543308,4.28603384699962,23.1488424156002,27.9279831318868,4.77914071628658,3.34144032230054,48.2772671219243,51.63966275255,3.36239563062571,3.94324677597404,25.1284247063241,23.7116796206632,-1.41674508566086,3.64076950654737
escs_recodes10,EST,36,494.554900027349,489.473979251483,-5.08092077586554,5.52643056281707,510.617407992537,515.81790583859,5.20049784605288,5.55482477556934,537.839597954242,546.067085853507,8.2274878992647,5.53689752555363,562.663208705595,563.494468254311,0.831259548716957,5.89667096415414,16.0625079651879,26.3439265871064,10.2814186219184,5.63425716999075,43.2846979268936,56.5931066020238,13.3084086751302,5.56168296676878,68.1083086782457,74.0204890028282,5.91218032458249,6.39619136458188,27.2221899617056,30.2491800149174,3.02699005321182,5.39171034309912,52.0458007130578,47.6765624157218,-4.36923829733593,5.74743048275069,24.8236107513521,17.4273824008044,-7.39622835054774,5.4067374490209
escs_recodes10,FIN,36,474.980480899134,468.016994257077,-6.96348664205715,5.40398406274336,497.050121065165,496.826787537178,-0.22333352798745,5.7429062824355,528.075324944105,528.264415102568,0.189090158462818,5.8227799423827,552.340537670674,551.559527856971,-0.781009813702781,5.57113857087618,22.069640166031,28.8097932801007,6.7401531140697,5.14079740127135,53.0948440449709,60.2474208454909,7.15257680051997,5.53995532007089,77.3600567715393,83.5425335998937,6.18247682835437,5.49480320960616,31.0252038789399,31.4376275653901,0.412423686450268,5.41198584029479,55.2904166055083,54.7327403197929,-0.557676285715331,5.91447026049798,24.2652127265684,23.2951127544028,-0.970099972165599,5.6678673934758
escs_recodes10,FRA,36,435.360626214571,440.67246587376,5.31183965918945,6.18589955858311,472.892664124068,475.952836361905,3.06017223783726,6.40526554480392,502.7676863624,507.54521784352,4.77753148112015,6.89426004278175,546.539266818632,546.512344426338,-0.0269223922938409,6.46967241847773,37.5320379094973,35.2803704881451,-2.25166742135218,6.39608834339818,67.4070601478292,66.8727519697599,-0.534308178069296,6.70856473016733,111.178640604061,105.839878552578,-5.33876205148329,7.1236484941463,29.8750222383319,31.5923814816148,1.71735924328289,6.40820196524392,73.6466026945638,70.5595080644327,-3.08709463013111,6.83623229654231,43.7715804562319,38.9671265828179,-4.80445387341399,6.1118841704337
escs_recodes10,GBR,36,468.469365850954,478.401030435148,9.93166458419387,6.08991136772962,488.481013434296,505.872209114877,17.3911956805816,5.98513545687182,518.124427104917,530.49963338348,12.3752062785629,6.33654754910061,548.089915259799,561.012270059326,12.9223547995269,7.03189366187965,20.0116475833414,27.4711786797291,7.45953109638776,7.07995014399759,49.6550612539626,52.0986029483316,2.44354169436906,7.12366437898306,79.6205494088444,82.6112396241774,2.99069021533308,8.07139993483514,29.6434136706212,24.6274242686025,-5.0159894020187,6.92557961076161,59.608901825503,55.1400609444483,-4.46884088105469,7.39309559693715,29.9654881548818,30.5126366758458,0.547148520964015,6.93649658346466
escs_recodes10,GRC,36,409.333484915173,398.333618471062,-10.9998664441107,6.34313069152834,427.145524374751,425.069814501463,-2.07570987328859,6.37534556461125,451.027906342961,455.076026010864,4.04811966790334,6.31595813863388,479.613086419584,476.873560693064,-2.7395257265207,6.73853192327917,17.8120394595787,26.7361960304008,8.92415657082211,6.84573407873673,41.6944214277883,56.7424075398024,15.047986112014,6.18140419302042,70.2796015044117,78.5399422220018,8.26034071759,7.65824412428109,23.8823819682096,30.0062115094016,6.12382954119192,6.31119477688852,52.4675620448331,51.803746191601,-0.663815853232109,6.18394962887078,28.5851800766234,21.7975346821994,-6.78764539442403,6.15448146553844
escs_recodes10,HUN,36,431.020351338128,430.75997567934,-0.260375658787893,6.42795690754447,466.058006685878,468.546358454344,2.48835176846563,5.81174343972266,505.27274792574,499.193629659011,-6.07911826672932,6.44184168083292,545.81821643485,534.601597766556,-11.2166186682936,6.8790999246062,35.0376553477503,37.7863827750038,2.74872742725353,6.00210451092711,74.2523965876119,68.4336539796705,-5.81874260794143,7.23294712398001,114.797865096722,103.841622087216,-10.9562430095057,8.16018267173864,39.2147412398617,30.6472712046667,-8.56747003519496,5.90017888438038,79.7602097489714,66.0552393122122,-13.7049704367592,7.26934101926045,40.5454685091097,35.4079681075455,-5.13750040156424,6.35132462443974
escs_recodes10,IRL,36,469.925310280623,463.532207625953,-6.39310265467003,5.58709785516601,493.364640218629,487.511596181245,-5.85304403738348,5.66357588687933,515.905266883198,518.396103436944,2.49083655374591,5.49381308970489,540.208985729764,539.445315616657,-0.763670113106855,5.37785061949205,23.4393299380059,23.9793885552925,0.540058617286547,5.21146996860426,45.9799566025753,54.8638958109912,8.88393920841594,5.68721911931784,70.2836754491416,75.9131079907048,5.62943254156318,5.62768578388955,22.5406266645694,30.8845072556987,8.34388059112939,5.43319737254259,46.8443455111357,51.9337194354123,5.08937392427663,5.78885284987234,24.3037188465663,21.0492121797136,-3.25450666685276,5.13026326865607
escs_recodes10,ISL,36,406.766377855377,413.699242777297,6.9328649219197,5.75187488141414,442.367705828128,445.973177782712,3.60547195458435,5.83508982233497,468.587888839379,465.445559708476,-3.14232913090336,5.7558898895585,474.125996627605,483.670190084563,9.54419345695862,5.86918488171468,35.6013279727504,32.2739350054151,-3.32739296733536,6.88780407803543,61.8215109840016,51.7463169311785,-10.0751940528231,7.31249743270192,67.3596187722271,69.9709473072661,2.61132853503892,7.01868879007079,26.2201830112512,19.4723819257634,-6.74780108548771,7.01923787934564,31.7582907994767,37.697012301851,5.93872150237428,6.5317296358769,5.53810778822555,18.2246303760875,12.686522587862,6.75067682206399
escs_recodes10,ISR,36,412.410961871206,412.576864295798,0.165902424592559,6.58197278104216,456.082514257393,448.926765951525,-7.15574830586724,6.80018549268694,498.369585918954,483.535903348333,-14.8336825706206,7.91779338703835,514.849146601924,504.962108742913,-9.887037859011,6.74310225867905,43.6715523861871,36.3499016557273,-7.32165073045979,7.07714669523924,85.958624047748,70.9590390525348,-14.9995849952132,7.878703913425,102.438184730718,92.3852444471147,-10.0529402836036,7.68879471606911,42.2870716615608,34.6091373968075,-7.67793426475339,6.98393308675813,58.7666323445312,56.0353427913874,-2.73128955314377,7.36497314417854,16.4795606829703,21.4262053945799,4.94664471160962,7.4972363835798
escs_recodes10,ITA,36,439.28697760651,444.164748493764,4.87777088725312,5.81988351293226,469.874436558299,475.245973586298,5.37153702799839,5.75418371413589,487.606485417587,496.99630287387,9.38981745628303,6.09297988675241,517.47081543101,525.403103352335,7.93228792132481,6.88913828998288,30.5874589517887,31.0812250925339,0.493766140745265,5.02174233324151,48.3195078110764,52.8315543801063,4.51204656902991,6.02847762802381,78.1838378244994,81.2383548585711,3.05451703407169,7.09671057649232,17.7320488592877,21.7503292875724,4.01828042828464,4.90264336990653,47.5963788727107,50.1571297660372,2.56075089332643,6.44865662535551,29.864330013423,28.4068004784648,-1.45752953495821,5.46140178467473
escs_recodes10,JPN,36,515.3084564676,501.288066022279,-14.0203904453215,8.13996775319893,540.443447528033,531.559527567132,-8.88391996090127,6.49946039060876,559.50238289736,552.595621969047,-6.90676092831302,6.55681761678947,574.298038481824,578.70186322088,4.4038247390564,7.12579949461587,25.1349910604329,30.2714615448531,5.13647048442022,7.26773075711935,44.1939264297594,51.3075559467678,7.11362951700846,7.66780853122007,58.9895820142232,77.4137971986011,18.4242151843779,9.2112439816593,19.0589353693265,21.0360944019147,1.97715903258825,6.32998082928807,33.8545909537903,47.142335653748,13.2877446999577,7.11839722452904,14.7956555844638,26.1062412518332,11.3105856673694,5.82530588267918
escs_recodes10,KOR,36,493.946381272816,489.010372714901,-4.93600855791499,6.97222647675085,517.175306579892,524.520692309602,7.34538572970996,7.85535602704663,537.420793649237,545.626613246531,8.20581959729384,6.96304226718115,566.957329283224,559.001683626678,-7.95564565654547,7.64903963673511,23.2289253070767,35.5103195947017,12.281394287625,7.66398246779316,43.4744123764215,56.6162405316304,13.1418281552088,7.33949770961033,73.0109480104082,69.9913109117777,-3.01963709863048,7.59499520221841,20.2454870693448,21.1059209369287,0.860433867583879,7.54748270321469,49.7820227033315,34.480991317076,-15.3010313862554,8.59901859282956,29.5365356339867,13.3750703801474,-16.1614652538393,6.84762201671467
escs_recodes10,LTU,36,447.832444487051,457.640591259552,9.80814677250089,5.27375397333571,472.086639736764,484.161824207779,12.0751844710148,5.08350077140393,501.455309967102,510.595806626299,9.14049665919657,5.37829066151292,522.891104565922,523.439491640432,0.548387074510629,6.01959407650678,24.2541952497133,26.5212329482272,2.26703769851395,5.02068655708321,53.6228654800513,52.955215366747,-0.667650113304319,5.48818783415867,75.0586600788712,65.7989003808809,-9.25975969799026,6.2776880599674,29.368670230338,26.4339824185198,-2.93468781181826,5.21479512873175,50.8044648291579,39.2776674326537,-11.5267973965042,6.04495854889243,21.4357945988199,12.8436850141339,-8.59210958468594,5.16501154967198
escs_recodes10,LVA,36,463.580871910428,448.45118343709,-15.1296884733385,5.72525823922513,480.537201468174,470.340043520642,-10.1971579475311,5.50322213758618,505.694640486136,494.32210367773,-11.3725368084058,5.64349483226357,529.274939516681,506.76661671198,-22.5083228047011,5.44457595800606,16.9563295577451,21.8888600835525,4.93253052580741,5.44234656452841,42.1137685757072,45.8709202406399,3.75715166493274,5.6719462828482,65.6940676062525,58.3154332748899,-7.37863433136255,6.39920320280309,25.1574390179621,23.9820601570874,-1.17537886087467,5.28262363260331,48.7377380485074,36.4265731913374,-12.31116485717,5.77889261658188,23.5802990305453,12.44451303425,-11.1357859962953,6.23794343381634
escs_recodes10,MEX,36,382.99218775254,382.762976188559,-0.229211563981607,4.85961405221557,397.303678849361,406.565628983874,9.26195013451382,4.90114600097405,414.192831618689,420.023974276804,5.83114265811514,5.73643844580094,445.806372729613,452.406195045789,6.59982231617607,6.79790275527329,14.3114910968202,23.8026527953157,9.49116169849543,4.52474828019837,31.2006438661489,37.2609980882456,6.06035422209675,5.19930253729363,62.8141849770723,69.64321885723,6.82903388015768,6.71471830579708,16.8891527693286,13.4583452929299,-3.43080747639868,4.62443466307678,48.5026938802521,45.8405660619143,-2.66212781833775,6.76518957195183,31.6135411109235,32.3822207689844,0.768679658060933,5.93355079552435
escs_recodes10,NLD,36,445.437780555571,445.80135314487,0.363572589299167,7.96175819462191,467.050522637349,474.743697014928,7.69317437757843,8.27919842084782,515.272899048069,514.610084661483,-0.662814386586092,7.56130095727626,541.456283275912,544.28971062543,2.83342734951873,6.83356811304169,21.6127420817783,28.9423438700575,7.32960178827926,8.06563899459973,69.8351184924974,68.8087315166122,-1.02638697588526,9.04089189025693,96.0185027203404,98.4883574805599,2.46985476021956,9.38708762101252,48.2223764107192,39.8663876465546,-8.35598876416452,7.95711705861494,74.4057606385621,69.5460136105024,-4.8597470280597,8.9606117894809,26.1833842278429,29.6796259639477,3.49624173610482,7.85680173848573
escs_recodes10,NOR,36,441.54379445348,430.997242856966,-10.5465515965146,5.54759748173127,471.307900246139,465.070336913809,-6.23756333232996,5.64149892775061,498.658734182301,498.209052101003,-0.449682081297624,5.65820986710206,514.781741290118,511.952301047763,-2.82944024235485,5.94944866621716,29.7641057926589,34.0730940568435,4.30898826418462,5.57794382709925,57.1149397288206,67.2118092440376,10.096869515217,6.0935964023603,73.2379468366376,80.9550581907973,7.71711135415973,6.50314720452183,27.3508339361617,33.1387151871941,5.78788125103233,5.34153363366747,43.4738410439787,46.8819641339538,3.40812308997511,5.7606019463312,16.123007107817,13.7432489467598,-2.37975816105723,5.54204642800028
escs_recodes10,NZL,36,456.310541200924,473.072058513087,16.7615173121634,5.96240936124545,498.194144536417,502.527320349597,4.33317581317976,6.0449852290127,532.236258680654,537.395326641026,5.15906796037234,6.30975253226234,552.307332482859,567.08511090656,14.7777784237011,5.75681271700787,41.8836033354932,29.4552618365096,-12.4283414989836,5.90013903057058,75.9257174797302,64.3232681279392,-11.6024493517911,6.91632348194851,95.9967912819351,94.0130523934728,-1.98373888846231,6.75609099878012,34.042114144237,34.8680062914296,0.825892147192576,6.94383343347344,54.1131879464419,64.5577905569632,10.4446026105213,6.67240719134453,20.0710738022049,29.6897842655336,9.61871046332874,7.43628148088384
escs_recodes10,POL,36,459.937465313693,456.112750298893,-3.82471501479921,5.62610709272729,488.292212852119,485.196078337677,-3.09613451444193,5.61140462618563,512.977512393522,518.929325667396,5.95181327387422,6.23869115283943,542.113151443292,540.361651989692,-1.75149945359965,6.3678427703122,28.3547475384262,29.0833280387835,0.728580500357282,5.04877032509823,53.0400470798292,62.8165753685026,9.77652828867343,5.88666470493975,82.1756861295992,84.2489016907987,2.07321556119956,6.98227039640684,24.6852995414029,33.7332473297191,9.04794778831615,5.97528082256037,53.8209385911729,55.1655736520152,1.34463506084228,6.40891827658019,29.13563904977,21.4323263222962,-7.70331272747387,6.10881203476825
escs_recodes10,PRT,36,445.262504926137,438.907277924741,-6.35522700139529,6.04753521502109,468.70670520998,471.291463722574,2.58475851259385,6.75705781348477,497.984842999835,499.000896031855,1.01605303202007,6.41272504543785,530.149018957276,533.490121009852,3.34110205257571,6.22623279196062,23.4442002838433,32.3841857978324,8.93998551398914,5.11865372616416,52.7223380736979,60.0936181071132,7.37128003341536,5.68666829847282,84.8865140311396,94.5828430851106,9.696329053971,6.4741382926259,29.2781377898546,27.7094323092808,-1.56870548057378,5.5915834315121,61.4423137472963,62.1986572872782,0.756343539981856,6.48015205072543,32.1641759574417,34.4892249779974,2.32504902055564,5.5003576337724
escs_recodes10,SVK,36,402.878640701467,422.145279403494,19.2666387020277,7.151913625542,450.770608310325,467.85433942392,17.0837311135952,6.27390463358121,477.285232877315,493.659333987531,16.3741011102159,6.74482207140573,523.867676921558,538.288979083697,14.4213021621388,6.88455435098786,47.8919676088578,45.7090600204254,-2.18290758843244,6.88627299461131,74.4065921758484,71.5140545840366,-2.89253759181179,7.74317268664276,120.989036220091,116.143699680202,-4.84533653988888,8.84958808484453,26.5146245669906,25.8049945636112,-0.709630003379346,6.94147489646085,73.0970686112334,70.434639659777,-2.66242895145643,7.84292863731206,46.5824440442428,44.6296450961658,-1.95279894807709,6.56693507030288
escs_recodes10,SVN,36,458.172744921998,447.02446767421,-11.1482772477873,5.19251606834902,489.462412368972,475.749907076142,-13.7125052928298,5.49582224180376,519.826125494397,510.126484879447,-9.69964061494937,5.21876509756167,536.237950491558,529.125123477596,-7.11282701396215,4.8918277519442,31.2896674469743,28.7254394019318,-2.56422804504251,5.92197109348321,61.6533805723993,63.1020172052373,1.44863663283792,5.76112776057177,78.0652055695608,82.100655803386,4.03545023382515,5.74492210083241,30.363713125425,34.3765778033055,4.01286467788043,6.14421179119716,46.7755381225865,53.3752164014542,6.59967827886766,6.32232806113074,16.4118249971615,18.9986385981487,2.58681360098723,5.82737200236509
escs_recodes10,SWE,36,446.273424449451,437.285753451725,-8.98767099772596,5.82162214589713,479.510177597331,480.472651893991,0.962474296659934,6.44271277470532,515.365233853898,520.570535683446,5.20530182954838,6.06161233923182,544.971473246766,534.56566152503,-10.4058117217369,6.82378539534332,33.2367531478801,43.1868984422659,9.95014529438589,6.24635708598518,69.0918094044466,83.284782231721,14.1929728272743,6.1655709016578,98.6980487973151,97.2799080733042,-1.41814072401093,7.28965011083662,35.8550562565666,40.097883789455,4.24282753288844,6.51882589234776,65.4612956494351,54.0930096310382,-11.3682860183968,7.20214051351816,29.6062393928685,13.9951258415832,-15.6111135512853,6.12948934545376
escs_recodes10,TUR,36,450.072618562275,461.034617680696,10.9619991184217,5.30308603735402,463.598461331169,483.380265183233,19.7818038520641,5.08597080769915,472.476955973921,499.018909375845,26.5419534019239,5.66352026298066,518.013382282929,546.163052728462,28.1496704455332,6.39411218381919,13.5258427688941,22.3456475025365,8.81980473364234,5.0193584151928,22.4043374116462,37.9842916951484,15.5799542835022,5.62023571965191,67.9407637206541,85.1284350477656,17.1876713271114,6.82857233584916,8.87849464275212,15.638644192612,6.76014954985988,5.0916384152317,54.41492095176,62.7827875452291,8.3678665934691,6.71598304615635,45.5364263090079,47.1441433526171,1.60771704360923,6.55538417598091
escs_recodes10,USA,36,455.813137381249,454.129394332824,-1.68374304842564,8.24352506252635,478.210803241192,486.05250655339,7.84170331219826,9.98308343291036,512.293673987311,510.807001192153,-1.48667279515797,12.4587424860982,555.631194495547,566.800805647387,11.1696111518403,18.4510116705933,22.3976658599423,31.9231122205662,9.5254463606239,10.8074936422035,56.480536606062,56.6776068593296,0.197070253267668,12.6298596593094,99.8180571142976,112.671411314564,12.8533542002659,19.331087085496,34.0828707461196,24.7544946387634,-9.32837610735623,12.3016240698622,77.4203912543553,80.7482990939973,3.32790783964202,17.604135419102,43.3375205082357,55.9938044552339,12.6562839469983,14.3057403198546
escs_recodes10,OECD,36,445.898949167327,445.327803193688,-0.571145973638579,3.23571667563257,474.962981737072,477.040626905995,2.07764516892246,3.24001427770619,502.641678661715,505.408771593085,2.76709293136935,3.25221422525669,531.55072355189,533.023486693693,1.47276314180249,3.28663665716715,29.0640325697459,31.7128237123069,2.64879114256104,1.02831114189225,56.7427294943888,60.0809683993967,3.33823890500793,1.10045414469203,85.6517743845636,87.6956835000046,2.04390911544107,1.29608901181586,27.678696924643,28.3681446870899,0.689447762446889,1.02796659947385,56.5877418148177,55.9828597876978,-0.60488202711997,1.19614500297043,28.9090448901748,27.6147151006079,-1.29432978956686,1.09386620942797
escs_recodes10,OECD35,35,445.767957823409,445.446410676427,-0.321547146981914,3.24099012674834,475.002661075536,477.295987825623,2.29332675008641,3.24555662672631,502.810782414724,505.676708557147,2.86592614242318,3.25840600967801,531.827845024437,533.402938957182,1.57509393274518,3.29501162749152,29.2347032521272,31.8495771491955,2.61487389706832,1.05121884929718,57.0428245913145,60.2302978807196,3.18747328940509,1.12608487433265,86.0598872010276,87.9565282807547,1.89664107972709,1.32748381641112,27.8081213391873,28.380720731524,0.57259939233677,1.05301814771188,56.8251839489004,56.1069511315592,-0.718232817341232,1.22515121331162,29.0170626097132,27.7262304000352,-1.290832209678,1.12030057687904
