cnt,index,n_systems,countries,status,group,mean_2022,mean_2025,link_se,estimate,se,ci_low,ci_high
ARG,escs,1,ARG,both cycles,Q1,344.8112058827247,342.32284633804386,1.22,-2.4883595446808613,4.438838566266701,-11.188483134563594,6.211764045201871
ARG,escs,1,ARG,both cycles,Q2,362.50217556307496,354.23701215302816,1.22,-8.265163410046796,4.357690018381063,-16.806235846073676,0.27590902598008604
ARG,escs,1,ARG,both cycles,Q3,384.5663480395166,372.074340791864,1.22,-12.492007247652566,5.432779024443942,-23.140254135562692,-1.84376035974244
ARG,escs,1,ARG,both cycles,Q4,419.59139327608364,421.49999407606094,1.22,1.9086007999773074,6.981039988365637,-11.774237577219342,15.591439177173957
ARG,escs,1,ARG,both cycles,Q2-Q1,17.690969680350236,11.914165814984301,0.0,-5.776803865365935,4.427980254402159,-14.455645163994166,2.902037433262297
ARG,escs,1,ARG,both cycles,Q3-Q1,39.75514215679186,29.751494453820158,0.0,-10.003647702971705,5.60805560337272,-20.995436685582234,0.9881412796388265
ARG,escs,1,ARG,both cycles,Q4-Q1,74.78018739335891,79.17714773801708,0.0,4.396960344658169,7.604710578632418,-10.508272389461371,19.30219307877771
ARG,escs,1,ARG,both cycles,Q3-Q2,22.064172476441627,17.837328638835857,0.0,-4.22684383760577,5.505064779680252,-15.016770805779064,6.563083130567524
ARG,escs,1,ARG,both cycles,Q4-Q2,57.08921771300868,67.26298192303278,0.0,10.173764210024103,7.268303777282557,-4.072111193449707,24.419639613497914
ARG,escs,1,ARG,both cycles,Q4-Q3,35.02504523656705,49.425653284196926,0.0,14.400608047629873,6.4729294506795805,1.7136663242978951,27.08754977096185
BRA,escs,1,BRA,both cycles,Q1,348.10894502960826,341.57667593558637,1.22,-6.532269094021899,2.7072495010493065,-11.83847811607854,-1.2260600719652581
BRA,escs,1,BRA,both cycles,Q2,365.0199885644702,367.19414714120273,1.22,2.174158576732509,2.8733345305883815,-3.4575771032207188,7.805894256685737
BRA,escs,1,BRA,both cycles,Q3,379.4974949460746,387.8101194453932,1.22,8.312624499318588,3.8764805352551015,0.7147226502185893,15.910526348418585
BRA,escs,1,BRA,both cycles,Q4,425.4064475167026,431.99680582398094,1.22,6.590358307278336,5.578059245555288,-4.342637814010027,17.523354428566698
BRA,escs,1,BRA,both cycles,Q2-Q1,16.91104353486196,25.61747120561637,0.0,8.706427670754408,2.893191891663862,3.0357715630932383,14.377083778415578
BRA,escs,1,BRA,both cycles,Q3-Q1,31.38854991646633,46.23344350980682,0.0,14.844893593340487,3.88133674622454,7.237473570740389,22.452313615940586
BRA,escs,1,BRA,both cycles,Q4-Q1,77.29750248709433,90.42012988839457,0.0,13.122627401300235,5.765127240079077,1.8229780107452438,24.422276791855225
BRA,escs,1,BRA,both cycles,Q3-Q2,14.477506381604371,20.61597230419045,0.0,6.138465922586079,3.7922103944958647,-1.2942664506258161,13.571198295797974
BRA,escs,1,BRA,both cycles,Q4-Q2,60.386458952232374,64.8026586827782,0.0,4.416199730545827,5.744004656764621,-6.842049396712829,15.674448857804483
BRA,escs,1,BRA,both cycles,Q4-Q3,45.908952570628,44.18668637858775,0.0,-1.7222661920402516,5.507016795934718,-12.5160191120723,9.071486727991797
CHL,escs,1,CHL,both cycles,Q1,383.74230080287316,377.5920471563294,1.22,-6.150253646543774,4.340869651713313,-14.658358163901868,2.3578508708143193
CHL,escs,1,CHL,both cycles,Q2,403.4320295756664,392.04530464802474,1.22,-11.386724927641637,4.477111323408726,-20.161863121522742,-2.611586733760534
CHL,escs,1,CHL,both cycles,Q3,415.17643839549316,408.3447237308966,1.22,-6.831714664596575,4.875790888073508,-16.38826480522065,2.7248354760275006
CHL,escs,1,CHL,both cycles,Q4,452.85221006260934,447.28867092451276,1.22,-5.563539138096587,5.007425711893728,-15.378093533408295,4.251015257215121
CHL,escs,1,CHL,both cycles,Q2-Q1,19.689728772793217,14.453257491695354,0.0,-5.236471281097863,4.997741815648301,-15.032045239768534,4.559102677572808
CHL,escs,1,CHL,both cycles,Q3-Q1,31.434137592620004,30.752676574567204,0.0,-0.6814610180528007,5.489630684642367,-11.44113715995184,10.078215123846238
CHL,escs,1,CHL,both cycles,Q4-Q1,69.10990925973618,69.69662376818337,0.0,0.5867145084471872,6.4273897375088715,-12.0109693770702,13.184398393964575
CHL,escs,1,CHL,both cycles,Q3-Q2,11.744408819826788,16.29941908287185,0.0,4.555010263045062,5.4611247798728115,-6.148794305505648,15.258814831595773
CHL,escs,1,CHL,both cycles,Q4-Q2,49.42018048694297,55.24336627648802,0.0,5.82318578954505,5.8231696485113575,-5.59022672153721,17.23659830062731
CHL,escs,1,CHL,both cycles,Q4-Q3,37.67577166711618,38.94394719361617,0.0,1.2681755264999879,5.484914663034986,-9.482257213048584,12.01860826604856
COL,escs,1,COL,both cycles,Q1,351.657763356477,350.4688905562199,1.22,-1.1888728002571156,4.18235015158451,-9.386279097362754,7.008533496848523
COL,escs,1,COL,both cycles,Q2,369.6691864423028,373.1685363601852,1.22,3.499349917882398,4.321940192854321,-4.971652860112069,11.970352695876866
COL,escs,1,COL,both cycles,Q3,384.2044345673045,388.05745567716866,1.22,3.853021109864187,6.055405301614433,-8.015573281300101,15.721615501028475
COL,escs,1,COL,both cycles,Q4,430.21297769345813,428.55562757004145,1.22,-1.657350123416677,8.655759369129896,-18.622638486911274,15.30793824007792
COL,escs,1,COL,both cycles,Q2-Q1,18.01142308582581,22.699645803965325,0.0,4.688222718139514,4.835601273747248,-4.7895557784050915,14.166001214684119
COL,escs,1,COL,both cycles,Q3-Q1,32.54667121082747,37.58856512094877,0.0,5.041893910121303,5.831820316841232,-6.388473910887512,16.472261731130118
COL,escs,1,COL,both cycles,Q4-Q1,78.55521433698112,78.08673701382156,0.0,-0.46847732315956137,9.249389483545936,-18.597280710909597,17.660326064590475
COL,escs,1,COL,both cycles,Q3-Q2,14.535248125001658,14.888919316983447,0.0,0.353671191981789,5.152163118447181,-9.744568520174685,10.451910904138263
COL,escs,1,COL,both cycles,Q4-Q2,60.54379125115531,55.38709120985624,0.0,-5.156700041299075,8.830439522606861,-22.464361505608522,12.150961423010372
COL,escs,1,COL,both cycles,Q4-Q3,46.008543126153654,40.49817189287279,0.0,-5.510371233280864,7.538366779249906,-20.28557012061068,9.264827654048952
MEX,escs,1,MEX,both cycles,Q1,369.1964651437033,362.65924264442464,1.22,-6.537222499278641,3.5235875115963897,-13.443454022007565,0.36900902345028275
MEX,escs,1,MEX,both cycles,Q2,385.84056690470385,381.73170253905545,1.22,-4.108864365648401,3.442997001856934,-10.85713848928799,2.6394097579911895
MEX,escs,1,MEX,both cycles,Q3,397.7417315451392,392.3017928341875,1.22,-5.439938710951708,5.0102956764208955,-15.260118236736663,4.380240814833247
MEX,escs,1,MEX,both cycles,Q4,427.6472404806056,419.82681578657264,1.22,-7.820424694032965,5.681407512662046,-18.955983418850575,3.3151340307846446
MEX,escs,1,MEX,both cycles,Q2-Q1,16.64410176100057,19.07245989463081,0.0,2.4283581336302404,3.791286095852565,-5.002562614240786,9.859278881501268
MEX,escs,1,MEX,both cycles,Q3-Q1,28.545266401435924,29.642550189762858,0.0,1.0972837883269335,5.074661348770161,-8.849052455262582,11.043620031916449
MEX,escs,1,MEX,both cycles,Q4-Q1,58.450775336902325,57.167573142148,0.0,-1.283202194754324,5.950169576735552,-12.945534565156004,10.379130175647356
MEX,escs,1,MEX,both cycles,Q3-Q2,11.901164640435354,10.570090295132047,0.0,-1.331074345303307,4.781251024722575,-10.702326353759554,8.04017766315294
MEX,escs,1,MEX,both cycles,Q4-Q2,41.806673575901755,38.09511324751719,0.0,-3.7115603283845644,5.771957191309449,-15.024596423351083,7.601475766581954
MEX,escs,1,MEX,both cycles,Q4-Q3,29.9055089354664,27.525022952385143,0.0,-2.3804859830812575,5.804502422314496,-13.757310730817668,8.996338764655153
PER,escs,1,PER,both cycles,Q1,350.70324501936733,350.42002612919975,1.22,-0.28321889016757495,3.7536496696745094,-7.6403722427296135,7.0739344623944636
PER,escs,1,PER,both cycles,Q2,378.63468386522163,372.39780324849994,1.22,-6.236880616721692,4.8878329849253355,-15.817033267175349,3.3432720337319655
PER,escs,1,PER,both cycles,Q3,400.2165732922587,392.37846779751794,1.22,-7.838105494740773,5.064482852060513,-17.76449188477938,2.0882808952978316
PER,escs,1,PER,both cycles,Q4,436.69382801242864,424.89792190456757,1.22,-11.795906107861072,6.283487595317256,-24.111541794682893,0.5197295789607494
PER,escs,1,PER,both cycles,Q2-Q1,27.931438845854302,21.977777119300185,0.0,-5.953661726554117,4.699872223811673,-15.165411285224996,3.258087832116763
PER,escs,1,PER,both cycles,Q3-Q1,49.513328272891385,41.95844166831819,0.0,-7.554886604573198,5.415522734213441,-18.16931116363154,3.0595379544851458
PER,escs,1,PER,both cycles,Q4-Q1,85.99058299306131,74.47789577536781,0.0,-11.512687217693497,6.662850253882559,-24.57187371530331,1.5464992799163184
PER,escs,1,PER,both cycles,Q3-Q2,21.581889427037083,19.980664549018,0.0,-1.6012248780190816,4.839557356847512,-11.086757297440204,7.884307541402041
PER,escs,1,PER,both cycles,Q4-Q2,58.05914414720701,52.50011865606763,0.0,-5.55902549113938,6.788411683717459,-18.8643123912256,7.74626140894684
PER,escs,1,PER,both cycles,Q4-Q3,36.477254720169924,32.519454107049626,0.0,-3.9578006131202983,6.365957756611199,-16.43507781607825,8.519476589837652
URY,escs,1,URY,both cycles,Q1,371.2191068071087,368.9377982348966,1.22,-2.281308572212083,4.357311002043767,-10.821638136217867,6.259020991793701
URY,escs,1,URY,both cycles,Q2,393.80990438618784,390.39844150786683,1.22,-3.4114628783210037,4.03728200959821,-11.324535617133495,4.501609860491487
URY,escs,1,URY,both cycles,Q3,411.52990541377073,411.9536827057697,1.22,0.42377729199898795,4.5740301050375605,-8.54132171387463,9.388876297872606
URY,escs,1,URY,both cycles,Q4,461.843520652788,462.36023535745136,1.22,0.5167147046633431,5.195716301249558,-9.66688924578579,10.700318655112476
URY,escs,1,URY,both cycles,Q2-Q1,22.59079757907915,21.46064327297023,0.0,-1.1301543061089205,4.893295450251816,-10.72101338860248,8.460704776384638
URY,escs,1,URY,both cycles,Q3-Q1,40.31079860666205,43.01588447087312,0.0,2.705085864211071,5.055752066873561,-7.204188186861108,12.61435991528325
URY,escs,1,URY,both cycles,Q4-Q1,90.62441384567933,93.42243712255475,0.0,2.7980232768754263,6.19053878618582,-9.33543274404878,14.931479297799633
URY,escs,1,URY,both cycles,Q3-Q2,17.720001027582896,21.555241197902888,0.0,3.8352401703199916,4.883201145294449,-5.735834074457129,13.406314415097112
URY,escs,1,URY,both cycles,Q4-Q2,68.03361626660018,71.96179384958452,0.0,3.928177582984347,6.113248983957204,-8.053790425571773,15.910145591540466
URY,escs,1,URY,both cycles,Q4-Q3,50.31361523901728,50.406552651681636,0.0,0.09293741266435518,5.887077993243385,-11.445735454092679,11.63161027942139
LATAM7,escs,7,"ARG,BRA,CHL,COL,MEX,PER,URY",both cycles,Q1,359.91986172026606,356.28250385638574,1.22,-3.637357863880311,1.8701315230676234,-7.302815649092853,0.028099921332231048
LATAM7,escs,7,"ARG,BRA,CHL,COL,MEX,PER,URY",both cycles,Q2,379.8440764716611,375.8818496568375,1.22,-3.962226814823566,1.9194322721550208,-7.724314068247407,-0.20013956139972544
LATAM7,escs,7,"ARG,BRA,CHL,COL,MEX,PER,URY",both cycles,Q3,396.13327517136537,393.27436899754247,1.22,-2.858906173822902,2.209303427694254,-7.18914089210364,1.471328544457836
LATAM7,escs,7,"ARG,BRA,CHL,COL,MEX,PER,URY",both cycles,Q4,436.32108824209655,433.7751530633126,1.22,-2.5459351787839637,2.638471350685454,-7.717339026127453,2.6254686685595257
LATAM7,escs,7,"ARG,BRA,CHL,COL,MEX,PER,URY",both cycles,Q2-Q1,19.924214751395027,19.599345800451772,0.0,-0.3248689509432552,1.6705432388721249,-3.59913369913262,2.9493957972461096
LATAM7,escs,7,"ARG,BRA,CHL,COL,MEX,PER,URY",both cycles,Q3-Q1,36.21341345109931,36.99186514115672,0.0,0.778451690057409,1.975884917231393,-3.094282747716121,4.65118612783094
LATAM7,escs,7,"ARG,BRA,CHL,COL,MEX,PER,URY",both cycles,Q4-Q1,76.4012265218305,77.49264920692684,0.0,1.0914226850963473,2.618816221494108,-4.0414571090321045,6.224302479224799
LATAM7,escs,7,"ARG,BRA,CHL,COL,MEX,PER,URY",both cycles,Q3-Q2,16.289198699704286,17.39251934070495,0.0,1.1033206410006642,1.869096675642854,-2.5601088432593295,4.766750125260658
LATAM7,escs,7,"ARG,BRA,CHL,COL,MEX,PER,URY",both cycles,Q4-Q2,56.47701177043547,57.89330340647507,0.0,1.4162916360396025,2.53335960030875,-3.5490931805655475,6.3816764526447525
LATAM7,escs,7,"ARG,BRA,CHL,COL,MEX,PER,URY",both cycles,Q4-Q3,40.18781307073118,40.50078406577012,0.0,0.3129709950389383,2.3387274843279697,-4.270934874243882,4.896876864321759
ARG,escs_h,1,ARG,both cycles,Q1,346.2719134728594,341.7781407560327,1.22,-4.493772716826697,4.293177656193984,-12.908400922966905,3.92085548931351
ARG,escs_h,1,ARG,both cycles,Q2,364.1880093842625,357.6900455735912,1.22,-6.497963810671308,4.558256548244004,-15.432146645229556,2.43621902388694
ARG,escs_h,1,ARG,both cycles,Q3,385.47362616751946,372.5411879205438,1.22,-12.932438246975664,4.91126410342912,-22.55851588969674,-3.306360604254589
ARG,escs_h,1,ARG,both cycles,Q4,418.7047985023649,423.3402932968194,1.22,4.63549479445453,6.6060187562854615,-8.312301967864974,17.583291556774036
ARG,escs_h,1,ARG,both cycles,Q2-Q1,17.91609591140309,15.91190481755848,0.0,-2.004191093844611,4.386778630122461,-10.602277208884635,6.593895021195413
ARG,escs_h,1,ARG,both cycles,Q3-Q1,39.201712694660046,30.76304716451108,0.0,-8.438665530148967,5.393612605264722,-19.010146236467822,2.1328151761698884
ARG,escs_h,1,ARG,both cycles,Q4-Q1,72.43288502950548,81.56215254078671,0.0,9.129267511281228,7.371567497676196,-5.319004784164116,23.57753980672657
ARG,escs_h,1,ARG,both cycles,Q3-Q2,21.285616783256955,14.8511423469526,0.0,-6.434474436304356,4.480889618553065,-15.217018088668363,2.348069216059651
ARG,escs_h,1,ARG,both cycles,Q4-Q2,54.516789118102395,65.65024772322823,0.0,11.133458605125838,6.522785186030062,-1.6512003594930835,23.91811756974476
ARG,escs_h,1,ARG,both cycles,Q4-Q3,33.23117233484544,50.799105376275634,0.0,17.567933041430194,5.949948925823129,5.906033146816862,29.22983293604353
BRA,escs_h,1,BRA,both cycles,Q1,349.4920721108244,341.5842420284615,1.22,-7.907830082362864,2.7893493538587246,-13.374954815925964,-2.4407053487997636
BRA,escs_h,1,BRA,both cycles,Q2,365.59927274589086,367.7314178288915,1.22,2.132145083000637,3.0532922885723224,-3.852307802601115,8.116597968602388
BRA,escs_h,1,BRA,both cycles,Q3,382.66271162866036,389.4387201774638,1.22,6.776008548803418,3.4775867827546785,-0.04006154539575224,13.592078643002587
BRA,escs_h,1,BRA,both cycles,Q4,424.7821210297695,432.7537319882983,1.22,7.9716109585287995,5.650812581890139,-3.103981701975872,19.04720361903347
BRA,escs_h,1,BRA,both cycles,Q2-Q1,16.107200635066476,26.147175800429977,0.0,10.0399751653635,3.121694432718844,3.921454077234567,16.158496253492434
BRA,escs_h,1,BRA,both cycles,Q3-Q1,33.17063951783598,47.85447814900226,0.0,14.683838631166282,3.671402720636509,7.4878892987187236,21.87978796361384
BRA,escs_h,1,BRA,both cycles,Q4-Q1,75.2900489189451,91.16948995983677,0.0,15.879441040891663,5.9129052685413805,4.290146714550557,27.468735367232767
BRA,escs_h,1,BRA,both cycles,Q3-Q2,17.063438882769503,21.707302348572284,0.0,4.643863465802781,3.4435504880500543,-2.1054954907753256,11.393222422380887
BRA,escs_h,1,BRA,both cycles,Q4-Q2,59.18284828387863,65.02231415940679,0.0,5.8394658755281625,5.744913864476165,-5.420565298845121,17.099497049901444
BRA,escs_h,1,BRA,both cycles,Q4-Q3,42.119409401109124,43.315011810834505,0.0,1.1956024097253817,5.420771605311673,-9.429109936685498,11.820314756136261
CHL,escs_h,1,CHL,both cycles,Q1,385.65380885239324,376.3055545894877,1.22,-9.348254262905527,4.289972071050151,-17.756599522163825,-0.939909003647232
CHL,escs_h,1,CHL,both cycles,Q2,402.82415452248796,390.74456200913767,1.22,-12.079592513350292,4.282971158949701,-20.474215984891707,-3.684969041808877
CHL,escs_h,1,CHL,both cycles,Q3,416.58350685453604,409.8292149752589,1.22,-6.754291879277162,4.371348467824854,-15.322134876213875,1.8135511176595518
CHL,escs_h,1,CHL,both cycles,Q4,450.39120790258966,449.6273784493128,1.22,-0.7638294532768555,5.268556805645341,-11.090200792341724,9.562541885788013
CHL,escs_h,1,CHL,both cycles,Q2-Q1,17.17034567009472,14.439007419649954,0.0,-2.7313382504447645,4.623347342895799,-11.793099042520529,6.330422541631
CHL,escs_h,1,CHL,both cycles,Q3-Q1,30.9296980021428,33.523660385771166,0.0,2.593962383628366,5.179619757056211,-7.558092340201808,12.74601710745854
CHL,escs_h,1,CHL,both cycles,Q4-Q1,64.73739905019642,73.32182385982509,0.0,8.584424809628672,6.584629316778962,-4.321448651258093,21.49029827051544
CHL,escs_h,1,CHL,both cycles,Q3-Q2,13.759352332048081,19.08465296612121,0.0,5.32530063407313,4.533302626622902,-3.5599725141077574,14.210573782254018
CHL,escs_h,1,CHL,both cycles,Q4-Q2,47.5670533801017,58.882816440175134,0.0,11.315763060073436,5.468114252171776,0.5982591258167567,22.033266994330116
CHL,escs_h,1,CHL,both cycles,Q4-Q3,33.807701048053616,39.79816347405392,0.0,5.990462426000306,5.64101538293143,-5.065927724545297,17.04685257654591
COL,escs_h,1,COL,both cycles,Q1,352.1637078302236,350.3476075704566,1.22,-1.8161002597669835,3.9512181354217746,-9.560487805193661,5.928287285659694
COL,escs_h,1,COL,both cycles,Q2,369.8161860001053,371.78831955696495,1.22,1.97213355685966,4.820835313075863,-7.476703656769031,11.420970770488351
COL,escs_h,1,COL,both cycles,Q3,387.36112243268565,389.75446113263973,1.22,2.3933386999540858,5.5043118630726005,-8.39511255166821,13.181789951576382
COL,escs_h,1,COL,both cycles,Q4,427.3790241365356,429.5875811844245,1.22,2.2085570478889167,9.199595784566462,-15.822650689861348,20.23976478563918
COL,escs_h,1,COL,both cycles,Q2-Q1,17.652478169881704,21.440711986508347,0.0,3.7882338166266436,5.152174200759854,-6.310027616862669,13.886495250115956
COL,escs_h,1,COL,both cycles,Q3-Q1,35.19741460246206,39.40685356218313,0.0,4.209438959721069,5.686373287221558,-6.935852683233184,15.354730602675323
COL,escs_h,1,COL,both cycles,Q4-Q1,75.21531630631199,79.23997361396789,0.0,4.0246573076559,9.78001742219118,-15.144176839838813,23.193491455150614
COL,escs_h,1,COL,both cycles,Q3-Q2,17.544936432580357,17.966141575674783,0.0,0.4212051430944257,4.732300549810944,-8.854103934535024,9.696514220723875
COL,escs_h,1,COL,both cycles,Q4-Q2,57.56283813643029,57.79926162745954,0.0,0.23642349102925664,9.21398499244159,-17.82298709415626,18.295834076214774
COL,escs_h,1,COL,both cycles,Q4-Q3,40.01790170384993,39.83312005178476,0.0,-0.18478165206516906,8.21111729509847,-16.27857155045817,15.909008246327833
MEX,escs_h,1,MEX,both cycles,Q1,369.9393464844985,362.1674936900812,1.22,-7.7718527944173275,3.5097776454315537,-14.651016979463172,-0.8926886093714828
MEX,escs_h,1,MEX,both cycles,Q2,386.1593562097853,380.7368378049795,1.22,-5.422518404805828,3.6796712640356417,-12.634674082315685,1.789637272704029
MEX,escs_h,1,MEX,both cycles,Q3,398.2410934710623,393.7770093929972,1.22,-4.464084078065127,4.825288727477456,-13.92164998392094,4.993481827790685
MEX,escs_h,1,MEX,both cycles,Q4,426.62744330815167,420.54056262381374,1.22,-6.0868806843379275,5.468801152410202,-16.805730943061924,4.631969574386067
MEX,escs_h,1,MEX,both cycles,Q2-Q1,16.220009725286786,18.569344114898286,0.0,2.3493343896114993,4.06158420051442,-5.611370643396763,10.310039422619763
MEX,escs_h,1,MEX,both cycles,Q3-Q1,28.301746986563785,31.609515702915985,0.0,3.3077687163522,5.026057973065826,-6.543304910856818,13.158842343561219
MEX,escs_h,1,MEX,both cycles,Q4-Q1,56.688096823653154,58.373068933732554,0.0,1.6849721100794,5.958319841930492,-9.993334780104364,13.363279000263164
MEX,escs_h,1,MEX,both cycles,Q3-Q2,12.081737261276999,13.0401715880177,0.0,0.9584343267407007,4.568925564501726,-7.996659779682682,9.913528433164084
MEX,escs_h,1,MEX,both cycles,Q4-Q2,40.46808709836637,39.80372481883427,0.0,-0.6643622795320994,5.37531874456241,-11.199987018874422,9.871262459810223
MEX,escs_h,1,MEX,both cycles,Q4-Q3,28.38634983708937,26.76355323081657,0.0,-1.6227966062728,5.436420877667246,-12.278181526500601,9.032588313955001
PER,escs_h,1,PER,both cycles,Q1,352.3167643966241,350.43151991021847,1.22,-1.885244486405611,3.7064372632245792,-9.149861522325786,5.379372549514564
PER,escs_h,1,PER,both cycles,Q2,376.7168214360721,371.0710491121166,1.22,-5.645772323955498,4.816053132652566,-15.085236463954528,3.7936918160435322
PER,escs_h,1,PER,both cycles,Q3,401.3507345959394,393.25912880034383,1.22,-8.09160579559557,5.212611498741597,-18.3083243331291,2.1251127419379614
PER,escs_h,1,PER,both cycles,Q4,436.3349999948101,426.88529768934575,1.22,-9.44970230546437,5.870025320953622,-20.95495193453347,2.0555473236047277
PER,escs_h,1,PER,both cycles,Q2-Q1,24.40005703944803,20.639529201898142,0.0,-3.760527837549887,4.376400808095768,-12.338273421417593,4.817217746317819
PER,escs_h,1,PER,both cycles,Q3-Q1,49.03397019931532,42.82760889012536,0.0,-6.206361309189958,5.412854985072656,-16.81555707993236,4.402834461552446
PER,escs_h,1,PER,both cycles,Q4-Q1,84.01823559818604,76.45377777912728,0.0,-7.5644578190587595,6.387461858294974,-20.083883061316907,4.954967423199388
PER,escs_h,1,PER,both cycles,Q3-Q2,24.63391315986729,22.18807968822722,0.0,-2.4458334716400714,4.692237672799042,-11.642619310326193,6.75095236704605
PER,escs_h,1,PER,both cycles,Q4-Q2,59.61817855873801,55.81424857722914,0.0,-3.8039299815088725,6.3049319414837965,-16.16159658681711,8.553736623799368
PER,escs_h,1,PER,both cycles,Q4-Q3,34.98426539887072,33.62616888900192,0.0,-1.3580965098688011,6.143317390047429,-13.39899859436176,10.682805574624158
URY,escs_h,1,URY,both cycles,Q1,372.52992978468683,367.3113502067439,1.22,-5.218579577942933,4.0660448996048295,-13.188027581168399,2.7508684252825333
URY,escs_h,1,URY,both cycles,Q2,392.7349309722378,392.7935944695287,1.22,0.05866349729092235,4.510734496112876,-8.782376115090315,8.89970310967216
URY,escs_h,1,URY,both cycles,Q3,414.6681647163012,411.70880408494395,1.22,-2.9593606313572423,4.340250720479137,-11.46625204349635,5.547530780781866
URY,escs_h,1,URY,both cycles,Q4,460.9317544342142,463.93810186783213,1.22,3.0063474336179183,5.41837355411292,-7.613664732443404,13.62635959967924
URY,escs_h,1,URY,both cycles,Q2-Q1,20.205001187550977,25.482244262784832,0.0,5.277243075233855,5.149737134450034,-4.816241708288212,15.370727858755922
URY,escs_h,1,URY,both cycles,Q3-Q1,42.13823493161436,44.397453878200054,0.0,2.2592189465856904,4.752808804237964,-7.0562863097207185,11.5747242028921
URY,escs_h,1,URY,both cycles,Q4-Q1,88.40182464952738,96.62675166108824,0.0,8.224927011560851,6.24777719958485,-4.020716299625455,20.470570322747157
URY,escs_h,1,URY,both cycles,Q3-Q2,21.933233744063386,18.915209615415222,0.0,-3.0180241286481646,5.025239007371911,-12.86749258309711,6.831444325800781
URY,escs_h,1,URY,both cycles,Q4-Q2,68.19682346197641,71.1445073983034,0.0,2.947683936326996,6.277827117791416,-9.35685721454418,15.252225087198171
URY,escs_h,1,URY,both cycles,Q4-Q3,46.26358971791302,52.22929778288818,0.0,5.965708064975161,6.161449384274406,-6.1107327282026755,18.042148858153
LATAM7,escs_h,7,"ARG,BRA,CHL,COL,MEX,PER,URY",both cycles,Q1,361.19536327601566,355.70370125021174,1.22,-5.491662025803919,1.8368649354421336,-9.0919172992705,-1.8914067523373372
LATAM7,escs_h,7,"ARG,BRA,CHL,COL,MEX,PER,URY",both cycles,Q2,379.7198187529774,376.07940376503,1.22,-3.640414987947395,1.975763689629104,-7.512911819620438,0.23208184372564888
LATAM7,escs_h,7,"ARG,BRA,CHL,COL,MEX,PER,URY",both cycles,Q3,398.04870855238636,394.3297894977416,1.22,-3.7189190546447435,2.1064796423363275,-7.8476191536239455,0.4097810443344585
LATAM7,escs_h,7,"ARG,BRA,CHL,COL,MEX,PER,URY",both cycles,Q4,435.02162132977656,435.2389924428353,1.22,0.21737111305873213,2.650367611556194,-4.977349405591408,5.412091631708872
LATAM7,escs_h,7,"ARG,BRA,CHL,COL,MEX,PER,URY",both cycles,Q2-Q1,18.524455476961748,20.375702514818272,0.0,1.851247037856524,1.6847344933065518,-1.4508325690243176,5.153326644737366
LATAM7,escs_h,7,"ARG,BRA,CHL,COL,MEX,PER,URY",both cycles,Q3-Q1,36.8533452763707,38.62608824752988,0.0,1.7727429711591753,1.9106735975895721,-1.972177280116386,5.517663222434736
LATAM7,escs_h,7,"ARG,BRA,CHL,COL,MEX,PER,URY",both cycles,Q4-Q1,73.82625805376091,79.53529119262356,0.0,5.709033138862651,2.6482358562684034,0.5184908605765806,10.899575417148721
LATAM7,escs_h,7,"ARG,BRA,CHL,COL,MEX,PER,URY",both cycles,Q3-Q2,18.328889799408955,18.250385732711607,0.0,-0.07850406669734866,1.7084849190288254,-3.4271345079938462,3.270126374599149
LATAM7,escs_h,7,"ARG,BRA,CHL,COL,MEX,PER,URY",both cycles,Q4-Q2,55.30180257679916,59.15958867780529,0.0,3.857786101006127,2.4677755269628037,-0.9790539318409683,8.694626133853223
LATAM7,escs_h,7,"ARG,BRA,CHL,COL,MEX,PER,URY",both cycles,Q4-Q3,36.972912777390206,40.90920294509368,0.0,3.9362901677034756,2.3442880553229464,-0.6585144207294995,8.53109475613645
ARG,homepos,1,ARG,both cycles,Q1,338.7818480512122,337.8517730990177,1.22,-0.9300749521945022,4.449969928284902,-9.65201601163291,7.791866107243905
ARG,homepos,1,ARG,both cycles,Q2,367.1932396149292,355.88316870702533,1.22,-11.310070907903878,4.5263238605939895,-20.181665674668096,-2.438476141139658
ARG,homepos,1,ARG,both cycles,Q3,390.21397266835044,377.09964295241855,1.22,-13.114329715931888,4.686898406044465,-22.30065059177904,-3.928008840084736
ARG,homepos,1,ARG,both cycles,Q4,414.3519549979313,405.02563888189553,1.22,-9.326316116035741,6.553403544122092,-22.17098706251504,3.518354830443558
ARG,homepos,1,ARG,both cycles,Q2-Q1,28.411391563717018,18.031395608007642,0.0,-10.379995955709376,4.281533030951662,-18.771800696374633,-1.988191215044118
ARG,homepos,1,ARG,both cycles,Q3-Q1,51.43212461713824,39.24786985340086,0.0,-12.184254763737385,5.2099786742422705,-22.395812965252233,-1.972696562222536
ARG,homepos,1,ARG,both cycles,Q4-Q1,75.57010694671908,67.17386578287784,0.0,-8.396241163841239,7.064042749276201,-22.241764952422592,5.449282624740114
ARG,homepos,1,ARG,both cycles,Q3-Q2,23.020733053421225,21.216474245393215,0.0,-1.8042588080280098,4.445241026618452,-10.516931220200174,6.908413604144155
ARG,homepos,1,ARG,both cycles,Q4-Q2,47.15871538300206,49.1424701748702,0.0,1.9837547918681366,6.681725874694028,-11.112427922532158,15.07993750626843
ARG,homepos,1,ARG,both cycles,Q4-Q3,24.137982329580836,27.925995929476983,0.0,3.7880135998961464,5.754307407535652,-7.490428918873732,15.066456118666025
BRA,homepos,1,BRA,both cycles,Q1,341.7167759405264,343.4995455111046,1.22,1.782769570578182,2.7492733292859155,-3.6058061548222122,7.171345295978576
BRA,homepos,1,BRA,both cycles,Q2,361.19966786747045,359.86946190445985,1.22,-1.3302059630105987,2.899373468902686,-7.012977962059863,4.352566036038666
BRA,homepos,1,BRA,both cycles,Q3,385.83945422885483,386.3058156126557,1.22,0.4663613838008587,3.834543525586485,-7.0493439263486515,7.982066693950369
BRA,homepos,1,BRA,both cycles,Q4,427.2814146180591,422.86284073982534,1.22,-4.418573878233758,5.02837108386903,-14.274181202617056,5.43703344614954
BRA,homepos,1,BRA,both cycles,Q2-Q1,19.482891926944035,16.369916393355254,0.0,-3.1129755335887808,2.885518725260467,-8.768592235099296,2.542641167921735
BRA,homepos,1,BRA,both cycles,Q3-Q1,44.122678288328416,42.80627010155109,0.0,-1.3164081867773234,3.8843185221709757,-8.929672490232436,6.296856116677789
BRA,homepos,1,BRA,both cycles,Q4-Q1,85.56463867753268,79.36329522872074,0.0,-6.20134344881194,5.264091802698651,-16.518963382101298,4.116276484477416
BRA,homepos,1,BRA,both cycles,Q3-Q2,24.63978636138438,26.43635370819584,0.0,1.7965673468114574,3.368130087980881,-4.804967625631069,8.398102319253983
BRA,homepos,1,BRA,both cycles,Q4-Q2,66.08174675058865,62.99337883536549,0.0,-3.0883679152231593,4.990083357108438,-12.868931295155699,6.69219546470938
BRA,homepos,1,BRA,both cycles,Q4-Q3,41.44196038920427,36.55702512716965,0.0,-4.884935262034617,4.7905478679550555,-14.274409083226525,4.504538559157291
CHL,homepos,1,CHL,both cycles,Q1,378.34203966360235,380.638444230853,1.22,2.2964045672506472,4.10402910605495,-5.747492480617055,10.34030161511835
CHL,homepos,1,CHL,both cycles,Q2,404.04455492773525,396.49255140035416,1.22,-7.552003527381089,4.54205724896753,-16.45443573535745,1.3504286805952699
CHL,homepos,1,CHL,both cycles,Q3,421.03888494988206,407.5954674959838,1.22,-13.443417453898235,4.7981489286285335,-22.84778935401016,-4.039045553786309
CHL,homepos,1,CHL,both cycles,Q4,449.656870528859,431.88276126951797,1.22,-17.774109259341003,5.062347720693405,-27.696310791900075,-7.8519077267819295
CHL,homepos,1,CHL,both cycles,Q2-Q1,25.7025152641329,15.854107169501162,0.0,-9.848408094631736,4.7997993116627065,-19.25601474549064,-0.44080144377283226
CHL,homepos,1,CHL,both cycles,Q3-Q1,42.69684528627971,26.95702326513083,0.0,-15.739822021148882,5.339935421682049,-26.206095447645698,-5.273548594652066
CHL,homepos,1,CHL,both cycles,Q4-Q1,71.31483086525662,51.244317038664974,0.0,-20.07051382659165,5.9384519633691255,-31.709879674795136,-8.431147978388164
CHL,homepos,1,CHL,both cycles,Q3-Q2,16.994330022146812,11.102916095629666,0.0,-5.891413926517146,5.435661765888324,-16.54531098765826,4.762483134623968
CHL,homepos,1,CHL,both cycles,Q4-Q2,45.612315601123726,35.39020986916381,0.0,-10.222105731959914,5.5538957343581155,-21.10774137130182,0.6635299073819922
CHL,homepos,1,CHL,both cycles,Q4-Q3,28.617985578976914,24.287293773534145,0.0,-4.330691805442768,5.531459226857753,-15.172351890083965,6.510968279198428
COL,homepos,1,COL,both cycles,Q1,345.054323691981,348.11236911872385,1.22,3.058045426742865,4.072110989573608,-4.923292112821407,11.039382966307137
COL,homepos,1,COL,both cycles,Q2,366.4046636703896,368.14295221569745,1.22,1.738288545307853,4.981764864133293,-8.0259705883934,11.502547679009107
COL,homepos,1,COL,both cycles,Q3,391.7630618812412,390.7331957846096,1.22,-1.0298660966315651,6.1580606164244225,-13.099664904823433,11.039932711560303
COL,homepos,1,COL,both cycles,Q4,431.6554415291657,422.81803331041317,1.22,-8.837408218752557,7.327382321442074,-23.19907756877902,5.5242611312739065
COL,homepos,1,COL,both cycles,Q2-Q1,21.350339978408613,20.0305830969736,0.0,-1.319756881435012,4.824543967039035,-10.77586305683152,8.136349293961496
COL,homepos,1,COL,both cycles,Q3-Q1,46.7087381892602,42.62082666588577,0.0,-4.08791152337443,6.450742970628053,-16.731367745805414,8.555544699056552
COL,homepos,1,COL,both cycles,Q4-Q1,86.60111783718474,74.70566419168932,0.0,-11.895453645495422,8.216373432980857,-27.9995455741379,4.208638283147057
COL,homepos,1,COL,both cycles,Q3-Q2,25.35839821085159,22.59024356891217,0.0,-2.768154641939418,4.725299646779184,-12.029741949626619,6.4934326657477826
COL,homepos,1,COL,both cycles,Q4-Q2,65.25077785877613,54.67508109471572,0.0,-10.57569676406041,7.048713605904606,-24.391175431633435,3.2397819035126165
COL,homepos,1,COL,both cycles,Q4-Q3,39.89237964792454,32.08483752580355,0.0,-7.807542122120992,6.429794074233008,-20.40993850761769,4.794854263375704
MEX,homepos,1,MEX,both cycles,Q1,362.52430085757976,364.69867732152625,1.22,2.174376463946487,3.71655549867374,-5.110072313454044,9.458825241347018
MEX,homepos,1,MEX,both cycles,Q2,387.76300875217964,381.311939081608,1.22,-6.4510696705716555,3.943701130376387,-14.180723886109373,1.2785845449660629
MEX,homepos,1,MEX,both cycles,Q3,402.6170938764157,395.57203481591444,1.22,-7.0450590605012735,4.0376158231714525,-14.95878607391732,0.8686679529147732
MEX,homepos,1,MEX,both cycles,Q4,427.6414080368178,409.8835785529592,1.22,-17.757829483858586,5.689052081229569,-28.908371563068542,-6.6072874046486305
MEX,homepos,1,MEX,both cycles,Q2-Q1,25.238707894599884,16.61326176008174,0.0,-8.625446134518143,4.158541350629798,-16.776187181752547,-0.4747050872837395
MEX,homepos,1,MEX,both cycles,Q3-Q1,40.09279301883595,30.873357494388188,0.0,-9.21943552444776,4.443083426092349,-17.927879039588763,-0.5109920093067579
MEX,homepos,1,MEX,both cycles,Q4-Q1,65.11710717923802,45.184901231432946,0.0,-19.932205947805073,6.279646131728561,-32.24031236599305,-7.624099529617094
MEX,homepos,1,MEX,both cycles,Q3-Q2,14.854085124236065,14.260095734306447,0.0,-0.593989389929618,4.0947034717614645,-8.619608194582089,7.4316294147228525
MEX,homepos,1,MEX,both cycles,Q4-Q2,39.878399284638135,28.571639471351205,0.0,-11.30675981328693,5.484132113114647,-22.05565875499164,-0.5578608715822231
MEX,homepos,1,MEX,both cycles,Q4-Q3,25.02431416040207,14.311543737044758,0.0,-10.712770423357313,5.209630726866944,-20.923646648016522,-0.5018941986981016
PER,homepos,1,PER,both cycles,Q1,353.6244612467249,350.8882151841791,1.22,-2.7362460625457743,3.9844428527388436,-10.545754053913907,5.073261928822359
PER,homepos,1,PER,both cycles,Q2,374.0999452847544,370.9995860641637,1.22,-3.1003592205907466,4.964524251598329,-12.830826753723471,6.630108312541978
PER,homepos,1,PER,both cycles,Q3,405.01437625782,394.3693245967284,1.22,-10.6450516610916,5.435031171316007,-21.297712756870972,0.007609434687774197
PER,homepos,1,PER,both cycles,Q4,433.2526284322615,415.4734193308324,1.22,-17.779209101429046,5.642172097962734,-28.837866413436004,-6.720551789422087
PER,homepos,1,PER,both cycles,Q2-Q1,20.47548403802955,20.111370879984577,0.0,-0.36411315804497235,4.761698584819521,-9.697042384291233,8.968816068201289
PER,homepos,1,PER,both cycles,Q3-Q1,51.38991501109513,43.4811094125493,0.0,-7.908805598545825,5.794480266477186,-19.265986920841108,3.448375723749459
PER,homepos,1,PER,both cycles,Q4-Q1,79.6281671855366,64.58520414665333,0.0,-15.042963038883272,6.273681033814584,-27.339377865159854,-2.7465482126066885
PER,homepos,1,PER,both cycles,Q3-Q2,30.914430973065578,23.369738532564725,0.0,-7.544692440500853,5.029880071612506,-17.403257380861362,2.3138724998596576
PER,homepos,1,PER,both cycles,Q4-Q2,59.15268314750705,44.47383326666875,0.0,-14.6788498808383,6.418449082864147,-27.25901008325203,-2.098689678424572
PER,homepos,1,PER,both cycles,Q4-Q3,28.23825217444147,21.104094734104024,0.0,-7.134157440337447,6.167833868861435,-19.223111823305857,4.954796942630965
URY,homepos,1,URY,both cycles,Q1,362.1229857946552,376.4059278050432,1.22,14.282942010387956,4.520153596247494,5.423440961742868,23.14244305903304
URY,homepos,1,URY,both cycles,Q2,397.63252364718227,394.1926342276094,1.22,-3.4398894195728644,3.993094542362882,-11.266354722604113,4.3865758834583835
URY,homepos,1,URY,both cycles,Q3,419.40397603248914,412.57993766869686,1.22,-6.824038363792283,4.458184937083288,-15.562080840475527,1.9140041128909608
URY,homepos,1,URY,both cycles,Q4,456.4832584548323,440.4028492658641,1.22,-16.08040918896819,5.05807894092331,-25.994243913177876,-6.166574464758503
URY,homepos,1,URY,both cycles,Q2-Q1,35.509537852527046,17.786706422566226,0.0,-17.72283142996082,4.88221420283337,-27.291971267514224,-8.153691592407416
URY,homepos,1,URY,both cycles,Q3-Q1,57.28099023783392,36.17400986365368,0.0,-21.10698037418024,5.117308512123467,-31.136905057942233,-11.077055690418245
URY,homepos,1,URY,both cycles,Q4-Q1,94.36027266017709,63.99692146082094,0.0,-30.363351199356146,6.246076769578324,-42.60566166772966,-18.121040730982628
URY,homepos,1,URY,both cycles,Q3-Q2,21.771452385306873,18.387303441087454,0.0,-3.384148944219419,4.897342099259152,-12.982939458767357,6.214641570328519
URY,homepos,1,URY,both cycles,Q4-Q2,58.85073480765004,46.21021503825472,0.0,-12.640519769395326,5.7667742731964395,-23.943397344860347,-1.3376421939303036
URY,homepos,1,URY,both cycles,Q4-Q3,37.07928242234317,27.822911597167263,0.0,-9.256370825175907,5.618953663731538,-20.26952000608972,1.7567783557379073
LATAM7,homepos,7,"ARG,BRA,CHL,COL,MEX,PER,URY",both cycles,Q1,354.5952478923259,357.4421360386354,1.22,2.8468881463094817,1.88126660096627,-0.8403943915844074,6.534170684203371
LATAM7,homepos,7,"ARG,BRA,CHL,COL,MEX,PER,URY",both cycles,Q2,379.7625148235201,375.270327657274,1.22,-4.49218716624614,1.984630346973394,-8.382062646313992,-0.6023116861782878
LATAM7,homepos,7,"ARG,BRA,CHL,COL,MEX,PER,URY",both cycles,Q3,402.2701171278648,394.89363127528674,1.22,-7.376485852578071,2.1468762438643862,-11.584363290552268,-3.1686084146038738
LATAM7,homepos,7,"ARG,BRA,CHL,COL,MEX,PER,URY",both cycles,Q4,434.3318537997038,421.19273162161534,1.22,-13.139122178088485,2.4737226843634335,-17.987618639440814,-8.290625716736155
LATAM7,homepos,7,"ARG,BRA,CHL,COL,MEX,PER,URY",both cycles,Q2-Q1,25.167266931194206,17.828191618638584,0.0,-7.339075312555622,1.6707281586855,-10.613702503579201,-4.064448121532042
LATAM7,homepos,7,"ARG,BRA,CHL,COL,MEX,PER,URY",both cycles,Q3-Q1,47.67486923553889,37.45149523665134,0.0,-10.223373998887553,1.9787784401588804,-14.101779741598959,-6.344968256176147
LATAM7,homepos,7,"ARG,BRA,CHL,COL,MEX,PER,URY",both cycles,Q4-Q1,79.7366059073779,63.75059558297994,0.0,-15.986010324397967,2.4668904281794304,-20.82111556362965,-11.150905085166283
LATAM7,homepos,7,"ARG,BRA,CHL,COL,MEX,PER,URY",both cycles,Q3-Q2,22.507602304344687,19.623303618012756,0.0,-2.884298686331931,1.7439668209311223,-6.3024736553569305,0.5338762826930687
LATAM7,homepos,7,"ARG,BRA,CHL,COL,MEX,PER,URY",both cycles,Q4-Q2,54.5693389761837,45.922403964341356,0.0,-8.646935011842345,2.2794753830877426,-13.11470676269432,-4.17916326099037
LATAM7,homepos,7,"ARG,BRA,CHL,COL,MEX,PER,URY",both cycles,Q4-Q3,32.061736671839014,26.2991003463286,0.0,-5.762636325510414,2.141693793021969,-9.960356159833474,-1.564916491187355
ARG,homepos_h,1,ARG,both cycles,Q1,346.5416893846853,337.7242451730623,1.22,-8.817444211623013,4.302085187270113,-17.249531178672434,-0.38535724457359066
ARG,homepos_h,1,ARG,both cycles,Q2,369.40294579597946,356.39222417089957,1.22,-13.010721625079896,4.585387701788494,-21.998081520585345,-4.023361729574448
ARG,homepos_h,1,ARG,both cycles,Q3,391.5796273214638,379.6912285953663,1.22,-11.888398726097535,4.983467443596063,-21.65599491554582,-2.1208025366492507
ARG,homepos_h,1,ARG,both cycles,Q4,412.7854870296302,412.33946346537016,1.22,-0.446023564260031,6.318077677099436,-12.829455811374926,11.937408682854864
ARG,homepos_h,1,ARG,both cycles,Q2-Q1,22.861256411294164,18.66797899783728,0.0,-4.193277413456883,4.483768786216227,-12.981464234440688,4.594909407526922
ARG,homepos_h,1,ARG,both cycles,Q3-Q1,45.03793793677852,41.966983422304,0.0,-3.070954514474522,5.562783598529638,-13.974010367592612,7.832101338643568
ARG,homepos_h,1,ARG,both cycles,Q4-Q1,66.24379764494489,74.61521829230787,0.0,8.371420647362982,7.138722808583052,-5.620476057459799,22.36331735218576
ARG,homepos_h,1,ARG,both cycles,Q3-Q2,22.176681525484355,23.299004424466716,0.0,1.122322898982361,5.003855773787971,-8.685234417642063,10.929880215606785
ARG,homepos_h,1,ARG,both cycles,Q4-Q2,43.38254123365073,55.94723929447059,0.0,12.564698060819865,6.307089387700516,0.2028028609268535,24.926593260712878
ARG,homepos_h,1,ARG,both cycles,Q4-Q3,21.205859708166372,32.648234870003876,0.0,11.442375161837504,5.6345426191328585,0.3986716283371017,22.486078695337905
BRA,homepos_h,1,BRA,both cycles,Q1,346.1474257693575,341.93062968141146,1.22,-4.2167960879460225,2.7436518692173553,-9.594353751612038,1.1607615757199934
BRA,homepos_h,1,BRA,both cycles,Q2,362.9189674667263,360.4558850530483,1.22,-2.4630824136780234,3.2005627662221197,-8.736185435473377,3.8100206081173313
BRA,homepos_h,1,BRA,both cycles,Q3,390.271178785856,390.15349108456496,1.22,-0.11768770129106088,3.8545100744488723,-7.67252744721085,7.4371520446287285
BRA,homepos_h,1,BRA,both cycles,Q4,427.4323553038109,426.8566921375067,1.22,-0.5756631663041958,4.996984288379043,-10.36975237152712,9.218426038918729
BRA,homepos_h,1,BRA,both cycles,Q2-Q1,16.771541697368832,18.52525537163683,0.0,1.753713674267999,3.1266354759904864,-4.3744918586733545,7.881919207209353
BRA,homepos_h,1,BRA,both cycles,Q3-Q1,44.12375301649854,48.2228614031535,0.0,4.099108386654962,4.122327297994261,-3.980653117413789,12.178869890723712
BRA,homepos_h,1,BRA,both cycles,Q4-Q1,81.2849295344534,84.92606245609522,0.0,3.6411329216418267,5.318249596810432,-6.78263628810662,14.064902131390273
BRA,homepos_h,1,BRA,both cycles,Q3-Q2,27.352211319129708,29.69760603151667,0.0,2.3453947123869625,3.6388438028604835,-4.786739141219585,9.47752856599351
BRA,homepos_h,1,BRA,both cycles,Q4-Q2,64.51338783708457,66.40080708445839,0.0,1.8874192473738276,5.198229963440334,-8.301111480969228,12.075949975716883
BRA,homepos_h,1,BRA,both cycles,Q4-Q3,37.16117651795486,36.70320105294172,0.0,-0.4579754650131349,4.662280899576381,-9.596046028182842,8.680095098156572
CHL,homepos_h,1,CHL,both cycles,Q1,382.1419965686742,375.8199928880359,1.22,-6.322003680638261,4.171376657150534,-14.497901928653308,1.853894567376786
CHL,homepos_h,1,CHL,both cycles,Q2,407.7015965928094,396.78502799782234,1.22,-10.91656859498704,5.1581836703090715,-21.02660858879282,-0.8065286011812614
CHL,homepos_h,1,CHL,both cycles,Q3,421.87167637686326,408.63818884602705,1.22,-13.233487530836214,4.531336850356932,-22.114907757535804,-4.352067304136627
CHL,homepos_h,1,CHL,both cycles,Q4,443.14243919939565,438.3899786369666,1.22,-4.752460562429064,4.94064598446212,-14.436126691974819,4.93120556711669
CHL,homepos_h,1,CHL,both cycles,Q2-Q1,25.559600024135193,20.965035109786413,0.0,-4.59456491434878,5.533986823230359,-15.441179087880283,6.252049259182723
CHL,homepos_h,1,CHL,both cycles,Q3-Q1,39.729679808189076,32.81819595799112,0.0,-6.911483850197953,5.579394678098314,-17.847097419270646,4.024129718874741
CHL,homepos_h,1,CHL,both cycles,Q4-Q1,61.000442630721466,62.56998574893066,0.0,1.5695431182091966,5.977737799921606,-10.146822969637151,13.285909206055544
CHL,homepos_h,1,CHL,both cycles,Q3-Q2,14.170079784053883,11.853160848204709,0.0,-2.3169189358491735,5.318120180087623,-12.740434488820915,8.106596617122568
CHL,homepos_h,1,CHL,both cycles,Q4-Q2,35.44084260658627,41.60495063914425,0.0,6.1641080325579765,5.6691268429275965,-4.947380579580113,17.275596644696066
CHL,homepos_h,1,CHL,both cycles,Q4-Q3,21.27076282253239,29.75178979093954,0.0,8.48102696840715,5.767876189074895,-2.824010362179644,19.786064298993942
COL,homepos_h,1,COL,both cycles,Q1,351.73789852914706,349.69931946392217,1.22,-2.0385790652248943,3.953636380470503,-9.787706370947081,5.710548240497292
COL,homepos_h,1,COL,both cycles,Q2,365.75426241963726,365.40895850075503,1.22,-0.3453039188822231,4.951899677512475,-10.051027286806674,9.360419449042228
COL,homepos_h,1,COL,both cycles,Q3,392.2427596194863,393.62223542137116,1.22,1.379475801884837,6.741977437956574,-11.834799976510046,14.59375158027972
COL,homepos_h,1,COL,both cycles,Q4,430.4581898246248,425.1388566493027,1.22,-5.319333175322129,7.0294014313589095,-19.09695998078559,8.458293630141334
COL,homepos_h,1,COL,both cycles,Q2-Q1,14.016363890490197,15.709639036832868,0.0,1.6932751463426712,4.748179641977935,-7.613156951934082,10.999707244619424
COL,homepos_h,1,COL,both cycles,Q3-Q1,40.50486109033926,43.92291595744899,0.0,3.4180548671097313,6.729893912436931,-9.772537201266653,16.608646935486114
COL,homepos_h,1,COL,both cycles,Q4-Q1,78.72029129547775,75.43953718538052,0.0,-3.2807541100972344,7.663415175250621,-18.30104785358845,11.739539633393981
COL,homepos_h,1,COL,both cycles,Q3-Q2,26.488497199849064,28.213276920616124,0.0,1.72477972076706,5.592516091033025,-9.23655181765767,12.68611125919179
COL,homepos_h,1,COL,both cycles,Q4-Q2,64.70392740498755,59.72989814854765,0.0,-4.974029256439906,7.249661893686593,-19.18336656806563,9.235308055185817
COL,homepos_h,1,COL,both cycles,Q4-Q3,38.21543020513849,31.516621227931523,0.0,-6.698808977206966,7.023171242498697,-20.46422461250441,7.06660665809048
MEX,homepos_h,1,MEX,both cycles,Q1,367.9527623589291,361.457865250335,1.22,-6.4948971085941025,3.5579578411383155,-13.4684944772252,0.4787002600369954
MEX,homepos_h,1,MEX,both cycles,Q2,386.74398280578464,381.66195142880053,1.22,-5.082031376984105,4.18841109039556,-13.291317114159401,3.1272543601911913
MEX,homepos_h,1,MEX,both cycles,Q3,406.0032635615874,396.4765571382198,1.22,-9.526706423367614,4.381296862209821,-18.114048273298863,-0.9393645734363645
MEX,homepos_h,1,MEX,both cycles,Q4,423.29880820897296,413.79304592843266,1.22,-9.505762280540296,5.3503866548944155,-19.99252012413335,0.9809955630527583
MEX,homepos_h,1,MEX,both cycles,Q2-Q1,18.79122044685556,20.20408617846556,0.0,1.4128657316099975,4.402642575264915,-7.216313715909235,10.04204517912923
MEX,homepos_h,1,MEX,both cycles,Q3-Q1,38.050501202658324,35.01869188788481,0.0,-3.0318093147735112,4.725825845913025,-12.29442797276304,6.230809343216018
MEX,homepos_h,1,MEX,both cycles,Q4-Q1,55.34604585004388,52.335180678097686,0.0,-3.010865171946193,6.0886190079012605,-14.944558427432664,8.922828083540278
MEX,homepos_h,1,MEX,both cycles,Q3-Q2,19.259280755802763,14.814605709419254,0.0,-4.444675046383509,4.22056101458363,-12.716974634967425,3.8276245422004074
MEX,homepos_h,1,MEX,both cycles,Q4-Q2,36.55482540318832,32.13109449963213,0.0,-4.423730903556191,5.669043519708357,-15.535056202184569,6.687594395072187
MEX,homepos_h,1,MEX,both cycles,Q4-Q3,17.295544647385555,17.316488790212873,0.0,0.020944142827318046,4.941620628306097,-9.664632288652632,9.706520574307268
PER,homepos_h,1,PER,both cycles,Q1,357.87177405810274,350.80886198418705,1.22,-7.062912073915697,4.189721126508283,-15.274765481871933,1.148941334040538
PER,homepos_h,1,PER,both cycles,Q2,376.9591712213834,368.81825666513487,1.22,-8.140914556248504,4.602739768694367,-17.162284502889463,0.8804553903924557
PER,homepos_h,1,PER,both cycles,Q3,403.9984820689286,395.59310706291836,1.22,-8.405375006010217,5.474140537398906,-19.134690459312075,2.3239404472916387
PER,homepos_h,1,PER,both cycles,Q4,433.209517490334,420.3029897259768,1.22,-12.906527764357236,5.53292863752937,-23.7510678939148,-2.061987634799671
PER,homepos_h,1,PER,both cycles,Q2-Q1,19.087397163280627,18.00939468094782,0.0,-1.0780024823328063,4.563747441978823,-10.0229474686113,7.866942503945687
PER,homepos_h,1,PER,both cycles,Q3-Q1,46.12670801082584,44.78424507873132,0.0,-1.34246293209452,5.521210068798308,-12.164034666939203,9.479108802750163
PER,homepos_h,1,PER,both cycles,Q4-Q1,75.33774343223126,69.49412774178973,0.0,-5.843615690441538,5.995287787328702,-17.594379753605793,5.907148372722718
PER,homepos_h,1,PER,both cycles,Q3-Q2,27.03931084754521,26.774850397783496,0.0,-0.2644604497617138,5.420576132655621,-10.888789669766732,10.359868770243304
PER,homepos_h,1,PER,both cycles,Q4-Q2,56.250346268950636,51.484733060841904,0.0,-4.765613208108732,6.501942810110915,-17.509421115926123,7.978194699708661
PER,homepos_h,1,PER,both cycles,Q4-Q3,29.211035421405427,24.70988266305841,0.0,-4.501152758347018,6.228016096929748,-16.708064308329327,7.705758791635288
URY,homepos_h,1,URY,both cycles,Q1,368.52587921543073,372.9703115004137,1.22,4.444432284982952,4.3186802864890845,-4.020181076535653,12.909045646501557
URY,homepos_h,1,URY,both cycles,Q2,400.5652257992666,394.60985755597596,1.22,-5.95536824329065,4.213400507779218,-14.213633238537916,2.3028967519566166
URY,homepos_h,1,URY,both cycles,Q3,422.5429592672805,416.9273892846069,1.22,-5.615569982673605,4.526279529867828,-14.48707786121455,3.255937895867339
URY,homepos_h,1,URY,both cycles,Q4,452.6744848240768,444.0281305243872,1.22,-8.646354299689563,4.984020188565814,-18.41503386927856,1.1223252698994326
URY,homepos_h,1,URY,both cycles,Q2-Q1,32.03934658383588,21.639546055562278,0.0,-10.399800528273602,4.892173963659461,-19.988461497046146,-0.8111395595010578
URY,homepos_h,1,URY,both cycles,Q3-Q1,54.017080051849746,43.95707778419319,0.0,-10.060002267656557,5.61766499670243,-21.07062566119332,0.9506211258802058
URY,homepos_h,1,URY,both cycles,Q4-Q1,84.14860560864605,71.05781902397354,0.0,-13.090786584672514,5.9961313091271204,-24.843203950561673,-1.3383692187833578
URY,homepos_h,1,URY,both cycles,Q3-Q2,21.977733468013867,22.31753172863091,0.0,0.33979826061704443,5.268069737144974,-9.985618424187104,10.665214945421193
URY,homepos_h,1,URY,both cycles,Q4-Q2,52.10925902481017,49.41827296841126,0.0,-2.6909860563989128,5.817412843413955,-14.093115229490264,8.711143116692439
URY,homepos_h,1,URY,both cycles,Q4-Q3,30.131525556796305,27.100741239780348,0.0,-3.030784317015957,5.389831314486804,-13.594853693410093,7.533285059378178
LATAM7,homepos_h,7,"ARG,BRA,CHL,COL,MEX,PER,URY",both cycles,Q1,360.1313465549038,355.7730322773382,1.22,-4.358314277565626,1.8650590236155846,-8.01382996385217,-0.70279859127908
LATAM7,homepos_h,7,"ARG,BRA,CHL,COL,MEX,PER,URY",both cycles,Q2,381.435164585941,374.8760230532052,1.22,-6.559141532735794,2.0273190111143378,-10.532686794519895,-2.5855962709516915
LATAM7,homepos_h,7,"ARG,BRA,CHL,COL,MEX,PER,URY",both cycles,Q3,404.07284957163796,397.3003139190106,1.22,-6.772535652627369,2.203158457719522,-11.090726229757632,-2.4543450754971055
LATAM7,homepos_h,7,"ARG,BRA,CHL,COL,MEX,PER,URY",both cycles,Q4,431.85732598297784,425.8355938668489,1.22,-6.021732116128931,2.4129904329421126,-10.751193364695471,-1.2922708675623902
LATAM7,homepos_h,7,"ARG,BRA,CHL,COL,MEX,PER,URY",both cycles,Q2-Q1,21.303818031037167,19.102990775867,0.0,-2.200827255170168,1.7331972958489128,-5.597893955034037,1.1962394446937012
LATAM7,homepos_h,7,"ARG,BRA,CHL,COL,MEX,PER,URY",both cycles,Q3-Q1,43.941503016734146,41.5272816416724,0.0,-2.414221375061743,2.063950102858453,-6.459563576664311,1.6311208265408252
LATAM7,homepos_h,7,"ARG,BRA,CHL,COL,MEX,PER,URY",both cycles,Q4-Q1,71.72597942807403,70.06256158951072,0.0,-1.663417838563305,2.401847805749476,-6.371039537832278,3.044203860705668
LATAM7,homepos_h,7,"ARG,BRA,CHL,COL,MEX,PER,URY",both cycles,Q3-Q2,22.63768498569698,22.424290865805403,0.0,-0.21339411989157497,1.8778338310130898,-3.893948428677231,3.467160188894081
LATAM7,homepos_h,7,"ARG,BRA,CHL,COL,MEX,PER,URY",both cycles,Q4-Q2,50.42216139703686,50.95957081364372,0.0,0.537409416606863,2.3024085656522115,-3.975311372071472,5.050130205285198
LATAM7,homepos_h,7,"ARG,BRA,CHL,COL,MEX,PER,URY",both cycles,Q4-Q3,27.78447641133988,28.53527994783832,0.0,0.750803536498438,2.158686034036541,-3.480221090213182,4.981828163210058
ARG,hisei_h,1,ARG,both cycles,Q1,350.72095221621385,348.8078677206957,1.22,-1.9130844955181487,4.313488562430646,-10.367522077882214,6.541353086845916
ARG,hisei_h,1,ARG,both cycles,Q2,369.8377695436001,371.4407419063969,1.22,1.6029723627968337,5.03771296397296,-8.270945046590167,11.476889772183835
ARG,hisei_h,1,ARG,both cycles,Q3,394.3551073793681,384.59415154139805,1.22,-9.760955837970073,5.125926038004681,-19.807770872459248,0.28585919651910174
ARG,hisei_h,1,ARG,both cycles,Q4,414.3014339938836,423.53766521007947,1.22,9.236231216195847,6.67579211764043,-3.8483213343793956,22.32078376677109
ARG,hisei_h,1,ARG,both cycles,Q2-Q1,19.11681732738623,22.632874185701212,0.0,3.5160568583149825,5.251562399723141,-6.777005445142374,13.809119161772339
ARG,hisei_h,1,ARG,both cycles,Q3-Q1,43.634155163154276,35.78628382070235,0.0,-7.847871342451924,5.422712380098118,-18.476387607444238,2.7806449225403878
ARG,hisei_h,1,ARG,both cycles,Q4-Q1,63.580481777669775,74.72979748938377,0.0,11.149315711713996,7.2195598977778515,-3.001021687930592,25.299653111358584
ARG,hisei_h,1,ARG,both cycles,Q3-Q2,24.517337835768046,13.15340963500114,0.0,-11.363928200766907,5.370337642859737,-21.889789980771994,-0.8380664207618214
ARG,hisei_h,1,ARG,both cycles,Q4-Q2,44.463664450283545,52.09692330368256,0.0,7.633258853399013,6.730596612166614,-5.558710506447548,20.825228213245573
ARG,hisei_h,1,ARG,both cycles,Q4-Q3,19.9463266145155,38.94351366868142,0.0,18.99718705416592,6.013541392822208,7.210645924234393,30.78372818409745
BRA,hisei_h,1,BRA,both cycles,Q1,354.9096905948246,359.96555477064317,1.22,5.055864175818556,2.699014774000282,-0.2342047812219974,10.345933132859109
BRA,hisei_h,1,BRA,both cycles,Q2,375.0027746059949,377.8088077200498,1.22,2.8060331140549124,2.9467108164465547,-2.969520086180335,8.58158631429016
BRA,hisei_h,1,BRA,both cycles,Q3,395.7282848077573,407.57146036780904,1.22,11.843175560051748,4.335570256491244,3.3454578573289098,20.340893262774586
BRA,hisei_h,1,BRA,both cycles,Q4,415.6758557129494,428.70444635432216,1.22,13.028590641372773,4.794733100416969,3.6309137645555136,22.42626751819003
BRA,hisei_h,1,BRA,both cycles,Q2-Q1,20.093084011170276,17.843252949406633,0.0,-2.2498310617636434,3.1517663247918053,-8.42729305835558,3.9276309348282945
BRA,hisei_h,1,BRA,both cycles,Q3-Q1,40.81859421293268,47.60590559716587,0.0,6.787311384233192,4.591422951185846,-2.211877600091066,15.78650036855745
BRA,hisei_h,1,BRA,both cycles,Q4-Q1,60.766165118124775,68.73889158367899,0.0,7.972726465554217,4.9497282611502404,-1.7287409263002544,17.67419385740869
BRA,hisei_h,1,BRA,both cycles,Q3-Q2,20.725510201762404,29.76265264775924,0.0,9.037142445996835,4.08533725132499,1.0298814333998543,17.044403458593816
BRA,hisei_h,1,BRA,both cycles,Q4-Q2,40.6730811069545,50.89563863427236,0.0,10.22255752731786,4.885697391749949,0.6465906394879593,19.79852441514776
BRA,hisei_h,1,BRA,both cycles,Q4-Q3,19.947570905192094,21.13298598651312,0.0,1.1854150813210254,4.434947232724191,-7.50708149481839,9.87791165746044
CHL,hisei_h,1,CHL,both cycles,Q1,395.8288684238822,383.22947872170425,1.22,-12.599389702177973,4.322715492404362,-21.071912067290523,-4.126867337065423
CHL,hisei_h,1,CHL,both cycles,Q2,403.91703282314717,399.3289590436702,1.22,-4.588073779476986,4.884491867744399,-14.161677840256006,4.985530281302035
CHL,hisei_h,1,CHL,both cycles,Q3,421.56865006681966,420.73672599912754,1.22,-0.831924067692114,5.110757841801197,-10.84900943762246,9.185161302238232
CHL,hisei_h,1,CHL,both cycles,Q4,450.1642085666607,447.97489244246543,1.22,-2.1893161241952726,4.5171922915593266,-11.043013015651553,6.664380767261008
CHL,hisei_h,1,CHL,both cycles,Q2-Q1,8.08816439926494,16.099480321965927,0.0,8.011315922700987,5.764921230309173,-3.287929688704992,19.310561534106967
CHL,hisei_h,1,CHL,both cycles,Q3-Q1,25.73978164293743,37.50724727742329,0.0,11.767465634485859,6.313917912822725,-0.6078134746466812,24.1427447436184
CHL,hisei_h,1,CHL,both cycles,Q4-Q1,54.33534014277848,64.74541372076118,0.0,10.4100735779827,5.8722807134893555,-1.0995966204564365,21.91974377642184
CHL,hisei_h,1,CHL,both cycles,Q3-Q2,17.65161724367249,21.40776695545736,0.0,3.7561497117848717,5.938533395641049,-7.883375743671586,15.395675167241329
CHL,hisei_h,1,CHL,both cycles,Q4-Q2,46.24717574351354,48.64593339879525,0.0,2.398757655281713,5.860263820300476,-9.08735943250722,13.884874743070647
CHL,hisei_h,1,CHL,both cycles,Q4-Q3,28.595558499841047,27.23816644333789,0.0,-1.3573920565031585,5.37194472180068,-11.886403711232491,9.171619598226174
COL,hisei_h,1,COL,both cycles,Q1,359.2964808061544,360.17106641111684,1.22,0.8745856049624194,4.083146266245056,-7.128381076877892,8.87755228680273
COL,hisei_h,1,COL,both cycles,Q2,373.86519107437965,379.02196549679985,1.22,5.156774422420199,4.6751529692906635,-4.006525397389501,14.320074242229898
COL,hisei_h,1,COL,both cycles,Q3,388.8722981703542,399.3573576560602,1.22,10.48505948570596,5.831688150958549,-0.9450492901727969,21.915168261584718
COL,hisei_h,1,COL,both cycles,Q4,420.1325862858953,422.2367561444572,1.22,2.1041698585619315,8.357145952874701,-14.275836209072484,18.484175926196347
COL,hisei_h,1,COL,both cycles,Q2-Q1,14.568710268225232,18.85089908568301,0.0,4.282188817457779,4.780557720568488,-5.087704314856458,13.652081949772017
COL,hisei_h,1,COL,both cycles,Q3-Q1,29.575817364199793,39.186291244943334,0.0,9.610473880743541,5.52782261887832,-1.2240584522579656,20.445006213745046
COL,hisei_h,1,COL,both cycles,Q4-Q1,60.836105479740866,62.06568973334038,0.0,1.229584253599512,8.74558413988948,-15.91176066058387,18.370929167782894
COL,hisei_h,1,COL,both cycles,Q3-Q2,15.007107095974561,20.335392159260323,0.0,5.328285063285762,5.709103212482881,-5.861557233180685,16.518127359752206
COL,hisei_h,1,COL,both cycles,Q4-Q2,46.267395211515634,43.21479064765737,0.0,-3.0526045638582673,8.547173771926992,-19.805065156835173,13.699856029118639
COL,hisei_h,1,COL,both cycles,Q4-Q3,31.260288115541073,22.879398488397044,0.0,-8.380889627144029,6.851604550922593,-21.81003454695231,5.048255292664253
MEX,hisei_h,1,MEX,both cycles,Q1,375.7156651634203,368.17933353904453,1.22,-7.536331624375748,3.8788714994325737,-15.138919763263592,0.06625651451209613
MEX,hisei_h,1,MEX,both cycles,Q2,386.8012808630327,384.48824601869546,1.22,-2.31303484433721,3.7618838512321773,-9.686327192752277,5.060257504077858
MEX,hisei_h,1,MEX,both cycles,Q3,405.893707773418,401.8499624337809,1.22,-4.043745339637098,4.465370916400137,-12.795872335781366,4.70838165650717
MEX,hisei_h,1,MEX,both cycles,Q4,417.6231275161414,413.874540069691,1.22,-3.748587446450358,5.048830461243865,-13.644295150488333,6.147120257587616
MEX,hisei_h,1,MEX,both cycles,Q2-Q1,11.08561569961239,16.308912479650928,0.0,5.223296780038538,4.429358376532798,-3.458245637965746,13.904839198042822
MEX,hisei_h,1,MEX,both cycles,Q3-Q1,30.178042609997703,33.67062889473635,0.0,3.4925862847386497,4.639564270015017,-5.600959684490782,12.586132253968081
MEX,hisei_h,1,MEX,both cycles,Q4-Q1,41.9074623527211,45.69520653064649,0.0,3.78774417792539,5.383159760331085,-6.763248952323536,14.338737308174316
MEX,hisei_h,1,MEX,both cycles,Q3-Q2,19.092426910385313,17.361716415085425,0.0,-1.7307104952998884,4.614787488432546,-10.775693972627678,7.3142729820279015
MEX,hisei_h,1,MEX,both cycles,Q4-Q2,30.821846653108707,29.38629405099556,0.0,-1.4355526021131482,4.842918914122553,-10.927673673793352,8.056568469567056
MEX,hisei_h,1,MEX,both cycles,Q4-Q3,11.729419742723394,12.024577635910134,0.0,0.29515789318674024,4.817026173557257,-9.146213406985483,9.736529193358963
PER,hisei_h,1,PER,both cycles,Q1,357.83322684226516,351.86941360373874,1.22,-5.963813238526427,5.283482746804614,-16.31943942226347,4.391812945210615
PER,hisei_h,1,PER,both cycles,Q2,379.67897771876005,376.14973401774876,1.22,-3.5292437010112963,4.192095398384707,-11.74575068184532,4.687263279822728
PER,hisei_h,1,PER,both cycles,Q3,398.7512031740281,396.96257569895755,1.22,-1.788627475070541,5.109516744367257,-11.803280294030364,8.226025343889281
PER,hisei_h,1,PER,both cycles,Q4,432.24762030720115,426.27861621546015,1.22,-5.969004091740999,5.5093783259933256,-16.767385610687917,4.82937742720592
PER,hisei_h,1,PER,both cycles,Q2-Q1,21.84575087649489,24.28032041401002,0.0,2.434569537515131,5.779286131187661,-8.892831279612684,13.761970354642946
PER,hisei_h,1,PER,both cycles,Q3-Q1,40.91797633176293,45.093162095218815,0.0,4.175185763455886,5.540789642698707,-6.6847619362335795,15.035133463145351
PER,hisei_h,1,PER,both cycles,Q4-Q1,74.41439346493598,74.40920261172141,0.0,-0.005190853214571689,6.402679693184971,-12.554443051857113,12.54406134542797
PER,hisei_h,1,PER,both cycles,Q3-Q2,19.07222545526804,20.812841681208795,0.0,1.7406162259407552,5.146860426180108,-8.347230209372256,11.828462661253766
PER,hisei_h,1,PER,both cycles,Q4-Q2,52.568642588441094,50.12888219771139,0.0,-2.4397603907297025,5.946675830792282,-14.095245019082576,9.21572423762317
PER,hisei_h,1,PER,both cycles,Q4-Q3,33.496417133173054,29.316040516502596,0.0,-4.180376616670458,5.49322348889202,-14.947094654898816,6.586341421557901
URY,hisei_h,1,URY,both cycles,Q1,378.3068084836679,379.43976008185496,1.22,1.1329515981870486,3.8878139161955856,-6.487163677556299,8.753066873930397
URY,hisei_h,1,URY,both cycles,Q2,395.3512380598566,391.3755678740305,1.22,-3.975670185826118,4.438013453594589,-12.674176554871513,4.722836183219277
URY,hisei_h,1,URY,both cycles,Q3,420.9045622224747,421.7927326401368,1.22,0.8881704176621383,4.393511317881536,-7.7231117653856725,9.49945260070995
URY,hisei_h,1,URY,both cycles,Q4,461.0675708829782,462.94763591627924,1.22,1.8800650333010367,5.005423767970956,-7.930565551922037,11.69069561852411
URY,hisei_h,1,URY,both cycles,Q2-Q1,17.04442957618869,11.935807792175524,0.0,-5.108621784013167,4.514949876576955,-13.957923542103998,3.740679974077665
URY,hisei_h,1,URY,both cycles,Q3-Q1,42.59775373880677,42.35297255828186,0.0,-0.24478118052491027,5.066897334408383,-10.17589995596534,9.68633759491552
URY,hisei_h,1,URY,both cycles,Q4-Q1,82.7607623993103,83.50787583442428,0.0,0.7471134351139881,5.731676997457708,-10.486973479903119,11.981200350131095
URY,hisei_h,1,URY,both cycles,Q3-Q2,25.553324162618082,30.41716476610634,0.0,4.863840603488256,4.616409202533331,-4.1843214334770735,13.912002640453586
URY,hisei_h,1,URY,both cycles,Q4-Q2,65.7163328231216,71.57206804224876,0.0,5.855735219127155,5.959327684166921,-5.824547041840011,17.536017480094323
URY,hisei_h,1,URY,both cycles,Q4-Q3,40.16300866050352,41.15490327614242,0.0,0.9918946156388984,5.37894825432557,-9.550843962839219,11.534633194117015
LATAM7,hisei_h,7,"ARG,BRA,CHL,COL,MEX,PER,URY",both cycles,Q1,367.5159560757755,364.5232106926855,1.22,-2.992745383089982,1.9263879071939531,-6.768465681190131,0.7829749150101661
LATAM7,hisei_h,7,"ARG,BRA,CHL,COL,MEX,PER,URY",both cycles,Q2,383.49346638411015,382.80200315391306,1.22,-0.6914632301970869,1.9882880031450658,-4.588507716361416,3.205581255967242
LATAM7,hisei_h,7,"ARG,BRA,CHL,COL,MEX,PER,URY",both cycles,Q3,403.72483051346,404.69499519103863,1.22,0.970164677578623,2.180915179956095,-3.3044290751353236,5.24475843029257
LATAM7,hisei_h,7,"ARG,BRA,CHL,COL,MEX,PER,URY",both cycles,Q4,430.1732004665299,432.2220789075364,1.22,2.0488784410064795,2.479357990636972,-2.8106632206419855,6.9084201026549446
LATAM7,hisei_h,7,"ARG,BRA,CHL,COL,MEX,PER,URY",both cycles,Q2-Q1,15.977510308334672,18.278792461227567,0.0,2.3012821528928953,1.8461472497351898,-1.317166456588077,5.9197307623738675
LATAM7,hisei_h,7,"ARG,BRA,CHL,COL,MEX,PER,URY",both cycles,Q3-Q1,36.20887443768453,40.171784498353134,0.0,3.962910060668605,2.0142791877668533,0.014922852645572693,7.910897268691638
LATAM7,hisei_h,7,"ARG,BRA,CHL,COL,MEX,PER,URY",both cycles,Q4-Q1,62.65724439075444,67.6988682148509,0.0,5.041623824096462,2.434512125473066,0.26998005816925286,9.81326759002367
LATAM7,hisei_h,7,"ARG,BRA,CHL,COL,MEX,PER,URY",both cycles,Q3-Q2,20.231364129349856,21.892992037125566,0.0,1.66162790777571,1.9298314136611339,-2.1208416630001126,5.444097478551532
LATAM7,hisei_h,7,"ARG,BRA,CHL,COL,MEX,PER,URY",both cycles,Q4-Q2,46.67973408241977,49.42007575362334,0.0,2.7403416712035664,2.35128382119595,-1.868174618340495,7.348857960747628
LATAM7,hisei_h,7,"ARG,BRA,CHL,COL,MEX,PER,URY",both cycles,Q4-Q3,26.448369953069914,27.52708371649777,0.0,1.0787137634278565,2.089556352849259,-3.016816688156691,5.174244215012404
ARG,pared_h,1,ARG,both cycles,Q1,352.05132438125776,350.00980332586795,1.22,-2.0415210553898078,4.838783907564295,-11.525537514215825,7.44249540343621
ARG,pared_h,1,ARG,both cycles,Q2,373.1998542171043,361.3691803916589,1.22,-11.830673825445388,3.9870533178269305,-19.645298328386172,-4.016049322504604
ARG,pared_h,1,ARG,both cycles,Q3,390.6438956783901,388.37529807968707,1.22,-2.2685975987030247,6.453570127204777,-14.917595048024388,10.380399850618339
ARG,pared_h,1,ARG,both cycles,Q4,395.69147525745086,399.04731352113765,1.22,3.355838263686792,5.261350084941118,-6.9564079027978,13.668084430171383
ARG,pared_h,1,ARG,both cycles,Q2-Q1,21.148529835846546,11.359377065790966,0.0,-9.78915277005558,4.7012404164004336,-19.00358398620043,-0.5747215539107309
ARG,pared_h,1,ARG,both cycles,Q3-Q1,38.59257129713234,38.36549475381912,0.0,-0.22707654331321692,6.0892892787194866,-12.16208352960341,11.707930442976977
ARG,pared_h,1,ARG,both cycles,Q4-Q1,43.640150876193104,49.037510195269704,0.0,5.3973593190766,6.2625557647358985,-6.877249979805761,17.67196861795896
ARG,pared_h,1,ARG,both cycles,Q3-Q2,17.444041461285792,27.006117688028155,0.0,9.562076226742363,5.68361830897256,-1.5778156588438534,20.70196811232858
ARG,pared_h,1,ARG,both cycles,Q4-Q2,22.49162104034656,37.67813312947874,0.0,15.18651208913218,5.450193847583299,4.504132147868914,25.868892030395443
ARG,pared_h,1,ARG,both cycles,Q4-Q3,5.047579579060766,10.672015441450583,0.0,5.6244358623898165,5.337709740324884,-4.837475228646957,16.08634695342659
BRA,pared_h,1,BRA,both cycles,Q1,352.9465295888574,343.7820636066999,1.22,-9.16446598215748,2.9369124761613876,-14.920814435433801,-3.408117528881161
BRA,pared_h,1,BRA,both cycles,Q2,379.26452548859163,376.5482927355355,1.22,-2.716232753056147,3.1477095563394335,-8.885743483481438,3.453277977369143
BRA,pared_h,1,BRA,both cycles,Q3,391.54334222900945,400.38276834285404,1.22,8.839426113844581,4.236050574203233,0.536766988406244,17.14208523928292
BRA,pared_h,1,BRA,both cycles,Q4,393.99076840638475,411.5112845891123,1.22,17.520516182727533,4.217571328028026,9.254076379792604,25.786955985662463
BRA,pared_h,1,BRA,both cycles,Q2-Q1,26.31799589973423,32.76622912883556,0.0,6.448233229101334,3.262625724386458,0.053486809303876726,12.84297964889879
BRA,pared_h,1,BRA,both cycles,Q3-Q1,38.59681264015205,56.600704736154114,0.0,18.003892096002062,4.406965045534264,9.366240606754905,26.641543585249217
BRA,pared_h,1,BRA,both cycles,Q4-Q1,41.044238817527344,67.72922098241236,0.0,26.684982164885014,4.691163630758602,17.490301448598153,35.879662881171875
BRA,pared_h,1,BRA,both cycles,Q3-Q2,12.278816740417824,23.834475607318552,0.0,11.555658866900728,4.137543996011012,3.446072634719144,19.665245099082313
BRA,pared_h,1,BRA,both cycles,Q4-Q2,14.726242917793115,34.962991853576796,0.0,20.23674893578368,4.172914977959706,12.057835578982658,28.415662292584702
BRA,pared_h,1,BRA,both cycles,Q4-Q3,2.4474261773752914,11.128516246258243,0.0,8.681090068882952,3.9287693787766558,0.980702086480707,16.381478051285196
CHL,pared_h,1,CHL,both cycles,Q1,394.2807219547145,380.2326606813655,1.22,-14.048061273349049,4.421314254613246,-22.713837212391013,-5.382285334307086
CHL,pared_h,1,CHL,both cycles,Q2,411.01223677455243,396.64142963756626,1.22,-14.370807136986173,4.4457967496807544,-23.08456876636045,-5.657045507611894
CHL,pared_h,1,CHL,both cycles,Q3,424.5365553605878,419.96697991864403,1.22,-4.569575441943755,4.571159799201441,-13.529048648378579,4.389897764491069
CHL,pared_h,1,CHL,both cycles,Q4,427.7707261298509,431.386004366418,1.22,3.6152782365670646,4.319602358553821,-4.851142386198424,12.081698859332553
CHL,pared_h,1,CHL,both cycles,Q2-Q1,16.731514819837912,16.408768956200788,0.0,-0.3227458636371239,4.748871158043982,-9.630533333403328,8.98504160612908
CHL,pared_h,1,CHL,both cycles,Q3-Q1,30.25583340587326,39.734319237278555,0.0,9.478485831405294,5.556230079452522,-1.4117251243216487,20.368696787132237
CHL,pared_h,1,CHL,both cycles,Q4-Q1,33.49000417513639,51.153343685052505,0.0,17.663339509916113,5.461044791354837,6.959691718860633,28.366987300971594
CHL,pared_h,1,CHL,both cycles,Q3-Q2,13.52431858603535,23.325550281077767,0.0,9.801231695042418,5.177832372500005,-0.3473197550575904,19.949783145142426
CHL,pared_h,1,CHL,both cycles,Q4-Q2,16.75848935529848,34.74457472885172,0.0,17.986085373553237,5.008325223917926,8.169767934674102,27.802402812432373
CHL,pared_h,1,CHL,both cycles,Q4-Q3,3.2341707692631303,11.41902444777395,0.0,8.18485367851082,4.512147526964991,-0.6589554743405639,17.028662831362205
COL,pared_h,1,COL,both cycles,Q1,361.9670342083565,355.0337550146065,1.22,-6.933279193749968,4.213477692147037,-15.191695470358159,1.3251370828582232
COL,pared_h,1,COL,both cycles,Q2,372.31424066824684,378.59836517737006,1.22,6.284124509123217,4.324325226298699,-2.1915529344222335,14.759801952668667
COL,pared_h,1,COL,both cycles,Q3,399.75866315226637,398.3887512184534,1.22,-1.3699119338129435,6.511837899226968,-14.133114216297802,11.393290348671915
COL,pared_h,1,COL,both cycles,Q4,401.77036724118824,415.1755448110024,1.22,13.405177569814157,7.043258116403035,-0.39960833833579024,27.209963477964102
COL,pared_h,1,COL,both cycles,Q2-Q1,10.347206459890344,23.56461016276353,0.0,13.217403702873185,4.616230777420033,4.169591379129919,22.26521602661645
COL,pared_h,1,COL,both cycles,Q3-Q1,37.79162894390987,43.354996203846895,0.0,5.563367259937024,6.4834290403682715,-7.144153659184788,18.270888179058836
COL,pared_h,1,COL,both cycles,Q4-Q1,39.803333032831745,60.14178979639587,0.0,20.338456763564125,7.237406718543156,6.153139595219541,34.52377393190871
COL,pared_h,1,COL,both cycles,Q3-Q2,27.444422484019526,19.790386041083366,0.0,-7.65403644293616,5.78321436301001,-18.989136594435777,3.6810637085634585
COL,pared_h,1,COL,both cycles,Q4-Q2,29.4561265729414,36.57717963363234,0.0,7.12105306069094,6.891265902753532,-6.385828108705983,20.627934230087863
COL,pared_h,1,COL,both cycles,Q4-Q3,2.0117040889218742,16.786793592548975,0.0,14.7750895036271,5.338569903826866,4.311492492126442,25.23868651512776
MEX,pared_h,1,MEX,both cycles,Q1,374.71615107064446,367.5546609764623,1.22,-7.16149009418217,3.6637558866001694,-14.342451631918502,0.019471443554161638
MEX,pared_h,1,MEX,both cycles,Q2,390.79615752825725,385.8761272914894,1.22,-4.920030236767843,3.755276936154683,-12.280373031631022,2.440312558095335
MEX,pared_h,1,MEX,both cycles,Q3,400.6874940156499,397.3633481585673,1.22,-3.3241458570826126,4.602743146773796,-12.345522424759253,5.697230710594027
MEX,pared_h,1,MEX,both cycles,Q4,414.50512898982225,411.34873466385017,1.22,-3.1563943259720872,5.349613124129595,-13.641636049266094,7.328847397321919
MEX,pared_h,1,MEX,both cycles,Q2-Q1,16.080006457612797,18.321466315027124,0.0,2.241459857414327,4.48783093245962,-6.554688770206528,11.037608485035182
MEX,pared_h,1,MEX,both cycles,Q3-Q1,25.97134294500546,29.808687182105018,0.0,3.8373442370995576,4.927059406516544,-5.819692199672868,13.494380673871984
MEX,pared_h,1,MEX,both cycles,Q4-Q1,39.788977919177796,43.79407368738788,0.0,4.005095768210083,5.561508485594868,-6.895460863555858,14.905652399976024
MEX,pared_h,1,MEX,both cycles,Q3-Q2,9.891336487392664,11.487220867077895,0.0,1.5958843796852307,4.557104019491182,-7.336039498517486,10.527808257887948
MEX,pared_h,1,MEX,both cycles,Q4-Q2,23.708971461565,25.472607372360756,0.0,1.763635910795756,5.59709936580902,-9.206678846189922,12.733950667781434
MEX,pared_h,1,MEX,both cycles,Q4-Q3,13.817634974172336,13.985386505282861,0.0,0.16775153111052532,4.632073936472638,-8.911113384375845,9.246616446596896
PER,pared_h,1,PER,both cycles,Q1,362.9206306674327,357.36141119139836,1.22,-5.559219476034343,4.464423003121403,-14.309488562152293,3.1910496100836063
PER,pared_h,1,PER,both cycles,Q2,380.64369228628175,380.4708471196521,1.22,-0.17284516662965643,4.402034458475536,-8.800832705241707,8.455142371982394
PER,pared_h,1,PER,both cycles,Q3,410.23138350245625,408.77833954562163,1.22,-1.4530439568346196,5.588969687139581,-12.4074245436282,9.50133662995896
PER,pared_h,1,PER,both cycles,Q4,412.44219780990386,403.631966935951,1.22,-8.810230873952833,5.470748453793093,-19.532897843387296,1.9124360954816293
PER,pared_h,1,PER,both cycles,Q2-Q1,17.723061618849044,23.10943592825373,0.0,5.386374309404687,4.976236441114381,-4.3670491151794995,15.139797733988873
PER,pared_h,1,PER,both cycles,Q3-Q1,47.31075283502355,51.41692835422327,0.0,4.106175519199724,5.490775025524164,-6.655743530827639,14.868094569227086
PER,pared_h,1,PER,both cycles,Q4-Q1,49.521567142471156,46.27055574455267,0.0,-3.2510113979184894,5.813472392290695,-14.645417286808252,8.143394490971273
PER,pared_h,1,PER,both cycles,Q3-Q2,29.587691216174505,28.307492425969542,0.0,-1.2801987902049632,5.543097546971866,-12.144669982269821,9.584272401859895
PER,pared_h,1,PER,both cycles,Q4-Q2,31.79850552362211,23.161119816298935,0.0,-8.637385707323176,5.925532148248789,-20.251428717890803,2.9766573032444494
PER,pared_h,1,PER,both cycles,Q4-Q3,2.210814307447606,-5.146372609670607,0.0,-7.357186917118213,5.5812035011704175,-18.29634577941223,3.5819719451758054
URY,pared_h,1,URY,both cycles,Q1,381.0762521709173,372.4567633138485,1.22,-8.619488857068802,4.301406007944889,-17.050244632640783,-0.1887330814968191
URY,pared_h,1,URY,both cycles,Q2,402.99400665168673,397.4700625156573,1.22,-5.523944136029456,4.185143288548852,-13.726824981585207,2.678936709526294
URY,pared_h,1,URY,both cycles,Q3,417.37989404741,410.5573422321506,1.22,-6.82255181525943,5.092437359787478,-16.80372904044289,3.158625409924026
URY,pared_h,1,URY,both cycles,Q4,437.842623135036,456.2556220007803,1.22,18.412998865744328,4.645110771583441,9.308581753440782,27.51741597804787
URY,pared_h,1,URY,both cycles,Q2-Q1,21.917754480769418,25.013299201808763,0.0,3.095544721039346,5.131554398006971,-6.962301899054317,13.153391341133009
URY,pared_h,1,URY,both cycles,Q3-Q1,36.30364187649269,38.10057891830206,0.0,1.7969370418093717,5.463350804201425,-8.911230534425421,12.505104618044165
URY,pared_h,1,URY,both cycles,Q4-Q1,56.766370964118664,83.7988586869318,0.0,27.03248772281313,5.775758109670777,15.712001827858407,38.35297361776785
URY,pared_h,1,URY,both cycles,Q3-Q2,14.385887395723273,13.087279716493299,0.0,-1.298607679229974,5.292344883721343,-11.671603651323807,9.074388292863858
URY,pared_h,1,URY,both cycles,Q4-Q2,34.84861648334925,58.78555948512303,0.0,23.936943001773784,5.772638123654479,12.622572279411004,35.251313724136565
URY,pared_h,1,URY,both cycles,Q4-Q3,20.462729087625974,45.69827976862973,0.0,25.235550681003758,5.683819116285788,14.095265213083614,36.3758361489239
LATAM7,pared_h,7,"ARG,BRA,CHL,COL,MEX,PER,URY",both cycles,Q1,368.56552057745427,360.91873115860705,1.22,-7.64678941884722,1.9362796864805514,-11.441897604349101,-3.8516812333453396
LATAM7,pared_h,7,"ARG,BRA,CHL,COL,MEX,PER,URY",both cycles,Q2,387.17495908781723,382.4249006955614,1.22,-4.7500583922558235,1.9047620430901298,-8.483391996712477,-1.0167247877991694
LATAM7,pared_h,7,"ARG,BRA,CHL,COL,MEX,PER,URY",both cycles,Q3,404.96874685510994,403.4018324994254,1.22,-1.5669143556845597,2.3200975150683885,-6.114305485218601,2.9804767738494817
LATAM7,pared_h,7,"ARG,BRA,CHL,COL,MEX,PER,URY",both cycles,Q4,412.00189813851955,418.33663869832174,1.22,6.334740559802185,2.2873809341442057,1.8514739288795417,10.818007190724828
LATAM7,pared_h,7,"ARG,BRA,CHL,COL,MEX,PER,URY",both cycles,Q2-Q1,18.609438510362963,21.50616953695436,0.0,2.8967310265913966,1.7370169014031387,-0.5078221001587551,6.301284153341548
LATAM7,pared_h,7,"ARG,BRA,CHL,COL,MEX,PER,URY",both cycles,Q3-Q1,36.403226277655676,42.48310134081834,0.0,6.07987506316266,2.08825704315396,1.9868912585808989,10.172858867744422
LATAM7,pared_h,7,"ARG,BRA,CHL,COL,MEX,PER,URY",both cycles,Q4-Q1,43.436377561065285,57.41790753971469,0.0,13.981529978649405,2.220111721644004,9.630111004227157,18.332948953071654
LATAM7,pared_h,7,"ARG,BRA,CHL,COL,MEX,PER,URY",both cycles,Q3-Q2,17.793787767292713,20.976931803863977,0.0,3.1831440365712638,1.9648978042449716,-0.6680556597488807,7.034343732891408
LATAM7,pared_h,7,"ARG,BRA,CHL,COL,MEX,PER,URY",both cycles,Q4-Q2,24.82693905070232,35.91173800276033,0.0,11.084798952058009,2.116280444832492,6.936889280186325,15.232708623929692
LATAM7,pared_h,7,"ARG,BRA,CHL,COL,MEX,PER,URY",both cycles,Q4-Q3,7.033151283409609,14.934806198896354,0.0,7.901654915486745,1.9043340431537246,4.169160190905444,11.634149640068046
ARG,books_h,1,ARG,both cycles,Q1,342.9614709785847,335.1894882112048,1.22,-7.771982767379939,4.302503155950745,-16.2048889530434,0.660923418283522
ARG,books_h,1,ARG,both cycles,Q2,366.7950859838992,352.1635969747773,1.22,-14.631489009121879,4.778700825390033,-23.997742626886343,-5.265235391357413
ARG,books_h,1,ARG,both cycles,Q3,393.68088139268764,381.71730625628516,1.22,-11.963575136402483,5.734766108166858,-23.203716708409523,-0.7234335643954406
ARG,books_h,1,ARG,both cycles,Q4,409.4123829009096,409.4376152995233,1.22,0.02523239861369575,5.512698440670212,-10.779656545099918,10.83012134232731
ARG,books_h,1,ARG,both cycles,Q2-Q1,23.83361500531447,16.97410876357253,0.0,-6.85950624174194,4.966889748887932,-16.594610149562286,2.8755976660784075
ARG,books_h,1,ARG,both cycles,Q3-Q1,50.719410414102924,46.52781804508038,0.0,-4.191592369022544,5.582667758685422,-15.13362117604597,6.750436438000882
ARG,books_h,1,ARG,both cycles,Q4-Q1,66.4509119223249,74.24812708831854,0.0,7.797215165993634,6.124496992502074,-4.206798939310431,19.8012292712977
ARG,books_h,1,ARG,both cycles,Q3-Q2,26.885795408788454,29.55370928150785,0.0,2.667913872719396,5.356992092028559,-7.831790627656579,13.16761837309537
ARG,books_h,1,ARG,both cycles,Q4-Q2,42.617296917010435,57.27401832474601,0.0,14.656721407735574,6.054316323034424,2.7902614145881035,26.523181400883047
ARG,books_h,1,ARG,both cycles,Q4-Q3,15.731501508221982,27.72030904323816,0.0,11.988807535016178,5.421322918779509,1.3630146142083408,22.614600455824018
BRA,books_h,1,BRA,both cycles,Q1,347.97698959066827,341.4331094543829,1.22,-6.543880136285395,2.8759354917760604,-12.180713700166473,-0.9070465724043171
BRA,books_h,1,BRA,both cycles,Q2,365.79638120292253,365.7401643731836,1.22,-0.056216829738957586,2.698173749697686,-5.3446373791464215,5.232203719668506
BRA,books_h,1,BRA,both cycles,Q3,382.6548637187585,381.63556990038757,1.22,-1.0192938183709543,3.732414649242953,-8.334826530887142,6.296238894145233
BRA,books_h,1,BRA,both cycles,Q4,421.8061875316018,425.80439154531234,1.22,3.9982040137105628,5.0403803645071505,-5.880941500723452,13.877349528144578
BRA,books_h,1,BRA,both cycles,Q2-Q1,17.819391612254265,24.307054918800702,0.0,6.4876633065464375,2.9703822417565315,0.6657141127036361,12.309612500389239
BRA,books_h,1,BRA,both cycles,Q3-Q1,34.67787412809025,40.20246044600469,0.0,5.524586317914441,3.49280973385067,-1.3213207604328723,12.370493396261754
BRA,books_h,1,BRA,both cycles,Q4-Q1,73.82919794093351,84.37128209092947,0.0,10.542084149995958,4.972729011111076,0.7955352882182503,20.288633011773666
BRA,books_h,1,BRA,both cycles,Q3-Q2,16.858482515835988,15.895405527203991,0.0,-0.9630769886319968,3.748255739581682,-8.309658238212094,6.3835042609481
BRA,books_h,1,BRA,both cycles,Q4-Q2,56.00980632867925,60.06422717212877,0.0,4.05442084344952,5.20776761763545,-6.152803687115961,14.261645374015002
BRA,books_h,1,BRA,both cycles,Q4-Q3,39.15132381284326,44.168821644924776,0.0,5.017497832081517,4.348161173439856,-3.5048980678606014,13.539893732023636
CHL,books_h,1,CHL,both cycles,Q1,382.5185853446684,375.06352444686183,1.22,-7.455060897806561,4.227121827291785,-15.740219679298459,0.8300978836853368
CHL,books_h,1,CHL,both cycles,Q2,400.0969034403192,395.14881286944893,1.22,-4.948090570870249,4.37014443746957,-13.513573668310606,3.6173925265701072
CHL,books_h,1,CHL,both cycles,Q3,423.25541401679027,411.34840790867673,1.22,-11.907006108113535,4.705723605988072,-21.130224375850155,-2.6837878403769135
CHL,books_h,1,CHL,both cycles,Q4,447.59519527103083,435.8220466442561,1.22,-11.773148626774741,4.235543986816357,-20.0748148409348,-3.471482412614682
CHL,books_h,1,CHL,both cycles,Q2-Q1,17.578318095650786,20.085288422587098,0.0,2.5069703269363117,4.610536747940596,-6.5296816990272575,11.543622352899881
CHL,books_h,1,CHL,both cycles,Q3-Q1,40.736828672121874,36.2848834618149,0.0,-4.451945210306974,5.1326568178085,-14.511952573211634,5.608062152597686
CHL,books_h,1,CHL,both cycles,Q4-Q1,65.07660992636244,60.75852219739426,0.0,-4.31808772896818,5.226690992888652,-14.562402075029938,5.926226617093578
CHL,books_h,1,CHL,both cycles,Q3-Q2,23.158510576471087,16.199595039227802,0.0,-6.958915537243286,4.8987722924863295,-16.56050923051649,2.6426781560299197
CHL,books_h,1,CHL,both cycles,Q4-Q2,47.49829183071165,40.67323377480716,0.0,-6.825058055904492,4.552231153415006,-15.747431116597904,2.0973150047889195
CHL,books_h,1,CHL,both cycles,Q4-Q3,24.339781254240563,24.473638735579357,0.0,0.1338574813387936,4.802365906585074,-9.27877969556795,9.546494658245537
COL,books_h,1,COL,both cycles,Q1,354.5538707221519,354.2758632402945,1.22,-0.27800748185740076,4.355976434037819,-8.815721292571526,8.259706328856725
COL,books_h,1,COL,both cycles,Q2,372.6698877954947,372.6114154818932,1.22,-0.05847231360149863,4.495459969112546,-8.86957385306209,8.752629225859092
COL,books_h,1,COL,both cycles,Q3,389.636511034539,388.68767783801303,1.22,-0.9488331965259817,5.177337189537408,-11.0964140880193,9.198747694967336
COL,books_h,1,COL,both cycles,Q4,420.0257824092106,415.89508482541703,1.22,-4.130697583793562,7.027486507351614,-17.904571138202726,9.6431759706156
COL,books_h,1,COL,both cycles,Q2-Q1,18.11601707334279,18.33555224159869,0.0,0.21953516825590214,4.309392799538931,-8.226874718840403,8.665945055352207
COL,books_h,1,COL,both cycles,Q3-Q1,35.08264031238713,34.411814597718546,0.0,-0.670825714668581,4.731008254034507,-9.943601892576215,8.601950463239053
COL,books_h,1,COL,both cycles,Q4-Q1,65.47191168705871,61.619221585122546,0.0,-3.8526901019361617,6.60560657142204,-16.79967898192336,9.094298778051037
COL,books_h,1,COL,both cycles,Q3-Q2,16.96662323904434,16.076262356119855,0.0,-0.8903608829244831,4.423947428914731,-9.561297843597357,7.780576077748391
COL,books_h,1,COL,both cycles,Q4-Q2,47.35589461371592,43.283669343523854,0.0,-4.072225270192064,6.466965238022292,-16.747477136715755,8.603026596331627
COL,books_h,1,COL,both cycles,Q4-Q3,30.38927137467158,27.207406987404,0.0,-3.1818643872675807,5.6678964649795045,-14.29094145862741,7.9272126840922486
MEX,books_h,1,MEX,both cycles,Q1,374.83962795729667,364.4452382432551,1.22,-10.394389714041552,3.8001447679463998,-17.842673459216496,-2.9461059688666085
MEX,books_h,1,MEX,both cycles,Q2,388.40380981236444,379.91766976411026,1.22,-8.486140048254185,3.4354923595880313,-15.219705073046725,-1.7525750234616444
MEX,books_h,1,MEX,both cycles,Q3,401.4635570885781,394.6938959917596,1.22,-6.769661096818538,4.2537367952715535,-15.106985215550782,1.567663021913706
MEX,books_h,1,MEX,both cycles,Q4,416.3576398411122,413.3048218330015,1.22,-3.0528180081107053,5.806664336433375,-14.43388010752012,8.328244091298709
MEX,books_h,1,MEX,both cycles,Q2-Q1,13.564181855067773,15.472431520855139,0.0,1.9082496657873662,4.186705986712634,-6.297694068169397,10.11419339974413
MEX,books_h,1,MEX,both cycles,Q3-Q1,26.623929131281443,30.248657748504456,0.0,3.6247286172230133,4.549513400935359,-5.29231764861029,12.541774883056316
MEX,books_h,1,MEX,both cycles,Q4-Q1,41.51801188381552,48.859583589746364,0.0,7.341571705930846,5.908191273274942,-4.23848318968804,18.921626601549733
MEX,books_h,1,MEX,both cycles,Q3-Q2,13.05974727621367,14.776226227649317,0.0,1.716478951435647,4.078579328997445,-6.277536533399345,9.71049443627064
MEX,books_h,1,MEX,both cycles,Q4-Q2,27.953830028747745,33.387152068891226,0.0,5.43332204014348,5.74325641045793,-5.823460524354061,16.69010460464102
MEX,books_h,1,MEX,both cycles,Q4-Q3,14.894082752534075,18.610925841241908,0.0,3.716843088707833,5.197813730102482,-6.470871822293031,13.904557999708697
PER,books_h,1,PER,both cycles,Q1,372.9882341973888,362.7720155428515,1.22,-10.216218654537329,4.069679473427255,-18.19279042245475,-2.2396468866199104
PER,books_h,1,PER,both cycles,Q2,380.0876399555219,369.7325838296433,1.22,-10.355056125878605,4.115588678677075,-18.421609936085673,-2.288502315671538
PER,books_h,1,PER,both cycles,Q3,394.04142484788383,386.72334396442227,1.22,-7.318080883461562,5.069137299599362,-17.25358999067631,2.617428223753187
PER,books_h,1,PER,both cycles,Q4,419.76002240620585,413.0518284744597,1.22,-6.708193931746166,5.368648168381646,-17.23074434177419,3.8143564782818604
PER,books_h,1,PER,both cycles,Q2-Q1,7.099405758133116,6.96056828679184,0.0,-0.1388374713412759,4.249311953413055,-8.467488900030864,8.189813957348312
PER,books_h,1,PER,both cycles,Q3-Q1,21.053190650495026,23.951328421570793,0.0,2.898137771075767,4.454417061140012,-5.832519668758655,11.628795210910189
PER,books_h,1,PER,both cycles,Q4-Q1,46.77178820881704,50.279812931608205,0.0,3.5080247227911627,5.0378476815524165,-6.366156733051573,13.382206178633899
PER,books_h,1,PER,both cycles,Q3-Q2,13.95378489236191,16.990760134778952,0.0,3.036975242417043,4.8503279225181455,-6.469667485718523,12.543617970552608
PER,books_h,1,PER,both cycles,Q4-Q2,39.672382450683926,43.319244644816365,0.0,3.6468621941324386,5.494741565926292,-7.122831275083094,14.416555663347971
PER,books_h,1,PER,both cycles,Q4-Q3,25.718597558322017,26.328484510037413,0.0,0.6098869517153958,5.135931803763645,-9.45653938366135,10.67631328709214
URY,books_h,1,URY,both cycles,Q1,365.02586410392377,366.2264957812973,1.22,1.200631677373508,4.447337416138432,-7.5161496582578184,9.917413013004834
URY,books_h,1,URY,both cycles,Q2,393.88669884457994,390.6629136253142,1.22,-3.2237852192657215,4.047998608478298,-11.157862491883185,4.710292053351742
URY,books_h,1,URY,both cycles,Q3,422.0517099555962,420.92963976522014,1.22,-1.1220701903760641,4.752271189437021,-10.436521721672625,8.192381340920496
URY,books_h,1,URY,both cycles,Q4,456.68240035563576,446.9986997685336,1.22,-9.68370058710218,4.515725302733127,-18.53452218045911,-0.8328789937452505
URY,books_h,1,URY,both cycles,Q2-Q1,28.860834740656173,24.436417844016944,0.0,-4.424416896639229,4.732306979243782,-13.699738575957042,4.850904782678583
URY,books_h,1,URY,both cycles,Q3-Q1,57.02584585167244,54.70314398392287,0.0,-2.322701867749572,5.3632086059147115,-12.834590735342406,8.189186999843262
URY,books_h,1,URY,both cycles,Q4-Q1,91.656536251712,80.77220398723631,0.0,-10.884332264475688,5.600137923157145,-21.86060259386369,0.09193806491231449
URY,books_h,1,URY,both cycles,Q3-Q2,28.16501111101627,30.266726139905927,0.0,2.1017150288896573,5.439309984896064,-8.559332541506627,12.762762599285942
URY,books_h,1,URY,both cycles,Q4-Q2,62.795701511055825,56.335786143219366,0.0,-6.459915367836459,5.3425039393989415,-16.931223089058385,4.011392353385466
URY,books_h,1,URY,both cycles,Q4-Q3,34.630690400039555,26.06906000331344,0.0,-8.561630396726116,5.382950786125915,-19.112213937532907,1.9889531440806767
LATAM7,books_h,7,"ARG,BRA,CHL,COL,MEX,PER,URY",both cycles,Q1,362.9806632706689,357.0579621314497,1.22,-5.922701139219214,1.9001644899971117,-9.647023539613553,-2.198378738824875
LATAM7,books_h,7,"ARG,BRA,CHL,COL,MEX,PER,URY",both cycles,Q2,381.1052010050145,375.1395938454815,1.22,-5.965607159533022,1.900930043906358,-9.691430045589483,-2.2397842734765603
LATAM7,books_h,7,"ARG,BRA,CHL,COL,MEX,PER,URY",both cycles,Q3,400.96919457926197,395.1051202321092,1.22,-5.86407434715278,2.141210927675124,-10.060847765396023,-1.6673009289095369
LATAM7,books_h,7,"ARG,BRA,CHL,COL,MEX,PER,URY",both cycles,Q4,427.37708724510094,422.902069770072,1.22,-4.475017475028949,2.341136069385716,-9.063644171024952,0.11360922096705472
LATAM7,books_h,7,"ARG,BRA,CHL,COL,MEX,PER,URY",both cycles,Q2-Q1,18.12453773434561,18.0816317140318,0.0,-0.04290602031380786,1.6369519228411473,-3.2513317890824567,3.165519748454841
LATAM7,books_h,7,"ARG,BRA,CHL,COL,MEX,PER,URY",both cycles,Q3-Q1,37.98853130859305,38.04715810065949,0.0,0.058626792066434064,1.8148841214501918,-3.498546085975942,3.61579967010881
LATAM7,books_h,7,"ARG,BRA,CHL,COL,MEX,PER,URY",both cycles,Q4-Q1,64.39642397443203,65.84410763862229,0.0,1.447683664190265,2.1420856338909524,-2.7508041782360015,5.646171506616532
LATAM7,books_h,7,"ARG,BRA,CHL,COL,MEX,PER,URY",both cycles,Q3-Q2,19.863993574247445,19.965526386627687,0.0,0.10153281238024192,1.784643390900009,-3.3963682337837757,3.5994338585442596
LATAM7,books_h,7,"ARG,BRA,CHL,COL,MEX,PER,URY",both cycles,Q4-Q2,46.27188624008642,47.76247592459049,0.0,1.490589684504073,2.1094518340934063,-2.643935910319003,5.625115279327149
LATAM7,books_h,7,"ARG,BRA,CHL,COL,MEX,PER,URY",both cycles,Q4-Q3,26.407892665838972,27.796949537962803,0.0,1.389056872123831,1.9475585901954382,-2.4281579646592277,5.20627170890689
ARG,escs_pca,1,ARG,both cycles,Q1,347.47441812429577,342.864278597748,1.22,-4.610139526547755,4.234427041719664,-12.909616528318297,3.6893374752227874
ARG,escs_pca,1,ARG,both cycles,Q2,363.22491045469803,356.31030331642995,1.22,-6.914607138268082,4.581951408456627,-15.89523189884307,2.066017622306907
ARG,escs_pca,1,ARG,both cycles,Q3,384.664320450088,369.9159034045731,1.22,-14.748417045514884,5.419276921010823,-25.3701998106961,-4.12663428033367
ARG,escs_pca,1,ARG,both cycles,Q4,419.27126834153523,426.25859378259463,1.22,6.987325441059397,6.450500377287484,-5.655655298424071,19.630306180542867
ARG,escs_pca,1,ARG,both cycles,Q2-Q1,15.750492330402267,13.44602471868194,0.0,-2.3044676117203267,4.664338168282437,-11.446570421553902,6.837635198113249
ARG,escs_pca,1,ARG,both cycles,Q3-Q1,37.18990232579222,27.05162480682509,0.0,-10.13827751896713,5.622821016700078,-21.159006711699284,0.8824516737650239
ARG,escs_pca,1,ARG,both cycles,Q4-Q1,71.79685021723947,83.39431518484662,0.0,11.597464967607152,7.335681898414695,-2.7804715532856488,25.975401488499955
ARG,escs_pca,1,ARG,both cycles,Q3-Q2,21.43940999538995,13.605600088143149,0.0,-7.833809907246803,5.118060444916213,-17.865208379282578,2.1975885647889744
ARG,escs_pca,1,ARG,both cycles,Q4-Q2,56.0463578868372,69.94829046616468,0.0,13.901932579327479,6.623976411850571,0.9189388121003592,26.8849263465546
ARG,escs_pca,1,ARG,both cycles,Q4-Q3,34.60694789144725,56.34269037802153,0.0,21.73574248657428,5.90754220876231,10.156959757400154,33.31452521574841
BRA,escs_pca,1,BRA,both cycles,Q1,350.85098541244054,344.3632377574274,1.22,-6.487747655013152,2.7329357025508743,-11.844301632012865,-1.1311936780134388
BRA,escs_pca,1,BRA,both cycles,Q2,365.95770900936077,364.2719054659013,1.22,-1.6858035434594854,3.147074398226045,-7.854069363982533,4.482462277063562
BRA,escs_pca,1,BRA,both cycles,Q3,379.7319805001786,387.46176841167437,1.22,7.729787911495748,3.7604629826779683,0.3592804654469308,15.100295357544566
BRA,escs_pca,1,BRA,both cycles,Q4,426.0031122521476,435.3908779772996,1.22,9.387765725152008,5.300986531814079,-1.0021678772035862,19.7776993275076
BRA,escs_pca,1,BRA,both cycles,Q2-Q1,15.106723596920233,19.9086677084739,0.0,4.8019441115536665,3.2137877225140277,-1.4970798245738273,11.10096804768116
BRA,escs_pca,1,BRA,both cycles,Q3-Q1,28.880995087738086,43.098530654246986,0.0,14.2175355665089,4.067056190602829,6.246105432927356,22.188965700090442
BRA,escs_pca,1,BRA,both cycles,Q4-Q1,75.15212683970708,91.02764021987224,0.0,15.87551338016516,5.648877445256438,4.803713587462543,26.947313172867776
BRA,escs_pca,1,BRA,both cycles,Q3-Q2,13.774271490817853,23.189862945773086,0.0,9.415591454955234,3.5844064105786093,2.39015489022116,16.441028019689305
BRA,escs_pca,1,BRA,both cycles,Q4-Q2,60.04540324278685,71.11897251139834,0.0,11.073569268611493,5.512823566557246,0.2684350781592926,21.878703459063694
BRA,escs_pca,1,BRA,both cycles,Q4-Q3,46.271131751968994,47.929109565625254,0.0,1.6579778136562595,4.921156766800838,-7.987489449273383,11.303445076585902
CHL,escs_pca,1,CHL,both cycles,Q1,386.33778597218617,376.30732605825403,1.22,-10.030459913932134,4.301093814185507,-18.46060378973573,-1.6003160381285397
CHL,escs_pca,1,CHL,both cycles,Q2,401.5616344616976,389.66133601183026,1.22,-11.900298449867364,4.480785084375674,-20.682637215243684,-3.117959684491044
CHL,escs_pca,1,CHL,both cycles,Q3,415.39895105406515,408.4218642994549,1.22,-6.977086754610241,4.68529090056114,-16.160256919710072,2.206083410489592
CHL,escs_pca,1,CHL,both cycles,Q4,452.1384302134653,452.1252940345397,1.22,-0.013136178925606146,5.134266548193643,-10.076298613385145,10.050026255533933
CHL,escs_pca,1,CHL,both cycles,Q2-Q1,15.223848489511454,13.354009953576224,0.0,-1.86983853593523,4.924482661847073,-11.521824553155493,7.782147481285033
CHL,escs_pca,1,CHL,both cycles,Q3-Q1,29.061165081878983,32.114538241200876,0.0,3.053373159321893,5.443186052584627,-7.615271503743976,13.722017822387762
CHL,escs_pca,1,CHL,both cycles,Q4-Q1,65.80064424127914,75.81796797628567,0.0,10.017323735006528,6.630638999313314,-2.978728703647567,23.013376173660625
CHL,escs_pca,1,CHL,both cycles,Q3-Q2,13.837316592367529,18.760528287624652,0.0,4.923211695257123,5.036025470529003,-4.947398226979722,14.793821617493968
CHL,escs_pca,1,CHL,both cycles,Q4-Q2,50.57679575176769,62.46395802270945,0.0,11.887162270941758,5.612044280646916,0.887555480873802,22.886769061009716
CHL,escs_pca,1,CHL,both cycles,Q4-Q3,36.73947915940016,43.7034297350848,0.0,6.963950575684635,5.671008402465733,-4.151225893148203,18.07912704451747
COL,escs_pca,1,COL,both cycles,Q1,352.86917116675966,351.48840463809705,1.22,-1.3807665286626047,4.024682376917618,-9.269143987421137,6.507610930095927
COL,escs_pca,1,COL,both cycles,Q2,369.96405447582083,371.34115395757806,1.22,1.3770994817572273,4.41504889103343,-7.276396344668296,10.03059530818275
COL,escs_pca,1,COL,both cycles,Q3,386.00636034820184,387.4987463018399,1.22,1.4923859536380633,5.82824436831162,-9.930973008252712,12.915744915528839
COL,escs_pca,1,COL,both cycles,Q4,427.90139512921314,431.18922734156166,1.22,3.287832212348519,8.988772338492955,-14.330161571097673,20.90582599579471
COL,escs_pca,1,COL,both cycles,Q2-Q1,17.094883309061174,19.852749319481006,0.0,2.757866010419832,4.709835598199946,-6.473411762052061,11.989143782891725
COL,escs_pca,1,COL,both cycles,Q3-Q1,33.13718918144218,36.01034166374285,0.0,2.873152482300668,5.800586461060583,-8.495996981378074,14.24230194597941
COL,escs_pca,1,COL,both cycles,Q4-Q1,75.03222396245349,79.70082270346461,0.0,4.668598741011124,9.478809802222003,-13.909868471344002,23.24706595336625
COL,escs_pca,1,COL,both cycles,Q3-Q2,16.042305872381007,16.157592344261843,0.0,0.11528647188083596,4.865134266628499,-9.420376690711022,9.650949634472694
COL,escs_pca,1,COL,both cycles,Q4-Q2,57.93734065339231,59.8480733839836,0.0,1.9107327305912918,9.10248372761258,-15.930135375529364,19.751600836711948
COL,escs_pca,1,COL,both cycles,Q4-Q3,41.895034781011304,43.69048103972176,0.0,1.7954462587104558,8.010727208955274,-13.905579070841881,17.496471588262793
MEX,escs_pca,1,MEX,both cycles,Q1,370.84761487682084,363.99447289265856,1.22,-6.853141984162278,3.5728256247019106,-13.855880208578021,0.14959624025346674
MEX,escs_pca,1,MEX,both cycles,Q2,385.35418612997995,379.34247242632966,1.22,-6.011713703650287,3.63387905420562,-13.1341166498933,1.110689242592728
MEX,escs_pca,1,MEX,both cycles,Q3,397.6514873494862,392.34318955762484,1.22,-5.308297791861378,4.819392552041949,-14.754307193863598,4.137711610140842
MEX,escs_pca,1,MEX,both cycles,Q4,427.11515045605273,421.541660781328,1.22,-5.573489674724726,5.347156695772513,-16.053916798438852,4.9069374489893995
MEX,escs_pca,1,MEX,both cycles,Q2-Q1,14.506571253159109,15.3479995336711,0.0,0.841428280511991,4.002020210255105,-7.002531331588014,8.685387892611995
MEX,escs_pca,1,MEX,both cycles,Q3-Q1,26.803872472665375,28.348716664966275,0.0,1.5448441923009,5.103090887899235,-8.4572139479816,11.5469023325834
MEX,escs_pca,1,MEX,both cycles,Q4-Q1,56.26753557923189,57.54718788866944,0.0,1.2796523094375516,5.80329768214948,-10.09481114757543,12.654115766450532
MEX,escs_pca,1,MEX,both cycles,Q3-Q2,12.297301219506267,13.000717131295175,0.0,0.7034159117889089,4.222430305596764,-7.572547487180749,8.979379310758567
MEX,escs_pca,1,MEX,both cycles,Q4-Q2,41.76096432607278,42.19918835499834,0.0,0.43822402892556056,5.479911443355837,-10.30240240005188,11.178850457903001
MEX,escs_pca,1,MEX,both cycles,Q4-Q3,29.463663106566514,29.198471223703166,0.0,-0.2651918828633484,5.280990914200601,-10.615934074696526,10.085550308969829
PER,escs_pca,1,PER,both cycles,Q1,352.6480674265083,350.95280131315633,1.22,-1.6952661133519769,3.8790225172758537,-9.29815024721265,5.907618020508696
PER,escs_pca,1,PER,both cycles,Q2,377.72887312899104,371.02807811502,1.22,-6.70079501397106,4.39737472325778,-15.319649471556309,1.9180594436141885
PER,escs_pca,1,PER,both cycles,Q3,399.7976536701782,392.81830280596625,1.22,-6.979350864211938,5.400031422566374,-17.56341245244203,3.6047107240181546
PER,escs_pca,1,PER,both cycles,Q4,436.5427256231219,426.85850585531915,1.22,-9.684219767802745,5.985975327107475,-21.416731408933394,2.0482918733279067
PER,escs_pca,1,PER,both cycles,Q2-Q1,25.080805702482735,20.07527680186365,0.0,-5.005528900619083,4.1829561154275545,-13.20412288685709,3.193065085618924
PER,escs_pca,1,PER,both cycles,Q3-Q1,47.14958624366989,41.865501492809926,0.0,-5.284084750859961,5.579911380004164,-16.220711055668122,5.6525415539482005
PER,escs_pca,1,PER,both cycles,Q4-Q1,83.89465819661359,75.90570454216282,0.0,-7.988953654450768,6.415467520254097,-20.563269994148797,4.585362685247263
PER,escs_pca,1,PER,both cycles,Q3-Q2,22.068780541187152,21.790224690946275,0.0,-0.2785558502408776,4.916745756705614,-9.915377533383882,9.358265832902127
PER,escs_pca,1,PER,both cycles,Q4-Q2,58.813852494130856,55.83042774029917,0.0,-2.9834247538316845,6.373931421163505,-15.476330339312154,9.509480831648785
PER,escs_pca,1,PER,both cycles,Q4-Q3,36.745071952943704,34.0402030493529,0.0,-2.704868903590807,6.127936074753935,-14.71562361010852,9.305885802926905
URY,escs_pca,1,URY,both cycles,Q1,373.464552961627,369.821093711707,1.22,-3.6434592499199994,4.053313988019392,-11.587954666438007,4.301036166598008
URY,escs_pca,1,URY,both cycles,Q2,391.857694319326,389.22855712174726,1.22,-2.629137197578757,4.344624613628978,-11.144601440291554,5.88632704513404
URY,escs_pca,1,URY,both cycles,Q3,413.7376095755969,412.65507858869466,1.22,-1.0825309869022135,4.569516815821522,-10.038783945912396,7.873721972107969
URY,escs_pca,1,URY,both cycles,Q4,461.8122188497773,464.00351472850826,1.22,2.191295878730955,5.375600279319001,-8.344880668734287,12.727472426196197
URY,escs_pca,1,URY,both cycles,Q2-Q1,18.393141357698994,19.407463410040236,0.0,1.0143220523412424,4.8140261899263805,-8.421169279914464,10.449813384596949
URY,escs_pca,1,URY,both cycles,Q3-Q1,40.27305661396986,42.83398487698764,0.0,2.560928263017786,5.173000687604817,-7.578153084687655,12.700009610723226
URY,escs_pca,1,URY,both cycles,Q4-Q1,88.34766588815029,94.18242101680124,0.0,5.834755128650954,6.154056053136811,-6.227194735497195,17.8967049927991
URY,escs_pca,1,URY,both cycles,Q3-Q2,21.879915256270863,23.426521466947406,0.0,1.5466062106765435,4.801288977679414,-7.863920185575109,10.957132606928196
URY,escs_pca,1,URY,both cycles,Q4-Q2,69.9545245304513,74.774957606761,0.0,4.820433076309712,6.400332178155103,-7.724217992874289,17.36508414549371
URY,escs_pca,1,URY,both cycles,Q4-Q3,48.07460927418043,51.3484361398136,0.0,3.2738268656331684,6.222709656715731,-8.922684061529663,15.470337792796
LATAM7,escs_pca,7,"ARG,BRA,CHL,COL,MEX,PER,URY",both cycles,Q1,362.07037084866255,357.11308785272115,1.22,-4.957282995941398,1.8452964978226674,-8.574064131673826,-1.34050186020897
LATAM7,escs_pca,7,"ARG,BRA,CHL,COL,MEX,PER,URY",both cycles,Q2,379.3784374256963,374.45482948783376,1.22,-4.923607937862528,1.939908435303374,-8.725828471057142,-1.1213874046679146
LATAM7,escs_pca,7,"ARG,BRA,CHL,COL,MEX,PER,URY",both cycles,Q3,396.71262327825633,393.01640762426115,1.22,-3.696215653995182,2.190937714144549,-7.990453573718498,0.598022265728134
LATAM7,escs_pca,7,"ARG,BRA,CHL,COL,MEX,PER,URY",both cycles,Q4,435.8263286950447,436.7668106430216,1.22,0.9404819479768776,2.6057315090984483,-4.166751809856081,6.0477157058098365
LATAM7,escs_pca,7,"ARG,BRA,CHL,COL,MEX,PER,URY",both cycles,Q2-Q1,17.308066577033742,17.341741635112612,0.0,0.03367505807887028,1.661114076035512,-3.2221085309507336,3.289458647108474
LATAM7,escs_pca,7,"ARG,BRA,CHL,COL,MEX,PER,URY",both cycles,Q3-Q1,34.64225242959378,35.90331977154,0.0,1.261067341946216,1.996778137918918,-2.6526178083748633,5.174752492267295
LATAM7,escs_pca,7,"ARG,BRA,CHL,COL,MEX,PER,URY",both cycles,Q4-Q1,73.75595784638216,79.65372279030044,0.0,5.8977649439182755,2.60393794209728,0.7940465774076069,11.001483310428945
LATAM7,escs_pca,7,"ARG,BRA,CHL,COL,MEX,PER,URY",both cycles,Q3-Q2,17.33418585256004,18.561578136427386,0.0,1.2273922838673457,1.7677916488592174,-2.2374793478967203,4.692263915631411
LATAM7,escs_pca,7,"ARG,BRA,CHL,COL,MEX,PER,URY",both cycles,Q4-Q2,56.44789126934842,62.31198115518782,0.0,5.864089885839405,2.4753446322811032,1.0124144065684426,10.715765365110368
LATAM7,escs_pca,7,"ARG,BRA,CHL,COL,MEX,PER,URY",both cycles,Q4-Q3,39.11370541678838,43.75040301876044,0.0,4.63669760197206,2.3017806178943663,0.12520759089910172,9.148187613045017
ARG,escs_cc,1,ARG,both cycles,Q1,350.81132908932017,354.0635079895118,1.22,3.252178900191609,4.231638782598852,-5.04183311370214,11.546190914085358
ARG,escs_cc,1,ARG,both cycles,Q2,368.6798705035584,366.58637116147,1.22,-2.0934993420883643,4.631244762409846,-11.170739076411662,6.9837403922349335
ARG,escs_cc,1,ARG,both cycles,Q3,391.56252585281106,390.62547028670735,1.22,-0.9370555661037088,5.898285018268046,-12.497694201909079,10.623583069701661
ARG,escs_cc,1,ARG,both cycles,Q4,425.6910760271793,436.6139711092322,1.22,10.92289508205289,6.893273332066772,-2.587920648797983,24.43371081290376
ARG,escs_cc,1,ARG,both cycles,Q2-Q1,17.868541414238223,12.52286317195825,0.0,-5.345678242279973,4.91765325360763,-14.984278619350928,4.292922134790981
ARG,escs_cc,1,ARG,both cycles,Q3-Q1,40.751196763490896,36.56196229719558,0.0,-4.189234466295318,6.05031030039511,-16.047842655069733,7.669373722479097
ARG,escs_cc,1,ARG,both cycles,Q4-Q1,74.87974693785912,82.5504631197204,0.0,7.67071618186128,7.623316302771111,-7.270983771570098,22.61241613529266
ARG,escs_cc,1,ARG,both cycles,Q3-Q2,22.882655349252673,24.03909912523733,0.0,1.1564437759846555,5.767742161042555,-10.148330859658753,12.461218411628064
ARG,escs_cc,1,ARG,both cycles,Q4-Q2,57.0112055236209,70.02759994776216,0.0,13.016394424141254,6.857895252076868,-0.4250802699294063,26.457869118211914
ARG,escs_cc,1,ARG,both cycles,Q4-Q3,34.12855017436823,45.98850082252483,0.0,11.859950648156598,6.571761658443731,-1.0207022023931138,24.74060349870631
BRA,escs_cc,1,BRA,both cycles,Q1,355.33743800699085,353.9582285757598,1.22,-1.379209431231061,2.8690682775770124,-7.002583255282005,4.244164392819883
BRA,escs_cc,1,BRA,both cycles,Q2,371.28196121759123,379.00760912369816,1.22,7.7256479061069285,3.229410653781872,1.3960030246944601,14.055292787519397
BRA,escs_cc,1,BRA,both cycles,Q3,388.4801519985904,405.1422199753212,1.22,16.66206797673084,3.759072714267869,9.294285456765817,24.02985049669586
BRA,escs_cc,1,BRA,both cycles,Q4,433.2429904391799,444.90795798437256,1.22,11.664967545192667,5.448081754026802,0.9867273073001357,22.343207783085198
BRA,escs_cc,1,BRA,both cycles,Q2-Q1,15.94452321060038,25.04938054793837,0.0,9.10485733733799,3.530593148800438,2.1848947656891315,16.02481990898685
BRA,escs_cc,1,BRA,both cycles,Q3-Q1,33.14271399159952,51.18399139956142,0.0,18.0412774079619,4.16595554820304,9.876004533483941,26.206550282439856
BRA,escs_cc,1,BRA,both cycles,Q4-Q1,77.90555243218904,90.94972940861277,0.0,13.044176976423728,5.822535281928369,1.6320078238441251,24.45634612900333
BRA,escs_cc,1,BRA,both cycles,Q3-Q2,17.19819078099914,26.13461085162305,0.0,8.93642007062391,3.576895155646786,1.9257055655562096,15.94713457569161
BRA,escs_cc,1,BRA,both cycles,Q4-Q2,61.96102922158866,65.9003488606744,0.0,3.9393196390857383,5.62393564932836,-7.083594233597848,14.962233511769325
BRA,escs_cc,1,BRA,both cycles,Q4-Q3,44.76283844058952,39.76573800905135,0.0,-4.997100431538172,4.926838331839293,-14.653703561943185,4.6595026988668415
CHL,escs_cc,1,CHL,both cycles,Q1,389.7279682818172,384.998638629603,1.22,-4.729329652214176,4.3550374774790805,-13.265203108073173,3.8065438036448214
CHL,escs_cc,1,CHL,both cycles,Q2,407.1164427541549,398.98322869337056,1.22,-8.133214060784326,4.2830400638239885,-16.527972585879343,0.2615444643106919
CHL,escs_cc,1,CHL,both cycles,Q3,420.81415516913967,418.1097374517859,1.22,-2.704417717353749,4.584069956947959,-11.689194832971747,6.280359398264249
CHL,escs_cc,1,CHL,both cycles,Q4,458.3744863428957,454.9738952784725,1.22,-3.4005910644231676,4.980152023017347,-13.161689029537166,6.360506900690831
CHL,escs_cc,1,CHL,both cycles,Q2-Q1,17.38847447233769,13.984590063767541,0.0,-3.40388440857015,5.235229092186229,-13.664933429255157,6.8571646121148575
CHL,escs_cc,1,CHL,both cycles,Q3-Q1,31.08618688732247,33.111098822182896,0.0,2.0249119348604268,5.197425132760272,-8.162041325349707,12.21186519507056
CHL,escs_cc,1,CHL,both cycles,Q4-Q1,68.6465180610785,69.9752566488695,0.0,1.3287385877910083,6.563466967407294,-11.535656668327288,14.193133843909305
CHL,escs_cc,1,CHL,both cycles,Q3-Q2,13.697712414984778,19.126508758415355,0.0,5.428796343430577,5.224952350003145,-4.812110262575587,15.66970294943674
CHL,escs_cc,1,CHL,both cycles,Q4-Q2,51.258043588740804,55.99066658510196,0.0,4.732622996361158,5.422819300697804,-5.8961028330065375,15.361348825728854
CHL,escs_cc,1,CHL,both cycles,Q4-Q3,37.560331173756026,36.86415782668661,0.0,-0.6961733470694185,5.459389112799436,-11.396576008156313,10.004229314017476
COL,escs_cc,1,COL,both cycles,Q1,353.8282416931778,356.2556146111268,1.22,2.4273729179490147,4.333556177784088,-6.0663971905077965,10.921143026405826
COL,escs_cc,1,COL,both cycles,Q2,372.05836517993606,379.9600493320194,1.22,7.901684152083362,4.510756772201701,-0.9393991214319701,16.742767425598693
COL,escs_cc,1,COL,both cycles,Q3,388.0035245188383,398.24761778222944,1.22,10.244093263391164,5.916999535395042,-1.3532258259831167,21.841412352765445
COL,escs_cc,1,COL,both cycles,Q4,432.5085652797037,437.0986853030743,1.22,4.590120023370616,8.874105811404789,-12.803127366982771,21.983367413724004
COL,escs_cc,1,COL,both cycles,Q2-Q1,18.23012348675826,23.704434720892607,0.0,5.474311234134348,5.0182727000770875,-4.361503258016743,15.310125726285438
COL,escs_cc,1,COL,both cycles,Q3-Q1,34.175282825660474,41.992003171102624,0.0,7.81672034544215,6.103269453731548,-4.145687783871685,19.779128474755986
COL,escs_cc,1,COL,both cycles,Q4-Q1,78.6803235865259,80.8430706919475,0.0,2.1627471054216016,9.769474068839552,-16.98542206950392,21.310916280347122
COL,escs_cc,1,COL,both cycles,Q3-Q2,15.945159338902215,18.287568450210017,0.0,2.342409111307802,5.013913382252349,-7.484861117906803,12.169679340522407
COL,escs_cc,1,COL,both cycles,Q4-Q2,60.45020009976764,57.138635971054896,0.0,-3.311564128712746,9.00753332999466,-20.96632945550228,14.343201198076788
COL,escs_cc,1,COL,both cycles,Q4-Q3,44.50504076086543,38.85106752084488,0.0,-5.653973240020548,7.819148599633797,-20.97950449530279,9.671558015261693
MEX,escs_cc,1,MEX,both cycles,Q1,371.7843306096605,368.44469776886456,1.22,-3.3396328407959572,3.4886133838643834,-10.17731507317015,3.498049391578234
MEX,escs_cc,1,MEX,both cycles,Q2,387.6242855017698,384.9270778685902,1.22,-2.69720763317963,3.538958447677532,-9.633566190627594,4.2391509242683325
MEX,escs_cc,1,MEX,both cycles,Q3,399.8120757530131,398.3418862514581,1.22,-1.4701895015550122,4.915551856134243,-11.104671139578128,8.164292136468104
MEX,escs_cc,1,MEX,both cycles,Q4,430.398648397329,423.6802084251308,1.22,-6.718439972198212,5.515911589776125,-17.529626688159418,4.0927467437629925
MEX,escs_cc,1,MEX,both cycles,Q2-Q1,15.83995489210929,16.482380099725617,0.0,0.642425207616327,3.9004699048593188,-7.002495805907937,8.287346221140591
MEX,escs_cc,1,MEX,both cycles,Q3-Q1,28.027745143352604,29.89718848259355,0.0,1.869443339240945,5.046696707222752,-8.022082206915648,11.760968885397538
MEX,escs_cc,1,MEX,both cycles,Q4-Q1,58.61431778766848,55.23551065626623,0.0,-3.3788071314022545,5.9089679961216826,-14.960384403800752,8.202770140996243
MEX,escs_cc,1,MEX,both cycles,Q3-Q2,12.187790251243314,13.414808382867932,0.0,1.227018131624618,4.5927933529299265,-7.774856840118037,10.228893103367273
MEX,escs_cc,1,MEX,both cycles,Q4-Q2,42.77436289555919,38.75313055654061,0.0,-4.021232339018582,5.669688288264468,-15.133821384016938,7.091356705979775
MEX,escs_cc,1,MEX,both cycles,Q4-Q3,30.58657264431588,25.33832217367268,0.0,-5.2482504706432,5.536536224995231,-16.09986147163385,5.603360530347453
PER,escs_cc,1,PER,both cycles,Q1,351.6241140011058,353.52022211988907,1.22,1.8961081187832747,4.274114210731662,-6.481155734250784,10.273371971817333
PER,escs_cc,1,PER,both cycles,Q2,380.4232854775425,379.42471296513384,1.22,-0.9985725124086571,4.747638070910122,-10.303943131392495,8.306798106575181
PER,escs_cc,1,PER,both cycles,Q3,403.09433879318664,399.5694194737807,1.22,-3.5249193194059103,5.370043950060219,-14.05020546152394,7.0003668227121185
PER,escs_cc,1,PER,both cycles,Q4,439.06399474436586,434.406786787322,1.22,-4.657207957043852,6.154728640240649,-16.720476091915522,7.40606017782782
PER,escs_cc,1,PER,both cycles,Q2-Q1,28.799171476436698,25.904490845244766,0.0,-2.8946806311919318,4.60372110611201,-11.91797399917147,6.128612736787607
PER,escs_cc,1,PER,both cycles,Q3-Q1,51.47022479208084,46.04919735389166,0.0,-5.421027438189185,5.956779991033839,-17.09631622061551,6.25426134423714
PER,escs_cc,1,PER,both cycles,Q4-Q1,87.43988074326006,80.88656466743294,0.0,-6.5533160758271265,6.905005658281783,-20.08712716605942,6.980495014405168
PER,escs_cc,1,PER,both cycles,Q3-Q2,22.671053315644144,20.14470650864689,0.0,-2.5263468069972532,4.9461120807866585,-12.220726485339103,7.168032871344597
PER,escs_cc,1,PER,both cycles,Q4-Q2,58.640709266823364,54.98207382218817,0.0,-3.6586354446351947,6.896920353680827,-17.176599337849616,9.859328448579225
PER,escs_cc,1,PER,both cycles,Q4-Q3,35.96965595117922,34.83736731354128,0.0,-1.1322886376379415,6.415931314407869,-13.707514013877365,11.442936738601482
URY,escs_cc,1,URY,both cycles,Q1,378.89014268578177,376.00564464660516,1.22,-2.8844980391766057,4.222977533738703,-11.161534005304464,5.392537926951253
URY,escs_cc,1,URY,both cycles,Q2,397.80857160652965,398.3695607573265,1.22,0.5609891507968428,4.086629272052603,-7.44880422242626,8.570782524019945
URY,escs_cc,1,URY,both cycles,Q3,419.3586742702461,419.31722775092084,1.22,-0.041446519325290865,4.452737417115667,-8.768811856871999,8.685918818221417
URY,escs_cc,1,URY,both cycles,Q4,467.7551658369187,467.70028897674393,1.22,-0.054876860174772446,5.445063328684732,-10.727200984396847,10.617447264047302
URY,escs_cc,1,URY,both cycles,Q2-Q1,18.918428920747886,22.363916110721334,0.0,3.4454871899734485,4.842793674177647,-6.046388411414741,12.937362791361638
URY,escs_cc,1,URY,both cycles,Q3-Q1,40.46853158446436,43.31158310431567,0.0,2.843051519851315,4.947610600069516,-6.854265256284936,12.540368295987566
URY,escs_cc,1,URY,both cycles,Q4-Q1,88.86502315113694,91.69464433013877,0.0,2.8296211790018333,6.27841618484466,-9.476074543293699,15.135316901297365
URY,escs_cc,1,URY,both cycles,Q3-Q2,21.550102663716473,20.94766699359434,0.0,-0.6024356701221336,4.965499311826371,-10.33481432130182,9.129942981057553
URY,escs_cc,1,URY,both cycles,Q4-Q2,69.94659423038905,69.33072821941744,0.0,-0.6158660109716152,6.09007168794162,-12.55240651933719,11.32067449739396
URY,escs_cc,1,URY,both cycles,Q4-Q3,48.39649156667258,48.3830612258231,0.0,-0.013430340849481581,5.998942332767035,-11.771357313072869,11.744496631373906
LATAM7,escs_cc,7,"ARG,BRA,CHL,COL,MEX,PER,URY",both cycles,Q1,364.57193776683636,363.89236490590855,1.22,-0.6795728609278058,1.8880353411544903,-4.380122129590607,3.020976407734995
LATAM7,escs_cc,7,"ARG,BRA,CHL,COL,MEX,PER,URY",both cycles,Q2,383.5703974630118,383.89408712880123,1.22,0.323689665789459,1.9422610063381052,-3.483141906633227,4.130521238212145
LATAM7,escs_cc,7,"ARG,BRA,CHL,COL,MEX,PER,URY",both cycles,Q3,401.5893494794036,404.1933684246005,1.22,2.6040189451969127,2.2144454655812824,-1.7362941673424004,6.944332057736226
LATAM7,escs_cc,7,"ARG,BRA,CHL,COL,MEX,PER,URY",both cycles,Q4,441.00498958108176,442.7688276949069,1.22,1.7638381138251589,2.638869424382603,-3.408345957964743,6.936022185615061
LATAM7,escs_cc,7,"ARG,BRA,CHL,COL,MEX,PER,URY",both cycles,Q2-Q1,18.998459696175416,20.00172222289268,0.0,1.0032625267172648,1.7443766801910074,-2.41571576645711,4.422240819891639
LATAM7,escs_cc,7,"ARG,BRA,CHL,COL,MEX,PER,URY",both cycles,Q3-Q1,37.01741171256725,40.30100351869197,0.0,3.2835918061247185,2.0386860142106435,-0.7122327817281429,7.27941639397758
LATAM7,escs_cc,7,"ARG,BRA,CHL,COL,MEX,PER,URY",both cycles,Q4-Q1,76.4330518142454,78.87646278899837,0.0,2.4434109747529646,2.6823387087922734,-2.8139728944798907,7.70079484398582
LATAM7,escs_cc,7,"ARG,BRA,CHL,COL,MEX,PER,URY",both cycles,Q3-Q2,18.018952016391836,20.29928129579929,0.0,2.2803292794074537,1.8555731936325597,-1.356594180112363,5.917252738927271
LATAM7,escs_cc,7,"ARG,BRA,CHL,COL,MEX,PER,URY",both cycles,Q4-Q2,57.434592118069986,58.874740566105686,0.0,1.4401484480356999,2.498995121107349,-3.4578819893347035,6.338178885406103
LATAM7,escs_cc,7,"ARG,BRA,CHL,COL,MEX,PER,URY",both cycles,Q4-Q3,39.41564010167815,38.575459270306396,0.0,-0.8401808313717538,2.330851288234376,-5.40864935631113,3.728287693567623
ARG,escs_h_cc,1,ARG,both cycles,Q1,351.4807690520613,351.9243308962799,1.22,0.4435618442186069,4.243119976764829,-7.872953310240458,8.760076998677672
ARG,escs_h_cc,1,ARG,both cycles,Q2,370.1054448070223,366.993342140593,1.22,-3.1121026664293368,5.099187092244508,-13.106509367228572,6.8823040343698985
ARG,escs_h_cc,1,ARG,both cycles,Q3,390.52413963429365,391.5982956405514,1.22,1.0741560062577378,5.635286778620783,-9.971006079838997,12.119318092354472
ARG,escs_h_cc,1,ARG,both cycles,Q4,424.6548427278214,437.3820852600514,1.22,12.72724253222998,6.814463344891817,-0.6291056237579813,26.08359068821794
ARG,escs_h_cc,1,ARG,both cycles,Q2-Q1,18.624675754961004,15.06901124431306,0.0,-3.5556645106479436,5.36770698044116,-14.076370192312618,6.965041171016731
ARG,escs_h_cc,1,ARG,both cycles,Q3-Q1,39.04337058223234,39.67396474427147,0.0,0.6305941620391309,5.845192194726074,-10.825982539623974,12.087170863702235
ARG,escs_h_cc,1,ARG,both cycles,Q4-Q1,73.1740736757601,85.45775436377147,0.0,12.283680688011373,7.729875607810544,-2.866875503297294,27.43423687932004
ARG,escs_h_cc,1,ARG,both cycles,Q3-Q2,20.418694827271338,24.604953499958413,0.0,4.1862586726870745,5.721391710444689,-7.027669079784516,15.400186425158665
ARG,escs_h_cc,1,ARG,both cycles,Q4-Q2,54.549397920799095,70.38874311945841,0.0,15.839345198659316,6.847589576007878,2.4180696296838757,29.260620767634755
ARG,escs_h_cc,1,ARG,both cycles,Q4-Q3,34.13070309352776,45.7837896195,0.0,11.653086525972242,6.483526041628412,-1.0546245156194463,24.360797567563928
BRA,escs_h_cc,1,BRA,both cycles,Q1,355.08257810178685,352.91951169010025,1.22,-2.1630664116866,2.803756554564132,-7.658429258632299,3.3322964352590985
BRA,escs_h_cc,1,BRA,both cycles,Q2,371.66573418541003,380.11043141218397,1.22,8.44469722677394,3.1480920659164107,2.274436777577775,14.614957675970103
BRA,escs_h_cc,1,BRA,both cycles,Q3,389.0754453811996,405.91297540124623,1.22,16.837530020046643,3.8616613818746344,9.26867371157236,24.406386328520924
BRA,escs_h_cc,1,BRA,both cycles,Q4,432.526620305886,444.0645783780512,1.22,11.537958072165168,5.517315101948193,0.7240204723467105,22.351895671983627
BRA,escs_h_cc,1,BRA,both cycles,Q2-Q1,16.58315608362318,27.19091972208372,0.0,10.60776363846054,3.227857303492877,4.281163323614502,16.93436395330658
BRA,escs_h_cc,1,BRA,both cycles,Q3-Q1,33.992867279412735,52.99346371114598,0.0,19.000596431733243,4.269402687570852,10.632567164094374,27.36862569937211
BRA,escs_h_cc,1,BRA,both cycles,Q4-Q1,77.44404220409916,91.14506668795093,0.0,13.701024483851768,5.759416151849525,2.4125688262266998,24.989480141476836
BRA,escs_h_cc,1,BRA,both cycles,Q3-Q2,17.409711195789555,25.802543989062258,0.0,8.392832793272703,3.8508936605012876,0.8450812186901793,15.940584367855227
BRA,escs_h_cc,1,BRA,both cycles,Q4-Q2,60.86088612047598,63.95414696586721,0.0,3.093260845391228,5.659854564948341,-8.00005410190752,14.186575792689975
BRA,escs_h_cc,1,BRA,both cycles,Q4-Q3,43.45117492468643,38.15160297680495,0.0,-5.299571947881475,5.131868594591699,-15.358034393281205,4.758890497518255
CHL,escs_h_cc,1,CHL,both cycles,Q1,390.5826092404309,382.9741788318374,1.22,-7.608430408593506,4.223529260672543,-15.886547759511691,0.6696869423246792
CHL,escs_h_cc,1,CHL,both cycles,Q2,408.27853660489404,398.7527218508324,1.22,-9.525814754061628,4.446976181251575,-18.241888069314715,-0.8097414388085404
CHL,escs_h_cc,1,CHL,both cycles,Q3,420.19194285987453,417.98776326223305,1.22,-2.2041795976414846,4.3170976613270176,-10.665691013842439,6.25733181855947
CHL,escs_h_cc,1,CHL,both cycles,Q4,456.96979448592083,457.3769159611531,1.22,0.40712147523225894,5.155762554060873,-9.698173130727051,10.512416081191569
CHL,escs_h_cc,1,CHL,both cycles,Q2-Q1,17.69592736446316,15.778543018995038,0.0,-1.9173843454681219,4.98813187304892,-11.694122816644006,7.859354125707762
CHL,escs_h_cc,1,CHL,both cycles,Q3-Q1,29.609333619443646,35.01358443039567,0.0,5.404250810952021,5.169284655835943,-4.727547114486427,15.53604873639047
CHL,escs_h_cc,1,CHL,both cycles,Q4-Q1,66.38718524548995,74.40273712931571,0.0,8.015551883825765,6.596462441568808,-4.913514501649098,20.944618269300626
CHL,escs_h_cc,1,CHL,both cycles,Q3-Q2,11.913406254980487,19.23504141140063,0.0,7.321635156420143,5.034396315908757,-2.5457816227610213,17.189051935601306
CHL,escs_h_cc,1,CHL,both cycles,Q4-Q2,48.691257881026786,58.62419411032067,0.0,9.932936229293887,5.746826615687615,-1.3308439374538388,21.196716396041612
CHL,escs_h_cc,1,CHL,both cycles,Q4-Q3,36.7778516260463,39.38915269892004,0.0,2.6113010728737436,5.422555791708595,-8.016908278875102,13.239510424622589
COL,escs_h_cc,1,COL,both cycles,Q1,354.1535136895079,355.2286578839588,1.22,1.0751441944508997,4.165294250026039,-7.088832535600137,9.239120924501936
COL,escs_h_cc,1,COL,both cycles,Q2,372.04621670855806,379.69512438339217,1.22,7.648907674834106,5.022190328667449,-2.194585369354094,17.492400719022307
COL,escs_h_cc,1,COL,both cycles,Q3,390.11919492107086,399.43320748220765,1.22,9.314012561136792,5.7214201440574515,-1.8999709212158127,20.527996043489395
COL,escs_h_cc,1,COL,both cycles,Q4,430.0558128412272,437.21749206256646,1.22,7.161679221339284,9.019693612278937,-10.516920258727431,24.840278701406
COL,escs_h_cc,1,COL,both cycles,Q2-Q1,17.892703019050145,24.466466499433352,0.0,6.573763480383207,5.415459756813878,-4.040537642971993,17.188064603738404
COL,escs_h_cc,1,COL,both cycles,Q3-Q1,35.96568123156294,44.20454959824883,0.0,8.238868366685892,6.0542375059673175,-3.627437145010049,20.105173878381834
COL,escs_h_cc,1,COL,both cycles,Q4-Q1,75.90229915171926,81.98883417860765,0.0,6.086535026888384,9.844552290519493,-13.208787462529823,25.381857516306592
COL,escs_h_cc,1,COL,both cycles,Q3-Q2,18.072978212512794,19.73808309881548,0.0,1.6651048863026858,5.084188738855763,-8.29990504185461,11.630114814459981
COL,escs_h_cc,1,COL,both cycles,Q4-Q2,58.00959613266912,57.522367679174295,0.0,-0.48722845349482213,8.993970080800002,-18.115409811862826,17.14095290487318
COL,escs_h_cc,1,COL,both cycles,Q4-Q3,39.93661792015632,37.784284580358815,0.0,-2.152333339797508,8.425882393506184,-18.66706283106963,14.362396151474613
MEX,escs_h_cc,1,MEX,both cycles,Q1,372.3793223518855,367.3789002229955,1.22,-5.000422128889966,3.504931048985463,-11.870086984901473,1.8692427271215415
MEX,escs_h_cc,1,MEX,both cycles,Q2,387.22261882096774,385.1116558588566,1.22,-2.1109629621111594,3.5384894239057507,-9.04640223296643,4.824476308744112
MEX,escs_h_cc,1,MEX,both cycles,Q3,400.89707521297294,398.6367858186697,1.22,-2.2602893943032427,4.7165750219469915,-11.504776437319347,6.984197648712861
MEX,escs_h_cc,1,MEX,both cycles,Q4,429.1172999509612,424.2592934960089,1.22,-4.85800645495226,5.495234983293857,-15.62866702220822,5.912654112303699
MEX,escs_h_cc,1,MEX,both cycles,Q2-Q1,14.843296469082247,17.732755635861054,0.0,2.8894591667788063,3.808535544525785,-4.575270500491732,10.354188834049346
MEX,escs_h_cc,1,MEX,both cycles,Q3-Q1,28.517752861087445,31.257885595674168,0.0,2.740132734586723,4.891272105846387,-6.846760592872194,12.32702606204564
MEX,escs_h_cc,1,MEX,both cycles,Q4-Q1,56.73797759907569,56.8803932730134,0.0,0.14241567393770538,5.8841108256348935,-11.390441544306686,11.675272892182097
MEX,escs_h_cc,1,MEX,both cycles,Q3-Q2,13.674456392005197,13.525129959813114,0.0,-0.1493264321920833,4.372413809314624,-8.719257498448746,8.42060463406458
MEX,escs_h_cc,1,MEX,both cycles,Q4-Q2,41.894681129993444,39.14763763715234,0.0,-2.747043492841101,5.619153339185401,-13.760584037644488,8.266497051962286
MEX,escs_h_cc,1,MEX,both cycles,Q4-Q3,28.220224737988246,25.62250767733923,0.0,-2.5977170606490176,5.267801300766347,-12.922607610151058,7.727173488853023
PER,escs_h_cc,1,PER,both cycles,Q1,353.405288727708,353.60269519596443,1.22,0.1974064682564176,3.97500432050649,-7.593601999936302,7.9884149364491375
PER,escs_h_cc,1,PER,both cycles,Q2,379.133979102882,376.98436733566007,1.22,-2.149611767221927,4.878199846996907,-11.710883467335865,7.411659932892011
PER,escs_h_cc,1,PER,both cycles,Q3,403.06154591680615,401.43294384945887,1.22,-1.6286020673472876,5.405513519221762,-12.22340856502194,8.966204430327364
PER,escs_h_cc,1,PER,both cycles,Q4,438.58771845714,434.88528841724684,1.22,-3.7024300398931587,6.447698187113227,-16.339918486635085,8.935058406848766
PER,escs_h_cc,1,PER,both cycles,Q2-Q1,25.728690375173983,23.381672139695638,0.0,-2.3470182354783446,4.680719867143022,-11.521229175078668,6.827192704121979
PER,escs_h_cc,1,PER,both cycles,Q3-Q1,49.65625718909814,47.830248653494436,0.0,-1.8260085356037052,5.764693190155347,-13.124807188308186,9.472790117100775
PER,escs_h_cc,1,PER,both cycles,Q4-Q1,85.18242972943199,81.28259322128241,0.0,-3.8998365081495763,6.998002766490909,-17.615921930471757,9.816248914172604
PER,escs_h_cc,1,PER,both cycles,Q3-Q2,23.92756681392416,24.4485765137988,0.0,0.5210096998746394,5.1640935764378915,-9.600613709943628,10.642633109692907
PER,escs_h_cc,1,PER,both cycles,Q4-Q2,59.453739354258005,57.90092108158677,0.0,-1.5528182726712316,7.227571696379643,-15.718858797575331,12.613222252232868
PER,escs_h_cc,1,PER,both cycles,Q4-Q3,35.526172540333846,33.452344567787975,0.0,-2.073827972545871,6.7818145095496325,-15.36618441126315,11.218528466171408
URY,escs_h_cc,1,URY,both cycles,Q1,378.21097524203645,373.9916511022719,1.22,-4.219324139764581,3.9971891438232876,-12.053814861658225,3.6151665821290626
URY,escs_h_cc,1,URY,both cycles,Q2,397.50668320392344,399.325053066333,1.22,1.8183698624095541,4.555239765694645,-7.10990007835195,10.746639803171059
URY,escs_h_cc,1,URY,both cycles,Q3,421.886381442136,419.51251410206004,1.22,-2.3738673400759467,4.427473565173668,-11.051715527816336,6.303980847664443
URY,escs_h_cc,1,URY,both cycles,Q4,466.2061963291254,468.54164412384625,1.22,2.335447794720835,5.4417665841817495,-8.330414710275393,13.001310299717064
URY,escs_h_cc,1,URY,both cycles,Q2-Q1,19.29570796188699,25.333401964061125,0.0,6.037694002174135,5.1672877882043435,-4.0901900627063785,16.165578067054646
URY,escs_h_cc,1,URY,both cycles,Q3-Q1,43.67540620009953,45.520862999788164,0.0,1.845456799688634,4.989975447265971,-7.934895076952669,11.625808676329937
URY,escs_h_cc,1,URY,both cycles,Q4-Q1,87.99522108708896,94.54999302157438,0.0,6.554771934485416,6.234849048736935,-5.665532201038976,18.77507607000981
URY,escs_h_cc,1,URY,both cycles,Q3-Q2,24.37969823821254,20.18746103572704,0.0,-4.192237202485501,5.121277552298056,-14.229941204989691,5.84546680001869
URY,escs_h_cc,1,URY,both cycles,Q4-Q2,68.69951312520197,69.21659105751326,0.0,0.5170779323112811,6.243360567740257,-11.719908780459622,12.754064645082185
URY,escs_h_cc,1,URY,both cycles,Q4-Q3,44.319814886989434,49.029130021786216,0.0,4.709315134796782,6.080750911973432,-7.208956652671144,16.627586922264708
LATAM7,escs_h_cc,7,"ARG,BRA,CHL,COL,MEX,PER,URY",both cycles,Q1,365.0421509150596,362.5742751176298,1.22,-2.4678757974298264,1.8495918778577227,-6.093075878030962,1.15732428317131
LATAM7,escs_h_cc,7,"ARG,BRA,CHL,COL,MEX,PER,URY",both cycles,Q2,383.7084590619511,383.85324229255014,1.22,0.14478323059904596,2.0227831704820125,-3.8198717835456986,4.1094382447437905
LATAM7,escs_h_cc,7,"ARG,BRA,CHL,COL,MEX,PER,URY",both cycles,Q3,402.2508179097648,404.93064079377524,1.22,2.6798228840104343,2.174161085701121,-1.581532843963763,6.941178611984632
LATAM7,escs_h_cc,7,"ARG,BRA,CHL,COL,MEX,PER,URY",both cycles,Q4,439.73118358544025,443.3896139569892,1.22,3.6584303715489455,2.667684465540957,-1.57023118091133,8.887091924009221
LATAM7,escs_h_cc,7,"ARG,BRA,CHL,COL,MEX,PER,URY",both cycles,Q2-Q1,18.66630814689148,21.278967174920354,0.0,2.6126590280288724,1.787456004966765,-0.8907547417059867,6.1160727977637315
LATAM7,escs_h_cc,7,"ARG,BRA,CHL,COL,MEX,PER,URY",both cycles,Q3-Q1,37.2086669947052,42.35636567614546,0.0,5.147698681440261,2.0092919459962157,1.209486467287678,9.085910895592843
LATAM7,escs_h_cc,7,"ARG,BRA,CHL,COL,MEX,PER,URY",both cycles,Q4-Q1,74.68903267038064,80.81533883935941,0.0,6.126306168978772,2.694736076035656,0.8446234599488864,11.407988878008657
LATAM7,escs_h_cc,7,"ARG,BRA,CHL,COL,MEX,PER,URY",both cycles,Q3-Q2,18.542358847813716,21.077398501225105,0.0,2.5350396534113884,1.8668492240449364,-1.1239848257166867,6.194064132539463
LATAM7,escs_h_cc,7,"ARG,BRA,CHL,COL,MEX,PER,URY",both cycles,Q4-Q2,56.02272452348916,59.53637166443906,0.0,3.5136471409498995,2.538009740566535,-1.4608519505605093,8.48814623246031
LATAM7,escs_h_cc,7,"ARG,BRA,CHL,COL,MEX,PER,URY",both cycles,Q4-Q3,37.48036567567544,38.458973163213955,0.0,0.9786074875385111,2.388279462964917,-3.702420259872726,5.659635234949748
