index,cnt,n_systems,Q1_2022,Q1_2025,Q1_change,Q1_se,Q2_2022,Q2_2025,Q2_change,Q2_se,Q3_2022,Q3_2025,Q3_change,Q3_se,Q4_2022,Q4_2025,Q4_change,Q4_se,Q2-Q1_2022,Q2-Q1_2025,Q2-Q1_change,Q2-Q1_se,Q3-Q1_2022,Q3-Q1_2025,Q3-Q1_change,Q3-Q1_se,Q4-Q1_2022,Q4-Q1_2025,Q4-Q1_change,Q4-Q1_se,Q3-Q2_2022,Q3-Q2_2025,Q3-Q2_change,Q3-Q2_se,Q4-Q2_2022,Q4-Q2_2025,Q4-Q2_change,Q4-Q2_se,Q4-Q3_2022,Q4-Q3_2025,Q4-Q3_change,Q4-Q3_se
escs,AUS,36,438.97661237269875,436.5628097739432,-2.4138025987555807,3.708723198560315,471.21715914223785,467.3465326030463,-3.870626539191562,3.889457047844889,505.8084628497148,502.70366866752045,-3.1047941821943255,4.170597132237978,539.4933772885531,518.6557492359486,-20.837628052604487,4.193877528389766,32.240546769539144,30.78372282910305,-1.4568239404360952,4.513664870949469,66.83185047701599,66.14085889357735,-0.6909915834386453,4.715724153910193,100.51676491585421,82.09293946200549,-18.42382545384872,5.035260969279339,34.591303707476854,35.357136064474304,0.7658323569974499,3.878558294996406,68.27621814631505,51.30921663290245,-16.967001513412598,4.46932153586681,33.684914438838206,15.952080568428148,-17.732833870410058,4.218315220329291
escs,AUT,36,435.1286147913591,437.7315750197008,2.602960228341715,4.972672017903611,472.95826548052645,470.5526095755411,-2.4056559049853377,5.329172987320371,509.695670298972,497.53505700363877,-12.160613295333235,4.5149981433958315,541.6185435190389,519.1708117938604,-22.447731725178528,4.379447724305388,37.82965068916732,32.821034555840264,-5.00861613332706,5.6821391642597225,74.56705550761292,59.803481983937886,-14.763573523675035,5.110111753387323,106.48992872767981,81.43923677415958,-25.05069195352023,5.429707051816438,36.7374048184456,26.982447428097622,-9.754957390347975,5.574055504067065,68.66027803851247,48.618202218319304,-20.04207582019317,5.680492847968098,31.92287322006688,21.635754790221682,-10.287118429845197,4.5440576412486715
escs,BEL,36,434.451315424372,439.18543955204785,4.734124127675841,5.027250135833019,470.32426591421074,470.8772051298535,0.5529392156427662,4.976145068220553,509.3557811112813,510.67257183264945,1.316790721368136,4.7476013920583915,551.3603018968894,536.3684662851011,-14.991835611788247,5.065838056980223,35.872950489838786,31.691765577805675,-4.18118491203311,5.276060785394493,74.90446568690933,71.48713228060167,-3.4173334063076624,5.664009588691857,116.90898647251738,97.18302673305328,-19.725959739464102,6.682974903498522,39.03151519707056,39.79536670279599,0.7638515057254267,4.587230673662924,81.03603598267861,65.4912611552476,-15.544774827431013,5.941162687574295,42.00452078560806,25.69589445245162,-16.30862633315644,5.168948762788326
escs,CAN,36,459.5978885306214,453.29224600929564,-6.305642521325751,3.4996877949866847,487.3517088071743,485.7355596913884,-1.6161491157859018,3.576485543628723,512.4757946343714,513.7602712448706,1.2844766104992686,3.579100176602225,536.0723755825184,516.1231545611,-19.94922102141834,4.130585984570519,27.75382027655283,32.44331368209283,4.689493405539999,4.038170963882741,52.877906103749865,60.46802523557494,7.590119131825077,4.251729522480226,76.47448705189696,62.83090855180426,-13.643578500092701,4.534340206617296,25.124085827197035,28.02471155348211,2.9006257262850745,3.862877867929606,48.72066677534414,30.387594869711428,-18.333071905632714,4.478642459785642,23.596580948147107,2.3628833162293175,-21.23369763191779,3.8425517024719915
escs,CHE,36,453.60625503499233,455.838053575515,2.231798540522675,4.891155528117416,493.15876524622263,487.5677043910911,-5.591060855131502,5.215944623012476,523.5141315413852,524.9524461865267,1.4383146451415314,5.33953004464376,570.6453550208513,553.6292851834409,-17.01606983741044,4.8253487151297385,39.552510211230384,31.72965081557619,-7.822859395654195,5.384763932382158,69.90787650639287,69.11439261101168,-0.7934838953811862,5.990608781761943,117.03909998585895,97.79123160792588,-19.247868377933074,6.305902976574335,30.355366295162487,37.384741795435495,7.029375500273009,5.830873169740141,77.48658977462858,66.06158079234972,-11.425008982278868,5.681684360620371,47.13122347946609,28.676838996914206,-18.45438448255188,5.652334938580391
escs,CHL,36,383.74230080287316,377.5920471563294,-6.150253646543774,4.340869651713312,403.4320295756664,392.04530464802474,-11.386724927641637,4.477111323408726,415.17643839549316,408.3447237308966,-6.831714664596575,4.875790888073509,452.85221006260934,447.28867092451276,-5.563539138096587,5.00742571189373,19.689728772793195,14.453257491695371,-5.236471281097824,4.9977418156483004,31.434137592619997,30.75267657456722,-0.6814610180527758,5.489630684642367,69.10990925973617,69.69662376818329,0.5867145084471161,6.427389737508871,11.744408819826806,16.29941908287185,4.555010263045045,5.461124779872812,49.420180486942975,55.24336627648792,5.823185789544944,5.823169648511358,37.675771667116166,38.94394719361607,1.2681755264999026,5.484914663034987
escs,COL,36,351.657763356477,350.4688905562199,-1.1888728002571156,4.18235015158451,369.6691864423028,373.1685363601852,3.499349917882398,4.321940192854321,384.2044345673045,388.05745567716866,3.853021109864187,6.0554053016144325,430.21297769345813,428.55562757004145,-1.657350123416677,8.655759369129896,18.011423085825832,22.69964580396538,4.688222718139549,4.835601273747246,32.54667121082752,37.588565120948765,5.041893910121246,5.83182031684123,78.5552143369812,78.08673701382163,-0.46847732315956137,9.249389483545936,14.535248125001687,14.888919316983385,0.3536711919816984,5.15216311844718,60.543791251155355,55.38709120985625,-5.1567000412991035,8.830439522606861,46.00854312615367,40.49817189287286,-5.510371233280807,7.5383667792499045
escs,CZE,36,428.9014391338052,431.56311294433533,2.6616738105301465,4.934781204746273,476.42242340967306,466.15347983593244,-10.268943573740614,4.9938589554965755,499.902978948014,493.6638790034801,-6.239099944533905,4.675377965643921,544.5080844619733,530.9900993283136,-13.51798513365975,5.241894456616048,47.5209842758679,34.5903668915971,-12.930617384270803,5.2224485480344,71.00153981420878,62.10076605914469,-8.900773755064094,5.499665708150145,115.60664532816811,99.42698638397817,-16.17965894418994,6.713890990061127,23.480555538340873,27.510399167547583,4.0298436292067095,5.464578267943793,68.0856610523002,64.83661949238106,-3.249041559919135,5.664743703953137,44.605105513959344,37.32622032483348,-7.278885189125866,5.751069597243363
escs,DEU,36,429.88204526466086,418.74759760516855,-11.13444765949231,5.708117432263484,464.3868271958865,464.0706669062015,-0.3161602896850013,5.943688337376492,489.77523208959917,490.5816160362645,0.8063839466653349,5.960799262859302,541.3776742167628,530.4703229704779,-10.907351246284861,5.532460334127443,34.50478193122561,45.32306930103306,10.81828736980745,6.252555109564733,59.89318682493833,71.83401843109598,11.940831606157651,6.476422209451542,111.49562895210197,111.7227253653095,0.2270964132075335,6.920399873168733,25.38840489371272,26.510949130062908,1.122544236350187,5.765103790890639,76.99084702087636,66.39965606427643,-10.591190956599931,6.412995220331474,51.602442127163634,39.888706934213516,-11.713735192950118,5.960467406832288
escs,DNK,36,451.3140857859506,443.7175600511688,-7.596525734781835,4.0632065290456305,479.7356217560099,467.20727426428004,-12.528347491729846,4.694911632531903,507.018983832858,495.65257456875025,-11.366409264107745,5.047487126929761,525.2871451650564,501.6250539942774,-23.66209117077898,4.921462115854277,28.421535970059313,23.489714213111263,-4.93182175694805,5.408989827813849,55.704898046907374,51.935014517581465,-3.7698835293259094,5.4277462884276035,73.97305937910572,57.90749394310858,-16.065565435997144,6.142991482316721,27.283362076848057,28.4453003044702,1.1619382276221444,5.545567405980156,45.551523409046425,34.41777972999731,-11.133743679049118,5.56098484610616,18.268161332198368,5.972479425527103,-12.295681906671264,6.298768016280938
escs,ESP,36,433.6611740720662,423.16915421510186,-10.492019856964362,3.4796982736378177,458.50708848554376,447.0628904999875,-11.444197985556286,2.973244055221863,485.3166461110868,477.5218691697026,-7.794776941384214,3.694099428123061,519.9517848925819,495.7848001192815,-24.16698477330044,3.1730649219452616,24.84591441347759,23.89373628488566,-0.9521781285919317,3.314858533994612,51.655472039020616,54.35271495460072,2.697242915580105,4.0488371792486,86.29061082051582,72.61564590417967,-13.674964916336151,4.033393780045848,26.80955762554303,30.458978669715066,3.649421044172037,3.2059278672153546,61.444696407038236,48.72190961929401,-12.722786787744226,3.2552140655283464,34.63513878149521,18.262930949578948,-16.37220783191626,3.4518421397063763
escs,EST,36,472.35670035031916,468.35541125252075,-4.001289097798406,4.457964466369737,495.8221183898818,495.3324492436156,-0.48966914626618063,4.5318165777921235,520.464899704072,528.9488095631023,8.483909859030291,5.053732745794244,553.435402850025,544.1129050152242,-9.322497834800743,4.829359988505896,23.465418039562543,26.977037991094893,3.5116199515323494,5.317275300360369,48.108199353752916,60.593398310581506,12.48519895682859,5.71730049706307,81.07870249970578,75.75749376270349,-5.321208737002294,6.231583616952272,24.642781314190376,33.616360319486624,8.973579005296248,5.2653148161763585,57.61328446014325,48.78045577160858,-8.832828688534669,5.507214300951192,32.970503145952875,15.164095452121956,-17.80640769383092,5.246140102535285
escs,FIN,36,446.15409636684745,437.7511423592863,-8.402954007561164,3.740636795292405,469.8924385700173,459.57001949157694,-10.322419078440362,4.222909082744098,498.5125096556609,491.30639946145675,-7.206110194204143,4.222920601806772,529.3074388801626,508.6139633979692,-20.693475482193435,4.299465677375322,23.738342203169914,21.818877132290663,-1.9194650708792516,4.530571573303257,52.358413288813495,53.55525710217044,1.1968438133569421,4.275791869993504,83.15334251331528,70.86282103868282,-12.290521474632456,4.685665106781923,28.620071085643577,31.73637996987977,3.1163088842361937,4.4527509571847,59.41500031014539,49.043943906392165,-10.371056403753222,4.786075455946071,30.794929224501807,17.307563936512395,-13.487365287989412,4.7095508274366935
escs,FRA,36,421.9828477276331,419.69897540981685,-2.2838723178162468,5.063774254412301,456.79931307091476,449.4688933417527,-7.330419729162088,5.492981525643405,489.1750813126281,478.82795432762003,-10.34712698500806,5.03800847167019,534.4778419808671,514.1664152453308,-20.311426735536315,5.597639512156068,34.816465343281635,29.769917931935776,-5.046547411345859,5.981009638912275,67.19223358499497,59.12897891780324,-8.063254667191728,5.909517760276277,112.49499425323393,94.46743983551399,-18.02755441771994,6.713007060861328,32.37576824171333,29.359060985867462,-3.016707255845869,5.067013042102944,77.67852890995229,64.69752190357822,-12.981007006374071,5.91488364799651,45.30276066823895,35.33846091771075,-9.964299750528205,4.8646118819613
escs,GBR,36,458.0283029737828,451.9986949426699,-6.0296080311129,4.565769785444105,479.21833711402786,480.4002054014633,1.1818682874354636,4.792408644609472,495.949313269388,506.8291165754005,10.87980330601249,4.8678628138465765,544.2689396992942,538.5365482196673,-5.732391479626813,6.940911911438027,21.19003414024518,28.401510458793535,7.211476318548353,5.770838027351313,37.92101029560536,54.83042163273065,16.909411337125285,6.014322967029916,86.24063672551154,86.53785327699752,0.29721655148598813,8.185941659669156,16.730976155360178,26.428911173937102,9.697935018576924,5.41859350706267,65.05060258526635,58.13634281820399,-6.9142597670623545,7.869206518480949,48.319626429906165,31.707431644266887,-16.61219478563928,6.8172535358900115
escs,GRC,36,397.94179913396613,388.67151220593576,-9.270286928030373,4.808782031630529,415.4741943154562,411.86527697814506,-3.6089173373111407,4.871502591860269,436.05487594965325,442.26011068790024,6.205234738246986,5.319747064701731,473.5139906315433,465.29499624630824,-8.218994385235078,5.949412382148027,17.532395181490113,23.193764772209324,5.661369590719211,5.404914400672918,38.113076815687194,53.58859848196452,15.475521666277324,5.771070648709037,75.57219149757725,76.62348404037246,1.0512925427952098,6.806155464045838,20.580681634197084,30.394833709755193,9.814152075558109,4.739521450113158,58.039796316087134,53.429719268163126,-4.610077047924008,5.786019842224106,37.45911468189005,23.03488555840793,-14.424229123482121,5.748432393444864
escs,HUN,36,413.859737724975,409.8160769289117,-4.043660796063307,5.501067292965391,455.35282625631163,448.25668516032994,-7.096141095981693,5.275286542363018,490.07008659962486,478.6249351086162,-11.44515149100863,5.243067668612,534.9322428926258,513.6617206234889,-21.270522269136904,6.51145009200562,41.493088531336625,38.440608231418246,-3.052480299918379,6.125597182852122,76.2103488746499,68.80885817970456,-7.401490694945338,6.737237626924761,121.07250516765085,103.84564369457728,-17.22686147307357,8.455643875001856,34.71726034331326,30.368249948286312,-4.349010395026944,5.484736831720985,79.57941663631422,65.40503546315904,-14.174381173155183,7.467749703627258,44.86215629300096,35.03678551487272,-9.825370778128239,6.302808857880158
escs,IRL,36,456.84433186887,446.31504734956906,-10.529284519300916,4.240266378223053,478.19875730629076,467.47609930265133,-10.722658003639424,4.326710925552722,504.53492262434884,495.9647245018033,-8.570198122545548,4.0826819604507945,530.4818655749665,518.7869137587438,-11.69495181622267,4.484519068532355,21.354425437420844,21.161051953082154,-0.1933734843386894,4.745541755567508,47.69059075547891,49.64967715223416,1.9590863967552536,5.1829450373437815,73.63753370609662,72.47186640917465,-1.165667296921967,5.258624801000086,26.33616531805806,28.48862519915201,2.15245988109395,4.9578143286168155,52.28310826867579,51.3108144560925,-0.9722938125832883,5.166848906254779,25.94694295061773,22.822189256940494,-3.124753693677235,5.004376450089751
escs,ISL,36,422.28283882683826,428.08928054708974,5.806441720251485,4.415254574747548,454.6921690744615,451.48332094824957,-3.208848126211933,5.27307826128697,469.3419673796595,471.8096819909235,2.4677146112640003,4.422587606882122,494.554244838372,486.4016563692152,-8.152588469156797,4.858751298405421,32.40933024762329,23.39404040115979,-9.0152898464635,6.85719377166544,47.059128552821235,43.72040144383375,-3.3387271089874844,6.0156576360838345,72.27140601153368,58.31237582212536,-13.959030189408324,6.603444917245339,14.649798305197947,20.32636104267396,5.6765627374760115,6.588826176418148,39.8620757639104,34.91833542096558,-4.943740342944814,7.019747265102454,25.212277458712453,14.59197437829162,-10.620303080420832,6.17475204839167
escs,ISR,36,397.94268556239,400.93262055972707,2.989934997337059,5.339184268121214,439.2060442050156,439.87078006178865,0.6647358567730635,6.024073294014132,483.2496379447304,469.9225687756757,-13.32706916905471,6.496627778829289,522.286469140109,483.76087524518516,-38.52559389492387,6.922045701143305,41.26335864262558,38.93815950206157,-2.32519914056401,6.921961181920342,85.30695238234043,68.9899482159487,-16.317004166391726,7.321914938644272,124.3437835777191,82.82825468545805,-41.515528892261045,7.68863489135207,44.04359373971485,30.051788713887124,-13.991805025827727,5.795372993222716,83.08042493509352,43.890095183396475,-39.19032975169704,7.449249738760426,39.03683119537866,13.838306469509353,-25.198524725869305,6.511638758197056
escs,ITA,36,429.91589700009615,430.8489990045405,0.9331020044443221,4.884008695194582,462.74152270799294,458.4806832781234,-4.26083942986952,5.520513578342341,480.26841366682936,480.34741218196814,0.0789985151387782,5.5614312773786425,515.0954022944693,509.94041574187423,-5.154986552595062,6.821684182870583,32.825625707896734,27.631684273583016,-5.193941434313718,5.392968867739616,50.35251666673317,49.49841317742758,-0.8541034893055937,5.871367344119086,85.17950529437312,79.09141673733377,-6.088088557039342,7.55930092943644,17.52689095883644,21.866728903844564,4.339837945008124,5.328537781564059,52.35387958647639,51.459732463750754,-0.8941471227256343,6.9492580178563905,34.82698862763994,29.59300355990619,-5.233985067733752,5.781459185723779
escs,JPN,36,494.45177963717407,486.37037556502503,-8.081404072149041,7.2057543577689405,525.5848272124792,519.156592604347,-6.428234608132243,5.779900283425471,549.1784046282955,542.1383658030475,-7.040038825248075,6.877715750636329,575.3252405406398,565.219655776735,-10.105584763904858,7.531443153104433,31.133047575305273,32.78621703932194,1.653169464016667,5.9928495179260315,54.726624991121454,55.767990238022506,1.0413652469010515,7.533535243010862,80.87346090346566,78.8492802117099,-2.0241806917557597,9.648944989695233,23.593577415816185,22.98177319870056,-0.6118042171156262,6.1186731927124,49.74041332816038,46.06306317238794,-3.6773501557724373,7.749110134926724,26.146835912344194,23.081289973687387,-3.0655459386568076,6.73953703143885
escs,KOR,36,479.44097127897277,474.1220912787177,-5.318880000255092,7.847053734517286,515.6711234589997,518.5907964839895,2.9196730249898337,7.150677944324897,539.8457990617051,546.2765307953186,6.430731733613584,7.334426571330089,576.8748546107647,564.478245839529,-12.39660877123572,7.875760102172175,36.230152180026984,44.46870520527176,8.238553025244777,6.555005160236893,60.40482778273243,72.15443951660095,11.749611733868512,8.553689317271358,97.4338833317918,90.35615456081128,-7.077728770980528,9.773946857752916,24.174675602705452,27.685734311329192,3.5110587086237395,7.322441711776633,61.20373115176483,45.887449355539516,-15.316281796225311,8.595064854126898,37.02905554905938,18.201715044210324,-18.827340504849055,8.835519317572963
escs,LTU,36,432.4482503709095,440.7342899409647,8.286039570055209,4.158839497919097,458.64889390894496,464.6764758345174,6.027581925572463,4.094268351501219,489.3318996868064,493.1572670996485,3.82536741284207,4.6875355045719935,524.5902719130611,506.9014197698537,-17.688852143207384,4.72897957668438,26.20064353803546,23.94218589355279,-2.2584576444826716,4.965054125915984,56.883649315896946,52.422977158683764,-4.460672157213182,5.610098190192921,92.14202154215161,66.16712982888896,-25.97489171326265,6.146638303144027,30.683005777861478,28.48079126513097,-2.2022145127305066,5.406633285034032,65.94137800411616,42.224943935336185,-23.716434068779975,5.748824378782572,35.258372226254686,13.74415267020521,-21.514219556049476,5.114240677588809
escs,LVA,36,447.5514990302653,438.6929810049563,-8.858518025308967,3.906831911994536,470.8977731916886,462.1931994978504,-8.7045736938382,4.675290360438512,494.21945060932705,480.83165076204097,-13.38779984728609,4.613221485758781,522.2613639074527,496.9900341708897,-25.27132973656302,4.076180246106994,23.34627416142326,23.50021849289409,0.15394433147082864,5.049253746357087,46.66795157906176,42.13866975708458,-4.529281821977179,4.86290250621449,74.70986487718741,58.2970531659333,-16.412811711254115,5.094609859696224,23.3216774176385,18.63845126419049,-4.683226153448011,5.705532392482722,51.36359071576417,34.796834673039214,-16.566756042724954,5.439130251941523,28.04191329812566,16.15838340884872,-11.88352988927694,5.592973416353184
escs,MEX,36,369.1964651437033,362.65924264442464,-6.537222499278641,3.5235875115963893,385.84056690470385,381.73170253905545,-4.108864365648401,3.4429970018569342,397.7417315451392,392.3017928341875,-5.439938710951708,5.0102956764208955,427.6472404806056,419.82681578657264,-7.820424694032965,5.681407512662047,16.64410176100052,19.07245989463082,2.428358133630301,3.791286095852565,28.545266401435946,29.64255018976288,1.0972837883269335,5.07466134877016,58.45077533690228,57.16757314214802,-1.28320219475426,5.9501695767355525,11.901164640435429,10.570090295132058,-1.3310743453033709,4.781251024722575,41.80667357590177,38.095113247517205,-3.7115603283845644,5.7719571913094505,29.905508935466344,27.52502295238515,-2.3804859830811935,5.804502422314497
escs,NLD,36,446.3214143251782,439.03543032390144,-7.285984001276745,6.798875424813778,470.0173360398135,471.34509396498487,1.3277579251713973,7.123083693605539,515.145888816626,509.047597970234,-6.09829084639199,6.331007393984885,552.3206429212703,540.7791481886121,-11.54149473265818,5.634613872929388,23.6959217146353,32.30966364108351,8.61374192644821,6.875017605371433,68.82447449144783,70.01216764633254,1.1876931548847125,8.074716164715593,105.99922859609205,101.74371786471072,-4.255510731381335,8.678668414216002,45.128552776812526,37.70250400524903,-7.426048771563494,6.682279285866138,82.30330688145673,69.43405422362721,-12.86925265782952,7.853088684814967,37.174754104644215,31.731550218378175,-5.443203886266041,6.229022018328359
escs,NOR,36,431.3932074183701,412.9422446023315,-18.450962816038555,3.94924376832414,459.68201916040306,447.81455184428285,-11.867467316120212,4.677549156755774,481.5845768948431,475.9018570209399,-5.682719873903238,4.826711950808584,512.1265226825897,491.22128385362174,-20.905238828967924,5.019995006453943,28.288811742033023,34.87230724195145,6.583495499918424,5.196839208593183,50.19136947647313,62.95961241860833,12.768242942135203,5.354405538948387,80.7333152642195,78.27903925129024,-2.454276012929256,5.825730852374638,21.9025577344401,28.087305176656884,6.184747442216782,5.361118734597024,52.44450352218648,43.406732009338796,-9.037771512847684,5.5138403862106715,30.54194578774638,15.31942683268191,-15.22251895506447,5.49825982678902
escs,NZL,36,430.45712118097225,446.1215921063713,15.66447092539903,4.363275186706655,471.7584337442906,470.17577272852907,-1.5826610157615164,5.066145217028284,500.6554963140255,503.8969914073783,3.241495093352796,5.1027396899623625,532.2354330331952,531.8551572139542,-0.380275819241092,5.222879677050609,41.30131256331839,24.05418062215774,-17.24713194116065,5.450155657880572,70.19837513305329,57.775399301007,-12.42297583204629,5.874193607832838,101.77831185222298,85.7335651075829,-16.04474674464008,6.721439415470293,28.897062569734913,33.72121867884926,4.824156109114348,5.902663109717417,60.476999288904594,61.67938448542516,1.2023851965205665,7.039859109833463,31.579936719169684,27.958165806575884,-3.6217709125937994,6.569893091300524
escs,POL,36,444.09502983178515,447.7890800885756,3.694050256790433,4.421930825089266,476.20093359718896,472.58642880876687,-3.6145047884220958,4.754380531795009,501.71733808068245,505.40632218439157,3.6889841037091173,5.2093865920660996,540.520618006309,529.2616794319032,-11.25893857440576,5.628599170093228,32.10590376540374,24.79734872019133,-7.308555045212408,4.844895104938978,57.622308248897355,57.617242095816025,-0.0050661530813300715,5.753556292185757,96.42558817452391,81.47259934332753,-14.952988831196379,6.929721543069338,25.516404483493613,32.819893375624694,7.303488892131082,5.269724027077876,64.31968440912017,56.67525062313621,-7.6444337859839635,6.244547514044143,38.803279925626555,23.855357247511506,-14.947922678115049,5.794943531240253
escs,PRT,36,428.79685080440294,417.6880218134112,-11.108828990991753,5.219546147583012,453.04028725142746,444.2635442588673,-8.776742992560173,5.340144890053944,480.44097511394875,473.8773361061887,-6.5636390077600595,6.259098555076859,529.3057621954681,517.0450182250831,-12.260743970384965,5.653246917777613,24.243436447024504,26.575522445456137,2.3320859984316336,4.864167211453231,51.64412430954585,56.18931429277764,4.545189983231786,5.9701199515213945,100.5089113910652,99.356996411672,-1.1519149793931973,6.762042980448507,27.40068786252134,29.6137918473215,2.21310398480016,5.976580719880371,76.26547494404068,72.78147396621587,-3.484000977824806,6.317640738567965,48.86478708151934,43.167682118894376,-5.697104962624962,5.985354918269835
escs,SVK,36,394.41913792599655,413.81165298569647,19.392515059699917,6.518975070599178,455.4679082506368,462.0528336206179,6.584925369981079,5.6311489670094605,480.823958096824,488.4162454048234,7.592287307999413,5.984006450877446,527.7042655674445,530.1457931749947,2.4415276075501424,5.816597688021295,61.04877032464028,48.241180634921456,-12.807589689718824,6.587943811256754,86.40482017082746,74.60459241912697,-11.80022775170049,8.185186559547601,133.28512764144799,116.33414018929821,-16.950987452149775,8.900564928036822,25.35604984618717,26.36341178420551,1.0073619380183416,6.4814409268134705,72.2363573168077,68.09295955437673,-4.143397762430965,7.416105532962522,46.88030747062052,41.729547770171244,-5.150759700449278,6.190188817490013
escs,SVN,36,440.45918031234896,428.8570304924712,-11.602149819877752,4.262444912759611,467.91373986276295,451.8958147248907,-16.017925137872226,4.06718550802247,500.26137082525446,484.2529378517082,-16.008432973546235,4.0907022019494566,531.9364355349999,495.5713317506628,-36.365103784337066,3.832914601358577,27.45455955041403,23.038784232419466,-4.415775317994562,5.543005813339032,59.80219051290557,55.395907359237015,-4.406283153668554,5.338232167036676,91.47725522265091,66.71430125819165,-24.762953964459257,5.881603301914593,32.347630962491536,32.35712312681755,0.009492164326012187,5.524694465240421,64.02269567223689,43.67551702577218,-20.347178646464712,5.802726243876742,31.67506470974535,11.318393898954628,-20.35667081079072,5.557107206508435
escs,SWE,36,435.60434307196374,425.1210387482614,-10.483304323702328,4.1042356969020775,466.6827097028957,458.303924864254,-8.378784838641707,4.801741516890226,499.9931825926516,495.0976093717404,-4.89557322091116,5.207013438630325,535.151867252451,505.50587333640294,-29.64599391604804,4.978597707488306,31.07836663093201,33.18288611599257,2.104519485060557,5.026853544791993,64.38883952068787,69.97657062347903,5.587731102791167,5.8104045590163995,99.54752418048736,80.38483458814147,-19.162689592345885,5.854014427346398,33.31047288975585,36.79368450748645,3.4832116177305963,5.593373076923828,68.46915754955535,47.20194847214889,-21.267209077406456,5.851338227150222,35.1586846597995,10.408263964662444,-24.750420695137052,5.164314666403919
escs,TUR,36,420.10099072328984,424.414840998544,4.31385027525414,4.229229712636896,437.9322054819195,447.3533095325133,9.42110405059384,4.2988379226949025,453.0145650308012,463.9074110393387,10.892846008537504,4.816957240400711,501.7225472453541,519.994408569124,18.271861323769826,5.684134478655465,17.831214758629635,22.93846853396939,5.107253775339757,5.141528374246333,32.91357430751136,39.49257004079472,6.578995733283357,5.773797868438647,81.62155652206428,95.57956757057998,13.9580110485157,7.0832307397486,15.082359548881726,16.554101506825326,1.4717419579435997,5.096283779458365,63.79034176343464,72.64109903661058,8.850757273175944,6.341599165148905,48.70798221455292,56.08699752978525,7.37901531523233,6.367949033744699
escs,USA,36,420.71999189716416,424.5452547435078,3.825262846343662,7.094142672192848,444.7348452578507,449.47082958385,4.735984325999311,8.045318236351559,472.765934820261,469.9687886908011,-2.797146129459918,12.69234525909908,522.7301605204188,517.5404326520244,-5.1897278683944705,17.94931000533844,24.014853360686438,24.925574840342147,0.9107214796557095,8.951386904397394,52.0459429230968,45.423533947293365,-6.622408975803438,12.50224764573925,102.01016862325466,92.99517790851641,-9.014990714738246,18.569562939418265,28.03108956241037,20.497959106951214,-7.533130455459155,12.661177942264178,77.99531526256824,68.06960306817427,-9.925712194393967,17.617867000581377,49.96422570015787,47.57164396122305,-2.3925817389348154,13.451824818603587
escs,OECD,36,431.4912490293915,428.70142817655704,-2.7898208528344526,1.4385212829871292,461.5176295969953,457.6556402223485,-3.8619893746467824,1.5204386773736642,487.96074540566303,485.3546264066034,-2.6061189990596176,1.5046898572369862,524.9496359720764,510.95207637692573,-13.997559595150676,1.5793115028475078,30.026380567603855,28.95421204579145,-1.0721685218124044,0.9724439946139942,56.46949637627158,56.65319823004639,0.18370185377481363,0.989228712309418,93.45838694268505,82.25064820036864,-11.207738742316408,1.1895479181079793,26.44311580866772,27.69898618425494,1.2558703755872216,0.9727383665856664,63.43200637508119,53.296436154577194,-10.135570220503993,1.095451520336542,36.98889056641347,25.597449970322252,-11.391440596091215,1.0252733228518163
escs_h,AUS,36,440.7582385954626,433.2574835898239,-7.500755005638723,3.807110866512861,474.5533658753998,468.87969505480544,-5.673670820594339,3.7782596883814707,507.9243782223169,500.9226668914169,-7.00171133089998,4.1818151739949005,532.7724552168659,522.2622557023864,-10.510199514479496,4.154719779635523,33.795127279937155,35.62221146498154,1.8270841850443844,4.51331129286546,67.16613962685432,67.6651833015929,0.49904367473858713,4.845818672260876,92.01421662140318,89.0047721125624,-3.0094445088407724,4.842906570551926,33.37101234691716,32.04297183661136,-1.3280405103058044,4.084888471610804,58.21908934146601,53.38256064758086,-4.83652869388515,4.371856407348199,24.848076994548855,21.339588810969513,-3.508488183579342,4.0833577794312275
escs_h,AUT,36,440.09072592235316,435.257266733063,-4.833459189290181,5.190924640101286,474.09389455740677,471.78871045511625,-2.305184102290525,5.530208823156969,509.17698542374467,497.0912221986602,-12.085763225084463,4.1745802350248,536.5486961799727,520.9410145048028,-15.607681675169943,4.456684049860392,34.00316863505361,36.53144372205321,2.5282750869995994,5.8432737109345725,69.08625950139155,61.8339554655973,-7.252304035794253,5.38269122250926,96.4579702576196,85.68374777173979,-10.774222485879818,5.575317199281064,35.08309086633794,25.302511743544084,-9.780579122793856,5.748679889708766,62.454801622565995,49.15230404968658,-13.302497572879417,5.709903856849533,27.371710756228048,23.849792306142497,-3.5219184500855505,4.575513458835577
escs_h,BEL,36,437.5045849661774,438.638171479717,1.1335865135396261,5.089463845727734,472.566228951934,469.5830830062937,-2.983145945640331,5.134942650813877,510.78901684607274,512.3627757250204,1.573758878947615,5.156042464050849,545.2080456465932,538.2476718557386,-6.960373790854533,4.605837510662707,35.06164398575657,30.94491152657672,-4.116732459179847,5.421423090926912,73.28443187989532,73.72460424530335,0.4401723654080314,6.088619036872713,107.70346068041572,99.60950037602169,-8.093960304394031,6.433559503625736,38.22278789413876,42.77969271872662,4.5569048245878605,5.061136067904321,72.64181669465916,68.66458884944495,-3.977227845214202,5.83618237896767,34.4190288005204,25.884896130718335,-8.534132669802066,5.394199008849242
escs_h,CAN,36,460.8704476901574,451.1854322206831,-9.685015469474308,3.5675977418064173,487.5434317697721,484.04042048005266,-3.5030112897194385,3.936782535507426,514.3585253563799,511.92803608714274,-2.430489269237171,3.5680634305158185,533.2065914227218,522.3270969488862,-10.87949447383562,4.086204515729163,26.6729840796147,32.85498825936966,6.182004179754962,4.346173914935859,53.488077666222566,60.7426038664596,7.254526200237038,4.374580393198733,72.33614373256448,71.14166472820304,-1.1944790043614404,4.612459588119216,26.815093586607865,27.887615607089934,1.0725220204820687,4.111357648007855,45.66315965294978,38.28667646883339,-7.376483184116388,4.7423840374577875,18.848066066341914,10.399060861743454,-8.44900520459846,4.0648774358706365
escs_h,CHE,36,456.1935404335087,454.98199490284225,-1.2115455306664558,4.83683107832057,494.16461799488206,487.2102947018204,-6.954323293061691,5.346201079993271,527.7748424992353,521.4161987100189,-6.358643789216444,5.166604416983675,562.9233361366034,558.2647599406465,-4.658576195956925,4.988044724284512,37.97107756137341,32.22829979897815,-5.742777762395264,5.229331520107591,71.58130206572658,66.43420380717662,-5.14709825854996,5.973347401187656,106.72979570309482,103.28276503780425,-3.447030665290569,6.471405390989435,33.610224504353155,34.20590400819848,0.5956795038453251,5.582184018139107,68.7587181417214,71.0544652388261,2.2957470971046945,6.085670938061011,35.148493637368254,36.84856123062762,1.7000675932593623,5.730941301095083
escs_h,CHL,36,386.4567124779943,375.7383107628079,-10.718401715186417,4.287749852776754,401.52387756749664,392.5501933997592,-8.973684167737417,4.413250760689962,416.18113006209467,408.60023329909046,-7.580896763004205,4.448723076318506,451.29753676038615,449.60998503041674,-1.6875517299694138,5.028300767102332,15.067165089502334,16.81188263695133,1.7447175474489978,4.8679201242566545,29.724417584100404,32.86192253628255,3.1375049521821445,5.1233943753063125,64.84082428239182,73.87167426760877,9.030849985216946,6.325512380434005,14.657252494598072,16.050039899331217,1.392787404733145,4.778982722683954,49.77365919288949,57.05979163065744,7.286132437767954,5.481076442249788,35.116406698291414,41.00975173132623,5.893345033034819,5.308868045239464
escs_h,COL,36,353.04136595143916,350.1136548027019,-2.9277111487372736,4.051236915056,369.6315712578162,372.2424211339177,2.610849876101497,4.523130379552627,386.6252375780999,389.008967136154,2.3837295580540854,5.627968839401811,427.43944355269286,430.0988321988937,2.6593886462008527,9.219875536166452,16.590205306377015,22.12876633121578,5.538561024838764,5.024098500401235,33.58387162666077,38.895312333452104,5.3114407067913305,5.761816051945285,74.39807760125368,79.9851773961918,5.587099794938126,9.881850754087438,16.993666320283758,16.76654600223632,-0.2271203180474366,4.603381873987227,57.807872294876645,57.85641106497601,0.048538770099362694,9.055730632111679,40.814205974592895,41.08986506273969,0.27565908814679574,8.32625841867981
escs_h,CZE,36,434.48926818368665,428.5887444374974,-5.900523746189265,5.012908370355348,475.2461694887387,467.80006711979894,-7.446102368939762,4.4856045726860465,499.66398917855184,492.7080013575731,-6.9559878209787485,4.96220372502148,540.9267435050756,533.7480599751768,-7.178683529898763,5.2290322059014915,40.756901305052025,39.211322682301514,-1.5455786227505115,5.0488698902450455,65.17472099486517,64.11925692007569,-1.0554640747894837,5.365630206563719,106.43747532138904,105.15931553767942,-1.2781597837096257,6.899444841922531,24.41781968981316,24.907934237774175,0.4901145479610136,4.999465209648964,65.680574016337,65.94799285537788,0.2674188390408716,5.479773557530993,41.26275432652385,41.04005861760372,-0.2226957089201278,5.901639244082869
escs_h,DEU,36,433.65224273127313,418.960342563507,-14.691900167766107,5.369783921669437,465.6567865348934,463.4978437263079,-2.1589428085854934,6.466528921317065,493.1226211880397,491.74013582724575,-1.3824853607939644,5.390299249577053,534.720166678818,531.7749054622043,-2.945261216613744,5.8302241769698675,32.004543803620244,44.537501162800865,12.532957359180621,6.4755402661738115,59.47037845676662,72.77979326373877,13.30941480697215,6.200700364273523,101.06792394754495,112.8145628986972,11.74663895115225,6.772790104243478,27.465834653146366,28.24229210093791,0.7764574477915431,6.170996231821925,69.0633801439247,68.27706173589631,-0.7863184080283929,6.7857439590564,41.59754549077834,40.03476963495841,-1.562775855819929,5.678966445840859
escs_h,DNK,36,453.33201117977876,442.42877786632073,-10.903233313458031,4.242913953732074,484.4158300156807,466.42735784288317,-17.988472172797515,4.50404606459065,508.56920773120663,493.56681977535055,-15.00238795585608,4.724557052289088,517.0969709688125,505.98328056016163,-11.113690408650825,4.916526626307883,31.083818835901944,23.998579976562485,-7.085238859339459,5.227109690555949,55.23719655142795,51.13804190902985,-4.099154642398098,5.37789780836759,63.76495978903377,63.55450269384086,-0.21045709519290767,5.866540849531955,24.153377715526,27.139461932467366,2.986084216941368,5.36174610589005,32.68114095313181,39.55592271727837,6.874781764146562,5.384420623502344,8.527763237605807,12.416460784811004,3.8886975472051972,5.934679453574819
escs_h,ESP,36,436.35230536001393,421.17220699690597,-15.180098363107959,3.4932197729638417,459.4407467579058,446.9062478673104,-12.534498890595387,3.1677503411174035,487.1059869222686,476.28740114390246,-10.818585778366128,3.3915858683709614,514.8145540579641,499.78878033706553,-15.025773720898542,3.3215244192053244,23.08844139789183,25.734040870404424,2.6455994725125933,3.4061751505796365,50.75368156225464,55.115194146996565,4.361512584741924,3.7728864186024222,78.46224869795019,78.61657334015953,0.15432464220934605,4.0191772898592335,27.665240164362814,29.38115327659214,1.7159131122293267,3.4030555718707562,55.37380730005835,52.8825324697551,-2.4912748303032544,3.578913625428753,27.70856713569554,23.50137919316296,-4.2071879425325776,3.291899546383999
escs_h,EST,36,474.7037304242948,466.2923079696758,-8.411422454619014,4.288217436940732,495.07818264030186,496.1484537613711,1.0702711210692541,4.684780293292219,522.6894692868627,527.2533210672241,4.563851780361347,4.686860758676334,549.6016974205578,547.0727363110428,-2.5289611095149667,4.831532153547637,20.374452216007068,29.856145791695297,9.48169357568823,5.218472617082385,47.985738862567835,60.96101309754822,12.975274234980382,5.343241977041135,74.89796699626295,80.78042834136708,5.882461345104133,6.064664968796783,27.611286646560767,31.104867305852924,3.4935806592921566,4.941074396268292,54.523514780255894,50.92428254967178,-3.5992322305841142,5.425452791654892,26.912228133695123,19.819415243818856,-7.092812889876267,4.937493888349686
escs_h,FIN,36,450.551890282566,435.71290724365207,-14.83898303891391,3.659284360445318,470.9768832505544,460.2570342501973,-10.719849000357101,4.5178272272995015,499.6672221144844,489.76284273878065,-9.90437937570374,4.26839683023637,523.2059418099041,512.3873440109676,-10.81859779893648,4.278044628252905,20.424992967988477,24.54412700654516,4.119134038556684,4.580874943758406,49.11533183191839,54.04993549512849,4.934603663210098,4.418123583399268,72.65405152733807,76.6744367673155,4.020385239977429,4.367293701641341,28.690338863929913,29.505808488583323,0.8154696246534101,4.97478923390359,52.229058559349596,52.13030976077035,-0.09874879857924412,4.988909018824191,23.53871969541968,22.62450127218703,-0.9142184232326507,5.079800267103936
escs_h,FRA,36,426.9559738362943,418.59051849337095,-8.365455342923326,4.963191972636519,459.45626128316263,449.08420291988585,-10.372058363276778,5.442128909372446,487.3709261826801,478.2859973951519,-9.084928787528156,5.572404688148797,530.352511993427,517.3965856918137,-12.955926301613317,5.336926379068386,32.50028744686837,30.493684426514807,-2.0066030203535625,6.040826443320986,60.414952346385824,59.69547890178094,-0.7194734446048869,6.1168298444256015,103.39653815713287,98.80606719844252,-4.5904709586903465,6.545174152611478,27.914664899517447,29.201794475266134,1.2871295757486862,5.583631941737384,70.89625071026452,68.3123827719277,-2.583867938336823,5.735062968009374,42.98158581074706,39.110588296661575,-3.870997514085488,5.192914641115998
escs_h,GBR,36,458.29236478384536,450.9908433519744,-7.301521431870981,5.0587358557498945,480.9660431990965,480.84588058718356,-0.12016261191291733,4.4077184868298005,502.92377237030007,506.055895515311,3.132123145010951,5.03337125475785,536.4774490953749,540.127625934434,3.6501768390590996,6.85219106519111,22.673678415251096,29.855037235209057,7.1813588199579605,6.082886823985519,44.631407586454664,55.0650521633366,10.433644576881939,6.50370205636815,78.1850843115296,89.13678258245966,10.951698270930066,8.271979052819278,21.957729171203567,25.210014928127542,3.2522857569239747,5.68785988798796,55.5114058962785,59.28174534725061,3.7703394509721164,7.513130507773592,33.55367672507493,34.071730419123064,0.5180536940481346,6.636992990991569
escs_h,GRC,36,400.83288154215177,387.709991552561,-13.12288998959076,4.654325157077135,417.4171124081646,412.74147752083206,-4.675634887332535,5.029734275306977,437.7207323892486,441.19132315842046,3.4705907691718494,5.725000593577441,467.9874901514363,467.85320021528213,-0.1342899361541754,5.865827564123944,16.584230866012906,25.03148596827112,8.447255102258215,5.454701418362799,36.88785084709686,53.48133160585942,16.59348075876256,5.917661286730814,67.15460860928462,80.1432086627211,12.988600053436471,6.807698096295287,20.303619981083948,28.4498456375883,8.146225656504352,5.397817372924609,50.57037774327172,55.11172269444999,4.541344951178267,5.9974891449158925,30.266757762187773,26.66187705686168,-3.6048807053260923,6.205980798613332
escs_h,HUN,36,419.47252642600927,409.41341650474317,-10.0591099212661,5.5529630807215815,454.002787800662,447.4898823298587,-6.512905470803332,4.879590275744807,490.1930364295405,479.3144884890159,-10.878547940524584,5.712607316614465,531.7071292913085,515.0022523742108,-16.70487691709775,6.504505599623443,34.53026137465279,38.07646582511551,3.5462044504627244,5.9388371264623085,70.72051000353125,69.90107198427263,-0.8194380192586124,7.081941513048638,112.23460286529935,105.58883586946759,-6.645766995831764,8.359224158074642,36.19024862887846,31.824606159157117,-4.36564246972134,5.536278561488089,77.70434149064656,67.51237004435207,-10.191971446294488,7.31119360365039,41.5140928617681,35.68776388519496,-5.826328976573137,6.889006894072247
escs_h,IRL,36,458.66546723873734,445.3084134823633,-13.357053756374057,4.089696224467299,480.7451005625661,467.1322278614096,-13.612872701156505,4.158946313758725,503.45367829581,497.4261848114571,-6.027493484352874,4.484141542202931,527.3544213839742,519.0609318882965,-8.293489495677704,4.134883632184815,22.079633323828823,21.82381437904625,-0.25581894478257183,4.584176840401241,44.788211057072715,52.11777132909386,7.329560272021148,5.092210390494075,68.68895414523683,73.75251840593327,5.063564260696438,5.063987821202944,22.708577733243892,30.293956950047612,7.5853792168037195,4.833070925608885,46.609320821408026,51.92870402688702,5.319383205478992,5.049500043107558,23.900743088164138,21.634747076839403,-2.2659960113247344,4.840331463208428
escs_h,ISL,36,425.28132057529103,426.95978305152266,1.6784624762316298,4.656202346905958,455.67739306228793,451.5635272369902,-4.113865825297751,5.286057774537054,476.3474088436642,471.414204207705,-4.933204635959214,4.845187533172149,484.4376865849166,487.8963390174059,3.458652432489316,4.959528654210423,30.396072486996978,24.60374418546761,-5.792328301529366,7.054198793037353,51.06608826837312,44.45442115618231,-6.611667112190808,6.755873567625547,59.15636600962564,60.93655596588324,1.780189956257594,6.604859626173256,20.67001578137614,19.850676970714705,-0.819338810661435,7.134816360290237,28.760293522628654,36.33281178041564,7.572518257786985,7.079927283450256,8.090277741252516,16.48213480970093,8.391857068448415,6.8875998901834645
escs_h,ISR,36,402.17516966665096,399.9288972147041,-2.2462724519468793,5.27372993653949,448.873531518372,440.96556410960864,-7.907967408763341,5.989146525905124,490.1449297621146,473.1204903476123,-17.024439414502297,6.764180467255065,511.95515852265834,488.06575045910887,-23.889408063549467,6.295503169622526,46.698361851720996,41.036666894904656,-5.661694956816341,6.682944533093439,87.96976009546373,73.19159313290837,-14.77816696255536,7.2985558928920105,109.7799888560074,88.13685324440489,-21.643135611602517,7.283441173525651,41.27139824374273,32.15492623800371,-9.11647200573902,6.247210220506869,63.0816270042864,47.100186349500234,-15.98144065478617,7.033058676095129,21.810228760543673,14.945260111496527,-6.864968649047146,6.427683362540395
escs_h,ITA,36,435.3952156429259,429.33860391943756,-6.056611723488345,4.917260324535592,461.49849802522294,457.8736131679335,-3.6248848572894303,5.172182339583109,481.5319389802773,482.9334440872024,1.4015051069251285,6.086848698634835,510.23685861745645,509.67382086829105,-0.5630377491654031,6.6259904273253,26.10328238229705,28.53500924849599,2.4317268661989395,5.299934023061113,46.13672333735137,53.59484016776496,7.458116830413587,6.317173139604609,74.84164297453046,80.33521694885349,5.493573974323027,7.291646769553187,20.033440955054324,25.05983091926898,5.026389964214655,5.892726392576106,48.738360592233406,51.80020770035749,3.061847108124084,6.696411980681409,28.704919637179085,26.740376781088514,-1.9645428560905707,5.589455266953866
escs_h,JPN,36,498.48356632073836,483.33898977558175,-15.14457654515661,7.569077036697108,528.0121136101179,516.3530032459129,-11.659110364205048,6.023440723135182,549.152357802558,544.0938152141508,-5.0585425884071356,6.437318326452949,569.2801272064506,569.1242104933252,-0.1559167131254071,7.52546923964847,29.528547289379645,33.014013470331136,3.485466180951491,6.833809572357922,50.66879148181966,60.754825438569014,10.086033956749354,7.768825102531406,70.7965608857123,85.78522071774346,14.98865983203116,9.7099782882692,21.140244192440015,27.74081196823788,6.600567775797867,5.9598389321413405,41.26801359633265,52.77120724741233,11.503193651079677,7.5388667073435105,20.127769403892636,25.030395279174446,4.90262587528181,6.761828913409784
escs_h,KOR,36,487.57470286682855,472.82991114420554,-14.744791722623006,7.406818695375408,514.4402064998881,519.0950867568458,4.654880256957767,6.896878612409053,539.7294782554343,546.4658135745765,6.736335319142199,6.740536073001462,571.5196139245325,565.004604215365,-6.51500970916743,7.638010350317606,26.865503633059536,46.26517561264026,19.399671979580727,6.585601921642574,52.154775388605664,73.63590243037092,21.481127041765255,7.249573321830238,83.94491105770399,92.17469307115945,8.229782013455463,9.275857918102973,25.28927175554612,27.370726817730656,2.081455062184535,6.349223740717026,57.07940742464446,45.909517458519204,-11.169889966125254,7.787230313581916,31.790135669098333,18.538790640788545,-13.251345028309789,7.344448295208432
escs_h,LTU,36,435.5570405961277,439.2986234496698,3.74158285354207,4.051480191421924,461.5295852495162,464.4946076806165,2.9650224311003512,4.0520019165977095,491.80087862740675,493.3538849535218,1.553006326115053,4.388780128216791,516.5119839541646,508.79714965088516,-7.714834303279474,5.044203283273272,25.972544653388457,25.19598423094677,-0.7765604224416869,4.851227458831347,56.24383803127896,54.05526150385204,-2.1885765274269247,5.228772342231381,80.95494335803696,69.49852620121536,-11.456417156821601,6.309844828181759,30.271293377890505,28.859277272905263,-1.4120161049852413,5.0281936003772305,54.982398704648496,44.302541970268585,-10.67985673437991,5.57595427370653,24.711105326757984,15.443264697363322,-9.267840629394662,5.642829413868081
escs_h,LVA,36,450.0605169318684,437.84280403577213,-12.217712896096259,4.0901122583097855,471.1971318800186,457.3267828256846,-13.870349054334042,4.577577988833363,494.9528087949713,484.2959012846908,-10.656907510280519,4.360742208289927,519.0943727292099,499.4086366305046,-19.68573609870532,4.165505573245413,21.136614948150264,19.483978789912406,-1.6526361582378577,4.8994558780095945,44.89229186310291,46.45309724891865,1.5608053858157405,5.032595999384517,69.0338557973416,61.565832594732456,-7.468023202609146,5.341954779676793,23.755676914952648,26.969118459006246,3.213441544053598,5.425037010650578,47.897240849191334,42.08185380482005,-5.815387044371285,5.206953113435484,24.14156393423869,15.112735345813803,-9.028828588424886,5.584988945956
escs_h,MEX,36,371.4014438246137,362.8405286383285,-8.560915186285172,3.539481367526721,385.26809807046124,380.3926102468134,-4.875487823647859,3.4173407003988974,397.77049617173884,393.48513500562706,-4.285361166111784,4.5488993460214955,426.5301502490529,420.50494368667444,-6.025206562378457,5.812174978617077,13.866654245847524,17.552081608484855,3.6854273626373306,3.8763896173924848,26.369052347125137,30.64460636729849,4.275554020173352,4.651532289365542,55.12870642443919,57.66441504834586,2.5357086239066717,6.0582021129864945,12.502398101277612,13.092524758813635,0.5901266575360236,4.1887532374094825,41.26205217859167,40.11233343986101,-1.1497187387306553,5.972226164182622,28.759654077314053,27.019808681047373,-1.7398453962666807,5.332957143992278
escs_h,NLD,36,450.45874218934034,445.2446316530203,-5.2141105363200495,7.171651115500062,470.0165183586212,472.4215617462117,2.4050433875904673,7.078313853158553,517.5938027990545,513.4619500964269,-4.1318527026276115,6.8173644465678755,546.1540152970498,539.2501639511569,-6.903851345892917,5.676733518012568,19.557776169280906,27.17693009319131,7.619153923910403,7.7333633216951405,67.13506060971416,68.21731844340664,1.0822578336924806,9.619862752993743,95.69527310770947,94.00553229813654,-1.6897408095729247,8.653181663989457,47.57728444043326,41.04038835021532,-6.536896090217937,6.752261886249391,76.13749693842854,66.82860220494523,-9.308894733483314,7.690740349869276,28.56021249799529,25.788213854729907,-2.771998643265384,7.256526510178301
escs_h,NOR,36,436.65733220864195,413.8052879002313,-22.852044308410655,4.164096313814224,460.08410730812903,443.69486947642537,-16.389237831703667,4.956106622848741,485.0969394003813,477.4568447357821,-7.640094664599189,4.647609216698045,503.14295412908496,493.2732535337551,-9.869700595329846,4.939405516093303,23.42677509948707,29.889581576194075,6.462806476707005,5.3496435795369095,48.43960719173938,63.65155683555092,15.211949643811543,5.423151037588614,66.48562192044307,79.46796563352387,12.982343713080809,5.962187869943335,25.012832092252307,33.761975259356845,8.749143167104538,5.340765866378976,43.058846820956,49.57838405732979,6.519537236373793,5.96955734197636,18.046014728703692,15.81640879797295,-2.2296059307307416,5.342748472776112
escs_h,NZL,36,434.085314922285,444.222584872474,10.137269950188966,4.657559406736968,471.76901203541877,471.8973574027591,0.12834536734033009,5.00116841398359,504.05696170281834,502.1851747572115,-1.871786945606857,5.01944948522304,526.2004638360943,534.150870154821,7.950406318726664,5.364216511927384,37.68369711313379,27.674772530285015,-10.008924582848774,5.646730033844022,69.97164678053329,57.962589884737405,-12.009056895795887,6.250642010068838,92.11514891380908,89.92828528234698,-2.186863631462103,6.768841843574984,32.287949667399495,30.287817354452393,-2.000132312947102,6.198546761647954,54.431451800675305,62.25351275206195,7.822060951386646,6.868780719279691,22.14350213327581,31.96569539760956,9.822193264333752,6.7403340249198065
escs_h,POL,36,449.67934123949107,445.66521208520834,-4.0141291542827275,4.501274895789227,475.4771974507547,473.2334873231739,-2.243710127580812,4.645111483527612,502.1352762109721,507.7186856723926,5.583409461420501,5.308065686230934,535.4449980731026,528.7012999829595,-6.743698090143084,5.8497880448047646,25.797856211263714,27.568275237965537,1.7704190267018234,4.966332672225956,52.455934971481,62.05347358718412,9.597538615703122,5.731802276942282,85.76565683361146,83.03608789775103,-2.729568935860428,7.035098165560383,26.65807876021729,34.48519834921859,7.827119589001303,5.531351396584346,59.96780062234775,55.4678126597855,-4.499987962562251,6.681020949361607,33.30972186213045,20.98261431056691,-12.327107551563543,6.031707151462501
escs_h,PRT,36,428.5529943182561,416.36067528468794,-12.19231903356814,5.377704001826225,453.37083984161836,444.8801874035415,-8.490652438076836,5.520415919024882,485.3536089324217,473.58983924213436,-11.763769690287347,6.110197378216363,524.9619564228594,518.3550218292404,-6.60693459361903,5.49426131857742,24.81784552336228,28.51951211885359,3.701666595491311,4.853768215791979,56.800614614165625,57.22916395744645,0.42854934328082805,6.02595060083159,96.40896210460345,101.9943465445524,5.585384439948953,6.781408444947091,31.98276909080335,28.709651838592862,-3.27311725221049,5.528200337262331,71.59111658124118,73.47483442569879,1.8837178444576068,6.697865111367679,39.60834749043782,44.76518258710593,5.156835096668111,6.037356355442238
escs_h,SVK,36,406.26213924785196,413.5524457238929,7.290306476040939,6.304416776866956,453.78134325312686,462.86217063151446,9.080827378387596,5.896541770638325,479.3423037737487,489.86526547713345,10.522961703384738,5.115296949352342,523.5999226979648,531.6056372071912,8.005714509226436,6.0695183246264754,47.51920400527491,49.30972490762147,1.7905209023465645,6.623483375350539,73.08016452589679,76.31281975324046,3.2326552273436704,7.475507882229582,117.33778345011288,118.0531914832982,0.7154080331853265,8.868705737026783,25.560960520621894,27.00309484561898,1.4421343249970846,5.979072395977669,69.81857944483797,68.74346657567672,-1.075112869161245,7.51900858324658,44.257618924216075,41.740371730057745,-2.5172471941583296,5.731756943536327
escs_h,SVN,36,443.4768603926741,426.29654912557226,-17.180311267101843,4.357992491559507,471.2524518475616,449.46384219565635,-21.788609651905233,4.1204600778110745,503.1113963675336,482.2682271056915,-20.843169261842093,4.4711113422084265,522.8588293896076,503.26702208188647,-19.591807307721183,3.817438064111254,27.775591454887454,23.167293070083993,-4.6082983848034615,5.571054416589292,59.634535974859375,55.971677980119225,-3.6628579947401505,5.908603708027898,79.38196899693355,76.97047295631414,-2.4114960406194115,5.925290204034139,31.858944519971924,32.80438491003524,0.9454403900633146,5.694326628531767,51.60637754204608,53.80317988623017,2.1968023441840856,5.902414620642613,19.747433022074166,20.998794976194926,1.2513619541207603,6.157518135500601
escs_h,SWE,36,440.8276832183057,423.41959580392023,-17.408087414385477,4.350244794100698,470.4724354663864,458.8067226243146,-11.665712842071798,4.679786463724132,499.5355560971765,494.00369005996754,-5.5318660372089425,5.245362259170204,527.3749168521495,508.6487736109383,-18.72614324121116,5.380667422998434,29.644752248080636,35.387126820394336,5.7423745723137,5.703679926086979,58.707872878870816,70.58409425604722,11.876221377176407,6.102268290693598,86.54723363384379,85.22917780701805,-1.3180558268257414,6.289875225681779,29.063120630790188,35.196967435652894,6.133846804862706,5.687234978873159,56.902481385763146,49.842050986623704,-7.060430399139442,5.851778757544059,27.83936075497296,14.64508355097081,-13.194277204002152,5.691093656195615
escs_h,TUR,36,422.7364542796457,421.8494453233593,-0.8870089562864223,4.388475202751056,439.8934796655837,447.2603109054465,7.36683123986279,4.070866718483983,450.6121051695976,464.754361598399,14.142256428801375,4.965097923023995,499.6902090162609,522.296298846329,22.60608983006813,5.7775154049630055,17.157025385937867,25.41086558208706,8.253840196149191,4.954428400267993,27.875650889951864,42.90491627503965,15.02926538508779,5.82002593119525,76.95375473661514,100.44685352296963,23.493098786354494,6.952221114102656,10.718625504013994,17.494050692952595,6.7754251889386,5.029483550562309,59.79672935067727,75.03598794088256,15.239258590205296,7.020302938192489,49.07810384666327,57.54193724792998,8.463833401266712,6.5594766179720345
escs_h,USA,36,424.5007172309165,421.97833413814016,-2.5223830927763515,6.813046554410317,446.38527025389783,450.8534629923598,4.468192738461994,8.841653563479142,472.6907122252571,468.3287132059716,-4.361999019285463,11.27074119286596,518.3071304118789,521.8313132537776,3.5241828418986643,18.499579897052755,21.88455302298134,28.87512885421956,6.990575831238221,9.258237501956529,48.18999499434064,46.35037906783141,-1.8396159265092251,11.298867790513059,93.80641318096241,99.85297911563745,6.046565934675044,19.204495673317183,26.305441971359294,17.47525021361185,-8.830191757747443,11.309819551344344,71.92186015798106,70.9778502614179,-0.9440098965631591,18.489926020033362,45.61641818662177,53.50260004780604,7.886181861184269,13.107473830476055
escs_h,OECD,36,435.1495231582832,427.47538022483167,-7.674142933451549,1.465883242668178,462.67994736981717,457.44622949973916,-5.23371787007801,1.5192406333461024,489.61860327761286,485.4921653320315,-4.126437945581358,1.4828781294008127,519.4706258107495,513.3834007893346,-6.087225021414952,1.600907079886704,27.530424211533898,29.97084927490754,2.4404250633736417,1.0665563305264385,54.46908011932967,58.01678510719985,3.5477049878701834,0.9839153012186193,84.32110265246634,85.90802056450286,1.586917912036526,1.2033819807243669,26.93865590779577,28.045935832292308,1.1072799244965381,0.9359905528331037,56.790678440932425,55.93717128959531,-0.8535071513371122,1.1883991972760213,29.852022533136648,27.891235457303008,-1.9607870758336396,1.0416497401616076
escs_pca,AUS,36,441.7932357839075,434.1667225958689,-7.626513188038587,3.5075653834986746,472.2405897118265,465.4883974246726,-6.752192287153889,3.85644852016551,507.0882229514722,500.0888100723454,-6.999412879126794,4.265219272950431,534.8989518697535,525.5906614932607,-9.308290376492891,4.092371447220171,30.447353927918993,31.321674828803612,0.8743209008846193,4.0837734133584105,65.29498716756468,65.92208747647638,0.6271003089116931,4.646577250081837,93.10571608584607,91.42393889739166,-1.6817771884544044,4.657701637657741,34.847633239645674,34.60041264767277,-0.2472205919729049,4.20258541558071,62.65836215792708,60.10226406858808,-2.5560980893390024,4.409878809789365,27.8107289182814,25.501851420915294,-2.3088774973661046,4.105480101926543
escs_pca,AUT,36,441.813790404114,437.77917081780026,-4.034619586313738,4.961429286093981,473.67652967365285,469.97856047909664,-3.697969194556208,5.50009316284671,507.0497135173217,494.45571705376716,-12.59399646355456,4.439446028479482,537.3536949646497,522.8923103028895,-14.461384661760121,4.355912643520707,31.862739269538793,32.19938966129642,0.33665039175762956,5.794566546837515,65.23592311320772,56.67654623596695,-8.559376877240766,5.15436730614583,95.53990456053563,85.11313948508925,-10.426765075446383,5.621159908349317,33.37318384366894,24.477156574670527,-8.896027268998413,5.617509622867042,63.67716529099685,52.91374982379282,-10.763415467204027,5.600042248914379,30.303981447327914,28.436593249122296,-1.8673881982056173,4.581958447684862
escs_pca,BEL,36,437.7968232685428,441.0690545862796,3.2722313177367823,4.962844386165757,471.43888499068834,465.6527448143876,-5.786140176300762,4.861693311784946,509.2919003380026,509.49894413031024,0.2070437923076156,5.25553363820254,547.5307903967966,542.6045202224201,-4.926270174376555,4.772330158388095,33.642061722145556,24.58369022810797,-9.058371494037587,5.397278263496499,71.49507706945981,68.42988954403063,-3.065187525429181,6.143849267125243,109.73396712825388,101.5354656361404,-8.19850149211348,6.334556012507646,37.85301534731425,43.84619931592267,5.99318396860842,5.201960185358678,76.09190540610832,76.95177540803245,0.8598700019241221,5.487302658555645,38.23889005879407,33.105576092109786,-5.133313966684284,5.1671701681215945
escs_pca,CAN,36,461.0324768488551,451.16976537012135,-9.862711478733729,3.4932413473062,486.98982151363055,481.0773332161108,-5.912488297519758,3.820089924713402,512.5608260883434,510.7194369989241,-1.8413890894193514,3.71351296159571,535.4085000040639,526.5150202409416,-8.893479763122286,4.02268514829347,25.957344664775434,29.90756784598932,3.950223181213886,4.3040008194298025,51.52834923948835,59.549671628802685,8.021322389314335,4.310578904533596,74.37602315520874,75.34525487082014,0.9692317156114001,4.485214966766006,25.571004574712912,29.642103782813358,4.071099208100446,4.14764821872856,48.41867849043331,45.437687024830836,-2.9809914656024716,4.665252496249485,22.847673915720396,15.795583242017477,-7.052090673702919,3.9361788219383667
escs_pca,CHE,36,457.3453227840354,455.9946572844098,-1.3506654996255634,5.11872954728291,491.41599809393,484.11056829509914,-7.305429798830858,5.1435260133126866,526.9357388097069,520.7756486399985,-6.160090169708383,5.372834120434064,565.3321778423891,560.9846501869285,-4.347527655460567,4.68238152450041,34.070675309894746,28.115911010689295,-5.954764299205451,5.564139489632577,69.59041602567152,64.7809913555887,-4.809424670082819,6.287501380552928,107.98685505835365,104.98999290251865,-2.9968621558350037,6.5107022323935055,35.519740715776784,36.665080344899394,1.14533962912261,5.404092563626724,73.91617974845892,76.87408189182936,2.957902143370447,5.783350577437663,38.39643903268213,40.20900154692997,1.812562514247837,5.501727965857768
escs_pca,CHL,36,388.48032081532506,378.8160421109551,-9.664278704369963,4.26422008714631,401.36509299900615,389.91113052319184,-11.453962475814308,4.656437545732428,413.4634445215928,407.50356116462484,-5.959883356967964,4.632436946398528,452.14437335741104,450.27845601133015,-1.8659173460808915,4.8857815872658525,12.88477218368107,11.095088412236674,-1.7896837714443965,5.166626146579797,24.983123706267747,28.687519053669718,3.70439534740197,5.252165949993342,63.664052542086026,71.46241390037498,7.7983613582889575,6.408714334251201,12.098351522586677,17.592430641433044,5.494079118846367,5.2672598689921495,50.77928035840496,60.36732548813832,9.58804512973336,5.309468096908242,38.68092883581828,42.774894846705266,4.093966010886987,5.353204885968442
escs_pca,COL,36,354.60236610453296,354.1501848454435,-0.45218125908945694,4.0527391497349186,370.01502613801637,370.38169599202695,0.3666698540105813,4.6229605228960216,385.3812160826884,387.5794605606651,2.1982444779766865,5.620185436417112,426.71943333691524,429.35945997617745,2.640026639262203,9.385626199775372,15.412660033483444,16.23151114658334,0.8188511130998961,5.186587021989843,30.778849978155513,33.429275715221486,2.650425737065973,5.63195547296654,72.11706723238231,75.20927513073386,3.092207898351546,10.111201102786529,15.366189944672067,17.197764568638142,1.831574623966075,4.665305065557749,56.70440719889886,58.97776398415052,2.273356785251657,9.12315279003373,41.33821725422679,41.77999941551237,0.44178216128558034,8.84553583642898
escs_pca,CZE,36,436.5688451409309,431.5096177056186,-5.059227435312266,4.867597280824679,473.6093165176817,465.24591608334305,-8.363400434338644,4.83299906473465,498.959284508187,491.4298332317429,-7.529451276444092,4.980592795548043,541.1935865740891,534.6613355282175,-6.53225104587159,5.233022095935466,37.04047137675078,33.736298377724395,-3.3041729990263846,5.063173713702129,62.390439367256064,59.920215526124295,-2.4702238411317694,5.35978861890941,104.62474143315815,103.15171782259893,-1.473023610559224,6.8005649698237916,25.349967990505284,26.183917148399907,0.8339491578946223,5.299028167664965,67.58427005640736,69.41541944487453,1.8311493884671677,5.83825104621395,42.23430206590208,43.23150229647463,0.9972002305725525,6.096358630086119
escs_pca,DEU,36,436.25721869948103,422.5049857248679,-13.75223297461315,5.382509995525858,464.6771035794333,461.8982915929314,-2.778811986501921,5.963845820097468,489.888418407622,487.5693908830802,-2.3190275245418093,6.14891512750662,536.3433079480254,534.0356513778901,-2.30765657013535,5.7225758761699606,28.419884879952328,39.393305868063464,10.973420988111137,6.265925134675869,53.63119970814097,65.0644051582123,11.433205450071327,6.398683416868312,100.08608924854443,111.53066565302215,11.44457640447773,6.933666303446855,25.21131482818864,25.671099290148835,0.4597844619601936,6.210914095238053,71.66620436859212,72.1373597849587,0.4711554163665852,6.510642952928421,46.45488954040347,46.46626049480987,0.011370954406402234,6.229535700011867
escs_pca,DNK,36,452.57348992930054,443.37601347244726,-9.19747645685328,4.095866696324834,483.6980631093171,466.76321781287686,-16.934845296440244,4.876613458531509,509.13534081362525,488.96107724222657,-20.174263571398683,5.082165629633166,518.0230460091467,509.29610105137846,-8.72694495776824,4.946563182283366,31.12457318001654,23.387204340429612,-7.737368839586928,5.652592534408107,56.56185088432458,45.585063769779325,-10.976787114545253,5.270449883956052,65.44955607984609,65.9200875789312,0.47053149908511216,6.088872946218047,25.43727770430804,22.197859429349712,-3.2394182749583287,5.988243911647462,34.32498289982957,42.53288323850159,8.207900338672019,5.879248171726605,8.887705195521528,20.33502380915188,11.447318613630353,6.397852591064426
escs_pca,ESP,36,437.05043500742624,422.57802360916713,-14.472411398259112,3.285145917585998,459.6097041867739,444.838585595677,-14.771118591096922,3.24103125754685,484.4934062017478,475.62226572206873,-8.87114047967907,3.680465406013991,516.5566607977391,501.108025281958,-15.44863551578112,3.1473548531551994,22.55926917934762,22.260561986509895,-0.29870719283772473,3.409658700331528,47.44297119432156,53.0442421129017,5.601270918580141,3.881478122155734,79.5062257903129,78.53000167279086,-0.9762241175220367,3.868832909443996,24.883702014973938,30.78368012639181,5.899978111417873,3.215677092543611,56.946956610965266,56.26943968628096,-0.6775169246843049,3.5035040014611116,32.063254595991324,25.485759559889154,-6.577495036102171,3.5896777952287215
escs_pca,EST,36,475.4595687177951,466.69181826330816,-8.76775045448693,4.435963537261688,494.44526459660744,493.7274467446894,-0.7178178519180278,4.552130568423816,520.6767923216972,526.9436217039913,6.266829382294077,4.720698045259949,551.4945606862063,549.4145195705198,-2.0800411156865266,4.916556031151316,18.985695878812372,27.035628481381263,8.04993260256889,5.130089565333641,45.2172236039021,60.25180344068315,15.034579836781049,5.529339757239905,76.03499196841123,82.72270130721175,6.687709338800516,6.229611203580305,26.231527725089723,33.21617495930188,6.984647234212158,4.985195436232666,57.049296089598855,55.68707282583048,-1.362223263768378,5.261124035493565,30.817768364509128,22.470897866528595,-8.346870497980532,5.238954084065197
escs_pca,FIN,36,451.5117974273344,436.97019619489737,-14.541601232437017,3.8206424166254833,468.85763749075284,457.3713290079637,-11.486308482789127,4.137053673465797,498.32178909735103,488.3126617376297,-10.009127359721333,4.412551017035214,525.694479562628,515.4650981388794,-10.229381423748578,4.089482595965171,17.345840063418393,20.401132813066386,3.055292749647993,4.227705170050221,46.80999167001661,51.34246554273234,4.532473872715734,4.521760870164691,74.18268213529363,78.494901943982,4.3122198086883685,4.622956698737412,29.464151606598215,30.94133272966595,1.4771811230677372,4.534232960323845,56.83684207187524,58.09376913091562,1.256927059040379,4.554713582317794,27.372690465277024,27.152436401249673,-0.22025406402735115,4.927282268031631
escs_pca,FRA,36,428.9638590663344,421.25236059310726,-7.711498473227152,4.861898563764958,456.53138537023796,445.61598762322393,-10.915397747014026,5.095638280420075,487.0294821731233,476.8150639376057,-10.214418235517599,5.988851995055868,531.6493825434045,519.6964836473626,-11.952898896041916,5.17094827216651,27.567526303903634,24.363627030116646,-3.2038992737869876,5.557191925077492,58.06562310678898,55.5627033444984,-2.502919762290581,6.137719396813308,102.68552347707028,98.4441230542553,-4.241400422814976,6.309798642442425,30.498096802885346,31.199076314381756,0.7009795114964099,5.605313579154521,75.11799717316663,74.08049602413864,-1.0375011490279888,5.850903954565392,44.61990037028128,42.881419709756884,-1.7384806605243952,5.21516665633441
escs_pca,GBR,36,461.602307600221,452.52187459960135,-9.080433000619678,4.949713707129751,477.4150790490935,476.4481558341448,-0.9669232149486788,4.603371019590552,502.26663126638687,504.4650020526393,2.1983707862524398,5.191453968301332,537.3759386558212,544.5796977735265,7.203759117705317,7.019258952115125,15.812771448872502,23.92628123454343,8.11350978567093,6.188220447819856,40.66432366616587,51.94312745303787,11.278803786871997,6.632119368276785,75.77363105560016,92.057823173925,16.28419211832484,8.570110512551922,24.851552217293367,28.016846218494436,3.165294001201069,5.937110333466946,59.960859606727674,68.13154193938155,8.170682332653875,7.809273778153504,35.109307389434306,40.11469572088712,5.005388331452814,6.867917687103018
escs_pca,GRC,36,402.29774959845287,389.45715840402397,-12.840591194428896,4.57737552725071,415.80439095396406,411.3754192375178,-4.428971716446256,4.926406946750398,435.00994336372486,438.8592689149911,3.849325551266247,5.624416108747306,470.8381820316801,469.85223720218585,-0.9859448294942581,5.9046102127951725,13.506641355511244,21.918260833493736,8.411619477982493,5.363545098005261,32.71219376527207,49.40211051096706,16.689916745694994,5.943290400968113,68.54043243322737,80.39507879816182,11.854646364934453,7.010624686108572,19.205552409760827,27.48384967747333,8.278297267712503,4.628865934538459,55.03379107771612,58.476817964668086,3.4430268869519693,5.840809928229079,35.82823866795529,30.992968287194753,-4.835270380760537,6.044793501215972
escs_pca,HUN,36,421.1132452196799,411.6940562529577,-9.419188966722231,5.317770664572312,452.6541415974954,445.6224425231188,-7.031699074376604,5.233353050960875,488.50864447666254,476.1106954786841,-12.39794899797846,5.949769032465101,533.1091766457246,517.8015758024346,-15.307600843289947,6.15480605839073,31.540896377815493,33.9283862701612,2.3874898923457053,6.076864177778244,67.39539925698267,64.41663922572641,-2.9787600312562574,7.3052172961702695,111.99593142604472,106.10751954947693,-5.888411876567787,7.977248557232139,35.85450287916718,30.488252955565212,-5.366249923601966,5.868574759838763,80.4550350482292,72.17913327931574,-8.27590176891347,7.447200229633335,44.60053216906204,41.690880323750534,-2.909651845311508,6.393848969673358
escs_pca,IRL,36,458.92939662096285,445.8002334771437,-13.129163143819142,3.964646667452106,480.335860483112,465.74200209118305,-14.593858391928961,4.311159770312428,502.98859685316495,495.97620140009366,-7.012395453071292,4.342848423204331,527.9462439418951,521.4126430142986,-6.533600927596467,4.156039715829004,21.406463862149035,19.941768614039397,-1.4646952481096385,4.54812239803606,44.05920023220203,50.175967922949965,6.116767690747935,4.91452140727749,69.01684732093213,75.612409537155,6.5955622162228735,5.0797736699347,22.652736370052992,30.234199308910565,7.581462938857573,4.827417056316175,47.61038345878309,55.67064092311561,8.060257464332523,5.007144136925364,24.957647088730102,25.436441614205044,0.4787945254749424,4.7524497209088565
escs_pca,ISL,36,425.4900554029752,426.29019294549664,0.8001375425214405,4.580012386558659,454.573214817573,449.444672467307,-5.128542350266002,5.251674809299861,473.5195619795426,469.4114856924709,-4.108076287071697,4.6438366897513275,488.1855344331898,492.70274782413406,4.517213390944278,4.651304612436264,29.083159414597837,23.1544795218104,-5.928679892787436,7.226735394616355,48.02950657656744,43.12129274697419,-4.908213829593251,6.432183858213782,62.6954790302146,66.41255487863741,3.717075848422809,6.33878469645703,18.946347161969605,19.966813225163786,1.0204660631941813,6.660195021427467,33.612319615616755,43.258075356827,9.645755741210245,6.829956633635856,14.665972453647147,23.29126213166321,8.625289678016063,6.232532809159414
escs_pca,ISR,36,402.7633573396605,399.349742573587,-3.413614766073522,5.566622325309917,444.0331692439096,436.18126912926664,-7.851900114642945,5.427197701326469,489.5510379141804,470.4611083935473,-19.08992952063312,7.436229689923172,516.8118082337209,496.1144699084581,-20.697338325262763,6.351743388604004,41.2698119042491,36.831526555679616,-4.438285348569487,6.702963740554886,86.78768057451995,71.1113658199604,-15.676314754559556,7.706579825630733,114.04845089406042,96.7647273348711,-17.283723559189326,7.396878793704263,45.517868670270836,34.279839264280774,-11.238029405990062,7.331904024223306,72.77863898981131,59.93320077919147,-12.84543821061984,6.782557110123763,27.260770319540477,25.653361514910706,-1.6074088046297703,7.063512222793815
escs_pca,ITA,36,436.12902218860853,431.82296780635187,-4.3060543822566615,4.8915894796920005,461.4537311294779,457.06773798512506,-4.385993144352824,5.398708470254299,480.5738971996237,479.5344082018265,-1.0394889977971502,6.068886660590789,510.4829908528084,511.3810385411754,0.8980476883670008,6.622454770525259,25.324708940869414,25.244770178773148,-0.07993876209626549,5.544691152138155,44.44487501101517,47.7114403954746,3.266565384459426,6.311601122697756,74.35396866419991,79.55807073482356,5.204102070623648,7.333338546246007,19.120166070145757,22.46667021670145,3.3465041465556915,5.866852961444203,49.0292597233305,54.31330055605041,5.28404083271991,6.970624963717296,29.909093653184737,31.846630339348962,1.9375366861642256,5.677017214259424
escs_pca,JPN,36,499.41658253346577,484.00615845805595,-15.410424075409821,6.923393410209636,526.8141995533872,518.0201115324967,-8.794088020890513,7.244997018353272,548.5543644384411,538.9887866373126,-9.565577801128484,6.136401563168238,570.1257298685089,571.8925340460246,1.7668041775157235,7.558621564714156,27.397617019921388,34.013953074440664,6.616336054519277,7.177200476568989,49.13778190497531,54.98262817925659,5.844846274281274,7.331012866614502,70.70914733504318,87.88637558796856,17.177228252925374,9.582086072367877,21.74016488505392,20.96867510481592,-0.771489780238003,6.826818894140327,43.3115303151218,53.87242251352792,10.560892198406123,7.9241548368298504,21.571365430067875,32.903747408712,11.332381978644126,6.871326115235122
escs_pca,KOR,36,487.5082084570928,474.168572936666,-13.339635520426782,6.965908575662574,515.0368101924521,515.5311210078451,0.4943108153929643,7.409505411761545,538.8419236790978,542.4540345109956,3.6121108318977804,6.515648249860149,571.9008895222403,571.2436840383818,-0.6572054838584336,7.717735896026111,27.52860173535918,41.36254807117896,13.833946335819782,6.520741486286295,51.33371522200507,68.28546157432952,16.95174635232445,7.272196116961031,84.39268106514744,97.07511110171576,12.68243003656832,8.488731842361409,23.805113486645883,26.92291350315056,3.1178000165046775,6.865138393697023,56.864079329788275,55.712563030536785,-1.1515162992514902,8.107153411771678,33.05896584314239,28.789649527386224,-4.269316315756164,7.3158089136865
escs_pca,LTU,36,436.1743277951735,437.62456216548907,1.4502343703155702,4.139982013739789,459.8843067970115,463.33994742089754,3.4556406238860404,3.9063238216554055,490.90867651028975,491.26984979800545,0.361173287715701,4.561913471344304,518.4424121201585,513.722883205191,-4.719528914967441,4.929121747346524,23.709979001838043,25.715385255408457,2.0054062535704134,4.74500763923285,54.73434871511614,53.64528763251631,-1.0890610825998337,5.4611606883810335,82.26808432498498,76.09832103970182,-6.169763285283167,6.293255764460504,31.024369713278098,27.92990237710785,-3.094467336170247,5.058377187894435,58.558105323146926,50.38293578429337,-8.175169538853552,5.824037486757978,27.53373560986883,22.453033407185522,-5.080702202683309,5.228926013582824
escs_pca,LVA,36,451.13164243949177,436.65303703729506,-14.478605402196706,4.177410659173001,469.553400248852,459.7567813693593,-9.796618879492655,4.307204007156168,493.65207072027704,479.434059913937,-14.218010806340033,4.590472536109349,520.9464788855,503.0242512816246,-17.922227603875456,4.077815262117604,18.42175780936018,23.103744332064206,4.681986522704026,4.859648497399371,42.520428280785225,42.781022876641934,0.2605945958567091,5.06293836690273,69.81483644600824,66.37121424432951,-3.4436222016787355,5.384550284952613,24.098670471425045,19.677278544577728,-4.421391926847317,5.095684809679999,51.39307863664808,43.2674699122653,-8.12560872438278,5.142000137063522,27.29440816522303,23.590191367687567,-3.7042167975354623,5.786955817606077
escs_pca,MEX,36,373.4751283366942,366.18312893070373,-7.2919994059904525,3.3903489609105506,383.9032617400774,379.36719372958805,-4.536068010489373,3.694841577108811,397.1889954077782,390.45812158206945,-6.730873825708727,4.695734758848004,426.3987670876366,421.21865787403186,-5.180109213604737,5.758734944450943,10.42813340338327,13.184064798884355,2.7559313955010847,4.021728832109789,23.71386707108406,24.274992651365757,0.561125580281697,4.94736069690876,52.923638750942416,55.03552894332811,2.111890192385694,6.155429245901953,13.285733667700788,11.0909278524814,-2.1948058152193877,4.410411580689139,42.495505347559146,41.85146414444375,-0.6440412031153926,5.87016311049163,29.209771679858356,30.760536291962353,1.5507646121039969,5.430392912559087
escs_pca,NLD,36,452.8912469889818,445.85261023316605,-7.03863675581573,7.019261596461858,467.5843318992832,471.24531421640586,3.6609823171226594,7.013183270442877,514.9597004373119,508.29812672769594,-6.661573709615936,7.063849381214361,548.7612943055316,545.0484831431988,-3.7128111623327413,5.465043556637628,14.693084910301422,25.392703983239898,10.699619072938475,7.772675086413118,62.06845344833016,62.44551649452991,0.3770630461997513,9.318477208628725,95.87004731654982,99.19587291003268,3.325825593482861,8.78293399440653,47.37536853802873,37.052812511290014,-10.322556026738717,7.077692616534788,81.17696240624839,73.80316892679278,-7.373793479455614,7.298521716119349,33.80159386821966,36.750356415502765,2.9487625472831027,7.009093835290447
escs_pca,NOR,36,435.99654839634434,411.99834098772345,-23.998207408620885,4.074122161649297,458.7791399598656,442.93611192723284,-15.84302803263273,4.841851848429453,483.27511791751385,476.62920993298775,-6.645907984526104,4.823161514637455,506.926578833815,496.65861093603263,-10.267967897782341,4.880604162358771,22.782591563521272,30.937770939509438,8.155179375988165,5.216404298115343,47.27856952116956,64.63086894526438,17.352299424094824,5.557062245816568,70.93003043747066,84.66026994830918,13.730239510838516,5.910880900282066,24.495977957648286,33.69309800575493,9.197120048106648,5.143471824145223,48.1474388739494,53.722499008799744,5.575060134850347,5.802609147268123,23.65146091630111,20.029401003044804,-3.622059913256308,5.483729878948959
escs_pca,NZL,36,433.86334307179567,446.3480969197625,12.484753847966829,4.491717133588295,472.2546534682603,468.0381182450107,-4.216535223249593,5.288994007077292,501.5092474922861,499.7882575782187,-1.7209899140673883,5.018929190046361,528.4623997633186,538.275246492868,9.812846729549392,5.279687427855868,38.39131039646465,21.69002132524826,-16.701289071216387,5.713252144846035,67.64590442049033,53.440160658456236,-14.20574376203409,6.094343282488993,94.5990566915229,91.9271495731055,-2.6719071184174084,6.7192606904851555,29.254594024025675,31.750139333207976,2.495545309182301,6.679845935931121,56.20774629505827,70.23712824785726,14.029381952798985,6.979131663292207,26.953152271032586,38.486988914649274,11.533836643616688,6.462835967278549
escs_pca,POL,36,453.2409288197802,450.9189851849468,-2.321943634833417,4.4604107806764635,472.0525931754323,468.52633056418335,-3.526262611248967,4.566385513179077,500.1387957416567,503.6082701901738,3.4694744485171327,5.5977360570057435,537.301152802497,532.2661514430904,-5.035001359406579,5.727454286994127,18.811664355652017,17.607345379236488,-1.2043189764155287,4.956255042627886,46.89786692187636,52.689285005227,5.791418083350642,5.82481204278631,84.06022398271668,81.34716625814355,-2.713057724573133,7.080052938585861,28.08620256622434,35.08193962599051,6.995737059766167,5.6789308789812765,65.24855962706468,63.73982087890706,-1.5087387481576187,6.5130388249086515,37.162357060840336,28.657881252916546,-8.50447580792379,6.166767713615166
escs_pca,PRT,36,430.4144931672321,418.1717208230158,-12.242772344216291,4.888735578109168,452.7066107769585,442.51827363783303,-10.188337139125451,5.723313294430369,483.5722495837423,472.29976445032133,-11.272485133420957,6.416557036888609,525.5249901179824,520.1796242908888,-5.3453658270935875,5.46861417574008,22.29211760972647,24.346552814817283,2.0544352050908117,4.97394927505479,53.15775641651014,54.12804362730553,0.9702872107953908,5.941157891015226,95.11049695075022,102.00790346787296,6.8974065171227465,6.538545526830906,30.865638806783664,29.781490812488254,-1.0841479942954102,5.893745393752487,72.81837934102376,77.66135065305568,4.842971312031921,6.680299731531858,41.95274053424008,47.87985984056742,5.9271193063273415,6.207878357457783
escs_pca,SVK,36,409.0821711933401,416.06838239466543,6.986211201325318,6.118171418653345,453.45176721161806,461.45824182911366,8.006474617495599,5.791785083566086,474.4751632222892,485.83525712217136,11.360093899882145,6.1315415050726445,525.9811924935841,534.5282547853797,8.547062291795555,5.914797247949538,44.3695960182779,45.38985943444823,1.0202634161703301,6.436238025186218,65.39299202894907,69.7668747275059,4.373882698556827,7.954439350502746,116.899021300244,118.4598723907142,1.5608510904701944,8.65824954757101,21.02339601067116,24.37701529305766,3.3536192823865,7.061223654614534,72.52942528196608,73.07001295626597,0.5405876742998856,7.5179153828975664,51.506029271294935,48.69299766320831,-2.813031608086625,6.436682807676981
escs_pca,SVN,36,443.4293715251835,427.0474483206038,-16.38192320457972,4.177067038764899,470.5220114951684,446.95276785974727,-23.569243635421117,4.1276125810023085,501.9675482333963,481.1890016280512,-20.778546605345127,4.474602998575119,524.7853738588177,506.1685736567242,-18.616800202093486,3.8139886174267614,27.092639969984873,19.905319539143555,-7.187320430841318,5.202992981558949,58.53817670821279,54.14155330744736,-4.396623400765428,5.794041420849805,81.35600233363414,79.12112533612041,-2.234876997513723,5.732041867059448,31.445536738227908,34.2362337683038,2.79069703007589,5.943137726157916,54.263362363649264,59.21580579697686,4.952443433327595,5.8809341455956625,22.817825625421357,24.97957202867306,2.161746403251705,6.085753781150334
escs_pca,SWE,36,441.28522285383906,423.61021573724094,-17.675007116598124,4.1324516139815195,467.5777128437645,456.6507147023229,-10.92699814144163,5.308430540365256,498.9418363451917,490.9581758202882,-7.983660524903485,4.863908317825254,530.4042239003795,513.6624400037882,-16.7417838965913,5.394137518230346,26.292489989925464,33.04049896508188,6.7480089751564165,6.11401998051706,57.656613491352644,67.3479600830472,9.691346591694554,5.507031132589722,89.1190010465406,90.05222426654719,0.9332232200065818,6.290249397040755,31.36412350142718,34.307461117965325,2.9433376165381446,5.798412133757273,62.82651105661514,57.0117253014653,-5.814785755149842,6.136292021364542,31.462387555187952,22.70426418349998,-8.758123371687972,5.7078668946278555
escs_pca,TUR,36,423.86597218703685,424.75042115681356,0.8844489697767131,4.204973620674869,439.9048798253149,445.70082393444653,5.7959441091316535,4.317518939860127,449.7159198144642,463.134681026613,13.418761212148809,4.6475043370181215,499.4598724379848,522.5808028749993,23.120930437014522,6.103665556285648,16.038907638278012,20.950402777632966,4.911495139354955,5.086679398672548,25.849947627427404,38.384259869799365,12.53431224237196,5.5891851414381275,75.59390025094801,97.83038171818572,22.23648146723771,7.324298352528601,9.811039989149396,17.4338570921664,7.622817103017002,4.841786318965043,59.554992612670006,76.87997894055275,17.32498632788274,6.819104719680131,49.74395262352061,59.44612184838635,9.702169224865735,7.004938996737496
escs_pca,USA,36,425.25883960014164,423.17777215993937,-2.0810674402022755,6.915940838145607,443.9028009209328,449.2850586399033,5.382257718970493,8.439653748367133,471.85149037315415,467.9433103894515,-3.9081799837026665,11.401339882217831,520.9068020157799,522.4023519054074,1.4955498896274548,18.43061978964105,18.643961320791202,26.10728647996404,7.463325159172836,9.097083606629777,46.59265077301263,44.765538229512146,-1.8271125435004834,11.412481633614682,95.64796241563826,99.224579745468,3.5766173298297446,18.963025159756775,27.948689452221423,18.658251749548107,-9.290437702673316,11.38871748493843,77.00400109484707,73.11729326550396,-3.886707829343109,17.467242410007433,49.05531164262565,54.45904151595587,5.403729873330221,13.829205614742667
escs_pca,OECD,36,436.2946864259464,428.93178590776506,-7.362900518181334,1.4330327596406205,461.35468014873777,455.3686059747039,-5.986074174033888,1.5256227846826105,488.11797191118484,483.1495158478201,-4.968456063364727,1.5023161174467408,521.1505827417164,516.3505348076111,-4.800047934105351,1.5800965924207389,25.059993722791383,26.43682006693884,1.3768263441474566,0.9940691575856062,51.823285485238536,54.21772994005507,2.3944444548165364,0.9599963881221751,84.85589631577008,87.41874889984601,2.5628525840759266,1.18582658951299,26.763291762447146,27.78090987311623,1.0176181106690834,0.9490168772570724,59.79590259297872,60.98192883290717,1.1860262399284522,1.1487226578020773,33.03261083053157,33.20101895979094,0.16840812925937598,1.0240155685101167
hisei_h,AUS,36,448.93970672288214,444.8751233794234,-4.0645833434587075,3.5974440404209345,485.86959792948556,476.9011736534345,-8.968424276051053,3.423693115946844,505.00991749340164,496.14701792226435,-8.86289957113729,4.399373587506904,531.6441460500682,522.5322032369254,-9.111942813142832,4.183222402646167,36.92989120660339,32.02605027401094,-4.903840932592452,4.0533961873943785,56.070210770519566,51.271894542840855,-4.798316227678711,4.4396296438887,82.70443932718612,77.6570798575019,-5.047359469684224,4.523734182662405,19.140319563916165,19.245844268829917,0.10552470491375132,4.483028631351811,45.774548120582736,45.631029583490964,-0.1435185370917722,4.354220357011595,26.634228556666567,26.38518531466105,-0.24904324200551642,4.0543860193250385
hisei_h,AUT,36,451.91583057083443,448.1504517651515,-3.7653788056829285,5.032762740943194,485.3170642634371,483.4012618395271,-1.9158024239100087,5.661808889473913,508.57609891128925,496.9506532605974,-11.625445650691859,4.823055504479052,534.4393065014899,517.6375747498125,-16.80173175167738,4.500356594236545,33.401233692602624,35.250810074375636,1.8495763817730122,6.464110343786464,56.660268340454806,48.80020149544593,-7.860066845008873,6.198435235211326,82.52347593065544,69.48712298466113,-13.03635294599431,5.464414969441911,23.25903464785218,13.5493914210703,-9.709643226781878,5.852134649392503,49.122242238052806,34.23631291028549,-14.885929327767315,6.308059719313107,25.863207590200624,20.686921489215187,-5.176286100985436,5.7541589579627495
hisei_h,BEL,36,443.5306324780173,444.14700301501455,0.6163705369972377,4.476236312083873,482.93841814207127,489.0871235226572,6.148705380585909,4.53293282205968,517.423898039981,517.3754456543309,-0.04845238565019372,5.714501071037478,540.1968960309898,533.3125911728491,-6.884304858140695,4.5411645434718055,39.407785664053996,44.94012050764268,5.532334843588686,5.016755769086453,73.89326556196374,73.22844263931636,-0.6648229226473887,5.981885475733328,96.6662635529726,89.16558815783466,-7.500675395137932,5.863916605218754,34.48547989790974,28.28832213167367,-6.197157766236071,5.773544718244283,57.258477888918605,44.22546765019199,-13.033010238726618,4.875447107292379,22.772997991008868,15.93714551851832,-6.835852472490547,5.698268550195018
hisei_h,CAN,36,467.1071200708522,459.9913775239671,-7.1157425468850874,3.5487602905835094,499.9456145729026,493.27181920407037,-6.673795368832259,3.3376211241633986,511.6837402008714,506.9932826117527,-4.690457589118694,3.7538056806273135,534.7757514305442,526.4997800415784,-8.275971388965786,4.042663173673412,32.83849450205042,33.28044168010332,0.4419471780528994,4.403887254230312,44.57662013001917,47.00190508778566,2.425284957766486,4.3330422218142965,67.66863135969201,66.50840251761142,-1.160228842080599,4.241862646473187,11.738125627968747,13.72146340768233,1.9833377797135832,4.097310456471513,34.83013685764159,33.22796083750809,-1.6021760201334985,4.1234337196655,23.092011229672842,19.506497429825764,-3.585513799847078,4.064049368857724
hisei_h,CHE,36,464.65483220807164,459.8727138345713,-4.782118373500339,5.3306324738601605,500.25645253777674,497.30541001742466,-2.9510425203520754,5.183421803538324,533.20152131079,531.2242122460448,-1.9773090647452136,4.860926958255333,558.7793413454117,553.6936484289364,-5.0856929164752955,5.822514661411864,35.60162032970511,37.43269618285342,1.831075853148306,5.818406660306914,68.54668910271843,71.35149841147351,2.8048093087550825,6.107916136128762,94.1245091373401,93.8209345943652,-0.30357454297489994,7.184390880120227,32.945068773013325,33.918802228620095,0.9737334556067694,5.422492047183206,58.52288880763499,56.38823841151179,-2.134650396123199,6.41336573264589,25.577820034621663,22.469436182891695,-3.1083838517299682,6.829765255197802
hisei_h,CHL,36,395.8288684238822,383.22947872170425,-12.599389702177973,4.322715492404361,403.91703282314717,399.3289590436702,-4.588073779476986,4.884491867744398,421.56865006681966,420.73672599912754,-0.831924067692114,5.110757841801197,450.1642085666607,447.97489244246543,-2.1893161241952726,4.517192291559327,8.088164399264945,16.09948032196592,8.011315922700975,5.764921230309173,25.739781642937494,37.507247277423346,11.767465634485852,6.313917912822725,54.33534014277848,64.74541372076123,10.410073577982757,5.8722807134893555,17.651617243672547,21.407766955457426,3.7561497117848788,5.938533395641048,46.24717574351353,48.6459333987953,2.39875765528177,5.860263820300476,28.595558499840983,27.238166443337878,-1.3573920565031052,5.371944721800679
hisei_h,COL,36,359.2964808061544,360.17106641111684,0.8745856049624194,4.0831462662450555,373.86519107437965,379.02196549679985,5.156774422420199,4.6751529692906635,388.8722981703542,399.3573576560602,10.48505948570596,5.831688150958548,420.1325862858953,422.2367561444572,2.1041698585619315,8.357145952874703,14.568710268225214,18.85089908568288,4.282188817457666,4.7805577205684875,29.575817364199878,39.186291244943305,9.610473880743427,5.527822618878319,60.83610547974085,62.06568973334024,1.2295842535993913,8.745584139889482,15.007107095974664,20.335392159260426,5.328285063285762,5.70910321248288,46.26739521151565,43.21479064765736,-3.0526045638582886,8.547173771926992,31.26028811554098,22.879398488396937,-8.380889627144043,6.851604550922593
hisei_h,CZE,36,438.3790072654323,441.5782786739652,3.1992714085329226,4.446773608752293,482.95031483762375,478.41258045045697,-4.537734387166779,5.211689659921078,505.07224917054157,498.3042587268401,-6.767990443701478,4.862879302387348,537.8761770029506,529.5611269008571,-8.31505010209355,5.392427456636757,44.571307572191536,36.83430177649172,-7.737005795699815,5.137288221205955,66.69324190510925,56.72598005287489,-9.967261852234358,5.332714446804483,99.49716973751828,87.98284822689182,-11.51432151062646,6.4795613981782445,22.12193433291771,19.891678276383164,-2.2302560565345466,5.503263509629972,54.92586216532675,51.14854645040009,-3.777315714926658,6.518157456930641,32.803927832409045,31.256868174016926,-1.5470596583921186,5.907851339225343
hisei_h,DEU,36,444.9554207025918,436.5607644016791,-8.394656300912743,5.574026656882746,475.75753828380346,474.0982100463076,-1.6593282374958562,5.5167056270584744,494.4843609169869,496.5778628210634,2.093501904076504,7.351962549180149,536.4639143178351,531.0861804030486,-5.377733914786518,5.160828418729736,30.80211758121167,37.53744564462855,6.735328063416876,6.170582755071,49.52894021439498,60.017098419384254,10.488158204989276,7.35162290968915,91.50849361524334,94.52541600136952,3.0169223861261827,6.816308521530905,18.726822633183303,22.479652774755703,3.7528301415723995,7.6158788093282626,60.706376034031656,56.98797035674098,-3.7184056772906757,6.1471368018476475,41.97955340084835,34.50831758198528,-7.471235818863072,7.580613086604439
hisei_h,DNK,36,459.105229978848,455.18059337994436,-3.9246365989036462,4.87968763827052,489.2108968640825,475.4459753572125,-13.764921506869996,5.006407318058812,505.69559665386566,492.65981848245303,-13.03577817141263,6.461583121197181,519.2060574025428,505.25229842315287,-13.953758979389931,5.018501903131424,30.1056668852344,20.265381977268145,-9.840284907966254,6.76363360715372,46.590366675017734,37.4792251025086,-9.111141572509133,6.838714424524822,60.10082742369484,50.07170504320839,-10.029122380486449,6.3228426511010944,16.48469978978334,17.21384312524045,0.7291433354571133,7.811608924720614,29.995160538460432,29.806323065940244,-0.1888374725201878,6.469903395429091,13.510460748677094,12.592479940699793,-0.9179808079773011,7.783210990781964
hisei_h,ESP,36,443.4871030637766,428.5139014122181,-14.973201651558497,3.189894731322896,465.5952090882729,453.58594198955944,-12.009267098713451,3.3566993666574136,490.5912287799856,480.48602189306195,-10.105206886923668,3.389671937694184,512.0680095847749,494.83331383432017,-17.23469575045476,3.1843882221008784,22.108106024496273,25.07204057734137,2.963934552845096,3.509906933201474,47.10412571620903,51.97212048084382,4.867994764634787,3.509749116172649,68.58090652099835,66.31941242210205,-2.261494098896307,3.587764535159207,24.996019691712764,26.90007990350245,1.9040602117896874,3.4016924456033695,46.4728004965021,41.24737184476068,-5.225428651741424,3.5997082207699163,21.476780804789335,14.34729194125823,-7.129488863531105,3.4237519849454543
hisei_h,EST,36,476.8575544437758,467.2099592981288,-9.647595145647017,4.791969357427793,504.94177969484616,507.52734815570994,2.585568460863783,5.23713242999956,529.8689464822726,531.4373434436563,1.568396961383769,4.276664773411929,543.4347949470588,541.0216979763087,-2.4130969707500753,4.6773964093644915,28.084225251070414,40.31738885758116,12.233163606510743,5.921147093332184,53.01139203849681,64.22738414552757,11.215992107030758,5.625014731548691,66.577240503283,73.81173867817986,7.234498174896871,6.151183791802051,24.927166787426394,23.909995287946394,-1.0171714994799999,5.688499882781995,38.49301525221257,33.494349820598714,-4.998665431613858,5.575679227817189,13.565848464786177,9.584354532652322,-3.981493932133855,4.825555696997688
hisei_h,FIN,36,454.2563472708953,443.9469973656302,-10.309349905265094,3.8917493422242315,476.2666045565969,469.55708065729067,-6.709523899306248,4.3167965029551425,502.38280734939764,496.5207608567501,-5.862046492647551,4.245252640190372,525.3608742971617,509.2142148657805,-16.14665943138118,4.4522331130289,22.01025728570166,25.610083291660544,3.599826005958885,4.480514906263706,48.12646007850235,52.57376349111989,4.4473034126175435,4.563092813404812,71.10452702626648,65.2672175001504,-5.837309526116087,5.286565191806036,26.116202792800692,26.963680199459354,0.8474774066586619,4.794412760599817,49.094269740564826,39.65713420848986,-9.437135532074969,5.182452269542341,22.978066947764137,12.6934540090305,-10.284612938733638,5.3476031847864895
hisei_h,FRA,36,438.132762216846,432.6337710719069,-5.498991144939112,4.601009950123024,469.6039485437027,463.00958910257157,-6.594359441131132,6.101575497799432,493.3741086405947,484.38514463325583,-8.988964007338893,5.226154793764344,529.6600101490968,515.36450617237,-14.295503976726764,4.933931243918946,31.471186326856763,30.375818030664618,-1.0953682961921452,6.256831378885535,55.24134642374876,51.75137356134884,-3.4899728623999167,6.113430646376271,91.52724793225087,82.73073510046314,-8.796512831787737,5.759551778410354,23.770160096891992,21.37555553068422,-2.3946045662077715,5.604698717491928,60.05606160539412,52.3549170697985,-7.701144535595617,5.573028214875715,36.28590150850212,30.97936153911428,-5.306539969387842,4.87608743786097
hisei_h,GBR,36,463.92757870178093,456.66866829531216,-7.258910406468772,4.277105130392171,491.0585490616024,492.43177736069526,1.3732282990928866,5.352160950389738,510.9724622528911,518.6840209587397,7.711558705848574,5.3071180793248915,529.7252979768704,528.417785771295,-1.3075122055753354,6.137681517675856,27.1309703598214,35.76310906538307,8.632138705561669,6.272555107458632,47.044883551110054,62.01535266342739,14.970469112317339,6.434838044115767,65.79771927508932,71.74911747598273,5.951398200893408,7.125562036860648,19.91391319128865,26.252243598044323,6.338330406755674,5.955097264411315,38.66674891526793,35.986008410599666,-2.6807405046682646,6.616563102149216,18.75283572397928,9.733764812555341,-9.01907091142394,6.550934333697009
hisei_h,GRC,36,406.7462559960512,394.03574923026264,-12.71050676578858,4.385642957658837,418.37883274240465,423.7046076905066,5.325774948101923,5.796180845963952,442.73252928266845,447.1288102582351,4.39628097556664,5.219096304719283,472.48500078168144,466.18798573219755,-6.297015049483889,5.363716721695787,11.632576746353488,29.66885846024393,18.03628171389044,5.663351619710131,35.986273286617234,53.09306102797251,17.106787741355276,5.696436551317969,65.73874478563025,72.15223650193495,6.413491716304705,5.997816560433489,24.353696540263748,23.42420256772858,-0.9294939725351661,5.819750713234536,54.10616803927676,42.483378041691026,-11.622789997585734,5.9656616524868715,29.752471499013005,19.059175473962444,-10.69329602505056,5.300985824161959
hisei_h,HUN,36,415.3273807921435,416.19792596556636,0.8705451734228404,5.589296480838153,469.6999989171715,456.8292728705974,-12.870726046574134,4.942043104400311,493.0857785316304,482.37769798011385,-10.70808055151656,6.0114659074319645,533.0764338168922,512.6025621234812,-20.473871693410956,6.2123260775370674,54.372618125028,40.6313469050311,-13.741271219996896,5.718271437690223,77.75839773948695,66.17977201454744,-11.578625724939513,7.133353721342458,117.74905302474875,96.4046361579149,-21.344416866833853,8.34785307305626,23.385779614458936,25.548425109516337,2.162645495057401,6.119054379818834,63.37643489972074,55.77328925288377,-7.603145646836971,7.161322661454599,39.99065528526181,30.224864143367444,-9.765791141894365,6.724445856559296
hisei_h,IRL,36,463.13325163708515,449.37821015874044,-13.755041478344708,3.76157207372545,489.140565611676,478.270702586725,-10.869863024950973,4.76632089330702,505.16266459396684,500.4727808771224,-4.689883716844463,4.473836370773748,518.3293508200743,510.7495226893554,-7.579828130718909,3.992050277860771,26.007313974590847,28.89249242798461,2.885178453393763,5.127728104381324,42.029412956881735,51.09457071838194,9.065157761500203,4.775528417355184,55.19609918298913,61.37131253061504,6.175213347625913,4.481056716860611,16.022098982290892,22.202078290397328,6.179979308106436,6.058707294742561,29.18878520839828,32.47882010263043,3.29003489423215,5.183805319073535,13.166686226107391,10.276741812233103,-2.8899444138742876,4.841743065108187
hisei_h,ISL,36,437.7260597388496,438.72144638090896,0.9953866420593727,4.975237292044001,462.8179049629474,455.67520945540866,-7.142695507538747,4.8868463712811705,472.6927050585329,476.216939091955,3.52423403342209,5.401817439443257,491.1580550553487,490.27903040792427,-0.8790246474244441,4.707779845594543,25.09184522409786,16.95376307449979,-8.13808214959807,6.563059761010868,34.966645319683295,37.49549271104615,2.528847391362852,6.685783251123912,53.43199531649916,51.55758402701538,-1.8744112894837812,6.828557562914436,9.874800095585437,20.541729636546357,10.66692954096092,7.69063438518062,28.34015009240131,34.60382095251558,6.263670860114274,6.268148539065805,18.46534999681587,14.062091315969223,-4.403258680846648,6.781703946410614
hisei_h,ISR,36,413.1659127863762,413.2533636904851,0.08745090410889134,5.798119924230109,461.9188176108261,450.5196456240681,-11.399171986758006,5.861506163216677,494.6928045462363,479.20242405263934,-15.490380493596945,6.921994714506668,507.43003608822056,491.29731891499495,-16.132717173225615,6.656284693681594,48.75290482444983,37.266281933583016,-11.486622890866812,6.769893443003316,81.52689175986009,65.9490603621542,-15.577831397705893,8.169565518735036,94.26412330184415,78.04395522450989,-16.220168077334264,7.816710112458228,32.773986935410264,28.682778428571197,-4.091208506839067,7.102196535641523,45.51121847739432,40.77767329092687,-4.7335451864674525,6.667197715541109,12.737231541984062,12.094894862355677,-0.6423366796283858,6.715523129046645
hisei_h,ITA,36,439.63909039170795,442.2978939204737,2.658803528765759,4.98032873732814,463.23281351343,463.856781261605,0.623967748175005,5.607120102852321,487.2681523741054,488.0154729230438,0.7473205489383759,6.043605412395595,507.29363866214226,506.50274228795513,-0.7908963741871275,6.287933022728559,23.59372312172211,21.558887341131403,-2.034835780590708,5.89934253115502,47.62906198239741,45.71757900257016,-1.9114829798272481,6.469543726824539,67.65454827043426,64.20484836748145,-3.4496999029528155,7.053782903308938,24.035338860675303,24.158691661438763,0.12335280076345967,5.882162855657014,44.06082514871215,42.64596102635004,-1.4148641223621112,6.688932607172537,20.02548628803685,18.487269364911278,-1.538216923125571,5.893838243712074
hisei_h,JPN,36,508.82475580733416,498.85461824628766,-9.9701375610465,6.909153308792053,545.5121403854628,537.8447062127314,-7.667434172731419,6.338181836340518,538.0620305808205,528.8780421481646,-9.183988432655951,6.14633975666953,564.2379194875621,561.9524808940548,-2.2854385935072514,8.495553565673578,36.68738457812865,38.99008796644371,2.3027033883150594,7.142088817761407,29.23727477348648,30.023423901877027,0.786149128390548,7.316408806489436,55.413163680227946,63.09786264776726,7.684698967539312,9.554352764856242,-7.45010980464217,-8.96666406456668,-1.5165542599245105,7.161416828734213,18.725779102099295,24.107774681323555,5.3819955792242595,7.300304414807095,26.175888906741466,33.074438745890234,6.898549839148767,8.96408165463365
hisei_h,KOR,36,504.2413063391967,493.94430095763556,-10.29700538156112,7.130602351393855,529.0456318166229,530.5101293289857,1.4644975123628683,6.330126083306817,530.9278388927562,542.7927974224482,11.86495852969199,7.265407322295687,560.7797604087121,565.6904956398446,4.910735231132435,6.853147191375274,24.804325477426254,36.56582837135031,11.761502893924053,7.140043455385332,26.686532553559676,48.84849646481256,22.161963911252887,6.417837353947719,56.538454069515524,71.74619468220894,15.207740612693414,7.965291493126589,1.8822070761334202,12.282668093462258,10.400461017328837,6.868275125083092,31.73412859208927,35.18036631085863,3.4462377187693605,6.488761960020377,29.851921515955848,22.897698217396375,-6.954223298559473,7.205948618055833
hisei_h,LTU,36,444.3327547773462,447.32836815512263,2.995613377776408,5.061064658226334,471.76521890846925,487.8039149923828,16.03869608391352,5.035471186649674,495.382304966166,502.0629581517181,6.680653185552103,4.965593166547953,517.8302791044109,512.2113360396988,-5.618943064712084,5.548608613415921,27.432464131123027,40.47554683726025,13.04308270613722,6.162551018702449,51.049550188819744,54.734589996595446,3.685039807775702,6.595925472777732,73.49752432706472,64.88296788457629,-8.614556442488436,6.690027303087336,23.617086057696717,14.259043159335192,-9.358042898361525,6.011057993417816,46.0650601959417,24.407421047316024,-21.657639148625673,6.3635160813204035,22.44797413824498,10.148377887980832,-12.299596250264148,6.132686836814938
hisei_h,LVA,36,455.95882895233063,441.7560747495304,-14.202754202800236,4.362449611379403,475.61952115194146,475.8493813635361,0.22986021159465508,4.822156728989562,503.85561291021685,491.6913328050632,-12.164280105153637,4.366541110996802,515.8427477876836,488.14372025708997,-27.69902753059364,4.167262619256256,19.660692199610764,34.093306614005755,14.43261441439499,5.670028904844903,47.896783957886285,49.9352580555328,2.038474097646514,4.982765852578353,59.88391883535296,46.38764550755952,-13.496273327793439,5.484689910387172,28.236091758275524,15.841951441527044,-12.39414031674848,5.513444316260678,40.22322663574221,12.294338893553766,-27.928887742188444,5.726014455042775,11.987134877466683,-3.5476125479732787,-15.534747425439962,5.345183410120588
hisei_h,MEX,36,375.7156651634203,368.17933353904453,-7.536331624375748,3.8788714994325737,386.8012808630327,384.48824601869546,-2.31303484433721,3.761883851232177,405.893707773418,401.8499624337809,-4.043745339637098,4.465370916400137,417.6231275161414,413.874540069691,-3.748587446450358,5.048830461243865,11.085615699612367,16.308912479650957,5.22329678003859,4.4293583765327975,30.178042609997714,33.67062889473634,3.492586284738625,4.639564270015017,41.907462352721126,45.69520653064642,3.7877441779252976,5.383159760331085,19.09242691038535,17.361716415085386,-1.730710495299963,4.614787488432546,30.821846653108757,29.386294050995467,-1.4355526021132903,4.842918914122552,11.729419742723412,12.024577635910083,0.29515789318667096,4.817026173557256
hisei_h,NLD,36,452.03035228113697,447.723864302523,-4.306487978613973,7.0668593545849046,494.73015089172696,488.1988168570604,-6.531334034666543,5.52355046970944,524.143131224632,518.397329796069,-5.745801428563027,6.177922247464438,545.064770821598,538.6341456830601,-6.430625138537948,5.518268270414053,42.69979861058997,40.47495255453741,-2.224846056052563,6.523955847972551,72.11277894349516,70.67346549354603,-1.4393134499491254,7.951462402535156,93.03441854046102,90.91028138053714,-2.124137159923876,8.072894307285233,29.41298033290518,30.198512939008612,0.7855326061034305,6.875595583454581,50.33461992987105,50.43532882599973,0.10070889612867973,6.653420000432149,20.92163959696587,20.23681588699112,-0.6848237099747507,6.248171849629593
hisei_h,NOR,36,443.63937338823627,418.4534610036223,-25.18591238461397,4.460518010584955,470.53045149136625,459.00464083123586,-11.52581066013039,4.434570576660631,488.8423696660992,471.766156815196,-17.076212850903232,4.900050724096847,499.64284406761305,496.75656149314153,-2.8862825744715224,5.277548844999323,26.891078103129978,40.55117982761364,13.66010172448366,5.617912809071947,45.20299627786294,53.31269581157369,8.109699533710753,5.612848390918224,56.00347067937686,78.30310048951924,22.299629810142378,5.788355932996649,18.311918174732956,12.761515983960056,-5.5504021907729,5.841324140889272,29.11239257624688,37.7519206619056,8.639528085658721,5.802229753715069,10.800474401513924,24.99040467794554,14.189930276431618,5.8032109254226505
hisei_h,NZL,36,443.72772474687673,453.37197621085386,9.644251463977128,5.215702208397054,483.166143744597,483.8141079241076,0.647964179510609,6.1237598918100336,505.01654520416207,510.7991994623996,5.782654258237528,5.483914901449735,518.4510944952339,523.728523074495,5.277428579261141,5.343119523213542,39.43841899772021,30.442131713253712,-8.9962872844665,7.5787921549625255,61.28882045728528,57.42722325154561,-3.8615972057396704,7.031229212263994,74.72336974835716,70.3565468636411,-4.366822884716058,7.274325028913694,21.850401459565056,26.985091538291897,5.134690078726841,8.558849050178166,35.28495075063695,39.91441515038738,4.629464399750425,7.187143741351629,13.434549291071892,12.929323612095482,-0.5052256789764105,7.310857569743526
hisei_h,POL,36,461.1906075183444,463.70711046495705,2.516502946612661,4.611017354476642,477.8832353708414,479.6961738691306,1.8129384982891565,4.551823014646125,510.43357920132576,516.746611289704,6.313032088378236,6.284860723046713,532.8892874345581,527.9358204812928,-4.95346695326532,5.035369095664222,16.69262785249699,15.989063404173601,-0.7035644483233892,5.481485081848441,49.242971682981285,53.03950082474687,3.796529141765582,7.231187472504687,71.69867991621356,64.22871001633584,-7.469969899877725,6.616391956047171,32.550343830484294,37.05043742057327,4.500093590088973,6.088027885095062,55.00605206371656,48.23964661216223,-6.766405451554327,5.894700703409727,22.455708233232276,11.189209191588963,-11.266499041643312,6.074443497583819
hisei_h,PRT,36,435.72226170596696,424.3990502021162,-11.323211503850757,5.613195664517191,457.13959182230775,452.00343610938734,-5.136155712920413,6.484679333854651,490.5545258205274,483.2551399133048,-7.299385907222586,4.701307429492205,520.536930183913,514.7724481496153,-5.764482034297657,6.312640772611594,21.41733011634081,27.60438590727112,6.187055790930309,6.121907250973978,54.83226411456049,58.85608971118857,4.023825596628079,5.897718573162166,84.81466847794611,90.37339794749907,5.558729469552958,7.283256073814278,33.41493399821968,31.251703803917433,-2.1632301943022476,6.180002131558246,63.39733836160532,62.76901204022797,-0.6283263213773509,6.604284073014565,29.982404363385633,31.517308236310527,1.5349038729248932,6.385628339155934
hisei_h,SVK,36,404.0416489765097,426.94489461571874,22.903245639209047,7.453143874478662,462.3643138061918,466.5121903054545,4.147876499262736,5.477110785811429,489.1539592532803,498.39585995946555,9.241900706185277,5.807103663865499,526.1531070675926,530.1106323930998,3.957525325507163,5.765287198023349,58.322664829682125,39.5672956897359,-18.755369139946225,7.972857759288464,85.11231027677064,71.45096534374682,-13.661344933023827,8.377247315206487,122.11145809108302,103.16573777738108,-18.94572031370194,9.03242257513629,26.78964544708852,31.88366965401092,5.094024206922398,6.606993793151973,63.788793261400905,63.59844208764518,-0.1903511737557224,7.543872080386714,36.99914781431238,31.71477243363426,-5.284375380678121,6.519972123298453
hisei_h,SVN,36,443.1327112820648,432.4765381255067,-10.656173156558111,4.50705337023077,476.4920266595165,461.2076736030238,-15.284353056492705,4.485258721790283,507.20552247356693,486.6168220313125,-20.588700442254435,4.411288716654998,524.1188373526306,504.0617973564542,-20.057039996176456,4.333773831295473,33.35931537745169,28.73113547751701,-4.628179899934683,6.0187246926497275,64.07281119150213,54.1402839058058,-9.932527285696324,6.281621144609846,80.98612607056592,71.58525923094753,-9.400866839618388,6.331659553710349,30.713495814050436,25.40914842828879,-5.304347385761645,6.38890293520671,47.62681069311421,42.854123753430535,-4.772686939683673,6.33610966889552,16.913314879063773,17.444975325141748,0.531660446077975,5.9713094570134535
hisei_h,SWE,36,447.49417085122104,431.8264404541981,-15.667730397022922,4.55801631670112,481.93730151643314,470.8376278297057,-11.099673686727442,4.561539635304277,509.8301642589874,492.1154830435995,-17.714681215387884,5.7239928102065765,517.0239916249578,509.7134600702772,-7.310531554680608,5.037101657800031,34.44313066521209,39.01118737550758,4.568056710295494,5.763857981360897,62.33599340776632,60.28904258940141,-2.0469508183649054,6.058354467359383,69.52982077373687,77.88701961607919,8.357198842342314,6.054153694109553,27.89286274255423,21.277855213893833,-6.615007528660396,6.875843481660798,35.08669010852478,38.87583224057161,3.789142132046834,6.0485835324625326,7.193827365970549,17.59797702667778,10.40414966070723,6.123620360190052
hisei_h,TUR,36,424.5049386381573,436.64512830836645,12.140189670209168,3.9771483633073954,437.13371629280056,446.0795155811852,8.945799288384649,4.541546710897578,458.5884781166499,471.38168451875464,12.793206402104715,4.695405505375623,496.0915400191524,517.9319707558739,21.840430736721487,5.258384252413973,12.628777654643311,9.43438727281881,-3.194390381824501,4.641964151457113,34.083539478492604,34.73655621038817,0.6530167318955691,5.3299136584507885,71.58660138099515,81.28684244750734,9.700241066512191,6.102576240786481,21.454761823849292,25.302168937569366,3.847407113720074,5.469282912017218,58.95782372635183,71.85245517468854,12.89463144833671,6.2153465481999985,37.50306190250253,46.550286237119174,9.047224334616644,6.117238858660569
hisei_h,USA,36,430.3832799243496,426.79663745160394,-3.586642472745666,7.808502978571584,455.5063524436765,452.5259309410696,-2.98042150260693,8.415961422042496,478.2118676704378,484.489451060398,6.277583389960171,20.695724538291476,514.8476912299272,514.2423168988756,-0.6053743310516211,11.205349356670654,25.12307251932682,25.729293489465583,0.6062209701387644,9.990275269512113,47.82858774608816,57.69281360879397,9.864225862705808,20.965822845827866,84.46441130557747,87.44567944727176,2.9812681416942866,13.389451488209655,22.70551522676134,31.963520119328386,9.258004892567048,19.249869300283567,59.34133878625066,61.71638595780617,2.375047171555508,13.125185769891823,36.63582355948931,29.752865838477778,-6.8829577210115325,18.17736574825298
hisei_h,OECD,36,441.69591129498184,436.91729263009057,-4.778618664891269,1.4582510541334333,471.0641728554771,467.71163686538864,-3.3525359900884837,1.5219391663717403,493.06983769000635,490.069246755569,-3.000590934437355,1.5758940305387006,516.8009393254277,510.44494394379535,-6.355995381632397,1.5300112862478754,29.368261560495206,30.794344235298155,1.4260826748029487,0.9820165698013755,51.37392639502453,53.151954125478525,1.7780277304539922,1.0289677509593362,75.1050280304459,73.5276513137048,-1.5773767167410995,1.1360241454220763,22.00566483452933,22.357609890180377,0.35194505565104706,1.142121912388413,45.736766469950695,42.73330707840664,-3.0034593915440553,1.1438547444824003,23.73110163542136,20.37569718822626,-3.3554044471951023,1.0656658782690251
pared_h,AUS,36,454.301623926131,445.642385371401,-8.659238554729995,3.332065000007466,486.30630943955896,480.97183672818267,-5.334472711376293,4.858836283665107,508.158827574273,506.4518111237504,-1.7070164505225875,3.773474297991891,507.8857042131611,503.19551789714535,-4.69018631601574,4.293356161407421,32.00468551342796,35.32945135678171,3.3247658433537524,5.287798622720379,53.85720364814195,60.80942575234942,6.952222104207472,4.632328351168309,53.58408028702998,57.55313252574435,3.969052238714376,4.728499353611758,21.85251813471399,25.479974395567716,3.6274562608537266,4.816366872171498,21.57939477360202,22.22368116896265,0.6442863953606306,4.522739346363095,-0.27312336111197055,-3.2562932266050666,-2.983169865493096,4.3733933003497505
pared_h,AUT,36,458.3529429295406,456.13707058542394,-2.215872344116633,4.776543296588988,484.58785236658787,476.89872880544516,-7.689123561142708,4.629172454429239,500.21567409382203,490.1106041779628,-10.105069915859247,4.531209597077981,520.8252532378482,510.5017361572178,-10.323517080630381,5.169503787290626,26.23490943704723,20.761658220021342,-5.4732512170258865,4.745439276607526,41.862731164281435,33.97353359253887,-7.889197571742564,5.249017536258018,62.47231030830757,54.364665571793786,-8.107644736513784,5.961491573148252,15.627821727234203,13.211875372517529,-2.4159463547166737,4.839299087701296,36.237400871260334,33.60300735177245,-2.6343935194878867,5.341622477070244,20.609579144026128,20.39113197925492,-0.2184471647712094,5.28373955398475
pared_h,BEL,36,457.67745072262676,455.41969663513675,-2.2577540874900137,4.676929790213791,500.40210149773355,492.77559443238897,-7.626507065344583,5.609119588276108,505.8689824191646,517.2324243307548,11.363441911590257,4.4606152612678365,508.5687080934046,515.5240907042365,6.9553826108319186,5.142413191276331,42.724650775106774,37.35589779725227,-5.368752977854506,5.970375843609987,48.191531696537815,61.81272769561823,13.621195999080413,5.649584168673497,50.89125737077787,60.10439406909992,9.213136698322046,5.868584241010381,5.466880921431044,24.456829898365964,18.98994897693492,5.737261359522754,8.166606595671102,22.748496271847653,14.581889676176552,5.521025650958563,2.6997256742400566,-1.7083336265183107,-4.408059300758367,5.333422305488085
pared_h,CAN,36,470.6445253039912,460.34609149768477,-10.298433806306434,3.534881985488855,500.43525734363374,492.99716058794877,-7.438096755684967,3.6478514620021625,513.0788806420799,512.2340513778009,-0.8448292642789283,3.7134243323966203,511.97419896815273,513.8461298843265,1.871930916173767,3.672569261311195,29.79073203964249,32.651069090263945,2.8603370506214567,4.1902370013493595,42.434355338088594,51.887959880116114,9.45360454202752,4.206515343679122,41.32967366416148,53.500038386641656,12.170364722480173,3.9478523836062926,12.643623298446107,19.23689078985217,6.593267491406062,4.213423852181157,11.538941624518992,20.84896929637771,9.310027671858718,3.8983965305828914,-1.104681673927115,1.6120785065255405,2.7167601804526553,3.6965855177041775
pared_h,CHE,36,481.2081383854793,469.9940262003196,-11.214112185159706,5.138116483720448,507.89413725297374,497.877997427594,-10.016139825379753,5.083754741782555,530.0514499414362,532.4707114796306,2.419261538194405,5.108870177850612,529.239294239552,539.8362194828585,10.596925243306487,4.791359720837321,26.68599886749447,27.883971227274497,1.197972359780028,5.495349774507217,48.84331155595689,62.47668527931105,13.633373723354161,5.935273459814436,48.03115585407277,69.84219328253903,21.811037428466257,5.880981698575218,22.15731268846242,34.59271405203655,12.43540136357413,5.746129626545491,21.345156986578303,41.95822205526453,20.613065068686225,5.5795541014261065,-0.8121557018841145,7.365508003227978,8.177663705112092,5.53607991399289
pared_h,CHL,36,394.2807219547145,380.2326606813655,-14.048061273349049,4.421314254613245,411.01223677455243,396.64142963756626,-14.370807136986173,4.445796749680755,424.5365553605878,419.96697991864403,-4.569575441943755,4.57115979920144,427.7707261298509,431.386004366418,3.6152782365670646,4.319602358553821,16.73151481983793,16.40876895620088,-0.32274586363704927,4.748871158043982,30.255833405873197,39.73431923727867,9.478485831405472,5.556230079452521,33.4900041751364,51.15334368505253,17.663339509916135,5.461044791354836,13.52431858603527,23.32555028107779,9.80123169504252,5.177832372500004,16.75848935529847,34.74457472885165,17.986085373553184,5.008325223917928,3.2341707692631987,11.419024447773864,8.184853678510667,4.5121475269649896
pared_h,COL,36,361.9670342083565,355.0337550146065,-6.933279193749968,4.213477692147037,372.31424066824684,378.59836517737006,6.284124509123217,4.3243252262987,399.75866315226637,398.3887512184534,-1.3699119338129435,6.511837899226969,401.77036724118824,415.1755448110024,13.405177569814157,7.043258116403035,10.347206459890293,23.564610162763444,13.21740370287315,4.616230777420034,37.791628943909856,43.35499620384684,5.563367259936982,6.483429040368274,39.80333303283179,60.14178979639587,20.338456763564082,7.237406718543156,27.444422484019565,19.790386041083394,-7.654036442936171,5.783214363010011,29.456126572941496,36.577179633632426,7.1210530606909295,6.891265902753534,2.011704088921931,16.78679359254903,14.7750895036271,5.338569903826868
pared_h,CZE,36,461.7468844149847,450.4658251852784,-11.28105922970633,4.745504736466295,466.9912224980788,460.26042055980076,-6.730801938278034,4.346324505330603,498.0820599260179,497.77091468316956,-0.31114524284834033,5.2960672292483535,524.7994377878928,517.421463703568,-7.377974084324819,4.8432728634142315,5.244338083094095,9.79459537452247,4.550257291428374,4.7364401989966485,36.33517551103319,47.305089497891274,10.969913986858082,5.216863252251692,63.05255337290803,66.95563851828958,3.903085145381546,5.685381452674753,31.090837427939096,37.51049412336881,6.419656695429712,5.713975969358278,57.80821528981394,57.16104314376711,-0.6471721460468274,5.435796082726009,26.717377861874844,19.65054902039831,-7.066828841476536,5.4353280828604245
pared_h,DEU,36,450.8846234261865,428.4166197523074,-22.46800367387914,5.231196139257111,480.2683398781813,482.35446763317566,2.0861277549943793,5.7275514447728435,502.6224028364404,498.2815109252244,-4.340891911216033,5.703767194491862,502.25144420935004,512.086859652135,9.83541544278495,6.214208461127116,29.383716451994854,53.93784788086826,24.554131428873408,6.278998504863165,51.737779410253914,69.86489117291705,18.12711176266314,5.9069510519356685,51.366820783163575,83.67023989982766,32.30341911666409,6.824715588135942,22.354062958259057,15.92704329204879,-6.427019666210267,6.466369729728971,21.98310433116872,29.732392018959395,7.749287687790673,6.799924456126339,-0.3709586270903344,13.805348726910603,14.176307354000938,6.190168503142432
pared_h,DNK,36,473.1687120500884,451.13872882232124,-22.02998322776716,4.334843837812537,497.3417642983388,473.939639666304,-23.40212463203477,5.713690221465443,496.01711558651186,496.03087712728495,0.01376154077308911,4.638479882123098,500.24598494246555,495.7183558609755,-4.5276290814900335,4.805003294271232,24.1730522482504,22.800910843982773,-1.3721414042676265,6.439382271609903,22.84840353642344,44.892148304963634,22.043744768540193,6.095997931824097,27.07727289237721,44.57962703865426,17.50235414627705,6.036347743636975,-1.3246487118269612,22.091237460980857,23.415886172807816,6.708834939825988,2.9042206441268092,21.778716194671482,18.874495550544673,5.94926148813308,4.228869355953771,-0.3125212663093748,-4.541390622263146,5.65213246823612
pared_h,ESP,36,446.50854805555,429.7894721796839,-16.71907587586611,3.4359308541690776,479.5153555811876,457.40156679110225,-22.113788790085323,3.2817720834548787,486.77594524317965,479.84658273684016,-6.929362506339487,3.3711963322233203,485.70451025886797,481.6390130742335,-4.0654971846344665,3.236946964262179,33.00680752563769,27.61209461141839,-5.394712914219301,3.727629963993587,40.267397187629754,50.05711055715625,9.789713369526496,3.8674057437888494,39.19596220331796,51.849540894549634,12.653578691231672,3.7350679575486816,7.26058966199206,22.44501594573786,15.1844262837458,3.4103421325450607,6.189154677680267,24.23744628313124,18.048291605450974,3.569097961370571,-1.071434984311793,1.792430337393381,2.863865321705174,3.217120602478134
pared_h,EST,36,488.2390673663102,477.9984431786547,-10.240624187655499,4.227054446071905,494.2411234490839,500.9584317283673,6.717308279283429,5.0679828149927495,526.1826362244275,532.3953809750019,6.212744750574416,4.670544469326727,533.4506418511498,529.2231287722891,-4.2275130788607385,4.73943409684542,6.002056082773601,22.959988549712516,16.957932466938914,5.349533727580908,37.943568858117196,54.39693779634719,16.453368938229993,5.249434887683773,45.211574484839495,51.224685593634376,6.013111108794881,5.696497203360365,31.941512775343597,31.43694924663467,-0.5045635287089283,5.79281140726697,39.209518402065896,28.26469704392186,-10.944821358144036,5.808378866870655,7.268005626722299,-3.1722522027128095,-10.440257829435108,4.9961582337392825
pared_h,FIN,36,459.0935871717629,441.6589253039485,-17.43466186781444,3.8222908553444577,494.82224767916415,470.9960164037492,-23.826231275414955,5.026233629800442,495.06383162676457,494.684402507144,-0.3794291196205677,4.2079319386644265,495.74977716495806,493.24029652103115,-2.5094806439269064,4.066980515461253,35.72866050740121,29.337091099800688,-6.391569407600521,5.45406490380709,35.970244455001634,53.025477203195564,17.05523274819393,4.864255297432127,36.65618999319516,51.58137121708271,14.925181223887549,4.402017171750119,0.2415839476004237,23.68838610339488,23.446802155794455,5.449092501213603,0.9275294857939571,22.244280117282017,21.31675063148806,4.89222481978264,0.6859455381935333,-1.4441059861128622,-2.1300515243063955,5.0608693271321314
pared_h,FRA,36,443.21549254966476,432.7402412830382,-10.475251266626572,4.8453449245098135,476.0644061949921,456.8306170501802,-19.233789144811908,5.084518883273425,494.93890682803084,491.1133869874303,-3.8255198406005206,5.4678574655731405,491.9026092572095,493.1299518994491,1.2273426422395914,5.487166782568645,32.848913645327244,24.090375767142,-8.758537878185244,5.183648240581141,51.72341427836602,58.373145704392144,6.649731426026122,5.886219010584438,48.68711670754466,60.38971061641098,11.70259390886632,5.422489716573788,18.874500633038775,34.28276993725014,15.408269304211363,5.6375416718081475,15.838203062217412,36.29933484926897,20.461131787051563,5.43612061456095,-3.0362975708213638,2.016564912018839,5.052862482840203,5.3225858334365475
pared_h,GBR,36,476.0086511095152,466.1449066497459,-9.863744459769293,5.1837235064994305,490.6670014985178,486.52462219878316,-4.142379299734614,4.7532990287466585,508.9303179340562,522.6276463480845,13.697328414028277,5.618674822516859,508.55638376602127,523.8483258562762,15.291942090254963,5.339724131906806,14.65835038900251,20.379715549037275,5.721365160034765,6.406703976602521,32.92166682454102,56.48273969833863,23.561072873797606,6.69924810138981,32.547732656506106,57.70341920653046,25.155686550024356,7.0232995418499975,18.263316435538513,36.10302414930135,17.839707713762834,6.129155574571473,17.889382267503596,37.3237036574932,19.434321389989602,5.956631684089367,-0.37393416803491847,1.2206795081918471,1.5946136762267655,5.540027300705749
pared_h,GRC,36,407.2679804824616,398.49881874343185,-8.769161739029755,4.8104406807798945,427.35342021467466,414.31049254895595,-13.042927665718707,5.766791344060989,447.4023351986578,449.63419487924483,2.2318596805870357,5.514297608082442,441.07717357207684,450.03741633169903,8.96024275962219,4.992985347342309,20.085439732213114,15.811673805524185,-4.273765926688929,6.06500416635199,40.13435471619617,51.135376135813004,11.001021419616833,6.408716048954919,33.809193089615285,51.53859758826722,17.729404498651938,5.97257415317344,20.04891498398306,35.32370233028882,15.274787346305757,5.844932765073932,13.72375335740217,35.726923782743036,22.003170425340866,5.009001121949905,-6.325161626580888,0.40322145245421553,6.728383079035104,5.289820866994999
pared_h,HUN,36,440.5891613013573,427.3888004795863,-13.200360821771028,5.165644420089098,473.9487298033299,447.66458562899817,-26.284144174331743,5.7708427736036025,492.38377063599165,491.9531623750398,-0.43060826095182847,5.726480959889324,487.4312971029984,489.91074035016464,2.4794432471662162,4.88852318685792,33.359568501972646,20.275785149411973,-13.083783352560673,5.762783342211219,51.79460933463433,64.56436189545367,12.769752560819342,7.074106487352662,46.842135801641135,62.52193987057841,15.679804068937273,6.208875695698958,18.435040832661684,44.288576746041684,25.85353591338,7.033474846645697,13.482567299668483,42.246154721166434,28.763587421497952,5.864979786283273,-4.952473532993201,-2.042422024875253,2.910051508117948,5.59882211341034
pared_h,IRL,36,468.1642177467881,450.6375327511546,-17.526684995633502,4.821756939047938,495.0783859557852,489.0763822658246,-6.002003689960645,4.425956545045829,503.64574271024424,498.2906202188886,-5.355122491355644,4.093056730992929,503.8011307163323,499.63311250633603,-4.168018209996262,3.8808307873648897,26.914168208997076,38.43884951466996,11.524681305672885,5.034033058228055,35.481524963456096,47.653087467734004,12.171562504277908,5.896565194163659,35.636912969544134,48.99557975518137,13.358666785637233,5.202193029885074,8.567356754459023,9.214237953064043,0.6468811986050191,5.174745174420389,8.722744760547062,10.556730240511405,1.8339854799643422,4.9257754720301055,0.1553880060880374,1.3424922874473624,1.1871042813593249,4.854297448073934
pared_h,ISL,36,435.06668814071446,440.2551118067885,5.188423666074016,5.142847616550835,463.72022507036974,459.6325004158847,-4.087724654485044,4.932569695786576,466.69985818165634,477.0341826240766,10.334324442420268,4.904726695726774,476.3118923048646,475.2165205709408,-1.0953717339237983,4.913048897762131,28.653536929655274,19.377388609096222,-9.276148320559052,7.100691670124385,31.633170040941888,36.77907081728801,5.145900776346121,7.420222131137983,41.24520416415022,34.96140876415228,-6.283795399997942,6.852871374078201,2.9796331112866143,17.40168220819179,14.422049096905177,6.575423958913422,12.591667234494945,15.584020155056061,2.9923529205611157,6.79302995738795,9.612034123208332,-1.8176620531357286,-11.429696176344061,6.701532123392083
pared_h,ISR,36,416.60934976711644,410.89175928546246,-5.7175904816539855,5.605465473199292,463.5510571284757,457.9150368916845,-5.6360202367911825,6.673151093797012,482.4646222456493,470.9077331713406,-11.556889074308685,6.499851894303514,481.0269422646923,470.70889032202496,-10.318051942667353,6.241396112066696,46.94170736135927,47.02327760622197,0.08157024486269648,7.826747227527308,65.8552724785328,60.01597388587817,-5.839298592654629,6.794205752829524,64.41759249757588,59.817131036562444,-4.600461461013438,6.47531237421218,18.913565117173523,12.9926962796562,-5.920868837517322,7.504382490403917,17.4758851362166,12.793853430340471,-4.682031705876129,6.43493639031294,-1.4376799809569207,-0.19884284931573007,1.2388371316411906,6.195082474555141
pared_h,ITA,36,449.7523947654042,444.5227412645145,-5.229653500889697,5.108178491920264,470.1071146347143,462.02506536892326,-8.082049265791056,4.970510062926551,480.4742725721925,485.27804460014806,4.803772027955574,6.3990017850893475,487.6740924867605,493.8355074886275,6.161415001866999,6.221785908616014,20.354719869310042,17.50232410440872,-2.8523957649013205,5.330971261263954,30.721877806788246,40.755303335633585,10.033425528845338,6.810839022093513,37.92169772135629,49.31276622411315,11.391068502756859,6.644164209917785,10.367157937478202,23.252979231224863,12.88582129374666,5.850575179366148,17.566977852046243,31.810442119704426,14.243464267658183,6.080975261234075,7.1998199145680415,8.557462888479563,1.3576429739115214,6.02895862748389
pared_h,JPN,36,501.0053929980624,485.9221153893867,-15.0832776086757,7.011270985816406,530.6227210581493,517.9469270656159,-12.675793992533386,6.8238556473674326,557.5200892175774,558.3554025824898,0.8353133649123947,7.467071366595625,556.5958116570548,553.6427750159148,-2.953036641139988,5.849724027989461,29.617328060086983,32.02481167622918,2.407483616142194,7.644638284614528,56.5146962195151,72.43328719310293,15.918590973587825,8.682648734743044,55.59041865899237,67.720659626528,12.130240967535634,7.593791048995465,26.89736815942812,40.408475516873764,13.511107357445646,6.898107245637091,25.97309059890539,35.695847950298834,9.722757351393444,6.268074726172945,-0.924277560522728,-4.712627566574929,-3.788350006052201,6.126300996874629
pared_h,KOR,36,503.2646233111991,482.63793387277326,-20.626689438425842,7.01218916697716,512.6754558231962,537.0505077558039,24.375051932607676,7.801026918183376,547.8340164458707,541.759649005262,-6.074367440608739,6.958985328373331,549.295720294624,547.3200357576553,-1.975684536968629,6.5907748448515076,9.410832511996995,54.41257388303052,45.001741371033525,7.611809108098082,44.56939313467167,59.12171513248866,14.552321997816989,7.51093586277064,46.03109698342487,64.68210188488206,18.651004901457192,6.706210018634827,35.15856062267467,4.709141249458139,-30.449419373216532,7.493317820779607,36.62026447142787,10.26952800185153,-26.350736469576344,7.921085455837734,1.4617038487532,5.56038675239339,4.0986829036401895,6.568460499589417
pared_h,LTU,36,446.1129843133078,446.6057103547557,0.4927260414478951,4.2265297869009135,474.1353308818354,480.1149274670248,5.979596585189427,4.1915453449641085,494.4342726436859,490.24343258629114,-4.19084005739478,4.493420322247667,490.8466633827209,493.5803385806348,2.7336751979138967,4.614557606687306,28.022346568527563,33.50921711226914,5.486870543741578,5.239066887940206,48.32128833037813,43.63772223153538,-4.683566098842753,5.598097839149061,44.73367906941312,46.974628225879115,2.2409491564659945,6.369248930495296,20.298941761850568,10.128505119266237,-10.170436642584331,4.520548700533473,16.711332500885554,13.465411113609974,-3.2459213872755797,5.1914873022669035,-3.5876092609650128,3.336905994343738,6.924515255308751,5.298601440354232
pared_h,LVA,36,462.88670146350995,443.5755991368063,-19.311102326703633,4.562201447895935,466.8575776093786,454.7747165608753,-12.082861048503332,4.518908406079834,504.91726945387654,490.44777782763066,-14.469491626245883,4.907279137732381,501.1008568303876,492.45825495295503,-8.642601877432583,4.530584135535556,3.9708761458687034,11.199117424068827,7.228241278200124,5.310940197737022,42.030567990366634,46.87217869082433,4.841610700457693,5.816199224548352,38.21415536687775,48.88265581614872,10.668500449270972,5.674060481080087,38.05969184449793,35.673061266755504,-2.386630577742423,6.00884230013902,34.24327922100905,37.68353839207989,3.440259171070842,5.639144018914941,-3.816412623488884,2.010477125324388,5.826889748813272,5.93110846312227
pared_h,MEX,36,374.71615107064446,367.5546609764623,-7.16149009418217,3.663755886600169,390.79615752825725,385.8761272914894,-4.920030236767843,3.7552769361546825,400.6874940156499,397.3633481585673,-3.3241458570826126,4.602743146773796,414.50512898982225,411.34873466385017,-3.1563943259720872,5.3496131241295934,16.080006457612853,18.321466315027102,2.241459857414249,4.48783093245962,25.9713429450055,29.808687182104997,3.8373442370994972,4.927059406516543,39.78897791917778,43.79407368738783,4.005095768210047,5.561508485594867,9.891336487392646,11.487220867077895,1.5958843796852484,4.557104019491182,23.708971461564932,25.472607372360727,1.763635910795795,5.597099365809018,13.817634974172284,13.985386505282833,0.1677515311105484,4.632073936472635
pared_h,NLD,36,472.21963005494126,452.5985510402109,-19.621079014730356,6.567492817166675,504.6156893134845,477.6303051424503,-26.985384171034184,6.8867881674063876,502.5809093721979,524.4259428588153,21.845033486617467,6.473559265966298,507.560778383224,517.636084862969,10.075306479745052,6.570341783298786,32.39605925854329,25.03175410223944,-7.36430515630385,8.319782620241359,30.361279317256656,71.82739181860435,41.466112501347695,7.616124240695628,35.34114832828268,65.03753382275825,29.69638549447557,7.711494237932608,-2.034779941286632,46.795637716364915,48.830417657651545,7.98061997686149,2.94508906973939,40.0057797205188,37.060690650779414,7.76849680115011,4.979869011026023,-6.7898579958461145,-11.769727006872138,7.6034511734082
pared_h,NOR,36,446.5954946839273,417.90124387357844,-28.694250810348876,4.526143932567372,478.51066290673316,462.14175974761264,-16.36890315912052,4.941578689268901,483.0710385249898,478.37757935966795,-4.693459165321826,4.893249005683498,480.3385487746197,481.37073927953213,1.0321905049124211,4.590425199072644,31.91516822280576,44.240515874034294,12.325347651228533,5.8892167201656065,36.47554384106243,60.47633548608951,24.00079164502708,5.96086118263953,33.74305409069246,63.46949540595371,29.726441315261248,5.68941314631698,4.560375618256671,16.235819612055217,11.675443993798545,5.485503651631628,1.8278858678866983,19.228979531919418,17.401093664032718,5.41740828441126,-2.732489750369973,2.9931599198642003,5.725649670234173,5.603043952860135
pared_h,NZL,36,451.9657394317076,463.826626893633,11.860887461925358,5.088718207015106,481.60689553685086,482.81627931003334,1.2093837731824806,5.631633025894076,506.88556322611504,516.6742974936489,9.788734267533812,5.594941609065164,507.79635930173725,510.9036875262753,3.107328224538037,5.7455624568618795,29.641156105143278,18.989652416400354,-10.651503688742924,7.241188703122726,54.91982379440738,52.847670600015796,-2.072153194391582,6.882664263800466,55.830619870029615,47.077060632642265,-8.75355923738735,6.688793100304589,25.278667689264097,33.85801818361544,8.579350494351345,8.282762228582168,26.18946376488634,28.087408216241908,1.897944451355567,7.850445370913918,0.910796075622244,-5.770609967373536,-6.68140604299578,7.284636706862895
pared_h,POL,36,463.88914332392034,456.5232267812714,-7.365916542648961,4.571977799085382,468.92154892310043,463.1682958447668,-5.753253078333614,4.8828268935669294,510.724099890576,517.0174098282581,6.293309937682125,5.927260031814206,520.1244869177733,519.4887683460919,-0.6357185716814229,5.084530286828943,5.03240559918018,6.645069063495447,1.6126634643152666,5.417447801498896,46.834956566655706,60.49418304698679,13.659226480331085,6.646864381741403,56.23534359385302,62.965541564820526,6.7301979709675095,6.002346245445622,41.802550967475526,53.849113983491335,12.04656301601581,6.687611025771193,51.20293799467284,56.32047250132507,5.117534506652234,6.127651148007402,9.400387027197315,2.4713585178337327,-6.929028509363582,5.586252485709383
pared_h,PRT,36,434.3158603475613,423.6728555356185,-10.643004811942774,5.173743590461171,470.7435566023302,455.0827964334279,-15.6607601689023,4.543945957843039,492.4202481971014,484.10427277087894,-8.315975426222451,6.606262589943134,495.7521816805653,498.9800654964753,3.2278838159099905,5.163223788518629,36.42769625476893,31.40994089780934,-5.017755356959594,4.872315459715919,58.104387849540124,60.43141723526045,2.327029385720323,6.452125962059022,61.43632133300393,75.30720996085665,13.870888627852722,5.698221051919956,21.6766915947712,29.021476337451112,7.344784742679913,5.894527031425741,25.008625078235006,43.89726906304732,18.88864398481231,5.51155101723163,3.3319334834638084,14.87579272559621,11.5438592421324,5.584632944265442
pared_h,SVK,36,440.20864979078834,433.8133057195373,-6.395344071251031,5.9466443889902365,449.8207489551263,456.78639825456185,6.96564929943554,5.682652656432961,482.0308267481413,498.2062014749822,16.175374726840914,6.565774132820333,486.43580210882226,510.56644687591086,24.130644767088597,5.678066978099264,9.612099164337986,22.973092535024527,13.360993370686542,6.967379203348706,41.82217695735304,64.39289575544493,22.57071879809189,8.0572604161723,46.2271523180339,76.75314115637357,30.52598883833967,7.518937559398945,32.21007779301505,41.419803220420384,9.209725427405331,7.425287198316067,36.61505315369591,53.78004862134903,17.16499546765312,7.179157040148854,4.404975360680862,12.360245400928648,7.955270040247785,6.5367161025530995
pared_h,SVN,36,459.0030884971937,436.13698784915476,-22.866100648038923,3.8498342570910937,481.37937142039254,457.51392184749085,-23.865449572901696,4.497248013979958,500.23125782688874,485.79062837684734,-14.4406294500414,4.088483511603906,500.1480651063862,486.07306919534176,-14.074995911044425,4.202705408872392,22.376282923198875,21.376933998335964,-0.999348924862911,5.581296963443909,41.22816932969501,49.65364052769253,8.425471197997524,5.322894929910429,41.144976609192476,49.93608134618698,8.791104736994505,5.677214242256406,18.851886406496135,28.276706529356563,9.424820122860428,6.04227122022687,18.7686936859936,28.559147347851013,9.790453661857413,6.150369367498024,-0.08319272050253516,0.28244081849445024,0.3656335389969854,5.908836339867244
pared_h,SWE,36,459.1377218792014,433.1803667978985,-25.95735508130292,4.523033896931037,485.80797243682844,475.3228911058262,-10.48508133100222,4.922869349623869,498.3036171451831,495.1018805523712,-3.201736592811926,4.965961471930344,495.8249267484008,492.07213235923075,-3.752794389170049,5.037844338310526,26.670250557626957,42.14252430792779,15.472273750300836,5.387536859756163,39.16589526598171,61.9215137544727,22.75561848849099,5.628718782909096,36.68720486919921,58.89176556133221,22.204560692132993,6.001164279239775,12.495644708354751,19.77898944654491,7.2833447381901575,5.665177247950954,10.016954311572254,16.74924125340441,6.732286941832156,5.839010089855178,-2.478690396782497,-3.0297481931405,-0.5510577963580032,5.660653432805587
pared_h,TUR,36,436.0621851829199,429.108365056972,-6.953820125947914,4.163538993093435,441.28200877067076,449.47403011853373,8.192021347862976,4.224272220933301,454.6186892007643,465.13721623824387,10.518527037479544,5.52410499239699,481.38787632895765,516.1355826693349,34.74770634037725,5.246754257012876,5.219823587750886,20.36566506156175,15.145841473810863,4.857731090404428,18.55650401784444,36.02885118127192,17.47234716342748,6.4333687286875065,45.32569114603784,87.0272176123629,41.70152646632506,6.323477163189936,13.336680430093555,15.663186119710167,2.326505689616612,5.795347673272123,40.10586755828695,66.66155255080113,26.55568499251418,6.399442691423204,26.769187128193398,50.998366431090986,24.229179302897588,6.776024624289093
pared_h,USA,36,436.1633993425691,436.1703013918083,0.0069020492392155575,7.073954022265791,458.15266587069834,461.04989143523164,2.8972255645333007,9.260728690801182,481.510521574943,486.95342646731206,5.442904892369029,17.53018792150479,485.86396197581735,491.7444930752381,5.88053109942075,11.025254901572294,21.989266528129257,24.879590043423253,2.8903235152939963,8.919730900296184,45.347122232374076,50.78312507550375,5.436002843129671,16.708207592420354,49.70056263324837,55.57419168342979,5.873629050181421,10.196339761663115,23.35785570424482,25.903535032080498,2.5456793278356784,16.683439364054806,27.711296105119107,30.69460164000654,2.9833055348874318,10.482681984898019,4.353440400874286,4.791066607926041,0.43762620705175515,13.023570192756772
pared_h,OECD,36,449.50818226306103,438.40504064838115,-11.103141614679885,1.458257543301278,473.12641369070036,465.3722425924714,-7.754171098228937,1.5166262815769447,491.1422990115837,491.46284553797733,0.3205465263936276,1.5628107961032087,494.4887427302698,496.62322319084353,2.134480460573741,1.505616573957786,23.618231427639255,26.967201944090334,3.348970516451079,1.0965110414642425,41.63411674852257,53.05780488959613,11.423688141073555,1.071205077219007,44.98056046720867,58.21818254246233,13.237622075253661,0.98487427490566,18.01588532088332,26.090602945505793,8.074717624622473,1.1035452028444892,21.362329039569413,31.250980598372003,9.88865155880259,1.0176685260918572,3.346443718686095,5.160377652866208,1.8139339341801128,1.015416172944492
homepos,AUS,36,441.39312967849435,451.5954013530571,10.20227167456278,4.343589703520463,479.2351942589431,481.11764423186276,1.8824499729196305,4.027000327302309,504.79203842251036,491.44326011789354,-13.348778304616815,3.7100148001729267,526.9921177389049,492.8748676751635,-34.11725006374138,3.9666094438707615,37.84206458044879,29.522242878805635,-8.319821701643157,5.081819492116441,63.398908744015934,39.847858764836374,-23.55104997917956,4.494296346967024,85.59898806041045,41.27946632210632,-44.319521738304125,5.1168740335950496,25.55684416356714,10.325615886030743,-15.231228277536395,4.049344219372074,47.756923479961664,11.757223443300688,-35.999700036660975,4.233922375218924,22.20007931639453,1.4316075572699447,-20.768471759124584,4.109386561282795
homepos,AUT,36,426.58317125332013,437.3249323071245,10.741761053804396,5.799981101553801,480.17328738010735,476.03853617743346,-4.134751202673897,5.866624631487695,513.2065933168964,494.1028447749416,-19.103748541954758,4.273451005449824,532.1418497867126,502.9567213711742,-29.185128415538372,4.299794897610071,53.59011612678724,38.713603870308894,-14.876512256478343,5.787183581555585,86.62342206357624,56.7779124678171,-29.84550959575914,6.228233635025195,105.55867853339245,65.63178906404963,-39.926889469342825,6.138486436906337,33.033305936789006,18.064308597508198,-14.968997339280808,5.933025308041744,51.968562406605216,26.918185193740733,-25.050377212864483,5.936928960143397,18.935256469816203,8.853876596232533,-10.08137987358367,5.156060950806298
homepos,BEL,36,427.03695950186557,435.350309279877,8.313349778011457,6.454748541922656,479.6485663853826,477.2714854244982,-2.3770809608843706,5.195063454155227,510.86860180247703,500.0766575021201,-10.791944300356931,4.281904515070555,540.2330218566666,511.8329575472982,-28.400064309368418,5.100427950693221,52.61160688351703,41.92117614462121,-10.69043073889582,5.882141557507014,83.83164230061148,64.7263482222431,-19.105294078368374,6.5188199969458145,113.19606235480107,76.4826482674212,-36.713414087379874,7.337498891706569,31.220035417094437,22.805172077621904,-8.414863339472532,5.430391924984612,60.584455471284045,34.561472122800005,-26.02298334848404,6.065594406593515,29.364420054189612,11.756300045178103,-17.608120009011508,5.1448815369369205
homepos,CAN,36,464.70018666801445,465.4043447138415,0.7041580458270573,4.205060226529842,491.72598433303347,491.8450512212473,0.1190668882138084,3.5467606962419245,508.7544007531177,501.16900363614525,-7.585397116972445,3.546399949800112,526.7852049230333,492.885347109569,-33.89985781346434,3.950910099487602,27.025797665019116,26.440706507405725,-0.585091157613391,4.1461173422307995,44.054214085103304,35.764658922303695,-8.289555162799608,4.641087606017404,62.08501825501894,27.481002395727405,-34.604015859291536,4.811300326010794,17.028416420084188,9.323952414897969,-7.704464005186219,3.9658931364327477,35.05922058999983,1.0402958883216797,-34.01892470167815,4.288931493089473,18.030804169915644,-8.283656526576289,-26.314460696491935,3.9658804306021325
homepos,CHE,36,446.3886532970629,463.5875466953682,17.1988933983053,5.566772225817508,494.3281119854613,498.8232946194886,4.495182634027287,4.724947941645578,529.5336053939582,519.818600436882,-9.71500495707619,4.919349405384792,561.9396494841787,518.1825636935903,-43.75708579058846,5.131563239639153,47.93945868839849,35.23574792412047,-12.703710764278021,6.052186120706332,83.14495209689532,56.23105374151392,-26.913898355381406,6.073027817039777,115.55099618711571,54.59501699822213,-60.955979188893586,6.830811100674936,35.205493408496835,20.99530581739345,-14.210187591103384,5.072392531218713,67.61153749871724,19.35926907410166,-48.25226842461558,5.597324416873028,32.406044090220384,-1.6360367432917884,-34.04208083351217,5.464853738758211
homepos,CHL,36,378.34203966360235,380.638444230853,2.2964045672506472,4.10402910605495,404.04455492773525,396.49255140035416,-7.552003527381089,4.542057248967531,421.03888494988206,407.5954674959838,-13.443417453898235,4.7981489286285335,449.656870528859,431.88276126951797,-17.774109259341003,5.062347720693406,25.702515264132984,15.854107169501072,-9.848408094631912,4.799799311662706,42.696845286279725,26.957023265130715,-15.73982202114901,5.339935421682049,71.31483086525652,51.24431703866494,-20.070513826591586,5.938451963369126,16.994330022146737,11.102916095629643,-5.891413926517094,5.435661765888324,45.61231560112354,35.39020986916386,-10.22210573195968,5.553895734358116,28.6179855789768,24.28729377353422,-4.33069180544258,5.531459226857753
homepos,COL,36,345.054323691981,348.11236911872385,3.058045426742865,4.072110989573608,366.4046636703896,368.14295221569745,1.738288545307853,4.981764864133293,391.7630618812412,390.7331957846096,-1.0298660966315651,6.158060616424422,431.6554415291657,422.81803331041317,-8.837408218752557,7.327382321442074,21.350339978408602,20.030583096973647,-1.3197568814349552,4.824543967039036,46.70873818926022,42.62082666588582,-4.087911523374395,6.4507429706280535,86.60111783718469,74.70566419168932,-11.895453645495365,8.216373432980857,25.358398210851618,22.59024356891218,-2.7681546419394394,4.725299646779183,65.25077785877608,54.67508109471568,-10.575696764060396,7.048713605904605,39.892379647924464,32.0848375258035,-7.807542122120964,6.4297940742330075
homepos,CZE,36,426.1267163616018,439.62898201310844,13.502265651506661,5.243703012730543,480.7028161592002,476.434485358706,-4.268330800494198,4.889505999574484,508.8669070142866,491.60439869506416,-17.262508319222434,4.786373001643538,531.2409286928619,501.2528396110612,-29.988089081800695,4.561393454040461,54.57609979759843,36.80550334559753,-17.770596452000902,5.000568229304886,82.74019065268484,51.9754166819557,-30.764773970729145,5.918657007044869,105.11421233126005,61.623857597952735,-43.49035473330731,6.28956415688856,28.164090855086425,15.169913336358178,-12.994177518728247,5.206469339885814,50.53811253366162,24.81835425235521,-25.719758281306408,5.2100016078440845,22.37402167857519,9.648440915997032,-12.725580762578158,4.999326451115478
homepos,DEU,36,414.3879837725532,416.59027522979693,2.2022914572437458,6.722494546367138,470.5020708169541,460.585369858607,-9.916700958347064,6.021076552278527,500.4281247291583,490.7258321186888,-9.702292610469499,6.192270723965975,531.1067545353129,508.72397332601383,-22.382781209299083,5.161634099579551,56.11408704440089,43.99509462881002,-12.118992415590867,6.266737510860415,86.04014095660514,74.13555688889183,-11.904584067713316,6.8929246335458485,116.71877076275977,92.13369809621688,-24.5850726665429,7.642683989512553,29.926053912204264,30.140462260081797,0.2144083478775336,6.261786728990976,60.604683718358885,48.13860346740684,-12.466080250952047,6.746513172349894,30.678629806154635,17.998141207325045,-12.68048859882959,6.091855914042182
homepos,DNK,36,450.8744847843449,443.09012173711153,-7.784363047233342,4.92389154164143,483.2277577713491,475.93934690954893,-7.288410861800173,4.538066681470647,509.3816731399029,485.8842728257193,-23.497400314183608,4.706436716942453,517.1920564124168,484.0301290087924,-33.16192740362442,4.889564251521882,32.35327298700419,32.84922517243733,0.4959521854331399,5.594800425596031,58.507188355558085,42.79415108860774,-15.713037266950344,5.951929358778859,66.31757162807205,40.94000727168081,-25.377564356391233,5.511863709283786,26.153915368553903,9.94492591617041,-16.20898945238349,5.757147926299649,33.964298641067856,8.090782099243484,-25.873516541824372,5.957346534530807,7.810383272513957,-1.854143816926927,-9.664527089440885,6.187712286322724
homepos,ESP,36,427.9934644421417,430.76776149496834,2.7742970528266255,3.8498678676948606,464.44249414794695,458.0294508208708,-6.413043327076139,3.133064446198017,488.1727170987764,469.71016273477744,-18.462554363998947,3.236239230490832,514.9642620903727,479.80628591211223,-35.15797617826047,3.177695463273872,36.44902970580519,27.26168932590257,-9.187340379902619,3.7475118930773856,60.17925265663475,38.942401239809165,-21.236851416825587,3.9008207046220056,86.97079764823094,49.03852441714396,-37.93227323108698,4.38263050335549,23.730222950829567,11.680711913906595,-12.049511036922972,2.930777105895494,50.52176794242575,21.776835091241388,-28.74493285118436,3.0467807708563455,26.79154499159618,10.096123177334794,-16.695421814261387,3.0429438845726886
homepos,EST,36,469.5208614427038,486.0561009063919,16.53523946368813,4.3811205098009625,504.2559763102484,504.31334067250157,0.057364362253167656,4.975555661477338,526.5044713186187,520.638251289385,-5.866220029233659,4.701118132602114,541.3427091495507,522.4921211662894,-18.850587983261335,4.7005115944947145,34.73511486754454,18.257239766109585,-16.477875101434954,5.333313946832735,56.983609875914865,34.58215038299313,-22.401459492921738,5.368763583713768,71.82184770684691,36.436020259897525,-35.385827446949385,5.453525813717548,22.248495008370327,16.32491061688354,-5.923584391486788,6.235492010121921,37.08673283930238,18.17878049378794,-18.90795234551444,5.460009817640053,14.838237830932053,1.8538698769044004,-12.984367954027652,5.059781292275969
homepos,FIN,36,443.70576063327445,453.06319464783655,9.357434014562102,4.050826768035301,481.8163698491342,473.8512878741418,-7.965081974992415,4.079787087915163,499.97972072563806,478.91919959590206,-21.060521129736003,4.34681890242261,514.2518847851577,478.8024662642175,-35.449418520940185,4.333005908145268,38.11060921585986,20.788093226305232,-17.322515989554628,4.470124965642532,56.27396009236359,25.85600494806542,-30.41795514429817,4.48976708693659,70.54612415188323,25.73927161638099,-44.806852535502244,4.427976275191143,18.163350876503735,5.0679117217601855,-13.095439154743548,4.861262982032098,32.43551493602338,4.951178390075756,-27.484336545947624,4.64563662064138,14.27216405951965,-0.11673333168442923,-14.388897391204079,4.916934105869933
homepos,FRA,36,416.1711658134509,419.9978685611674,3.8267027477165243,5.259273049326597,459.3765832731582,450.92330815116327,-8.45327512199492,5.253383166206426,493.8579450016823,477.3232224427423,-16.534722558940018,5.918332632699197,527.1621077567021,491.2051545628252,-35.95695319387687,4.91967379082729,43.20541745970743,30.925439589995825,-12.279977869711601,5.600169931985812,77.68677918823153,57.32535388157483,-20.3614253066567,5.9573356907748805,110.99094194325126,71.20728600165778,-39.78365594159348,6.0620642155981495,34.48136172852411,26.399914291578995,-8.081447436945112,5.886833089717126,67.78552448354384,40.28184641166195,-27.503678071881886,5.655515823131092,33.30416275501973,13.881932120082956,-19.422230634936774,5.168242998202153
homepos,GBR,36,449.35616753825843,460.2581117846774,10.901944246418964,4.710129726901842,476.20155399291906,482.7514409081409,6.549886915221862,4.807088699182953,503.98646369122025,497.54019902128846,-6.446264669931793,5.417401779288741,537.9602993150809,518.0392642368895,-19.92103507819138,5.962556427007265,26.845386454660645,22.493329123463575,-4.35205733119707,5.604952054285527,54.63029615296184,37.282087236611076,-17.348208916350764,6.643702308225778,88.60413177682244,57.78115245221211,-30.82297932461033,7.10875883627219,27.784909698301202,14.788758113147498,-12.996151585153704,5.958820189968641,61.7587453221618,35.28782332874853,-26.47092199341327,6.822008794727891,33.973835623860595,20.49906521560103,-13.474770408259566,6.352848581830298
homepos,GRC,36,390.40634862068595,397.13351087946273,6.7271622587767865,4.863844977327375,424.53518654063254,426.4478735234944,1.912686982861885,4.874082616241227,445.7451531744329,436.501114182138,-9.244038992294918,5.165972636351097,460.95279985064036,438.4456695884226,-22.507130262217743,5.595228993056798,34.12883791994659,29.314362644031707,-4.814475275914884,4.950176163323353,55.33880455374697,39.36760330267525,-15.971201251071719,5.7886917782366645,70.54645122995434,41.31215870895989,-29.23429252099445,5.871888792988516,21.20996663380037,10.053240658643546,-11.156725975156824,4.889434323053939,36.41761331000776,11.997796064928185,-24.419817245079575,5.730061675600854,15.20764667620739,1.9445554062846384,-13.26309126992275,5.161378181761018
homepos,HUN,36,405.46227565998527,412.9111586775672,7.44888301758192,5.520226420106643,465.20522272895244,457.74510193181914,-7.4601207971333,5.1642773189189946,498.52970940100414,477.1849943005858,-21.34471510041834,5.541141454945765,523.4616449628928,493.6145771826371,-29.847067780255713,5.456542265554755,59.74294706896709,44.833943254252084,-14.909003814715007,5.688607463384118,93.06743374101879,64.27383562301873,-28.793598118000062,7.134213311964325,117.99936930290744,80.70341850507,-37.295950797837435,7.519365419439967,33.324486672051705,19.439892368766643,-13.884594303285063,5.56319478496401,58.25642223394036,35.8694752508179,-22.386946983122463,5.993438097117435,24.93193556188865,16.42958288205126,-8.50235267983739,5.881136544443352
homepos,IRL,36,453.55732950426636,449.769346691035,-3.787982813231338,4.60540844013963,484.9381661585841,479.398241597262,-5.539924561322152,4.057442397681494,505.817269402928,491.96140823000235,-13.855861172925643,4.111293942510136,524.5025609610744,501.1134648411309,-23.38909611994353,4.072440369703825,31.38083665431781,29.628894906226897,-1.751941748090914,4.601915843547543,52.25993989866167,42.19206153896724,-10.067878359694433,5.096241318903459,70.94523145680814,51.34411815009578,-19.601113306712364,5.463562218416237,20.879103244343856,12.563166632740343,-8.315936611603513,4.72963215680324,39.564394802490334,21.715223243868888,-17.849171558621446,4.722420012516745,18.68529155814648,9.152056611128547,-9.533234947017935,4.476687094198507
homepos,ISL,36,427.53400770364914,424.0347775914694,-3.4992301121797595,4.726037000999886,455.1265069733731,453.5157321673379,-1.6107748060352378,4.7541448845629715,468.72262180092355,463.9062512987333,-4.816370502190239,4.3166953182637275,486.8260067382774,463.407890784484,-23.418115953793404,4.95385876870929,27.59249926972397,29.480954575868463,1.8884553061444933,6.792332177668794,41.188614097274446,39.87147370726387,-1.3171403900105787,6.330976947110156,59.29199903462825,39.37311319301453,-19.918885841613715,6.453713753915701,13.596114827550474,10.390519131395404,-3.2055956961550702,5.942439110098289,31.69949976490429,9.892158617146071,-21.807341147758216,6.850668331468985,18.103384937353816,-0.49836051424933314,-18.60174545160315,6.411657984267905
homepos,ISR,36,394.95106609795664,405.1280685790099,10.17700248105325,5.5214397174551255,447.94892090683163,442.234441984182,-5.714478922649619,5.91604693518257,481.29865298414495,452.4363876929102,-28.862265291234735,6.308477510650137,512.4832799187484,457.2711960756066,-55.212083843141784,7.223497764901291,52.99785480887492,37.10637340517215,-15.89148140370277,5.781425527083088,86.34758688618822,47.30831911390032,-39.03926777228791,6.899542613512919,117.5322138207918,52.143127496596755,-65.38908632419503,7.736494465527222,33.34973207731331,10.20194570872817,-23.147786368585145,6.835628590598115,64.53435901191688,15.036754091424598,-49.49760492049228,7.178798898686032,31.18462693460355,4.834808382696428,-26.34981855190712,7.142011632854691
homepos,ITA,36,422.961274254623,426.7098784626934,3.7486042080703896,4.90984473049397,462.74724240471676,463.53842504952473,0.7911826448079751,6.014326569653879,488.3895950456232,485.0559553838631,-3.3336396617601167,5.291807862146827,512.608461484297,497.14982588310465,-15.458635601192327,6.460824564882102,39.78596815009373,36.82854658683142,-2.957421563262308,6.091088406711212,65.42832079100016,58.34607692116977,-7.082243869830393,5.731441666766106,89.64718722967405,70.4399474204113,-19.207239809262745,6.982677687202168,25.64235264090643,21.517530334338336,-4.124822306568095,5.503886324673222,49.86121907958032,33.61140083357986,-16.249818246000466,6.221104060112027,24.21886643867389,12.093870499241524,-12.124995939432365,5.47571699136406
homepos,JPN,36,494.0206825855288,499.7276107314889,5.706928145960092,7.468615317962373,533.0627909646104,531.2202783495193,-1.8425126150910955,5.603813532847387,548.9400127546173,542.2840292232331,-6.655983531384209,6.172599338638795,567.4993843666114,532.9884713230192,-34.510913043592154,7.328179263496142,39.04210837908169,31.492667618030517,-7.549440761051173,6.713969153712847,54.91933016908854,42.556418491744246,-12.362911677344293,7.031979135516234,73.47870178108266,33.26086059153036,-40.2178411895523,7.886764843587987,15.877221790006853,11.06375087371373,-4.813470916293124,6.229086803198795,34.43659340200098,1.7681929734998447,-32.66840042850114,7.086390427251867,18.55937161199413,-9.295557900213884,-27.854929512208017,5.8458740029560685
homepos,KOR,36,469.23217793556023,478.3668624213384,9.134684485778166,8.911714922173203,522.2780252740997,520.5880405138766,-1.6899847602230693,7.73984393577927,549.7289503250233,540.944747611088,-8.784202713935315,6.443453492428239,570.1899139529974,554.028838711881,-16.16107524111635,7.559842131693504,53.04584733853942,42.22117809253804,-10.824669246001378,8.07198781669103,80.49677238946303,62.57788518974959,-17.918887199713446,9.966224072560959,100.95773601743709,75.66197629054253,-25.29575972689456,10.641690421347537,27.450925050923615,20.35670709721155,-7.094217953712064,7.778473599921352,47.911888678897654,33.440798198004494,-14.47109048089316,8.347805971087642,20.460963627974035,13.084091100792943,-7.376872527181092,6.325622210138225
homepos,LTU,36,426.7729732921258,444.8952985347572,18.122325242631405,4.575404351892862,466.0030855922711,465.70988126743,-0.29320432484109915,4.124377311828585,492.8154230813922,480.6679073360586,-12.147515745333635,3.7632038675276194,517.4544034014115,492.5230668413569,-24.931336560054547,4.5440253284650005,39.2301123001452,20.814582732672637,-18.415529567472564,5.122788462857202,66.04244978926643,35.7726088013013,-30.269840987965125,5.498932541790071,90.68143010928569,47.62776830659966,-43.05366180268602,5.739185736015236,26.812337489121223,14.958026068628664,-11.854311420492559,4.556326381332092,51.45131780914047,26.81318557392703,-24.63813223521344,4.894381382870903,24.63898032001925,11.855159505298365,-12.783820814720885,5.231994982485937
homepos,LVA,36,447.27116545365607,437.49051162843006,-9.780653825226011,4.440190509083863,476.66861870531784,460.84596272937034,-15.822655975947498,4.378932624634796,494.1219587598105,469.77031222689675,-24.351646532913776,4.532125899101707,515.5867875373717,477.4061971827702,-38.18059035460152,3.4592799273808152,29.397453251661794,23.355451100940183,-6.042002150721611,5.194155475096265,46.85079330615444,32.27980059846665,-14.570992707687793,5.0444343204593745,68.31562208371558,39.91568555434013,-28.399936529375452,4.793721606241389,17.45334005449265,8.924349497526464,-8.528990556966185,4.865016325549096,38.9181688320538,16.56023445339995,-22.35793437865385,4.967146760399169,21.46482877756115,7.635884955873484,-13.828943821687664,5.1315031586902675
homepos,MEX,36,362.52430085757976,364.69867732152625,2.174376463946487,3.7165554986737406,387.76300875217964,381.311939081608,-6.4510696705716555,3.943701130376387,402.6170938764157,395.57203481591444,-7.0450590605012735,4.0376158231714525,427.6414080368178,409.8835785529592,-17.757829483858586,5.689052081229569,25.238707894599862,16.613261760081695,-8.625446134518167,4.158541350629799,40.092793018835934,30.87335749438817,-9.219435524447764,4.4430834260923495,65.11710717923793,45.18490123143295,-19.93220594780498,6.279646131728561,14.854085124236075,14.260095734306475,-0.5939893899296003,4.0947034717614645,39.878399284638064,28.571639471351254,-11.30675981328681,5.484132113114645,25.024314160401993,14.311543737044781,-10.712770423357211,5.209630726866943
homepos,NLD,36,432.35067918536913,442.35403769507957,10.003358509710438,6.9939102889363625,485.28213223603143,487.8150550415786,2.532922805547173,7.248175211462383,517.7781425220221,502.5756949819558,-15.202447540066316,6.2578838057995645,541.9795748576109,505.9098268292388,-36.069748028372146,5.966625742343422,52.931453050662256,45.46101734649906,-7.470435704163194,6.651876521316893,85.42746333665295,60.22165728687632,-25.205806049776626,7.99142868017964,109.62889567224173,63.55578913415927,-46.073106538082456,8.154368297891434,32.496010285990714,14.760639940377269,-17.735370345613447,7.6050688137074856,56.697442621579455,18.09477178766021,-38.60267083391925,7.96043493833616,24.20143233558874,3.3341318472829413,-20.8673004883058,6.779218227922687
homepos,NOR,36,429.13744240980805,429.76889780045457,0.6314553906465221,4.430292819458291,465.4522383802171,453.6807470153543,-11.771491364862811,4.508374676318379,485.47623793664843,469.12884122654907,-16.34739671009936,5.06477916895415,499.29705465308314,464.4884029526165,-34.80865170046661,4.821213941971011,36.31479597040897,23.911849214899668,-12.402946755509305,5.289223442174912,56.33879552684029,39.35994342609441,-16.978852100745883,5.33315843153268,70.15961224327503,34.71950515216189,-35.44010709111315,5.9825321565177125,20.023999556431317,15.448094211194746,-4.5759053452365706,5.863703307227789,33.844816272866055,10.807655937262217,-23.037160335603836,5.5376313550297995,13.820816716434734,-4.640438273932529,-18.461254990367262,6.103012068300126
homepos,NZL,36,425.17549352298886,440.7300878306877,15.554594307698835,4.580852415430633,472.73075352946154,478.56415171635626,5.833398186894726,6.29027189012334,504.0404317048009,497.7072739831336,-6.333157721667305,5.138488716820221,518.7681111964497,510.6521061211607,-8.116005075288967,5.207878484450489,47.555260006472714,37.83406388566857,-9.721196120804144,6.639284997390936,78.8649381818121,56.977186152445896,-21.887752029366197,6.283251937619049,93.59261767346095,69.92201829047305,-23.670599382987902,6.386255813800267,31.30967817533938,19.143122266777322,-12.166555908562056,7.620773139140118,46.03735766698823,32.08795440480448,-13.94940326218375,8.150362723255153,14.727679491648853,12.944832138027152,-1.782847353621701,6.880897357113066
homepos,POL,36,444.1923353479753,461.1191340953008,16.926798747325506,4.671330865746921,478.2953077328719,483.9418857777476,5.646578044875696,5.387731464343146,507.89401860173,495.61732898590645,-12.276689615823557,4.485177734708409,527.1609146276262,502.7240213453867,-24.43689328223951,5.561241211531251,34.10297238489655,22.822751682446828,-11.280220702449725,5.770963215437366,63.701683253754666,34.49819489060562,-29.20348836314905,5.351488987053246,82.96857927965095,41.604887250085966,-41.36369202956499,6.500426246827656,29.59871086885811,11.675443208158788,-17.923267660699324,5.401986477617843,48.86560689475441,18.782135567639138,-30.08347132711527,5.787661854820755,19.2668960258963,7.106692359480348,-12.160203666415953,5.38496114048279
homepos,PRT,36,421.2637352135075,419.3194490529948,-1.9442861605127177,6.100627191284059,457.55315534891423,448.658721202567,-8.894434146347237,5.34843102822267,489.75636786080867,475.4664247196147,-14.289943141193987,5.41283536118134,520.9226147568231,498.35243835328674,-22.57017640353638,6.187475798555139,36.28942013540681,29.339272149572214,-6.950147985834594,5.227025659822729,68.49263264730128,56.14697566661992,-12.345656980681355,6.1041722376500065,99.65887954331563,79.03298930029197,-20.62589024302366,7.582137318676928,32.20321251189448,26.807703517047713,-5.3955089948467645,5.372011441069858,63.369459407908835,49.69371715071978,-13.675742257189057,6.553228726691942,31.16624689601436,22.886013633672064,-8.280233262342296,6.307553824091545
homepos,SVK,36,383.7938918025785,417.8405335009701,34.04664169839157,7.367957984309173,459.4700990368863,473.0646117586427,13.59451272175636,5.8455315586157965,496.13540051296906,490.1673496306,-5.968050882369084,5.391729178657573,517.4240136152305,499.945179872657,-17.4788337425735,5.618449624622997,75.67620723430782,55.22407825767262,-20.4521289766352,7.238100163823231,112.3415087103906,72.3268161296298,-40.014692580760794,8.143114141038772,133.63012181265208,82.10464637168695,-51.525475440965124,9.539984913475685,36.6653014760828,17.10273787195718,-19.56256360412562,6.726814615831661,57.95391457834427,26.880568114014334,-31.073346464329934,7.123867366659258,21.28861310226147,9.777830242057155,-11.510782860204314,5.936598767535632
homepos,SVN,36,436.99350054907546,435.42503549709636,-1.5684650519791035,4.625546351316078,478.6915828567352,465.5269597602286,-13.164623096506602,4.352165702080143,502.8624980151205,476.5410413465812,-26.32145666853927,4.149128931609742,520.1127345999555,468.1137513524976,-51.998983247457886,3.8397374992238715,41.69808230765982,30.101924263132332,-11.596158044527485,6.0466720784320245,65.86899746604504,41.116005849484935,-24.75299161656011,6.031638399826801,83.11923405088005,32.68871585540136,-50.43051819547869,6.214641809175047,24.17091515838522,11.014081586352603,-13.156833572032617,6.359571621904269,41.421151743220236,2.5867915922690314,-38.834360150951206,5.921615481970665,17.250236584835015,-8.427289994083571,-25.677526578918588,5.433111829765492
homepos,SWE,36,427.03829008611336,436.0139479578285,8.975657871715157,4.755572763042405,472.79886028621775,469.3983021295952,-3.4005581566225374,5.041307027812536,505.83241393784556,482.1455627061212,-23.686851231724347,4.815959384590083,525.2302660201628,479.3113519535285,-45.91891406663433,4.952691033867386,45.7605702001044,33.384354171766674,-12.376216028337723,5.383797068066583,78.7941238517322,46.13161474829274,-32.662509103439454,5.898048744147191,98.19197593404951,43.297403995700044,-54.894571938349465,6.196502130928957,33.033553651627805,12.747260576526065,-20.28629307510174,5.491972452466098,52.4314057339451,9.913049823933369,-42.51835591001173,5.773617385476988,19.397852082317296,-2.8342107525926963,-22.232062834909993,5.336887045005243
homepos,TUR,36,402.19236938670605,423.7864711300217,21.59410174331566,4.555679823316299,444.28612060727755,456.7093798139069,12.423259206629325,4.605580254259097,468.19131751871635,476.9438220704295,8.752504551713173,4.364264901008053,498.04402579625395,489.7106641192548,-8.333361676999175,5.894569245425797,42.093751220571534,32.922908683885204,-9.17084253668633,5.192375595407916,65.99894813201036,53.157350940407824,-12.841597191602531,5.690162658659677,95.85165640954787,65.92419298923303,-29.927463420314837,7.200826761523823,23.90519691143882,20.23444225652262,-3.670754654916202,4.9721852067839105,53.75790518897634,33.00128430534784,-20.7566208836285,6.953598325786194,29.852708277537523,12.76684204882522,-17.085866228712305,6.49154136160569
homepos,USA,36,418.6574256384305,423.9433532262054,5.285927587774893,8.385291237324434,447.0930573187199,455.64082371985114,8.547766401131241,9.224394344768989,478.3381091094354,477.03097106404556,-1.30713804538982,11.470611652819843,515.3873467754811,492.95931120421284,-22.428035571268254,14.614078455561339,28.43563168028939,31.69747049364576,3.26183881335637,10.156659230662743,59.68068347100492,53.08761783784028,-6.593065633164642,11.192437002896812,96.7299211370505,69.01595797800738,-27.713963159043118,14.944649527788853,31.245051790715536,21.39014734419452,-9.854904446521015,11.171096840168941,68.29428945676109,37.318487484361626,-30.975801972399466,11.072876494370798,37.049237666045556,15.928340140167109,-21.120897525878448,11.65869992123366
homepos,OECD,36,426.19788426807884,433.40645592720347,7.20857165912463,1.5035341325646063,466.77822409991296,464.66989172154206,-2.1083323783709034,1.5139151681394247,492.89351632127165,480.46927837468075,-12.424237946590893,1.4909273224131971,516.3377351859665,488.5495921426706,-27.788143043295918,1.5517520717801696,40.58033983183408,31.26343579433867,-9.316904037495412,1.0166591642386793,66.69563205319282,47.06282244747728,-19.632809605715543,0.9909880889719698,90.13985091788761,55.143136215467145,-34.99671470242047,1.1356565419001792,26.115292221358736,15.799386653138612,-10.315905568220124,1.0375394633706951,49.55951108605353,23.87970042112847,-25.679810664925064,1.0787781501372429,23.444218864694797,8.080313767989855,-15.363905096704942,0.9475666585174252
homepos_h,AUS,36,450.97144430762336,445.74267627848184,-5.22876802914152,4.238805953822363,486.0789159701844,479.0958415814015,-6.9830743887829385,4.069964793520656,503.1382060092148,494.90579620309427,-8.232409806120529,3.7876142072122385,513.1627581628312,498.2011794601449,-14.961578702686325,3.9791567976818336,35.107471662561025,33.35316530291967,-1.7543063596413546,4.798563331205244,52.1667617015914,49.16311992461249,-3.0036417769789097,4.42697402291487,62.19131385520782,52.45850318166297,-9.732810673544847,5.013727040811114,17.059290039030362,15.809954621692816,-1.2493354173375462,4.1835238160536745,27.08384219264679,19.105337878743303,-7.978504313903489,4.527352539600051,10.02455215361643,3.295383257050486,-6.729168896565944,4.236118054607478
homepos_h,AUT,36,437.0238564439948,433.2484759099996,-3.7753805339951896,5.717271880365308,485.9839562573801,475.88823968646346,-10.095716570916636,5.391693783551142,513.4503434147364,497.3280284590663,-16.122314955670106,4.343440077152278,517.5315232791202,504.6119684276943,-12.919554851425858,4.359232742096171,48.960099813385256,42.63976377646386,-6.320336036921397,5.681939894027885,76.42648697074164,64.07955254906669,-12.346934421674945,5.66459043208805,80.50766683512535,71.36349251769471,-9.14417431743064,6.419887743499283,27.466387157356372,21.439788772602828,-6.0265983847535445,5.1655466660262315,31.5475670217401,28.723728741230836,-2.823838280509264,5.767850532100052,4.081179864383728,7.28393996862801,3.202760104244282,4.802251077144608
homepos_h,BEL,36,435.21524944200166,432.9709745061644,-2.244274935837268,6.048086484818311,487.1708707349159,477.943274568364,-9.227596166551905,5.0745595623165185,510.47229531364945,500.79708346500786,-9.675211848641595,4.729789211814772,526.8941715106296,517.4833737789102,-9.410797731719413,5.0611627364844045,51.95562129291436,44.97230006219956,-6.9833212307148,5.371942862498543,75.25704587164788,67.82610895884349,-7.430936912804384,6.663872777546402,91.67892206862803,84.51239927274568,-7.166522795882344,7.333956773951837,23.301424578733492,22.853808896643937,-0.4476156820895554,5.263267085475466,39.72330077571367,39.54009921054613,-0.18320156516753627,6.060078397914325,16.421876196980172,16.68629031390219,0.2644141169220191,5.413301085378069
homepos_h,CAN,36,470.85967249907964,458.5794027963082,-12.28026970277142,4.004261804125019,494.88251892902474,488.1463095798945,-6.736209349130263,4.0055501025819815,512.566114637154,503.1133092941066,-9.452805343047373,3.5125191083598604,515.4380270728066,503.80169903523176,-11.636328037574799,4.0721560903415295,24.02284642994503,29.566906783586337,5.5440603536413064,4.014242733308762,41.706442138074344,44.53390649779849,2.8274643597241464,4.588330078546431,44.57835457372694,45.22229623892363,0.6439416651966923,4.970320152229455,17.683595708129314,14.966999714212154,-2.71659599391716,4.311147194178798,20.555508143781914,15.655389455337296,-4.900118688444618,4.8210410466924944,2.871912435652598,0.688389741125144,-2.183522694527454,4.1724030979548665
homepos_h,CHE,36,457.9265898065367,457.15526659812804,-0.7713232084086599,5.011836624200248,498.6508004485739,496.86533294401426,-1.7854675045596196,4.9145505410034245,527.087270190074,519.2099053262755,-7.877364863798562,5.271108675086704,549.4404144407499,527.9626145198919,-21.477799920858047,5.25763011658593,40.72421064203719,39.710066345886204,-1.0141442961509881,5.442162087278638,69.16068038353721,62.05463872814728,-7.10604165538993,5.970839350603062,91.51382463421321,70.80734792176375,-20.706476712449458,6.64935888888107,28.43646974150003,22.344572382261067,-6.091897359238963,5.551167512271507,50.789613992176015,31.097281575877552,-19.692332416298463,5.9491495750564525,22.353144250675985,8.752709193616488,-13.600435057059498,6.177822586556895
homepos_h,CHL,36,382.40564015518083,375.38424723952414,-7.0213929156566905,4.1016588763094965,406.34781646276326,395.5987361466872,-10.74908031607606,4.7807586190989335,422.13320914720214,409.04744762317245,-13.085761524029692,4.604585593488087,443.99444873943264,439.6066946006316,-4.387754138801029,4.711154940906934,23.94217630758248,20.214488907162938,-3.7276874004195406,4.769297540831984,39.72756899202129,33.663200383648224,-6.064368608373066,5.337675661169463,61.588808584251844,64.22244736110744,2.633638776855598,5.602952914893305,15.785392684438813,13.448711476485283,-2.3366812079535304,5.388930165315286,37.646632276669365,44.00795845394451,6.361326177275146,5.373226262734786,21.86123959223055,30.55924697745923,8.698007385228681,5.220750811830294
homepos_h,COL,36,350.44688575839643,349.0894020033104,-1.3574837550860366,4.186363171819415,368.0835142100607,366.9285257787919,-1.154988431268805,4.558813749653015,392.54882691638943,392.53045219344096,-0.018374722948465205,6.3586699051460895,429.09407916078374,425.316368900229,-3.777710260554727,7.256587565321919,17.636628451664212,17.839123775481504,0.20249532381729196,4.615353625504614,42.10194115799299,43.441050190130646,1.3391090321376566,6.367010735399115,78.6471934023872,76.22696689691868,-2.42022650546852,7.949028079911245,24.46531270632878,25.601926414649142,1.1366137083203611,4.994172311306382,61.01056495072301,58.387843121437164,-2.622721829285844,7.299146553120199,36.54525224439422,32.78591670678803,-3.7593355376061908,6.473799415147517
homepos_h,CZE,36,441.3631186344957,432.0913485361213,-9.271770098374418,5.097031477959404,485.7758329051338,475.9044444073026,-9.87138849783122,5.023966708838417,505.2693054309757,493.3219849712771,-11.947320459698574,4.791191033780925,515.4535331785213,509.2126106470191,-6.240922531502179,4.841747738596937,44.41271427063809,43.81309587118129,-0.5996183994568014,5.286059895466288,63.906186796479915,61.23063643515577,-2.6755503613241416,5.91725323754314,74.09041454402556,77.12126211089773,3.0308475668721684,6.350592324838287,19.493472525841828,17.417540563974484,-2.0759319618673437,5.037559512032495,29.677700273387483,33.308166239716435,3.630465966328952,5.52496753166678,10.184227747545657,15.89062567574195,5.706397928196292,5.560483817310848
homepos_h,DEU,36,428.3869799388085,416.0216077449377,-12.365372193870826,6.671839842849229,473.5151011701576,462.10241946478163,-11.412681705375974,6.570225142671688,501.63156904519565,492.2870640819382,-9.344504963257464,5.462716881296691,515.227745680434,510.73379437567894,-4.4939513047551145,5.076468447460136,45.12812123134909,46.080811719843915,0.9526904884948237,6.415494515353457,73.24458910638707,76.26545633700053,3.0208672306134616,6.778049437244966,86.84076574162546,94.7121866307412,7.87142088911574,7.212560993961626,28.116467875037984,30.184644617156614,2.068176742118631,6.189376997758251,41.71264451027637,48.631374910897286,6.918730400620916,6.893329811921205,13.596176635238384,18.44673029374067,4.850553658502287,5.704749578515906
homepos_h,DNK,36,459.6675234720742,441.9126542965631,-17.75486917551109,5.270120480176549,488.776917922565,475.13234930827974,-13.644568614285276,4.674589196286056,507.0373062136381,487.0751222989549,-19.96218391468318,4.845698818249971,505.44860439322173,486.21535460037603,-19.233249792845697,4.836235869674685,29.10939445049079,33.21969501171664,4.1103005612258485,6.062697747617897,47.36978274156392,45.16246800239173,-2.2073147391721832,6.17012401098822,45.78108092114755,44.3027003038129,-1.4783806173346505,5.903000014895926,18.260388291073127,11.942772990675092,-6.317615300398035,6.028982246957063,16.67168647065676,11.08300529209626,-5.588681178560499,6.241408136100234,-1.5887018204163668,-0.8597676985788325,0.7289341218375343,6.483935491883996
homepos_h,ESP,36,436.55043778593165,423.5417230691508,-13.008714716780844,3.866904990342903,467.6224494167069,455.16736118060237,-12.45508823610453,3.2379560026017926,487.4270616679435,472.75837553056044,-14.668686137383077,3.2865998633945637,504.5898916429857,488.116571880392,-16.473319762593746,3.1812036706531006,31.07201163077521,31.62563811145152,0.5536264806763072,3.9933137552886526,50.87662388201185,49.21665246140971,-1.6599714206021403,3.937602570440514,68.03945385705404,64.5748488112412,-3.4646050458128457,4.439784465100242,19.804612251236637,17.591014349958193,-2.213597901278444,3.0306232684987915,36.96744222627884,32.949210699789674,-4.018231526489167,3.1222193609820907,17.162829975042207,15.358196349831479,-1.8046336252107285,3.2746426897707184
homepos_h,EST,36,479.86646652658067,477.8742475454177,-1.9922189811629778,4.4510469670102335,505.4819830004444,506.78724301431214,1.3052600138677235,4.408071979460171,521.4384038282616,519.139374071873,-2.2990297563885633,4.640772208518641,534.84805302719,529.969774690812,-4.878278336378003,5.016789964612358,25.615516473863682,28.912995468894394,3.297478995030712,4.752544748699899,41.571937301680926,41.265126526455305,-0.30681077522562106,5.32826842150293,54.981586500609225,52.0955271453942,-2.886059355215025,5.620590399576895,15.956420827817244,12.35213105756091,-3.604289770256333,5.412255609706982,29.366070026745554,23.182531676499803,-6.183538350245751,5.608609490524427,13.40964919892831,10.830400618938892,-2.579248579989418,5.354590332579942
homepos_h,FIN,36,454.16392263958767,447.883725950443,-6.2801966891446455,4.083382071732414,486.1005386572554,470.24165514577214,-15.85888351148327,3.7746386005137396,498.5741523293831,482.78402356288444,-15.79012876649864,4.261273912163667,502.2893068544614,485.7547587694686,-16.53454808499282,4.419266349560424,31.93661601766771,22.357929195329113,-9.578686822338597,4.184532089091957,44.41022968979547,34.90029761244141,-9.509932077354058,4.378344972392105,48.125384214873726,37.87103281902552,-10.254351395848204,4.489755250771887,12.47361367212776,12.5423684171123,0.06875474498454004,4.4430416484671955,16.188768197206013,15.513103623696406,-0.6756645735096072,4.5138046827562714,3.7151545250782534,2.9707352065841066,-0.7444193184941468,5.073657681992331
homepos_h,FRA,36,425.7849628445227,415.4748489800671,-10.310113864455559,5.376169350054668,466.3394848122572,453.2807910003371,-13.05869381192008,5.088248262429569,491.2402319159469,472.80224945393275,-18.437982462014133,4.970179340622595,516.1807280660112,501.18361222291304,-14.997115843098129,5.446712131824129,40.55452196773441,37.80594202026991,-2.748579947464499,5.213303770029333,65.45526907142424,57.3274004738656,-8.127868597558638,5.833155995994363,90.39576522148867,85.70876324284583,-4.68700197864284,6.465184179589977,24.90074710368983,19.52145845359568,-5.37928865009415,4.627723505925353,49.84124325375426,47.90282122257592,-1.9384220311783338,5.109445238810438,24.940496150064426,28.381362768980246,3.4408666189158197,5.222944533445282
homepos_h,GBR,36,460.5553767927114,454.4425714843518,-6.1128053083596114,5.3069734335681265,483.69762058917433,484.59694689560075,0.899326306426417,5.0220343420867355,501.1045643188355,499.31940162815073,-1.7851626906847855,5.31709898095106,524.5782114446123,521.5454356632887,-3.0327757813236076,5.942735003655939,23.142243796462953,30.15437541124901,7.012131614786057,6.718709077473523,40.54918752612406,44.87683014379891,4.327642617674854,6.873888237112857,64.02283465190087,67.10286417893678,3.0800295270359186,7.9217503457781575,17.406943729661105,14.722454732549902,-2.6844889971112025,5.8191859365782745,40.88059085543792,36.94848876768778,-3.9321020877501454,7.076083208768479,23.473647125776818,22.22603403513787,-1.2476130906389464,5.9995587567415445
homepos_h,GRC,36,403.0482956839454,394.71838519504195,-8.329910488903465,4.568190231551598,429.842675902691,423.94065261928563,-5.902023283405356,5.404999437683233,442.4543417012172,439.5808061197975,-2.8735355814196737,5.154388626817783,448.53235220549624,442.8076535783874,-5.7246986271088645,5.577913151861506,26.794380218745612,29.222267424243608,2.4278872054979956,5.505734467285762,39.40604601727164,44.86242092475557,5.4563749074839265,5.835084872536763,45.4840565215508,48.0892683833453,2.6052118617945013,5.992223643417005,12.61166579852603,15.640153500511962,3.0284877019859326,5.3800179359138225,18.689676302805186,18.867000959101688,0.17732465629650207,5.790860871415966,6.078010504279154,3.226847458589725,-2.8511630456894292,5.327314003691754
homepos_h,HUN,36,418.3639171880478,408.9639076084639,-9.400009579583923,5.997194476409168,468.1003894194845,456.56525075293365,-11.535138666550836,5.013573019157815,493.7193062248367,478.82083668837566,-14.89846953646105,4.820450813223318,515.209618913637,499.30216810716564,-15.907450806471331,5.8053672108603145,49.73647223143675,47.60134314446974,-2.1351290869670123,6.044546952319913,75.35538903678886,69.85692907991177,-5.498459956877099,7.190673740508144,96.84570172558908,90.33826049870171,-6.507441226887366,7.873368904202112,25.618916805352125,22.255585935442035,-3.36333086991009,5.430952913065223,47.10922949415233,42.73691735423198,-4.3723121399203535,5.993509741847462,21.490312688800202,20.48133141878994,-1.0089812700102634,5.450534284504842
homepos_h,IRL,36,462.0208537178602,448.3325956201614,-13.688258097698792,4.8597416335516,486.1844518505477,476.3798323631307,-9.804619487417028,3.7968184291481166,504.69503224459487,494.3053527834307,-10.389679461164178,4.4087315956523705,516.3413834682418,503.79178555679727,-12.54959791144455,3.949812179467713,24.16359813268757,28.047236742969318,3.8836386102817464,4.863609672160815,42.674178526734764,45.97275716326938,3.2985786365346144,5.227961219536647,54.32052975038168,55.45918993663597,1.1386601862542918,5.726641727432046,18.51058039404719,17.925520420300057,-0.585059973747132,4.791776193027216,30.156931617694113,27.411953193666655,-2.744978424027458,4.685203773913452,11.646351223646922,9.486432773366596,-2.159918450280326,4.5695660962580655
homepos_h,ISL,36,436.3024327574587,420.48682954319764,-15.815603214261046,4.662096273199836,462.76083163077163,453.13709010236727,-9.623741528404366,4.689954464881599,467.9072104672309,464.865441851148,-3.0417686160829476,4.64129180937669,473.29738681092357,468.05910377003875,-5.2382830408848235,4.7485874813510005,26.458398873313012,32.65026055916956,6.191861685856548,6.558998221370619,31.604777709772282,44.37861230795038,12.773834598178095,6.617895645689406,36.9949540534649,47.57227422684109,10.577320173376187,6.1644958687978475,5.146378836459268,11.728351748780813,6.581972912321545,6.556930069403615,10.53655518015189,14.92201366767153,4.3854584875196405,6.5420383348688915,5.390176343692621,3.1936619188907174,-2.196514424801904,6.372289296114782
homepos_h,ISR,36,406.98794665866285,393.91857127693237,-13.069375381730481,6.063327594304929,459.41448848648116,440.80969119928267,-18.604797287198494,6.565790630223789,490.21956051794166,459.6571323164456,-30.56242820149606,6.360978337477581,498.7645258434503,468.9704090940575,-29.7941167493928,6.527598624135215,52.426541827818234,46.89111992235026,-5.53542190546797,6.559375735657496,83.23161385927881,65.73856103951319,-17.493052819765623,6.651448514194384,91.77657918478748,75.05183781712512,-16.72474136766236,7.140656854307547,30.805072031460575,18.84744111716292,-11.957630914297656,6.7246980607985805,39.35003735696924,28.16071789477486,-11.18931946219438,7.025702662740128,8.544965325508661,9.313276777611941,0.7683114521032799,6.937545232737719
homepos_h,ITA,36,436.1848717652855,426.0400331199383,-10.144838645347193,5.142123355408181,463.6166711051188,462.43231455435455,-1.184356550764278,5.273024151599683,486.7187653247671,485.4058526789403,-1.3129126458268274,5.825518107642314,501.01312154354343,498.99564890302224,-2.0174726405211914,5.9322854047306235,27.431799339833162,36.39228143441617,8.960482094583007,5.436021281061086,50.53389355948151,59.36581955900199,8.831925999520479,5.857842791912101,64.8282497782579,72.95561578308397,8.127366004826072,6.511202607872008,23.102094219648347,22.973538124585826,-0.12855609506252108,5.349546678437809,37.39645043842474,36.56333434866781,-0.8331160897569347,5.645470910715028,14.294356218776397,13.589796224081983,-0.7045599946944137,5.116128597189198
homepos_h,JPN,36,504.6494137643125,495.2713939396425,-9.378019824669991,7.884093812438244,537.4845420995919,530.9016897054432,-6.582852394148631,6.203230219214727,549.4250299291685,538.2346808489389,-11.19034908022968,5.7883378662170575,552.647905764409,542.6580454496465,-9.989860314762495,6.90758555753285,32.83512833527936,35.630295765800795,2.7951674305214382,7.506327108523392,44.77561616485604,42.96328690929631,-1.8123292555597317,7.123857942084889,47.99849200009658,47.38665151000401,-0.6118404900925754,8.58263991787436,11.940487829576682,7.332991143495508,-4.607496686081174,6.19556911823827,15.163363664817222,11.75635574420321,-3.407007920614012,6.554845156224588,3.222875835240541,4.4233646007077025,1.2004887654671617,5.502908654667178
homepos_h,KOR,36,485.5948615688918,478.48083590228464,-7.114025666607176,7.76400904950932,525.226091859051,522.2055717705817,-3.0205200884693113,7.66361960142294,543.8508130306133,539.9062761879084,-3.944536842704906,6.155310065142402,558.6678283089013,554.9976170732712,-3.670211235630177,8.158916130442957,39.63123029015935,43.7247358682971,4.093505578137751,7.477480535742802,58.25595146172147,61.42544028562376,3.1694888239022845,8.155214953975541,73.07296674000966,76.51678117098672,3.4438144309770564,9.891405572798424,18.624721171562122,17.700704417326655,-0.9240167542354669,7.312924219273151,33.4417364498503,32.79204530268962,-0.6496911471606808,7.746361587373602,14.817015278288181,15.091340885362968,0.27432560707478615,7.95670928410926
homepos_h,LTU,36,441.22216507418,441.2197712329413,-0.002393841238699679,4.384997640563318,473.3046362661513,469.48235839851395,-3.8222778676373537,4.260599789261592,487.66668148706856,481.21913819031323,-6.4475432967553274,3.9608609516202877,502.2949399153924,493.60670305783924,-8.688236857553136,4.499795985959195,32.082471191971244,28.26258716557271,-3.819884026398533,5.142162581003426,46.444516412888575,39.99936695737205,-6.445149455516528,5.143142703916405,61.07277484121234,52.386931824898014,-8.68584301631433,5.495964556272002,14.362045220917327,11.736779791799336,-2.6252654291179915,5.231874245922043,28.990303649241106,24.1243446593253,-4.865958989915807,5.3523594477706835,14.628258428323779,12.387564867525963,-2.2406935607978156,5.151815646668551
homepos_h,LVA,36,454.9142354229439,432.06395527870745,-22.85028014423642,4.183042277205776,479.9441315049131,459.52690057352964,-20.41723093138347,4.174783316813196,492.0221977057355,472.76678672256685,-19.255410983168645,4.333053428945102,507.15813284225607,481.87604127537605,-25.282091566880013,3.6973980644352724,25.029896081969135,27.46294529482224,2.4330492128531063,4.653756051658843,37.10796228279157,40.70283144385935,3.594869161067784,4.882412449467778,52.243897419312134,49.812085996668664,-2.43181142264347,4.598659382787975,12.078066200822434,13.239886149037114,1.1618199482146796,4.590520632073493,27.214001337343,22.34914070184642,-4.86486063549658,4.750946067892935,15.135935136520567,9.109254552809308,-6.02668058371126,4.988528617731818
homepos_h,MEX,36,368.94692486281645,363.1216332593132,-5.825291603503217,3.7920796768668508,389.38475545917987,382.64793817974254,-6.736817279437332,3.73811777052909,403.75061798727313,395.1573073398979,-8.593310647375233,4.356441137817252,421.9158974832386,412.4729027333895,-9.442994749849106,5.4305619788315305,20.43783059636335,19.52630492042936,-0.9115256759339907,4.1868077003445165,34.80369312445669,32.03567408058474,-2.768019043871952,4.59313501959372,52.96897262042205,49.35126947407636,-3.61770314634569,6.110406456595262,14.36586252809334,12.509369160155376,-1.8564933679379632,4.18116243140884,32.531142024058695,29.824964553647,-2.7061774704116957,5.644860754066139,18.165279495965354,17.315595393491623,-0.8496841024737307,4.809774541247423
homepos_h,NLD,36,439.284093274484,456.9607996836174,17.676706409133374,7.874026688426545,496.55857113958234,493.30136436510395,-3.257206774478391,5.59155286193788,517.0258905814725,503.30828804338137,-13.717602538091114,5.914563210462208,525.8105857199523,507.51322481578006,-18.29736090417225,6.2639517191086505,57.27447786509833,36.34056468148655,-20.933913183611786,6.995082659977018,77.74179730698854,46.347488359763986,-31.39430894722456,7.863254623286267,86.5264924454683,50.55242513216267,-35.97406731330564,8.58936581969488,20.467319441890208,10.00692367827744,-10.460395763612768,6.119947702024034,29.252014580369984,14.211860450676118,-15.040154129693866,6.38355759587491,8.784695138479776,4.204936772398679,-4.579758366081097,6.9561499580502595
homepos_h,NOR,36,439.3456510723719,424.98276589578893,-14.36288517658295,5.105777414892828,469.19167606193605,453.2448700670893,-15.946805994846727,4.651388262713384,485.7819434645465,470.27583460432743,-15.506108860219058,4.808125988859124,486.1979922882344,470.18432591055944,-16.01366637767495,4.8457125931911325,29.846024989564178,28.262104171300468,-1.5839208182637101,6.388478406615026,46.43629239217458,45.29306870853852,-1.1432236836360588,5.781861543027426,46.85234121586249,45.20156001477054,-1.6507812010919451,6.463997498338711,16.5902674026104,17.030964537238056,0.4406971346276549,5.7173360602593934,17.00631622629831,16.939455843470075,-0.06686038282823503,5.621243033921801,0.4160488236879075,-0.09150869376798028,-0.5075575174558878,6.01187140385261
homepos_h,NZL,36,435.4790031635487,441.23276803633644,5.753764872787713,5.3471098131318815,482.48396167661593,474.399395446714,-8.084566229901952,5.263779721621033,497.0013040666543,500.3938468706791,3.3925428040247994,5.037382317965706,508.53390156363156,512.9051508144665,4.371249250834978,5.234358848503966,47.00495851306727,33.166627410377416,-13.838331102689857,6.455361286790943,61.52230090310566,59.16107883434265,-2.3612220687630057,7.048375881635598,73.0548984000829,71.67238277813001,-1.3825156219528907,7.033951070929215,14.517342390038385,25.994451423965238,11.477109033926853,6.472015003976309,26.049939887015636,38.50575536775259,12.455815480736955,6.879611507878213,11.532597496977251,12.51130394378735,0.978706446810099,6.859320553510816
homepos_h,POL,36,453.8587391601674,457.4197588569379,3.561019696770529,4.787187648681735,488.9730974888447,482.61275262740685,-6.360344861437852,4.990220397838416,502.504163869921,496.759977037286,-5.744186832635023,4.987054629399986,512.9199610981993,508.9346913568182,-3.9852697413811597,5.373897302369596,35.11435832867738,25.19299377046888,-9.921364558208502,5.481214182830858,48.645424709753684,39.34021818034809,-9.305206529405595,5.798994905017968,59.06122193803196,51.51493249988037,-7.5462894381515895,6.363197664229232,13.5310663810763,14.14722440987921,0.6161580288029089,5.713823651049421,23.946863609354587,26.321938729411492,2.3750751200569056,6.180592059353895,10.415797228278285,12.174714319532285,1.7589170912540002,5.258378739269903
homepos_h,PRT,36,425.9915122047053,417.3961342120342,-8.595377992671104,5.641653051106251,463.1256800128438,449.31397005469,-13.811709958153813,6.094085639392015,489.15161446045647,476.1306741461902,-13.020940314266284,5.632142438644616,512.2039402538455,499.54290657547955,-12.661033678365982,5.330939343689589,37.13416780813854,31.917835842655723,-5.216331965482819,5.4108320816711375,63.160102255751234,58.73453993415602,-4.425562321595216,6.281697410653479,86.21242804914027,82.14677236344541,-4.065655685694864,6.7573234001126705,26.02593444761269,26.8167040915003,0.7907696438876073,5.728262372076732,49.07826024100174,50.228936520789674,1.1506762797879304,6.57006480430324,23.052325793389052,23.41223242928938,0.3599066359003267,5.165158253115669
homepos_h,SVK,36,404.41046914974174,419.2176313644559,14.80716221471414,6.978355998506311,469.1376154348869,471.6342511410415,2.4966357061545636,5.572677577916687,491.53222110603986,490.8233607744496,-0.7088603315902446,5.025818302387863,505.2163019042271,507.6292317921467,2.4129298879195744,5.770603549939032,64.72714628514511,52.41661977658553,-12.310526508559583,6.86350157258462,87.12175195629811,71.60572940999376,-15.516022546304356,8.060190367478722,100.80583275448545,88.41160042769077,-12.394232326794679,9.083725975139004,22.39460567115298,19.18910963340822,-3.205496037744762,5.851255805086167,36.078686469340326,35.99498065110524,-0.08370581823508871,7.041652378920978,13.684080798187342,16.80587101769702,3.121790219509677,5.933982780853155
homepos_h,SVN,36,450.8286867128497,425.95869568450354,-24.869991028346135,4.799755109265643,487.85296211554413,464.2060797899532,-23.646882325590923,4.085558223757423,497.6089819510672,479.5413615045528,-18.06762044651441,3.9543115265676825,502.98274826605393,478.6826678797329,-24.300080386321042,3.894311641937559,37.0242754026945,38.24738410544973,1.2231087027552334,6.023064088041756,46.78029523821751,53.58266582004927,6.8023705818317595,6.3161384692868525,52.15406155320426,52.72397219522934,0.5699106420250786,6.247091332228977,9.756019835523016,15.33528171459954,5.579261879076524,5.287104680177827,15.129786150509762,14.476588089779614,-0.6531980607301477,5.724399599031197,5.373766314986744,-0.8586936248199265,-6.23245993980667,5.77953534494296
homepos_h,SWE,36,436.15205097957914,428.83642866169913,-7.315622317880013,4.5940989994319406,481.80443655236775,467.41573194809854,-14.388704604269208,5.064740096442023,503.72587370280263,486.8183989939189,-16.90747470888374,4.974033562927081,511.9869024472647,486.27412637667055,-25.712776070594145,5.121849002270322,45.652385572788695,38.57930328639937,-7.073082286389322,5.604444714868275,67.57382272322357,57.98197033221984,-9.591852391003734,6.031433402421806,75.8348514676856,57.4376977149715,-18.397153752714097,6.458365112521224,21.921437150434873,19.402667045820476,-2.518770104614397,5.702483321036269,30.1824658948969,18.858394428572126,-11.324071466324774,5.731294889373084,8.261028744462028,-0.5442726172483503,-8.805301361710377,5.6574185303022535
homepos_h,TUR,36,411.8467454347439,418.74271134079737,6.895965906053448,4.828104513278888,444.4291372807671,449.5992675713298,5.170130290562668,4.515368861179745,466.0543270684223,479.10734535702176,13.053018288599446,4.085670988713398,491.35974808425783,500.5252779563333,9.165529872075467,6.183619917253716,32.582391846023164,30.856556230532426,-1.7258356154907375,5.237637016544825,54.20758163367835,60.364634016224294,6.157052382545942,5.410982144019249,79.51300264951385,81.78256661553587,2.2695639660220195,7.76884827996369,21.625189787655188,29.508077785691874,7.882887998036686,4.611864754231257,46.93061080349069,50.92601038500345,3.995399581512764,7.721785308787455,25.3054210158355,21.417932599311577,-3.8874884165239223,6.327075358280683
homepos_h,USA,36,423.6233578062778,422.9519359460129,-0.6714218602648998,7.359671944098036,448.5421482987164,452.251940034608,3.7097917358915993,10.03990157891475,483.41604902998415,476.72046236816925,-6.6955866618149,13.075276995704657,505.6136308399353,499.5009048050512,-6.112726034884076,15.210800520726577,24.918790492438724,29.300004088595102,4.381213596156378,10.461714907531983,59.79269122370643,53.76852642215631,-6.024164801550114,13.072200345658883,81.99027303365753,76.54896885903834,-5.441304174619191,16.455259139466904,34.8739007312677,24.468522333561204,-10.4053783977065,10.319135515749375,57.0714825412188,47.24896477044323,-9.822517770775569,12.736077769749942,22.197581809951096,22.780442436882026,0.5828606269309304,15.422827306796409
homepos_h,OECD,36,436.3956765130667,429.9369642943828,-6.4587122186839,1.4951194889286354,471.99642425368563,463.88023288799457,-8.116191365691066,1.4938182910046751,491.426410730567,481.83941054420757,-9.587000186359433,1.5036710572042182,504.80111950608006,494.1373999570753,-10.663719549004782,1.534439909506338,35.60074774061896,33.94326859361187,-1.6574791470070878,0.9312869581768906,55.030734217500324,51.902446249824905,-3.128287967675419,1.0546326694672128,68.40544299301335,64.2004356626926,-4.205007330320754,1.138081399577739,19.42998647688136,17.959177656213036,-1.4708088206683243,0.9606278660954093,32.80469525239439,30.257167069080726,-2.5475281833136627,1.0242894171206498,13.374708775513028,12.29798941286769,-1.0767193626453384,1.0097278565012813
books_h,AUS,36,439.87747811543807,435.33506286603307,-4.542415249404996,3.7225363347792477,485.8105066996635,478.13274101819354,-7.677765681469964,3.923162128621247,500.29797729164784,490.7509749503879,-9.54700234125994,3.8292981866261764,527.1252154308269,513.9834624933403,-13.141752937486558,4.124855418346789,45.93302858422554,42.7976781521605,-3.1353504320650387,4.070715502938001,60.420499176209844,55.41591208435491,-5.004587091854937,4.319934475180628,87.24773731538873,78.64839962730719,-8.599337688081548,4.366092806494773,14.4874705919843,12.618233932194409,-1.869236659789891,4.417154628226548,41.314708731163186,35.850721475146685,-5.463987256016502,4.172671892553029,26.82723813917889,23.232487542952278,-3.5947505962266106,4.149338234302108
books_h,AUT,36,426.95424437678656,422.9561906237429,-3.9980537530436777,5.167300710575502,481.9870923742111,471.24716150137203,-10.739930872839068,5.472193895089834,508.7450967002413,494.14465031253815,-14.60044638770313,4.389041060905942,535.3350303133896,522.1673253283465,-13.167704985043088,4.742521426510901,55.03284799742441,48.29097087762906,-6.741877119795355,5.255769047411463,81.79085232345467,71.18845968879512,-10.602392634659552,5.601388375003741,108.38078593660308,99.21113470460344,-9.169651231999637,5.8457311895120005,26.75800432603025,22.897488811166063,-3.8605155148641863,5.489035445154539,53.34793793917866,50.920163826974374,-2.4277741122042826,5.744139349857262,26.58993361314841,28.02267501580831,1.4327414026599001,5.039515129612904
books_h,BEL,36,427.9315396269247,422.7312446709031,-5.200294956021594,5.66471379986277,485.20572630168243,474.7837953750932,-10.421930926589255,5.434179809592834,511.1561471809808,502.3301295939834,-8.82601758699741,4.768118922778454,535.3294629837503,526.6240062987305,-8.70545668501984,4.6524762834879425,57.274186674757765,52.052550704190025,-5.221635970567739,5.345137685274337,83.22460755405609,79.59888492308032,-3.6257226309757726,6.077945491933513,107.39792335682557,103.89276162782733,-3.505161728998246,6.5243927006679465,25.95042087929834,27.54633421889031,1.59591333959197,5.650198349020785,50.123736682067815,51.8402109236373,1.716474241569486,5.912185421856905,24.17331580276948,24.293876704747,0.12056090197751956,4.77366755086361
books_h,CAN,36,457.7220747757818,449.7532000411502,-7.968874734631584,3.68107810361714,498.2751482234852,485.7639166650386,-12.511231558446582,3.4809659541075515,511.61659423608774,501.4004588977609,-10.216135338326808,3.84610014961272,526.7459816135992,515.8204884942274,-10.925493119371708,3.8221886152501727,40.553073447703454,36.01071662388839,-4.542356823815062,3.5770441071958703,53.8945194603059,51.64725885661071,-2.2472606036951888,4.118463612399551,69.02390683781735,66.0672884530772,-2.9566183847401533,4.33586869237871,13.341446012602443,15.636542232722325,2.2950962201198823,4.019495621316682,28.47083339011389,30.05657182918881,1.5857384390749232,4.245103617322216,15.129387377511444,14.420029596466486,-0.7093577810449574,4.157085902314499
books_h,CHE,36,448.0134297942206,442.84085666060525,-5.172573133615344,4.868662954457662,501.05692867011504,489.91735627577634,-11.1395723943387,5.312039353506352,523.9890303037118,520.8262553817422,-3.1627749219696852,4.926621228187645,559.882053156506,547.3176028440954,-12.5644503124106,5.600679028477647,53.04349887589437,47.076499615171016,-5.966999260723355,5.585230440848105,75.9756005094911,77.98539872113695,2.009798211645844,5.944125286077675,111.86862336228549,104.4767461834901,-7.391877178795383,6.6315279273475065,22.932101633596705,30.908899105965922,7.976797472369217,5.298261958538428,58.8251244863911,57.40024656831908,-1.4248779180720135,6.611384120586338,35.89302285279439,26.491347462353154,-9.401675390441234,6.122102633729181
books_h,CHL,36,382.5185853446684,375.06352444686183,-7.455060897806561,4.227121827291786,400.0969034403192,395.14881286944893,-4.948090570870249,4.370144437469569,423.25541401679027,411.34840790867673,-11.907006108113535,4.705723605988072,447.59519527103083,435.8220466442561,-11.773148626774741,4.235543986816358,17.578318095650758,20.085288422587105,2.5069703269363472,4.610536747940595,40.736828672121874,36.284883461814886,-4.451945210306988,5.1326568178085,65.07660992636247,60.758522197394335,-4.3180877289681305,5.226690992888653,23.158510576471116,16.199595039227784,-6.958915537243332,4.898772292486329,47.49829183071172,40.67323377480723,-6.825058055904492,4.552231153415005,24.339781254240602,24.473638735579442,0.1338574813388398,4.802365906585075
books_h,COL,36,354.5538707221519,354.2758632402945,-0.27800748185740076,4.355976434037819,372.6698877954947,372.6114154818932,-0.05847231360149863,4.495459969112547,389.636511034539,388.68767783801303,-0.9488331965259817,5.177337189537407,420.0257824092106,415.89508482541703,-4.130697583793562,7.0274865073516155,18.116017073342743,18.335552241598645,0.21953516825590214,4.309392799538933,35.082640312387056,34.41181459771856,-0.6708257146684957,4.731008254034506,65.47191168705866,61.619221585122524,-3.8526901019361404,6.605606571422043,16.96662323904431,16.076262356119912,-0.8903608829243979,4.423947428914732,47.35589461371591,43.28366934352387,-4.0722252701920425,6.466965238022295,30.3892713746716,27.20740698740396,-3.181864387267641,5.667896464979506
books_h,CZE,36,426.89531542784215,418.17899262106323,-8.71632280677892,4.892868618348607,484.5872679612274,474.2963414791552,-10.290926482072166,5.0760985135449435,504.93141409445786,494.03932544841075,-10.892088646047114,4.519862405653307,531.0633894962301,522.8544090024575,-8.208980493772629,5.539789784835191,57.69195253338523,56.117348858092086,-1.5746036752931474,5.283970061923199,78.0360986666157,75.86033282734749,-2.175765839268209,5.386595915763831,104.16807406838802,104.67541638139426,0.5073423130062338,6.99374995565764,20.34414613323046,19.742983969255413,-0.6011621639750473,4.968013956160354,46.47612153500277,48.558067523302164,2.0819459882993954,6.307191269988555,26.13197540177231,28.815083554046748,2.683108152274439,5.491414972897953
books_h,DEU,36,415.8509726800834,405.2252922412185,-10.62568043886489,6.116477753433763,471.9355718789773,459.12539821533784,-12.810173663639489,6.372183954804102,500.87290364203744,491.59050078543197,-9.282402856605472,5.4599163113070786,529.0525988953402,522.5630444152946,-6.489554480045626,5.177816337082579,56.084599198893855,53.90010597411932,-2.184493224774535,6.3108061908015705,85.02193096195403,86.36520854421344,1.343277582259418,6.653514475240584,113.20162621525674,117.3377521740761,4.136125958819363,6.7194825139547625,28.93733176306018,32.46510257009412,3.5277708070339386,5.564239230730236,57.117027016362876,63.437646199956795,6.320619183593919,6.335867488999317,28.179695253302697,30.972543629862674,2.792848376559977,5.40596057771352
books_h,DNK,36,448.1110819689052,434.4716196915262,-13.639462277378982,4.350875797378107,489.54622861988844,465.32019391626363,-24.226034703624805,5.07718523654791,501.5057366204522,485.054303799674,-16.451432820778166,5.089465235972567,522.0326413617529,505.06285514486564,-16.969786216887258,5.0130282708882135,41.43514665098324,30.84857422473747,-10.586572426245773,5.792343600404344,53.39465465154692,50.582684108147724,-2.811970543399198,5.754488818032445,73.92155939284778,70.59123545333941,-3.330323939508375,6.0933242970582455,11.959508000563682,19.73410988341026,7.774601882846577,5.8635603701818075,32.48641274186454,39.74266122860193,7.256248486737391,6.374132432155191,20.52690474130086,20.00855134519167,-0.5183533961091911,6.7749451126023015
books_h,ESP,36,424.08914840262753,415.1930621028181,-8.89608629980944,3.6463011330936155,470.46092568573187,455.00233665990044,-15.45858902583143,3.160942230636244,489.31009526928193,474.98374700572384,-14.326348263558089,3.1748163021253353,512.1668187424282,493.92313448180255,-18.243684260625628,3.235535025227881,46.37177728310438,39.8092745570823,-6.562502726022082,3.3334233345775703,65.22094686665446,59.79068490290574,-5.43026196374872,3.662931833090816,88.07767033980062,78.73007237898452,-9.347597960816103,3.7591794797054003,18.849169583550072,19.98141034582344,1.1322407622733692,3.273189961347284,41.70589305669624,38.92079782190223,-2.7850952347940137,3.3987537436553006,22.856723473146168,18.939387476078785,-3.917335997067383,3.159477479703879
books_h,EST,36,466.92877195436415,465.47162034654923,-1.4571516078149216,4.365584785627052,505.1142787901998,505.1014385789237,-0.012840211276113678,4.805043972003758,520.5300052321794,519.1832035554859,-1.3468016766935307,4.887037426994659,549.0536515742671,543.9605359574334,-5.093115616833643,4.889002126070733,38.185506835835675,39.6298182323745,1.4443113965388221,5.518918965466695,53.601233277815275,53.711583208936574,0.11034993112129854,5.319380987246957,82.12487961990288,78.48891561088412,-3.635964009018764,5.978869214092758,15.415726441979597,14.081764976562084,-1.333961465417513,5.85555102826135,43.93937278406721,38.85909737850962,-5.080275405557593,5.750866607427201,28.523646342087613,24.777332401947536,-3.7463139401400767,5.115198858241616
books_h,FIN,36,443.88111352360295,432.80117150028354,-11.079942023319404,4.489335256778058,479.5546981458776,469.75440482044286,-9.800293325434723,3.89557563389045,497.8562656063741,481.4536089854866,-16.402656620887512,4.700090131454337,520.9864542520803,501.59016736578417,-19.39628688629614,4.301202726507736,35.6735846222747,36.95323332015929,1.2796486978845891,5.131949979516317,53.975152082771196,48.65243748520305,-5.322714597568144,5.144624693695152,77.10534072847733,68.78899586550052,-8.316344862976806,5.273908010218107,18.30156746049649,11.699204165043762,-6.602363295452728,4.924970182319599,41.43175610620262,31.835762545341236,-9.595993560861384,4.318122500169142,23.13018864570613,20.136558380297476,-2.9936302654086546,5.016313224587356
books_h,FRA,36,412.5512148949207,402.78199350717875,-9.769221387741936,5.280102769183356,463.0387323005728,453.8031336680093,-9.235598632563494,4.871849697677756,495.1169835197258,479.6797951142988,-15.43718840542698,5.121205582402602,527.966122426703,505.0750450378832,-22.89107738881978,5.965464299923304,50.487517405652085,51.0211401608305,0.5336227551784134,5.0917218961559465,82.56576862480509,76.89780160712007,-5.667967017685015,6.045434306576724,115.41490753178235,102.29305153070446,-13.121856001077887,6.764515811417306,32.078251219153,25.876661446289575,-6.201589772863429,4.73649984468011,64.92739012613026,51.271911369873976,-13.655478756256286,6.0396687095494075,32.84913890697726,25.3952499235844,-7.453888983392858,5.163113450426018
books_h,GBR,36,440.2888927289438,437.14028680806604,-3.148605920877742,4.873587476349095,483.9644277082892,482.0830009365897,-1.8814267716994664,4.400555890021331,505.1593260429655,500.31505595292083,-4.844270090044688,4.514241707255132,539.3433309095965,540.3441584851354,1.0008275755388922,6.064600717960626,43.67553497934537,44.942714128523626,1.2671791491782542,5.538216353452409,64.87043331402162,63.174769144854665,-1.6956641691669603,5.4155401972625326,99.0544381806528,103.20387167706915,4.14943349641635,7.074576844771013,21.194898334676264,18.232055016331042,-2.9628433183452216,5.134135273553276,55.37890320130741,58.26115754854554,2.8822543472381312,6.2039914113405885,34.184004866631156,40.02910253221449,5.8450976655833315,6.0259826804242795
books_h,GRC,36,394.23659231467605,382.59591661913953,-11.640675695536515,4.66965111000655,423.3034120000069,415.8879374214447,-7.415474578562225,4.871804042090664,443.02420598674473,438.03181242267283,-4.992393564071904,5.069073283961735,461.79113175582063,463.6687733794114,1.8776416235907618,5.709968239849422,29.066819685330966,33.29202080230516,4.225201116974194,4.8472195168334515,48.78761367206866,55.43589580353331,6.648282131464654,5.415923382791618,67.55453944114466,81.07285676027178,13.51831731912712,6.060722150102592,19.720793986737693,22.14387500122815,2.4230810144904567,5.012629491993,38.48771975581368,47.780835957966616,9.293116202152937,5.446036843500404,18.76692576907599,25.636960956738466,6.870035187662477,5.10726816622481
books_h,HUN,36,400.56690467048907,396.02661734453244,-4.540287325956626,6.254494895310283,469.4280573939353,457.43305799321524,-11.994999400720076,4.767214132899942,496.83318273203776,479.5157440229526,-17.31743870908514,4.869988652361934,526.1966461278085,508.2865686829226,-17.91007744488593,6.097194385765211,68.86115272344628,61.40644064868275,-7.454712074763535,6.48512602087341,96.26627806154873,83.48912667842015,-12.777151383128583,6.8885872588294585,125.62974145731948,112.2599513383902,-13.369790118929288,8.285770390815541,27.405125338102447,22.082686029737403,-5.322439308365045,5.043984298456704,56.76858873387321,50.85351068970745,-5.91507804416576,6.727238764522805,29.363463395770754,28.77082465997005,-0.5926387358007048,5.820595639185934
books_h,IRL,36,447.50552995794976,434.9271558685856,-12.57837408936416,4.338645377558181,490.6502807804225,477.34143853641234,-13.30884224401018,4.030316240504617,503.3610692079701,493.95622556682895,-9.404843641141156,4.194382383847019,527.7768912376246,516.9714025467033,-10.805488690921266,4.164345676758466,43.14475082247269,42.41428266782685,-0.730468154645834,4.729391052321258,55.85553925002034,59.02906969824338,3.1735304482230404,4.891702262087655,80.27136127967476,82.04424667811779,1.772885398443023,5.262794597518749,12.710788427547659,16.61478703041653,3.903998602868871,4.720517125303687,37.126610457202084,39.62996401029093,2.503353553088843,4.757207864506748,24.415822029654425,23.0151769798744,-1.4006450497800245,4.414625845390342
books_h,ISL,36,423.8260914245913,410.11658734394234,-13.70950408064897,4.52220432406174,457.1375165536115,448.1671547153016,-8.970361838309884,4.770806852141224,474.5339754668877,464.7876391472463,-9.746336319641387,4.639577574366204,484.01935433992094,483.2330682203489,-0.7862861195720257,4.601594935595147,33.311425129020165,38.050567371359406,4.739142242339241,6.349950191774171,50.707884042296314,54.6710518033041,3.9631677610077887,6.342223245807854,60.193262915329726,73.1164808764066,12.923217961076872,6.44340683483686,17.39645891327615,16.620484431944696,-0.7759744813314526,6.084772428544525,26.881837786309553,35.065913505047185,8.184075718737631,6.607177371899001,9.485378873033403,18.445429073102485,8.960050200069082,6.307332564329681
books_h,ISR,36,402.9028530419728,389.91543452897207,-12.987418513000705,5.413844652375469,452.709464068143,434.44743786413784,-18.262026204005167,5.786150252210088,482.1714753719119,460.76120892810786,-21.410266443804062,6.923130441059568,502.05277845116086,475.4670615030219,-26.585716948138952,8.187255819190863,49.806611026170266,44.532003335165804,-5.274607691004462,5.826547768601177,79.26862232993923,70.84577439913585,-8.422847930803385,6.786957252006778,99.14992540918809,85.55162697404985,-13.598298435138233,9.115573947277584,29.462011303768964,26.313771063970044,-3.1482402397989198,7.017349882664204,49.34331438301782,41.01962363888405,-8.32369074413377,9.066918895968502,19.88130307924886,14.705852574914001,-5.175450504334858,8.779931263515039
books_h,ITA,36,426.7940762116053,417.23774947410385,-9.556326737501422,4.937306670223177,464.92480811082896,463.71801561431903,-1.2067924965099337,5.4827092118061636,488.19977795214055,484.38916946707224,-3.8106084850683146,5.453010381376832,507.15880555553133,507.8397158811282,0.6809103255968694,6.556620125998787,38.13073189922368,46.48026614021517,8.349534240991488,5.571396219465564,61.40570174053521,67.15141999296834,5.745718252433136,6.045358292764664,80.36472934392604,90.60196640702434,10.237237063098291,6.616457658895718,23.27496984131152,20.67115385275318,-2.603815988558342,5.238610235300501,42.233997444702375,44.12170026680918,1.887702822106803,6.264494750492818,18.959027603390854,23.450546414056,4.491518810665145,5.493438456660539
books_h,JPN,36,498.9238061481377,485.8180177614592,-13.105788386678512,6.683097338092962,536.4918770676037,524.5668343452093,-11.925042722394437,6.023842431319912,548.6511179234018,536.1512382494843,-12.499879673917462,6.655247477166866,559.7492257653538,560.7456127288372,0.99638696348336,6.893018412371886,37.56807091946581,38.74881658375001,1.1807456642842027,6.517364532737862,49.72731177526397,50.33322048802506,0.6059087127610923,7.422137146353157,60.82541961721606,74.92759496737781,14.102175350161751,7.595449067961397,12.159240855798156,11.584403904275053,-0.5748369515231033,5.85897874645452,23.257348697750253,36.1787783836278,12.921429685877548,5.909274031248102,11.098107841952094,24.594374479352744,13.49626663740065,5.593389363474049
books_h,KOR,36,482.0333719446506,480.5763202189456,-1.4570517257049573,7.418466977363174,520.6157255081039,516.4202101651543,-4.195515342949534,8.565067277613368,543.3048814881647,540.2475155681907,-3.0573659199740177,7.297127938945332,565.7035171508303,557.5344793004399,-8.169037850390396,7.027765863931527,38.58235356345332,35.84388994620878,-2.738463617244534,8.765100414703483,61.271509543514206,59.671195349245046,-1.6003141942691599,7.577635736916195,83.67014520617981,76.95815908149419,-6.711986124685623,8.712036026402927,22.6891559800609,23.82730540303627,1.1381494229753706,8.596920457077585,45.08779164272649,41.114269135285404,-3.973522507441089,9.273403106416152,22.398635662665594,17.286963732249138,-5.111671930416456,6.551720950860396
books_h,LTU,36,429.29399965771444,431.1185965134945,1.8245968557800438,4.264228639037489,466.0718160489274,467.3045504882628,1.2327344393353883,3.994910751787867,489.79829348524447,483.86130376836024,-5.936989716884227,4.165050724575721,517.9434433762478,502.1838614369441,-15.759581939303757,4.639659537226727,36.777816391212994,36.18595397476834,-0.5918624164446555,4.913463520228336,60.50429382753,52.742707254865834,-7.761586572664164,4.826871460601352,88.64944371853339,71.06526492344953,-17.584178795083858,5.819737918262187,23.72647743631701,16.556753280097503,-7.169724156219505,4.7434494711613295,51.871627327320404,34.87931094868121,-16.992316378639195,5.712054508647788,28.1451498910034,18.322557668583705,-9.822592222419694,5.161282844424155
books_h,LVA,36,447.87093336709376,422.897071824668,-24.973861542425766,4.484393538448551,480.5842646963997,456.3779531366039,-24.206311559795836,4.505231197052641,490.9315839772207,475.5929984921548,-15.338585485065948,4.011193920033545,514.5695008367442,491.3670347267456,-23.202466109998568,3.762683996980945,32.713331329305944,33.480881311935974,0.7675499826300296,5.0741871639703415,43.06065061012701,52.6959266674868,9.635276057359789,5.024921259598583,66.69856746965038,68.4699629020777,1.7713954324273118,5.017126942180571,10.347319280821074,19.215045355550824,8.86772607472975,4.899596634093763,33.985236140344426,34.98908159014173,1.0038454497973035,4.8327940429806295,23.63791685952335,15.774036234590904,-7.863880624932447,4.852052777750788
books_h,MEX,36,374.83962795729667,364.4452382432551,-10.394389714041552,3.8001447679463993,388.40380981236444,379.91766976411026,-8.486140048254185,3.4354923595880305,401.4635570885781,394.6938959917596,-6.769661096818538,4.253736795271553,416.3576398411122,413.3048218330015,-3.0528180081107053,5.806664336433375,13.564181855067773,15.472431520855178,1.9082496657874053,4.186705986712635,26.623929131281386,30.24865774850444,3.6247286172230524,4.549513400935358,41.51801188381553,48.85958358974635,7.341571705930818,5.908191273274942,13.059747276213614,14.77622622764926,1.716478951435647,4.078579328997444,27.953830028747763,33.387152068891176,5.433322040143413,5.743256410457929,14.89408275253415,18.610925841241915,3.7168430887077655,5.197813730102481
books_h,NLD,36,430.38605207675363,427.0539864937059,-3.332065583047722,7.8279283540944515,487.2439540127327,476.5528643901309,-10.691089622601794,6.9784027459295475,517.5883102518792,506.28371504829454,-11.304595203584654,5.400109350934467,543.1684913680784,530.2697002392987,-12.898791128779749,6.377165602071951,56.85790193597908,49.498877896425,-7.359024039554079,7.734277653272721,87.20225817512559,79.22972855458868,-7.972529620536918,7.463629397948723,112.78243929132479,103.21571374559267,-9.566725545732126,9.074662202007982,30.344356239146514,29.73085065816367,-0.6135055809828422,6.912758205305862,55.92453735534573,53.71683584916768,-2.207701506178047,8.354176707681061,25.580181116199206,23.985985191004012,-1.5941959251951943,6.663456062786804
books_h,NOR,36,422.1936164608943,412.1343916552103,-10.059224805683982,4.5178270764170145,469.11418585424815,451.76302784350594,-17.35115801074221,4.003741739208448,486.5448486677795,467.3822211510096,-19.162627516769874,4.926565306498864,503.1612632137711,487.2183515060657,-15.942911707705434,4.593384668125864,46.92056939335379,39.62863618829564,-7.29193320505815,4.818029142973979,64.35123220688516,55.24782949579942,-9.103402711085735,5.127165139258601,80.96764675287689,75.08395985085534,-5.883686902021552,5.790297528567818,17.43066281353137,15.619193307503782,-1.8114695060275885,5.08764564338947,34.04707735952309,35.45532366255971,1.40824630303662,5.007398592546002,16.616414545991717,19.83613035505592,3.219715809064205,5.7182526014826625
books_h,NZL,36,429.63024198389076,432.19765911347577,2.56741712958501,5.186113672747415,476.59152584411856,473.5001384972563,-3.091387346862291,5.410506203114069,493.3706025061093,502.61801311538983,9.247410609280507,4.997644438502105,523.6037278360373,520.8954749209672,-2.708252915070034,5.131111082328027,46.96128386022782,41.302479383780565,-5.6588044764472585,6.477655775892005,63.740360522218566,70.42035400191418,6.679993479695611,6.562915482995945,93.97348585214652,88.69781580749145,-5.275670044655072,6.882650231798289,16.779076661990747,29.117874618133612,12.338797956142866,6.967245164302336,47.0122019919187,47.39533642371089,0.3831344317921861,6.872092064271627,30.233125329927958,18.277461805577275,-11.955663524350683,6.753062911980923
books_h,POL,36,441.66118788001205,438.3439949768128,-3.3171929031992704,5.125967045577953,483.1200501731356,480.6306015926028,-2.4894485805328372,4.608971452422996,503.59967192047304,502.4116737141715,-1.187998206301529,4.594702187579734,530.5260273632255,524.4032946374734,-6.12273272575203,6.109994839637094,41.458862293123524,42.28660661579009,0.8277443226665682,5.513808326148675,61.93848404046097,64.0676787373587,2.129194696897734,5.632144034042974,88.86483948321343,86.05929966066064,-2.805539822552788,7.8751715007436385,20.47962174733745,21.781072121568606,1.3014503742311554,4.603486088111401,47.4059771900899,43.77269304487056,-3.633284145219342,6.001188073256424,26.926355442752453,21.99162092330195,-4.934734519450501,6.2545123988989735
books_h,PRT,36,417.97052266810033,408.63049868242916,-9.340023985671166,5.26468889881948,460.518031414971,448.32380469359515,-12.194226721375856,7.369229357879594,490.9870419996697,480.54387272286124,-10.443169276808476,4.902115197576614,520.5361610108179,504.9306354523722,-15.605525558445663,5.302019166076669,42.547508746870754,39.693306011166,-2.854202735704753,6.24967203400168,73.01651933156936,71.91337404043205,-1.1031452911373094,5.117227504779731,102.5656383427175,96.300136769943,-6.265501572774511,6.5694091475916405,30.469010584698612,32.22006802926603,1.7510574445674187,6.595578504343062,60.018129595846766,56.60683075877701,-3.411298837069758,7.1295369315227335,29.54911901114816,24.386762729510973,-5.162356281637187,5.654160732005071
books_h,SVK,36,382.86297904051276,395.28377402160584,12.420794981093081,6.813934828697421,462.8375766140986,469.1081089500082,6.270532335909593,6.100961349137692,495.51142909054215,496.6138189802521,1.1023898897099684,4.560852910167765,518.1591841250452,520.6545136316531,2.495329506607959,5.671387537469956,79.97459757358585,73.8243349284024,-6.15026264518346,7.1413561961561545,112.64845005002944,101.33004495864625,-11.318405091383184,7.575150952581411,135.29620508453243,125.37073961004724,-9.925465474485193,8.693478731215011,32.673852476443564,27.505710030243858,-5.168142446199706,5.6501971038429195,55.32160751094657,51.54640468164486,-3.775202829301712,6.800897609390623,22.647755034503,24.040694651400997,1.3929396168979977,5.6717578434490505
books_h,SVN,36,433.5315211360859,411.13959917953963,-22.391921956546298,4.082572706806996,479.6116878271838,456.23941638730685,-23.372271439876954,3.942027788595369,499.43397897368607,478.0797732411876,-21.354205732498485,3.9645000141841966,526.6542483043938,501.0560340140055,-25.59821429038834,4.096094130991504,46.08016669109779,45.099817207767124,-0.980349483330663,4.914181438001375,65.90245783760011,66.94017406164792,1.0377162240478128,5.534318473963201,93.12272716830793,89.9164348344658,-3.2062923338421285,5.957552845356852,19.822291146502312,21.840356853880785,2.0180657073784722,5.611887362611641,47.04256047721015,44.81661762669867,-2.2259428505114798,5.604935881417913,27.22026933070784,22.976260772817888,-4.244008557889952,5.825568622789999
books_h,SWE,36,428.7003561741084,415.66583586316193,-13.034520310946448,4.59354065930995,476.8942506905943,456.55927708540804,-20.334973605186235,4.740940694259334,500.48037887498015,484.0799097965868,-16.40046907839337,4.800996614454521,525.9694212003564,511.2473674720246,-14.72205372833173,5.2987392087020355,48.19389451648576,40.893441222246096,-7.3004532942396665,5.08071162433003,71.78002270087158,68.41407393342493,-3.3659487674466533,5.582830849133749,97.26906502624797,95.58153160886262,-1.6875334173853531,6.2842274946187935,23.58612818438583,27.520632711178838,3.934504526793006,5.207671026574851,49.07517050976221,54.68809038661652,5.612919876854313,5.814155339492736,25.48904232537638,27.16745767543768,1.6784153500613002,5.632103438322001
books_h,TUR,36,401.8635048364032,413.26503979013313,11.401534953729936,4.392876257313586,445.0783343758332,452.5609070955672,7.48257271973398,4.693164459570143,468.4582071471501,473.2692505731869,4.811043426036804,4.2868100891488945,497.4333214161146,508.06932026911954,10.635998853004935,5.256467243428398,43.21482953943003,39.295867305434,-3.9189622339960266,5.173849647201003,66.59470231074688,60.00421078305369,-6.590491527693189,5.106318237264343,95.56981657971153,94.80428047898636,-0.7655361007251713,6.154405613958946,23.379872771316847,20.708343477619696,-2.6715292936971515,5.165952586030727,52.35498704028149,55.508413173552356,3.1534261332708624,6.461247021905403,28.975114268964642,34.80006969593266,5.824955426968021,5.839437465819831
books_h,USA,36,409.3665694957484,406.41485314926433,-2.9517163464840905,6.92001794255682,450.66465481681405,450.05044728892597,-0.6142075278880839,10.564110980549676,482.6856055634897,486.75862076753276,4.073015204043088,13.702569292126183,516.8801719770825,507.5884388042943,-9.291733172788156,12.815332328335737,41.29808532106572,43.635594139661706,2.3375088185959854,10.014197391849878,73.31903606774135,80.34376761826853,7.024731550527179,14.227717504408263,107.51360248133408,101.17358565503,-6.34001682630408,13.551994269849247,32.020950746675624,36.708173478606824,4.6872227319312,13.401761661048376,66.21551716026836,57.53799151536829,-8.677525644900072,10.892440017774494,34.19456641359274,20.829818036761463,-13.364748376831276,9.138885401127945
books_h,OECD,36,426.19800202183194,419.167342223187,-7.030659798644933,1.4909851602241488,469.8694335627726,460.80450837027547,-9.064925192497128,1.5371863271489559,491.24757490187596,482.38382545182884,-8.863749450047123,1.5028888773518505,515.9198522524941,505.8316360557179,-10.088216196776216,1.549723470287702,43.67143154094065,41.637166147088486,-2.0342653938521664,1.0100410609148354,65.04957288004407,63.216483228641856,-1.8330896514022115,1.0424097648562145,89.72185023066228,86.66429383253099,-3.0575563981312968,1.1720436448590068,21.378141339103422,21.57931708155337,0.20117574244994785,1.011131182950853,46.05041868972163,45.02712768544251,-1.0232910042791232,1.1586581292004878,24.67227735061821,23.44781060388914,-1.224466746729071,0.9151664592217977
escs_cc,AUS,36,443.6922744668419,444.9394019993906,1.2471275325486886,3.4640699499884375,477.50130344771895,477.2704574479815,-0.2308459997374257,4.33319286221189,508.258025483012,508.4623083667433,0.20428288373130954,4.011756847252211,543.8235711798442,522.6019598975206,-21.22161128232358,4.165077398170361,33.80902898087708,32.33105544859081,-1.4779735322862706,4.843973677632318,64.56575101617014,63.5229063673526,-1.0428446488175425,4.568483943904924,100.13129671300226,77.6625578981298,-22.468738814872452,4.778599954999001,30.75672203529306,31.191850918761787,0.43512888346872813,4.347740964048964,66.3222677321252,45.331502449539,-20.990765282586196,4.615801695565439,35.56554569683213,14.139651530777218,-21.425894166054913,4.016429810699713
escs_cc,AUT,36,446.8506119327256,446.4787794874521,-0.371832445273526,5.1034732944115575,479.6367393243939,481.73663698797566,2.099897663581771,5.098421682922962,514.4467907558926,504.1961769768682,-10.250613779024434,4.56440197190108,545.5689016282139,524.6996140498433,-20.86928757837063,4.141723968998237,32.786127391668245,35.25785750052351,2.4717301088552617,5.777127820616643,67.596178823167,57.717397489416044,-9.87878133375095,5.434681647262604,98.71828969548831,78.22083456239106,-20.497455133097247,5.620097957085827,34.81005143149874,22.459539988892526,-12.350511442606216,5.442788202655323,65.93216230382004,42.96297706186756,-22.969185241952474,5.504344582422464,31.122110872321308,20.50343707297504,-10.618673799346269,4.522187802254124
escs_cc,BEL,36,442.27122786047903,455.8348186897746,13.56359082929555,4.730149577658421,479.71309442554065,490.65528749068983,10.942193065149183,4.851112926907108,516.2758941315709,524.7976918809469,8.521797749375992,4.787180837241418,555.0154975239642,542.7718855593155,-12.243611964648721,4.880447245298659,37.44186656506163,34.82046880091513,-2.6213977641465007,5.496232187800543,74.00466627109185,68.9628731911722,-5.041793079919643,5.774990885851175,112.74426966348521,86.93706686954079,-25.807202793944427,6.248586861412936,36.562799706030226,34.14240439025707,-2.420395315773156,4.973187813792132,75.30240309842358,52.11659806862566,-23.18580502979792,5.810324177729218,38.73960339239336,17.97419367836859,-20.765409714024774,5.023345787147695
escs_cc,CAN,36,466.06362488257,463.43781088114264,-2.6258140014273863,3.532098970788863,491.2421724374118,494.45822578971274,3.2160533523009462,3.642386387545526,516.5864667103788,520.6493528878993,4.062886177520568,3.465030973385002,541.3418733012601,521.7267576168995,-19.615115684360603,4.210356455029131,25.178547554841725,31.02041490857012,5.8418673537283965,4.466109319562087,50.522841827808605,57.2115420067568,6.688700178948196,4.168926636001277,75.27824841869003,58.28894673575694,-16.98930168293309,4.703899882789302,25.34429427296688,26.191127098186694,0.8468328252198134,4.039471823625971,50.09970086384831,27.26853182718683,-22.831169036661482,4.413548969423506,24.75540659088143,1.0774047290001363,-23.678001861881295,4.149806152388841
escs_cc,CHE,36,460.82519558809054,467.60351127410394,6.7783156860134,5.037037640954587,500.2059259459361,501.41182612931624,1.2059001833801517,5.444389054948888,531.1142589668392,534.1685541622543,3.0542951954150794,5.3849220788444585,573.7473806805267,561.1894434308141,-12.557937249712609,4.963549374745456,39.38073035784557,33.8083148552122,-5.572415502633369,5.696562397717513,70.28906337874872,66.56504288815033,-3.7240204905983916,6.45680285596845,112.92218509243625,93.58593215671006,-19.336252935726193,6.6156498916529545,30.90833302090315,32.75672803293812,1.8483950120349704,6.124236685845579,73.5414547345907,59.77761730149784,-13.76383743309286,5.815349529990082,42.633121713687544,27.02088926855972,-15.612232445127823,5.915611249690872
escs_cc,CHL,36,389.7279682818172,384.998638629603,-4.729329652214176,4.3550374774790805,407.1164427541549,398.98322869337056,-8.133214060784326,4.2830400638239885,420.81415516913967,418.1097374517859,-2.704417717353749,4.584069956947959,458.3744863428957,454.9738952784725,-3.4005910644231676,4.980152023017347,17.388474472337755,13.984590063767518,-3.403884408570237,5.235229092186228,31.08618688732244,33.11109882218285,2.0249119348604125,5.197425132760272,68.64651806107858,69.97525664886952,1.3287385877909372,6.563466967407294,13.697712414984688,19.126508758415337,5.428796343430649,5.224952350003146,51.25804358874084,55.990666585102,4.732622996361158,5.422819300697804,37.560331173756154,36.86415782668666,-0.6961733470694966,5.459389112799437
escs_cc,COL,36,353.8282416931778,356.2556146111268,2.4273729179490147,4.333556177784088,372.05836517993606,379.9600493320194,7.901684152083362,4.510756772201701,388.0035245188383,398.24761778222944,10.244093263391164,5.9169995353950435,432.5085652797037,437.0986853030743,4.590120023370616,8.87410581140479,18.230123486758202,23.704434720892664,5.474311234134461,5.018272700077086,34.17528282566047,41.99200317110255,7.816720345442086,6.103269453731549,78.68032358652593,80.84307069194753,2.1627471054216016,9.769474068839552,15.945159338902267,18.287568450209886,2.342409111307619,5.01391338225235,60.45020009976772,57.13863597105486,-3.3115641287128597,9.00753332999466,44.50504076086546,38.85106752084498,-5.653973240020484,7.8191485996338
escs_cc,CZE,36,432.26633814607806,440.91426441434595,8.647926268267895,4.8632087288726815,480.9432322975055,474.45851711839913,-6.484715179106388,4.775363900250214,505.01488360678997,501.9019656679358,-3.112917938854139,4.9188056655653805,548.6716264285842,535.463025052499,-13.208601376085198,5.473194357796096,48.67689415142745,33.54425270405322,-15.132641447374226,5.227365044813494,72.74854546071192,60.987701253589876,-11.760844207122048,5.548374418233467,116.40528828250619,94.54876063815296,-21.856527644353235,7.039089740018213,24.071651309284483,27.44344854953665,3.3717972402521674,5.26029878535296,67.72839413107876,61.00450793409972,-6.723886196979038,5.934023068673614,43.65674282179427,33.56105938456307,-10.095683437231195,6.053674947822753
escs_cc,DEU,36,442.6822515476858,436.36587823800664,-6.316373309679136,5.34233064443685,475.1115393406799,479.58003513517724,4.468495794497358,5.977917201286907,501.7715208351955,505.6276828928305,3.8561620576350037,6.204870735351897,546.9912326048778,540.7501201419893,-6.241112462888509,5.202090294687387,32.42928779299414,43.214156897170625,10.784869104176487,6.629463633449907,59.089269287509715,69.26180465482385,10.172535367314133,6.856828949733357,104.30898105719211,104.38424190398261,0.07526084679049916,6.878314896584811,26.65998149451558,26.047647757653216,-0.6123337368623645,6.6267794297394795,71.87969326419798,61.170085006811995,-10.709608257385987,6.657198105212917,45.219711769682384,35.12243724915878,-10.097274520523605,6.191713179947445
escs_cc,DNK,36,457.70523675135945,456.01633823383617,-1.6888985175232847,4.244336828833726,482.1892877413162,473.2648025394109,-8.924485201905327,5.16284590485841,511.39212509068074,502.90825733020694,-8.4838677604738,5.632425912832972,525.8812567361736,508.94887546158463,-16.93238127458892,5.634790153125734,24.484050989956682,17.24846430557465,-7.235586684382032,6.2004152377298,53.686888339321264,46.89191909637067,-6.794969242950593,5.894568111348651,68.17601998481409,52.93253722774837,-15.24348275706572,6.710745273709339,29.202837349364575,29.64345479079602,0.44061744143144566,6.920911015966702,43.69196899485741,35.68407292217371,-8.0078960726837,6.542196204983558,14.489131645492836,6.040618131377687,-8.448513514115149,7.448200852723743
escs_cc,ESP,36,439.15924915728465,428.9751992512714,-10.184049906013229,3.3474277746901056,462.0629941546132,453.37903750842713,-8.683956646186061,3.34877714064549,489.284200316009,483.21632758376575,-6.067872732243245,3.097196502660232,522.9059636392432,498.705022258859,-24.200941380384165,3.1579422739010843,22.903744997328555,24.403838257155645,1.5000932598270893,3.66752917417306,50.12495115872433,54.24112833249435,4.116177173770019,3.556345425767344,83.74671448195852,69.72982300758763,-14.016891474370894,3.9699689436049868,27.221206161395777,29.837290075338707,2.61608391394293,3.081719572244194,60.842969484629975,45.325984750431985,-15.51698473419799,3.398849636531428,33.62176332323419,15.48869467509328,-18.133068648140913,2.998698278467212
escs_cc,EST,36,475.541989877772,470.99614170837566,-4.545848169396322,4.427477660186919,498.5845011570591,500.9118030630765,2.3273019060173965,4.765281641053565,524.3687952553812,533.3919446983155,9.023149442934255,4.852660736693997,556.6755288728411,546.7139392302714,-9.96158964256972,4.789525086403428,23.042511279287158,29.91566135470082,6.873150075413662,5.435134396332955,48.826805377609205,62.39580298993976,13.568997612330556,5.706433476305249,81.13353899506929,75.71779752189569,-5.415741473173597,6.319735951708976,25.784294098322043,32.48014163523895,6.695847536916908,5.234731196378772,58.091027715782126,45.80213616719487,-12.288891548587259,5.594986889278445,32.30673361746009,13.32199453195592,-18.98473908550417,5.012592042124975
escs_cc,FIN,36,450.36541201161634,445.32921254521426,-5.036199466402081,3.9002169474300783,474.53422292706443,467.43303273131767,-7.101190195746767,3.937745711956153,502.0431658508339,497.7657544504142,-4.27741140041968,4.3117618053073885,532.7176986700969,513.0712645828017,-19.64643408729512,4.265891239386629,24.16881091544816,22.103820186103434,-2.064990729344725,4.362517292255283,51.67775383921763,52.436541905199896,0.7587880659822659,4.462942379387716,82.35228665848052,67.74205203758733,-14.610234620893195,5.011461547950982,27.508942923769474,30.332721719096458,2.8237787953269837,4.677909050948731,58.18347574303236,45.6382318514839,-12.54524389154846,4.767844463566311,30.67453281926289,15.305510132387445,-15.369022686875445,5.052617653155287
escs_cc,FRA,36,432.3247434948074,434.92316100828236,2.598417513474942,5.040344059380999,467.4816613857306,462.70126846122855,-4.780392924502053,4.958209274469857,495.7795776609931,492.6500239057383,-3.12955375525479,5.997119068594539,540.9190145643992,521.7290625723076,-19.18995199209155,5.1495143309397164,35.15691789092313,27.778107452946195,-7.378810437976938,5.307049265833634,63.45483416618553,57.72686289745591,-5.727971268729618,6.476212756298966,108.59427106959171,86.80590156402525,-21.788369505566465,6.092296270260118,28.297916275262402,29.948755444509708,1.6508391692473054,5.980967317810795,73.43735317866859,59.02779411107905,-14.40955906758954,5.605397934894307,45.13943690340618,29.07903866656934,-16.06039823683684,5.2184623958852026
escs_cc,GBR,36,463.6074348414985,461.99344158680196,-1.6139932546965383,4.797462768838396,486.90122071592333,494.0452715209123,7.144050804988979,5.071723902211981,503.44122787402677,517.752612054529,14.311384180502216,5.203512503141814,550.7153952174111,549.0352362040301,-1.6801590133810578,7.0638698662766,23.293785874424827,32.05182993411045,8.758044059685623,6.228626241473142,39.83379303252835,55.75917046772704,15.92537743519869,6.520541739287098,87.10796037591263,87.04179461722806,-0.06616575868456209,8.258149020067364,16.54000715810352,23.70734053361658,7.16733337551306,6.134133401921534,63.8141745014878,54.989964683117606,-8.824209818370193,7.885490352890765,47.27416734338428,31.28262414950102,-15.991543193883256,6.747000839862542
escs_cc,GRC,36,401.93194208973455,395.9648071867673,-5.967134902967246,5.328880150977089,419.214772121447,419.21681302489304,0.002040903446015818,4.491296259511216,442.3497014901266,449.2735525673471,6.92385107722049,6.021718153047026,478.01979661130054,472.35871375954474,-5.661082851755793,5.638014013590963,17.28283003171242,23.25200583812576,5.96917580641334,5.9484615965177055,40.41775940039199,53.30874538057988,12.890985980187885,6.195354556386739,76.08785452156596,76.39390657277741,0.3060520512114522,6.740608033828388,23.134929368679572,30.056739542454107,6.921810173774535,5.662035128275045,58.80502448985353,53.14190073465164,-5.663123755201887,6.064695391838278,35.67009512117396,23.085161192197535,-12.584933928976422,6.443091646291788
escs_cc,HUN,36,419.73990695001174,418.43664241479945,-1.3032645352122927,5.581390744649226,461.08892830609966,455.1992554427593,-5.889672863340365,5.3211722656130105,494.00913377782626,484.58490245604935,-9.424231321776915,5.444949411930558,538.2446314259986,518.6620822599504,-19.58254916604824,6.471324704173228,41.34902135608796,36.76261302795991,-4.586408328128051,6.397658148611612,74.26922682781456,66.14826004124993,-8.120966786564637,7.1161754786079126,118.50472447598695,100.225439845151,-18.279284630835946,8.609854785718307,32.92020547172661,29.385647013290015,-3.534558458436596,5.632831021687371,77.155703119899,63.46282681719109,-13.692876302707909,7.286182807354089,44.235497648172384,34.077179803901075,-10.15831784427131,6.492609940040551
escs_cc,IRL,36,459.44365409919084,452.89743964608317,-6.546214453107666,4.0586909126569415,481.19814780540656,473.91801776952434,-7.280130035882223,4.410940851031233,504.5821644245498,500.6097097942783,-3.9724546302715,4.130779163559448,531.8722693936381,521.7393523891915,-10.132917004446654,4.53447244151667,21.754493706215776,21.020578123441197,-0.7339155827745785,5.1826752177168265,45.13851032535892,47.71227014819521,2.573759822836287,5.186416145558066,72.42861529444724,68.84191274310838,-3.5867025513388597,5.157811814254339,23.384016619143146,26.691692024754012,3.3076754056108655,5.25396483379137,50.67412158823147,47.821334619667184,-2.8527869685642884,5.465489923369476,27.290104969088322,21.12964259491317,-6.16046237417515,5.029665208494283
escs_cc,ISL,36,429.664894620043,441.20826336836234,11.543368748319324,4.87898086053846,462.4417507510819,462.5189655269146,0.07721477583271508,5.398329958831526,473.53309338472263,481.41211685268627,7.879023467963634,4.663533332860894,500.4332754542901,494.4754142060191,-5.957861248271001,5.018138581646806,32.77685613103891,21.310702158552203,-11.466153972486708,7.156329213567719,43.868198764679676,40.20385348432394,-3.6643452803557324,6.178091396176037,70.7683808342471,53.26715083765676,-17.50122999659034,6.922952227546463,11.09134263364076,18.893151325771736,7.801808692130976,6.715440028290294,37.991524703208185,31.95644867910455,-6.035076024103635,7.1083762423226124,26.90018206956743,13.063297353332814,-13.836884716234614,6.2443681058743
escs_cc,ISR,36,407.2832789866729,414.21941784074954,6.93613885407666,5.902718772374215,451.4434773826286,461.88371989533124,10.440242512702639,7.109746602384726,497.66136008940714,487.7841913509334,-9.877168738473756,7.6447642338935005,532.8340684838406,501.4921069279968,-31.341961555843795,6.528001362332499,44.1601983959557,47.664302054581654,3.504103658625951,7.2951627152240635,90.37808110273424,73.56477351018377,-16.813307592550473,8.470282405613037,125.55078949716774,87.27268908724729,-38.278100409920455,8.073475291370853,46.21788270677853,25.900471455602137,-20.317411251176395,8.02154918752365,81.39059110121202,39.60838703266562,-41.782204068546406,8.346363836062004,35.17270839443349,13.707915577063483,-21.46479281737001,7.504153605234095
escs_cc,ITA,36,433.55444010341154,438.2327278094546,4.678287706043079,4.810640676471706,464.38170777079375,468.7144491731028,4.332741402309068,5.517581938198524,483.5173332888109,487.16823063544115,3.650897346630245,5.893068911037832,516.2996229227185,513.9087975690921,-2.390825353626383,6.49318618057924,30.82726766738225,30.481721363648216,-0.34554630373403583,5.979974797043365,49.962893185399466,48.93550282598655,-1.0273903594129123,6.421346468733564,82.74518281930695,75.67606975963756,-7.069113059669391,7.275920960755731,19.135625518017214,18.453781462338338,-0.6818440556788765,5.391934666494115,51.917915151924696,45.194348395989344,-6.723566755935352,6.810252134412261,32.78228963390748,26.740566933651007,-6.041722700256475,5.4511093832056625
escs_cc,JPN,36,498.2975269041719,491.62422484255995,-6.673302061611935,7.1660962847526255,529.2578665567223,522.1192958855318,-7.138570671190564,6.103040571096606,552.0462280793874,548.3278939684624,-3.7183341109250705,7.078075207774373,578.8943770468375,569.8374617481664,-9.056915298671015,7.111098020214093,30.960339652550243,30.49507104297183,-0.46526860957841265,6.712619681610857,53.74870117521543,56.70366912590246,2.9549679506870277,8.33149597393419,80.59685014266553,78.21323690560641,-2.383613237059123,9.482616703119579,22.788361522665195,26.20859808293062,3.420236560265426,6.497057111470837,49.63651049011528,47.718165862634564,-1.9183446274807139,7.685464857554167,26.848148967450083,21.509567779703946,-5.338581187746136,6.558076802143496
escs_cc,KOR,36,486.29563550271087,484.26023420585335,-2.035401296857515,7.203463860545926,521.7694398256947,528.0958075343142,6.3263677086195,7.090569261093084,542.3183470150701,553.730581179634,11.41223416456387,7.337281118454488,576.8321908040707,574.5350080546125,-2.2971827494582158,7.624490038065873,35.47380432298384,43.83557332846088,8.361769005477043,6.919352242650576,56.02271151235927,69.4703469737808,13.447635461421534,8.27261017400666,90.53655530135987,90.27477384875928,-0.26178145260058727,9.233698715657049,20.548907189375438,25.63477364531993,5.085866455944494,7.876078000820265,55.06275097837604,46.439200520298414,-8.623550458077624,8.752884725936907,34.5138437890006,20.804426874978482,-13.709416914022121,8.032887669355588
escs_cc,LTU,36,436.11417906636507,451.32569012332453,15.211511056959466,4.981591681950426,469.50851223813163,481.0296614887699,11.521149250638246,5.209316239458512,495.4799861440453,509.18919855050734,13.70921240646203,4.7553700011028965,529.9139753909839,518.8178413175389,-11.096134073445,6.061618699385744,33.39433317176657,29.7039713654453,-3.690361806321267,6.266509331317855,59.36580707768023,57.86350842718281,-1.5022986504974227,6.380133478753866,93.79979632461887,67.4921511942143,-26.307645130404566,7.508488077418617,25.971473905913662,28.159537061737506,2.188063155823844,6.496940095018671,60.405463152852306,37.78817982876901,-22.617283324083296,6.70331731312141,34.433989246938644,9.628642767031504,-24.80534647990714,6.169544895734952
escs_cc,LVA,36,450.6758561536625,443.1882069245241,-7.4876492291384125,4.578493343933731,474.81581082837477,470.5230867616948,-4.292724066679966,5.018569761187178,501.11632896803377,489.58911797998314,-11.527210988050626,4.895088374985078,525.6767317526846,505.04872635533076,-20.62800539735389,4.633060432360266,24.139954674712214,27.334879837170725,3.19492516245851,5.638954236609846,50.44047281437127,46.40091105545916,-4.039561758912107,5.686598621615413,75.00087559902214,61.860519430806605,-13.140356168215533,5.864813518730983,26.300518139659054,19.066031218288437,-7.2344869213706176,6.121328178562956,50.86092092430992,34.52563959363589,-16.335281330674036,6.264626156714754,24.56040278465087,15.459608375347454,-9.100794409303415,6.41198298977711
escs_cc,MEX,36,371.7843306096605,368.44469776886456,-3.3396328407959572,3.488613383864383,387.6242855017698,384.9270778685902,-2.69720763317963,3.5389584476775324,399.8120757530131,398.3418862514581,-1.4701895015550122,4.915551856134244,430.398648397329,423.6802084251308,-6.718439972198212,5.515911589776125,15.839954892109171,16.48238009972557,0.6424252076163999,3.9004699048593183,28.027745143352536,29.89718848259354,1.869443339241002,5.046696707222752,58.61431778766846,55.235510656266186,-3.378807131402276,5.908967996121681,12.187790251243365,13.414808382867966,1.2270181316246003,4.592793352929927,42.77436289555928,38.75313055654062,-4.02123233901866,5.669688288264467,30.586572644315915,25.33832217367265,-5.2482504706432636,5.536536224995231
escs_cc,NLD,36,457.05087899088096,458.5775938091657,1.526714818284745,6.099457585793474,480.2505380714253,487.91975797118323,7.669219899757934,6.858304185129778,524.4472657519225,522.681922893531,-1.7653428583914774,6.187812586590425,558.3559379954345,548.3912264864787,-9.964711508955816,5.387912973509382,23.199659080544357,29.342164162017447,6.1425050814730895,7.120276631144767,67.39638676104148,64.10432908436533,-3.2920576766761513,8.076080522439309,101.30505900455351,89.813632677313,-11.491426327240518,8.123203529076033,44.19672768049712,34.762164922347885,-9.434562758149234,6.768104953184834,78.10539992400916,60.47146851529554,-17.63393140871362,7.4429479492309065,33.908672243512044,25.709303592947663,-8.19936865056438,6.264307862198086
escs_cc,NOR,36,440.6648334382955,422.06719235742213,-18.59764108087336,4.2273243124359166,463.8631990776836,457.0964671307638,-6.766731946919776,4.878066678718389,486.7287157910884,484.1128605430902,-2.6158552479981836,4.640472294002145,516.4507935596768,497.707060245829,-18.74373331384777,5.10487936511831,23.198365639388065,35.02927477334172,11.830909133953654,5.3497191404135584,46.06388235279299,62.045668185668134,15.981785832875147,5.520392099574505,75.78596012138118,75.63986788840691,-0.14609223297426865,6.102631471712819,22.865516713404922,27.016393412326426,4.150876698921504,5.28013735423676,52.58759448199313,40.61059311506519,-11.977001366927936,5.78082812930271,29.722077768588207,13.594199702738768,-16.127878065849437,5.558155954742443
escs_cc,NZL,36,442.26271380333264,457.80165176494,15.53893796160736,5.317984252102103,481.41287590073364,486.56642141121375,5.1535455104801144,5.370261471676829,505.42929364475395,514.5142402352456,9.084946590491597,4.917308137795507,536.8757769270867,541.7610850014615,4.885308074374848,5.606388510243392,39.15016209740096,28.76476964627368,-10.385392451127277,6.521613165037274,63.166579841421346,56.71258847030551,-6.453991371115833,6.728827049110675,94.613063123754,83.95943323652166,-10.653629887232341,7.7704940426514435,24.01641774402039,27.947818824031838,3.9314010800114474,6.453524238102744,55.46290102635305,55.19466359024798,-0.2682374361050748,7.48314863256884,31.446483282332657,27.246844766216135,-4.199638516116522,6.880876133036399
escs_cc,POL,36,449.0217405855794,456.32785270071537,7.3061121151359885,4.331236326991026,482.26927752384745,482.5508670735459,0.281589549698424,4.989988084970817,506.3343564001455,514.4291416686409,8.0947852684954,5.733402087009873,546.294607712761,537.9273305061731,-8.367277206587914,5.40885812780411,33.24753693826805,26.223014372830487,-7.024522565437561,5.353347692922058,57.31261581456606,58.1012889679256,0.7886731533595395,6.611660258657902,97.2728671271818,81.59947780545781,-15.673389321723988,6.744663661418212,24.065078876298013,31.87827459509511,7.813195718797097,5.7717300211402005,64.02533018891374,55.37646343262732,-8.648866756286424,6.619529247910621,39.960251312615725,23.49818883753221,-16.462062475083513,5.947267952820579
escs_cc,PRT,36,432.0330236443762,422.2632075823607,-9.769816062015536,4.98475519462614,456.37072165104837,453.67048225015026,-2.7002394008981128,5.801797148138875,485.3329237262175,487.536445635758,2.203521909540541,6.731486448593802,532.1284408197123,523.1220295269599,-9.006411292752432,5.161640121190074,24.337698006672078,31.40727466778958,7.069576661117502,5.468216578020809,53.2999000818412,65.27323805339734,11.973337971556134,6.42918831009141,100.095417175336,100.85882194459921,0.763404769263218,6.734258076886435,28.96220207516913,33.86596338560776,4.903761310438632,5.744158532074294,75.75771916866393,69.45154727680963,-6.306171891854291,6.916079355701903,46.79551709349479,35.585583891201864,-11.209933202292923,6.8286077506074285
escs_cc,SVK,36,404.0246057411076,429.77778876571136,25.753183024603743,6.797534777362521,464.03258589799924,468.03674551032964,4.0041596123303975,5.764177104726594,490.59820648740606,498.6978136793338,8.09960719192776,5.479763528829304,532.6325717988941,535.7046380881872,3.0720662892930477,6.4217559683456376,60.00798015689154,38.25895674461821,-21.74902341227333,7.4353404366384925,86.5736007462983,68.92002491362231,-17.653575832675983,8.103226952865537,128.60796605778634,105.9268493224757,-22.68111673531064,9.29224070086729,26.565620589406763,30.661068169004125,4.095447579597362,6.932704548326759,68.59998590089478,67.66789257785749,-0.932093323037293,7.6536512333315025,42.03436531148804,37.00682440885337,-5.027540902634669,6.531423232816946
escs_cc,SVN,36,443.1548365954674,436.52539448271847,-6.6294421127489045,4.526671638434295,470.920558454049,459.76376910076334,-11.15678935328566,4.431847874355294,501.96553936882736,491.5584336690058,-10.407105699821557,4.605354753900426,535.6771554421605,504.6948967658237,-30.982258676336755,4.319131125249444,27.765721858581635,23.23837461804481,-4.527347240536827,5.914047279549485,58.81070277335995,55.033039186287354,-3.7776635870725954,6.3296168590916295,92.52231884669308,68.16950228310516,-24.352816563587922,6.513300350788282,31.044980914778314,31.794664568242545,0.7496836534642313,6.340627618891996,64.75659698811145,44.931127665060345,-19.82546932305111,6.3225034573359125,33.71161607333314,13.136463096817801,-20.57515297651534,6.23363400116957
escs_cc,SWE,36,442.50228952735944,433.36675085321224,-9.135538674147199,4.333363400112194,472.65765321097734,468.7619597293459,-3.89569348163144,4.496680609103606,505.59131159664065,503.36903451836076,-2.2222770782798875,5.038482493269569,539.5753049120189,514.3837440496511,-25.191560862367737,5.006261897933362,30.155363683617942,35.395208876133616,5.2398451925156735,5.242586661890653,63.089022069281256,70.00228366514855,6.913261595867297,5.819843931080681,97.07301538465944,81.01699319643879,-16.056022188220652,6.026538127268282,32.93365838566333,34.60707478901493,1.6734164033516024,5.682974559509011,66.91765170104149,45.62178432030518,-21.29586738073631,5.667015695449858,33.98399331537818,11.014709531290247,-22.96928378408793,5.185561222524325
escs_cc,TUR,36,421.04744498909713,427.59270054174993,6.5452555526528045,4.454367100807689,438.97241285605844,453.15516962752446,14.182756771466018,4.129562422114567,454.204200078573,470.58266859766064,16.37846851908762,5.37417306633119,503.40491946551737,525.805265726151,22.400346260633626,5.229793935276014,17.924967866961246,25.562469085774467,7.63750121881322,5.29871024213359,33.15675508947588,42.98996805591066,9.833212966434779,6.275165828618947,82.35747447642015,98.21256518440107,15.85509070798092,6.77401206550905,15.231787222514635,17.42749897013619,2.195711747621557,5.660412988133216,64.4325066094589,72.65009609862662,8.217589489167722,6.121427846937201,49.200719386944264,55.222597128490406,6.021877741546142,6.546801118566529
escs_cc,USA,36,425.64518972174903,433.0647799864035,7.41959026465446,7.358311047253785,449.9851764001122,457.4711917982102,7.486015398098004,7.8471631725189,477.5235579175302,481.8018699484054,4.278312030875213,14.353754703567494,527.3594443675306,522.6859892345235,-4.67345513300711,17.6630212038308,24.339986678363225,24.40641181180675,0.06642513344352352,8.806402388091245,51.878368195781185,48.737089962001924,-3.1412782337792606,14.276853418345944,101.71425464578161,89.62120924812014,-12.09304539766147,17.965814853277728,27.538381517417957,24.330678150195176,-3.2077033672227806,14.869393238688225,77.37426796741838,65.21479743631338,-12.159470531105,17.871445121490815,49.83588645000043,40.88411928611819,-8.951767163882238,12.564614716566172
escs_cc,OECD,36,437.47513896268566,438.11748548706856,0.6423465243829014,1.4587308665674934,467.1878444824185,467.5941239423188,0.4062794599003041,1.5294743613067707,493.14377042787993,494.53171725189657,1.3879468240166375,1.4991529292574244,529.0009037042922,517.9504934801137,-11.050410224178563,1.605140661559264,29.71270551973283,29.476638455250104,-0.2360670644827252,1.0501631794122939,55.668631465194245,56.41423176482802,0.7456002996337716,1.0475095319995311,91.52576474160648,79.83300799304516,-11.692756748561322,1.2961004057700027,25.955925945461424,26.937593309577903,0.981667364116479,1.0007737003329618,61.813059221873665,50.356369537795054,-11.456689684078611,1.1365871720497125,35.857133276412235,23.418776228217148,-12.438357048195087,1.0773306766458375
escs_h_cc,AUS,36,446.15018619293295,442.7204171454388,-3.429769047494176,3.667051838412484,479.16431033022855,476.499333389967,-2.6649769402615675,3.714291859048765,511.1216677856904,508.9647924349407,-2.156875350749715,4.24142818406658,536.8299116777578,525.0942181037965,-11.73569357396127,4.1586690789256835,33.014124137295696,33.77891624452833,0.7647921072326369,4.393103670464174,64.9714815927575,66.24437528950207,1.2728936967445748,4.779280769410802,90.6797254848249,82.37380095835783,-8.305924526467066,4.784219997881821,31.957357455461818,32.46545904497372,0.5081015895119023,4.0662607997033655,57.6656013475292,48.5948847138295,-9.070716633699696,4.229060710726367,25.70824389206738,16.12942566885578,-9.578818223211599,4.158591179690807
escs_h_cc,AUT,36,449.7432137248832,445.51941569673227,-4.223798028150952,5.048435093546819,482.00665534999337,480.89498095826895,-1.1116743917244207,5.1460089701973475,514.5853066159868,503.1375383144561,-11.447768301530743,4.369580372760387,540.1858404992533,527.5613630611826,-12.624477438070699,4.396631966981207,32.26344162511011,35.375565261536664,3.1121236364265528,6.0520008397791125,64.8420928911037,57.618122617723884,-7.22397027337982,5.288390660139062,90.44262677437011,82.0419473644504,-8.400679409919718,5.680864297335609,32.5786512659936,22.242557356187227,-10.336093909806372,5.357999225827885,58.17918514925998,46.66638210291372,-11.512803046346257,5.504865422234102,25.600533883266394,24.423824746726496,-1.1767091365398983,4.498219770615799
escs_h_cc,BEL,36,444.7499546200215,455.70290898758947,10.95295436756794,4.564782115523217,481.54686611378276,489.03645605827285,7.489589944490092,4.945606840762158,518.8011326204097,523.1636868968151,4.362554276405376,4.862821855987095,548.174712763889,546.1699084352573,-2.004804328631735,4.956790708398774,36.796911493761165,33.33354707068345,-3.4633644230777136,5.54487553762828,74.05117800038808,67.46077790922557,-6.590400091162508,5.725770333885911,103.42475814386746,90.4669994476678,-12.957758696199662,6.204887951703944,37.25426650662691,34.12723083854211,-3.127035668084801,5.258303586458332,66.62784665010629,57.13345237698436,-9.494394273121934,5.7349113093470026,29.373580143479376,23.00622153844224,-6.367358605037136,5.2198824893213995
escs_h_cc,CAN,36,466.74462075136915,460.9711719393548,-5.773448812014351,3.5130777433022993,493.52940126931173,492.90677525043884,-0.6226260188728929,3.7871536446325647,518.4892190253832,518.1142829526067,-0.3749360727765634,3.592598895007091,536.4676584169688,528.2852042118925,-8.182454205076283,4.1225164848299105,26.784780517942597,31.93560331108414,5.150822793141543,4.559575691859296,51.74459827401411,57.14311101325184,5.398512739237731,4.3011202969706765,69.72303766559963,67.31403227253766,-2.4090053930619746,4.551118012748008,24.959817756071505,25.207507702167703,0.2476899460961981,4.215409818516073,42.93825714765704,35.37842896145354,-7.559828186203504,4.671144078529454,17.97843939158554,10.17092125928583,-7.807518132299709,4.154100536292532
escs_h_cc,CHE,36,463.0324505485284,466.3519914102864,3.319540861758014,5.297541782947223,502.13430075620636,499.23806472234236,-2.8962360338639996,4.906093006318478,533.07021013393,534.5172938674586,1.4470837335286433,5.921028248561953,567.6807912470658,564.2631759101399,-3.4176153369259055,4.8455798786417414,39.10185020767798,32.88607331205597,-6.215776895622007,5.295153008450958,70.03775958540155,68.16530245717226,-1.8724571282292857,6.682930421093434,104.64834069853744,97.91118449985348,-6.737156198683962,6.689749435508177,30.93590937772356,35.27922914511629,4.343319767392728,6.179746542615659,65.54649049085944,65.02511118779749,-0.5213793030619485,5.654476998368737,34.61058111313589,29.745882042681206,-4.864699070454687,6.6921219848362545
escs_h_cc,CHL,36,392.08931442473363,382.03167405099356,-10.057640373740071,4.369275093796925,406.92643194617165,399.39670736564455,-7.529724580527102,4.399973446743249,419.1279961975,418.3200851738644,-0.8079110236355973,4.456487041293946,457.8669942702064,457.3417627895672,-0.5252314806392064,4.89020686442234,14.837117521438051,17.36503331465098,2.5279157932129284,5.212716348528085,27.038681772766346,36.28841112287087,9.249729350104523,5.553574251271101,65.77767984547276,75.31008873857374,9.532408893100978,6.558951368038058,12.201564251328296,18.92337780821989,6.721813556891593,4.827855815160117,50.94056232403472,57.94505542392276,7.0044930998880375,5.200183220620421,38.73899807270642,39.02167761570287,0.2826795429964477,5.380533988187331
escs_h_cc,COL,36,354.6059586392015,355.3961261655485,0.790167526346977,4.276673572317148,372.4096888952304,379.5020045037348,7.092315608504407,4.82092949566352,389.14259918415735,398.6388946443997,9.49629546024238,5.686400555773645,430.21745584003247,438.0144445129963,7.796988672963835,8.820962046583052,17.803730256028803,24.105878338186375,6.302148082157572,5.287372367128672,34.536640544955816,43.24276847885127,8.706127933895452,6.028458647427272,75.61149720083094,82.61831834744778,7.0068211466168435,9.524064211642106,16.732910288927012,19.136890140664896,2.4039798517378834,4.901315989305137,57.80776694480213,58.5124400092614,0.7046730644592643,8.924305453135391,41.07485665587512,39.375549868596515,-1.6993067872786014,7.887626419496268
escs_h_cc,CZE,36,438.18024017650714,438.76159091056905,0.581350734061914,5.110661615489853,479.54239090886233,474.2358121959407,-5.306578712921635,4.494990813652448,504.9259620794313,501.2320993425984,-3.693862736832898,5.035607275079104,544.2326234203663,538.5029694612265,-5.729653959139796,5.6279268474551225,41.36215073235512,35.4742212853716,-5.88792944698352,5.470052109055745,66.74572190292422,62.47050843202934,-4.275213470894876,5.5853000802203,106.05238324385911,99.74137855065742,-6.311004693201696,7.358080982823166,25.383571170569105,26.99628714665775,1.6127159760886443,5.179830692165348,64.69023251150398,64.26715726528582,-0.4230752462181613,5.901904636660044,39.30666134093487,37.270870118628075,-2.0357912223067984,6.42069700949954
escs_h_cc,DEU,36,444.36451665354605,435.7039378416783,-8.660578811867765,5.645719013448382,477.3241700723037,479.665877921479,2.34170784917535,5.608258566862632,502.7839660132633,503.9862268420675,1.2022608288041852,6.314658662484367,542.1038662683335,542.9849632093649,0.8810969410313874,5.40673057182577,32.95965341875762,43.9619400798009,11.002286661043279,6.3699157307293035,58.41944935971729,68.28228900038933,9.862839640672036,6.98214229284016,97.7393496147875,107.28102536768665,9.541675752899152,7.177630581712474,25.45979594095968,24.32034892058844,-1.1394470203712395,6.7800996934852655,64.77969619602989,63.319085287885756,-1.4606109081441332,6.791185468501803,39.3199002550702,38.99873636729732,-0.32116388777288307,6.473821723497092
escs_h_cc,DNK,36,458.40576201497987,456.71691776257876,-1.6888442524011111,4.163884245247783,488.3576973267051,471.2007335584728,-17.156963768232288,5.1241120554923,511.47836840628344,502.9192573348919,-8.559111071391555,5.143033671286972,518.9071850419647,510.29734900263963,-8.609836039325046,5.233443748979809,29.951935311725077,14.48381579589415,-15.468119515830926,5.700441873388358,53.07260639130359,46.20233957231319,-6.870266818990395,5.860654764417084,60.501423026984774,53.58043124006101,-6.920991786923764,6.290187060589937,23.120671079578518,31.718523776419044,8.597852696840526,5.9344214115339415,30.549487715259694,39.09661544416686,8.547127728907164,6.044066778372576,7.428816635681176,7.378091667747816,-0.0507249679333599,6.59331901942093
escs_h_cc,ESP,36,440.99548427592674,426.9276496573102,-14.06783461861653,3.318546707499442,463.8505925287689,452.89860387843953,-10.951988650329383,3.3333198122849734,490.7745734256485,481.95137497656697,-8.82319844908153,3.2011344467528904,517.790004496399,502.51119995423494,-15.278804542164039,3.258757858012507,22.85510825284217,25.970954221129382,3.1158459682872106,3.689265713754208,49.77908914972181,55.023725319256776,5.244636169534964,3.6771147639394988,76.79452022047232,75.58355029692476,-1.210969923547566,4.004992781324738,26.92398089687964,29.05277109812739,2.1287902012477495,3.197038736548031,53.93941196763014,49.61259607579537,-4.3268158918347694,3.4286344426133875,27.015431070750502,20.559824977667983,-6.455606093082519,3.2698182555865674
escs_h_cc,EST,36,477.8460880213139,470.24559749597347,-7.600490525340433,4.434504188841418,498.34209639552694,500.9560372256609,2.61394083013397,4.889883644956886,525.335937753722,531.0571605609459,5.721222807223967,4.555273858732609,553.6489864393862,549.7458079516616,-3.903178487724631,4.842411512082213,20.496008374213073,30.710439729687483,10.21443135547441,5.375628604109877,47.48984973240813,60.81156306497246,13.321713332564329,5.513646644496659,75.80289841807233,79.50021045568822,3.6973120376158874,6.4202645103472085,26.993841358195063,30.101123335284985,3.1072819770899223,5.125524959699317,55.30689004385927,48.789770726000725,-6.517119317858544,5.475739602603596,28.313048685664207,18.688647390715744,-9.624401294948463,4.996073419134325
escs_h_cc,FIN,36,454.29041508140654,443.3441391659884,-10.946275915418141,3.871087698415403,474.89336971662294,468.70481243729694,-6.188557279326005,4.294836168276874,503.3563765090724,494.4201462171389,-8.936230291933498,4.379524714888405,527.1201086929509,517.1259928425563,-9.994115850394564,4.132770241572327,20.602954635216342,25.360673271308507,4.757718636092164,4.417274141266723,49.06596142766573,51.07600705115042,2.010045623484693,4.677936390729065,72.82969361154443,73.78185367656799,0.9521600650235627,4.862832453801499,28.46300679244938,25.71533377984191,-2.7476730126074713,5.013840762458852,52.22673897632808,48.421180405259484,-3.8055585710685946,5.014095137353521,23.763732183878698,22.705846625417575,-1.0578855584611233,5.258100475087352
escs_h_cc,FRA,36,436.4563357321701,433.69606128733466,-2.7602744448354315,5.120693844033979,468.119518012549,463.0000036347436,-5.1195143778053875,4.831036140642086,495.73628668112076,491.8508744956157,-3.8854121855050607,6.0035512628459005,536.1396155349041,523.4750279717739,-12.664587563130226,5.403855382237966,31.66318228037894,29.30394234740902,-2.3592399329699205,5.241435178242158,59.27995094895077,58.15481320828113,-1.1251377406696363,6.205124564585401,99.68327980273406,89.77896668443935,-9.90431311829471,6.287851446787059,27.616768668571826,28.850870860872114,1.2341021923002877,6.069595894999056,68.02009752235513,60.475024337030334,-7.545073185324796,6.119274290741059,40.4033288537833,31.62415347615822,-8.77917537762508,5.619788083681643
escs_h_cc,GBR,36,468.2822372523401,461.4340400650291,-6.84819718731103,4.918115393001517,486.04920149400505,492.3105915493602,6.26139005535515,5.032529468724304,507.5351471423669,519.5055003321523,11.970353189785442,5.357081003920439,542.7839298087395,549.6091879746183,6.825258165878836,7.002112040264477,17.766964241664965,30.876551484331152,13.109587242666187,6.336066446314942,39.2529098900268,58.0714602671233,18.8185503770965,6.769427448873227,74.50169255639919,88.17514790958916,13.673455353189965,8.222367164704309,21.48594564836183,27.19490878279215,5.70896313443032,6.445021238383276,56.73472831473423,57.298596425258005,0.5638681105237779,7.9387415612236945,35.248782666372406,30.103687642465854,-5.145095023906553,6.5684578666691715
escs_h_cc,GRC,36,404.63754944836194,394.3555824614526,-10.28196698690931,4.7844576765025915,420.1216077282626,420.73741504889193,0.615807320629358,5.151929945781725,444.2727108865744,447.3653565570251,3.092645670450736,5.457408041671038,472.48009413837616,474.3741962270111,1.894102088634952,6.117090081605378,15.484058279900598,26.38183258743922,10.897774307538622,5.767595156950579,39.6351614382124,53.009774095572425,13.374612657360025,5.834069531015176,67.84254469001432,80.0186137655584,12.176069075544078,7.112208794135229,24.151103158311805,26.627941508133205,2.4768383498213993,5.476749243409269,52.358486410113734,53.63678117811918,1.2782947680054448,6.265529906920691,28.20738325180193,27.008839669985974,-1.1985435818159544,6.520477175058605
escs_h_cc,HUN,36,423.83571926974145,417.89680743312044,-5.938911836621003,5.411715725050495,458.13528883975795,453.5946357839313,-4.540653055826624,5.004644637243947,496.5328461978314,484.8525125052521,-11.680333692579325,5.860216320021208,534.5783934892513,520.5381350167078,-14.040258472543542,6.431508755496143,34.299569570016445,35.697828350810745,1.3982587807943005,5.966336414663532,72.69712692809001,66.9557050721315,-5.741421855958521,7.356340697980252,110.74267421950995,102.64132758358726,-8.101346635922695,8.355443074791506,38.39755735807357,31.257876721320734,-7.139680636752836,5.599384767540487,76.44310464949349,66.9434992327765,-9.499605416716989,7.350037135061676,38.04554729141993,35.68562251145577,-2.3599247799641603,6.633089848928184
escs_h_cc,IRL,36,461.2434391421576,452.3609235387686,-8.882515603389038,4.114313626508898,482.6903335858439,473.74586908032825,-8.944464505515668,4.146005848494983,505.1303926776603,500.63321438225375,-4.49717829540657,4.151769555062412,528.0061898759933,522.4255340097894,-5.58065586620387,4.294294232244021,21.446894443686375,21.384945541559564,-0.06194890212681159,4.642233557587431,43.88695353550275,48.27229084348504,4.38533730798229,5.1739714361378075,66.76275073383553,70.06461047102069,3.301859737185154,5.241296812453194,22.440059091816373,26.88734530192548,4.447286210109105,4.757362601097442,45.31585629014917,48.679664929461126,3.363808639311955,5.114977543285169,22.875797198332794,21.792319627535647,-1.0834775707971467,4.851546437198165
escs_h_cc,ISL,36,432.1697786712686,440.75918385876184,8.589405187493242,4.924604229534384,464.0972252579445,463.14764427399405,-0.9495809839504545,5.533131694674734,479.7180793244079,480.702340343678,0.9842610192700931,4.955691958158442,490.0946208549387,495.0197637383447,4.925142883406011,4.904282508551121,31.927446586675863,22.38846041523218,-9.538986171443682,7.019111380091082,47.54830065313921,39.94315648491609,-7.60514416822312,6.684928004248658,57.924842183670044,54.260579879582885,-3.66426230408716,6.77121615584169,15.620854066463346,17.554696069683907,1.93384200322056,7.048162840602095,25.99739559699419,31.872119464350703,5.874723867356515,7.043958719298369,10.37654153053084,14.317423394666799,3.9408818641359584,6.871177828610913
escs_h_cc,ISR,36,408.5728124020647,412.31890750517186,3.746095103107166,6.076157219305345,457.533226317655,460.23125981698985,2.6980334993348265,6.3814566059871245,501.5518394626941,485.6867283444679,-15.865111118226196,7.648354193312281,521.5449145836585,507.1614285652028,-14.383486018455699,6.445135980598013,48.96041391559024,47.91235231181802,-1.0480616037722186,7.085834252772713,92.97902706062935,73.36782083929604,-19.611206221333305,8.252136275028192,112.97210218159384,94.84252106003096,-18.12958112156288,8.001691892422443,44.01861314503911,25.45546852747802,-18.563144617561093,7.007655858190534,64.0116882660036,46.93016874821293,-17.081519517790674,7.691851852941423,19.993075120964495,21.47470022073491,1.4816250997704152,7.424089793895431
escs_h_cc,ITA,36,436.98209023234523,438.27589800371396,1.2938077713687335,4.806083528333831,464.1543987831718,466.53368119005574,2.379282406883931,5.363855317035567,484.39525241998916,488.5755482960018,4.180295876012622,5.686800099258071,512.2255359059192,514.6059733418062,2.3804374358870746,6.5717364297998175,27.17230855082665,28.25778318634181,1.0854746355151619,5.485920363622596,47.41316218764401,50.29965029228788,2.886488104643867,6.11076107721851,75.24344567357386,76.33007533809246,1.0866296645185969,7.205292478499496,20.240853636817366,22.041867105946068,1.8010134691287014,5.573802266625619,48.071137122747224,48.072292151750645,0.0011550290034207933,6.61369826337567,27.830283485929858,26.030425045804577,-1.7998584401252806,5.378928508773758
escs_h_cc,JPN,36,501.9880774186692,489.6511353667794,-12.336942051889821,7.080737087338653,531.143202981034,521.5573575171277,-9.585845463906367,6.5667233994542675,552.6817879765875,546.4663212075461,-6.215466769041427,6.540039101923909,572.6502911187712,574.2496901921517,1.5993990733804822,7.3794698669122445,29.155125562364827,31.90622215034835,2.751096587983522,6.917751766134649,50.69371055791829,56.81518584076671,6.121475282848422,8.079160667677638,70.66221370010196,84.59855482537223,13.936341125270275,9.493473348377568,21.538584995553457,24.908963690418354,3.370378694864897,6.6103575203939275,41.50708813773713,52.69233267502388,11.18524453728675,7.775116496419744,19.96850314218367,27.783368984605524,7.8148658424218524,6.780117568013239
escs_h_cc,KOR,36,493.44842937915575,482.2583240490828,-11.190105330072981,6.803425583329601,519.0834895465089,531.2976304101614,12.214140863652574,8.18615489011622,541.5857675415753,552.2555619827382,10.669794441162935,5.941365469921954,573.1167059297127,574.8677534272663,1.7510474975536,7.769609531921633,25.63506016735302,49.03930636107875,23.40424619372573,7.2624753451198,48.13733816241949,69.99723793365531,21.859899771235824,7.352146913776616,79.6682765505569,92.60942937818352,12.941152827626624,8.903395474350404,22.50227799506647,20.95793157257657,-1.5443464224899017,8.148426315285981,54.033216383203886,43.570123017104756,-10.46309336609913,8.907415182630455,31.530938388137418,22.612191444528186,-8.918746943609232,7.192917300238431
escs_h_cc,LTU,36,439.5922746212176,450.2536871718359,10.661412550618309,4.8785467807028455,470.7316889622275,480.8103699027585,10.078680940531001,5.102945081755261,497.85138199393725,508.94290554127593,11.091523547338682,5.074400318104999,522.8342867779133,520.3946099004722,-2.4396768774411157,6.051860876510713,31.139414341009815,30.556682730922596,-0.5827316100872189,6.392428092169067,58.259107372719576,58.689218369439985,0.4301109967204084,6.473565905414002,83.24201215669568,70.1409227286364,-13.101089428059282,7.493013749862641,27.11969303170976,28.132535638517375,1.012842606807613,6.296204156657783,52.102597815685876,39.584239997713794,-12.518357817972081,6.76666572092803,24.982904783976114,11.451704359196423,-13.53120042477969,6.389549044002703
escs_h_cc,LVA,36,453.6705585538498,442.72489635395186,-10.945662199897924,4.694876144867838,474.53163030419756,467.91650170070153,-6.615128603496032,5.02994289225419,502.5158232389252,491.141618238568,-11.374205000357165,4.586309121018015,521.5564478520339,506.55012290408115,-15.006324947952749,4.496881661624611,20.861071750347755,25.191605346749697,4.330533596401942,5.7829506446626855,48.845264685075406,48.416721884616265,-0.42854280045914095,5.612597240176787,67.88588929818418,63.825226550129344,-4.060662748054838,5.78337913581532,27.984192934727655,23.22511653786657,-4.7590763968610865,5.615244051605701,47.02481754783642,38.63362120337966,-8.391196344456759,6.173401963446152,19.040624613108765,15.408504665513089,-3.632119947595676,6.026432302498798
escs_h_cc,MEX,36,373.6042244084006,367.8652513031409,-5.738973105259731,3.564924348435609,386.7956040236344,385.00680912573654,-1.7887948978978443,3.5863798396346556,400.3518317869293,397.91821797240846,-2.433613814520868,4.587410751896263,428.9191817240645,424.63396588191665,-4.285215842147863,5.606323094709693,13.191379615233723,17.14155782259568,3.9501782073619562,4.091574655454495,26.747607378528652,30.052966669267583,3.305359290738931,4.728345641677356,55.314957315663854,56.76871457877578,1.4537572631119247,5.997875457591198,13.556227763294931,12.911408846671907,-0.6448189166230236,4.298779694599403,42.123577700430126,39.6271567561801,-2.4964209442500263,5.829968972403401,28.567349937135198,26.71574790950819,-1.8516020276270098,5.209706656794116
escs_h_cc,NLD,36,461.0884422692011,460.8027409023298,-0.285701366871308,6.137053767796919,480.9116854478433,484.92827625435984,4.016590806516547,6.608071642805575,527.1329402325935,524.6165681769802,-2.5163720556132603,5.8551047633716005,550.9527429943721,547.2205765522436,-3.7321664421284595,5.92937357818971,19.82324317864221,24.125535352030056,4.302292173387848,6.779032588154507,66.04449796339244,63.81382727465041,-2.2306706887420376,7.9642925833241,89.8643007251711,86.41783564991378,-3.446465075257322,8.46554313857518,46.221254784750236,39.688291922620344,-6.532962862129892,6.552018598752668,70.04105754652892,62.29230029788373,-7.748757248645191,7.294994836996475,23.819802761778668,22.60400837526338,-1.215794386515288,6.455429043101842
escs_h_cc,NOR,36,443.39434320325927,422.21100425929,-21.18333894396926,4.304447703575169,468.39717523963066,454.9351554781697,-13.462019761460965,4.7468329484451965,488.3781124448468,484.4495350117653,-3.9285774330815,4.858281354221326,507.5323489426758,499.3834692551836,-8.148879687492183,5.066868556206766,25.00283203637131,32.72415121887964,7.721319182508331,5.431084438444591,44.98376924158751,62.2385307524753,17.25476151088779,5.992026537919475,64.13800573941646,77.17246499589353,13.034459256477078,6.261029336870578,19.9809372052162,29.514379533595665,9.533442328379465,5.455288989333854,39.135173703045155,44.448313777013915,5.313140073968761,5.486447418777517,19.154236497828954,14.933934243418246,-4.220302254410708,5.312359856201506
escs_h_cc,NZL,36,445.1986869620355,458.20756367037995,13.008876708344474,5.046688223187948,483.5076050976521,484.4330826313985,0.9254775337464025,5.80234916097585,506.5673783208346,513.3901394791349,6.8227611583002385,5.095652759847946,530.7274260483015,544.596071746663,13.868645698361547,6.0300706712578345,38.308918135616665,26.2255189610186,-12.083399174598064,6.41400918618407,61.368691358799154,55.182575808755,-6.186115550044157,6.72360574751462,85.52873908626603,86.38850807628314,0.8597689900171162,8.058861025483917,23.059773223182496,28.95705684773639,5.897283624553893,7.259894714862348,47.219820950649364,60.16298911526455,12.943168164615187,7.9406531781574925,24.160047727466868,31.205932267528162,7.045884540061294,7.815569869265778
escs_h_cc,POL,36,454.16353566545405,455.12291778854416,0.9593821230901085,4.457501283540829,480.4555969162933,482.91976966271704,2.464172746423742,4.49526436665529,507.2976132550305,515.1923867068678,7.8947734518372386,5.641939452247316,541.9913747640068,538.0004945300223,-3.9908802339845124,6.106145708838445,26.292061250839264,27.796851874172887,1.5047906233336228,5.0779351255197955,53.13407758957644,60.06946891832355,6.935391328747109,6.3412234129784375,87.82783909855269,82.87757674147807,-4.950262357074621,7.205738945625768,26.842016338737174,32.272617044150664,5.4306007054134895,6.046856687104649,61.53577784771342,55.08072486730517,-6.455052980408247,6.960194479548121,34.69376150897623,22.80810782315451,-11.885653685821719,6.401737538535724
escs_h_cc,PRT,36,431.36088001236055,421.74647681097224,-9.614403201388313,5.309351452499726,457.77528327696984,453.39575386470233,-4.379529412267516,6.120463271762122,489.887055676221,488.19838771266177,-1.6886679635592259,5.802064961117948,526.8674659197343,523.2483774695738,-3.6190884501604614,5.449743443533262,26.414403264609184,31.649277053730096,5.234873789120911,5.943095490917565,58.52617566386044,66.45191090168953,7.9257352378290875,6.048307428854296,95.50658590737359,101.50190065860168,5.9953147512280935,6.84098600247952,32.11177239925126,34.802633847959434,2.6908614487081763,5.846807435258608,69.09218264276443,69.85262360487158,0.760440962107154,7.0283378315159295,36.98041024351316,35.04998975691215,-1.9304204866010153,6.021681638602936
escs_h_cc,SVK,36,411.0203555447389,427.48592960105,16.465574056311084,6.359438523494505,461.69451513563973,469.95728814220064,8.262773006560906,5.661402776017378,487.74895959515,497.23741429989866,9.488454704748676,5.7903366195212165,530.8159405070958,537.5229899251035,6.707049418007728,5.891743822892033,50.67415959090083,42.471358541150764,-8.202801049750065,6.600911017672802,76.72860405041115,69.75148469884869,-6.9771193515624645,7.958366617820913,119.79558496235681,110.03706032405348,-9.758524638303328,8.63400751113075,26.054444459510325,27.2801261576979,1.225681698187575,6.698975815710182,69.12142537145598,67.56570178290272,-1.5557235885532634,7.243394759510208,43.06698091194566,40.28557562520481,-2.7814052867408563,6.164727267454029
escs_h_cc,SVN,36,445.24813670316917,433.9379867187823,-11.31014998438684,4.39511119740913,474.47862889015624,457.8442626248908,-16.63436626526544,4.282382875097936,507.4706951148308,489.68179554090074,-17.788899573930053,5.05378030868719,524.5081623499252,510.98203709939463,-13.526125250530583,4.221725304623428,29.230492186987004,23.90627590610839,-5.324216280878613,5.800963667915277,62.22255841166159,55.743808822118446,-6.478749589543142,6.549198210207705,79.26002564675606,77.04405038061228,-2.2159752661437864,6.138240120269566,32.99206622467459,31.837532916010055,-1.1545333086645329,6.2888136374697465,50.02953345976904,53.137774474503885,3.108241014734844,6.388129168607028,17.03746723509446,21.300241558493838,4.262774323399377,6.753706056006223
escs_h_cc,SWE,36,446.277335510989,432.5064229132907,-13.770912597698327,4.288550370626953,475.7728724208585,466.8479231591747,-8.924949261683821,4.535522827451566,505.5348805359769,504.02337903379856,-1.511501502178362,5.217843333862313,532.760694509026,516.5015687210343,-16.259125787991707,5.190225459694626,29.49553690986943,34.341500245884006,4.845963336014577,5.284349567613311,59.25754502498786,71.51695612050796,12.259411095520093,5.973289013467316,86.48335899803699,83.99514580774374,-2.4882131902932514,6.167356816402128,29.76200811511843,37.17545587462395,7.4134477595055195,5.959692430417391,56.98782208816756,49.653645561859726,-7.334176526307836,6.1392103279744985,27.225813973049128,12.478189687235778,-14.74762428581335,5.366343371269693
escs_h_cc,TUR,36,423.73837952863323,425.57969219529207,1.8413126666588369,4.4106273162408325,440.20964176733435,451.4658388789809,11.256197111646543,4.256244139255739,451.8499980645007,471.22515069411656,19.375152629615854,4.763492546050709,501.8360792426832,528.8489800427316,27.012900800048385,5.617885718114101,16.47126223870118,25.88614668368877,9.414884444987592,5.115448038305215,28.111618535867535,45.645458498824574,17.53383996295704,5.779946975637917,78.09769971404998,103.26928784743947,25.17158813338949,7.04921900659375,11.640356297166358,19.759311815135806,8.118955517969448,4.90294540922742,61.626437475348816,77.38314116375071,15.756703688401892,6.629351088028373,49.98608117818246,57.623829348614905,7.637748170432445,6.591158044870974
escs_h_cc,USA,36,428.4493524989781,431.0661643195014,2.61681182052331,7.031694386059779,449.3816655925989,460.706589241183,11.324923648584104,7.898186101709284,480.091606714593,475.72839160510796,-4.363215109485054,13.440378783653047,522.6042967896832,527.548210499788,4.943913710104766,18.907110413960538,20.932313093620827,29.640424921681547,8.70811182806072,8.675418689498002,51.64225421561499,44.662227285606534,-6.9800269300084565,13.186881830470876,94.15494429070509,96.48204618028656,2.3271018895814706,19.282073435827144,30.709941121994166,15.021802363924985,-15.688138758069181,13.712624604366967,73.22263119708427,66.84162125860503,-6.381009938479238,19.02192926568635,42.512690075090106,51.81981889468003,9.307128819589927,14.067684122615285
escs_h_cc,OECD,36,440.4339216543309,437.02530932798936,-3.40861232634154,1.4608226618770956,468.21664047865227,467.0127752344032,-1.203865244249073,1.534677169206841,494.5781028621016,493.89063022274905,-0.6874726393525634,1.4785212365826113,523.5764688537877,520.2682367899833,-3.3082320638043257,1.6226052499658885,27.782718824321414,29.987465906413853,2.204747082092439,1.0531297111271816,54.144181207770636,56.86532089475968,2.7211396869890407,1.0211826042363152,83.14254719945671,83.2429274619939,0.10038026253718613,1.321075061349057,26.361462383449226,26.87785498834582,0.5163926048965948,0.9995667221707186,55.359828375135294,53.25546155558004,-2.1043668195552527,1.169179155807468,28.998365991686068,26.377606567234228,-2.6207594244518404,1.069200394441311
