index,cnt,n_systems,Q1_2022,Q1_2025,Q1_change,Q1_se,Q2_2022,Q2_2025,Q2_change,Q2_se,Q3_2022,Q3_2025,Q3_change,Q3_se,Q4_2022,Q4_2025,Q4_change,Q4_se,Q2-Q1_2022,Q2-Q1_2025,Q2-Q1_change,Q2-Q1_se,Q3-Q1_2022,Q3-Q1_2025,Q3-Q1_change,Q3-Q1_se,Q4-Q1_2022,Q4-Q1_2025,Q4-Q1_change,Q4-Q1_se,Q3-Q2_2022,Q3-Q2_2025,Q3-Q2_change,Q3-Q2_se,Q4-Q2_2022,Q4-Q2_2025,Q4-Q2_change,Q4-Q2_se,Q4-Q3_2022,Q4-Q3_2025,Q4-Q3_change,Q4-Q3_se
escs,AUS,36,458.88261978540993,469.1552101823525,10.272590396942576,5.28253185933064,489.21958075610536,499.71822579286055,10.498645036755192,4.964321694018457,526.2693607478421,535.8725010013588,9.603140253516699,5.127168000229886,561.1137117098849,549.2075019908891,-11.906209718995797,5.249332787462696,30.336960970695465,30.56301561050798,0.2260546398125136,5.143420520298381,67.38674096243233,66.71729081900625,-0.6694501434260758,5.291609456085284,102.23109192447512,80.05229180853664,-22.178800115938486,5.838527345128901,37.04977999173687,36.15427520849828,-0.895504783238593,4.256218385691137,71.89413095377965,49.48927619802867,-22.404854755750982,5.130381988833115,34.84435096204278,13.335000989530396,-21.509349972512386,4.64840396917792
escs,AUT,36,429.3625491945937,449.09539256564506,19.73284337105133,6.239934703687796,476.6389795848189,489.3519043676405,12.712924782821574,6.346891653777964,517.2293613129957,521.7935238889729,4.564162575977207,5.554882605326392,553.1616102250653,546.9219108147981,-6.2396994102671215,5.802792071312627,47.27643039022513,40.256511801995465,-7.019918588229665,6.040609621588654,87.86681211840177,72.69813132332777,-15.168680795073996,5.5974027526643315,123.79906103047134,97.82651824915317,-25.972542781318168,6.3827038396708105,40.59038172817664,32.4416195213323,-8.148762206844339,5.977349572921436,76.5226306402462,57.57000644715769,-18.952624193088518,6.025094810064238,35.93224891206957,25.128386925825385,-10.803861986244183,5.179170753939222
escs,BEL,36,432.74376177572924,449.422394509614,16.67863273388474,6.06906763158739,471.0465496570042,480.8713978533695,9.82484819636528,6.114766280579653,513.2198575291392,521.9669959555611,8.747138426421884,5.82694350258302,552.4653784004643,547.1941064175835,-5.271271982880762,5.925308690172775,38.30278788127501,31.44900334375552,-6.853784537519488,5.863251849961198,80.47609575340994,72.54460144594722,-7.931494307462714,6.033708847408072,119.72161662473498,97.7717119079696,-21.949904716765374,6.9165204011372445,42.17330787213493,41.09559810219169,-1.0777097699432403,5.230617060305459,81.41882874345997,66.32270856421408,-15.096120179245887,6.382156626852281,39.24552087132504,25.22711046202238,-14.01841040930266,5.4216421642561246
escs,CAN,36,479.3769274498794,480.3680385844929,0.9911111346135044,4.658380618282366,505.84147179317733,511.5658842880066,5.7244124948292665,4.667861982850173,530.0166322728173,538.4457376977898,8.429105424972477,4.754241781581562,551.8680160135266,538.8589149033791,-13.009101110147526,5.317908043286225,26.4645443432979,31.197845703513657,4.7333013602157585,4.0118847906807344,50.63970482293796,58.07769911329685,7.437994290358894,4.261945693104442,72.49108856364717,58.4908763188861,-14.000212244761066,5.091907519508578,24.175160479640056,26.879853409783188,2.704692930143132,3.7733801181056377,46.026544220349265,27.293030615372437,-18.733513604976828,4.59123833493105,21.851383740709206,0.41317720558924975,-21.438206535119956,4.275691946778717
escs,CHE,36,447.2590851407625,456.8502239527239,9.5911388119614,5.932410045525903,485.89081332009425,491.7912608703746,5.900447550280319,6.179582782818612,519.2978031059984,528.7094698075701,9.41166670157179,5.93119871949182,566.8719189649416,555.667416993058,-11.204501971883587,5.658077756662175,38.63172817933177,34.94103691765061,-3.6906912616811667,6.008322664238796,72.0387179652358,71.8592458548463,-0.17947211038951139,6.172815132724347,119.61283382417915,98.81719304033402,-20.79564078384513,6.627654294888554,33.406989785904024,36.91820893719567,3.511219151291648,5.823004283920699,80.98110564484736,63.876156122683426,-17.104949522163935,6.031635992445958,47.574115858943344,26.95794718548775,-20.616168673455594,5.919909798116359
escs,CHL,36,409.535391309993,415.27103868882625,5.735647378833278,6.233514551867476,436.27833505051393,432.8079354472429,-3.470399603271005,6.0320911117029965,449.57714569696157,449.14380243723565,-0.43334325972591614,6.120592885044411,489.24113542694187,491.3828523485907,2.141716921648822,6.084401625747128,26.742943740520865,17.53689675841664,-9.206046982104226,6.1265083789367,40.04175438696855,33.87276374840935,-6.168990638559201,6.7674777783449365,79.70574411694884,76.11181365976452,-3.593930457184314,7.312468707651192,13.29881064644768,16.335866989992706,3.037056343545025,6.5674676627517865,52.96280037642796,58.574916901347876,5.612116524919919,6.377237132176177,39.66398972998029,42.23904991135517,2.57506018137488,5.962390507418206
escs,COL,36,375.5364602683963,377.34691056898095,1.8104503005846482,5.495635168103423,397.6808596374439,406.1649996759499,8.484140038505984,5.848155923347963,413.79952331582706,423.0690312024134,9.269507886586325,7.68751573476675,465.19805059686786,470.56584384022125,5.36779324335339,9.890002133656719,22.144399369047655,28.818089106968937,6.673689737921283,5.643799040612189,38.26306304743086,45.72212063343244,7.4590575860015775,6.931597475233797,89.66159032847153,93.21893327124027,3.5573429427687415,10.209896373483954,16.118663678383207,16.904031526463502,0.7853678480802948,6.21002828689887,67.51719095942387,64.40084416427132,-3.116346795152552,9.899683120852266,51.39852728104067,47.49681263780783,-3.901714643232843,8.642320948747965
escs,CZE,36,437.0857035929169,446.31382973817745,9.228126145260546,5.9966164751553634,489.87847534195527,480.72181320032075,-9.156662141634513,5.851683062659388,509.72839209311405,504.9600210282576,-4.768371064856467,5.725787145466055,555.7146630464086,542.1408827816527,-13.573780264755896,6.489140698974068,52.79277174903833,34.407983462143406,-18.384788286894924,5.607119441940674,72.64268850019712,58.64619129008006,-13.996497210117063,5.9238344150007425,118.62895945349173,95.82705304347522,-22.801906410016514,7.6368217776029415,19.84991675115878,24.238207827936655,4.388291076777875,5.7671202466148745,65.83618770445341,61.419069581331804,-4.417118123121604,6.262612389032883,45.986270953294635,37.18086175339514,-8.805409199899493,6.366404286370911
escs,DEU,36,443.2585180359255,436.0031121842452,-7.25540585168028,7.018281078754681,481.4391337873899,485.4016054456306,3.962471658240702,7.525987773492819,506.9891931338242,516.116004147584,9.126811013759834,7.2195458672296295,563.8897493132197,560.9146433365097,-2.9751059767099832,7.000195101751847,38.180615751464416,49.39849326138541,11.217877509920996,7.145197146357199,63.73067509789871,80.11289196333885,16.382216865440142,7.343032040245645,120.63123127729409,124.91153115226442,4.280299874970325,8.1617101067445,25.550059346434296,30.71439870195342,5.164339355519125,6.386839644047754,82.45061552582969,75.513037890879,-6.937577634950685,7.7111607322273095,56.900556179395394,44.798639188925584,-12.10191699046981,6.8403538576999106
escs,DNK,36,451.7493508256915,443.35710712485354,-8.39224370083798,5.899281082380953,482.5749731817224,473.77901277585335,-8.795960405869039,5.945761063060917,513.3232008454459,506.8182238960624,-6.504976949383433,6.319789765183269,532.1134741644164,512.5661505264958,-19.547323637920613,6.654696751283732,30.825622356030788,30.421905650999786,-0.40371670503100177,5.717750811413792,61.573850019754126,63.4611167712089,1.8872667514547743,6.290920067045328,80.36412333872485,69.20904340164232,-11.155079937082533,7.441195524959813,30.748227663723345,33.03921112020912,2.2909834564857725,6.713203803752593,49.53850098269406,38.78713775064254,-10.751363232051517,6.3752160583326125,18.79027331897072,5.747926630433426,-13.042346688537293,7.460339810997404
escs,ESP,36,447.614767414193,443.1217173013579,-4.493050112835135,4.706527416989231,472.5672766767836,469.05346088037305,-3.5138157964105403,4.4623626900656985,495.2509242249677,497.934040876282,2.683116651314265,4.7377221533766365,526.9220453490708,514.3322076023118,-12.58983774675903,4.5021675329967445,24.952509262590617,25.931743579015205,0.9792343164245878,3.643426954378741,47.63615681077476,54.81232357492413,7.176166764149372,4.070245871856477,79.30727793487779,71.21049030095392,-8.096787633923867,4.28456795509696,22.683647548184144,28.88057999590892,6.196932447724777,3.3937731932043524,54.354768672287186,45.2787467219387,-9.076021950348483,3.8879821976874407,31.671121124103042,16.39816672602978,-15.272954398073264,3.8123650106870115
escs,EST,36,490.3943306256767,491.86714285607576,1.4728122303990858,5.500498528657374,512.4139931098473,514.7416261978952,2.3276330880479463,5.374768423827258,536.1379288530865,548.2884103957192,12.150481542632747,5.895493421376776,566.6913895687169,559.9167597609284,-6.7746298077885285,5.864697819567212,22.019662484170738,22.874483341819477,0.8548208576487397,5.393822772499525,45.743598227409784,56.421267539643374,10.67766931223359,5.77829471358137,76.29705894304031,68.04961690485251,-8.247442038187799,6.400033304733613,23.723935743239046,33.5467841978239,9.82284845458485,5.639513162399844,54.27739645886959,45.175133563033036,-9.102262895836553,5.809021255181626,30.553460715630536,11.628349365209136,-18.9251113504214,5.63423458458481
escs,FIN,36,470.2099745380034,469.84602740191565,-0.3639471360877451,5.407631693933897,494.93161580161666,495.52309414185504,0.5914783402383819,5.891932942196837,527.1579180672234,530.5495115924944,3.3915935252709914,5.690479146191343,559.4602908856012,547.7189858598033,-11.741305025797942,5.62618951569923,24.72164126361318,25.67706673993938,0.9554254763262016,5.797984259151195,56.94794352921993,60.703484190578706,3.755540661358779,5.506393116877264,89.25031634759785,77.87295845788769,-11.377357889710154,5.719264483640028,32.22630226560675,35.02641745063932,2.800115185032574,5.357583579546175,64.52867508398467,52.1958917179483,-12.332783366036367,5.741360094437749,32.30237281837792,17.16947426730899,-15.13289855106893,5.342440918194594
escs,FRA,36,429.41697502944925,442.7258692153865,13.308894185937277,6.3571110215804305,469.10772065995553,476.2054637351948,7.097743075239293,6.618145828889516,506.58874674016045,507.75788192623816,1.1691351860777104,6.222451899849766,550.7130680501969,542.7319336528259,-7.981134397370965,6.535999705752574,39.69074563050622,33.47959451980821,-6.211151110698012,6.747638425718073,77.17177171071113,65.03201271085157,-12.139758999859552,6.460936258863496,121.29609302074755,100.00606443743929,-21.290028583308256,7.392115203497042,37.48102608020491,31.55241819104336,-5.928607889161555,5.6205416274833215,81.60534739024132,66.52646991763109,-15.07887747261023,6.472671950767397,44.12432131003641,34.97405172658773,-9.150269583448676,5.61261731368465
escs,GBR,36,466.3999266563942,479.2002909067138,12.800364250319603,5.637597085697591,490.3082885599639,506.396068107753,16.087779547789125,6.0275452237581835,507.0692178220732,530.7019699469972,23.632752124924025,5.9062824106462655,558.025771027497,559.2245203590027,1.1987493315057236,7.194165066162812,23.908361903569748,27.195777201039242,3.2874152974694937,6.136781516045137,40.66929116567909,51.501679040283555,10.832387874604464,6.389906469995503,91.62584437110286,80.02422945228905,-11.601614918813809,7.82452434019035,16.76092926210934,24.30590183924432,7.544972577134981,6.073287381152672,67.7174824675331,52.82845225124979,-14.88903021628331,7.8819984644533925,50.95655320542376,28.52255041200548,-22.43400279341828,6.874240119206378
escs,GRC,36,404.3215216373573,399.4254946314528,-4.8960270059045,6.2719033828661,426.0822387891323,423.94631615492864,-2.1359226342036663,6.0469076193106135,449.59654753073835,454.88408872008904,5.287541189350691,6.2537103853026155,485.9665449952392,475.41018224952825,-10.556362745710942,6.484147399401498,21.76071715177499,24.520821523475867,2.7601043717008764,6.067688107594542,45.275025893381084,55.45859408863631,10.183568195255226,6.423915869966577,81.64502335788184,75.98468761807548,-5.6603357398063565,7.055610704047166,23.514308741606094,30.937772565160447,7.4234638235543535,5.154546196469869,59.88430620610684,51.463866094599624,-8.420440111507219,5.950613354138353,36.369997464500756,20.52609352943917,-15.843903935061586,5.470174942113019
escs,HUN,36,423.7951025711477,430.54315563916316,6.748053068015452,6.351795821818683,468.06875290797035,469.69106723102396,1.6223143230536152,6.4906757731712865,506.0850770068535,498.8973734951642,-7.187703511689335,5.956063979843571,548.9457986692566,533.0366020014844,-15.909196667772221,7.038198517540742,44.27365033682265,39.14791159186087,-5.1257387449617795,6.628305115446793,82.28997443570566,68.35421785600116,-13.935756579704503,6.948114428901483,125.1506960981089,102.49344636232131,-22.657249735787587,8.357177480091467,38.01632409888302,29.206306264140284,-8.810017834742734,6.015855846376768,80.87704576128627,63.345534770460446,-17.531510990825822,7.667554451581149,42.86072166240324,34.13922850632016,-8.721493156083085,6.2840015024311775
escs,IRL,36,466.95032175617814,465.7538807690536,-1.1964409871245607,5.679410006104054,489.53997791911416,487.1655974076627,-2.374380511451477,5.809234653027015,517.7322339986436,517.2788283443538,-0.4534056542897815,5.132560077971788,545.0023814730662,538.2312364802668,-6.77114499279935,5.639433553267663,22.58965616293604,21.41171663860917,-1.1779395243268702,5.373356647903052,50.781912242465395,51.52494757530017,0.7430353328347721,5.761830285563333,78.05205971688808,72.47735571121336,-5.574704005674718,5.884586037787308,28.19225607952935,30.11323093669099,1.9209748571616387,5.492572916851753,55.462403553952036,51.0656390726042,-4.396764481347837,5.664468637554712,27.270147474422686,20.95240813591321,-6.317739338509476,5.276802630033487
escs,ISL,36,402.7164499077589,415.26691846963683,12.550468561877949,5.6539808428692355,441.48341161773425,446.0221515097778,4.538739892043566,6.0396092701985795,460.52181433510276,466.3829454385908,5.861131103488049,5.729321330875403,486.2904308366681,481.00640700384463,-5.284023832823493,6.079747843696624,38.76696170997538,30.755233040140972,-8.011728669834405,7.177844459146295,57.80536442734389,51.11602696895397,-6.689337458389922,6.749795950433742,83.57398092890928,65.73948853420777,-17.834492394701513,7.411011949079639,19.038402717368502,20.360793928812996,1.3223912114444936,6.928146068312792,44.80701921893391,34.98425549406679,-9.822763724867123,7.337888377798841,25.768616501565408,14.623461565253791,-11.145154936311616,6.876165631086119
escs,ISR,36,406.77085403798503,414.13843947408867,7.367585436103639,6.439508569694616,447.30765817606425,447.019929465966,-0.28772871009823575,7.194970012473956,490.2558190815309,482.90782375219214,-7.347995329338744,7.1671264253069005,525.957454747088,496.1368665872883,-29.82058815979974,7.0819018923866865,40.536804138079205,32.88148999187737,-7.655314146201832,7.442876603928625,83.48496504354586,68.7693842781035,-14.715580765442354,7.347719440042267,119.18660070910296,81.9984271131996,-37.188173595903365,7.533802306117884,42.94816090546665,35.88789428622612,-7.0602666192405295,6.141838183394096,78.64979657102376,49.11693712132223,-29.532859449701526,7.359370652183111,35.701635665557106,13.229042835096106,-22.472592830461,6.743078122980926
escs,ITA,36,434.16906750310636,445.4707967621713,11.301729259064928,5.906596242143339,470.31846500851964,475.3756953044739,5.057230295954241,6.129948186295539,487.1924796687451,496.02669547733177,8.834215808586691,6.029137332774345,521.7196909369694,524.6843381896672,2.964647252697773,6.879138426196702,36.149397505413226,29.904898542302654,-6.244498963110573,5.51664141473011,53.02341216563874,50.55589871516046,-2.467513450478279,6.305609375129148,87.55062343386302,79.21354142749581,-8.337082006367211,7.2094912470533865,16.874014660225516,20.651000172857806,3.77698551263229,5.306335742158576,51.40122592844982,49.30864288519317,-2.0925830432566457,6.657789882241341,34.527211268224306,28.657642712335367,-5.869568555888939,5.400894047569565
escs,JPN,36,510.81515510106675,503.6185179305664,-7.196637170500367,7.6538536540464035,538.0889218324553,532.7309683781899,-5.357953454265385,6.326398711851534,557.9714131942225,552.906763355354,-5.06464983886849,6.814948952632629,582.0663745514214,574.8466176575878,-7.219756893833619,7.306055887842321,27.273766731388527,29.112450447623566,1.838683716235039,6.285953782059201,47.15625809315573,49.28824542478767,2.13198733163194,7.488313890487601,71.25121945035453,71.22809972702132,-0.023119723333209663,9.16386954118978,19.8824913617672,20.175794977164106,0.29330361539690486,5.966393271952307,43.977452718966006,42.11564927939774,-1.8618034395682628,7.283617866360032,24.094961357198805,21.93985430223364,-2.155107054965164,5.938683691779314
escs,KOR,36,486.1396916515264,488.46970131461387,2.3300096630874805,7.84958185205119,515.5655294537748,524.604216901617,9.038687447842108,7.396504650775076,538.8404043645543,547.4175911245613,8.577186760007066,7.307867439006769,572.8769132968939,557.7290968710461,-15.14781642584785,7.7380214913898975,29.425837802248303,36.134515587003065,6.708677784754762,6.812825016669743,52.700712713027826,58.947889809947426,6.2471770969196,7.874717232480579,86.73722164536754,69.25939555643214,-17.4778260889354,9.03193322167677,23.274874910779523,22.813374222944354,-0.4615006878351693,7.358987241142095,57.31138384311923,33.124879969429074,-24.186503873690157,8.771032164259891,34.036508932339714,10.311505746484716,-23.725003185854998,8.366847529999536
escs,LTU,36,444.3861012935381,460.6551979361904,16.2690966426523,5.189477682638552,468.464358283118,480.64280788860253,12.178449605484559,5.222318910027999,498.88074278338524,511.18216474618873,12.301421962803488,5.535048168117334,532.1442867230609,522.8121119891973,-9.332174733863553,5.792817455779418,24.078256989579945,19.98760995241205,-4.090647037167894,5.021870163586909,54.494641489847254,50.526966809998335,-3.967674679848919,5.574174518810467,87.7581854295228,62.15691405300679,-25.60127137651601,6.220985895669745,30.416384500267306,30.539356857586284,0.12297235731897871,5.2570772722031975,63.67992843994284,42.16930410059474,-21.510624339348098,5.82537280482714,33.26354393967554,11.629947243008456,-21.633596696667087,5.192236046032147
escs,LVA,36,460.64228616841194,448.858861181014,-11.78342498739795,5.382000233706665,481.2712817716714,473.08909394924484,-8.182187822426556,5.715226136332838,503.31932640909343,490.67095800155386,-12.648368407539579,5.753178452346302,533.4242951012938,507.0412110358079,-26.383084065485832,5.3099376988738465,20.62899560325942,24.230232768230866,3.6012371649714474,5.2094013890866835,42.67704024068156,41.81209682053982,-0.8649434201417421,5.516278517469402,72.78200893288182,58.18234985479396,-14.59965907808786,5.864902277699653,22.048044637422144,17.58186405230895,-4.466180585113193,5.875807254027499,52.1530133296224,33.9521170865631,-18.200896243059297,5.80748302281211,30.10496869220026,16.370253034254148,-13.734715657946111,5.886484209001309
escs,MEX,36,379.5051528896229,383.0085266211662,3.50337373154332,4.759704221093591,398.2439754800042,406.835380601519,8.591405121514754,5.073157400720391,414.4599969969604,420.2016716775972,5.741674680636777,6.106098610698558,447.4065402650332,450.86639106088194,3.4598507958487517,6.817114971978347,18.738822590381353,23.82685398035274,5.088031389971388,4.549986770353271,34.95484410733746,37.193145056430986,2.238300949093528,5.5343995795343215,67.90138737541031,67.85786443971571,-0.043522935694596754,6.730181773348855,16.216021516956108,13.366291076078245,-2.849730440877863,5.44042746941405,49.16256478502898,44.03101045936298,-5.131554325665995,6.902654518395677,32.946543268072865,30.66471938328474,-2.2818238847881247,6.465519499364215
escs,NLD,36,440.7565838473467,438.6222603296245,-2.13432351772218,7.810120356495434,465.46145510818303,473.70532288119176,8.24386777300873,7.641712614719648,511.56174651248165,512.7390826055598,1.1773360930781678,7.33957800623236,551.0566759943384,543.5488966376635,-7.507779356674973,6.8383446550582265,24.704871260836292,35.08306255156727,10.378191290730975,6.6506911542342815,70.80516266513486,74.1168222759352,3.3116596108003478,8.496748155789241,110.30009214699166,104.92663630803895,-5.373455838952708,9.341167050715821,46.100291404298574,39.033759724367926,-7.066531679930648,7.105252328604689,85.59522088615537,69.84357375647167,-15.751647129683704,8.268604277140792,39.494929481856815,30.80981403210375,-8.685115449753066,6.969000243187534
escs,NOR,36,435.9029370008002,432.0633965706884,-3.8395404301118106,5.461206661275402,469.3110452781565,469.1784187311356,-0.13262654702089094,5.746367192917718,495.14756319769424,495.80806586650294,0.6605026688087037,5.89336921982185,525.7300373442574,508.7741088817929,-16.9559284624645,6.170663268774441,33.40810827735625,37.115022160447175,3.7069138830909267,5.860305800349107,59.24462619689393,63.74466929581454,4.500043098920607,6.2047150482714715,89.82710034345712,76.71071231110454,-13.116388032352575,6.547343155891617,25.83651791953769,26.629647135367367,0.7931292158296763,6.0197611442702295,56.41899206610087,39.595690150657376,-16.823301915443494,6.057441974831463,30.58247414656318,12.966043015290007,-17.616431131273174,6.109281319883093
escs,NZL,36,452.63233009579454,472.95969112150595,20.32736102571141,5.694888292758487,497.82256111365894,503.53359438091366,5.71103326725472,6.296656990140209,528.5855378531309,540.713601225441,12.12806337231018,6.261516356634641,558.6491756701495,562.3145973945636,3.665421724414159,5.554263730267383,45.19023101786435,30.573903259407633,-14.616327758456716,5.625275304584497,75.95320775733616,67.75391010393503,-8.199297653401132,6.502594479656584,106.01684557435479,89.3549062730576,-16.661939301297195,6.573371429369576,30.76297673947181,37.1800068445274,6.417030105055588,6.822549774631747,60.82661455649045,58.78100301364996,-2.04561154284049,7.205540331010378,30.063637817018638,21.60099616912256,-8.462641647896078,6.9640123196754065
escs,POL,36,454.526278807555,458.63363096163846,4.107352154083458,5.542736729985217,487.0124293142758,483.4321788155168,-3.5802504987589714,5.867714899927688,512.7225162305934,517.8752432848612,5.152727054267757,6.15488843504819,548.881985886773,540.367575275728,-8.514410611045037,6.110365523170412,32.48615050672086,24.79854785387829,-7.687602652842571,5.085713034750203,58.196237423038426,59.24161232322276,1.0453749001843349,5.992213787995289,94.35570707921813,81.73394431408948,-12.62176276512865,6.994477336664621,25.71008691631757,34.44306446934447,8.732977553026899,5.470765931569157,61.86955657249725,56.93539646021119,-4.934160112286065,6.299176949858588,36.15946965617969,22.492331990866717,-13.667137665312971,5.741570220485741
escs,PRT,36,444.68340688645776,442.2321073044518,-2.4512995820059587,6.1798668957536975,467.93376695365316,469.501120493544,1.5673535398908598,6.666634120323629,492.1997098114434,496.90914720551353,4.7094373940701075,6.796423238433096,536.5954399054873,533.7627976971023,-2.832642208384982,6.294922427643748,23.250360067195338,27.269013189092185,4.018653121896847,5.356714010559574,47.51630292498568,54.67703990106171,7.160736976076031,5.918832685967746,91.91203301902954,91.53069039265041,-0.38134262637912286,6.788085984187601,24.265942857790343,27.408026711969523,3.1420838541791802,6.181396248358431,68.66167295183418,64.26167720355822,-4.3999957482759555,6.502203016739762,44.395730094043834,36.8536504915887,-7.542079602455132,6.167395209499527
escs,SVK,36,389.6756825142339,421.200213294718,31.5245307804841,7.105925717765371,453.37458419735503,467.4508854578452,14.07630126049014,6.265459831408309,479.4939583484537,494.16150477589815,14.66754642744445,6.63958367513115,527.4937869920557,535.6626196798519,8.168832687796225,6.79462730008248,63.698901683121164,46.2506721631271,-17.448229519994065,6.490412515931398,89.81827583421986,72.96129148118015,-16.856984353039707,7.962571953709707,137.81810447782192,114.46240638513386,-23.35569809268806,8.973458721766548,26.11937415109869,26.710619318053055,0.5912451669543657,6.284110011475498,74.11920279470071,68.21173422200675,-5.907468572693958,7.6833525460038485,47.99982864360202,41.5011149039537,-6.498713739648323,6.064392618695063
escs,SVN,36,455.1500942522809,450.1273700614811,-5.022724190799806,5.239609122640012,485.3625931426562,475.9541725718124,-9.40842057084376,5.179213501198529,516.7160398280936,513.409909629479,-3.3061301986145963,5.0880941076743165,546.3405964008579,521.8038439865346,-24.536752414323246,5.064468970893691,30.21249889037525,25.82680251033134,-4.38569638004391,5.790342432512689,61.56594557581268,63.28253956799792,1.7165939921852456,5.5140343825810465,91.190502148577,71.67647392505356,-19.51402822352344,5.998845133706374,31.353446685437426,37.455737057666596,6.10229037222917,5.679345850902396,60.97800325820174,45.8496714147222,-15.128331843479536,5.991122331705267,29.624556572764313,8.393934357055604,-21.230622215708706,5.945449512434362
escs,SWE,36,440.4773547440294,439.1128748426155,-1.3644799014139153,5.664131679653385,476.4116333936139,480.10391230867634,3.6922789150624453,6.208095233226644,515.3857069914495,521.0634528261046,5.67774583465507,6.4176834909407585,553.0497597596077,531.7516206431312,-21.298139116476477,6.4987710046093765,35.934278649584485,40.991037466060945,5.05675881647646,5.544362857204799,74.90835224742008,81.9505779834891,7.042225736069014,6.377807923950364,112.57240501557825,92.63874580051575,-19.933659215062505,7.102798595213919,38.974073597835584,40.95954051742816,1.9854669195925752,6.200711484316078,76.63812636599378,51.6477083344548,-24.990418031538987,7.005798107611917,37.66405276815821,10.688167817026635,-26.975884951131572,5.868388403571887
escs,TUR,36,446.690526522478,463.6881478686506,16.997621346172593,5.333178541764685,462.1938557548172,483.9469534997852,21.753097744967988,5.156572415762022,474.7485851755561,496.62693862171574,21.878353446159622,5.773702966701618,520.3708621377016,544.7795273227694,24.408665185067775,6.113031360142186,15.503329232339194,20.258805631134702,4.755476398795508,5.148108527856514,28.0580586530781,32.93879075306518,4.880732099987078,5.921030881425833,73.68033561522364,81.09137945411881,7.411043838895168,6.916259522473683,12.554729420738903,12.679985121930475,0.1252557011915716,5.015642078951927,58.17700638288444,60.8325738229841,2.6555674400996594,6.197566742472756,45.622276962145534,48.15258870105363,2.5303117389080967,6.304175186506596
escs,USA,36,450.91915351922796,456.90206717555776,5.982913656329799,8.534961307976918,480.37876706796726,485.0691146091564,4.690347541189112,9.512223075448945,510.30793567333313,512.6898061022699,2.381870428936793,14.382693835573873,559.1403354369678,561.3277753077996,2.1874398708317813,17.295686888901717,29.459613548739178,28.16704743359861,-1.2925661151405663,10.411107773886522,59.38878215410507,55.78773892671209,-3.601043227392985,13.881602517100106,108.2211819177398,104.42570813224188,-3.7954737854979186,17.932254401615136,29.92916860536589,27.62069149311348,-2.3084771122524117,14.192857739473467,78.7615683690006,76.25866069864325,-2.502907670357345,17.29614175184013,48.83239976363471,48.63796920552978,-0.19443055810493348,14.27475827823638
escs,OECD,36,441.6792331764144,446.68598766781696,5.006754491402546,3.225224951800129,473.48653693006355,477.03035142563624,3.54381449557269,3.2669194542033657,500.9272322431537,505.63557727991275,4.708345036759056,3.2431036873098034,537.8488788851946,530.1455293094884,-7.70334957570617,3.2711324826138792,31.807303753649148,30.344363757819274,-1.462939995829874,1.0257471048155142,59.24799906673936,58.94958961209579,-0.2984094546435685,1.0813615461005837,96.16964570878022,83.45954164167158,-12.710104067108645,1.2464506269109827,27.44069531309021,28.60522585427652,1.1645305411863092,1.0317932655089972,64.36234195513109,53.11517788385231,-11.247164071278775,1.1589000472151874,36.921646642040876,24.50995202957579,-12.411694612465087,1.0722693089872068
escs_h,AUS,36,460.5146892997047,464.8611742952893,4.346484995584603,5.260461735711791,493.26488895822047,501.1494903574744,7.884601399253938,5.03804319274456,530.1688566746553,533.8647261688016,3.6958694941462227,5.061834801565929,552.2015087055835,554.1638459517153,1.962337246131824,5.1126526453369125,32.750199658515804,36.28831606218513,3.538116403669328,5.141672604938872,69.65416737495062,69.00355187351234,-0.6506155014382813,5.170653879715982,91.68681940587878,89.30267165642597,-2.384147749452808,5.640402673322302,36.903967716434806,32.71523581132719,-4.188731905107616,4.515069724927496,58.93661974736297,53.01435559424084,-5.9222641531221285,4.994044616042375,22.03265203092816,20.299119782913646,-1.7335322480145123,4.236256651030926
escs_h,AUT,36,434.1870886139448,446.1092427028217,11.92215408887688,6.305492088407487,477.92713901230854,490.7519126112953,12.82477359898678,6.696107058758026,517.4590790160711,521.252564104594,3.793485088522857,5.293858248310027,547.3922505288258,549.1419542858466,1.749703757020825,5.7765365378318885,43.74005039836375,44.642669908473565,0.9026195101098153,6.399171258712618,83.2719904021263,75.14332140177234,-8.128669000353966,5.684462507077255,113.20516191488093,103.03271158302502,-10.172450331855913,6.298637081313356,39.531940003762564,30.50065149329879,-9.031288510463774,6.35363928789882,69.4651115165172,58.390041674551455,-11.075069841965743,6.041631891635607,29.93317151275462,27.88939018125267,-2.0437813315019504,5.1785273707687764
escs_h,BEL,36,436.3791040999443,448.9190976258113,12.539993525866976,6.194042621118958,473.4822895027793,479.6426622739056,6.160372771126333,5.997770536823334,514.9880799204569,523.6157034936707,8.627623573213782,6.504985315115804,545.209687720816,549.1335089959298,3.9238212751138235,5.485220454448229,37.10318540283505,30.72356464809429,-6.379620754740763,5.9732541610548395,78.60897582051261,74.69660586785935,-3.9123699526532647,6.820693424693473,108.83058362087169,100.21441137011848,-8.616172250753209,6.639582311050218,41.505790417677574,43.97304121976506,2.4672508020874844,5.818153643545228,71.72739821803664,69.4908467220242,-2.2365514960124386,6.105761105330816,30.22160780035906,25.517805502259137,-4.703802298099923,5.9125340407815346
escs_h,CAN,36,480.4565027707346,477.8399712029459,-2.616531567788684,4.802069922989332,505.57061687598315,509.1676601038174,3.597043227834263,4.8934432103914105,531.9047391242923,536.6932194128524,4.788480288560095,4.647917413519862,549.7093878997182,546.2016789974626,-3.5077089022555583,5.368288143083793,25.114114105248586,31.327688900871458,6.213574795622872,4.361366415446243,51.44823635355779,58.8532482099064,7.405011856348608,4.541026168087781,69.25288512898369,68.3617077945167,-0.8911773344669882,5.289012367852084,26.334122248309193,27.525559309034936,1.1914370607257432,3.984306502433843,44.13877102373511,37.03401889364525,-7.104752130089857,4.8157159601064885,17.804648775425914,9.508459584610318,-8.296189190815596,4.362941000511898
escs_h,CHE,36,451.0943788531584,455.5710315001852,4.47665264702681,5.894355823429604,486.3318918586063,491.88407499311114,5.552183134504844,6.19970326242477,523.8693039670623,525.5455559308025,1.676251963740242,5.912081999492564,558.0631614946655,559.8819157964411,1.818754301775698,5.720866755819267,35.23751300544798,36.31304349292595,1.0755304874779696,6.018488712145698,72.77492511390389,69.97452443061727,-2.8004006832866253,6.05742270576711,106.96878264150719,104.31088429625595,-2.6578983452512404,6.829214624715237,37.53741210845591,33.66148093769132,-3.875931170764588,5.639156481831773,71.7312696360592,67.99784080332999,-3.733428832729203,6.1909866014218045,34.19385752760329,34.33635986563869,0.14250233803539913,5.922405987200961
escs_h,CHL,36,412.9576044403646,413.6895495984519,0.7319451580872851,6.106943862237379,433.4406491007761,433.04533010137794,-0.39531899939817094,5.758332594479171,451.5114761488662,448.9553735812816,-2.5561025675846167,5.77390888611854,487.05422776235855,494.37476062107555,7.3205328587170015,6.360847825963963,20.483044660411622,19.35578050292611,-1.127264157485513,5.773138731170319,38.553871708501646,35.265823982829644,-3.2880477256720013,6.230893159308262,74.09662332199402,80.68521102262372,6.588587700629702,7.313468486443857,18.070827048090024,15.910043479903539,-2.160783568186485,5.419287038284292,53.613578661582395,61.32943051969761,7.715851858115215,6.2822901513464595,35.542751613492364,45.419387039794074,9.87663542630171,6.2505418264872565
escs_h,COL,36,377.596521847616,377.6158168778952,0.01929503027923829,5.373934337896819,397.1762047579416,404.86081964427547,7.684614886333861,6.076768634734849,416.15100849270027,424.19102446536664,8.040015972666367,7.17574589049133,462.37246824061856,472.3361905747599,9.963722334141323,10.384423026686925,19.579682910325612,27.24500276638026,7.665319856054648,5.823206431187777,38.55448664508433,46.57520758747141,8.02072094238708,6.802409239645164,84.77594639300257,94.72037369686464,9.94442730386207,10.920886100557745,18.974803734758716,19.330204821091154,0.3554010863324386,5.359774204737015,65.19626348267698,67.47537093048437,2.279107447807391,9.740279839674574,46.22145974791825,48.14516610939323,1.9237063614749772,9.44878703679474
escs_h,CZE,36,443.0537858069225,442.78468351937124,-0.2691022875512772,6.055221309637029,488.5072387971865,481.7669408384726,-6.740297958713938,5.449515743250797,509.5298115222264,504.8906971434523,-4.639114378774082,6.0514104803306035,551.962649355104,545.1686313326265,-6.794018022477417,6.4207604984175255,45.45345299026401,38.98225731910135,-6.471195671162661,5.386005119452542,66.47602571530388,62.10601362408105,-4.370012091222826,5.907169125060317,108.90886354818149,102.38394781325526,-6.524915734926225,7.7788072765211345,21.02257272503986,23.123756304979707,2.101183579939846,5.407763660299799,63.45541055791749,63.40169049415391,-0.05372006376357774,6.05609271015864,42.43283783287763,40.2779341891742,-2.1549036437034275,6.608446951649927
escs_h,DEU,36,447.4481047594947,436.57644049165003,-10.871664267844665,6.642370912002212,482.3080041266773,483.95366471968464,1.6456605930073351,8.482558100997984,512.2726223645462,517.9753297399604,5.702707375414207,6.459593553911676,555.2435002715823,562.3141262633351,7.070625991752763,7.4840027221172765,34.85989936718264,47.37722422803453,12.517324860851886,8.067648163638761,64.82451760505151,81.39888924831035,16.574371643258843,6.751424147641549,107.79539551208764,125.73768577168502,17.942290259597385,8.09150937235181,29.96461823786886,34.02166502027583,4.0570467824069745,7.581887340607571,72.93549614490502,78.36046154365052,5.424965398745499,8.510108419966771,42.970877907036154,44.33879652337468,1.3679186163385282,6.814312315760964
escs_h,DNK,36,454.49380326939337,441.65360876891043,-12.840194500482937,5.925198515684884,488.2786080481918,472.6268045597458,-15.651803488446035,6.287161095500238,514.593262652373,504.5753504041242,-10.01791224824882,6.029272276367213,522.4510408852831,517.9031202864975,-4.547920598785595,6.355950785584195,33.78480477879849,30.973195790835398,-2.8116089879630906,6.109928619333823,60.09945938297973,62.92174163521382,2.822282252234089,6.4276905160364874,67.95723761588975,76.24951151758708,8.292273901697328,6.931413949779776,26.314654604181236,31.948545844378422,5.633891240197187,6.5937597651341004,34.172432837091264,45.276315726751676,11.103882889660412,6.497515821178842,7.857778232910027,13.327769882373252,5.469991649463225,6.651132166900423
escs_h,ESP,36,450.5544357664745,440.53602949251854,-10.018406273955975,4.776774692592371,473.4357140322476,468.387373048689,-5.048340983558546,4.596698099126645,497.2115177796506,496.6276412854544,-0.583876494196204,4.611285923173501,521.433691589998,519.5089301784512,-1.9247614115467968,4.543106105337407,22.881278265773137,27.851343556170555,4.970065290397418,3.8057494054143843,46.6570820131762,56.09161179293587,9.434529779759671,4.093489648334853,70.87925582352352,78.97290068593256,8.093644862409036,4.308556956181634,23.775803747403064,28.240268236765314,4.46446448936225,3.59297933780255,47.99797755775038,51.12155712976202,3.1235795720116357,4.181103867129999,24.222173810347318,22.8812888929967,-1.3408849173506177,3.7019387654537472
escs_h,EST,36,493.6288502907153,489.710366126753,-3.9184841639623187,5.338363542290371,511.9313840237959,515.716359856536,3.7849758327400878,5.543950050315634,537.4462882870041,546.7931853641085,9.346897077104359,5.544040767412808,562.625091248753,562.6270554552011,0.0019642064480649424,5.815118188380202,18.30253373308067,26.005993729782876,7.7034599967022075,5.372790496857222,43.817437996288845,57.08281923735551,13.265381241066663,5.429059029576781,68.9962409580379,72.91668932844814,3.9204483704102415,6.090338695607621,25.514904263208177,31.076825507572643,5.561921244364466,5.119572744336652,50.69370722495724,46.91069559866527,-3.783011626291966,5.699299676411196,25.178802961749057,15.833870091092626,-9.34493287065643,5.332921578262536
escs_h,FIN,36,474.9374953459911,467.34962188088383,-7.587873465107293,5.411815473907334,496.62547178414206,496.0071989448268,-0.6182728393152388,6.0662714409242895,527.8159884032419,528.7330581910253,0.9170697877833618,5.556655966937762,553.0726719389061,552.5905492552114,-0.4821226836946835,5.613606777885076,21.687976438150958,28.657577063942988,6.9696006257920295,5.734729333302226,52.878493057250736,61.38343631014148,8.50494325289074,5.38415398859222,78.13517659291506,85.24092737432758,7.1057507814125245,5.337194778768191,31.19051661909979,32.72585924619848,1.535342627098693,5.75699558414038,56.4472001547641,56.583350310384596,0.13615015562049848,5.9162027238597314,25.25668353566431,23.857491064186114,-1.3991924714781945,5.5179244136329615
escs_h,FRA,36,434.9088025078245,441.8192901692879,6.910487661463435,6.231949413812775,472.8150144530693,475.0362815674428,2.221267114373518,6.552082902717961,503.908715808705,507.5413101737857,3.632594365080706,6.962265556644082,545.9272379893185,546.3008874372184,0.3736494478998793,6.2083812753675245,37.90621194524489,33.21699139815496,-4.689220547089931,6.816395714207851,68.99991330088055,65.72202000449788,-3.277893296382672,6.826164035045457,111.0184354814941,104.48159726793055,-6.5368382135635414,7.122140568767725,31.09370135563567,32.505028606342925,1.4113272507072558,6.307314723887247,73.11222353624919,71.2646058697756,-1.847617666473596,6.401598333191322,42.018522180613516,38.75957726343266,-3.2589449171808553,6.155346641511509
escs_h,GBR,36,466.73548080424143,477.94971316196734,11.214232357725905,6.160323258518745,490.89859568412766,507.14398985544597,16.24539417131831,5.595143947916693,517.2007045690733,530.0063715190647,12.805666949991405,6.075363799541227,548.3011378429896,560.6696930377682,12.368555194778537,7.196101746468696,24.16311487988624,29.194276693478635,5.031161813592394,6.509029871946992,50.46522376483194,52.05665835709751,1.5914345922655713,6.941441227326525,81.56565703874816,82.71997987580099,1.1543228370528311,8.03708980265246,26.3021088849457,22.862381663618883,-3.439727221326816,6.378617413273559,57.40254215886191,53.525703182322346,-3.8768389765395668,7.420621430720477,31.100433273916224,30.66332151870346,-0.437111755212765,6.902980646652042
escs_h,GRC,36,407.2236646125955,398.69211326041136,-8.531551352184124,6.386999859822226,428.77517629264776,424.2602852696741,-4.514891022973643,5.991091861542009,450.52709561429555,454.54638169987163,4.019286085576084,6.773254862833408,480.5966548951604,477.8490331558134,-2.7476217393469824,6.478002552492903,21.551511680052318,25.56817200926281,4.016660329210492,6.4923033176352,43.303431001700076,55.85426843946036,12.550837437760286,6.559273733278523,73.37299028256498,79.15691989540217,5.783929612837184,7.3265244865200705,21.751919321647755,30.286096430197546,8.534177108549791,6.250310822455314,51.82147860251266,53.588747886139366,1.7672692836267032,5.924369673921967,30.06955928086491,23.302651455941817,-6.766907824923095,6.329799653282715
escs_h,HUN,36,429.7887388482759,430.09317518128654,0.3044363330106421,6.516475996197169,466.5903882016081,468.33536073759996,1.7449725359918489,5.871340183930814,506.48279813263497,500.48212501224623,-6.00067312038874,6.602828070060938,545.3381828453157,534.1950852900956,-11.143097555220152,6.923294307737818,36.80164935333217,38.242185556313345,1.4405362029811783,6.319007576850316,76.69405928435904,70.38894983095972,-6.305109453399325,7.41049972643222,115.54944399703979,104.10191010880901,-11.44753388823078,8.208325465165286,39.89240993102686,32.14676427464637,-7.745645656380489,6.064999780548511,78.74779464370764,65.85972455249566,-12.888070091211972,7.369039140712753,38.85538471268076,33.7129602778493,-5.142424434831462,6.920100030521313
escs_h,IRL,36,469.80110667848413,464.00183117698145,-5.799275501502677,5.615982828254191,492.7992945374308,487.28717653935155,-5.512117998079248,5.5631685630040835,516.3605211840484,518.4438488751082,2.0833276910598215,5.554257244526561,540.4289434860332,539.1528824280965,-1.2760610579366585,5.391284445169956,22.998187858946658,23.28534536237019,0.28715750342353275,5.2825593278215,46.55941450556417,54.442017698126776,7.882603192562605,5.698988194992877,70.62783680754895,75.15105125111532,4.523214443566374,5.540230382700609,23.561226646617513,31.156672335756593,7.59544568913908,5.531935501156372,47.62964894860229,51.865705888745126,4.236056940142838,5.570056182054253,24.068422301984775,20.709033552988537,-3.3593887489962384,5.286804228201611
escs_h,ISL,36,407.05779418204685,413.11784049465524,6.060046312608392,5.823502190166111,442.004110515404,445.2525125817209,3.248402066316885,6.252575698079224,466.9197948325538,467.3223634711665,0.4025686386127063,5.97949191740691,475.83848370656125,483.1079406232626,7.269456916701358,5.994450758207177,34.94631633335719,32.134672087065674,-2.8116442462915145,7.491330560382356,59.8620006505069,54.20452297651133,-5.657477673995572,7.370717277339736,68.7806895245144,69.99010012860734,1.2094106040929375,7.276510807651847,24.915684317149715,22.069850889445654,-2.8458334277040613,7.688036957744637,33.834373191157205,37.85542804154167,4.021054850384466,7.226878881182552,8.91868887400749,15.785577152096016,6.866888278088526,7.285684554298137
escs_h,ISR,36,412.6709143220319,413.0647662439686,0.39385192193674357,6.4244068058835335,456.1482825612732,449.8996978173083,-6.248584743964898,6.91275749012533,497.9921166518394,485.82758968303915,-12.16452696880026,7.619999380828029,514.8949143619299,501.2101865858693,-13.684727776060583,6.7061577914920685,43.47736823924136,36.83493157333963,-6.642436665901727,6.920459461794826,85.3212023298076,72.76282343907049,-12.558378890737117,7.773751741236804,102.22400003989803,88.14542034190063,-14.078579697997398,7.505159114974483,41.84383409056625,35.92789186573085,-5.915942224835398,6.830684239793768,58.74663180065668,51.310488768560994,-7.436143032095686,7.0305830696556315,16.902797710090436,15.38259690283014,-1.520200807260295,6.8688470938607
escs_h,ITA,36,439.6367794721981,444.2343339647221,4.5975544925240115,5.904300768055372,469.1920310932013,474.3516353097697,5.159604216568368,5.834192721115689,488.71037056073527,498.7545276768507,10.044157116115457,6.439129897256818,516.6832372247624,524.4925142630293,7.809277038266941,6.667543445376548,29.555251621003112,30.11730134504752,0.5620497240444067,5.230352902924979,49.07359108853704,54.520193712128574,5.446602623591531,6.557172283637307,77.04645775256424,80.2581802983071,3.211722545742859,6.988153306588317,19.518339467533934,24.40289236708106,4.884552899547124,5.736998895349219,47.491206131561114,50.14087895325958,2.6496728216984664,6.289092171589092,27.97286666402718,25.737986586178522,-2.2348800778486577,5.354262198634686
escs_h,JPN,36,514.9748762563099,500.95661716795394,-14.01825908835599,8.095260917353343,541.1769335957466,529.4750879176223,-11.7018456781243,6.0508859071408585,558.0745118058181,554.6545331875652,-3.4199786182529124,6.603305196717132,575.3262185636376,579.0482684050531,3.7220498414155827,7.365897182493722,26.202057339436728,28.518470749668307,2.316413410231579,6.917700365759966,43.09963554950832,53.69791601961151,10.598280470103191,7.824206056398032,60.351342307327585,78.09165123709923,17.740308929771643,9.255334457373307,16.897578210071593,25.17944526994321,8.281867059871615,5.72532304608241,34.14928496789086,49.57318048743092,15.42389551954006,6.911487747900578,17.25170675781926,24.39373521748771,7.142028459668449,6.081705593271318
escs_h,KOR,36,496.732845527714,487.2415058737706,-9.491339653943385,7.86759366595313,513.4892838342441,525.2059766550519,11.716692820807793,6.697112987407411,538.5639754611633,548.0253555298432,9.461380068679887,7.158513347630048,566.7034896662868,557.6884050848478,-9.015084581439055,7.496571129978381,16.75643830653023,37.96447078128135,21.208032474751118,6.952333266533505,41.83112993344939,60.783849656072604,18.952719722623215,7.822808294921174,69.97064413857292,70.44689921107724,0.47625507250431554,9.105466826410433,25.07469162691916,22.819378874791266,-2.255312752127896,6.157878476332042,53.214205832042694,32.48242842979588,-20.731777402246813,7.189012550173909,28.139514205123533,9.663049555004614,-18.47646465011892,7.281654940168941
escs_h,LTU,36,447.1102205933572,459.1330868626772,12.02286626931999,5.209089116744566,472.4196534137508,481.4490164809179,9.02936306716714,5.241628002885754,501.00037669005434,510.04580680868764,9.045430118633305,5.4855097739872285,523.7345704703237,525.1887855497018,1.454215079378173,5.909309375673413,25.309432820393674,22.31592961824063,-2.993503202153043,5.214766962886994,53.89015609669711,50.91271994601048,-2.9774361506866285,5.465889747324633,76.62434987696642,66.05569868702446,-10.56865118994196,6.344226551165431,28.580723276303434,28.59679032776985,0.01606705146641474,5.1242421900891255,51.314917056572746,43.73976906878384,-7.5751479877889025,5.6804110828132375,22.73419378026931,15.14297874101399,-7.591215039255321,5.710829857050902
escs_h,LVA,36,463.81094359959553,447.7956354634777,-16.015308136117824,5.45576812695882,481.7158592912766,467.03608119137834,-14.679778099898272,5.912119275371911,504.4483057996896,496.8402018480657,-7.608103951623889,5.381464815045315,529.13672308228,508.21084514918164,-20.925877933098377,5.394146727221542,17.90491569168112,19.240445727900617,1.3355300362194988,5.342756428874478,40.6373622000941,49.04456638458798,8.407204184493878,5.661549763190496,65.32577948268451,60.415209685703964,-4.910569796980546,5.936219059083287,22.732446508412984,29.80412065668736,7.071674148274376,5.752701785886895,47.420863791003384,41.174763957803336,-6.246099833200049,5.664334932717917,24.688417282590404,11.370643301115972,-13.317773981474431,5.903846658478536
escs_h,MEX,36,382.030652200271,382.9312791874612,0.9006269871902077,4.787682792900617,397.72491076271933,405.2140623288034,7.489151566084047,5.01381857340332,414.04991556710013,421.8340102581286,7.784094691028486,5.598738256673439,446.4459153592953,451.7663890815467,5.320473722251393,6.933984089766149,15.694258562448386,22.282783141342172,6.588524578893786,4.508835482993521,32.019263366829165,38.9027310706674,6.883467703838235,5.137608887263993,64.41526315902433,68.83510989408549,4.4198467350611566,6.885990650794913,16.32500480438078,16.619947929325225,0.29494312494444586,4.424395136311471,48.72100459657595,46.55232675274331,-2.16867784383264,6.942630245319161,32.39599979219517,29.932378823418087,-2.4636209687770823,6.008638086242909
escs_h,NLD,36,445.31466857134876,445.53756810621917,0.22289953487040748,8.051442330893682,466.8728797559319,474.42696491633205,7.554085160400177,7.876922993677674,514.3221404013603,516.4719140488321,2.1497736474717613,8.240540935066132,542.7191803253619,542.9985347349744,0.27935440961255154,6.649369871861874,21.558211184583218,28.889396810112856,7.331185625529638,7.436511433273741,69.00747183001161,70.93434594261302,1.9268741126014106,10.394090713927904,97.40451175401324,97.46096662875519,0.056454874741945105,9.033798879633434,47.449260645428396,42.044949132500165,-5.404311512928231,7.736751582233397,75.84630056943003,68.57156981864235,-7.274730750787683,8.373486166224748,28.397039924001643,26.526620686142177,-1.8704192378594655,8.846282830758199
escs_h,NOR,36,441.9935597262776,432.5607032583554,-9.43285646792225,5.620162958648201,470.9627078217609,464.7791668684972,-6.183540953263673,6.067692172439424,497.63136109346743,497.7784398367329,0.14707874326546744,5.8334500874214585,515.7137739955451,511.0818747187478,-4.631899276797299,5.937412491381551,28.969148095483302,32.21846361014187,3.2493155146585657,6.050332619122464,55.63780136718981,65.21773657837764,9.57993521118783,6.472079389985877,73.72021426926752,78.52117146039247,4.800957191124951,6.532467816766694,26.668653271706507,32.999272968235765,6.330619696529258,5.79942149332588,44.75106617378421,46.3027078502506,1.5516416764663887,6.576435322721018,18.082412902077703,13.30343488201483,-4.778978020062873,5.987418433902218
escs_h,NZL,36,456.7167344588068,471.3599616454002,14.643227186593379,6.105197569840575,498.5190915086272,505.2669812703988,6.747889761771603,6.012242197852805,532.0841909496461,536.8601423118923,4.775951362246246,5.825836264924983,551.7497956896844,566.5947029392398,14.844907249555376,5.646380949564121,41.802357049820415,33.907019624998625,-7.89533742482179,5.747437933056681,75.36745649083923,65.50018066649211,-9.867275824347118,6.808828132366598,95.03306123087773,95.23474129383958,0.2016800629618416,6.442929668507856,33.56509944101883,31.593161041493488,-1.9719383995253423,6.64688222941321,53.230704181057305,61.327721668840965,8.09701748778366,6.4894785322330995,19.665604740038475,29.73456062734747,10.068955887308995,6.770074167906154
escs_h,POL,36,460.5980003339263,456.21611232372305,-4.381888010203227,5.661359026329485,486.8742188746049,484.7252513065682,-2.148967568036653,5.770602740474348,512.9206497682195,519.349010952589,6.428361184369464,6.041193680539219,542.9285520250239,540.2855541046862,-2.6429979203377343,6.431524386150927,26.27621854067859,28.509138982845222,2.2329204421666304,5.343402367557741,52.322649434293204,63.13289862886593,10.810249194572727,5.842297028592113,82.33055169109772,84.06944178096315,1.7388900898654214,7.12899131834504,26.04643089361461,34.6237596460207,8.577328752406093,5.610396289919645,56.05433315041913,55.56030279811792,-0.49403035230121617,6.689991183083952,30.00790225680452,20.936543152097205,-9.071359104707316,5.943860317115007
escs_h,PRT,36,444.7134355153269,440.9235675048012,-3.7898680105257085,6.291434567746455,468.735683057844,469.85159451179413,1.1159114539501047,6.548179596453758,497.482088953726,496.3668892153855,-1.1151997383404932,6.641794940666057,531.1919187608852,535.5690253839932,4.377106623108034,5.982481811944129,24.022247542517153,28.928027006992913,4.90577946447576,5.006495206737448,52.768653438399085,55.44332171058441,2.674668272185322,5.964823767121059,86.47848324555832,94.64545787919197,8.166974633633643,6.496989990132287,28.746405895881928,26.515294703591497,-2.231111192290431,5.48777496130566,62.45623570304116,65.71743087219906,3.261195169157901,6.321364986471648,33.70982980715924,39.202136168607566,5.492306361448328,5.693370049929912
escs_h,SVK,36,401.8714612553251,420.97538108380024,19.10391982847517,6.917454157503001,450.8446560619085,468.2302694078873,17.38561334597881,6.431488500652028,479.6387761514203,495.4056884408927,15.766912289472373,6.135651737352393,522.4140665249839,537.2911725088377,14.877105983853767,6.9738546359456315,48.973194806583436,47.25488832408717,-1.718306482496267,6.325269546453882,77.76731489609523,74.43030735709252,-3.3370075390027125,7.530400665032884,120.54260526965902,116.31579142503747,-4.226813844621546,8.827401332658047,28.79412008951179,27.17541903300535,-1.6187010565064384,6.0758988777826355,71.56941046307557,69.0609031009503,-2.508507362125272,7.699306677539711,42.77529037356378,41.88548406794496,-0.8898063056188192,6.0023052786519795
escs_h,SVN,36,458.2455767496749,447.0804229630312,-11.165153786643714,5.305024622684111,488.59904890405113,473.6313567983275,-14.967692105723643,5.475860746136205,520.0162403534428,510.7170437036131,-9.29919664982964,5.256412632553072,536.8351308301322,530.6040936662666,-6.231037163865608,4.880097924037721,30.35347215437618,26.550933835296377,-3.8025383190798046,6.288218214092627,61.770663603767865,63.63662074058205,1.8659571368141883,5.835373878177972,78.58955408045725,83.5236707032355,4.934116622778248,5.9685377305564895,31.41719144939168,37.08568690528567,5.668495455893989,6.178807256529352,48.236081926081056,56.972736867939126,8.73665494185807,5.880783994961613,16.818890476689376,19.887049962653446,3.0681594859640704,6.001817767638495
escs_h,SWE,36,446.8043444229041,437.5492436273615,-9.255100795542603,5.9772686458172055,480.37293000574664,480.4489081287408,0.07597812299417228,6.0013677516229675,515.3402297306636,519.2736018218834,3.9333720912197805,6.280518807133487,543.6012422848522,535.6335471657924,-7.96769511905984,6.996664042519291,33.568585582842594,42.8996645013793,9.331078918536704,6.395554026022423,68.53588530775946,81.72435819452191,13.188472886762455,6.444697376293066,96.79689786194804,98.08430353843092,1.2874056764828765,7.733374674896282,34.96729972491687,38.82469369314261,3.857393968225743,5.864096871637774,63.228312279105445,55.184639037051625,-8.04367324205382,6.92219123611556,28.261012554188575,16.35994534390901,-11.901067210279564,6.617621348869242
escs_h,TUR,36,449.8461882436262,461.71157636736064,11.86538812373442,5.30790324337999,463.57102639641425,483.6451047962746,20.074078399860355,5.108595482263083,472.55354858025095,497.26862942977124,24.71508084952029,5.732033521472472,518.1865336081792,546.9575513004834,28.771017692304213,6.192145666434686,13.724838152788118,21.93352842891391,8.208690276125791,5.12453708170152,22.707360336624713,35.55705306241053,12.849692725785818,5.655619718295523,68.34034536455283,85.24597493312271,16.90562956856988,6.746311415361616,8.982522183836597,13.623524633496624,4.641002449660027,4.8480174943264815,54.61550721176472,63.31244650420881,8.696939292444085,6.7032403411227355,45.63298502792812,49.688921870712186,4.055936842784064,6.262181801807802
escs_h,USA,36,455.6663334850144,453.2173803700013,-2.448953115013069,8.250996428807964,481.1437349527461,486.0623386897587,4.918603737012575,9.58650322175807,511.28991724206344,512.0397240087319,0.7498067666684847,12.983630762843172,553.7883532286668,566.5656743022785,12.777321073611688,17.547872589800505,25.477401467731845,32.84495831975734,7.367556852025494,9.817571500630093,55.62358375704919,58.82234363873056,3.1987598816813687,12.575095799790269,98.12201974365247,113.34829393227722,15.226274188624743,18.416616530440475,30.146182289317345,25.977385318973216,-4.168796970344129,11.967915330822782,72.64461827592064,80.50333561251986,7.858717336599227,17.639433265597837,42.49843598660328,54.52595029354666,12.027514306943374,12.70816580534264
escs_h,OECD,36,445.8765413203231,445.3161038761711,-0.5604374441520008,3.2411043888618862,474.7368225681941,476.66598313888545,1.9291605706913515,3.2635494793238338,502.8455661181977,505.8213594110901,2.9757932928923765,3.232511358904743,531.590988733595,532.9946920808705,1.4037033472754956,3.271200515671753,28.860281247871058,31.349879262714335,2.4895980148432777,1.1309027054140013,56.96902479787457,60.50525553491891,3.5362307370443418,1.0475398596864824,85.71444741327191,87.67858820469937,1.9641407914274538,1.2534508318411766,28.10874355000351,29.155376272204574,1.046632722201064,0.9568218301779644,56.854166165400855,56.32870894198503,-0.5254572234158275,1.1845507696058515,28.74542261539734,27.173332669780457,-1.5720899456168844,1.0889568074415994
escs_pca,AUS,36,461.58192967316836,465.9557119054699,4.373782232301551,5.065379091937004,490.1416292295254,497.31049435218966,7.168865122664272,4.999241715481387,529.0651455100686,533.0493903232963,3.984244813227633,5.190688373045564,555.3746817744416,557.7367227581623,2.3620409837207035,5.091709793593197,28.559699556357025,31.3547824467198,2.7950828903627745,4.705511163807947,67.48321583690023,67.0936784178264,-0.3895374190738323,5.087391810630878,93.7927521012733,91.78101085269239,-2.011741248580904,5.493964327057564,38.92351628054321,35.7388959711066,-3.1846203094366103,4.519826868371379,65.23305254491626,60.42622840597257,-4.806824138943689,4.994235442853937,26.309536264373058,24.687332434865983,-1.6222038295070753,4.388633708651549
escs_pca,AUT,36,436.12408211893927,449.37100386178764,13.246921742848372,6.115827905913037,477.4914241833356,488.0919806511871,10.600556467851504,6.569733721751879,514.8387403599161,517.7466828211658,2.907942461249718,5.725903827082484,548.491604611002,552.0795117175057,3.587907106503735,5.68352120511451,41.367342064396226,38.72097678939951,-2.646365274996718,6.260571503980881,78.71465824097679,68.37567895937812,-10.338979281598668,5.74450489529537,112.36752249206265,102.70850785571812,-9.659014636344523,6.418436290175854,37.347316176580556,29.654702169978606,-7.69261400660195,6.237869266889802,71.00018042766642,63.98753106631864,-7.012649361347783,5.885770484935745,33.65286425108587,34.332828896340025,0.6799646452541523,5.319435024239173
escs_pca,BEL,36,436.6502854184845,451.28308956299225,14.632804144507759,6.081818246164333,472.4043037272237,475.4965872250367,3.092283497813014,5.826838952640093,513.4792311012634,520.7802943074282,7.301063206164827,6.421350984392917,547.514582194445,553.7446422999371,6.230060105492157,5.613746562013202,35.754018308739106,24.213497662044535,-11.54052064669457,5.841837544057039,76.82894568277877,69.49720474443595,-7.3317409383428185,6.757616956647808,110.8642967759605,102.4615527369449,-8.402744039015602,6.556807851318227,41.074927374039675,45.28370708239142,4.208779708351749,5.777620879613771,75.11027846722138,78.24805507490036,3.137776607678987,5.789962446409091,34.03535109318171,32.96434799250894,-1.071003100672769,5.514383519297567
escs_pca,CAN,36,480.93511219740606,477.81607118759183,-3.119041009814225,4.7282626211757055,504.60909690427286,506.40553905661864,1.7964421523457759,4.842555985649075,530.384214273602,534.7212672991767,4.337053025574733,4.668220603809664,551.7248954285542,550.9601610925092,-0.7647343360449668,5.307457966224184,23.673984706866825,28.58946786902671,4.915483162159884,4.250474560635095,49.449102076196056,56.90519611158485,7.456094035388794,4.387610483002238,70.78978323114822,73.14408990491751,2.354306673769287,5.146920501776214,25.77511736932923,28.31572824255814,2.5406108732289105,3.910727766949183,47.1157985242814,44.5546220358908,-2.5611764883906005,4.67910767625538,21.340681154952176,16.238893793332657,-5.101787361619518,4.255034813685683
escs_pca,CHE,36,452.0356954349785,456.3769600279538,4.341264592975335,6.05206684806524,483.55557667596634,488.2492282984746,4.693651622508241,6.011862768406964,523.5588631993454,524.6908594488144,1.1319962494690117,6.167128496087977,560.1794330712959,563.5587970049471,3.379363933651234,5.4540110372485495,31.519881240987804,31.87226827052077,0.3523870295329665,6.133290661253317,71.52316776436695,68.31389942086066,-3.209268343506281,6.468263218065557,108.14373763631738,107.18183697699332,-0.9619006593240584,6.8283649541188405,40.00328652337915,36.441631150339894,-3.561655373039258,5.319908731477137,76.62385639532958,75.30956870647256,-1.3142876888570214,6.049128730250487,36.62056987195042,38.86793755613265,2.2473676841822297,5.722366820925045
escs_pca,CHL,36,415.6874042856356,417.7337494849163,2.0463451992807222,6.151105151263202,433.27953835540166,429.32316265888096,-3.956375696520695,5.854356045876347,447.93698679691454,447.9707676978478,0.03378090093326591,6.326617117814513,488.0567828928139,495.0481248331712,6.991341940357302,6.091037704477921,17.592134069766,11.589413173964562,-6.002720895801438,6.047765477270211,32.24958251127891,30.237018212931485,-2.0125642983474243,6.72368191484259,72.36937860717825,77.31437534825496,4.944996741076707,7.317795514821495,14.657448441512907,18.647605038966923,3.990156597454016,6.395078661201901,54.77724453741225,65.72496217429038,10.947717636878131,6.058811027568506,40.11979609589935,47.07735713532346,6.957561039424107,6.3646582390759985
escs_pca,COL,36,379.3203578062811,382.43613916330594,3.1157813570248436,5.402763589604412,397.90154017293105,403.0839137870017,5.182373614070627,6.1841165653826184,414.4483069251834,421.86506666638695,7.4167597412035775,7.249387256697283,461.6039863556356,471.6272209117113,10.023234556075693,10.596566603566178,18.581182366649937,20.647774623695632,2.066592257045695,6.138265785606586,35.12794911890225,39.42892750308103,4.3009783841787765,6.763353112534993,82.28362854935448,89.19108174840524,6.907453199050764,11.203519556582421,16.546766752252314,18.781152879385395,2.2343861271330816,5.7858867134439285,63.702446182704534,68.54330712470963,4.840860942005094,9.883287804124766,47.15567943045222,49.762154245324226,2.6064748148720085,10.02687019283616
escs_pca,CZE,36,445.5803385611396,446.33269249707655,0.7523539359369238,5.977020695163997,486.60932797304196,478.8592525580587,-7.750075414983257,5.642207311251301,508.8789036162543,502.7489000757804,-6.130003540473922,6.127423549800339,551.990897114032,546.6714024990663,-5.31949461496572,6.437274003295334,41.02898941190234,32.52656006098224,-8.502429350920096,5.338636911493135,63.29856505511468,56.41620757870381,-6.882357476410867,5.965909816307367,106.41055855289228,100.33871000198981,-6.071848550902473,7.6872815527392335,22.26957564321234,23.889647517721574,1.6200718745092324,5.712348777100441,65.38156914098992,67.81214994100756,2.430580800017637,6.31266965811981,43.1119934977776,43.922502423285984,0.8105089255083868,6.909629653051617
escs_pca,DEU,36,449.1262409339218,440.172395531479,-8.953845402442766,6.54313806506842,482.8056871856321,482.9769142086978,0.17122702306568272,7.670787608693352,508.11855201558967,513.1227099084721,5.004157892882404,7.2931869601573,557.2370889708463,564.5874986507993,7.350409679952918,7.196550777937207,33.67944625171031,42.80451867721879,9.125072425508478,7.205510832566152,58.99231108166801,72.95031437699326,13.958003295325256,7.0185640770470545,108.11084803692454,124.41510311932034,16.304255082395798,8.025559622163783,25.312864829957682,30.14579569977447,4.8329308698167885,6.72375705804551,74.43140178521423,81.61058444210154,7.179182656887306,7.940542733802766,49.11853695525656,51.46478874232706,2.3462517870705,7.051179857160396
escs_pca,DNK,36,453.57104270669333,442.42025942383555,-11.150783282857788,5.798393246246171,487.2234530441742,473.175040234444,-14.048412809730223,6.637286324806725,514.9359000671259,499.5395922825775,-15.396307784548412,6.555504630565642,524.1035477760415,521.6155318477937,-2.488015928247819,6.399617832627989,33.65241033748079,30.754780810608384,-2.8976295268724037,6.8797628686243435,61.36485736043242,57.119332858741885,-4.245524501690532,5.910461507308361,70.5325050693481,79.19527242395813,8.662767354610025,7.249443360994698,27.71244702295163,26.364552048133497,-1.3478949748181321,7.615663546313578,36.88009473186732,48.440491613349735,11.560396881482419,7.20183831994262,9.167647708915684,22.07593956521624,12.908291856300554,7.291962747922187
escs_pca,ESP,36,451.4045828581487,442.46598484257646,-8.938598015572211,4.613726325049537,473.1484508469624,465.86772880999615,-7.280722036966267,4.597489462904429,494.80765180316894,495.6469573908424,0.8393055876734365,4.831031045586382,523.2721723436074,521.0717030344456,-2.2004693091618037,4.463561781025664,21.743867988813804,23.401743967419712,1.657875978605908,3.8045634059508386,43.40306894502022,53.18097254826591,9.77790360324569,4.1566649788724925,71.86758948545885,78.60571819186924,6.738128706410393,4.248748947892709,21.659200956206416,29.7792285808462,8.120027624639786,3.4119841942723,50.123721496645054,55.20397422444953,5.080252727804478,3.9965628502160726,28.464520540438638,25.42474564360333,-3.0397748968353078,3.9793441882717477
escs_pca,EST,36,494.6575717909679,489.8386210742733,-4.818950716694587,5.4194418559994775,510.6792169797224,513.3307302942233,2.6515133145008463,5.393447259357105,536.0981515624402,545.841358024617,9.743206462176772,5.633636542092742,564.2000131537645,565.8456722572349,1.6456591034703933,5.918269873072027,16.021645188754512,23.49210921994985,7.470464031195338,5.1793064270926825,41.44057977147227,56.00273695034355,14.562157178871274,5.723674022921496,69.54244136279654,76.00705118296153,6.464609820164995,6.266262702386202,25.41893458271776,32.51062773039369,7.091693147675933,5.115960720907748,53.52079617404202,52.51494196301168,-1.0058542110303392,5.640273128932765,28.10186159132426,20.00431423261798,-8.09754735870628,5.618320270773187
escs_pca,FIN,36,476.34005750381687,469.31169295234923,-7.028364551467632,5.474707003342381,493.74401017175103,491.8854147130727,-1.8585954586783373,5.639571967592347,526.3087107406195,527.1036409092887,0.7949301686692252,5.84894087416474,556.0414245703003,556.3790293320934,0.337604761793159,5.4238252404719995,17.40395266793418,22.57372176072341,5.1697690927892275,5.3163532000830935,49.968653236802666,57.791947956939474,7.823294720136808,5.482308837664025,79.70136706648353,87.06733637974416,7.365969313260635,5.693535918481105,32.56470056886849,35.218226196216065,2.6535256273475767,5.3036909669809065,62.297414398549336,64.49361461902076,2.1962002204714253,5.174778371151827,29.732713829680847,29.275388422804703,-0.4573254068761443,5.569336457013602
escs_pca,FRA,36,436.97248014690547,444.7620664562887,7.789586309383253,6.239778053603539,469.4798777639829,471.410411461252,1.9305336972690839,6.4293064198886665,503.62767447858613,505.4960952783207,1.8684207997345652,7.326538498554178,547.5189415165383,549.0543125959523,1.5353710794139488,6.039395943529825,32.507397617077494,26.64834500496326,-5.859052612114233,6.810528095542463,66.65519433168065,60.73402882203195,-5.921165509648695,6.954183340373398,110.54646136963288,104.29224613966362,-6.254215229969262,6.970701069134263,34.147796714603146,34.08568381706869,-0.0621128975344547,6.591743485297278,78.03906375255538,77.64390113470037,-0.39516261785500717,6.550399987552876,43.89126703795223,43.55821731763168,-0.33304972032055247,6.238635588382848
escs_pca,GBR,36,470.54780035294635,479.52773844414617,8.979938091199813,6.2176127302036415,487.0593012858694,503.0172536377945,15.957952351925087,5.682136443300889,515.5307982939928,528.4185899857944,12.887791691801567,6.080203328253699,549.9984192988015,564.8006798520311,14.80226055322953,7.280595377729831,16.51150093292305,23.489515193648383,6.978014260725335,6.720036337100873,44.982997941046385,48.89085154164824,3.907853600601854,7.0511172778962665,79.4506189458552,85.27294140788491,5.822322462029717,8.438945418807137,28.47149700812334,25.40133634799985,-3.070160660123488,6.153030248513115,62.939118012932134,61.783426214236535,-1.1556917986955995,7.641158469037321,34.467621004808805,36.38208986623668,1.9144688614278778,6.939602513518964
escs_pca,GRC,36,409.3895127537957,401.041185514434,-8.348327239361709,6.30873432245925,426.4250435739923,422.0742337158889,-4.350809858103389,6.024807804201712,447.3246175213517,452.26289075882306,4.938273237471378,6.58258276767513,483.974219172958,480.01334117179556,-3.9608780011624276,6.555175860212853,17.035530820196563,21.033048201454942,3.9975173812583797,6.434591462124694,37.93510476755595,51.22170524438909,13.286600476833144,6.67072726985372,74.58470641916229,78.97215565736161,4.3874492381993235,7.516268870364046,20.899573947359386,30.188657042934143,9.289083095574757,5.509171960789889,57.54917559896571,57.939107455906665,0.38993185694095445,5.907013122474518,36.64960165160633,27.75045041297252,-8.899151238633813,6.095240205968242
escs_pca,HUN,36,431.45613888241803,432.8309976290214,1.3748587466033655,6.261482867480195,464.97737065559056,466.06290842174894,1.0855377661583816,6.032565119235115,505.4290828184091,496.6838183997447,-8.745264418664362,6.747883764359507,546.3464820828401,537.5371966394171,-8.80928544342305,6.6884720162360285,33.521231773172545,33.23191079272749,-0.28932098044505494,6.197171368710181,73.97294393599114,63.85282077072336,-10.120123165267778,7.522293908211111,114.89034320042197,104.70619901039568,-10.184144190026288,7.877599791680324,40.45171216281859,30.620909977995858,-9.83080218482273,6.105219413531275,81.36911142724941,71.4742882176682,-9.894823209581205,7.351234982254977,40.91739926443083,40.85337823967234,-0.06402102475848892,6.541865570641071
escs_pca,IRL,36,470.46967704194765,464.77440554866655,-5.695271493281098,5.523962735145573,491.75372062267616,485.1998083831169,-6.553912239559281,5.757442849402874,516.0103001797667,516.8950199823701,0.8847198026033993,5.463129158180881,541.1370245512069,542.021031289256,0.8840067380491519,5.460070285382001,21.284043580728394,20.425402834450317,-0.858640746278077,5.427628228135051,45.54062313781895,52.12061443370349,6.57999129588454,5.495962797791013,70.66734750925916,77.2466257405894,6.579278231330235,5.751724650752237,24.256579557090554,31.695211599253167,7.438632042162613,5.596299343377819,49.38330392853077,56.821222906139084,7.437918977608312,5.668478942628007,25.12672437144022,25.126011306885914,-0.0007130645543043101,5.293372000714505
escs_pca,ISL,36,406.94187879726746,412.31968364642444,5.377804849156973,5.853622219549556,440.29837844631555,443.35500072889243,3.056622282576882,6.082889799576174,465.0402743635823,464.4730539363395,-0.5672204272427734,5.947543980649641,479.5662483111485,488.6683615509222,9.1021132397737,5.8021438389128654,33.35649964904808,31.035317082467948,-2.321182566580134,7.7165105955109246,58.09839556631475,52.15337028991498,-5.945025276399768,7.179730041856471,72.62436951388102,76.34867790449776,3.7243083906167413,7.1913092104709815,24.741895917266667,21.118053207447037,-3.6238427098196304,7.209042451690566,39.26786986483292,45.31336082202982,6.045490957196904,6.8581050980673455,14.525973947566246,24.195307614582788,9.669333667016542,6.948558118754133
escs_pca,ISR,36,412.87877854919435,412.9413002242174,0.06252167502304928,6.906354992207058,451.14945618452805,442.6809474862557,-8.46850869827233,6.437864045305806,498.4054593332554,484.1444037476966,-14.261055585558836,7.719307267371949,519.2834278397953,510.25968180655235,-9.023746033242958,6.960543602584145,38.270677635333755,29.739647262038307,-8.531030373295447,7.405116380158366,85.52668078406109,71.20310352347921,-14.323577260581871,7.530534729063973,106.40464929060093,97.31838158233495,-9.086267708265979,8.073972034358452,47.25600314872734,41.463456261440925,-5.792546887286413,7.027764217408613,68.13397165526717,67.57873432029666,-0.5552373349705135,6.984357328819383,20.877968506539837,26.115278058855733,5.237309552315896,7.290026615312992
escs_pca,ITA,36,440.8894443727205,446.55328635179484,5.663841979074334,5.832865678910214,469.0795044571968,473.62739527432115,4.547890817124369,5.7974322471235205,487.1213555756618,494.95010035083413,7.828744775172311,6.462795266414952,517.1084063230677,526.6888674539057,9.580461130837989,6.702149516353345,28.19006008447633,27.07410892252621,-1.1159511619501181,5.158709408756439,46.23191120294138,48.39681399903927,2.164902796097884,6.350123906550252,76.21896195034732,80.13558110211088,3.9166191517635554,6.893940384523626,18.041851118465054,21.322705076513056,3.2808539580480023,5.632281838716594,48.02890186587099,53.06147217958467,5.032570313713677,6.594083506998467,29.98705074740594,31.73876710307161,1.7517163556656676,5.360710790383718
escs_pca,JPN,36,516.0061945587286,501.52525103894334,-14.480943519785228,7.508326423565392,539.8332660429248,531.0707846705947,-8.762481372330171,7.278567408681627,557.9348655829677,550.0236634843823,-7.911202098585477,6.306536019055983,575.7630302213879,581.5126739011209,5.749643679733026,7.310090173699141,23.82707148419637,29.545533631651363,5.718462147454993,7.330994920472695,41.928671024239165,48.49841244543892,6.569741421199758,7.403244513942805,59.756835662659434,79.98742286217762,20.23058719951819,9.08099955063876,18.1015995400428,18.95287881378756,0.8512792737447619,6.461447405462032,35.92976417846306,50.44188923052625,14.51212505206319,7.387743492078658,17.828164638420265,31.489010416738687,13.660845778318421,5.926525342647346
escs_pca,KOR,36,495.79346120839716,489.25578230665786,-6.537678901739298,7.131228840596558,515.0744362893907,520.6834520236602,5.609015734269406,7.527018884831244,536.9192120561238,544.020148366744,7.100936310620227,7.229525699669529,567.7254435151708,564.2042197660194,-3.5212237491514315,7.506718510229175,19.28097508099349,31.427669717002345,12.146694636008856,6.711691192764907,41.12575084772663,54.76436606008608,13.638615212359454,7.692220382356458,71.9319823067737,74.94843745936151,3.0164551525878096,7.8235101808199286,21.844775766733143,23.336696343083737,1.4919205763505943,7.320665027909119,52.65100722578021,43.520767742359155,-9.130239483421057,8.064632148545128,30.80623145904707,20.18407139927542,-10.622160059771648,7.6574985158657185
escs_pca,LTU,36,448.186988668161,457.53465214396675,9.347663475805746,5.232386442880409,470.014325940208,479.87522659611795,9.860900655909973,5.12304718629574,499.741770525745,507.66389699083163,7.922126465086649,5.850426778263593,526.3317944187986,530.7554212829112,4.423626864112634,5.800402178767423,21.827337272047068,22.340574452151127,0.5132371801040598,4.982254324114241,51.554781857583976,50.12924484686487,-1.425537010719104,5.799716349350313,78.14480575063769,73.22076913894452,-4.924036611693168,6.209033059631013,29.727444585536915,27.788670394713744,-1.938774190823171,5.678431996614875,56.31746847859063,50.880194686793395,-5.437273791797232,5.86450761280995,26.59002389305371,23.09152429207965,-3.4984996009740605,5.687092114244492
escs_pca,LVA,36,464.62745677248296,447.33019033558975,-17.29726643689321,5.672424930081072,479.9763780361142,469.196559658306,-10.779818377808226,5.507572829219911,503.18884617062196,490.17549715935047,-13.013349011271487,5.744767489584075,531.299001872844,513.1734417083422,-18.125560164501735,5.205353402057575,15.348921263631343,21.866369322716118,6.517448059084774,5.352882605836604,38.56138939813898,42.845306823760666,4.283917425621688,5.761389863245593,66.67154510036096,65.84325137275238,-0.8282937276085818,5.988717292333312,23.212468134507635,20.97893750104455,-2.2335306334630864,5.537908859926587,51.32262383672961,43.97688205003626,-7.3457417866933525,5.566607547129859,28.110155702221977,22.99794454899171,-5.112211153230266,5.977899876792327
escs_pca,MEX,36,384.4818416954324,386.8210164391958,2.339174743763351,4.742469067556962,395.9856102273858,403.7532826463036,7.767672418917812,5.190242013728195,413.6615196812895,418.5617737715605,4.900254090271005,5.691730393831833,446.1177572489064,452.61251842882956,6.4947611799231595,6.877781247526379,11.503768531953432,16.93226620710778,5.428497675154349,4.625963030027476,29.179677985857143,31.740757332364716,2.5610793465075723,5.356983537420079,61.635915553473936,65.79150198963376,4.1555864361598225,6.943524377829303,17.67590945390371,14.80849112525694,-2.867418328646771,4.828318499634472,50.13214702152051,48.859235782525985,-1.2729112389945243,6.796622464494341,32.456237567616796,34.05074465726905,1.5945070896522537,6.085759403933208
escs_pca,NLD,36,447.5459433369583,445.72137715815535,-1.824566178802968,7.961788421078437,464.1436032889818,473.7050390662848,9.561435777303018,7.649218955302163,511.8730933086789,510.8673386869858,-1.005754621693086,8.424405505386414,545.6389875197335,549.2098783243457,3.5708908046121905,6.461046293405862,16.597659952023537,27.983661908129488,11.38600195610595,7.553675709370352,64.32714997172059,65.14596152883061,0.8188115571100241,10.173273030245038,98.0930441827752,103.48850116619042,5.395456983415215,9.16196561280099,47.72949001969705,37.162299620701134,-10.567190398995919,7.849162928716349,81.49538423075168,75.50483925806095,-5.990544972690728,7.867504982324502,33.76589421105461,38.34253963735981,4.576645426305205,8.252171822036749
escs_pca,NOR,36,441.05594480702894,431.0747400733456,-9.981204733683342,5.512897462166547,469.25359685329084,463.47720975876655,-5.776387094524296,6.057246866753885,495.60368363057233,496.69529528289576,1.0916116523234223,5.96125538751058,520.3828956496583,514.9451132246916,-5.437782424966713,5.813188127917185,28.19765204626188,32.402469685420996,4.204817639159117,5.939072656155561,54.54773882354332,65.62055520955022,11.072816386006899,6.487679212324954,79.32695084262937,83.87037315134606,4.543422308716686,6.445728072350541,26.35008677728144,33.218085524129215,6.867998746847775,5.792874452563595,51.1292987963675,51.467903465925055,0.3386046695575544,6.330064417404119,24.77921201908606,18.24981794179584,-6.52939407729022,6.0287143899672175
escs_pca,NZL,36,457.53965260730365,473.27744308426753,15.73779047696388,5.840882491331361,497.2616326965832,500.96130048138457,3.6996677848013633,6.4527081990141655,529.322867601839,534.2785001054101,4.95563250357111,5.81437748519832,554.9206506572293,571.5580983167207,16.637447659491386,5.514385149997164,39.721980089279555,27.683857397116963,-12.038122692162592,6.04288663452573,71.78321499453534,61.0010570211424,-10.782157973392941,6.489879186194241,97.38099804992565,98.28065523245303,0.8996571825273776,6.3846833868361585,32.06123490525579,33.317199624025434,1.255964718769647,7.233872529571083,57.65901796064611,70.59679783533608,12.937779874689966,6.609222366879093,25.597783055390323,37.279598211310635,11.681815155920312,6.361795894282164
escs_pca,POL,36,464.8080538333693,462.19092201626717,-2.61713181710212,5.5631011918714846,482.89037218694705,478.69673995509146,-4.193632231855588,5.77730734893289,510.7242064096293,515.2589166768972,4.53471026726794,6.4170713319059685,544.8945778611389,544.4305338851507,-0.4640439759882611,6.208081109861317,18.08231835357776,16.505817938824237,-1.576500414753525,5.307137625598981,45.91615257626004,53.06799466063005,7.15184208437001,5.970575843199558,80.08652402776985,82.23961186888347,2.153087841113617,7.063819708363174,27.833834222682277,36.56217672180581,8.728342499123535,5.987935544604592,62.0042056741921,65.73379393005924,3.729588255867135,6.429545056012451,34.170371451509816,29.171617208253416,-4.9987542432564,6.12860232068185
escs_pca,PRT,36,446.45743725589693,442.9096972638602,-3.5477399920367247,5.959501217095662,467.76861353241503,467.71075775612917,-0.05785577628586225,6.867566952969077,496.15637887419746,494.3742804253137,-1.782098448883744,6.725043391421284,531.7200920258451,537.7004307012492,5.9803386754040275,6.07918165947096,21.311176276518133,24.80106049226896,3.489884215750827,5.494458988525991,49.69894161830054,51.46458316145352,1.7656415431529808,5.64985721646212,85.26265476994823,94.7907334373889,9.528078667440667,6.4676313591305306,28.387765341782405,26.663522669184562,-1.7242426725978426,5.731482538455882,63.95147849343009,69.98967294511993,6.038194451689847,6.593526538621296,35.563713151647676,43.326150275935376,7.7624371242877,5.895996802589633
escs_pca,SVK,36,405.1837912644717,422.740433979481,17.556642715009275,6.906608472297749,450.7363923337465,467.14434807505734,16.407955741310843,6.244274483670584,473.69756802997074,491.77647753404165,18.078909504070907,6.910058845059788,525.1549461135716,540.2459966995484,15.091050585976859,6.91310125175404,45.55260106927482,44.40391409557644,-1.148686973698382,6.306055643370797,68.5137767654991,69.03604355456059,0.52226678906149,7.951868607976239,119.97115484909985,117.50556272006747,-2.4655921290323732,8.799355640125638,22.961175696224274,24.63212945898415,1.6709537627598756,6.96053960313756,74.41855377982502,73.101648624491,-1.3169051553340125,7.755566149731629,51.457378083600744,48.46951916550686,-2.9878589180938846,6.682968556145394
escs_pca,SVN,36,458.50811422649684,447.733095774625,-10.775018451871858,5.1178105112464936,487.3031003528886,471.27730232007553,-16.025798032813043,5.316983949718424,519.1988194934513,508.7932447358115,-10.405574757639783,5.239646343675075,538.6874037489277,534.2975689736958,-4.389834775231975,5.096049792817375,28.794986126391812,23.54420654545052,-5.250779580941291,5.51281637657692,60.69070526695447,61.06014896118653,0.3694436942320607,5.878442930977917,80.179289522431,86.56447319907093,6.385183676639926,5.7704377576682795,31.895719140562658,37.51594241573601,5.620223275173355,6.044727282655737,51.38430339603919,63.02026665362041,11.635963257581217,6.103154260218706,19.488584255476532,25.504324237884397,6.015739982407865,6.279311438798373
escs_pca,SWE,36,446.93910762628457,437.5222162917112,-9.416891334573393,5.696563211617964,476.9709344766402,477.97912743920085,1.0081929625606563,6.527002499628852,514.978082998435,515.508264809431,0.530181810996055,6.087299329243177,547.2316902551238,541.8996740982387,-5.332016156885061,6.871507339542748,30.03182685035564,40.45691114748971,10.425084297134074,6.461588325042658,68.03897537215057,77.9860485177198,9.94707314556922,6.01694181692511,100.29258262883918,104.37745780652759,4.084875177688403,7.525829289743256,38.00714852179494,37.52913737023008,-0.4780111515648571,6.044202939918987,70.26075577848356,63.92054665903786,-6.340209119445696,7.058868458008008,32.25360725668861,26.39140928880779,-5.862197967880821,6.635203538981316
escs_pca,TUR,36,450.765900149136,464.272972095018,13.507071945882046,5.204474667762678,463.6885182835883,482.5610052931247,18.872487009536428,5.145960728504971,471.88444688557473,495.1107690827994,23.226322197224647,5.685100502364221,517.8315437818837,547.6442440827918,29.81270030090809,6.392806852761644,12.922618134452273,18.28803319810671,5.365415063654437,4.925805837912886,21.11854673643881,30.837796987781342,9.719250251342533,5.65334896814917,67.06564363274772,83.37127198777385,16.30562835502613,7.0329346118505205,8.195928601986537,12.549763789674632,4.3538351876880945,4.872021337439068,54.143025498295444,65.08323878966715,10.940213291371705,6.4616807648964,45.947096896308906,52.53347499999252,6.586378103683614,6.749873086646324
escs_pca,USA,36,456.43553444284123,454.8262252427877,-1.6093092000535307,8.205394102402606,478.0696080688118,484.484967748196,6.41535967938421,9.911372403250047,510.5443661409643,510.48717054674614,-0.057195594218171664,13.208577054367838,556.8789109670081,567.899762138164,11.020851171155869,17.15786457150668,21.634073625970537,29.658742505408394,8.024668879437858,10.431437130271968,54.108831698122955,55.6609453039584,1.5521136058354443,12.968877604040953,100.44337652416682,113.07353689537631,12.630160371209485,17.828534109342225,32.47475807215242,26.00220279855,-6.472555273602417,12.319120203681651,78.8093028981963,83.41479438996791,4.605491491771616,16.520194639225192,46.33454482604387,57.4125915914179,11.078046765374033,13.312965776159903
escs_pca,OECD,36,447.1359954066602,446.97225140484653,-0.16374400181365445,3.228147787568842,473.1329526958337,474.2794735957069,1.1465208998732237,3.2651470237926854,501.29940688683774,503.10407492374486,1.8046680369071169,3.2460821137636278,533.4806390336214,536.4460851703063,2.965446136684932,3.263854248023805,25.99695728917344,27.307222190860323,1.3102649016868817,1.0872432143291024,54.16341148017758,56.131823518898365,1.9684120387207855,1.033833390069276,86.34464362696114,89.47383376545982,3.1291901384986716,1.2389650201237317,28.166454191004142,28.824601328038046,0.6581471370339038,0.9586245892228189,60.34768633778769,62.16661157459949,1.8189252368118005,1.1761633216661487,32.18123214678356,33.34201024656145,1.1607780997778931,1.1055804974515948
hisei_h,AUS,36,468.86364004357836,477.2402804419523,8.376640398373922,4.843028550683021,505.843199813119,509.64668413407736,3.8034843209583755,4.799997765737192,525.8712572672235,529.3028849083369,3.431627641113323,5.453026674785309,553.1046543304908,555.1967577652734,2.0921034347826435,5.106724258037655,36.979559769540664,32.40640369212501,-4.573156077415653,4.537937781868437,57.00761722364507,52.062604466384656,-4.945012757260415,4.876144896483035,84.24101428691249,77.95647732332108,-6.284536963591407,4.984234746186315,20.028057454104395,19.656200774259638,-0.37185667984475756,5.184443906225048,47.26145451737184,45.55007363119607,-1.7113808861757676,5.067737883760248,27.233397063267443,25.893872856936433,-1.33952420633101,4.470268959389126
hisei_h,AUT,36,448.11994144022674,458.78304381044063,10.663102370213892,6.062329217863045,490.2470084813138,504.24592393233263,13.998915451018831,6.90575864879497,515.7813349007272,521.3487621369046,5.567427236177423,5.883895498143757,544.8759550944199,546.0937919416365,1.2178368472166312,5.512995078556711,42.12706704108706,45.46288012189196,3.335813080804904,6.84917727912314,67.66139346050058,62.565718326463944,-5.095675134036632,6.527289905845291,96.756013654193,87.31074813119588,-9.445265522997119,6.002820851303035,25.534326419413514,17.10283820457198,-8.431488214841533,6.393339552174856,54.62894661310594,41.84786800930393,-12.781078603802008,6.622001679482024,29.094620193692425,24.74502980473195,-4.3495903889604755,5.7568710826749285
hisei_h,BEL,36,442.8584429657088,453.8235822952056,10.965139329496822,5.621120674491589,484.71890766254927,500.7859510439074,16.067043381358133,5.596270354096142,520.6135551043312,529.2508621479278,8.637307043596593,7.054677001766234,541.0022705979553,544.4692725617266,3.4670019637712812,5.444151349751685,41.86046469684062,46.96236874870182,5.101904051861197,5.560286115442363,77.75511213862254,75.42727985272225,-2.3278322859002856,7.048283369059108,98.14382763224653,90.64569026652096,-7.498137365725569,6.109772095628411,35.89464744178191,28.464911104020427,-7.4297363377614865,6.452207346885376,56.28336293540592,43.68332151781914,-12.60004141758678,5.320334094833264,20.388715493623998,15.218410413798711,-5.170305079825287,6.680864812200272
hisei_h,CAN,36,488.1845807237238,489.34688393200923,1.1623032082854365,4.891721347233397,520.1622673544241,520.9696149598826,0.8073476054585171,4.583306030938956,528.3912034100348,531.3659782579193,2.9747748478845324,4.963700619732966,549.727437481072,548.0993038470308,-1.6281336340412054,4.975079581462267,31.977686630700322,31.6227310278735,-0.3549556028268235,4.547178438894407,40.20662268631104,42.019094325910125,1.8124716395990816,4.710217981355704,61.542856757348275,58.752419915021505,-2.79043684232677,4.576485250759006,8.228936055610722,10.396363298036624,2.1674272424259016,4.365727382096511,29.565170126647956,27.129688887148006,-2.43548123949995,4.127653214421492,21.336234071037232,16.73332558911138,-4.6029084819258514,4.234871488740407
hisei_h,CHE,36,458.1370573473705,460.19430029952434,2.0572429521538425,6.142395951441624,493.72277697896095,502.9258915758992,9.203114596938235,5.803069610634226,528.846597949295,535.3624064983342,6.515808549039207,5.711411412525148,554.8863117543524,557.5439635272559,2.6576517729034776,6.43911836368469,35.58571963159041,42.73159127637488,7.145871644784471,5.950207614611557,70.70954060192443,75.16810619880982,4.458565596885393,6.411875810242106,96.74925440698195,97.3496632277316,0.6004088207496494,7.38437787539422,35.12382097033403,32.436514922434945,-2.687306047899085,5.130803609789757,61.16353477539153,54.618071951356725,-6.545462824034807,6.400210556105657,26.0397138050575,22.18155702892178,-3.8581567761357185,6.990901666380469
hisei_h,CHL,36,426.22690001821684,423.1358825726713,-3.0910174455455603,6.1135136107489005,435.7424481829527,439.7958011404394,4.053352957486652,6.271948692198061,454.9589110269496,463.80043269996776,8.841521673018178,6.275934072008197,487.868052882084,492.13371214386746,4.265659261783469,6.04127050309929,9.515548164735964,16.65991856776816,7.144370403032195,6.438053258797877,28.732011008732762,40.66455012729645,11.932539118563689,7.259877489441387,61.64115286386711,68.99782957119619,7.356676707329079,7.226779983134745,19.2164628439968,24.004631559528292,4.788168715531491,6.49720875559143,52.125604699131145,52.33791100342803,0.21230630429688802,6.940238550746527,32.909141855134344,28.333279443899734,-4.57586241123461,6.4668686661152215
hisei_h,COL,36,384.2167150159624,387.8859993862869,3.669284370324533,5.460995975650791,400.8833390622063,411.30108691294726,10.417747850740966,6.252397356285087,420.17128340141545,437.6145670432246,17.44328364180916,7.290183004675165,453.9823605307073,468.68314030780414,14.700779777096841,9.32379511123403,16.666624046243946,23.41508752666028,6.7484634804163335,5.684143920533894,35.95456838545311,49.72856765693766,13.773999271484556,6.600884371572637,69.76564551474496,80.79714092151714,11.03149540677218,9.45738673579812,19.28794433920916,26.313480130277384,7.025535791068222,6.294186133190833,53.09902146850102,57.38205339485686,4.283031926355839,9.251421603660171,33.81107712929186,31.068573264579477,-2.7425038647123827,7.607439462695816
hisei_h,CZE,36,447.08011132345746,454.73663802124247,7.6565266977850115,5.364593929565055,496.3427136313306,492.0184384981452,-4.324275133185381,6.103253512524986,516.0629626578376,512.1976367523127,-3.8653259055248554,5.6803750922768685,549.1139122163717,543.2018333332504,-5.912078883121239,6.483342254528346,49.26260230787305,37.2818004769028,-11.98080183097025,5.44833764300703,68.98285133438014,57.46099873107032,-11.521852603309824,5.460269753462197,102.03380089291424,88.46519531200796,-13.56860558090628,6.9237572860358885,19.720249026507084,20.179198254167527,0.4589492276604439,5.705705413990084,52.771198585041176,51.18339483510516,-1.5878037499360147,6.950822628915695,33.0509495585341,31.004196580937634,-2.0467529775964657,6.135372423777499
hisei_h,DEU,36,457.7609627024225,453.7044271548557,-4.056535547566796,6.939360311381452,494.62382198748855,499.3547707934479,4.730948805959372,6.832211832868212,514.7271505134574,524.9481488477426,10.220998334285127,8.504104177964358,558.7627789431064,560.3018044862868,1.5390255431804007,6.525183375657273,36.862859285066115,45.65034363859225,8.787484353526132,7.041118722291959,56.96618781103509,71.243721692887,14.277533881851902,7.878493977217779,101.0018162406839,106.59737733143098,5.595561090747083,7.725555172629468,20.103328525968983,25.593378054294742,5.490049528325759,8.356734649076012,64.13895695561777,60.947033692838716,-3.1919232627790564,7.168901993212935,44.035628429648796,35.35365563854397,-8.681972791104826,8.153948980864316
hisei_h,DNK,36,461.19536847474455,452.12533428750066,-9.070034187243891,6.44312495823018,492.05485062552134,483.25905187110203,-8.795798754419309,6.303628403053601,512.282476882124,503.07736663229355,-9.205110249830454,7.35203925860849,526.5201604748171,520.1790153225427,-6.341145152274407,6.452233387756741,30.859482150776877,31.133717583601374,0.27423543282449714,7.485686951283845,51.08710840737935,50.952032344792926,-0.13507606258642113,7.136548617894763,65.32479200007253,68.05368103504206,2.7288890349695265,7.217092546931736,20.22762625660247,19.81831476119155,-0.40931149541091827,8.488866498914708,34.46530984929566,36.91996345144067,2.454653602145015,7.189788796111155,14.237683592693191,17.101648690249124,2.8639650975559334,8.08024862735202
hisei_h,ESP,36,457.4128924760457,449.49147361033374,-7.921418865711985,4.739661151312212,478.6889995859145,475.93943080167656,-2.7495687842379084,4.575528029879977,499.8702977757827,500.6053910516488,0.7350932758660633,4.548161377477256,520.9393480615472,514.8507373654637,-6.088610696083492,4.407725326015108,21.276107109868747,26.447957191342812,5.171850081474066,4.01155949593126,42.457405299736976,51.11391744131508,8.656512141578105,3.941216331452831,63.5264555855015,65.35926375513004,1.8328081696285423,4.067300597352441,21.181298189868226,24.665960249972265,3.4846620601040392,3.558869751654168,42.25034847563275,38.911306563787235,-3.339041911845513,3.802727010983054,21.069050285764526,14.245346313814968,-6.823703971949557,3.6369495670319547
hisei_h,EST,36,495.4022854235467,492.834870106769,-2.5674153167776694,5.6176594415989465,521.6139937324001,528.8154618310739,7.201468098673786,6.147191057488481,547.1627537149814,549.1971783405598,2.034424625578481,5.1145001804147165,555.7109255538228,556.4784314143484,0.7675058605256027,5.564964994076372,26.211708308853417,35.98059172430483,9.768883415451413,6.024980148223475,51.76046829143469,56.36230823379071,4.601839942356023,5.494280526232763,60.30864013027603,63.64356130757932,3.3349211773032863,6.133387061440062,25.54875998258127,20.381716509485877,-5.167043473095394,5.837304849868862,34.096931821422615,27.662969583274492,-6.433962238148123,5.804768251744577,8.548171838841347,7.2812530737886165,-1.26691876505273,5.01615990336398
hisei_h,FIN,36,479.238469820305,477.1596813993309,-2.0787884209740923,5.452799853821411,503.2912085178914,507.38489450184596,4.093685983954572,5.68151448287986,530.7735108636859,536.2854919626385,5.51198109895256,5.6293222386039785,556.7668883716666,549.9893857001344,-6.777502671532147,5.924747511002096,24.0527386975864,30.22521310251513,6.172474404928732,5.2479807656450195,51.535041043380964,59.125810563307695,7.590769519926731,5.321085322968094,77.52841855136157,72.82970430080351,-4.698714250558055,6.4837425463254945,27.48230234579457,28.900597460792568,1.4182951149979992,5.392489926486779,53.47567985377516,42.60449119828838,-10.871188655486783,5.976133009264822,25.993377507980597,13.70389373749581,-12.289483770484788,6.175000149123544
hisei_h,FRA,36,448.95860211025047,456.63093594340023,7.672333833149764,5.83870154891311,483.9733783854017,491.7727753143589,7.799396928957208,7.231378777830361,509.0197649917383,512.2182121169163,3.1984471251780064,6.46913913759208,546.61669159283,546.7835779199042,0.16688632707428042,5.89836848712296,35.014776275151306,35.14183937095872,0.12706309580741504,6.892796293450184,60.06116288148796,55.58727617351606,-4.4738867079719,6.9022985897977005,97.65808948257953,90.15264197650404,-7.505447506075484,6.312372922640916,25.046386606336647,20.44543680255733,-4.600949803779315,6.2206718499247105,62.64331320742822,55.01080260554532,-7.632510601882899,6.323462373075111,37.59692660109157,34.56536580298799,-3.031560798103577,5.498711378556141
hisei_h,GBR,36,473.64981608403076,481.44278362452786,7.792967540497102,5.545229998770266,504.33855923226486,519.3430976417533,15.004538409488418,6.329119261393536,524.511308209735,543.70591784289,19.194609633154982,5.900896479095548,541.1020701276483,550.4514610545057,9.349390926857382,6.807279309781536,30.688743148234074,37.900314017225334,7.211570868991259,6.836677409742883,50.86149212570426,62.2631342183621,11.401642092657838,6.112836346615149,67.45225404361757,69.00867742997768,1.556423386360109,7.348791233604091,20.17274897747019,24.362820201136753,4.190071223666564,6.309814947911013,36.763510895383504,31.10836341275235,-5.655147482631154,6.706066083266416,16.590761917913312,6.745543211615598,-9.845218706297715,6.541961264655176
hisei_h,GRC,36,414.3449187470845,404.9553397813769,-9.389578965707585,5.944175845331067,428.1164829118767,436.3127432614727,8.196260349596002,6.735038877249404,459.6080670739324,460.7717967308771,1.1637296569447244,5.950818210202204,484.4214660803741,478.13235414489566,-6.289111935478445,5.808493294812177,13.771564164792215,31.35740348009582,17.585839315303602,5.798626418138071,45.26314832684781,55.81645694950024,10.55330862265243,6.100133638530604,70.0765473332896,73.17701436351877,3.1004670302291686,6.16710168179986,31.491584162055595,24.45905346940442,-7.032530692651175,6.04544868973226,56.30498316849737,41.819610883422946,-14.485372285074426,5.835925407456072,24.813399006441777,17.360557414018523,-7.452841592423255,5.120108948875202
hisei_h,HUN,36,427.85801632478433,436.03710840710346,8.17909208231913,6.454872858932728,481.02315239699465,477.85781139355186,-3.1653410034427907,5.958470176618827,508.3660782210163,504.03062467694235,-4.335453544073971,6.5803027034164705,547.2457172328467,533.96887134538,-13.27684588746672,6.707086953876011,53.16513607221034,41.82070298644839,-11.344433085761949,6.142147903957128,80.50806189623198,67.99351626983889,-12.514545626393087,7.282222763681913,119.3877009080624,97.9317629382765,-21.455937969785893,8.346534451930673,27.34292582402164,26.17281328339049,-1.1701125406311519,6.09580513919556,66.22256483585205,56.111059951828096,-10.111504884023958,7.041923482899235,38.879639011830406,29.938246668437607,-8.941392343392799,6.360652074824809
hisei_h,IRL,36,474.54011357727205,470.7980205946434,-3.7420929826286624,5.291935680536022,501.0570399420144,498.7445400362446,-2.312499905769812,5.696541488558502,518.478890652083,521.2212220366753,2.742331384592262,5.806289911972188,531.3842630778972,530.2949843609383,-1.0892787169589155,5.275426314202849,26.516926364742325,27.946519441601225,1.4295930768589002,5.423193867106878,43.938777074810915,50.423201442031825,6.48442436722091,5.473767892283119,56.84414950062518,59.49696376629489,2.6528142656697113,5.120533151701184,17.42185071006859,22.4766820004306,5.05483129036201,6.516961650735724,30.327223135882853,31.550444324693665,1.223221188810811,5.275819222988348,12.905372425814267,9.073762324263067,-3.8316101015512007,5.434671550762268
hisei_h,ISL,36,420.5010572713717,428.2512237643244,7.750166492952701,6.204555429410674,451.9040714842614,450.77233907947345,-1.1317324047879538,5.972793144537544,462.22156557099805,472.69007485167714,10.468509280679086,6.6442039831646875,483.9133284901319,486.7379829253623,2.8246544352304,5.629404156985945,31.403014212889637,22.521115315149093,-8.881898897740545,7.323668178870505,41.72050829962633,44.4388510873528,2.7183427877264705,7.724694380753757,63.4122712187602,58.48675916103794,-4.9255120577222655,7.61680929937952,10.317494086736696,21.917735772203706,11.60024168546701,8.264839976019276,32.009257005870566,35.965643845888835,3.9563868400182685,6.890101316278334,21.69176291913387,14.047908073685125,-7.643854845448743,7.126651438374337
hisei_h,ISR,36,423.3276343743138,428.8815780957392,5.553943721425412,6.677958937151158,469.5321713761572,461.5033826239943,-8.028788752162882,6.722849590319385,499.10252483741897,492.2850317691383,-6.817493068280669,7.224664153121987,514.1553973087115,504.67791118431325,-9.47748612439824,7.2714048847378665,46.20453700184346,32.621804528255026,-13.582732473588436,6.796175329496708,75.7748904631053,63.40345367339902,-12.371436789706273,8.024062247715563,90.82776293439773,75.79633308857399,-15.031429845823737,8.122145777300263,29.570353461261835,30.78164914514399,1.211295683882156,7.0871806758979705,44.62322593255426,43.17452856031896,-1.4486973722353014,6.763298171798807,15.052872471292426,12.392879415174969,-2.6599930561174574,7.2905285112911145
hisei_h,ITA,36,445.9558453781007,456.6157665732229,10.659921195122195,5.889196703121924,469.0834066749534,478.7222729768091,9.638866301855728,5.982056269061602,493.915016951228,504.85873812033185,10.943721169103867,6.7385007862791575,514.5824143511273,522.8138582892066,8.231443938079224,6.528084210007654,23.127561296852683,22.10650640358613,-1.0210548932665517,5.817955887391041,47.95917157312719,48.242971547108894,0.28379997398170076,6.612628062756621,68.62656897302662,66.19809171598364,-2.428477257042985,6.814484161527661,24.831610276274507,26.13646514352276,1.3048548672482525,6.122509078895992,45.499007676173946,44.091585312397505,-1.4074223637764405,6.280466247557864,20.667397399899436,17.95512016887475,-2.712277231024686,6.1207233599820805
hisei_h,JPN,36,525.2452909258386,514.5947035256003,-10.65058740023835,7.488318730649664,556.6058640813562,550.6659255427189,-5.939938538637307,6.439003026032708,547.8665522914887,542.7963725931024,-5.070179698386255,6.417478815285227,572.7787635032224,572.1609145553415,-0.6178489478809297,8.183484005048804,31.360573155517567,36.071222017118735,4.710648861601168,7.119831717245053,22.62126136565007,28.201669067502337,5.580407701852266,7.512928435039955,47.53347257738376,57.566211029741325,10.032738452357563,9.065138691403561,-8.739311789867497,-7.8695529496164,0.8697588402510963,6.648611797155971,16.17289942186619,21.49498901262259,5.3220895907563985,7.05007352171938,24.912211211733688,29.36454196223899,4.452330750505304,8.190492608639115
hisei_h,KOR,36,511.1819518960864,505.6142227438485,-5.567729152237916,7.652505520695402,529.25623649369,534.9452975738803,5.689061080190299,6.663062743868231,528.7856876022367,545.1246869495516,16.338999347314825,6.8791762887989805,558.3306413292839,563.1336787532027,4.803037423918795,6.888331059206998,18.074284597603707,29.331074830031973,11.256790232428266,7.433213937929336,17.603735706150438,39.510464205703265,21.906728499552827,6.887147213110776,47.148689433197646,57.51945600935437,10.370766576156726,7.9127258976667765,-0.47054889145326795,10.179389375671292,10.64993826712456,6.224969879298637,29.074404835593942,28.188381179322402,-0.88602365627154,6.512169048333825,29.544953727047208,18.00899180365111,-11.535961923396098,6.4352940670714585
hisei_h,LTU,36,456.93409946082363,465.1732746782412,8.239175217417596,6.1288103672257686,483.6864902229298,504.83217629739676,21.145686074466937,5.995636809297507,505.63363391722135,518.649764943024,13.016131025802679,5.895999192683079,526.9096783893895,529.7308217801685,2.8211433907790706,6.501572570795208,26.75239076210621,39.65890161915544,12.906510857049234,6.23672172682323,48.699534456397735,53.4764902647827,4.776955808384962,6.68332872519711,69.97557892856588,64.5575471019273,-5.4180318266385825,6.701574072307252,21.947143694291526,13.81758864562725,-8.129555048664276,6.18251770184822,43.223188166459664,24.898645482771865,-18.3245426836878,6.295977076198065,21.276044472168138,11.081056837144615,-10.194987635023523,6.230888089133023
hisei_h,LVA,36,469.7205152071626,452.4504953409554,-17.27001986620718,5.69555069451577,484.97052981432216,486.79802936142903,1.8274995471068678,5.946308732253124,514.7723626588731,503.7441350515305,-11.028227607342615,5.451174722434124,528.6324600840658,500.10599782178815,-28.52646226227762,5.42013007079275,15.250014607159585,34.34753402047358,19.097519413313996,5.871540629725267,45.05184745171053,51.293639710575135,6.241792258864606,5.467132419738126,58.911944876903206,47.65550248083271,-11.256442396070497,6.381928131586218,29.801832844550944,16.946105690101554,-12.85572715444939,5.964399663719878,43.661930269743614,13.307968460359131,-30.353961809384483,6.021948047311193,13.860097425192668,-3.6381372297424206,-17.49823465493509,5.9018403019541825
hisei_h,MEX,36,387.4951190907071,390.00766566978416,2.512546579077082,5.120082083404983,400.81399170402756,409.09737793627943,8.283386232251871,5.058108300118289,421.3510383877657,430.67606080590815,9.325022418142453,5.712636594216096,436.35286368231783,445.5613445996174,9.208480917299596,6.035000309766346,13.318872613320526,19.08971226649525,5.7708396531747255,5.008470930995455,33.85591929705863,40.66839513612395,6.812475839065321,5.270687883463433,48.85774459161081,55.553678929833225,6.695934338222415,5.830792802465106,20.5370466837381,21.578682869628693,1.0416361858905923,5.006169694044255,35.53887197829029,36.46396666333798,0.9250946850476893,5.3547366087910335,15.001825294552185,14.885283793709283,-0.11654150084290293,5.339974004020352
hisei_h,NLD,36,447.63689051871614,452.86454064001725,5.22765012130111,7.951243736527813,491.81593260030724,489.44652927397317,-2.3694033263340657,6.448106244965907,520.1794364593259,520.8535310912132,0.6740946318873284,7.349274213212738,542.0395096275696,540.6434185041287,-1.3960911234408968,6.471143186245536,44.17904208159108,36.5819886339559,-7.597053447635176,6.885308960966306,72.54254594060973,67.98899045119606,-4.553555489413668,8.569250303865923,94.4026191088535,87.7788778641115,-6.623741244742007,8.512753033639623,28.363503859018646,31.407001817240154,3.043497958221508,7.397794083258614,50.22357702726242,51.19688923015559,0.9733122028931689,6.972834546419264,21.860073168243776,19.789887412915437,-2.070185755328339,6.439931534582585
hisei_h,NOR,36,450.26360371064163,438.07384341506395,-12.189760295577685,5.974620476323498,481.35326149390875,480.89171805003707,-0.4615434438716761,5.681958913560457,502.28403570910797,490.1139834042974,-12.170052304810554,5.898084178470786,513.4283430002631,517.8644692525704,4.436126252307304,6.2861767623423095,31.08965778326724,42.81787463497318,11.728216851705941,6.760941421099307,52.02043199846635,52.04013998923351,0.019707990767159345,6.374955730550827,63.16473928962133,79.79062583750654,16.62588654788521,6.58737829953736,20.930774215199108,9.222265354260339,-11.70850886093877,6.5225175492055625,32.075081506354095,36.97275120253336,4.897669696179264,6.513225399374993,11.144307291154984,27.75048584827302,16.606178557118035,6.322513522759852
hisei_h,NZL,36,466.29365652482466,481.42374485407925,15.13008832925459,6.657803702636077,510.23391329087855,518.8162045869667,8.582291296088158,6.656921188957872,532.7265696868805,546.0862063557781,13.359636668897679,6.285472431329586,546.844413587672,557.6972343864115,10.852820798739572,6.14938407595383,43.940256766053864,37.39245973288742,-6.547797033166447,7.822406077946572,66.43291316205573,64.66246150169894,-1.770451660356784,7.226814106096483,80.5507570628473,76.27348953233228,-4.277267530515019,7.734552650168633,22.49265639600186,27.270001768811518,4.777345372809659,8.325254841554148,36.61050029679344,38.88102979944487,2.270529502651428,7.040735006027666,14.11784390079158,11.61102803063335,-2.5068158701582313,8.066702270821725
hisei_h,POL,36,472.1234578844084,473.56998581599447,1.446527931586047,5.802098698081982,490.49060474085536,491.66461742398315,1.1740126831277848,5.55055667846372,521.8583513359691,530.5078588868703,8.649507550901149,6.587669157640364,541.2993798783899,541.325848755437,0.02646887704713663,5.952908082665521,18.36714685644684,18.09463160798875,-0.2725152484580917,5.690750696630969,49.734893451560616,56.937873070875796,7.20297961931518,6.945515026853457,69.17592199398143,67.75586293944272,-1.4200590545387115,6.924433533432309,31.36774659511378,38.84324146288705,7.475494867773271,5.806185405401899,50.808775137534596,49.661231331453976,-1.1475438060806198,6.142793710294393,19.441028542420817,10.81798986856693,-8.623038673853888,6.124519601290438
hisei_h,PRT,36,450.6659830493939,451.27574133707213,0.6097582876782326,6.721259453308441,473.1342049126173,476.8264934101694,3.692288497552113,7.144531367475857,501.82337696482557,504.22497386979677,2.4015969049712,5.560719940220339,528.560908396052,533.9447796328815,5.383871236829464,7.109441259609662,22.468221863223345,25.55075207309727,3.0825302098739265,6.164251660211756,51.15739391543169,52.949232532724636,1.791838617292946,6.521625825186646,77.89492534665814,82.66903829580933,4.7741129491511884,7.277055780074483,28.689172052208345,27.398480459627372,-1.2906915925809734,6.685975277656973,55.42670348343479,57.11828622271205,1.6915827392772584,6.535601006529226,26.737531431226444,29.71980576308469,2.982274331858246,6.867115850178524
hisei_h,SVK,36,401.5771082848966,433.71831868593944,32.14121040104283,7.895470405349047,459.7779907766441,472.81101631735845,13.033025540714334,6.205085348343235,487.73911990420527,503.7543976666103,16.01527776240505,6.449513003005889,525.1068358848585,536.8318150190901,11.724979134231603,6.839244244145258,58.20088249174747,39.09269763141899,-19.10818486032848,7.837424930197771,86.16201161930869,70.0360789806708,-16.12593263863789,8.015404659268352,123.52972759996183,103.11349633315066,-20.416231266811167,9.216265289360578,27.961129127561207,30.94338134925179,2.982252221690583,6.985644826963029,65.32884510821434,64.02079870173166,-1.3080464064826742,7.697214646125954,37.367715980653145,33.077417352479884,-4.290298628173261,6.8064335810800145
hisei_h,SVN,36,457.91027274617545,450.95706746726984,-6.953205278905614,5.46223732259912,495.38462646494406,485.4259311204384,-9.958695344505657,5.744991596149518,523.808358230972,515.6955971228647,-8.112761108107293,5.379704428520199,538.0624973632961,535.6281024206752,-2.4343949426208837,5.608915375724455,37.474353718768626,34.46886365316858,-3.0054900656000427,6.368565439790318,65.8980854847965,64.73852965559493,-1.1595558292015653,6.298133130104666,80.15222461712062,84.6710349534053,4.518810336284673,6.520009530356463,28.423731766027856,30.269666002426344,1.845934236398488,6.917927325617724,42.677870898351976,50.202171300236714,7.524300401884737,7.002786050175054,14.254139132324122,19.932505297810373,5.678366165486251,6.425277595597933
hisei_h,SWE,36,455.7221161512909,447.82934537274133,-7.892770778549561,6.050226312297666,495.6180318537657,494.78491749598436,-0.8331143577813123,5.576652867970622,525.7763167580289,517.9323734921238,-7.843943265905068,7.262193103227866,533.0047833406422,536.4739309329761,3.4691475923339112,6.413007024170869,39.895915702474916,46.955572123243016,7.0596564207681,6.253612374697092,70.05420060673814,70.1030281193824,0.04882751264426588,6.812862235825809,77.28266718935126,88.6445855602348,11.361918370883544,7.07569229946802,30.15828490426322,23.14745599613938,-7.0108289081238375,7.746967717682407,37.38675148687633,41.68901343699178,4.302261950115451,6.782610509796513,7.228466582613112,18.541557440852397,11.313090858239285,7.260739019061668
hisei_h,TUR,36,447.8032857163318,474.63964519169684,26.836359475365043,5.257011203097278,462.9314866473468,483.92216469425614,20.990678046909352,5.227196890340154,480.8390213074639,503.72979938047746,22.890778073013564,5.50473834257642,516.2764288049269,543.0514126310336,26.774983826106677,5.811337350688332,15.128200931014902,9.282519502559296,-5.845681428455606,4.7061111828829665,33.03573559113216,29.090154188780684,-3.9455814023514755,5.184292046597638,68.47314308859511,68.4117674393367,-0.06137564925840877,6.019189666769822,17.907534660117257,19.807634686221387,1.9001000261041305,5.351191615406439,53.34494215758021,59.1292479367774,5.78430577919719,5.826621710531776,35.43740749746296,39.32161325055601,3.884205753093056,6.264968106896131
hisei_h,USA,36,460.366836957042,459.0252238916846,-1.3416130653573646,9.21885545758419,495.7656846697203,489.9531940852694,-5.812490584450927,9.646107131961442,512.9784766740307,525.7003754132147,12.721898739183985,20.83023992600398,553.1038028798158,561.9313837512808,8.827580871464988,11.154823168217765,35.39884771267832,30.92797019358478,-4.470877519093538,11.329751414674618,52.611639716988705,66.67515152153003,14.06351180454132,21.41689823113424,92.73696592277382,102.90615985959607,10.169193936822253,13.328673734154966,17.21279200431038,35.747181327945256,18.534389323634876,18.77648128551263,57.338118210095516,71.97818966601129,14.640071455915773,13.23580923372979,40.125326205785136,36.23100833806603,-3.894317867719103,18.978075184978174
hisei_h,OECD,36,452.9103766601905,455.1470270203457,2.236650360155238,3.244103108890259,483.8556291052031,487.8431543748494,3.987525269646312,3.2615642941189984,506.0877458295665,510.71469006810065,4.626944238534179,3.27103334466836,529.9281587307152,531.3102028816035,1.382044150888305,3.2530858450337563,30.94525244501263,32.696127354503545,1.7508749094909142,1.0820464116692885,53.17736916937598,55.567663047754785,2.390293878378806,1.0972143051096257,77.01778207052473,76.16317586125777,-0.8546062092669615,1.1808800762488876,22.23211672436335,22.87153569325124,0.6394189688878882,1.1803320995831634,46.07252962551208,43.46704850675421,-2.605481118757872,1.2028364319154596,23.84041290114873,20.595512813502967,-3.244900087645764,1.1471821204610098
pared_h,AUS,36,473.3055674762801,478.2147036385475,4.90913616226743,4.8508109247777025,507.1070013544437,513.9781000174377,6.8710986629939725,5.681259840408988,528.8103361496882,539.5201616248451,10.70982547515689,4.691047078316819,527.4834098940808,534.8988272815894,7.415417387508683,5.207390968317741,33.801433878163536,35.76339637889016,1.9619625007266208,5.361721630882332,55.50476867340816,61.305457986297654,5.800689312889496,4.988581533523666,54.17784241780064,56.68412364304195,2.5062812252413096,5.20228341301322,21.703334795244626,25.542061607407504,3.8387268121628786,4.997728319616264,20.376408539637104,20.9207272641518,0.5443187245146959,4.804741255308198,-1.3269262556075205,-4.621334343255706,-3.2944080876481854,4.402801890509612
pared_h,AUT,36,458.25276678291056,470.6747487424098,12.421981959499249,6.072087288529807,487.99810906960727,496.3290755179111,8.330966448303855,5.8548432425960755,506.544240118477,514.1331232008454,7.5888830823683975,5.530444295588539,528.726670877344,538.2570433342873,9.530372456943383,6.236378350097043,29.745342286696705,25.654326775501385,-4.0910155111953195,5.402261480599215,48.29147333556629,43.45837445843573,-4.83309887713056,5.688378552007477,70.47390409443328,67.58229459187767,-2.8916095025556103,6.408427703370537,18.54613104886958,17.80404768293434,-0.7420833659352404,5.450651060222372,40.72856180773658,41.92796781637629,1.1994060086397056,5.789399988467448,22.182430758867003,24.12392013344195,1.941489374574946,5.479771988581619
pared_h,BEL,36,457.5002036845238,465.4768855458054,7.976681861281577,5.844311980131312,499.5622082739992,502.9263415948873,3.3641333208880724,6.47527186348949,507.94197829454924,527.972396165783,20.030417871233794,5.548316467588844,512.4367574858887,527.5527950865393,15.116037600650543,6.1847950164889145,42.06200458947539,37.44945604908191,-4.612548540393483,6.510816341344128,50.441774610025426,62.495510619977765,12.053736009952338,5.977315183327543,54.9365538013649,62.07590954073396,7.1393557393690585,6.182312767878277,8.379770020550035,25.046054570895848,16.666284550345814,6.104250350279182,12.874549211889512,24.626453491652065,11.751904279762552,5.735095757089879,4.494779191339478,-0.41960107924378465,-4.914380270583263,5.779798375359413
pared_h,CAN,36,490.5714407626568,488.1298413221883,-2.441599440468451,4.651785204379504,518.2404769486802,518.7554601430923,0.5149831944120251,4.823984994131278,529.0276217734015,535.9772246053598,6.949602831958259,4.909032751717192,529.7345971727036,538.0510461744179,8.316449001714318,4.8741583529688635,27.669036186023476,30.62561882090393,2.956582634880455,4.305140336972988,38.456181010744736,47.8473832831715,9.391202272426767,4.559860478918715,39.16315641004689,49.92120485222966,10.75804844218277,4.317321772904503,10.787144824721258,17.221764462267572,6.434619637546314,4.106548180334228,11.494120224023414,19.29558603132573,7.801465807302316,4.149828801854581,0.706975399302155,2.0738215690581567,1.3668461697560017,3.879793561534052
pared_h,CHE,36,475.8768086863709,471.0326552122525,-4.8441534741184,6.138119009894352,502.26357073894906,507.5049632882709,5.2413925493218585,5.848187440735814,524.7127024692805,533.7736798526836,9.060977383403042,6.014958439121945,524.4814914219633,541.5215240190753,17.04003259711203,5.354907821397427,26.386762052578142,36.47230807601851,10.085546023440365,5.988754760951252,48.83589378290959,62.74102464043108,13.905130857521492,6.553167100428899,48.604682735592355,70.48886880682268,21.884186071230324,6.043678543774501,22.44913173033144,26.26871656441258,3.8195848340811374,5.722990275253488,22.21792068301421,34.016560730804166,11.798640047789956,5.475630982067994,-0.23121104731723108,7.747844166391587,7.979055213708818,5.498211529422363
pared_h,CHL,36,420.8135730978688,420.28810957464685,-0.5254635232219584,6.145070162129091,443.86280218629474,437.65459953609496,-6.20820265019978,5.8920385282574275,459.5482876521675,462.25332502995906,2.705037377791541,5.912366144092273,462.4307152462201,473.1032073753113,10.67249212909121,5.773186382667115,23.04922908842596,17.366489961448156,-5.682739126977804,5.757307676492051,38.73471455429875,41.965215455312226,3.230500901013478,6.746215162167667,41.617142148351284,52.81509780066442,11.197955652313134,6.401903124815757,15.685485465872784,24.598725493864073,8.91324002799129,6.002389370649387,18.567913059925324,35.44860783921626,16.880694779290934,5.858429887129382,2.8824275940525412,10.849882345352189,7.967454751299647,5.3245681184366935
pared_h,COL,36,387.09153686818445,382.2992336479504,-4.792303220234032,5.793770946411216,399.81407307973603,414.0904063498953,14.276333270159284,5.75258343579408,431.66333349324594,435.90115702137666,4.237823528130718,7.816641298230811,433.73247058559144,452.8279248169567,19.09545423136524,8.23203829812699,12.722536211551574,31.791172701944937,19.068636490393363,5.688259587471452,44.57179662506146,53.60192337342629,9.030126748364829,7.3074528354654085,46.64093371740698,70.52869116900628,23.8877574515993,7.893437307164508,31.84926041350989,21.810750671481355,-10.038509742028534,6.547295352565556,33.91839750585541,38.73751846706134,4.8191209612059325,7.733027904068118,2.0691370923455223,16.926767795579984,14.857630703234461,6.104236753490949
pared_h,CZE,36,473.6584004134558,463.2089740862716,-10.449426327184199,5.633497278257221,479.68602348226125,476.78384495822985,-2.902178524031399,5.544995920684663,508.97228465448677,510.42042646752026,1.4481418130334873,5.974871812459775,532.4829006434776,527.4153256170514,-5.067575026426198,5.968536632385033,6.0276230688054735,13.574870871958273,7.5472478031528,5.0055960579739285,35.31388424103103,47.21145238124861,11.89756814021758,5.35466815244649,58.82450023002177,64.20635153077978,5.381851300758015,6.074374688614286,29.28626117222556,33.63658150929034,4.350320337064776,6.006333302685633,52.7968771612163,50.63148065882153,-2.1653965023947706,6.159808797736902,23.510615988990736,16.994899149531186,-6.51571683945955,5.372401196888619
pared_h,DEU,36,466.5421183129969,447.81971476977515,-18.72240354322173,6.444504852775505,500.0448009590822,509.64806959167737,9.603268632595189,7.232410251631506,521.8783682283729,520.7110151955715,-1.1673530328014294,7.164502949580227,518.0851569873037,539.9774538452513,21.8922968579476,7.628152214933211,33.50268264608523,61.82835482190217,28.325672175816933,7.072055082064702,55.336249915375994,72.8913004257963,17.55505051042031,6.604580420859579,51.5430386743066,92.15773907547606,40.61470040116946,7.738584371044374,21.83356726929075,11.062945603894144,-10.770621665396606,7.539143396860369,18.040356028221375,30.3293842535739,12.289028225352524,7.901504798227286,-3.7932112410693777,19.266438649679753,23.05964989074913,7.089719503969091
pared_h,DNK,36,474.6001624925017,454.8034989996281,-19.796663492873563,6.013316294146223,503.7812005048471,483.99528223792566,-19.785918266921442,7.265014967302235,499.91813328392925,503.9459495414018,4.027816257472523,6.07838840142704,504.437505524838,505.128800418163,0.6912948933249936,6.1765072475660565,29.18103801234538,29.191783238297564,0.010745225952184967,7.315948207940934,25.31797079142762,49.142450541773584,23.824479750345965,7.299754805132897,29.837343032336275,50.32530141853486,20.48795838619859,6.98897273580365,-3.863067220917759,19.950667303476017,23.813734524393777,7.7467505477019465,0.6563050199908957,21.133518180237303,20.477213160246407,6.737109852978573,4.5193722409086545,1.1828508767612846,-3.33652136414737,6.581540780216173
pared_h,ESP,36,460.4136299070186,447.98779651721026,-12.42583338980836,4.708308316055927,491.68823503112606,480.6267723012238,-11.061462729902246,4.604705912898291,495.7479479770606,500.48004858521483,4.732100608154212,4.751459413049459,495.25489618175845,501.226056272615,5.971160090856529,4.226932870286449,31.274605124107484,32.63897578401351,1.364370659906026,3.934496441534195,35.33431807004206,52.49225206800463,17.157933997962573,4.290714591880628,34.841266274739816,53.23825975540471,18.396993480664896,3.901068957290554,4.059712945934575,19.853276283991125,15.79356333805655,3.5321506354591077,3.5666611506323305,20.599283971391213,17.03262282075888,3.7152250672546323,-0.4930517953022445,0.746007687400089,1.2390594827023336,3.5879438570245172
pared_h,EST,36,507.6237122231852,497.7645161615877,-9.859196061597459,5.3481624219361406,510.90375198702316,520.600734664643,9.696982677619872,5.810597472273546,540.5568748369465,551.232020086198,10.6751452492515,5.502108397547005,546.497929615011,549.1275437063193,2.6296140913083264,5.585203013970631,3.280039763837999,22.836218503055136,19.55617873921714,5.536194154079871,32.9331626137613,53.46750392461014,20.534341310848845,5.397068387360474,38.874217391825894,51.36302754473145,12.488810152905558,5.82818914007201,29.6531228499233,30.631285421555003,0.9781625716317031,5.814662034061771,35.5941776279879,28.526809041676312,-7.067368586311584,5.531178747717858,5.941054778064597,-2.1044763798786903,-8.045531157943287,5.228142668347062
pared_h,FIN,36,484.8251541125566,472.51186522317784,-12.313288889378782,5.682774918088635,522.1289128955589,509.6114696172655,-12.517443278293342,6.063686082516732,522.9249092516495,534.1132901346086,11.188380882959109,5.5216162341896435,522.9464530960169,531.5338869906286,8.587433894611763,5.622041020504443,37.30375878300227,37.09960439408772,-0.20415438891455295,6.484286468221161,38.09975513909296,61.60142491143082,23.501669772337856,5.784059205400389,38.121298983460214,59.022021767450724,20.90072278399051,5.58037279689437,0.7959963560906885,24.5018205173431,23.70582416125241,5.722117404598316,0.8175402004579382,21.922417373363004,21.104877172905066,5.444006965284916,0.021543844367249675,-2.579403143980096,-2.6009469883473457,5.789766324044917
pared_h,FRA,36,451.5789771626145,458.4710540375539,6.892076874939448,5.966775454985842,490.8450893897358,484.46253791059735,-6.382551479138442,6.227750774248817,509.70677843876473,519.4554793068216,9.748700868056915,6.587931875074974,507.72342455578263,521.442078761851,13.71865420606838,6.416378535989918,39.26611222712121,25.99148387304345,-13.274628354077763,5.702770821182482,58.127801276150265,60.98442526926772,2.856623993117452,6.084435108163279,56.14444739316809,62.97102472429708,6.826577331128988,5.784289120035888,18.861689049029046,34.99294139622427,16.131252347195222,6.323806802498649,16.878335166046885,36.97954085125363,20.101205685206747,5.985580771553568,-1.9833538829821635,1.9865994550293635,3.969953338011527,5.841340712224721
pared_h,GBR,36,483.5914269168512,495.1092142090107,11.517787292159483,6.28821089558676,500.52123991485985,515.1883475472677,14.667107632407806,5.763058431863651,520.9003679310877,543.7500898226265,22.84972189153882,6.365192660511583,522.811414218846,544.2737047534031,21.46229053455704,5.9962818375534015,16.92981299800862,20.07913333825698,3.1493203402483587,6.755039112285353,37.308941014236446,48.64087561361582,11.331934599379373,6.82289611371175,39.21998730199477,49.16449054439233,9.944503242397559,7.2150186335183175,20.37912801622782,28.561742275358835,8.182614259131014,6.301308110112416,22.290174303986145,29.08535720613535,6.795182902149204,5.797008536237152,1.9110462877583245,0.5236149307765118,-1.3874313569818129,6.055480003343544
pared_h,GRC,36,415.1331783174363,407.49356599908435,-7.639612318351965,6.504027676111311,438.4174271840617,426.8370957052254,-11.580331478836285,6.456410393199269,459.7261557500345,461.8544340241066,2.128278274072102,6.286613904822419,452.7443764247138,461.33628080061635,8.591904375902573,5.910058525861905,23.2842488666253,19.343529706141034,-3.9407191604842673,6.351424483085871,44.59297743259815,54.36086802502216,9.76789059242401,6.858417849948214,37.61119810727745,53.84271480153194,16.231516694254488,6.4300644660913875,21.30872856597285,35.01733831888113,13.70860975290828,5.855681052095901,14.326949240652151,34.49918509539091,20.172235854738755,5.445056867019107,-6.981779325320696,-0.5181532234902193,6.463626101830477,5.701889037211951
pared_h,HUN,36,450.6480228908505,449.67120935423253,-0.9768135366179536,5.868329994322977,486.59799611971823,470.1993828164576,-16.398613303260618,6.6939848885229605,506.70735090075596,510.0284306246378,3.3210797238818373,6.592208367638008,503.10542163818445,508.7366445038122,5.6312228656277625,5.796859990066062,35.94997322886783,20.528173462225084,-15.42179976664275,5.949040657507599,56.059328009905585,60.35722127040532,4.297893260499734,7.144931069181046,52.45739874733406,59.065435149579606,6.608036402245546,6.171077383526345,20.109354781037744,39.829047808180235,19.71969302714249,7.532606003774435,16.50742551846622,38.537261687354516,22.029836168888295,6.108694467579218,-3.601929262571525,-1.2917861208257193,2.310143141745806,6.100233140464251
pared_h,IRL,36,479.306504313013,467.50619892617743,-11.80030538683559,6.014525659929068,508.11682327645997,509.993530048716,1.8767067722560569,5.62266440895429,517.4974968934227,520.2181740733465,2.7206771799237686,5.534647074816818,514.6914974493675,521.9082471427787,7.216749693411202,5.0942346139241845,28.810318963446935,42.48733112253855,13.677012159091614,5.53472949415476,38.19099258040981,52.71197514716907,14.520982566759258,6.320749699265561,35.38499313635452,54.40204821660134,19.01705508024682,5.48019088165591,9.380673616962877,10.224644024630527,0.8439704076676495,5.701079611353797,6.574674172907583,11.914717094062791,5.340042921155208,5.57988663427509,-2.8059994440552942,1.6900730694322648,4.496072513487559,5.409529202816591
pared_h,ISL,36,415.6234397440322,425.39799330291555,9.774553558883326,6.080401281355031,455.7245784749299,453.9289076991091,-1.7956707758207813,6.089322550426343,454.57489950107146,470.38464291912544,15.809743418053984,6.352150679835584,466.15791665749066,472.1001576095562,5.942240952065561,5.970246112459702,40.10113873089763,28.530914396193502,-11.570224334704129,7.462349429144353,38.95145975703928,44.986649616209924,6.035189859170643,8.277090920777134,50.53447691345845,46.702164306640654,-3.832312606817794,7.547379468764108,-1.149678973858346,16.455735220016418,17.605414193874765,7.424868075067623,10.433338182560822,18.171249910447152,7.737911727886329,7.3140736118644245,11.583017156419169,1.7155146904307343,-9.867502465988435,7.460716888771361
pared_h,ISR,36,423.72613275692055,421.3977877876579,-2.328344969262673,6.389088891982529,471.8978616447031,466.39378214998413,-5.504079494718951,7.813042486642659,489.0213281220438,485.72923099763113,-3.2920971244126918,6.967409889464039,486.1752682690024,483.68447207720203,-2.4907961918003707,7.098580925093209,48.171728887782464,44.9959943623263,-3.175734525456164,8.005567857630185,65.29519536512323,64.33144320997323,-0.9637521551500043,6.792658049110006,62.44913551208182,62.28668428954419,-0.16245122253762645,6.453783915731238,17.12346647734077,19.335448847646934,2.2119823703061634,8.012596152887433,14.277406624299363,17.29068992721789,3.013283302918527,7.357803885578455,-2.8460598530414076,-2.044758920429041,0.8013009326123668,6.299830909320308
pared_h,ITA,36,455.7278374360267,458.54118771919536,2.8133502831686883,6.232541619405231,477.52503228150965,480.8395134310331,3.3144811495234308,5.555137336022233,486.8945248115304,499.28774928436025,12.393224472829843,6.882421027373275,493.30528479730367,508.84556069210896,15.54027589480529,6.560054073230585,21.797194845482842,22.29832571183771,0.5011308663548668,5.9135783865063445,31.16668737550365,40.746561565164896,9.579874189661247,7.005345733002293,37.577447361276874,50.30437297291363,12.726925611636759,6.742143871887208,9.369492530020807,18.448235853327184,9.078743323306377,6.086812646798517,15.780252515794036,28.006047261075924,12.225794745281888,5.896481646604815,6.410759985773228,9.557811407748739,3.147051421975511,6.356286294000787
pared_h,JPN,36,517.6569439410654,504.807771913314,-12.849172027751365,7.389786723311369,543.3153686694927,534.4117773277817,-8.903591341711035,6.825684706417144,564.9356083249394,566.5125127968469,1.5769044719074827,7.444305059972362,563.873777462453,561.01217738316,-2.861600079292998,6.283371003363968,25.65842472842735,29.60400541446768,3.94558068604033,7.271341148610242,47.27866438387389,61.70474088353293,14.42607649965904,8.394086266739324,46.21683352138742,56.20440546984605,9.98757194845863,7.465933175499796,21.62023965544654,32.10073546906525,10.48049581361871,6.338310988147658,20.558408792960073,26.600400055378373,6.0419912624183,6.151556633709154,-1.0618308624864654,-5.500335413686878,-4.438504551200413,6.184719874007882
pared_h,KOR,36,506.4645034171587,494.64605555075667,-11.818447866402039,7.095388997136272,513.0385325533406,540.5833983835889,27.54486583024834,7.374306952580181,546.8559657049857,541.1359510683145,-5.720014636671181,7.719625720256213,548.5625209009311,547.1469376862071,-1.415583214723938,6.825715562000692,6.574029136181855,45.93734283283227,39.363313696650415,7.204364525675256,40.3914622878269,46.48989551755784,6.098433229730944,7.907103393327001,42.09801748377228,52.50088213545031,10.40286465167803,7.202360921378207,33.81743315164504,0.552552684725572,-33.26488046691947,6.627843915560852,35.523988347590425,6.5635393026180395,-28.960449044972385,7.654233598023419,1.7065551959453842,6.010986617892468,4.304431421947084,7.659986695662756
pared_h,LTU,36,457.1950211363634,466.9647253015845,9.769704165221128,5.436291181989061,483.4439407335698,498.0774906087874,14.633549875217625,5.274000932062617,503.5150967774322,505.7947748938066,2.2796781163744413,5.566965708296992,500.2878445453877,509.89336571130013,9.605521165912421,5.568778350706956,26.248919597206545,31.112765307202928,4.863845709996383,5.701845088305358,46.320075641068925,38.83004959222217,-7.490026048846758,5.653155774738736,43.09282340902436,42.928640409715655,-0.16418299930870717,6.227619599871652,20.071156043862384,7.717284285019241,-12.353871758843143,4.919893874105854,16.843903811817817,11.815875102512729,-5.028028709305088,5.299096726501839,-3.227252232044566,4.098590817493488,7.3258430495380535,5.511709960797091
pared_h,LVA,36,475.84427549622535,457.1760151397436,-18.668260356481767,5.59111396614051,476.5992839479762,464.4373235225885,-12.16196042538769,5.907931459185921,517.1657383466279,499.221982429602,-17.943755917025896,6.247210362860782,509.93112628050966,503.2073877600318,-6.723738520477866,5.5100054330736015,0.7550084517508594,7.261308382844794,6.506299931093935,5.3710165497285915,41.32146285040266,42.04596728985844,0.724504439455778,6.374269316606801,34.08685078428444,46.03137262028819,11.944521836003752,6.163549516736802,40.5664543986518,34.78465890701365,-5.7817954916381495,6.517879704016706,33.331842332533576,38.77006423744339,5.438221904909817,6.252785182904992,-7.2346120661182285,3.985405330429745,11.220017396547973,6.3507498465630885
pared_h,MEX,36,385.48701679064254,387.00778632057785,1.5207695299353077,4.93413554903615,403.421347130241,410.841748931058,7.4204018008170465,5.022128243118968,416.14163716737596,426.6928073283689,10.55117016099291,5.784550691324768,434.7752700646656,442.91764036788356,8.142370303217945,6.3508613716436235,17.93433033959845,23.833962610480153,5.899632270881703,4.770557483513012,30.654620376733437,39.68502100779106,9.03040063105762,5.6275386216813486,49.28825327402318,55.90985404730566,6.621600773282481,6.0163193399129495,12.720290037134987,15.851058397310902,3.1307683601759155,5.28786674487412,31.35392293442473,32.0758914368255,0.7219685024007703,6.264580207523587,18.633632897289743,16.224833039514596,-2.408799857775147,4.91415276162675
pared_h,NLD,36,468.4409543109731,449.56294037366354,-18.87801393730956,7.5112607290828235,503.11686954275564,480.0659225165602,-23.050947026195445,7.558149574951216,496.61029973194746,528.7121937334407,32.101894001493235,7.366057964235095,503.8041135050145,522.272756609798,18.46864310478344,7.242473033907948,34.67591523178252,30.502982142896666,-4.172933088885852,8.068582249247905,28.169345420974274,79.14925335977708,50.9799079388028,7.869146209565807,35.36315919404138,72.70981623613446,37.34665704209308,7.892732694348466,-6.506569810808242,48.646271216880415,55.15284102768866,8.095680449940811,0.6872439622588615,42.20683409323779,41.519590130978926,7.886944554242044,7.193813773067103,-6.439437123642631,-13.633250896709734,7.909216812530342
pared_h,NOR,36,453.5225085644987,438.6654300915603,-14.857078472938383,5.9574344305516505,491.42424639455874,485.3771950534471,-6.047051341111626,5.873721391130875,493.78030913073064,497.02034153583236,3.240032405101715,6.065732026613382,490.95377419088965,499.5859251436743,8.632150952784627,5.75252855679555,37.90173783006007,46.71176496188674,8.810027131826672,6.5415620625705815,40.25780056623198,58.354911444271956,18.097110878039977,6.813205274905284,37.43126562639097,60.920495052113914,23.489229425722947,6.405723394014805,2.3560627361719013,11.643146482385214,9.287083746213312,6.423460339771976,-0.47047220366910664,14.208730090227169,14.679202293896276,5.932370459338689,-2.8265349398410082,2.5655836078419556,5.392118547682964,6.124075955337987
pared_h,NZL,36,477.725712736091,490.94241215533674,13.216699419245742,6.252488890063445,508.6230412337683,520.6390675705068,12.016026336738491,6.248642040893775,533.3809582977653,548.5334819827548,15.152523684989433,6.341187135018972,532.9774353594355,543.9371024255381,10.959667066102611,6.643795037904572,30.897328497677147,29.696655415169886,-1.2006730825072616,7.139516105792919,55.655245561674164,57.59106982741808,1.9358242657439177,7.196977852321839,55.2517226233446,52.994690270201524,-2.2570323531430745,7.070940400289794,24.75791706399702,27.894414412248203,3.136497348251183,8.118594635454548,24.354394125667447,23.29803485503164,-1.0563592706358058,8.27946903871907,-0.40352293832957004,-4.596379557216562,-4.192856618886992,7.681130173998529
pared_h,POL,36,474.91319833638937,467.34679000920033,-7.566408327189038,5.734822443459742,479.9919121880149,476.04311898813586,-3.9487931998790486,5.94463851946937,520.681969023264,529.3166263702763,8.634657347012308,6.637961468448002,529.0569092746844,529.344997230517,0.28808795583267965,5.989612099797417,5.078713851625485,8.696328978935645,3.6176151273101596,5.7903553653342135,45.76877068687448,61.96983636107602,16.201065674201537,6.607615817017734,54.14371093829509,61.99820722131675,7.8544962830216605,6.18758583172861,40.690056835248996,53.27350738214038,12.583450546891385,6.8655502122070615,49.06499708666961,53.3018782423811,4.236881155711494,6.7350216159092335,8.374940251420606,0.028370860240727325,-8.346569391179878,5.902635390833184
pared_h,PRT,36,447.7608445517534,444.6137664421964,-3.1470781095570146,6.304161772883714,488.03320788160556,481.8566117315836,-6.176596150021965,5.964358150911474,502.46860419671583,505.22386946952366,2.755265272807833,7.103499090939091,504.52348024743776,520.2065203277097,15.683040080271894,5.915261844984018,40.27236332985222,37.24284528938729,-3.0295180404649287,5.813359497268513,54.70775964496245,60.61010302732733,5.902343382364876,6.256813671377372,56.762635695684345,75.59275388551335,18.830118189829,5.771590321070683,14.435396315110228,23.367257737940044,8.931861422829815,6.099608489243393,16.49027236583212,38.34990859612607,21.85963623029395,6.205625308966973,2.05487605072189,14.982650858186025,12.927774807464136,5.834715378368898
pared_h,SVK,36,436.56646767057157,439.3670276588414,2.8005599882698107,6.619863282574347,447.9198479144005,463.91908716463024,15.99923925022972,6.522847859050967,480.44985083925576,504.30518654533955,23.855335706083793,7.42052215506957,485.1895535663766,516.8281077326382,31.638554166261542,6.507929142123546,11.353380243829003,24.55205950578894,13.198679261959937,7.12972068560921,43.883383168684176,64.93815888649823,21.054775717814053,8.355366645647091,48.62308589580503,77.46108007379681,28.837994177991774,7.669010892856919,32.530002924855175,40.38609938070928,7.856096455854107,7.714344132300428,37.26970565197603,52.90902056800785,15.639314916031815,7.314435869387407,4.739702727120857,12.522921187298573,7.783218460177716,6.46337195989493
pared_h,SVN,36,474.2459139692563,457.93255287919703,-16.31336109005929,5.02367752138071,497.9845306888377,485.99990106468897,-11.984629624148738,5.608986844978733,516.0459266282909,511.71002364224887,-4.335902986042015,5.171815217818921,515.5579509621255,512.7737667586287,-2.7841842034968067,5.097805519446482,23.73861671958137,28.06734818549192,4.3287314659105505,5.891290504277617,41.80001265903457,53.77747076305184,11.977458104017266,5.606940202768867,41.31203699286913,54.841213879431805,13.529176886562674,5.869943622781915,18.0613959394532,25.71012257755992,7.648726638106719,6.258400546749811,17.573420273287763,26.773865693939875,9.200445420652112,6.287367969636196,-0.4879756661654369,1.063743116379959,1.551718782545396,6.023250071363735
pared_h,SWE,36,464.3311685984875,450.92897570369615,-13.40219289479137,6.105961580292517,500.69241898111267,497.8720051893707,-2.8204137917419416,6.2859506414350195,512.7100556218212,521.4437724884491,8.733716866627901,6.038054944783158,509.7201955443508,517.1156716865252,7.395476142174346,6.283215198515828,36.361250382625144,46.9430294856745,10.581779103049357,6.188910580999796,48.378887023333604,70.51479678475293,22.135909761419327,6.061363537619226,45.38902694586323,66.18669598282902,20.797669036965793,6.788776799005255,12.017636640708464,23.57176729907845,11.554130658369985,6.218846058083693,9.027776563238087,19.24366649715452,10.215889933916435,6.537019795856304,-2.9898600774703765,-4.328100801923926,-1.33824072445355,5.9738198425347635
pared_h,TUR,36,462.38714308174485,469.76979507759205,7.382651995847198,5.155818333688238,464.5776103677346,484.10979940345453,19.53218903571991,5.238130652650174,477.2405025314395,497.5451199096216,20.30461737818206,5.921581358255443,500.35992728656646,541.8309808577274,41.471053571160894,5.8481859887057475,2.190467285989763,14.340004325862543,12.14953703987278,4.778572557143754,14.853359449694642,27.775324832029593,12.921965382334951,6.11918974956223,37.972784204821664,72.06118578013533,34.08840157531367,6.292367271809488,12.662892163704878,13.43532050616705,0.7724283424621721,5.510506951314294,35.7823169188319,57.72118145427278,21.938864535440878,6.146081136078937,23.11942475512702,44.28586094810573,21.166436192978708,6.134473022293474
pared_h,USA,36,468.43106120856754,469.8326485694618,1.4015873608942684,7.775305253109453,495.9419564458666,501.6128756495602,5.670919203693586,10.926365441675213,515.5608691505234,524.9006014750291,9.33973232450569,18.411955504310004,521.3397396761518,534.2107371397423,12.87099746359047,11.739409167019824,27.51089523729903,31.780227080098378,4.269331842799346,10.283779300950032,47.12980794195592,55.06795290556731,7.938144963611393,17.43360967013756,52.908678467584124,64.37808857028051,11.469410102696386,10.567100434542793,19.618912704656886,23.287725825468943,3.6688131208120573,18.29461265861706,25.397783230285096,32.59786149018214,7.200078259897044,10.896807536483193,5.7788705256282125,9.310135664713197,3.5312651390849847,15.048621833994082
pared_h,OECD,36,460.4828702268901,456.4823735545556,-4.0004966723345206,3.22598055133866,485.9680924853017,486.283209450908,0.3151169656062507,3.268714000601914,503.35609200014113,510.81142483981887,7.455332839677737,3.2726984136973782,506.5655327113853,516.2564626694615,9.690929958076197,3.2490332804667026,25.485222258411664,29.80083589635249,4.3156136379408245,1.1676862962682615,42.873221773251124,54.329051285263304,11.45582951201218,1.148267992386375,46.082662484495174,59.774089114906,13.691426630410824,1.0131228565738473,17.387999514839457,24.528215388910816,7.140215874071359,1.2416734014169772,20.597440226083513,29.97325321855351,9.375812992469996,1.12208626900837,3.2094407112440537,5.445037829642695,2.2355971183986414,1.1124053228673059
homepos,AUS,36,458.4574266064545,484.2031387688633,25.745712162408836,5.506102036109641,500.03092798268835,514.5343969353275,14.503468952639196,5.2568346311644065,526.627406339632,524.021657489093,-2.605748850539044,4.932882855823799,547.4876386621651,521.2305289429071,-26.257109719257983,4.93889685479052,41.573501376233864,30.331258166464266,-11.242243209769597,5.470765422270889,68.16997973317754,39.81851872022962,-28.351461012947922,5.321802758188676,89.03021205571062,37.02739017404379,-52.00282188166683,5.656805934942509,26.59647835694367,9.48726055376535,-17.10921780317832,4.729450049944342,47.45671067947676,6.696132007579524,-40.760578671897235,4.673807636176198,20.86023232253309,-2.7911285461858255,-23.651360868718914,4.38885660901833
homepos,AUT,36,419.41867194286976,451.7373749072356,32.318702964365855,6.804264659382809,483.0235280849314,496.53277627873365,13.50924819380225,7.1099990271259506,520.7870762519533,517.4887814444304,-3.2982948075228933,5.582976837791555,544.5708216263001,523.6442614319533,-20.926560194346848,5.641440691569976,63.60485614206159,44.795401371498095,-18.809454770563498,6.500726250067235,101.36840430908345,65.75140653719478,-35.61699777188866,6.883999261797688,125.15214968343032,71.90688652471762,-53.2452631587127,6.928176505359464,37.763548167021845,20.956005165696688,-16.807543001325158,6.575038624442972,61.54729354136873,27.111485153219526,-34.435808388149205,6.67613456697529,23.783745374346882,6.155479987522836,-17.628265386824047,5.631802065535988
homepos,BEL,36,425.19871678067676,445.65408385640364,20.455367075726883,7.27207785843447,481.3065661122288,486.78347141130934,5.476905299080556,6.306985490050831,513.3104376354195,512.0364015053149,-1.274036130104605,5.55078762751542,542.0006055331958,519.8700422736421,-22.130563259553696,6.097826606505925,56.10784933155189,41.12938755490575,-14.978461776646142,6.0758517683104065,88.1117208547427,66.38231764891115,-21.729403205831545,6.914089109866797,116.80188875251879,74.21595841723835,-42.58593033528044,7.7363158268278704,32.003871523190796,25.25293009400542,-6.750941429185374,5.976692198605128,60.694039420966895,33.08657086233261,-27.607468558634288,6.626382827322762,28.6901678977761,7.833640768327183,-20.856527129448917,5.694695574241562
homepos,CAN,36,480.13346624476014,488.4918235273628,8.35835728260264,5.126298006369239,510.9064316107044,516.9792737730642,6.072842162359791,4.8297311599889525,528.3855686433842,527.5304194003919,-0.8551492429922973,4.665660582775805,544.4883551793732,516.442971389454,-28.045383789919242,5.279789959420521,30.77296536594431,28.48745024570136,-2.2855151202429482,4.42748499496909,48.25210239862413,39.03859587302925,-9.21350652559488,4.623739297773162,64.35488893461309,27.951147862091283,-36.403741072521804,5.512229599915295,17.47913703267982,10.55114562732789,-6.92799140535193,4.1427443042524805,33.58192356866878,-0.5363023836100751,-34.118225952278856,4.71182695273484,16.102786535988958,-11.087448010937965,-27.190234546926924,4.245728017677214
homepos,CHE,36,440.89735339608126,465.59853753313325,24.701184137051996,6.642012300156382,487.773181598456,501.21431037900265,13.441128780546649,5.604733982119233,523.9085093103768,523.4947432772867,-0.4137660330900417,5.8724600540493705,557.7357924944706,519.046874066739,-38.688918427731664,5.914971070520821,46.87582820237476,35.61577284586936,-11.260055356505404,6.638092251253366,83.01115591429557,57.896205744153484,-25.114950170142087,6.701893037211216,116.83843909838929,53.448336533605584,-63.3901025647837,7.116169935240062,36.135327711920795,22.280432898284126,-13.854894813636669,5.476018035190983,69.96261089601452,17.832563687736222,-52.1300472082783,5.681558507046901,33.82728318409373,-4.447869210547902,-38.27515239464163,5.936836644445956
homepos,CHL,36,405.217339596997,414.5298588300342,9.312519233037165,5.885376468842467,436.4614824857716,438.2185910602001,1.7571085744284574,6.030219036882336,456.37808360893206,450.3325357976702,-6.0455478112618835,6.188091335249401,484.39343544463117,474.7179370370119,-9.675498407619273,6.03542686613748,31.244142888774565,23.688732230165886,-7.555410658608679,5.692352011513567,51.16074401193498,35.80267696763598,-15.358067044298998,6.275980687934001,79.17609584763406,60.18807820697771,-18.988017640656352,6.4241628630166545,19.916601123160415,12.113944737470097,-7.802656385690318,6.615715783418943,47.93195295885948,36.499345976811824,-11.432606982047659,5.976328415476777,28.015351835699068,24.385401239341725,-3.629950596357343,6.259437117999573
homepos,COL,36,369.24367143205984,375.6814429997248,6.437771567664981,5.753276888297657,393.7966522088012,401.7199916140992,7.923339405297952,6.5159166018484544,422.4864135558799,426.7395043046672,4.253090748787315,7.5839304769600036,465.4735063866343,460.4886523160961,-4.984854070538233,8.516902378940744,24.552980776741425,26.038548614374427,1.4855678376330026,6.282354226897,53.24274212382005,51.05806130494241,-2.184680818877638,7.956477690969167,96.22983495457447,84.80720931637123,-11.422625638203243,9.34552966303186,28.689761347078626,25.019512690567986,-3.6702486565106405,5.6106148622574965,71.67685417783302,58.76866070199681,-12.908193475836214,7.83262079874562,42.987092830754406,33.74914801142882,-9.237944819325584,7.056890206919633
homepos,CZE,36,432.54209178897935,454.571578105978,22.029486316998657,6.338559366579013,491.1821703294606,491.52504139609056,0.3428710666299821,5.816605399754572,521.1411701385936,503.74120629811375,-17.399963840479813,5.777793576601012,544.7745161616593,510.7807030458619,-33.99381311579742,5.7563086294760675,58.64007854048117,36.95346329011247,-21.686615250368703,5.277515577647602,88.59907834961416,49.16962819213563,-39.42945015747853,6.4665127694786335,112.23242437268013,56.20912493988391,-56.02329943279622,7.116532806364108,29.958999809132997,12.216164902023166,-17.74283490710983,5.5318231920514895,53.59234583219895,19.25566164977144,-34.33668418242751,5.784728766242017,23.63334602306595,7.039496747748274,-16.593849275317677,5.298271865990327
homepos,DEU,36,424.86284282075775,428.24185643589607,3.3790136151383194,8.036405574475696,486.9433951630972,482.9636624751105,-3.9797326879867114,7.748051718857565,520.2393463458391,518.1519604372345,-2.087385908604574,7.433729273690874,554.8030563347897,536.9616683729839,-17.84138796180582,6.3519589735883235,62.08055234233929,54.7218060392144,-7.358746303124889,7.034077377255725,95.37650352508126,89.91010400133845,-5.466399523742808,7.860809335171018,129.94021351403183,108.71981193708791,-21.220401576943914,8.720461966452875,33.29595118274197,35.18829796212406,1.8923467793820876,7.027411603839012,67.85966117169255,53.99800589787351,-13.86165527381904,7.74960175852869,34.56370998895058,18.80970793574945,-15.754002053201127,6.746515969866989
homepos,DNK,36,452.56838610103887,444.6566410789372,-7.911745022101684,6.479528746356747,488.5358293471011,483.31582538666,-5.220003960441147,6.077031187470844,513.455198204537,496.36481038449654,-17.09038782004052,5.89923811716229,522.5783054347451,490.1437857195393,-32.43451971520574,6.516350042837894,35.9674432460623,38.65918430772284,2.6917410616605366,6.518180746320526,60.88681210349807,51.70816930555937,-9.1786427979387,6.828985222374143,70.00991933370616,45.4871446406022,-24.522774693103962,6.499448293396785,24.919368857435785,13.048984997836532,-11.870383859599253,6.743136460780145,34.042476087643884,6.82796033287936,-27.214515754764523,7.0156528290065046,9.123107230208097,-6.221024664957173,-15.344131895165269,6.736402942075814
homepos,ESP,36,442.13739385395365,451.86885463043734,9.731460776483686,5.153141376857078,477.18017434918636,479.458826064437,2.2786517152506462,4.507629617031536,500.36411336939784,488.96953748039243,-11.39457588900541,4.482884637268724,520.9185482834139,497.6898705533252,-23.22867773008869,4.479443747874093,35.04278049523272,27.589971433999686,-7.452809061233033,4.277183956024805,58.22671951544412,37.10068284995501,-21.12603666548911,4.220841330726031,78.7811544294602,45.82101592288787,-32.960138506572335,4.873130534939177,23.183939020211405,9.510711415955319,-13.673227604256086,3.2388400447981747,43.738373934227496,18.23104448888818,-25.507329445339316,3.624993818207682,20.554434914016092,8.720333072932863,-11.834101841083228,3.2716159575849004
homepos,EST,36,483.794093362251,508.54042449407837,24.74633113182739,5.3566922963306025,522.2803645723844,523.8978034422987,1.617438869914281,5.683704770388964,542.8823479839007,539.726786259052,-3.155561724848667,5.537093145215472,556.052197176275,539.2704449463808,-16.781752229894096,5.7595445281312765,38.48627121013338,15.357378948220411,-23.12889226191297,5.15713525548376,59.088254621649654,31.186361764973526,-27.901892856676128,5.5862393405826385,72.25810381402393,30.730020452302448,-41.52808336172148,5.81698352438805,20.60198341151628,15.828982816753115,-4.773000594763165,6.089701325490985,33.77183260389054,15.372641504082036,-18.3991910998085,5.721346762838967,13.169849192374262,-0.456341312671077,-13.626190505045338,5.087364341057057
homepos,FIN,36,466.072706087269,489.9603872176191,23.887681130350074,5.691367397575427,509.30929310347744,511.5604002301833,2.251107126705847,5.478495465795919,527.8248979086691,515.0358495718299,-12.789048336839187,5.826041351744953,543.3433771182368,511.40875259747645,-31.934624520760394,5.819226400009403,43.23658701620858,21.600013012564297,-21.636574003644284,5.711580048680872,61.752191821400096,25.07546235421085,-36.67672946718925,5.313520785336333,77.27067103096775,21.448365379857506,-55.82230565111024,5.383569109346782,18.515604805191515,3.475449341646555,-15.04015546354496,5.788060184811901,34.03408401475917,-0.1516476327067892,-34.185731647465964,5.390464331416434,15.518479209567658,-3.627096974353344,-19.145576183921,5.728735311541848
homepos,FRA,36,423.349784900406,442.32430479752,18.97451989711402,6.598715480821756,471.88496692151875,478.5533074952567,6.668340573737964,6.560734479302888,510.1057416839285,504.66880836409274,-5.4369333198357594,7.102855329508022,544.0282079194012,516.9032025715758,-27.125005347825436,5.979016862851382,48.535182021112774,36.2290026977367,-12.306179323376071,6.373026026113452,86.75595678352249,62.3445035665727,-24.411453216949795,6.950619372613259,120.6784230189952,74.57889777405576,-46.09952524493944,7.01259046536381,38.22077476240972,26.115500868835987,-12.105273893573731,6.594479579096907,72.14324099788243,38.349895076319044,-33.793345921563386,6.277347322627753,33.9224662354727,12.234394207483058,-21.68807202798964,6.008976126820743
homepos,GBR,36,454.55004923333416,483.38883840759524,28.83878917426108,6.048304152722736,486.76949784948357,508.5802273381522,21.810729488668642,5.975137332144968,517.9031981703113,522.4342485604841,4.5310503901728225,6.235647696727693,551.3043994184807,539.6500517640525,-11.654347654428193,6.535133677603711,32.21944861614944,25.191388930556958,-7.028059685592485,6.206016823154538,63.353148936977185,39.04541015288872,-24.307738784088464,6.940785822106518,96.75435018514649,56.261213356457155,-40.49313682868934,7.492428093052162,31.133700320827746,13.854021222331767,-17.27967909849598,6.212100523616495,64.53490156899704,31.069824425900197,-33.46507714309685,7.211066563524268,33.4012012481693,17.21580320356843,-16.18539804460087,6.675600968719586
homepos,GRC,36,397.8281445266372,408.5938465428455,10.765702016208309,6.150153803350357,435.40079275733035,440.4754517960854,5.074659038755044,6.013426602066121,458.86508773069846,447.0521351639378,-11.812952566760657,6.054604147326888,472.125949206844,445.98790085298117,-26.138048353862814,6.70004049253619,37.572648230693126,31.88160525323995,-5.691042977453176,5.6123566267385945,61.0369432040613,38.45828862109227,-22.57865458296903,6.170590131981887,74.29780468020672,37.394054310135665,-36.90375037007106,6.633775305296473,23.46429497336818,6.57668336785232,-16.887611605515858,5.259370720242577,36.72515644951359,5.512449056895713,-31.21270739261788,6.081583768049655,13.260861476145413,-1.064234310956607,-14.32509578710202,5.6870110900735416
homepos,HUN,36,418.29371634159145,433.4230114686481,15.12929512705665,6.588658167422297,477.14577474411425,479.8505982107061,2.704823466591847,6.019729610612669,513.2912577627354,497.0763157966753,-16.21494196606011,6.369305298123799,536.6074549620578,512.1853757043659,-24.42207925769185,6.049064748107487,58.852058402522786,46.42758674205807,-12.424471660464718,6.094875495234323,94.99754142114399,63.65330432802718,-31.34423709311681,7.413823625177598,118.3137386204663,78.76236423571784,-39.551374384748456,7.772179011741043,36.14548301862121,17.225717585969118,-18.919765432652095,5.51392160569482,59.46168021794354,32.33477749365977,-27.126902724283767,6.128529863016656,23.316197199322318,15.109059907690654,-8.207137291631664,5.8731020326886405
homepos,IRL,36,460.9220223861089,468.53860753468626,7.6165851485773715,6.305770027965943,497.94021692614115,501.0227732349264,3.082556308785229,5.321298458272155,521.4403438366261,512.2211776270781,-9.219166209548007,5.357041507992284,537.8711710019431,519.2137978334541,-18.657373168489016,5.268309887935706,37.018194540032184,32.48416570024012,-4.5340288397920645,5.34631570995875,60.518321450517156,43.68257009239177,-16.835751358125385,6.07788334121208,76.94914861583423,50.67519029876787,-26.27395831706636,6.385992875245309,23.500126910484973,11.19840439215165,-12.301722518333323,5.130962281639096,39.93095407580206,18.191024598527754,-21.73992947727431,5.185970823993527,16.43082716531709,6.9926202063761025,-9.438206958940988,5.188380291660802
homepos,ISL,36,410.9877987212343,416.50826688731814,5.520468166083845,5.852592773408773,442.58007935543435,448.3240067295489,5.7439273741145485,5.976222519740846,459.24138564992137,457.63544533305577,-1.605940316865599,5.33480260832443,475.46857914630357,451.33594166651693,-24.132637479786638,6.362471808270447,31.592280634200115,31.81573984223083,0.2234592080307145,7.673399205970684,48.253586928687085,41.1271784457377,-7.126408482949387,6.604222753403381,64.48078042506933,34.82767477919883,-29.653105645870497,7.163581138419642,16.661306294486973,9.311438603506872,-7.349867690980101,6.3293191238524145,32.888499790869204,3.011934936967998,-29.876564853901208,7.50040626207772,16.227193496382235,-6.2995036665388735,-22.52669716292111,7.245734000463009
homepos,ISR,36,404.79306968046853,412.34595280581095,7.552883125342419,6.704761926549733,456.20966929146937,452.931588698803,-3.278080592666356,6.925946949850292,489.1307696862391,462.69345156043545,-26.437318125803642,7.294753998242466,514.7481588342189,466.9757369773465,-47.77242185687237,7.59379920144869,51.41659961100074,40.585635892991995,-10.830963718008746,6.358017911219799,84.3377000057706,50.347498754624446,-33.99020125114615,7.205828076925239,109.9550891537504,54.62978417153556,-55.32530498221483,7.905878619457617,32.92110039476987,9.761862861632448,-23.159237533137425,7.044922540054954,58.538489542749666,14.04414827854356,-44.494341264206106,7.370443541507003,25.617389147979793,4.282285416911111,-21.33510373106868,7.580708089965281
homepos,ITA,36,426.28627340442443,443.33581220599734,17.049538801572908,5.790110253441928,469.0270979268651,480.22471270234837,11.19761477548326,6.354050527113222,495.5045913631784,501.01499426276825,5.510402899589849,6.046699144272554,521.0443934547781,509.2725827480256,-11.771810706752433,6.578088932872184,42.74082452244066,36.88890049635098,-5.851924026089684,5.679649419518664,69.21831795875399,57.67918205677095,-11.539135901983038,5.6142858177575405,94.75812005035354,65.93677054202824,-28.821349508325298,6.715089450390925,26.477493436313313,20.790281560419977,-5.687211875893336,5.64755338159579,52.01729552791287,29.04787004567725,-22.96942548223562,5.694859810425724,25.53980209159955,8.257588485257276,-17.282213606342275,5.732061931453681
homepos,JPN,36,506.17986277015996,513.3436924213279,7.16382965116793,7.776876179209433,544.1435078308532,543.2908989492511,-0.8526088816021229,6.042627245818338,560.5030797054028,553.5343575672503,-6.968722138152543,6.346134576169402,577.1100638819358,547.4472314342985,-29.662832447637356,7.291364873086437,37.96364506069331,29.947206527923335,-8.016438532769975,6.575653665082857,54.323216935242726,40.19066514592248,-14.132551789320246,6.925581604932176,70.9302011117758,34.10353901297054,-36.82666209880526,7.585683448615352,16.35957187454942,10.243458617999147,-6.116113256550273,6.032961041417929,32.96655605108249,4.15633248504721,-28.810223566035283,6.855400629864272,16.606984176533068,-6.087126132951937,-22.694110309485005,5.700293468383547
homepos,KOR,36,474.71585421770243,493.7860567130659,19.070202495363446,9.23261201194703,521.4725928315936,527.7848388815906,6.312246049997043,7.130298040067302,549.8491232190752,540.6872362848617,-9.161886934213499,6.55201452463403,567.1416303945509,547.3103594016927,-19.831270992858208,7.223836681367766,46.75673861389119,33.99878216852477,-12.757956445366418,8.080740119301371,75.13326900137288,46.90117957179579,-28.232089429577094,9.902192791380557,92.42577617684852,53.52430268862683,-38.90147348822168,9.768572739943576,28.376530387481694,12.902397403271015,-15.474132984210678,6.9833546541324205,45.66903756295733,19.525520520102067,-26.14351704285526,6.971337616295806,17.292507175475635,6.62312311683105,-10.669384058644585,5.961996631131304
homepos,LTU,36,437.0632722587943,463.09486965615434,26.03159739736003,5.61176548565089,476.6248787841822,484.0407739104986,7.4158951263164,5.287591935460839,502.9198155857051,497.9348847831392,-4.984930802565941,4.975277013071614,525.0156778210892,507.80945420141245,-17.206223619676734,5.603592847593195,39.56160652538789,20.945904254344292,-18.615702271043595,5.236484048287983,65.85654332691084,34.84001512698484,-31.016528199926,5.784636747620354,87.95240556229483,44.71458454525803,-43.2378210170368,5.812874374938409,26.294936801522947,13.894110872640544,-12.400825928882403,4.918222400657426,48.39079903690695,23.768680290913732,-24.622118745993216,5.225219826140341,22.095862235383997,9.874569418273188,-12.22129281711081,5.372763735252479
homepos,LVA,36,459.0234769541551,443.9132964707891,-15.110180483366037,5.799123299169284,487.8678122955562,471.7806252360303,-16.08718705952589,5.584592105224932,505.4757811641383,478.6657346430899,-26.810046521048434,5.626543096089158,525.1278151143687,483.9284385962161,-41.199376518152576,4.938254357494863,28.844335341401084,27.867328765241126,-0.9770065761599582,5.414593077890555,46.45230420998319,34.75243817230072,-11.699866037682469,5.384630173875395,66.10433816021346,40.015142125426976,-26.089196034786482,5.5054378268684445,17.607968868582105,6.885109407059593,-10.722859461522512,5.177285243080598,37.26000281881237,12.147813360185847,-25.11218945862652,5.534600142257175,19.652033950230265,5.262703953126254,-14.389329997104012,5.653581925314027
homepos,MEX,36,372.56676937553755,388.04774091552156,15.480971539984012,5.047948538302378,402.56917863456937,407.7642292283191,5.195050593749727,5.086141823673624,419.3316511969603,423.38850628968294,4.056855092722628,5.180984527594475,445.2572202139469,435.97190046522184,-9.285319748725044,6.751626543361412,30.00240925903181,19.716488312797537,-10.285920946234274,4.578085677143811,46.76488182142283,35.3407653741614,-11.424116447261433,5.02718464880716,72.69045083840925,47.924159549700356,-24.766291288708892,7.075182020543488,16.762472562391025,15.624277061363864,-1.1381955010271607,4.17722481512265,42.68804157937743,28.20767123690282,-14.480370342474615,6.147517169958679,25.925569016986408,12.583394175538956,-13.342174841447452,5.517427167978418
homepos,NLD,36,423.1533987417368,442.20735366564725,19.053954923910453,7.909096430839506,479.6426671624678,490.9459260458416,11.303258883373815,8.134881302099808,518.3392540696649,505.7071078127745,-12.632146256890394,7.199425486861803,540.9162943062764,507.200182143236,-33.71611216304041,6.901493019197952,56.489268420730994,48.73857238019437,-7.750696040536624,7.082655906609433,95.18585532792801,63.49975414712717,-31.68610118080084,8.347542412911631,117.76289556453965,64.99282847758869,-52.77006708695096,8.911332402875892,38.696586907197045,14.761181766932799,-23.935405140264244,7.9057898995411975,61.27362714380865,16.25425609739433,-45.01937104641432,8.391900301334832,22.577040236611605,1.4930743304615306,-21.083965906150073,7.359041631472202
homepos,NOR,36,432.6618511662252,446.16795188311715,13.506100716891979,5.751282454175931,477.8425018750815,474.73817608724374,-3.1043257878377517,5.752762299286247,498.43142647999775,490.2055595610815,-8.225866918916267,5.777294573816525,511.32661411601674,481.18913040785066,-30.137483708166087,5.9823587478726985,45.18065070885635,28.570224204126582,-16.610426504729766,6.047975391392998,65.76957531377259,44.03760767796423,-21.73196763580836,5.914696381051832,78.66476294979158,35.02117852473347,-43.64358442505811,6.279165608989177,20.588924604916237,15.467383473837652,-5.121541131078585,5.981717573887747,33.48411224093522,6.450954320606888,-27.03315792032833,6.124463082316243,12.895187636018983,-9.016429153230764,-21.91161678924975,6.392654691239255
homepos,NZL,36,445.1182134751227,469.4359276883396,24.317714213216902,5.795505106378542,498.32253473837727,512.8271134931181,14.504578754740805,7.124531095423942,533.1157774611092,528.7399857881595,-4.375791672949731,5.914440199772921,545.0350367941147,539.1202497738776,-5.9147870202371,5.660666518388134,53.204321263254656,43.39118580477851,-9.813135458476147,6.5433333689075495,87.99756398598657,59.30405809981996,-28.693505886166612,6.7068168971150035,99.91682331899197,69.68432208553797,-30.232501233454002,6.398359802315529,34.793242722731925,15.912872295041462,-18.880370427690465,7.480228802633511,46.712502055737325,26.293136280759473,-20.41936577497785,8.060213723895528,11.919259333005403,10.380263985718011,-1.5389953472873916,6.611356214509435
homepos,POL,36,453.2161834663475,471.4866717466008,18.27048828025329,5.7748901187289645,490.20558630925836,496.3824712231314,6.176884913873039,6.207167998807501,520.2139140127263,507.9904450079713,-12.223469004754975,5.688570776191878,534.5031066104505,511.2357210481017,-23.26738556234875,6.246918136304455,36.98940284291086,24.895799476530566,-12.093603366380297,5.803090071535936,66.9977305463788,36.503773261370604,-30.4939572850082,5.510880283542215,81.28692314410303,39.749049301500904,-41.537873842602124,6.504331589513119,30.008327703467963,11.607973784840038,-18.400353918627925,5.713904438855852,44.297520301192165,14.853249824970339,-29.444270476221824,6.226057036915386,14.289192597724206,3.245276040130301,-11.043916557593905,5.730807118550156
homepos,PRT,36,438.83305917782627,445.5183251361761,6.685265958349817,6.779809050271012,470.7339393701761,472.97781300219333,2.243873632017255,6.543456352274406,500.70516132302527,498.3323800793129,-2.3727812437123816,6.180610260396986,528.6562404694466,513.2828760874715,-15.37336438197508,7.050656561283285,31.900880192349756,27.45948786601719,-4.441392326332565,5.099023757469852,61.87210214519898,52.81405494313682,-9.058047202062163,6.523606705417618,89.82318129162024,67.76455095129542,-22.058630340324825,7.7428010019354705,29.97122195284923,25.35456707711963,-4.616654875729601,5.615644880271435,57.922301099270484,40.305063085278235,-17.61723801399225,6.938011855519499,27.95107914642126,14.950496008158604,-13.000583138262657,6.539575046288899
homepos,SVK,36,378.80567826148985,424.33665567102116,45.53097740953132,8.065381765806364,456.7488347845542,480.2269118564747,23.478077071920495,6.366476570178498,495.8666498748054,494.0474338673165,-1.8192160074888761,6.35795761248823,517.2182000232191,504.6734642544614,-12.544735768757675,6.531334998451839,77.94315652306435,55.89025618545362,-22.052900337610723,7.086236558512847,117.06097161331544,69.71077819629542,-47.35019341702002,8.21604223226738,138.4125217617293,80.3368085834402,-58.07571317828909,9.532926953954231,39.11781509025109,13.820522010841795,-25.297293079409297,6.620285643546581,60.469365238664935,24.44655239798658,-36.022812840678355,7.490531220390055,21.35155014841384,10.626030387144784,-10.725519761269055,6.348740774798926
homepos,SVN,36,449.76665169201397,459.59425590591974,9.827604213905772,5.731843190168694,495.77740264033474,490.91058209656313,-4.86682054377161,5.394777805141981,521.0220478890415,501.0715649903671,-19.950482898674352,5.161491626922335,534.6156123154849,491.2956289907934,-43.31998332469152,5.014942200298262,46.010750948320876,31.316326190643395,-14.694424757677481,6.590874687622801,71.25539619702745,41.477309084447384,-29.778087112580067,6.426709005303865,84.84896062347089,31.70137308487366,-53.14758753859723,6.5687055427396155,25.24464524870657,10.160982893803993,-15.083662354902575,6.474045408934569,38.838209675150004,0.3850468942302655,-38.45316278091974,6.268926347268095,13.593564426443436,-9.775935999573727,-23.36950042601716,5.398755722065163
homepos,SWE,36,429.9999808254088,451.1487612404245,21.14878041501572,6.234097681481507,484.8132806082852,491.9925009043262,7.179220296041024,6.538200217804292,520.8243800509703,505.3634278475764,-15.460952203393845,6.191968428528613,542.058506523212,502.44209195619817,-39.61641456701386,6.3189355356349175,54.81329978287634,40.84373966390171,-13.969560118974634,6.009192080323585,90.82439922556162,54.21466660715193,-36.60973261840969,6.902062950527156,112.05852569780336,51.29333071577357,-60.76519498202979,7.111763170441532,36.01109944268527,13.37092694325022,-22.640172499435053,6.318440126081969,57.245225914927005,10.449591051871858,-46.79563486305515,6.7627207177973325,21.234126472241734,-2.9213358913783622,-24.155462363620096,6.1204816175831835
homepos,TUR,36,428.5054362352563,459.0281076194251,30.522671384168802,5.621398166998508,469.7581902947817,493.1599735987933,23.401783304011587,5.563509528937694,490.5263583166026,509.13262244561366,18.606264129011038,5.264022150203823,515.1834051743997,517.0034675861622,1.8200624117624784,6.5552468986559305,41.252754059525486,34.131865979368214,-7.120888080157272,5.657416898303908,62.02092208134634,50.10451482618854,-11.9164072551578,5.700034180147717,86.67796893914338,57.97535996673705,-28.70260897240633,7.357400291680899,20.76816802182085,15.972648846820324,-4.795519175000525,5.0160188665917875,45.42521487961788,23.843493987368827,-21.581720892249056,7.011984431125656,24.657046857797035,7.870845140548505,-16.78620171724853,6.332833388775789
homepos,USA,36,448.10289208034385,456.1613643882885,8.058472307944669,10.095312467263458,481.1192293184022,497.32467854581245,16.20544922741027,10.853061674996336,517.5031708982203,517.1027095138686,-0.40046138435172907,12.824772074862256,552.3335978513294,533.6565256892009,-18.677072162128525,14.511183884584971,33.016337238058384,41.1633141575239,8.146976919465516,11.815196309202907,69.40027881787634,60.941345125579915,-8.458933692296426,12.251386884520466,104.23070577098547,77.49516130091226,-26.735544470073208,14.975481486018667,36.38394157981794,19.778030968056022,-16.60591061176192,13.287782536419892,71.2143685329271,36.33184714338836,-34.88252138953874,11.839504352568218,34.83042695310913,16.553816175332337,-18.276610777776796,13.316701154210818
homepos,OECD,36,435.42409999740204,451.09626872660954,15.672168729207499,3.2552151549537744,478.98139528330887,484.85595971420906,5.874564430900193,3.262794320847914,506.60834823410005,500.0092979666823,-6.599050267417738,3.2426657982852585,528.9810414274933,505.74410569021904,-23.23693573727428,3.266386362195336,43.55729528590679,33.759690987599626,-9.797604298307164,1.0702356847947312,71.18424823669793,48.913029240072824,-22.2712189966251,1.0990399323225268,93.55694143009116,54.64783696360949,-38.909104466481665,1.1970145411079636,27.62695295079114,15.153338252473201,-12.473614698317938,1.156270119279051,49.99964614418438,20.888145976009874,-29.11150016817451,1.1327756892707006,22.372693193393246,5.734807723536671,-16.637885469856577,1.0391163566467758
homepos_h,AUS,36,469.82869859545536,476.5415553944493,6.712856798993926,5.49849853907194,507.99937856433235,512.4343284121423,4.434949847810003,5.1349898123956095,525.6166804957545,528.2062948649949,2.589614369240394,4.940698998445919,530.1335339581221,527.8215002907649,-2.312033667357241,5.0230498254000215,38.170679968876996,35.89277301769315,-2.2779069511838443,5.035244776850722,55.78798190029928,51.664739470545804,-4.123242429753475,5.224964466177096,60.30483536266668,51.279944896315705,-9.024890466350975,5.6016995754440115,17.617301931422283,15.771966452852656,-1.845335478569627,4.794263159599818,22.134155393789666,15.387171878622553,-6.746983515167113,4.719884731244862,4.516853462367385,-0.38479457423010216,-4.901648036597487,4.700604835105353
homepos_h,AUT,36,430.7261296315625,447.13016796194154,16.404038330379024,6.767289903863484,488.6980035763769,496.5202973206706,7.822293744293688,6.470884323553441,521.963221225595,520.5131324757206,-1.4500887498744532,5.813445947700346,528.4865095658914,525.9462067501261,-2.540302815765358,5.6356083850950585,57.9718739448143,49.39012935872899,-8.581744586085307,5.972457588821461,91.23709159403255,73.38296451377902,-17.854127080253534,6.361047397763958,97.76037993432891,78.81603878818457,-18.94434114614434,7.177105863589476,33.265217649218265,23.992835155050027,-9.272382494168237,5.84260492740631,39.788505989514626,29.425909429455583,-10.362596560059043,6.423094524802245,6.523288340296358,5.433074274405556,-1.0902140658908026,5.446286526618829
homepos_h,BEL,36,435.1745148093243,443.2006837031922,8.026168893867919,7.074852411955036,489.4355103015505,487.80902693050376,-1.6264833710467315,6.059752662170636,512.8221436175645,513.2278073529081,0.4056637353436372,5.723542633680064,526.4114255023507,525.0081464669843,-1.4032790353663813,5.893192519313678,54.260995492226115,44.608343227311394,-9.652652264914721,5.754962409298947,77.64762880824026,70.0271236497159,-7.620505158524352,7.070502984081102,91.23691069302626,81.80746276379196,-9.4294479292343,7.715549224196252,23.386633316014127,25.418780422404517,2.03214710639039,5.520865854523299,36.97591520080015,37.19911953648057,0.2232043356804212,6.069825841915109,13.589281884786027,11.780339114076053,-1.8089427707099741,5.585952715902827
homepos_h,CAN,36,485.2218942255805,480.6634061768779,-4.5584880487026,5.04212137154413,514.4661200618733,512.6764211555744,-1.789698906298895,4.877921784377357,531.9468206839899,530.039791286706,-1.9070293972839636,4.750836915919306,534.1161521386521,528.7107880609358,-5.4053640777162855,5.379431514956047,29.24422583629276,32.01301497869655,2.7687891424037936,4.071781889699872,46.724926458409385,49.376385109828156,2.6514586514187712,4.731325130182526,48.89425791307154,48.04738188405794,-0.8468760290136004,5.735705249389584,17.480700622116625,17.363370131131603,-0.11733049098502235,4.059007503688844,19.65003207677878,16.034366905361388,-3.6156651714173904,4.9865226639817415,2.169331454662154,-1.3290032257702138,-3.4983346804323676,4.55798633891039
homepos_h,CHE,36,454.50908059726953,457.15157039171334,2.6424897944438044,6.037312178891673,492.5839846736577,499.2693475404564,6.685362866798698,5.690303661375158,520.7965215394881,523.2930313985255,2.49650985903736,6.048540417057024,543.2351448263123,530.6241453021622,-12.610999524150088,5.979549335948599,38.07490407638807,42.11777714874308,4.0428730723550075,5.607935329406002,66.28744094221858,66.14146100681221,-0.14597993540637333,6.493807462274867,88.72606422904275,73.47257491044897,-15.253489318593779,6.838010464358514,28.212536865830515,24.02368385806913,-4.188853007761384,5.488824436387186,50.65116015265467,31.354797761705886,-19.296362390948783,5.885133503504534,22.438623286824157,7.331113903636753,-15.107509383187404,6.2759165802759735
homepos_h,CHL,36,410.88207433093146,408.86563278111146,-2.0164415498200015,5.690376473056318,439.69350172054294,435.9692022795227,-3.724299441020264,6.40076815976328,456.19581506939875,453.0341254298131,-3.1616896395856315,5.97990552074375,477.7095233757656,483.5006858672009,5.791162491435273,5.72417558463793,28.811427389611488,27.1035694984112,-1.7078578912002875,5.782301035041023,45.313740738467274,44.16849264870163,-1.1452480897656443,6.112236942874533,66.82744904483422,74.6350530860894,7.807604041255175,6.080351231690177,16.50231334885579,17.06492315029043,0.5626098014346397,6.278893190802368,38.01602165522274,47.53148358767819,9.515461932455452,6.09347529527276,21.513708306366947,30.466560437387763,8.952852131020816,5.923236796590016
homepos_h,COL,36,376.2831059130128,378.7870109422302,2.503905029217435,5.700173999100499,395.85659938019637,399.80837782228815,3.951778442091779,6.053712485363365,422.8589375349855,428.15372944002337,5.294791905037869,7.708398655309891,462.48000211749303,463.94370974359754,1.463707626104508,8.536442899994247,19.573493467183606,21.02136688005795,1.447873412874344,5.759235796779708,46.575831621972675,49.366718497793165,2.7908868758204903,7.597637055962316,86.19689620448023,85.15669880136738,-1.0401974031128418,9.149191900630658,27.002338154789065,28.34535161773521,1.3430134629461463,5.9269709090995,66.62340273729663,64.13533192130942,-2.4880708159872142,8.150210544781666,39.621064582507564,35.78998030357421,-3.8310842789333535,7.085688467889146
homepos_h,CZE,36,448.2088715835651,445.65501119746085,-2.5538603861042475,6.200488895756845,496.5015898022927,491.5131831579496,-4.988406644343115,5.837061038526147,518.0532112338899,504.78752570593815,-13.265685527951746,5.608021017336143,528.0032047728265,520.2518062600193,-7.751398512807214,5.848795936011478,48.2927182187277,45.8581719604888,-2.4345462582389032,5.2121369829851,69.84433965032488,59.132514508477286,-10.711825141847598,6.281385658993984,79.79433318926142,74.59679506255853,-5.197538126702895,7.018776338685035,21.55162143159717,13.2743425479885,-8.27727888360867,5.235293961006905,31.501614970533712,28.738623102069727,-2.7629918684639847,5.681093628706121,9.949993538936543,15.464280554081228,5.514287015144685,5.356568782287972
homepos_h,DEU,36,440.2661174157755,426.5815249265114,-13.684592489264105,8.181224721502803,491.511331172794,484.62660907411254,-6.884722098681436,7.952883474389867,520.6288206523527,521.1389631219726,0.5101424696198364,6.810436631617809,536.7875406608173,539.2625758825609,2.4750352217436102,6.3521679810710605,51.245213757018405,58.04508414760096,6.799870390582555,7.202016267646862,80.36270323657723,94.55743819546113,14.194734958883899,7.654383357040263,96.5214232450418,112.68105095604942,16.159627711007616,8.452275999439907,29.117489479558817,36.51235404786015,7.394864568301333,6.967069956055938,45.27620948802338,54.63596680844845,9.359757320425068,7.842412807711544,16.15872000846457,18.123612760588298,1.9648927521237276,6.354510825015353
homepos_h,DNK,36,463.020529511822,442.9406123056189,-20.079917206203106,6.719345276280867,495.296477631545,482.88603743678533,-12.410440194759644,6.12582227908671,510.4390504005846,496.32905004522956,-14.110000355355055,6.261036844488865,508.5937520672478,493.8547016626459,-14.739050404601926,6.432516777740966,32.27594811972291,39.94542513116643,7.669477011443519,6.906976695440546,47.418520888762636,53.38843773961063,5.969916850847994,6.889853655903792,45.5732225554257,50.914089357026896,5.340866801601194,7.0316809512872265,15.142572769039726,13.443012608444196,-1.6995601605955297,6.699238936698103,13.297274435702793,10.968664225860465,-2.328610209842328,7.572340845637187,-1.8452983333369333,-2.47434838258373,-0.6290500492467967,7.336903625502511
homepos_h,ESP,36,451.2928618357697,443.95709879922623,-7.335763036543483,5.297132955039726,480.8073001996816,474.908842207661,-5.89845799202061,4.681849809434936,499.2735654295808,492.4620961276194,-6.811469301961381,4.574295971859316,509.8827127772214,508.07270740915817,-1.81000536806323,4.4863010461847574,29.51443836391183,30.951743408434787,1.437305044522958,4.848114988436609,47.98070359381095,48.50499732839317,0.5242937345822227,4.636443053060913,58.58985094145169,64.115608609932,5.52575766848031,5.187864438396926,18.46626522989912,17.553253919958383,-0.9130113099407353,3.3417564730560048,29.07541257753985,33.163865201497195,4.088452623957345,3.6600417096046294,10.609147347640732,15.610611281538814,5.001463933898082,3.7810360765429754
homepos_h,EST,36,495.1041849413994,499.69145824895134,4.587273307551925,5.365003527899973,522.439006426951,526.0694203819386,3.6304139549876027,5.370557922100084,537.8579590246297,538.9724153803452,1.114456355715447,5.394023148158904,549.6196160745469,547.1033559570135,-2.5162601175334203,5.888020617119343,27.334821485551537,26.37796213298721,-0.9568593525643259,4.706288113783871,42.753774083230304,39.280957131393954,-3.47281695183635,5.464366358660711,54.51543113314746,47.41189770806226,-7.103533425085196,5.865541309759211,15.418952597678764,12.902994998406745,-2.515957599272019,5.395896149777583,27.18060964759592,21.033935575075056,-6.146674072520863,5.560455973894221,11.761657049917153,8.130940576668308,-3.630716473248844,5.155939800506201
homepos_h,FIN,36,479.0574968228133,483.10647234815895,4.048975525345668,5.581708486695576,513.6502630475906,507.0866092689756,-6.563653778614935,5.220429671576663,526.4212487729453,519.7561156077679,-6.665133165177394,5.60331291587054,529.1631443598521,520.3576089397582,-8.805535420093975,5.8267913213756195,34.59276622477731,23.9801369208166,-10.612629303960706,4.958631256787085,47.36375195013212,36.64964325960903,-10.71410869052309,4.8434659179118595,50.105647537038884,37.251136591599284,-12.8545109454396,5.365050457596612,12.770985725354814,12.669506338792427,-0.10147938656238686,5.094170284839677,15.512881312261579,13.27099967078268,-2.241881641478898,5.094100007523488,2.7418955869067645,0.6014933319902525,-2.140402254916512,5.728676662944299
homepos_h,FRA,36,434.0198694789873,436.83589107346097,2.816021594473682,6.9252251876926065,479.70987542007214,480.348485932209,0.638610512136836,6.269456376458826,507.3728447647425,500.92789895857777,-6.444945806164753,6.296974410752473,531.2881677616341,527.9812125578031,-3.3069552038309666,6.379100723290299,45.69000594108472,43.51259485874794,-2.177411082336782,6.359791827824065,73.35297528575508,64.09200788511676,-9.260967400638322,6.946562691433056,97.26829828264678,91.1453214843423,-6.122976798304478,7.518972003167518,27.662969344670366,20.579413026368808,-7.083556318301557,5.183828338574173,51.57829234156204,47.63272662559435,-3.945565715967689,5.625598234034006,23.91532299689168,27.053313599225543,3.137990602333865,5.980740907741237
homepos_h,GBR,36,466.7797216953645,477.39276151466237,10.613039819297853,6.566618143738594,495.5649781598916,511.2832504701038,15.718272310212171,6.099467084996945,515.0705343215324,523.7095348253463,8.639000503813918,6.130744389205173,535.8445510231517,543.091914556365,7.247363533213388,6.600408840908989,28.78525646452718,33.89048895544137,5.10523249091419,7.3278510669916885,48.2908126261679,46.31677331068378,-1.97403931548412,6.937804718980794,69.06482932778712,65.69915304170254,-3.365676286084579,8.347764331700883,19.50555616164072,12.426284355242405,-7.079271806398314,6.358719779948404,40.27957286325993,31.808664086261178,-8.470908776998751,7.334768019945162,20.77401670161921,19.382379731018773,-1.3916369706004375,6.517262738432694
homepos_h,GRC,36,410.2128573907691,406.1885189911039,-4.0243383996652256,6.003881159243982,442.0374568694154,437.2384117953802,-4.7990450740351775,6.488237832247447,455.5611630145371,451.4542450463982,-4.106917968138873,6.153647648388023,458.72337794530875,450.7468546384306,-7.976523306878164,6.745282270966358,31.82459947864634,31.04989280427632,-0.774706674370023,6.433337813250853,45.348305623768084,45.26572605529433,-0.08257956847375425,6.421211881927587,48.51052055453971,44.55833564732675,-3.95218490721296,6.857196590988467,13.523706145121741,14.215833251018012,0.6921271058962706,6.004915698360502,16.68592107589337,13.508442843050432,-3.1774782328429367,6.459589054589546,3.1622149307716256,-0.7073904079675799,-3.8696053387392055,5.905472032740039
homepos_h,HUN,36,430.43786216506925,429.1711684873292,-1.2666936777400224,6.969924604574478,482.7873472105637,477.9350003629731,-4.852346847590638,5.997641016626348,508.215958437732,498.53418105386964,-9.681777383862368,5.453955407452757,526.7426757538395,519.3542040057667,-7.388471748072789,6.4342900543245305,52.349485045494475,48.76383187564387,-3.585653169850609,6.284247117402076,77.7780962726628,69.36301256654046,-8.415083706122331,7.381562098781378,96.30481358877026,90.18303551843749,-6.121778070332766,7.90002780638573,25.42861122716831,20.5991806908966,-4.829430536271712,5.654434022951616,43.95532854327579,41.419203642793626,-2.5361249004821644,6.1113500339078985,18.526717316107476,20.820022951897027,2.293305635789551,5.2740550298515325
homepos_h,IRL,36,472.7580666391812,466.0214237984499,-6.736642840731292,6.547017618139509,499.42509787807165,498.38262126299395,-1.0424766150777032,5.126438660571177,518.7604012289993,514.8185326275109,-3.941868601488409,5.586564394916899,527.7248765400313,522.4547286755081,-5.27014786452321,5.194580167745637,26.667031238890463,32.361197464544084,5.694166225653621,5.817612645842891,46.00233458981813,48.797108829061,2.7947742392428694,6.352228908924262,54.966809900850194,56.433304877058234,1.4664949762080397,6.671449131839292,19.33530335092767,16.43591136451692,-2.899391986410752,5.149731847799534,28.29977866195973,24.072107412514146,-4.227671249445585,5.133102801319186,8.96447531103206,7.636196047997226,-1.328279263034835,5.19285620929949
homepos_h,ISL,36,420.2010515842768,410.2776351162338,-9.923416468043001,5.813567775651839,452.6861916565026,448.5934145302921,-4.092777126210535,5.670619179289119,456.66091601939104,457.4481014728408,0.7871854534497515,5.525424360884824,460.5895534436621,459.5580554682439,-1.0314979754182332,6.016963448257187,32.48514007222578,38.31577941405838,5.830639341832601,7.14313413206705,36.459864435114284,47.170466356607044,10.71060192149276,6.71549976540278,40.3885018593853,49.28042035201011,8.89191849262481,6.920835598300274,3.974724362888503,8.854686942548659,4.879962579660155,6.685234988377621,7.903361787159514,10.964640937951724,3.0612791507922106,6.792652675681485,3.928637424271011,2.109953995403066,-1.8186834288679448,6.734359594732606
homepos_h,ISR,36,418.2981391873642,403.30545655055147,-14.99268263681273,7.306324866723858,470.3378266784471,449.69638509890194,-20.64144157954513,7.547647303922789,495.7456215570184,471.9585083177274,-23.78711323929099,7.074495989476725,499.80709159522604,480.7047803170543,-19.102311278171726,7.445238246165329,52.039687491082944,46.39092854835049,-5.6487589427324565,6.970869752618502,77.44748236965427,68.65305176717598,-8.794430602478286,7.065185595404706,81.50895240786194,77.3993237665029,-4.109628641359038,7.782703643122222,25.407794878571337,22.26212321882549,-3.1456716597458474,6.720375895865544,29.469264916779007,31.00839521815242,1.5391303013734117,7.457798042325571,4.061470038207671,8.746271999326927,4.684801961119256,7.2668151139876525
homepos_h,ITA,36,440.6319237909236,440.72325623213084,0.09133244120721429,5.925265187356409,469.9673938134903,480.5269983312568,10.559604517766502,5.965466491945297,494.53509131199246,500.7030901294294,6.167998817436967,6.018330974799623,507.7657725937867,512.4749227292075,4.709150135420771,6.373580819514898,29.335470022566664,39.80374209912599,10.468272076559327,5.352509493492545,53.90316752106882,59.97983389729857,6.0766663762297455,5.515708783837157,67.13384880286321,71.7516664970767,4.617817694213485,6.5832806453788715,24.567697498502167,20.176091798172575,-4.391605700329592,5.157454172036544,37.79837878029655,31.947924397950707,-5.850454382345845,5.468209203120605,13.230681281794386,11.771832599778133,-1.458848682016253,5.0209779237633745
homepos_h,JPN,36,517.8270996510146,507.35885016531483,-10.468249485699744,8.11431206394178,548.1680905002445,543.513926089588,-4.654164410656449,6.471861527368237,559.4364094050221,550.524116117515,-8.912293287507168,6.048204017567309,563.4235490406834,557.0608740037602,-6.362675036923179,6.886167034734655,30.340990849229797,36.155075924273184,5.814085075043387,7.291376109246346,41.60930975400744,43.16526595220019,1.5559561981927459,6.974382773765057,45.596449389668805,49.70202383844529,4.105574448776487,8.250996886179662,11.26831890477764,7.010190027927001,-4.258128876850639,5.893601143035855,15.255458540439008,13.546947914172108,-1.7085106262669,6.395802875930116,3.987139635661367,6.536757886245107,2.54961825058374,5.133504755070045
homepos_h,KOR,36,492.17318019632387,495.04057056153863,2.86739036521476,8.114907325305717,524.9514744317304,527.6966785523239,2.7452041205934847,7.506606302498935,543.768656462424,538.3878115317066,-5.380844930717444,6.854814989619439,554.954264901261,550.1266025128276,-4.827662388433396,7.502383894669457,32.77829423540649,32.656107990785294,-0.1221862446211972,7.280510370874245,51.59547626610022,43.347240970167846,-8.248235295932375,8.345552017140395,62.78108470493705,55.086031951288916,-7.695052753648135,8.974363088477224,18.817182030693733,10.691132979382553,-8.12604905131118,8.160057927805077,30.002790469530566,22.42992396050362,-7.572866509026948,6.592974060057641,11.185608438836834,11.738790981121065,0.5531825422842314,7.999494307159877
homepos_h,LTU,36,451.79043648388085,458.4401187923854,6.649682308504566,5.42935766581374,485.0893731401753,487.59148262734413,2.502109487168809,5.349095750707101,497.1522378358999,499.4880204995149,2.3357826636150207,5.103271604306392,509.10184764874293,509.16843235254146,0.06658470379852588,5.710933027454184,33.29893665629442,29.151363834958737,-4.147572821335686,5.33805007640764,45.36180135201903,41.04790170712953,-4.313899644889496,5.380694738571968,57.31141116486201,50.72831356015603,-6.583097604705976,5.568506106544952,12.062864695724608,11.896537872170796,-0.16632682355381156,5.462826229073991,24.0124745085676,21.576949725197295,-2.4355247833703046,5.846058870303365,11.949609812842994,9.680411853026499,-2.269197959816495,5.405912907668939
homepos_h,LVA,36,468.2990820476695,436.7767232151367,-31.522358832532802,5.5732493255132525,492.3696927872562,471.3289409158559,-21.04075187140029,5.382271332500281,502.0566071638329,482.2447293037638,-19.811877860069103,5.638371582977833,515.2344788173149,488.8648963264571,-26.369582490857795,5.2023701041049355,24.070610739586623,34.552217700719225,10.481606961132602,5.142400093055187,33.75752511616332,45.46800608862696,11.710480972463635,5.29933515240797,46.93539676964535,52.08817311132027,5.152776341674922,5.366555777125417,9.686914376576699,10.915788387907735,1.2288740113310368,5.196323133075777,22.86478603005873,17.535955410601048,-5.328830619457683,5.418153365544028,13.177871653482033,6.620167022693312,-6.557704630788721,5.698834842407675
homepos_h,MEX,36,379.9540235163211,386.19341453817276,6.239391021851645,5.059162635110629,404.75874411336036,408.4186325030802,3.6598883897198107,5.116293854923261,418.99350803685695,423.49864364324804,4.505135606391093,5.605627866527503,440.2912894947455,439.28711113613355,-1.0041783586119664,6.475985352139378,24.80472059703926,22.225217964907465,-2.5795026321317955,4.8710722548634156,39.03948452053585,37.30522910507527,-1.7342554154605807,5.313551457898549,60.33726597842447,53.09369659796077,-7.243569380463697,6.911916097754892,14.234763923496587,15.080011140167807,0.8452472166712202,4.43430531946865,35.532545381385205,30.868478633053307,-4.664066748331898,6.294090681032353,21.297781457888618,15.788467492885502,-5.509313965003116,5.468500655132574
homepos_h,NLD,36,431.12250294182843,456.523772856321,25.40126991449256,8.94795338943934,494.4481128874916,495.7597539189339,1.3116410314422637,6.685680166731845,517.0644088336584,508.0823897451231,-8.982019088535253,6.569415831213821,520.6402697201573,511.3973902067146,-9.242879513442745,7.105439390895472,63.3256099456632,39.23598106261305,-24.089628883050153,7.3346729578489445,85.94190589182998,51.558616888802156,-34.38328900302782,8.307595074420298,89.51776677832893,54.87361735039367,-34.64414942793526,9.274265623835788,22.61629594616678,12.32263582618911,-10.29366011997767,6.526169694488003,26.192156832665727,15.637636287780623,-10.554520544885104,6.9950346107212145,3.5758608864989467,3.315000461591512,-0.26086042490743466,6.967496171508751
homepos_h,NOR,36,444.280744391231,440.80268799344714,-3.4780563977838597,6.3297910284788435,481.68261288499536,474.1300455794255,-7.55256730556988,5.892049164842055,499.84991635431317,491.0136217821796,-8.836294572133568,5.752649901806168,495.74468938025166,488.1547101583275,-7.589979221924182,5.864034670245837,37.40186849376427,33.32735758597832,-4.07451090778595,7.187386290611236,55.56917196308219,50.21093378873239,-5.3582381743498,6.183795883253242,51.46394498902075,47.35202216488027,-4.1119228241404855,6.996342519065629,18.167303469317922,16.883576202754067,-1.2837272665638544,6.072559832173526,14.06207649525648,14.024664578901952,-0.037411916354528785,6.111211401208655,-4.10522697406144,-2.858911623852117,1.2463153502093234,6.3063712623531805
homepos_h,NZL,36,457.2085953649248,469.38040125898453,12.17180589405973,6.682007452569384,509.98235201137896,507.1292808598466,-2.85307115153239,6.25792666050148,525.1694631153265,532.3244744122946,7.155011296968155,5.863303198437489,532.6984290629625,542.8039527583094,10.105523695346847,5.743004746322776,52.773756646454125,37.748879600862054,-15.02487704559207,6.65527747749961,67.96086775040166,62.94407315331009,-5.016794597091568,7.487797929935641,75.48983369803776,73.42355149932492,-2.066282198712841,7.204314083678972,15.18711110394754,25.195193552448035,10.008082448500495,6.6342730779388415,22.716077051583646,35.674671898462854,12.958594846879208,7.01092877679882,7.528965947636107,10.47947834601482,2.950512398378714,7.086051533095002
homepos_h,POL,36,463.9502070685022,467.67570765865486,3.725500590152649,5.991917680838997,500.3902973932334,494.47760741812334,-5.912689975110084,5.8253884738324135,515.1298817027143,509.2312870700736,-5.898594632640709,6.026769701248358,519.2562556052578,518.0864382209741,-1.1698173842837605,6.229854248634803,36.44009032473115,26.80189975946837,-9.638190565262782,5.868578884062225,51.179674634212084,41.55557941141868,-9.624095222793407,6.083443742147863,55.30604853675568,50.41073056231915,-4.89531797443653,6.63138061195701,14.739584309480932,14.753679651950307,0.014095342469374827,5.751374264484561,18.865958212024527,23.608830802850783,4.742872590826256,6.3359576886047675,4.126373902543594,8.855151150900474,4.72877724835688,6.054910921483968
homepos_h,PRT,36,444.2381754441336,443.0373468290835,-1.2008286150501135,6.518451660508949,477.21492824824566,473.6605768550063,-3.554351393239358,6.806372373584582,499.7272738429031,498.6568657912583,-1.0704080516447902,6.559197445625014,518.9272743233116,515.3710600374682,-3.5562142858434527,6.144430294213196,32.97675280411207,30.62323002592288,-2.3535227781891876,5.73165557682264,55.489098398769556,55.61951896217479,0.1304205634052309,6.3517435328541465,74.68909887917805,72.33371320838476,-2.3553856707932823,6.796728076326926,22.51234559465749,24.996288936251904,2.483943341594415,5.597295576942085,41.71234607506598,41.710483182461886,-0.001862892604094668,6.50970357977652,19.200000480408494,16.714194246209978,-2.4858062341985168,5.495531000989236
homepos_h,SVK,36,399.9102806153253,424.89044203658915,24.98016142126386,7.559029061302295,466.38467278753006,478.79709013647846,12.412417348948395,6.359746747534808,491.45895855666294,495.31548322538686,3.856524668723921,5.88011881255321,504.42205361307333,512.5068205415121,8.08476692843874,6.40849089826197,66.47439217220469,53.90664809988933,-12.567744072315357,6.754445379610241,91.54867794133759,70.42504118879776,-21.123636752539824,7.8725985464827195,104.51177299774801,87.61637850492298,-16.895394492825034,9.026850846782391,25.07428576913288,16.518393088908432,-8.55589268022445,5.727783632352827,38.037380825543316,33.709730405033646,-4.32765042050967,6.888779277456364,12.963095056410435,17.191337316125214,4.228242259714779,5.883668000570842
homepos_h,SVN,36,463.7377426160442,446.1063957085536,-17.631346907490638,5.664416830941103,505.84051969069753,491.1500765854701,-14.690443105227416,5.292146184091225,514.8713786423692,504.6850115695077,-10.186367072861515,5.296252369575856,517.3443143978908,504.19265248620616,-13.151661911684641,5.217168638684055,42.10277707465333,45.043680876916554,2.9409038022632217,6.163216422818806,51.133636026324965,58.57861586095417,7.444979834629208,7.0143239105846344,53.60657178184658,58.08625677765258,4.4796849958059966,6.243531599878407,9.030858951671638,13.53493498403762,4.504076032365981,5.885791817803706,11.50379470719326,13.042575900736022,1.5387811935427624,6.4115941766027715,2.472935755521621,-0.49235908330159645,-2.965294838823217,6.4856482645141424
homepos_h,SWE,36,441.66564453149715,442.3113683279863,0.6457237964891647,6.015845367846386,495.2835496332139,490.6952811112698,-4.588268521944087,6.478267157304163,518.8003282149997,511.19340393053835,-7.606924284461343,6.370953132642517,524.9501296980457,509.57951854202486,-15.3706111560208,6.446842012756388,53.617905101716815,48.38391278328366,-5.2339923184331525,6.006439437526918,77.13468368350262,68.88203560255218,-8.252648080950436,6.827779588814086,83.28448516654859,67.26815021403867,-16.016334952509922,7.4355049909613555,23.516778581785797,20.498122819268513,-3.018655762517284,6.547592299922794,29.66658006483177,18.884237430755,-10.78234263407677,6.583550204481381,6.149801483045974,-1.613885388513512,-7.763686871559486,6.318711055687215
homepos_h,TUR,36,438.1592991537248,454.08338305641325,15.924083902688437,5.768881325306347,469.6489297164456,486.13686724364936,16.48793752720377,5.4805945551931,488.3473811433304,511.7390163684744,23.391635225144,5.114134286632643,508.7434132396602,527.470288583491,18.726875343830784,6.813989349627959,31.48963056272064,32.05348418723601,0.5638536245153674,5.466583348634434,50.18808198960552,57.655633312061056,7.4675513224555345,5.6542458746396065,70.58411408593534,73.38690552707757,2.802791441142233,7.839845120746835,18.69845142688488,25.60214912482504,6.90369769794016,4.784381609763874,39.0944835232147,41.333421339841564,2.2389378166268656,7.500405371113749,20.396032096329822,15.73127221501652,-4.6647598813133015,6.40315453293934
homepos_h,USA,36,454.16122384492365,453.86653632272885,-0.2946875221948062,8.52990737973861,482.6603171940977,492.9608163103173,10.300499116219612,11.427458392424297,522.6129186055676,518.5473701387207,-4.065548466846963,13.684874489514907,541.5326202859959,541.0075444487948,-0.5250758372011433,14.903014980765764,28.49909334917411,39.09427998758852,10.595186638414411,10.346787348883629,68.45169476064409,64.68083381599187,-3.770860944652213,12.903347315737951,87.37139644107235,87.14100812606605,-0.23038831500629442,15.857520070429203,39.95260141146999,25.58655382840336,-14.366047583066631,11.213233482056605,58.872303091898246,48.04672813847753,-10.825574953420713,13.431338697209851,18.91970168042825,22.460174310074173,3.5404726296459224,15.676378082457612
homepos_h,OECD,36,446.7053691670434,446.8521121184077,0.14674295136433102,3.2575612774527487,485.0091361573871,483.8619257633168,-1.1472103940703278,3.249009268033396,504.7565515070163,501.7889004388491,-2.9676510681671857,3.2427971612588333,516.1214780023081,512.3861917738013,-3.735286228506766,3.251785400042963,38.303766990343675,37.00981364490912,-1.2939533454345522,0.9886400131552552,58.0511823399729,54.93678832044147,-3.1143940195314244,1.1381229686938694,69.41610883526474,65.53407965539364,-3.882029179871097,1.2093567251929522,19.74741534962922,17.926974675532357,-1.820440674096865,1.0375179889524422,31.112341844921048,28.524266010484517,-2.5880758344365304,1.0707853087340329,11.364926495291826,10.59729133495216,-0.7676351603396654,1.033533718570491
books_h,AUS,36,453.1080876646718,460.7757168871168,7.667629222444987,4.888874454314468,504.16026344875047,509.61770724443716,5.457443795686686,4.976533307572039,522.5540860225934,524.7890466739884,2.2349606513949993,4.937705622486983,553.3484611667959,550.043441145829,-3.3050200209669356,5.174724321759693,51.052175784078585,48.84199035732044,-2.2101854267581444,4.4015017596115475,69.44599835792158,64.01332978687165,-5.4326685710499305,4.507692020692719,100.24037350212419,89.26772425871222,-10.972649243411965,4.941054499855702,18.393822573843,15.1713394295512,-3.2224831442918003,4.302061945863192,49.18819771804559,40.42573390139178,-8.762463816653813,4.598780526220979,30.794375144202593,25.254394471840577,-5.539980672362017,4.721301106522386
books_h,AUT,36,421.14138433961386,430.4585804398577,9.317196100243848,6.1771428386482,485.1749943177234,493.2875032295695,8.112508911846078,6.644252263424667,514.6531276926794,517.6435314277081,2.9904037350287354,5.626910697065676,547.7369491696853,548.1397980686373,0.4028488989520156,5.926673629832975,64.03360997810958,62.82892278971177,-1.2046871883978127,5.770047130963024,93.51174335306554,87.18495098785036,-6.326792365215184,6.098233255132031,126.59556483007138,117.68121762877959,-8.91434720129179,6.277754514081187,29.478133374955974,24.356028198138596,-5.122105176817378,6.03287517088048,62.56195485196181,54.85229483906782,-7.709660012893991,6.247878507692844,33.083821477005834,30.496266640929218,-2.5875548360766167,5.347852810611423
books_h,BEL,36,424.1130255311018,428.77373205503153,4.6607065239297185,6.761012176818247,487.2315861392156,483.4675868084937,-3.7639993307219015,6.3534008539862015,513.1053516962797,514.7832564568732,1.677904760593492,5.96521417289779,539.3824276894475,539.422204853562,0.039777164114525476,5.661573553091605,63.11856060811383,54.69385475346219,-8.424705854651641,5.850337011296997,88.99232616517784,86.00952440184173,-2.982801763336113,6.53280207787433,115.26940215834568,110.64847279853055,-4.620929359815136,7.230235778773249,25.87376555706399,31.315669648379544,5.441904091315553,5.618200431407374,52.150841550231846,55.95461804506836,3.8037764948365123,6.5830713122345825,26.277075993167852,24.638948396688818,-1.638127596479034,5.319149701225483
books_h,CAN,36,471.2218790076895,470.4537601997923,-0.7681188078971672,4.82499093858954,515.6506764062112,509.6087811931432,-6.041895213068017,4.684753090538919,532.3164164756345,526.9738606517411,-5.342555823893349,4.9370922073722765,547.2545416217512,544.0656607502178,-3.1888808715333425,5.039779283292437,44.428797398521716,39.15502099335082,-5.273776405170899,3.7530718413918653,61.0945374679449,56.52010045194876,-4.574437015996146,4.3286493416586875,76.03266261406168,73.61190055042547,-2.4207620636362037,4.84539556669519,16.66574006942319,17.365079458597943,0.699339389174753,4.06721774133113,31.603865215539976,34.456879557074664,2.8530143415346885,4.659582287764659,14.938125146116784,17.09180009847672,2.1536749523599372,4.313519431289141
books_h,CHE,36,438.2400298900669,438.10167941323414,-0.1383504768327839,5.774349379647829,495.6653943155828,495.4006892499707,-0.26470506561207685,6.091074478880829,520.1560045091511,524.9402777743665,4.784273265215347,5.960695649606734,557.1262958548193,551.597196135419,-5.5290997194002784,6.335754908946534,57.425364425515816,57.29900983673646,-0.1263545887793569,5.529553691522878,81.9159746190841,86.83859836113218,4.9226237420480885,6.216498782800942,118.88626596475233,113.49551672218487,-5.390749242567452,6.906665958580819,24.490610193568262,29.539588524395736,5.048978330827474,5.526803379969941,61.46090153923651,56.196506885448436,-5.264394653788074,6.979840352090959,36.97029134566825,26.656918361052693,-10.313372984615558,6.512566293099584
books_h,CHL,36,405.90296307851656,409.0960656308389,3.1931025523223298,5.799727493619953,429.4571118912187,432.6182304728706,3.1611185816519196,5.949517762610689,459.34536420919704,455.8188000396256,-3.5265641695714294,6.081617473951817,487.994030234002,481.19835309977486,-6.795677134227162,5.545860570233027,23.554148812702117,23.522164842031646,-0.03198397067047054,5.3959605014865675,53.44240113068048,46.72273440878668,-6.719666721893802,6.181415906941259,82.09106715548545,72.102287468936,-9.98877968654945,5.937839023058392,29.888252317978363,23.200569566755036,-6.687682751223328,5.904702218142284,58.53691834278334,48.58012262690435,-9.95679571587899,5.515962905835395,28.64866602480497,25.379553060149313,-3.2691129646556583,5.413576126826141
books_h,COL,36,377.7708833694263,380.98597034210195,3.2150869726756355,5.785911262476884,398.25854269972217,403.723507456108,5.464964756385825,5.872664339795949,421.22573131242643,424.704814105624,3.4790827931975628,6.632172984334312,455.89424069346495,457.2401558226408,1.3459151291758644,8.306627392501243,20.487659330295877,22.73753711400614,2.2498777837102644,4.970011207013695,43.454847943000104,43.71884376352201,0.26399582052190596,5.744181751957205,78.12335732403866,76.25418548053885,-1.8691718434998137,7.185497634282716,22.967188612704224,20.98130664951587,-1.9858819631883549,5.3848216466525125,57.63569799374278,53.51664836653272,-4.11904962721006,7.173785917664523,34.66850938103856,32.53534171701685,-2.1331676640217125,6.855516653071336
books_h,CZE,36,430.90900272591415,427.78074167442685,-3.1282610514873,6.107933573202312,494.59190287789835,486.51240899211746,-8.079493885780892,6.157988080029867,518.1643363470201,509.1406973743312,-9.023638972688957,5.33530775297661,546.7259316026949,537.4806155020235,-9.245316100671403,6.58043654001353,63.68290015198413,58.731667317690665,-4.951232834293464,6.27680746548911,87.25533362110593,81.35995569990432,-5.895377921201614,6.06061146671153,115.81692887678066,109.69987382759663,-6.117055049184032,7.648307828867721,23.572433469121798,22.62828838221367,-0.9441450869081294,5.087935551781939,52.13402872479651,50.96820650990598,-1.1658222148905253,6.861453490792981,28.561595255674717,28.339918127692318,-0.22167712798239947,5.4351189250887515
books_h,DEU,36,422.8356712265184,414.919379302503,-7.916291924015411,7.491944360254124,486.9591819369436,478.61291461758157,-8.346267319362028,7.692189026522508,522.0976742650495,518.2964015662919,-3.8012726987575434,6.968832216651817,556.0260108694786,556.5982309407794,0.572220071300876,6.513540266987524,64.12351071042517,63.69353531507859,-0.4299753953465739,6.862829484860744,99.26200303853115,103.37702226378894,4.115019225257797,7.4937981140282455,133.1903396429601,141.67885163827648,8.488511995316372,7.85040163442265,35.138492328105976,39.68348694871035,4.544994620604378,6.280857424868428,69.06682893253495,77.98531632319789,8.918487390662946,7.293282236637014,33.92833660442898,38.30182937448753,4.373492770058554,6.30896931898269
books_h,DNK,36,446.4934127677969,431.32055646186944,-15.17285630592744,5.809019361631655,493.26316583334483,471.8165243393825,-21.446641493962318,6.704647813771066,506.7620984217996,494.4217162886647,-12.34038213313488,6.228532743591885,531.2692429095746,518.0711866811381,-13.198056228436485,6.268868050349745,46.76975306554791,40.49596787751307,-6.273785188034843,6.7124374858083335,60.26868565400266,63.101159826795275,2.8324741727926153,6.234885420651254,84.77583014177765,86.75063021926863,1.9748000774909826,6.557162248978159,13.498932588454739,22.605191949282204,9.106259360827465,6.821182437279805,38.00607707622974,46.254662341755555,8.248585265525818,7.543296691321865,24.507144487774998,23.649470392473354,-0.8576740953016433,6.781338280050523
books_h,ESP,36,435.63891766331045,431.413090781339,-4.225826881971443,5.085821868273561,481.5265121443439,474.9237503766552,-6.602761767688662,4.68169544773899,501.1760997373234,495.7488483996782,-5.4272513376452025,4.488981802393154,522.8938289957528,516.7399296292848,-6.153899366467954,4.453724671254338,45.887594481033446,43.51065959531636,-2.376934885717084,4.303444739037383,65.53718207401302,64.33575761833916,-1.201424455673859,4.289674681270411,87.25491133244228,85.32683884794585,-1.9280724844964254,4.280975408913363,19.64958759297957,20.825098023022793,1.1755104300432215,3.5960184608303845,41.367316851408816,41.816179252629496,0.4488624012206799,4.156252626746386,21.717729258429245,20.991081229606703,-0.7266480288225416,3.518675681973854
books_h,EST,36,479.55558673582857,481.2763836828125,1.72079694698391,5.210958810979126,521.8590572714468,527.1780864332823,5.319029161835488,5.566607855177969,536.2130108736856,539.5080505823087,3.295039708623108,5.87046751011675,567.3366182651213,563.7669657776269,-3.569652487494409,5.724960463856229,42.30347053561819,45.901702750469845,3.598232214851656,5.387985471037033,56.6574241378569,58.23166689949615,1.5742427616392476,5.465801554916103,87.7810315292927,82.49058209481444,-5.290449434478262,5.942893015692142,14.35395360223871,12.329964149026306,-2.023989453212403,5.882460089975918,45.477560993674516,36.58887934434459,-8.888681649329925,5.577655577356253,31.123607391435804,24.258915195318288,-6.864692196117517,5.408865687871233
books_h,FIN,36,464.3777581287234,459.18650078595766,-5.191257342765766,5.993750136923786,504.8531946634459,502.9207884000126,-1.932406263433279,5.354415136700704,526.3729719665441,520.4303763942344,-5.942595572309756,6.122902165313862,553.9646802021255,546.610220344149,-7.354459857976508,5.559000028775277,40.47543653472257,43.734287614054885,3.2588510793323167,5.923094869553781,61.99521383782077,61.24387560827663,-0.7513382295441389,5.943656350703503,89.58692207340214,87.42371955819128,-2.1632025152108554,5.975295252318931,21.5197773030982,17.509587994221743,-4.0101893088764555,5.569222685161802,49.11148553867957,43.689431944136395,-5.422053594543172,4.989692193726702,27.591708235581372,26.179843949914652,-1.41186428566672,5.884284624411994
books_h,FRA,36,417.54131381665445,418.2108551745538,0.6695413578993339,6.6554298925949915,473.88462709240457,479.83440849192465,5.949781399520077,6.282587164706969,512.5869758361544,510.56014361575046,-2.0268322204038896,6.263171815251041,547.6433020664774,536.204527925791,-11.438774140686405,6.829967260155729,56.34331327575005,61.62355331737086,5.280240041620814,5.968416732510724,95.04566201949987,92.34928844119663,-2.6963735783032377,6.961179224886192,130.1019882498229,117.99367275123714,-12.108315498585768,7.593150415127426,38.70234874374984,30.725735123825768,-7.97661361992407,5.5852560390019885,73.75867497407283,56.370119433866286,-17.388555540206546,6.470149911283588,35.056326230323,25.64438431004052,-9.41194192028248,5.598685545382686
books_h,GBR,36,442.6994766154021,457.94649205119913,15.247015435797039,6.3014238934261595,494.97596836810817,506.5351521285182,11.559183760410008,5.500196985023812,518.3712248520884,523.8459860462331,5.474761194144662,5.710695192084457,555.6911196515923,567.2910537155483,11.59993406395597,6.8147866799092585,52.276491752706,48.58866007731895,-3.687831675387052,5.95365450898724,75.67174823668628,65.89949399503392,-9.772254241652362,6.253284479721814,112.99164303619027,109.3445616643493,-3.6470813718409687,7.7481935447733585,23.395256483980297,17.310833917714984,-6.084422566265314,5.512590754836538,60.71515128348426,60.75590158703032,0.04075030354606213,6.951531857756691,37.31989479950397,43.44506766931535,6.125172869811379,6.7789655980929036
books_h,GRC,36,395.79220935471085,391.9034245136372,-3.8887848410736297,5.958411228179085,436.48318822889104,425.3878778826902,-11.095310346200847,6.29609530726736,459.13821170239845,449.3988775994946,-9.739334102903854,6.043450957430647,473.4769465073931,477.19653505085324,3.7195885434601337,6.524399892635567,40.69097887418026,33.484453369052986,-7.206525505127274,5.42606969667457,63.346002347687524,57.49545308585742,-5.850549261830103,6.007123205065191,77.68473715268233,85.29311053721601,7.608373384533678,6.4073918793881175,22.655023473507278,24.01099971680444,1.3559762432971638,5.764878728046475,36.993758278502064,51.80865716816304,14.814898889660974,5.990153275975413,14.33873480499479,27.7976574513586,13.45892264636381,5.589557511523571
books_h,HUN,36,410.7466211886584,410.74199672683596,-0.004624461822459125,6.965286523627148,481.9520069855565,477.38902203906326,-4.562984946493259,5.8009982803118545,512.3492435071801,503.13864344450695,-9.210600062673109,5.625697479748581,540.7179103750852,531.0810839308729,-9.636826444212375,6.732061740871894,71.20538579689813,66.6470253122272,-4.558360484670928,6.604716757511525,101.6026223185216,92.3966467176709,-9.205975600850692,6.921426273158217,129.97128918642682,120.33908720403676,-9.632201982390058,8.27378281761693,30.397236521623448,25.74962140544374,-4.647615116179708,5.137548862625373,58.765903389528695,53.69206189180958,-5.0738414977191155,6.798719741517839,28.36866686790524,27.942440486365836,-0.4262263815394043,5.6826021050854365
books_h,IRL,36,451.12446299733574,448.28892295031994,-2.8355400470157974,5.91012304406063,502.79870334567556,495.2718203396822,-7.526883005993341,5.25567245433798,521.2833754823629,514.372939411204,-6.91043607115887,5.544042380885403,543.4677762990585,544.2372437494934,0.7694674504348313,5.26498386081551,51.67424034833978,46.9828973893623,-4.691342958977479,5.398627950116426,70.15891248502707,66.08401646088416,-4.074896024142916,5.540368100571128,92.34331330172282,95.94832079917346,3.605007497450643,6.026641456980109,18.484672136687305,19.101119071521868,0.6164469348345634,5.217326202940082,40.669072953383036,48.96542340981118,8.296350456428144,5.104956297243198,22.184400816695735,29.86430433828931,7.679903521593573,4.92815309070099
books_h,ISL,36,404.7644185900095,396.386942185606,-8.377476404403467,5.951927886888368,442.5682361402302,439.2332096705139,-3.335026469716354,5.6815957486803,465.59199282426135,458.9819114354201,-6.610081388841252,5.897244370358077,477.03383464066445,481.01120078637166,3.977366145707208,5.825569682514042,37.80381755022076,42.84626748490784,5.042449934687085,6.7546261172826245,60.82757423425185,62.59496924981406,1.7673950155622151,7.12778593283233,72.26941605065505,84.62425860076571,12.35484255011066,7.305778409352928,23.02375668403109,19.748701764906222,-3.275054919124866,6.55218114110401,34.46559850043429,41.777991115857866,7.312392615423576,7.203552503317497,11.441841816403201,22.029289350951643,10.587447534548442,7.041512899504685
books_h,ISR,36,410.22996232143066,391.63120672564315,-18.59875559578751,6.9547251700159585,461.6937029392366,445.2620388549488,-16.431664084287775,6.820025634883164,489.0674894473709,472.7712479388612,-16.296241508509695,7.641678446532706,507.01716079168017,489.3842206046993,-17.632940186980875,8.068612359709194,51.46374061780589,53.63083212930563,2.1670915114997413,6.0151419152560015,78.83752712594014,81.14004121321807,2.3025140872779275,7.67935645604781,96.78719847024948,97.75301387905616,0.9658154088066766,9.221640146616206,27.373786508134277,27.50920908391243,0.1354225757781542,7.0792026963102845,45.323457852443596,44.12218174975052,-1.201276102693079,8.720374671757938,17.94967134430932,16.61297266583809,-1.3366986784712296,8.321607912615411
books_h,ITA,36,430.63910231356294,431.7461609777174,1.107058664154465,5.937400029122342,471.7883056558623,477.0580750220521,5.2697693661897915,5.970718722354949,493.99409390902764,500.30633579690203,6.312241887874393,6.150297831404639,515.9229756400011,525.3901661095044,9.467190469503294,6.69677512524834,41.149203342299366,45.31191404433473,4.162710702035362,5.536852296927638,63.35499159546466,68.56017481918467,5.205183223720006,6.423798689126174,85.28387332643811,93.64400513178695,8.360131805348843,6.517681754427073,22.20578825316529,23.24826077484994,1.0424725216846475,5.217719127028555,44.13466998413875,48.33209108745222,4.1974211033134665,5.90608930751381,21.928881730973462,25.08383031260228,3.154948581628819,5.617676976986807
books_h,JPN,36,511.0077489329853,496.5514932436487,-14.456255689336615,7.050447795447779,546.2145265535149,541.9597449004877,-4.25478165302718,6.33708091921841,557.9729724266246,549.2759722197763,-8.697000206848202,6.623396089592982,573.1885784650915,571.1186377980146,-2.069940667076935,7.045719825123701,35.206777620529635,45.40825165683901,10.201474036309378,6.269264635237017,46.96522349363926,52.724478976127656,5.759255482488399,6.93920840606448,62.18082953210628,74.5671445543658,12.386315022259517,7.286098828872346,11.758445873109622,7.316227319288646,-4.442218553820976,5.610402350308732,26.97405191157666,29.15889289752679,2.1848409859501317,5.561085757982994,15.215606038467035,21.842665578238144,6.627059539771109,5.7525390528708735
books_h,KOR,36,486.52380582292597,491.5286484505189,5.00484262759295,7.827018761045748,522.109269996372,523.4729299660471,1.3636599696751546,9.531841255682087,541.4461938276258,541.3081254239542,-0.1380684036716957,7.266879401210705,563.7601478810965,554.1124314106459,-9.647716470450632,7.2833261137919925,35.58546417344593,31.944281515528196,-3.6411826579177315,10.071441571466218,54.922388004699926,49.77947697343522,-5.142911031264703,7.647639484946909,77.2363420581706,62.583782960126925,-14.652559098043682,8.83210046201474,19.336923831254,17.835195457907027,-1.5017283733469746,10.555714932517807,41.650877884724686,30.63950144459874,-11.011376440125947,10.192480587622025,22.313954053470685,12.804305986691713,-9.509648066778972,6.607892232635676
books_h,LTU,36,436.3551030661944,447.04732709785486,10.692224031660487,5.092677918677743,477.3885700521405,483.89135992413486,6.502789871994366,5.205017427671278,499.5644036176579,501.6841768745677,2.1197732569098093,5.128768307440219,528.2512941589082,520.9893042532389,-7.261989905669338,5.766499368102224,41.033466985946134,36.84403282627993,-4.189434159666206,4.808167665961557,63.209300551463535,54.63684977671282,-8.572450774750713,4.633739275587384,91.89619109271375,73.94197715538402,-17.954213937329726,5.620827903797796,22.1758335655174,17.792816950432904,-4.383016615084497,4.777874907691292,50.862724106767615,37.09794432910411,-13.764779777663506,5.977717867096996,28.686890541250214,19.305127378671205,-9.38176316257901,5.29280937275154
books_h,LVA,36,455.9133169290777,425.70084845681197,-30.212468472265755,5.687061214078886,490.88844937954,463.4079180112094,-27.480531368330617,5.9267389348098565,503.4260525061354,486.74424798252903,-16.681804523606388,5.228973863639128,527.6061318881093,503.433111151743,-24.17302073636631,4.861349030577982,34.975132450462226,37.70706955439741,2.7319371039351807,5.42856122999803,47.51273557705765,61.043399525717135,13.530663948659488,5.441382203624572,71.69281495903161,77.73226269493114,6.039447735899529,5.290869160936028,12.537603126595423,23.336329971319714,10.79872684472429,5.270704508660404,36.71768250856938,40.025193140533716,3.307510631964334,5.221646091386985,24.180079381973957,16.688863169214,-7.491216212759959,5.109398314405326
books_h,MEX,36,387.8530815285,386.6596993972779,-1.1933821312221085,4.981511419700277,402.1494638262386,402.56794157762147,0.41847775138285215,4.662722949342601,416.5012625581554,422.1074621975237,5.606199639368299,5.317311200671326,433.57890320882933,444.75333210989174,11.174428901062413,6.858914078276913,14.296382297738683,15.908242180343574,1.6118598826048913,4.1931459780320415,28.648181029655394,35.44776280024586,6.799581770590468,4.813840580796244,45.725821680329354,58.093632712613825,12.367811032284472,6.718699433296111,14.35179873191671,19.539520619902287,5.187721887985576,4.4247198202268505,31.42943938259067,42.185390532270254,10.755951149679586,6.2015908427662,17.07764065067396,22.645869912367964,5.568229261694004,5.39801829221207
books_h,NLD,36,418.8637610384967,422.4969672470103,3.6332062085135703,8.81655772243807,481.32781884387566,476.8792198518725,-4.448598992003156,8.055696373645153,515.6176033208136,511.7051041940334,-3.912499126780176,6.324921069537732,547.132901785091,536.6732075087916,-10.459694276299388,7.0662363681925155,62.46405780537909,54.382252604862245,-8.081805200516847,8.131707783388311,96.75384228231695,89.20813694702319,-7.545705335293761,8.331598873094492,128.26914074659442,114.1762402617813,-14.092900484813114,9.542703578359337,34.28978447693786,34.82588434216096,0.5360998652231004,7.1541443615818086,65.80508294121532,59.79398765691906,-6.01109528429626,8.8213807130516,31.515298464277464,24.968103314758103,-6.547195149519361,7.188039360377726
books_h,NOR,36,423.84488496090614,425.06922255300935,1.2243375921032111,5.841401407276488,480.1611890366832,473.01654434351804,-7.144644693165162,5.358929597120534,500.0121053246877,487.9817508654718,-12.030354459215914,6.146717370957523,517.8593302690354,508.21373075050997,-9.645599518525387,5.984456679132474,56.31630407577711,47.94732179050881,-8.368982285268302,5.763128692874978,76.16722036378147,62.91252831246256,-13.254692051318905,6.012916310196544,94.01444530812917,83.14450819750057,-10.869937110628598,6.697379186371819,19.850916288004363,14.965206521953757,-4.885709766050606,6.0997635538518065,37.69814123235207,35.19718640699177,-2.500954825360303,5.93531606427093,17.84722494434771,20.231979885038008,2.3847549406903,6.623862783100921
books_h,NZL,36,448.0109773708188,456.1109670009284,8.099989630109576,6.141802615030256,500.6127574061112,500.84537752906317,0.2326201229519711,6.576143436507256,524.4052460962946,535.3866084050708,10.98136230877617,5.999806180611711,551.6538510072451,559.7834115907533,8.129560583508237,5.766287744349667,52.60178003529236,44.734410528134774,-7.8673695071575835,6.701690830948869,76.39426872547554,79.27564140414229,2.88137267866675,6.974951660258611,103.64287363642616,103.6724445898249,0.02957095339874627,6.758816015989025,23.792488690183177,34.54123087600752,10.74874218582434,7.236838426743161,51.04109360113381,58.93803406169013,7.896940460556323,7.412829952731189,27.248604910950633,24.396803185682607,-2.8518017252680252,6.8522661815220305
books_h,POL,36,450.16041578313826,444.91090614347894,-5.249509639659323,6.194194726679649,492.1537827562439,491.44777155557796,-0.7060112006659551,5.533098194682977,515.4767940882638,512.6715408979907,-2.805253190273106,5.676571507236706,541.6031122804445,540.4593598348039,-1.1437524456406436,6.527438541013535,41.99336697310566,46.536865412099054,4.543498438993396,5.4781266155944035,65.31637830512543,67.76063475451183,2.444256449386401,5.919990643646125,91.44269649730631,95.54845369132488,4.105757194018565,7.548888120756304,23.323011332019774,21.223769342412776,-2.0992419896069983,4.950139006883858,49.44932952420066,49.01158827922582,-0.4377412449748377,6.0636594116474,26.126318192180882,27.787818936813046,1.6615007446321641,6.15766955467324
books_h,PRT,36,431.382346055235,428.9434468923544,-2.4388991628806025,6.454441654427935,472.60045310734586,471.2933740629928,-1.3070790443530313,7.8107511577184985,502.3400477435197,504.92815018684234,2.5881024433226685,6.061589798860434,533.3296294152308,525.6228174699921,-7.706811945238655,6.002756439148608,41.21810705211081,42.34992717063851,1.131820118527699,6.516927038643647,70.95770168828459,75.98470329448799,5.027001606203399,5.6573668479438535,101.94728335999571,96.6793705776378,-5.267912782357911,6.7932292056203,29.73959463617378,33.63477612384948,3.8951814876756963,6.392039990451042,60.72917630788489,54.32944340699928,-6.39973290088561,7.006746991379523,30.989581671711115,20.6946672831498,-10.294914388561313,5.818242221357347
books_h,SVK,36,376.57976509950635,399.2241837421349,22.64441864262858,7.493730957699845,460.00731716981164,474.59491972412724,14.587602554315595,6.895760370396055,494.0256962426756,500.9323435806212,6.9066473379455715,5.3115171006546404,520.6136107024395,529.2381075057036,8.624496803264151,6.704326954287843,83.42755207030521,75.3707359819924,-8.056816088312814,7.109333221290752,117.4459311431693,101.70815983848627,-15.737771304683037,7.588745496251524,144.033845602933,130.01392376356864,-14.019921839364372,8.804226007936249,34.0183790728641,26.337423856493864,-7.680955216370236,5.958035172286586,60.606293532627774,54.64318778157624,-5.963105751051536,6.949923042699808,26.587914459763674,28.30576392508238,1.7178494653187073,5.99832974356713
books_h,SVN,36,443.56474422094095,426.77237324801945,-16.792370972921503,5.260743920121711,496.6128483939136,481.3010836492067,-15.31176474470692,4.948696004020925,517.268523889321,507.28717270794203,-9.981351181379011,5.27948350120442,544.345711913119,528.7904487287655,-15.555263184353521,5.3156860676362445,53.048104172972685,54.528710401187325,1.48060622821464,5.50181527625844,73.70377966838005,80.51479945992267,6.81101979154262,5.932826258894126,100.78096769217798,102.01807548074612,1.2371077885681387,6.428504322346555,20.655675495407372,25.98608905873534,5.330413563327969,5.987895614513587,47.7328635192053,47.489365079558794,-0.2434984396465083,5.676243234327981,27.07718802379793,21.503276020823456,-5.573912002974474,6.542894093756465
books_h,SWE,36,429.8958185868754,428.045622285934,-1.850196300941434,6.0846573870797425,487.81705784162614,476.1388168854336,-11.678240956192553,6.209283335791721,514.4527654414792,506.8719383414824,-7.580827099996782,6.061737754697751,546.8694449000997,541.1804599834611,-5.68898491663856,6.386784055473472,57.92123925475081,48.093194599499725,-9.828044655251084,5.794679635577861,84.55694685460386,78.82631605554839,-5.730630799055476,6.260979961420872,116.97362631322423,113.13483769752716,-3.8387886156970694,7.003375489261552,26.635707599853056,30.73312145604867,4.097413856195615,5.838126080597029,59.05238705847345,65.04164309802744,5.989256039553986,6.2748378320273,32.416679458620386,34.30852164197875,1.8918421833583636,5.704199326350165
books_h,TUR,36,425.7645944804879,446.99517136906263,21.230576888574717,5.499046403778483,469.8829739355656,488.5355796559091,18.6526057203435,5.555124053046711,491.65347257600826,508.04797770452194,16.394505128513686,5.0635158998104215,516.805782242235,534.8817464584357,18.07596421620076,5.902261616681512,44.11837945507769,41.54040828684637,-2.577971168231315,5.185749999507365,65.88887809552035,61.05280633545932,-4.8360717600610315,5.418957203074552,91.04118776174715,87.88657508937311,-3.154612672374043,6.0177457323556505,21.770498640442668,19.512398048612955,-2.258100591829713,5.237263022024984,46.92280830666945,46.34616680252674,-0.5766415041427138,5.947552123295286,25.152309666226785,26.833768753913784,1.6814590876869993,5.659249643852567
books_h,USA,36,433.80720373852364,436.64573947772794,2.8385357392043034,7.813224456296097,487.8767369834638,484.5326378118225,-3.3440991716412896,13.061463758932279,521.4576964014483,528.2895081306696,6.831811729221272,14.567350504573582,556.1395184291962,556.2664418949771,0.1269234657809193,11.802142318527494,54.06953324494017,47.886898334094425,-6.182634910845742,11.609754322545431,87.65049266292472,91.64376865294159,3.993275990016869,14.85973948020349,122.3323146906725,119.62070241724909,-2.7116122734234125,12.453051143869757,33.58095941798455,43.756870318847156,10.175910900862604,14.314285517362213,68.26278144573232,71.73380408315465,3.4710226374223367,11.478488863772013,34.681822027747764,27.9769337643075,-6.704888263440264,10.187467541049486
books_h,OECD,36,433.17704824837654,432.613910432449,-0.5631378159275187,3.252718060034706,481.4610982773405,479.15403618589005,-2.3070620914504616,3.2761816055231656,505.05960325419267,502.93882896491124,-2.120774289281428,3.24944949676905,531.4072842720232,528.2857371964984,-3.121547075524745,3.2544285362875285,48.28405002896399,46.54012575344098,-1.7439242755230069,1.07312883303742,71.88255500581613,70.32491853246215,-1.5576364733539805,1.143344585257921,98.23023602364668,95.67182676404938,-2.5584092595972976,1.2256045911441216,23.598504976852144,23.784792779021178,0.1862878021690335,1.1159543080721426,49.9461859946827,49.131701010608396,-0.8144849840743049,1.1883520391428484,26.34768101783056,25.346908231587218,-1.000772786243342,1.000517111205365
escs_cc,AUS,36,463.79174843606245,479.20446942786714,15.41272099180469,5.10387980860497,496.2642547258371,511.02073050520465,14.756475779367577,5.343254984752116,529.5792217210198,542.153010735917,12.573789014897102,5.050742977819242,565.9530985490698,553.7488266751816,-12.20427187388816,5.181226619513719,32.47250628977469,31.816261077337565,-0.6562452124371276,5.547016298067394,65.7874732849575,62.94854130804977,-2.8389319769077304,5.32293014881839,102.16135011300737,74.54435724731442,-27.61699286569295,5.687121394308802,33.31496699518282,31.1322802307122,-2.1826867644706205,4.788366137476561,69.68884382323267,42.728096169976865,-26.960747653255808,5.189236170017631,36.37387682804986,11.595815939264662,-24.7780608887852,4.447893350344431
escs_cc,AUT,36,441.6278238585311,459.85399588094214,18.22617202241105,6.314261988371756,483.99345275170134,501.5486573964005,17.55520464469913,6.06615339567172,522.7591872535589,529.6639847962797,6.9047975427207575,5.784295148051757,557.5762899952115,554.5982717289754,-2.978018266236063,5.504138118114664,42.365628893170296,41.69466151545824,-0.6709673777120528,6.171212808298812,81.13136339502792,69.80998891533754,-11.321374479690377,5.8193383838568185,115.94846613668047,94.74427584803331,-21.204190288647155,6.67415410610895,38.76573450185762,28.1153273998793,-10.650407101978324,5.800064330715919,73.58283724351018,53.04961433257505,-20.533222910935137,5.767740970090625,34.81710274165256,24.93428693269575,-9.882815808956813,5.304326699537136
escs_cc,BEL,36,441.58451019829636,466.2259049837995,24.641394785503167,5.8667645375899795,480.82144076169635,502.09960841971724,21.27816765802089,5.741414533405782,521.1142340760642,536.9223762488843,15.808142172820112,5.801496715169831,555.9663209574888,554.0983079549526,-1.8680130025362587,5.792026790200203,39.23693056339984,35.87370343591769,-3.3632271274821477,5.780708509017186,79.52972387776785,70.69647126508475,-8.833252612683097,6.213470353210865,114.38181075919238,87.87240297115311,-26.50940778803927,6.549937655851544,40.29279331436801,34.82276782916707,-5.470025485200942,5.06440097853313,75.14488019579252,51.99869953523542,-23.146180660557107,6.105606783703101,34.8520868814245,17.175931706068344,-17.676155175356154,5.243444678013636
escs_cc,CAN,36,486.79828703027687,492.30580788586076,5.507520855583891,4.773113281597064,509.9893874410798,521.0582990312671,11.06891159018727,4.661565143243248,534.489657610325,545.7600153265482,11.270357716223202,4.728006249938186,556.9517023990743,545.7062316463013,-11.24547075277303,5.4371594663021074,23.191100410802893,28.752491145406434,5.561390734603542,4.472557386790512,47.69137058004807,53.45420744068745,5.762836860639375,4.441828342060218,70.15341536879744,53.400423760440574,-16.752991608356865,5.283430307075947,24.50027016924518,24.701716295281017,0.20144612603583667,3.977707494096669,46.96231495799455,24.64793261503413,-22.31438234296042,4.52287997585217,22.46204478874937,-0.05378368024688598,-22.515828468996258,4.783931865682054
escs_cc,CHE,36,454.89717034090125,470.38667545690686,15.489505116005603,5.925560699662856,492.80422407409316,507.91368148191907,15.109457407825914,6.077268207917052,527.4278916290154,539.6872714091262,12.259379780110748,5.9723773516215894,570.0603973175142,563.5221660015859,-6.5382313159283285,5.692767333446726,37.90705373319177,37.527006025012255,-0.38004770817951794,5.932917603806325,72.53072128811414,69.30059595221942,-3.230125335894712,6.525955446221157,115.16322697661295,93.13549054467916,-22.02773643193379,6.82607853111446,34.62366755492238,31.773589927207176,-2.8500776277152013,5.7192358399999526,77.25617324342117,55.6084845196669,-21.64768872375427,5.832174413785473,42.63250568849878,23.834894592459726,-18.797611096039056,6.0431186787803854
escs_cc,CHL,36,415.92898412918623,425.9173682197684,9.988384090582144,6.161140172502765,440.70786418612823,440.3610018765786,-0.3468623095496355,5.794210928733099,457.2440103457435,460.62936043476583,3.3853500890223245,6.150543656528964,495.25559717794596,500.27934572041704,5.023748542471083,6.011447175951759,24.77888005694208,14.443633656810203,-10.335246400131876,6.00793204489981,41.31502621655732,34.71199221499754,-6.603034001559784,6.700503640173915,79.3266130487597,74.36197750064873,-4.964635548110962,7.357833191240286,16.536146159615242,20.268358558187334,3.7322123985720914,6.35246772352338,54.5477329918176,59.91834384383852,5.370610852020924,5.86890031781498,38.011586832202354,39.6499852856512,1.6383984534488434,6.491203548986796
escs_cc,COL,36,378.07795963133856,385.70956540271584,7.631605771377281,5.579598486392689,400.6069658472196,414.2733813056581,13.666415458438507,6.226608097595423,418.30570102667934,436.55446870846544,18.24876768178609,7.2713877331012045,467.5704488772811,482.5571870563057,14.986738179024599,10.002408944127248,22.529006215881047,28.563815902942263,6.034809687061216,5.9432877082758075,40.227741395340765,50.844903305749554,10.61716191040879,7.11407326715836,89.49248924594248,96.84762165358981,7.355132407647332,10.780935543505613,17.698735179459714,22.281087402807294,4.582352223347581,5.53995209988218,66.96348303006144,68.28380575064755,1.3203227205861054,9.738594196735539,49.26474785060171,46.00271834784026,-3.2620295027614503,8.892797548419953
escs_cc,CZE,36,441.02657544929025,456.56577759739486,15.539202148104607,5.916144232995199,495.46171683084276,489.324637817916,-6.137079012926733,5.572091245072659,514.9809678066515,514.1127492310967,-0.8682185755548062,5.860845437267489,560.2766372058619,547.3689401838851,-12.907697021976787,6.69253409956714,54.43514138155251,32.75886022052123,-21.676281161031284,5.710510043293636,73.95439235736114,57.546971633701915,-16.40742072365923,5.9624686455452265,119.25006175657165,90.80316258649025,-28.44689917008141,7.87578297397579,19.51925097580864,24.788111413180683,5.2688604373720445,5.619595115833465,64.81492037501917,58.044302365969045,-6.770618009050125,6.4131703842995895,45.295669399210524,33.256190952788344,-12.03947844642218,6.613938462908681
escs_cc,DEU,36,457.3279515537427,456.7113313189096,-0.6166202348331353,6.683008535011226,493.68696976411286,502.85806500572727,9.17109524161441,7.455461713094092,520.5690170795101,533.3848996655166,12.815882586006524,7.363454526594398,570.1805603488044,572.9598654658746,2.77930511707018,6.646933185536954,36.35901821037019,46.14673368681777,9.78771547644758,7.206199337712139,63.241065525767496,76.67356834660707,13.432502820839574,7.6175857297454295,112.85260879506168,116.24853414696508,3.3959253519034007,7.999457105029053,26.882047315397312,30.526834659789294,3.6447873443919825,7.492727075141527,76.49359058469152,70.1018004601473,-6.391790124544215,7.797521085287385,49.6115432692942,39.57496580035801,-10.036577468936194,6.881810468162402
escs_cc,DNK,36,459.31522912805974,457.2599793952936,-2.0552497327661285,6.037975487478484,485.216030868113,481.69499247240736,-3.5210383957056592,6.51861592730875,518.0548666264552,515.0721283778751,-2.9827382485801763,6.896963874434885,532.9769249786248,520.9018345252126,-12.075090453412145,7.18786880172695,25.900801740053357,24.435013077113712,-1.4657886629396444,6.844339365097334,58.739637498395496,57.81214898258143,-0.9274885158140691,6.6201953383127705,73.66169585056498,63.64185512991899,-10.019840720645995,8.15124517160198,32.838835758342135,33.37713590546771,0.5383001471255753,7.927788954763347,47.76089411051163,39.20684205280527,-8.554052057706357,7.790174839802069,14.922058352169495,5.829706147337561,-9.092352204831935,8.475833255098662
escs_cc,ESP,36,453.2197531745742,450.38283094195185,-2.836922232622328,4.652047641035333,475.96378079227577,476.31929557878885,0.35551478651308344,4.663540061760733,499.540458150374,504.1120476248132,4.571589474439236,4.321236782044959,529.5548858005073,517.8638616169388,-11.691024183568516,4.5090329315125635,22.74402761770155,25.936464636836877,3.192437019135326,3.851680626089518,46.32070497579973,53.72921668286138,7.408511707061649,3.8774268057281556,76.33513262593306,67.48103067498703,-8.854101950946031,4.296156298230643,23.576677358098173,27.792752046024493,4.216074687926319,3.2626248409894343,53.59110500823151,41.54456603815015,-12.046538970081357,3.965904603531931,30.01442765013333,13.751813992125658,-16.262613658007673,3.589995361025636
escs_cc,EST,36,494.0222914233329,495.71300366972565,1.6907122463927635,5.432257993797174,515.4443755083271,520.4275761298327,4.983200621505603,5.534951223216058,540.326013429506,553.2497297932592,12.923716363753215,5.643570426595149,570.1133876707412,563.0138399952364,-7.099547675504823,5.881302352592301,21.422084084994157,24.71457246010716,3.2924883751130025,5.70237221267188,46.30372200617303,57.536726123533654,11.233004117360622,5.594752642370198,76.09109624740825,67.3008363255108,-8.790259921897444,6.55782726562217,24.88163792117888,32.82215366342649,7.940515742247612,5.641140022073262,54.66901216241409,42.58626386540364,-12.082748297010454,5.75118877500915,29.787374241235216,9.764110201977143,-20.023264039258073,5.395695859731743
escs_cc,FIN,36,475.951528238221,479.24785981603384,3.2963315778128504,5.474504247181743,500.62115396103235,505.43620991272155,4.815055951689203,5.478793666596701,531.5264374416292,538.4825850468162,6.95614760518697,5.7076939497376795,563.6441961012547,553.0092101422804,-10.634985958974312,5.567640008135377,24.669625722811343,26.188350096687763,1.5187243738764202,5.24454701605361,55.574909203408254,59.23472523078249,3.6598160273742337,5.538277130376105,87.69266786303368,73.76135032624654,-13.931317536787134,5.876511303256928,30.90528348059691,33.04637513409472,2.1410916534978064,5.375907051042843,63.02304214022236,47.573000229558794,-15.450041910663565,5.4394239794783905,32.11775865962544,14.526625095464079,-17.59113356416136,5.679059758763894
escs_cc,FRA,36,441.5497440936486,462.30638297708737,20.756638883438768,6.255728840745556,481.17163387812053,490.8048283444965,9.633194466375983,6.068065323764359,514.6725629066661,523.6364696491821,8.963906742515974,7.033972407758185,557.4989067015456,550.7056870188751,-6.793219682670497,6.1895041623630815,39.621889784472,28.498445367409158,-11.123444417062846,6.0180293367177535,73.12281881301757,61.33008667209479,-11.792732140922787,7.083547857034855,115.9491626078971,88.39930404178776,-27.549858566109336,6.627280246955824,33.50092902854558,32.83164130468562,-0.6692877238599593,6.527412051959571,76.32727282342508,59.900858674378604,-16.426414149046472,6.002444776659145,42.82634379487949,27.06921736969298,-15.757126425186513,5.917316157330621
escs_cc,GBR,36,471.726999048411,490.29661179839366,18.56961274998264,6.035702033341486,498.16819692103593,521.4395843956277,23.271387474591734,6.150861567835612,516.8565855145979,541.6519240770896,24.79533856249168,6.181223009924567,565.2663092779319,569.90026183663,4.63395255869807,7.241627730192849,26.441197872624876,31.142972597233957,4.701774724609081,6.8688248718334295,45.12958646618692,51.35531227869592,6.225725812508998,6.922198358495136,93.5393102295208,79.60365003823627,-13.935660191284526,8.109563958527373,18.688388593562042,20.21233968146197,1.5239510878999276,6.493474387556629,67.09811235689591,48.460677441002304,-18.637434915893607,7.625469957957187,48.409723763333865,28.248337759540334,-20.16138600379353,6.8208299839839714
escs_cc,GRC,36,409.52043977820654,407.8597385907498,-1.6607011874567092,6.917595256775784,430.68146467173193,432.2001920652227,1.518727393490792,5.442295323137281,456.10882437042255,463.295680019591,7.186855649168422,6.621158402696035,491.16389996911187,482.6454909180943,-8.518409051017557,6.1724392662111285,21.161024893525358,24.34045347447285,3.1794285809474907,6.686673128526704,46.58838459221605,55.435941428841055,8.847556836625003,6.76777571766802,81.64346019090533,74.7857523273444,-6.8577078635609325,7.143583280833847,25.42735969869069,31.095487954368206,5.668128255677516,5.864655767068241,60.48243529737998,50.445298852871574,-10.037136444508405,5.8506674515489685,35.055075598689285,19.349810898503364,-15.705264700185921,6.022536915580925
escs_cc,HUN,36,429.36988074245664,439.99726790484544,10.6273871623888,6.523736814939211,474.45970719550587,477.10094866580175,2.6412414702958813,6.15504580539254,509.95228872337776,505.36744473851115,-4.584843984866609,6.309080148982689,552.6001830283387,538.2630661384997,-14.33711688983908,6.817536715343775,45.08982645304921,37.10368076095639,-7.986145692092826,6.682623982183517,80.58240798092109,65.37017683366568,-15.212231147255409,7.446688233892289,123.23030228588209,98.26579823365425,-24.964504052227838,8.345068586084341,35.49258152787188,28.266496072709288,-7.22608545516259,5.9957028106021575,78.14047583283288,61.162117472697865,-16.97835836013501,7.277252480263539,42.647894304960985,32.895621399988585,-9.7522729049724,6.313988316372241
escs_cc,IRL,36,469.6168063347676,473.71708930537426,4.100282970606656,5.400279735872223,492.81757505216336,495.49559284276836,2.678017790604997,5.823752428049254,517.9170010741557,522.0495413562587,4.132540282103037,5.280024775655768,546.2949092585986,542.3667151100484,-3.928194148550233,5.719013928912825,23.200768717395636,21.77850353739415,-1.4222651800014852,5.812802131379481,48.30019473938792,48.33245205088454,0.03225731149662181,5.646728131574169,76.67810292383099,68.64962580467427,-8.028477119156719,5.708816808065231,25.099426021992286,26.55394851349039,1.4545224914981034,5.904605340640181,53.47733420643535,46.871122267280114,-6.606211939155237,5.895972505040055,28.37790818444306,20.317173753789724,-8.060734430653337,5.449383809621871
escs_cc,ISL,36,412.1647722236935,429.716471385051,17.551699161357533,5.99088804348512,449.8813878732208,458.9373075609575,9.055919687736719,6.071239286020708,465.31073542477225,478.00477697794474,12.694041553172497,6.0443009258203295,493.0724912069827,489.8625147515812,-3.2099764554014882,6.135371968250405,37.71661564952732,29.2208361759065,-8.495779473620821,7.381453196289114,53.145963201078736,48.288305592893764,-4.857657608184972,7.085196848390201,80.90771898328919,60.14604336653015,-20.761675616759035,7.8265371307271,15.429347551551421,19.06746941698726,3.6381218654358403,7.236376834706691,43.19110333376187,30.925207190623638,-12.265896143138235,7.133813033004987,27.76175578221045,11.857737773636376,-15.904018008574074,7.20982679721192
escs_cc,ISR,36,418.0017216353857,430.19986620524423,12.198144569858528,6.921782660641116,461.0162323331068,476.81704614767887,15.800813814572052,8.238707749782431,504.0059328765175,501.2533283244267,-2.7526045520907587,8.43602160010932,534.6993143526204,516.2171788842298,-18.48213546839054,6.98181302340776,43.01451069772116,46.617179942434625,3.602669244713468,8.072896577426866,86.00421124113169,71.05346211918248,-14.950749121949201,9.079203197550564,116.69759271723467,86.01731267898549,-30.68028003824918,8.15039283331112,42.989700543410514,24.436282176747852,-18.55341836666266,8.562541931076778,73.68308201951352,39.40013273655087,-34.28294928296265,8.800672505723611,30.693381476103006,14.963850559803017,-15.72953091629999,7.822026488951246
escs_cc,ITA,36,438.0927772754495,453.01890872360656,14.926131448157037,5.869405740014905,471.973392880754,485.31351311755805,13.340120236804069,6.092982569166431,490.71820610543665,503.1133964517905,12.395190346353843,6.310936058555369,523.2575077912179,528.9109315766506,5.653423785432665,6.769122175863132,33.8806156053045,32.29460439395156,-1.5860112113529397,6.092697172501697,52.625428829987165,50.094487728184006,-2.5309411018031582,6.688619363840313,85.16473051576847,75.89202285304388,-9.272707662724585,6.996247365082747,18.744813224682666,17.79988333423244,-0.9449298904502257,5.4916261468810434,51.28411491046397,43.59741845909233,-7.686696451371638,6.680554006685751,32.53930168578131,25.797535124859888,-6.741766560921423,5.465858284689235
escs_cc,JPN,36,514.4900963434761,509.1749232842332,-5.315173059242909,7.5924793014937055,542.0650644108289,535.8521599478552,-6.212904462973711,6.440519844338958,561.5027026456246,559.7964658006309,-1.7062368449936685,6.932624895259378,585.924816293538,579.5021345838616,-6.4226817096764535,7.010502378828936,27.57496806735286,26.677236663621976,-0.8977314037308837,6.7384983478289415,47.01260630214851,50.62154251639775,3.6089362142492405,8.01887943438427,71.43471995006192,70.32721129962847,-1.107508650433445,9.011668988968736,19.437638234795656,23.944305852775777,4.506667617980121,6.1388233200005855,43.859751882709055,43.64997463600649,-0.20977724670256492,7.30860460746527,24.4221136479134,19.705668783230713,-4.7164448646826855,5.726583978058816
escs_cc,KOR,36,494.3807556596239,499.6507607440467,5.270005084422792,7.226221421372648,521.7495646667214,535.0965325533056,13.346967886584139,7.490639820464439,540.9410594510226,554.3622045743198,13.421145123297151,7.309291629704512,573.1110920920607,567.4206947769758,-5.690397315084965,7.64219650965567,27.368809007097553,35.44577180925891,8.076962802161354,6.7585795213650925,46.56030379139877,54.71144383027314,8.151140038874367,8.106003144544987,78.73033643243699,67.76993403292904,-10.960402399507942,8.797769777565016,19.19149478430122,19.265672021014232,0.07417723671301246,7.666307128515285,51.36152742533941,32.324162223670136,-19.037365201669274,8.789161745245982,32.17003264103819,13.0584902026559,-19.11154243838229,8.093590847281238
escs_cc,LTU,36,449.7727594465371,470.92234260048616,21.149583153949038,5.943440705975815,480.5961523217887,496.9542244760008,16.358072154212095,5.953821144702306,506.02984098875487,526.5866318855394,20.55679089678455,5.994056869502292,538.8340821891168,535.6868888370769,-3.147193352039835,6.7869539250858155,30.823392875251557,26.031881875514593,-4.791510999736964,5.993459314157985,56.25708154221773,55.66428928505337,-0.592792257164362,6.7000702351008306,89.06132274257979,64.76454623659079,-24.296776505989,7.393423328778888,25.43368866696618,29.63240740953878,4.1987187425725985,6.416173198681742,58.23792986732825,38.73266436107618,-19.505265506252066,6.4528289527231735,32.804241200362064,9.100256951537403,-23.70398424882466,6.209777057186194
escs_cc,LVA,36,464.28626631161177,457.0106284863796,-7.275637825232195,5.94333486399241,486.2146533438948,482.70470950063657,-3.5099438432582133,6.071005343472329,510.9543229009144,503.07310645699897,-7.881216443915434,5.923908035561137,537.7141909073687,515.4518870173216,-22.262303890047065,5.644164218836276,21.928387032283023,25.694081014256987,3.765693981973964,6.0305827742605205,46.66805658930254,46.062477970619355,-0.6055786186831824,6.193624079738616,73.4279245957568,58.44125853094204,-14.98666606481477,6.588474000720446,24.739669557019518,20.368396956362368,-4.37127260065715,6.256027686835329,51.499537563473794,32.747177516685056,-18.752360046788738,6.643290940827323,26.75986800645427,12.37878056032269,-14.381087446131579,6.782474325586856
escs_cc,MEX,36,382.9356459945324,389.80606175250426,6.870415757971841,4.81660597158349,400.133617943588,410.829637914218,10.696019970630005,5.16485152922887,416.82008091935876,427.54143896473727,10.721358045378508,5.912312551568267,450.3771329902347,455.33498934210604,4.957856351871328,6.661651805202181,17.197971949055507,21.023576161713663,3.825604212658156,4.473270996031561,33.88443492482639,37.73537721223291,3.850942287406525,5.360154562788932,67.4414869957023,65.52892758960165,-1.9125594061006552,6.71866453453741,16.686462975770883,16.71180105051925,0.025338074748365358,5.213780131478559,50.24351504664678,44.50535142788799,-5.73816361875879,6.829283896442533,33.5570520708759,27.793550377368735,-5.763501693507163,6.09856943999592
escs_cc,NLD,36,451.28629190583933,460.2231533067863,8.936861400946952,7.090486966960102,476.3605068259121,491.73080130285155,15.37029447693942,7.917074592531604,520.5322776811145,527.2168765242488,6.684598843134381,7.166793857198463,557.6388772793797,551.539594789849,-6.099282489530651,6.6028369931893485,25.0742149200728,31.507647996065238,6.433433075992436,7.166074012963895,69.24598577527516,66.99372321746253,-2.252262557812628,8.494395440535685,106.35258537354044,91.31644148306275,-15.036143890477689,8.533661474844445,44.17177085520235,35.48607522139728,-8.685695633805068,7.6555963326474314,81.27837045346763,59.80879348699752,-21.469576966470107,8.289118885863486,37.10659959826528,24.322718265600237,-12.78388133266504,7.088263165588332
escs_cc,NOR,36,446.6647941382909,443.32325900452145,-3.3415351337694688,5.592872674516882,474.4213963810278,480.81173452843586,6.390338147408045,6.135468981293233,500.31266693216804,504.7932725613292,4.480605629161175,5.67783025826256,530.9302985196784,516.5277218996578,-14.402576620020682,5.971965104642393,27.756602242736886,37.48847552391446,9.731873281177574,6.217192392691258,53.647872793877106,61.47001355680777,7.822140762930665,6.387655922000765,84.26550438138754,73.20446289513649,-11.061041486251057,6.440286230188726,25.891270551140224,23.981538032893326,-1.9097325182468978,5.979220321088619,56.50890213865065,35.71598737122203,-20.79291476742862,6.497731910329897,30.617631587510424,11.734449338328698,-18.883182249181726,5.992919044746238
escs_cc,NZL,36,466.74268289384884,487.7689640459272,21.026281152078354,6.770230194754165,509.19703632076937,521.8209048971383,12.623868576368977,6.157733747279628,534.0522989254172,553.7756528667389,19.72335394132176,6.0791503234993485,564.0151606248376,573.2243700618623,9.209209437024697,5.977556381331007,42.45435342692055,34.05194085121114,-8.402412575709405,7.177632461555304,67.30961603156842,66.00668882081172,-1.3029272107567067,7.578401324376292,97.27247773098891,85.45540601593503,-11.817071715053885,7.758027476091166,24.85526260464788,31.954747969600568,7.099485364952688,7.0611177237293345,54.81812430406835,51.403465164723876,-3.4146591393444723,7.212587026107526,29.96286169942048,19.44871719512331,-10.514144504297168,7.355005756000024
escs_cc,POL,36,461.45132922399887,468.10538726534134,6.654058041342466,5.530220184017336,492.82377344007165,494.81733244854286,1.993559008471209,5.963189640549343,518.6882641748327,527.9611379613091,9.272873786476339,6.481075582601796,554.7856089169336,550.0692903008977,-4.716318616035892,5.765258954434501,31.37244421607279,26.71194518320135,-4.660499032871439,5.427816292980015,57.23693495083394,59.855750695967615,2.6188157451336735,6.798875568044372,93.3342796929348,81.96390303555627,-11.370376657378529,6.805563579172794,25.864490734761155,33.14380551276627,7.279314778005116,5.794862412628459,61.96183547686201,55.25195785235492,-6.709877624507087,6.372872761017053,36.097344742100844,22.10815233958865,-13.989192402512195,5.671096522368511
escs_cc,PRT,36,448.144720350066,448.0942485267634,-0.05047182330258693,6.055475045062954,471.6511251731522,480.58049497034335,8.929369797191157,6.778877461133609,496.97653430323555,510.77800991232345,13.801475609087902,7.157194722048736,539.055882067531,539.9857982147036,0.9299161471725483,5.821222840753803,23.50640482308622,32.48624644357999,8.979841620493765,5.933745469156182,48.83181395316949,62.683761385560025,13.851947432390538,6.387640435396817,90.91116171746505,91.89154968794008,0.9803879704750358,6.903967037783969,25.325409130083262,30.19751494198004,4.872105811896777,5.756931081038793,67.4047568943788,59.405303244360105,-7.999453650018701,6.942818270045342,42.079347764295555,29.20778830238006,-12.871559461915496,6.735459584134031
escs_cc,SVK,36,399.71875531802203,437.625251908104,37.906496590081986,7.344438777881932,462.0123632152084,473.98525291095194,11.97288969574356,6.320162161540481,489.85393480899955,504.90781247399934,15.053877664999789,5.993404492741182,532.0864211670205,541.7368243133749,9.650403146354392,7.096540156908359,62.293607897186476,36.360001002848,-25.933606894338475,7.139243602996472,90.1351794909776,67.2825605658954,-22.85261892508221,7.665420375809345,132.36766584899846,104.1115724052709,-28.25609344372755,9.285514455448398,27.841571593791134,30.922559563047383,3.080987969256249,6.635539810899303,70.07405795181198,67.75157140242291,-2.322486549389069,7.736296830698664,42.23248635802085,36.829011839375525,-5.403474518645325,6.074057605638869
escs_cc,SVN,36,458.05753805227926,459.6382463464803,1.580708294201031,5.47862699793702,488.87234269277167,484.15862343151394,-4.713719261257722,5.425604751503098,518.5993492036102,522.9159118173386,4.316562613728365,5.286545153549958,550.4889617003539,532.0517721962791,-18.43718950407481,5.464802562571283,30.81480464049249,24.52037708503364,-6.294427555458849,6.0775872759252,60.5418111513311,63.277665470858324,2.7358543195272205,6.270352095010173,92.4314236480747,72.41352584979889,-20.01789779827581,6.464683331635202,29.727006510838606,38.75728838582468,9.030281874986073,6.0269936065012,61.6166190075822,47.893148764765236,-13.723470242816965,6.344597039241098,31.8896124967436,9.13586037894056,-22.75375211780304,6.336965678280056
escs_cc,SWE,36,449.33229152195497,450.70472909162874,1.3724375696737638,5.856981630456418,484.04413799317007,493.03993932080346,8.995801327633387,5.83005185944318,523.2059624707116,530.884275195144,7.6783127244324305,6.262536484948113,558.4812435821976,542.3510316539919,-16.130211928205767,6.341922474734926,34.71184647121513,42.33521022917473,7.623363757959595,5.852272261025258,73.87367094875664,80.17954610351526,6.305875154758624,6.422753588912996,109.14895206024275,91.64630256236309,-17.50264949787966,7.1152769597939,39.16182447754151,37.844335874340544,-1.3174886032009638,6.01043628252762,74.43710558902762,49.31109233318836,-25.12601325583926,6.748090303169384,35.275281111486116,11.466756458847817,-23.808524652638297,6.050297775631734
escs_cc,TUR,36,447.71682523292355,467.4651367046974,19.74831147177383,5.464591460087997,463.34036178231736,490.35653912723683,27.01617734491947,5.077028535165557,475.92647278210836,502.82559999887826,26.899127216769898,5.957672794112528,522.1692513309288,549.9760317110115,27.806780380082728,5.818890304959971,15.623536549393794,22.89140242253951,7.267865873145716,5.183338645935696,28.209647549184677,35.360463294180946,7.150815744996269,6.248740616995454,74.45242609800513,82.51089500631409,8.058468908308953,6.760777170629987,12.586110999790884,12.469060871641437,-0.11705012814944737,5.187648358739706,58.82888954861134,59.61949258377458,0.7906030351632367,6.017486357962793,46.24277854882047,47.150431712133134,0.9076531633126663,6.277762838809204
escs_cc,USA,36,456.40946747773177,467.263570883082,10.854103405350259,8.57490050584007,487.78232548695394,493.35127553290494,5.568950045950999,9.11569287703328,515.5879424849707,526.1769471587891,10.589004673818408,15.443219452267972,563.8384098167056,567.4219215415458,3.5835117248401502,16.530548423184182,31.372858009222256,26.087704649822875,-5.285153359399381,9.944686341180056,59.17847500723879,58.91337627570685,-0.2650987315319355,15.085226917417144,107.42894233897394,100.15835065846366,-7.270591680510279,17.065996204197226,27.805616998016536,32.82567162588397,5.0200546278674345,15.421375922398582,76.05608432975166,74.0706460086408,-1.9854383211108626,16.771283045051042,48.25046733173512,41.24497438275681,-7.005492948978315,13.143355104653955
escs_cc,OECD,36,448.47231037762697,457.7603769677363,9.288066590109338,3.2312970171288518,479.80598973100757,488.29264758158297,8.486657850575398,3.2673927762587947,506.7067642184812,515.8820148096245,9.175250591143254,3.239042505522852,542.2051499567671,537.9661301718966,-4.239019784870493,3.280271300213465,31.333679353380706,30.53227061384677,-0.8014087395339367,1.0722309509341215,58.23445384085429,58.1216378418883,-0.11281599896599204,1.104715296686919,93.73283957914005,80.20575320416025,-13.527086374979802,1.3368941776383776,26.900774487473587,27.58936722804153,0.6885927405679446,1.028774463992655,62.39916022575933,49.67348259031347,-12.725677635445862,1.1484021985145458,35.498385738285755,22.084115362271937,-13.414270376013818,1.151676760962268
escs_h_cc,AUS,36,466.42420736284794,476.3763967833743,9.952189420526338,5.2359396556019755,498.2037176908354,510.24993705165105,12.046219360815655,4.824699627677097,534.0467208144212,542.155791001831,8.10907018740977,5.144075798942552,556.9043769764828,557.3495492371499,0.44517226066705007,5.144721027536577,31.779510327987527,33.87354026827687,2.0940299402893423,4.954516052992731,67.62251345157316,65.77939421845674,-1.8431192331164112,5.341116241699521,90.4801696136349,80.97315245377563,-9.507017159859274,5.665358392481998,35.84300312358563,31.905853950179868,-3.937149173405764,4.5728836160828195,58.700659285647376,47.09961218549874,-11.601047100148634,4.779132476062931,22.857656162061744,15.193758235318876,-7.663897926742868,4.337859272186999
escs_h_cc,AUT,36,444.7729599996645,458.05895120137075,13.285991201706224,6.410551758918023,486.8575272760351,501.6393279317328,14.78180065569768,6.0757238707643,522.7808999293214,528.1565569960264,5.375657066705003,5.733931079890323,551.5646816390179,557.8130557393436,6.248374100325691,5.608567325717983,42.08456727637058,43.58037673036205,1.4958094539914697,6.662587912669801,78.00793992965691,70.09760579465558,-7.910334135001335,5.810254185601973,106.79172163935334,99.75410453797285,-7.037617101380491,6.793875625507245,35.923372653286336,26.51722906429353,-9.406143588992805,5.970405323630016,64.70715436298276,56.1737278076108,-8.53342655537196,5.6569982010615965,28.783781709696427,29.656498743317275,0.8727170336208481,5.195026188232083
escs_h_cc,BEL,36,444.5461463718575,466.03007924175944,21.483932869901935,5.77350455017759,483.12332695740736,500.7420717297963,17.618744772388936,5.98703771105426,523.5264410251862,535.1382720637802,11.611831038594005,5.989204780020304,548.2864398355977,557.4489726050444,9.162532769446784,5.8305426987556475,38.57718058554991,34.7119924880369,-3.8651880975130126,6.1114992254253595,78.9802946533287,69.10819282202085,-9.872101831307845,6.3600361033701605,103.74029346374019,91.4188933632851,-12.321400100455094,6.478719138411697,40.40311406777879,34.396200333983955,-6.006913733794832,5.81742976559991,65.16311287819028,56.706900875248195,-8.456212002942081,6.138527771062231,24.75999881041148,22.310700541264247,-2.449298269147235,5.637012333007678
escs_h_cc,CAN,36,487.03411307877434,489.4489735012905,2.414860422516142,4.70632681947174,511.53687917669095,519.2519051953963,7.715026018705316,4.789168837982667,536.6563961853933,542.971024096261,6.314627910867671,4.686830342903688,552.9990720388072,553.16360555681,0.1645335180028269,5.408497289699663,24.50276609791667,29.80293169410582,5.300165596189149,4.490838417024608,49.62228310661892,53.52205059497053,3.899767488351607,4.419960502972027,65.9649589600329,63.7146320555194,-2.2503269045135,5.220172813168192,25.119517008702253,23.719118900864714,-1.400398107837539,4.056037974895,41.46219286211625,33.911700361413594,-7.550492500702653,4.728029301076505,16.342675853413994,10.192581460548876,-6.1500943928651175,4.527933733682466
escs_h_cc,CHE,36,457.60538455492315,468.2183789152879,10.612994360364723,6.113238908474641,495.10764765480565,506.6581784658275,11.550530811021872,5.833031339962013,529.7328631737336,539.7362224314074,10.003359257673878,6.267515106241804,562.7697970429092,566.8932428528831,4.123445809973873,5.596875085834889,37.50226309988246,38.43979955053963,0.93753645065717,5.888009482000318,72.12747861881044,71.51784351611948,-0.6096351026909588,6.619736294829867,105.16441248798608,98.67486393759518,-6.489548550390907,6.878565469037641,34.62521551892798,33.07804396557985,-1.5471715533481287,5.70235184363171,67.66214938810363,60.23506438705556,-7.42708500104807,5.820845365612472,33.03693386917564,27.157020421475703,-5.879913447699938,6.556601950129603
escs_h_cc,CHL,36,419.43185030532067,421.46903444160426,2.0371841362835994,6.251855362563094,440.2306228260305,441.41204868098964,1.181425854959116,5.901197055547288,455.00900771288025,461.1318843286837,6.122876615803477,5.94157401363118,494.4378216818647,503.2015656249907,8.763743943125974,6.115979231591831,20.7987725207099,19.943014239385434,-0.8557582813244657,6.172608997866461,35.577157407559646,39.66284988707941,4.085692479519764,7.077280503645284,75.00597137654408,81.73253118338637,6.726559806842289,7.5033433259155276,14.778384886849745,19.719835647693976,4.941450760844232,5.846350150995292,54.20719885583418,61.789516944000944,7.582318088166765,5.780899651006754,39.428813968984436,42.06968129630697,2.640867327322532,6.667338974345646
escs_h_cc,COL,36,379.39564692956196,384.62363692342876,5.2279899938667995,5.569176970705067,400.74261209871463,415.0316136376506,14.289001538935963,6.356831363225955,419.20109056684805,435.81901484503544,16.617924278187388,7.095223084983536,465.1946993811581,483.608001716078,18.413302334919877,9.911028048127193,21.34696516915268,30.40797671422186,9.061011545069181,6.04692594481583,39.80544363728616,51.195377921606635,11.389934284320475,7.100268838156978,85.79905245159611,98.9843647926492,13.185312341053091,10.486850690966124,18.458478468133478,20.78740120738477,2.3289227392512935,5.494662736471582,64.45208728244344,68.57638807842734,4.124300795983899,9.567040976056479,45.99360881430996,47.788986871042574,1.7953780567326163,8.79773632332758
escs_h_cc,CZE,36,447.2904753595788,454.1481756442612,6.85770028468238,6.061254927845639,493.9073092170379,489.26093787183953,-4.646371345198361,5.436676682329436,515.0528653663281,513.3805983595928,-1.6722670067352965,5.964110261486179,555.4799924474207,550.5767925901639,-4.903199857256823,6.780571371584186,46.6168338574591,35.11276222757839,-11.504071629880706,5.858488105004806,67.7623900067494,59.232422715331595,-8.529967291417805,5.962353773969251,108.189517087842,96.42861694590263,-11.760900141939373,8.17036002892963,21.145556149290293,24.119660487753208,2.974104338462915,5.6148532812227865,61.57268323038291,61.315854718324225,-0.2568285120586822,6.4014180597945,40.427127081092614,37.196194230571024,-3.23093285052159,6.928417472001712
escs_h_cc,DEU,36,459.3830122438012,455.59743848634497,-3.785573757456234,6.819556741946779,495.83896676802976,503.5438509342706,7.704884166240845,6.926464165516382,522.562333497446,530.3118516649636,7.749518167517522,7.631187003359131,564.0012610890824,576.4800804219902,12.478819332907847,6.904428571497221,36.455954524228524,47.946412447925674,11.49045792369715,6.76036052995808,63.179321253644865,74.71441317861846,11.535091924973592,7.663539959128654,104.61824884528119,120.88264193564528,16.264393090364095,8.28529355471528,26.72336672941634,26.76800073069279,0.04463400127644945,7.5046084317065205,68.16229432105266,72.9362294877196,4.773935166666945,7.937459559997549,41.43892759163633,46.16822875702682,4.729301165390488,7.237407828178882
escs_h_cc,DNK,36,459.94995352802727,457.44913559684545,-2.500817931181814,5.7002188536226255,493.4823467388145,479.3487660226698,-14.133580716144706,6.607529053750731,517.5282112191861,515.8479413747857,-1.6802698444004136,6.5757669996529025,524.5814267527252,522.2796183631056,-2.301808389619623,6.519961470876945,33.53239321078722,21.899630425824302,-11.632762784962917,6.181783708984881,57.578257691158726,58.39880577794027,0.8205480867815425,6.924985769423613,64.63147322469783,64.83048276625996,0.19900954156213402,7.2438102694857935,24.0458644803715,36.49917535211597,12.45331087174447,6.7637109431230815,31.099080013910605,42.93085234043566,11.831772326525059,7.121760089108581,7.053215533539105,6.431676988319691,-0.6215385452194138,7.23713410869216
escs_h_cc,ESP,36,455.4760699700557,447.7891516661213,-7.6869183039343625,4.665901664504686,477.66300339416586,475.4772626218087,-2.1857407723571782,4.737577961038813,500.85848636798056,502.94301074487714,2.0845243768965815,4.42744490771279,524.2792585089213,522.4823345996004,-1.796923909320867,4.5133000554692515,22.18693342411013,27.68811095568728,5.501177531577149,4.134928941777628,45.38241639792489,55.15385907875573,9.771442680830837,3.996604109701322,68.80318853886563,74.69318293347897,5.889994394613339,4.364611600741366,23.195482973814762,27.465748123068447,4.270265149253685,3.35939796476718,46.6162551147555,47.00507197779168,0.38881686303617613,4.136016573369254,23.420772140940745,19.539323854723232,-3.8814482862175126,3.765788913482518
escs_h_cc,EST,36,496.90923963287725,494.32035512019974,-2.5888845126775095,5.419354642527463,515.5338243428594,521.0776160267271,5.5437916838677666,5.6084815280180385,540.6278908691313,550.8147184446956,10.18682757556428,5.4306128290609355,566.8370735003538,566.1822928257513,-0.6547806746024207,5.886772304794655,18.624584709982155,26.757260906527467,8.132676196545312,5.5351572815549686,43.71865123625413,56.494363324495815,12.775712088241683,5.475621974162863,69.92783386747647,71.86193770555151,1.9341038380750462,6.467362387009448,25.09406652627198,29.737102417968345,4.643035891696364,5.4074545481734635,51.303249157494314,45.104676799024034,-6.19857235847028,5.782289876342601,26.209182631222337,15.367574381055693,-10.841608250166644,5.401921088442195
escs_h_cc,FIN,36,480.1894818497456,477.07744764292903,-3.1120342068165883,5.491854864591724,501.6622686152017,506.216510999078,4.554242383876328,5.626438456882326,532.1768688750559,534.5206257488428,2.3437568737869015,5.778574056286722,557.7140774406165,558.357052773443,0.6429753328264951,5.433788822547698,21.47278676545606,29.139063356149073,7.666276590693013,5.320535096751188,51.98738702531019,57.443178105913866,5.4557910806036745,5.438167892806614,77.52459559087087,81.27960513051411,3.7550095396432397,5.773702303283421,30.51460025985413,28.304114749764786,-2.2104855100893452,5.715083041563121,56.05180882541481,52.14054177436503,-3.9112670510497765,5.701974133332131,25.53720856556067,23.836427024600255,-1.700781540960417,5.64017516200429
escs_h_cc,FRA,36,445.62998694131767,460.23407057322277,14.604083631905098,6.368583874387763,483.2274675348152,491.8069635229871,8.579495988171857,5.998821848194852,514.1647450343778,522.587459618566,8.422714584188157,6.908242327648904,551.8151693245566,552.8420737619232,1.0269044373666247,6.553635343982211,37.59748059349752,31.5728929497643,-6.0245876437332235,6.137039655399896,68.53475809306,62.35338904534319,-6.181369047716814,6.706810152852542,106.18518238323881,92.60800318870045,-13.57717919453836,6.880878246495499,30.937277499562498,30.780496095578894,-0.1567814039836044,6.3638780480480674,68.58770178974127,61.035110238936156,-7.5525915508051185,6.821445270914041,37.65042429017878,30.254614143357266,-7.395810146821518,6.429537002061414
escs_h_cc,GBR,36,478.0100494463642,489.9981995170903,11.988150070726135,6.290126827492261,495.97070989082357,518.7781426743645,22.807432783540946,6.238447778463399,522.0342254605391,544.0353388335667,22.00111337302758,6.220364679929015,555.9856374974019,570.5059431895504,14.520305692148554,7.050642556692655,17.96066044445941,28.77994315727407,10.819282712814658,7.021291005101451,44.02417601417495,54.037139316476285,10.012963302301337,7.4695928422936335,77.97558805103772,80.50774367246001,2.532155621422291,7.871930502902402,26.063515569715538,25.257196159202216,-0.8063194105133213,7.104170170572681,60.014927606578304,51.72780051518595,-8.287127091392357,7.556831846273402,33.95141203686277,26.47060435598373,-7.480807680879039,6.423053337148872
escs_h_cc,GRC,36,412.30823642076047,406.49526063503714,-5.812975785723324,6.439034548550429,431.5781329846366,433.3170660036052,1.7389330189685666,6.048009784521485,457.54995687760277,461.8034695316449,4.25351265404214,6.4319683051027825,486.03303973754856,484.40465729053165,-1.628382447016918,6.614964716912463,19.269896563876188,26.8218053685681,7.551908804691912,6.587022085193616,45.241720456842245,55.30820889660775,10.066488439765507,6.730176416443258,73.72480331678814,77.90939665549448,4.184593338706335,7.5156754616146815,25.971823892966057,28.486403528039652,2.514579635073595,6.153833668601851,54.45490675291196,51.08759128692638,-3.367315465985577,5.963093227479599,28.4830828599459,22.60118775888673,-5.881895101059168,6.5466177321761485
escs_h_cc,HUN,36,434.1132559526677,439.5426792825824,5.429423329914698,6.30896597427218,470.78442973255943,475.3012007661754,4.516771033615953,6.155859559785353,513.0201685129196,505.76704667678797,-7.253121836131584,6.50038708028478,548.4624155323796,540.1174503418031,-8.344965190576545,6.847827073085731,36.671173779891795,35.75852148359297,-0.9126522962988233,6.453082567232303,78.9069125602519,66.2243673942055,-12.682545166046395,7.5175414325305825,114.34915957971184,100.5747710592207,-13.774388520491144,8.147719293190548,42.2357387803601,30.465845910612536,-11.769892869747565,6.021880722417642,77.67798579982005,64.81624957562772,-12.861736224192327,7.400013489484955,35.44224701945994,34.35040366501517,-1.0918433544447694,6.592198551822781
escs_h_cc,IRL,36,472.42663725375587,472.84484454881647,0.41820729506059706,5.507617727675625,494.88507806335565,495.78189911779316,0.8968210544375097,5.6818706442338565,518.2071292120762,521.6745672736336,3.4674380615573455,5.46380672490533,541.0995358544136,543.3288650478878,2.2293291934742,5.458363948460574,22.45844080959976,22.9370545689767,0.4786137593769375,5.482637937050187,45.780491958320376,48.829722724817046,3.0492307664966702,5.770187045078299,68.67289860065776,70.48402049907145,1.8111218984136883,5.7657115174238855,23.32205114872061,25.892668155840347,2.5706170071197363,5.790059746320093,46.214457791057995,47.54696593009475,1.3325081390367544,5.663002069702906,22.89240664233738,21.654297774254406,-1.2381088680829748,5.46702390795991
escs_h_cc,ISL,36,415.66175404302356,429.0726456065357,13.41089156351211,6.027664241408576,451.17937862644305,458.57095468003456,7.391576053591507,6.588823952853335,471.3553210617827,477.1483230228346,5.793001961051857,6.1391420976527815,482.24001758450186,491.7469187437256,9.50690115922373,5.992317130594672,35.51762458341947,29.49830907349888,-6.019315509920588,7.480257200559887,55.693567018759175,48.075677416298845,-7.61788960246033,7.567039121143154,66.57826354147824,62.6742731371899,-3.9039904042883364,7.640750245941524,20.17594243533971,18.577368342799964,-1.5985740925397458,8.211909219270627,31.060638958058767,33.17596406369102,2.1153251056322517,7.305520924753301,10.884696522719059,14.598595720891058,3.7138991981719993,7.382397975377467
escs_h_cc,ISR,36,419.56940699733286,427.3837621242284,7.814355126895521,7.017437931735077,466.5499082128134,473.1532689113027,6.6033606984892685,7.73812875431842,508.1156872706039,500.91935951587095,-7.196327754732977,8.146509684537873,523.4685544076067,523.0506902022569,-0.41786420534981517,7.202099400651682,46.980501215480544,45.76950678707428,-1.2109944284062664,7.871030795013249,88.54628027327104,73.53559739164253,-15.010682881628512,8.508522861782327,103.89914741027376,95.66692807802846,-8.232219332245293,8.209293403938682,41.565779057790486,27.766090604568245,-13.799688453222242,7.881463725082328,56.9186461947932,49.89742129095418,-7.02122490383902,8.247709272300678,15.352867137002722,22.131330686385933,6.778463549383211,7.829865459304624
escs_h_cc,ITA,36,441.3868133703334,453.23560318384335,11.848789813509939,5.829594398875477,472.3243935132631,482.72435121984756,10.399957706584473,5.972279568472443,491.4114986411716,504.59228763112003,13.18078898994844,6.007939253004023,518.9225098548752,529.7710142121251,10.848504357249908,6.7140114006353615,30.93758014292975,29.488748036004203,-1.448832106925547,5.413167908241716,50.0246852708383,51.356684447276734,1.331999176438437,6.2286401251968435,77.53569648454194,76.53541102828171,-1.0002854562602295,6.9614200420259,19.087105127908547,21.867936411272535,2.7808312833639874,5.2330785809489555,46.59811634161222,47.04666299227752,0.44854665066529975,6.2824774343876735,27.51101121370367,25.17872658100498,-2.3322846326986912,5.164700653686821
escs_h_cc,JPN,36,518.6772861610405,507.560322687155,-11.116963473885448,7.627702937407175,543.974185366456,534.7619266390134,-9.212258727442645,6.506478230875359,562.7219524965249,557.9732130502354,-4.748739446289505,6.631663861672682,578.5791392087903,584.0441156680192,5.4649764592289785,7.210464698802122,25.296899205415503,27.20160395185834,1.9047047464428353,6.7575427687819545,44.04466633548456,50.412890363080386,6.368224027595829,7.954425725426781,59.901853047749896,76.48379298086414,16.581939933114242,9.02037528604682,18.747767130069054,23.211286411222044,4.4635192811529905,6.1594535621212225,34.604953842334396,49.28218902900579,14.677235186671396,7.173356054777284,15.857186712265342,26.070902617783748,10.213715905518406,5.96211299201174
escs_h_cc,KOR,36,502.0383251998429,498.7648542287196,-3.273470971123288,7.080124450831819,519.5410190341133,537.1434586054686,17.602439571355262,8.140383155990337,540.542110109303,553.0515379910441,12.50942788174109,6.502327409469606,568.0770979003677,567.6142047404735,-0.462893159894179,7.599471618302828,17.50269383427056,38.378604376749045,20.875910542478486,7.133525746520063,38.503784909460315,54.286683762324515,15.7828988528642,7.8146589751007545,66.03877270052492,68.84935051175391,2.8105778112289954,8.639752652611085,21.001091075189755,15.908079385575467,-5.093011689614288,8.04213814836815,48.536078866254364,30.47074613500488,-18.065332731249484,8.697117183754214,27.534987791064612,14.562666749429411,-12.972321041635201,6.936196447212587
escs_h_cc,LTU,36,453.2352398925471,470.184618823317,16.94937893076991,5.8808254598317315,482.70618389671455,495.8823678637853,13.176183967070756,6.214750753987612,508.5092829710037,526.6718911047883,18.1626081337846,6.030727553536758,530.7748749258801,537.4467406108748,6.671865684994714,6.687745363379496,29.470944004167443,25.697749040468246,-3.773194963699197,6.310904673306876,55.27404307845668,56.48727228147135,1.21322920301467,6.691061323435049,77.53963503333308,67.26212178755779,-10.277513245775296,7.236118249361758,25.803099074289236,30.789523241003103,4.986424166713867,6.414940634163118,48.068691029165635,41.564372747089536,-6.504318282076099,6.682080065849673,22.265591954876403,10.774849506086435,-11.490742448789968,6.333596783657832
escs_h_cc,LVA,36,467.7177316338608,455.7822971741701,-11.935434459690725,6.060218068640145,486.2194093911482,480.9436023596093,-5.275807031538875,6.074861897863393,512.6995515176085,504.60668370702433,-8.092867810584153,5.585721042467007,532.5203859819251,516.8936680627189,-15.626717919206158,5.6424579891821,18.50167775728756,25.161305185439296,6.659627428151737,6.106666630458383,44.981819883747825,48.82438653285427,3.8425666491064447,6.165422122987196,64.80265434806444,61.111370888548834,-3.6912834595156028,6.427950777568559,26.480142126460265,23.663081347414977,-2.8170607790452884,5.97992727624161,46.30097659077687,35.95006570310953,-10.35091088766734,6.604510550062477,19.820834464316608,12.286984355694557,-7.533850108622051,6.433077073498959
escs_h_cc,MEX,36,384.97779824680345,389.0414599940703,4.063661747266849,4.861346146278108,399.5208374387072,410.82253015179003,11.301692713082844,5.215317126420177,416.819281870825,427.39101931538846,10.57173744456344,5.6269239514454865,449.00791706924394,456.2933088138144,7.285391744570461,6.789434586361148,14.543039191903734,21.781070157719732,7.238030965815998,4.632470381266158,31.841483624021617,38.349559321318154,6.508075697296537,5.092575631709005,64.03011882244046,67.25184881974403,3.2217299973035693,6.9176243509469515,17.298444432117883,16.56848916359842,-0.7299552685194612,4.842373516369183,49.48707963053672,45.4707786620243,-4.016300968512418,6.916804147409923,32.18863519841884,28.90228949842588,-3.286345699992957,6.003993274747666
escs_h_cc,NLD,36,455.34241758479095,462.9207514592732,7.578333874482269,7.236778722720753,478.3197355515081,487.1601328825145,8.840397331006443,7.44901486772495,525.0513815567481,528.8588886259602,3.807507069212079,6.9750910758002505,547.0845385725306,551.7692560816913,4.684717509160691,6.955640321900717,22.977317966717216,24.239381423241344,1.2620634565241282,6.913342340185383,69.7089639719572,65.93813716668687,-3.7708268052703318,8.427836073807851,91.74212098773967,88.84850462241812,-2.8936163653215488,8.858846677079496,46.73164600523997,41.69875574344554,-5.032890261794435,7.043380828863133,68.76480302102246,64.60912319917679,-4.155679821845666,7.9903984292326244,22.03315701578249,22.91036745573125,0.8772104399487617,7.11147631851543
escs_h_cc,NOR,36,450.22570019029797,443.3188797685053,-6.906820421792645,5.675083057674751,480.1613217552269,478.41148845973674,-1.7498332954901343,5.895607535041466,501.5136632833995,505.3598927238469,3.8462294404473596,5.926778000864506,520.4216834706743,518.3603411136855,-2.0613423569888027,6.056563218216681,29.93562156492884,35.092608691231455,5.156987126302614,6.115493963523109,51.28796309310148,62.04101295534158,10.753049862240097,6.825903669348238,70.19598328037628,75.04146134518022,4.845478064803942,6.641629698187672,21.352341528172637,26.94840426411013,5.596062735937494,6.309435483087838,40.26036171544744,39.94885265394878,-0.3115090614986613,6.132222378727812,18.908020187274797,13.000448389838642,-5.907571797436155,6.0688101278538396
escs_h_cc,NZL,36,470.92235079521345,488.1380029369437,17.21565214173023,6.286684530304242,509.9824065693068,519.0879419981136,9.105535428806775,6.629527384239149,536.6346024849684,550.9155692817772,14.280966796808798,6.012417551929905,556.4849856736241,578.4372827041824,21.95229703055827,5.892063161008484,39.06005577409332,30.949939061169978,-8.110116712923343,6.559056924135161,65.71225168975491,62.77756634483353,-2.934685344921377,7.299873301845731,85.56263487841053,90.29927976723873,4.736644888828195,7.507416664462798,26.652195915661586,31.82762728366356,5.1754313680019735,7.524062396661335,46.50257910431722,59.349340706068745,12.846761601751524,7.554947452588888,19.850383188655634,27.521713422405185,7.671330233749551,7.103736425912865
escs_h_cc,POL,36,466.50949622343217,466.83550991614754,0.32601369271537806,5.642779740868208,492.3667236020481,495.2282812152819,2.861557613233799,5.523609453348243,518.8894425365679,528.5017523590113,9.612309822443422,6.442440482798501,549.9715965989174,550.3883344909618,0.4167378920444662,6.407072741219298,25.857227378616038,28.39277129913446,2.535543920518421,5.36996810922143,52.379946313135825,61.66624244286379,9.286296129727965,6.392441013303229,83.46210037548522,83.55282457481432,0.09072419932910236,7.18381002498804,26.522718934519787,33.27347114372934,6.750752209209551,6.256440810547253,57.604872996869176,55.160053275679864,-2.4448197211893117,6.770797404894791,31.08215406234939,21.886582131950526,-9.195571930398863,6.005713281856723
escs_h_cc,PRT,36,447.7903921857671,447.6954655870545,-0.09492659871256137,6.22421909708813,472.99208252717216,480.2017894187931,7.209706891620954,7.013369340524991,501.89196509658257,510.78860114084654,8.896636044263971,6.366767405379932,533.176093393583,540.751265385801,7.575171992218088,5.844776669023897,25.201690341405076,32.506323831738555,7.3046334903334795,6.017888447200502,54.10157291081557,63.09313555379204,8.991562642976469,6.092896910370874,85.38570120781587,93.05579979874649,7.670098590930621,6.6093234718318365,28.899882569410494,30.586811722053476,1.686929152642982,5.805981205993595,60.1840108664108,60.54947596700795,0.36546510059714876,6.8942731268276125,31.284128297000308,29.96266424495446,-1.3214640520458474,5.655845474722411
escs_h_cc,SVK,36,406.4660594526923,434.7247815289446,28.258722076252297,6.92163272885882,459.56678788966946,476.3730169699367,16.806229080267258,6.14752974399433,487.9939623241447,503.6177909636523,15.623828639507565,6.652392763460892,529.6349940524856,543.5262298398452,13.89123578735962,6.6658794946243765,53.100728436977214,41.64823544099206,-11.452492995985153,6.077239505647967,81.52790287145254,68.8930094347076,-12.634893436744946,7.852968421579159,123.16893459979333,108.80144831090047,-14.367486288892863,8.47553929422252,28.427174434475326,27.24477399371554,-1.1824004407597855,6.855880001288321,70.06820616281611,67.1532128699084,-2.9149932929077096,7.527984783883027,41.641031728340785,39.90843887619286,-1.7325928521479241,6.297083093517385
escs_h_cc,SVN,36,460.2396561737073,455.9898396015768,-4.249816572130499,5.455109850997688,493.0229526105328,482.6331857556832,-10.389766854849597,5.512727963369917,524.1267584411584,519.61636065271,-4.510397788448358,5.686971016693938,538.6150045835914,540.4128892799105,1.7978846963191017,5.186799810823808,32.783296436825324,26.643346154106297,-6.1399502827190275,6.197723305991707,63.88710226745093,63.6265210511332,-0.2605812163177248,6.6701517693671555,78.37534840988403,84.42304967833363,6.0477012684496,6.138948487532487,31.1038058306256,36.9831748970269,5.879369066401299,6.405802338059482,45.5920519730587,57.779703524227344,12.187651551168642,6.313933195733754,14.488246142433104,20.796528627200438,6.308282484767334,6.438223076436816
escs_h_cc,SWE,36,454.0744364571691,449.79604475390016,-4.278391703268937,5.817080134627377,487.7461660487344,490.543682136073,2.7975160873386358,5.894175547176979,523.0087772962604,530.96127718528,7.9524998890195775,6.321240729863826,550.2540771565526,545.6764038061109,-4.577673350441728,6.5640031633774925,33.67172959156518,40.74763738217287,7.075907790607687,6.15193441410927,68.93434083909122,81.16523243137974,12.230891592288515,6.529882759497119,96.1796406993835,95.88035905221079,-0.29928164717270533,7.43700454067746,35.26261124752604,40.417595049206874,5.154983801680835,6.210710485332808,62.50791110781834,55.132721670037924,-7.3751894377804135,6.909598925978678,27.24529986029229,14.715126620831052,-12.530173239461236,6.149893964827874
escs_h_cc,TUR,36,450.93435842053316,465.92271675741665,14.988358336883493,5.314263630980388,464.0746798473565,487.8336328533114,23.758953005954936,5.170627359596127,473.7177204086132,503.8219943707416,30.10427396212839,5.648088457193175,520.4301106816737,553.0317153353859,32.60160465371223,6.069289266097789,13.14032142682342,21.910916095894855,8.770594669071436,4.969605786422377,22.783361988080152,37.89927761332501,15.11591562524486,5.761387288698038,69.49575226114067,87.10899857796912,17.61324631682845,6.833254270756315,9.643040561256731,15.988361517430155,6.345320956173424,4.799281729079804,56.35543083431726,65.19808248207426,8.842651647756995,6.417993339468386,46.71239027306052,49.20972096464411,2.497330691583592,6.351073515342282
escs_h_cc,USA,36,459.9497923496024,463.28530997433097,3.3355176247285954,7.998831722909458,485.461583833256,496.33994285358614,10.878359020330151,9.332317876577893,520.0568914048883,522.0068981657342,1.9500067608458949,14.380544336345139,558.1626528624031,572.6451992604417,14.482546398038608,17.94290001955585,25.51179148365362,33.05463287925527,7.542841395601652,9.721098007344624,60.10709905528586,58.72158819140329,-1.3855108638825655,14.160192561800262,98.21286051280075,109.3598892861108,11.147028773310055,17.995838431883232,34.59530757163223,25.666955312148026,-8.928352259484207,13.909098719482651,72.70106902914713,76.30525640685553,3.6041873777083993,18.320514923727032,38.105761457514895,50.638301094707515,12.53253963719262,14.486700854841764
escs_h_cc,OECD,36,451.8504367383304,456.3715298841027,4.521093145772284,3.2385126567817175,481.0012674077026,487.5753015063401,6.574034098637526,3.271493078923262,508.32767087423844,515.1555204123014,6.827849538062935,3.2234992578365045,536.0075558405691,540.8026314691687,4.795075628599534,3.2853846114630643,29.15083066937217,31.20377162223741,2.0529409528652423,1.1295508690956655,56.47723413590811,58.78399052819857,2.3067563922904597,1.058662667393674,84.1571191022387,84.4311015850659,0.2739824828272077,1.3452235540691238,27.326403466535943,27.580218905961157,0.2538154394252139,1.0206029800599314,55.00628843286652,53.22732996282849,-1.7789584700380274,1.2021901797958916,27.679884966330583,25.647111056867335,-2.0327739094632484,1.0954774109752268
