index,cnt,n_systems,Q1_2022,Q1_2025,Q1_change,Q1_se,Q2_2022,Q2_2025,Q2_change,Q2_se,Q3_2022,Q3_2025,Q3_change,Q3_se,Q4_2022,Q4_2025,Q4_change,Q4_se,Q2-Q1_2022,Q2-Q1_2025,Q2-Q1_change,Q2-Q1_se,Q3-Q1_2022,Q3-Q1_2025,Q3-Q1_change,Q3-Q1_se,Q4-Q1_2022,Q4-Q1_2025,Q4-Q1_change,Q4-Q1_se,Q3-Q2_2022,Q3-Q2_2025,Q3-Q2_change,Q3-Q2_se,Q4-Q2_2022,Q4-Q2_2025,Q4-Q2_change,Q4-Q2_se,Q4-Q3_2022,Q4-Q3_2025,Q4-Q3_change,Q4-Q3_se
escs,AUS,36,453.3435708304285,454.7238286590785,1.3802578286499738,4.294570505964764,480.9303220759276,482.5786311521504,1.6483090762228017,4.0239639512037755,518.7649615531978,516.5000237304168,-2.2649378227810075,4.333991300280063,547.8241534646974,528.5903839924667,-19.23376947223062,4.304195602948448,27.58675124549897,27.854802493071986,0.2680512475730161,5.394887539640883,65.42139072276932,61.776195071338385,-3.6451956514309316,5.234845979514642,94.4805826342688,73.86655533338833,-20.614027300880466,5.31529714617552,37.83463947727035,33.921392578266406,-3.913246899003944,4.594514511212138,66.89383138876983,46.01175284031633,-20.882078548453492,4.810477528549021,29.059191911499475,12.090360262049932,-16.96883164944954,4.681542799820719
escs,AUT,36,425.9864898138261,430.540181620184,4.553691806357904,5.584626939693385,464.6873119960028,460.1018019185046,-4.585510077498213,5.4469040591543925,504.45055931243104,486.5390164720473,-17.91154284038373,4.679290345885114,538.3424046461006,512.4658421874058,-25.87656245869482,4.992386532278809,38.700822182176786,29.561620298320634,-9.139201883856153,6.251558352131882,78.46406949860491,55.99883485186329,-22.46523464674162,5.868626307694483,112.35591483227441,81.92566056722183,-30.430254265052582,6.510662255299926,39.763247316428135,26.437214553542663,-13.326032762885472,5.793412427878882,73.65509265009761,52.36404026890118,-21.291052381196437,6.031664084600185,33.89184533366948,25.926825715358525,-7.965019618310954,5.117715835312489
escs,BEL,36,424.79621510185336,433.26001771779045,8.463802615937084,5.589358572674399,460.0260106813033,460.9777188338653,0.9517081525619915,5.492882639437841,500.59412637724597,497.3946246302359,-3.1995017470100606,5.279496880988816,540.0543323979305,517.26250730141,-22.791825096520483,5.490823430790038,35.22979557944997,27.717701116074807,-7.512094463375163,6.1519497982408735,75.79791127539275,64.13460691244543,-11.663304362947315,6.450611909867426,115.25811729607719,84.00248958361955,-31.25562771245764,7.366199479249878,40.5681156959428,36.41690579637063,-4.151209899572173,5.39203079958349,80.02832171662722,56.28478846754474,-23.743533249082475,6.821838469207064,39.460206020684424,19.86788267117412,-19.592323349510306,6.028308398797423
escs,CAN,36,471.9409188207193,461.95310462357895,-9.987814197140324,3.782283970546016,499.15497728602895,492.9086386330017,-6.246338653027237,3.803356406359455,522.4520011306544,518.1058064503375,-4.3461946803168985,4.030750093185768,545.6499516577534,518.2249464542122,-27.425005203541218,4.7200744186676395,27.214058465309712,30.955534009422866,3.741475544113154,4.363826917082238,50.51108230993511,56.152701826758666,5.641619516823553,4.826613526275759,73.70903283703413,56.27184183063341,-17.437191006400717,5.389115411511637,23.297023844625404,25.1971678173358,1.9001439727103957,4.395697983934683,46.49497437172441,25.316307821210547,-21.178666550513864,5.460195873352092,23.19795052709901,0.11914000387474744,-23.078810523224263,4.644836246828896
escs,CHE,36,425.246105408887,434.50353064441435,9.257425235527364,5.237875751602655,466.78236706436746,461.36467986492954,-5.417687199437921,5.899429136930715,502.7363612009384,493.673450310517,-9.062910890421392,5.505510626814306,549.0794426501574,520.5961328522733,-28.48330979788409,5.496540121128807,41.53626165548057,26.861149220515102,-14.67511243496547,6.426331866043806,77.49025579205154,59.16991966610264,-18.3203361259489,6.207530311411341,123.83333724127041,86.0926022078589,-37.74073503341151,6.977592941315485,35.95399413657096,32.30877044558754,-3.6452236909834212,6.363959321673297,82.29707558578984,59.23145298734382,-23.06562259844602,6.646851347452433,46.34308144921887,26.92268254175628,-19.42039890746259,6.462808035004132
escs,CHL,36,413.54516724759395,411.9650586215301,-1.5801086260638613,6.123665326266481,440.7580444646904,427.3183386776739,-13.439705787016464,5.537651158761573,457.4787222642696,441.0826149258369,-16.396107338432728,5.729204188749928,489.3212413141193,483.29659573020615,-6.024645583913127,5.629592989782847,27.21287721709633,15.353280056143763,-11.859597160952568,6.787472820203148,43.933555016675605,29.11755630430677,-14.815998712368835,7.3812905712500925,75.77607406652533,71.33153710867603,-4.444536957849294,7.948153277172904,16.72067779957927,13.764276248163009,-2.9564015514162616,6.4599434893435905,48.56319684942899,55.978257052532264,7.415060203103273,6.431694088556086,31.84251904984972,42.21398080436926,10.371461754519537,6.212740316005537
escs,COL,36,366.8243095889693,364.07916878643994,-2.745140802529363,5.00841250076999,392.1578823874566,393.5191097111682,1.3612273237116028,5.7224075334876465,413.6867883342082,409.9778738149548,-3.7089145192533692,7.349602967433236,468.79104608718114,453.120203821416,-15.670842265765145,9.495970910119151,25.333572798487346,29.4399409247283,4.106368126240955,6.256944911805817,46.862478745238995,45.8987050285149,-0.9637737167240985,7.1056121696983086,101.96673649821192,89.0410350349761,-12.92570146323581,10.162059408522106,21.52890594675165,16.4587641037866,-5.07014184296505,6.19546870268705,76.63316369972456,59.6010941102478,-17.032069589476762,9.636513171820067,55.10425775297292,43.1423300064612,-11.96192774651172,8.663016915545969
escs,CZE,36,433.7763292866587,434.54299765052866,0.7666683638699396,5.181315322119104,479.08713527802126,459.8291906539474,-19.257944624073843,5.099123727904854,500.62141605930003,480.39363576176856,-20.227780297531467,5.307868933854767,543.9757797740577,514.1978610290959,-29.77791874496188,5.5130947821393885,45.31080599136265,25.28619300341878,-20.02461298794387,5.707879080753281,66.84508677264122,45.85063811123987,-20.994448661401357,6.3093075507859036,110.199450487399,79.65486337856709,-30.54458710883192,7.277138751051528,21.534280781278568,20.564445107821086,-0.9698356734574816,5.942601817909574,64.88864449603638,54.36867037514829,-10.519974120888087,6.239510790732576,43.3543637147578,33.804225267327205,-9.550138447430598,6.572975476348484
escs,DEU,36,435.4942463468613,421.741507116814,-13.752739230047325,6.362913981306376,469.01588230714896,465.13685354821325,-3.8790287589357035,6.764238137651629,493.2000539398825,494.01355452994414,0.8135005900616648,6.896814331993194,547.9796627626403,536.5403722960419,-11.439290466598322,6.510925506373029,33.52163596028781,43.39534643139934,9.87371047111153,6.859462338944347,57.705807593021255,72.2720474131301,14.56623982010884,7.351210826941739,112.48541641577904,114.7988651792281,2.3134487634490597,8.231694202750015,24.184171632733445,28.87670098173076,4.692529348997315,6.205366327222809,78.96378045549122,71.40351874782873,-7.560261707662491,7.228318235251329,54.779608822757766,42.52681776609798,-12.252791056659788,7.151563453528567
escs,DNK,36,450.08730869858556,431.5390780603719,-18.54823063821368,5.059316589978722,480.4305567469247,458.3995821904249,-22.030974556499814,5.319538037175042,509.66142588089053,487.35228777829917,-22.309138102591362,5.878663203827535,522.7829678450939,488.76517004856225,-34.01779779653168,6.410720928791486,30.34324804833908,26.860504130052988,-3.4827439182860935,6.217754644949261,59.57411718230494,55.81320971792727,-3.7609074643776665,6.625010197322669,72.69565914650836,57.22609198819043,-15.469567158317929,7.3597560039767815,29.230869133965854,28.952705587874288,-0.2781635460915659,6.5462596969146025,42.352411098169284,30.365587858137438,-11.986823240031846,7.451851007375959,13.12154196420343,1.412882270263151,-11.70865969394028,8.006680690064531
escs,ESP,36,437.7993307269277,422.7561190842545,-15.043211642673157,4.099137083694969,461.7919264622901,444.20656628493396,-17.585360177356165,3.353716608553648,486.99454284538706,470.34592377692104,-16.64861906846602,3.888497302200504,518.4074812995962,485.3755279689955,-33.03195333060063,3.500064351740057,23.992595735362425,21.450447200679367,-2.542148534683058,3.757523107748521,49.195212118459416,47.589804692666384,-1.6054074257930324,4.323906219436028,80.6081505726685,62.619408884740935,-17.988741687927572,4.711193358940366,25.202616383096988,26.139357491987017,0.936741108890029,3.8506018837309286,56.61555483730607,41.16896168406158,-15.446593153244493,4.162985163314336,31.41293845420908,15.029604192074562,-16.383334262134518,4.082621233257645
escs,EST,36,477.11388699976,464.18259268418296,-12.93129431557702,5.18988714191513,498.1191332819635,486.82238761306627,-11.296745668897245,5.226930976425347,523.053740554554,520.5777725308453,-2.475968023708674,5.410074819444704,549.8086843024781,532.4937847596955,-17.314899542782655,5.278082570542462,21.005246282203434,22.63979492888326,1.634548646679825,6.40935589659498,45.939853554794,56.3951798466624,10.455326291868403,6.673977799319939,72.694797302718,68.31119207551245,-4.38360522720555,6.361633557234867,24.93460727259056,33.75538491777915,8.820777645188592,6.263578668847903,51.68955102051457,45.67139714662919,-6.018153873885382,5.945172473723064,26.754943747924006,11.916012228850036,-14.83893151907397,5.894739513049676
escs,FIN,36,451.9688154642223,444.63171671539874,-7.337098748823564,4.4252882904154465,475.57303109457564,467.6723470555263,-7.900684039049338,4.949386954108582,508.7391448008869,499.9236466270816,-8.815498173805281,4.664472445423695,536.3176059632398,512.5958300782829,-23.721775884956855,4.552042839459388,23.604215630353302,23.040630340127485,-0.5635852902258165,5.7797367203402645,56.77032933666459,55.29192991168279,-1.478399424981795,5.458183944166869,84.34879049901747,67.96411336288418,-16.38467713613329,5.778417511306789,33.166113706311286,32.25129957155531,-0.9148141347559786,5.264739750323011,60.744574868664166,44.923483022756685,-15.821091845907482,5.881974767719891,27.578461162352887,12.67218345120138,-14.906277711151507,5.241414113137319
escs,FRA,36,420.96613645646596,421.4578925499103,0.49175609344433724,5.660182570402041,456.3040940200466,448.21035586821273,-8.093738151833861,5.950285731997993,492.3882559633271,478.87642104080135,-13.511834922525736,5.997972895678218,535.0636140369974,512.4015645071819,-22.662049529815476,6.388557364881705,35.3379575635807,26.75246331830241,-8.58549424527829,6.412696888043492,71.42211950686115,57.41852849089105,-14.003591015970102,6.745150660967783,114.09747758053145,90.9436719572715,-23.15380562325994,7.833226582295488,36.08416194328045,30.666065172588628,-5.418096770691822,5.852457975655674,78.75952001695075,64.19120863896909,-14.568311377981658,6.64548274022719,42.675358073670296,33.52514346638046,-9.150214607289833,5.898194244820461
escs,GBR,36,467.8303080698468,470.7701755035919,2.9398674337450643,4.606200814794831,487.3399729085043,489.9205703830492,2.580597474544902,5.236522329770563,499.13528228920086,510.52922845869523,11.39394616949437,4.888420242209872,549.9025838968548,534.8407985057413,-15.061785391113517,6.5950449559514706,19.509664838657322,19.150394879457366,-0.3592699591999562,6.172836240663382,31.30497421935396,39.7590529551034,8.454078735749441,5.851980283390553,82.07227582700787,64.07062300214955,-18.001652824858326,7.6923763853023805,11.795309380696636,20.608658075646037,8.8133486949494,5.523527035627726,62.562610988350535,44.92022812269219,-17.642382865658348,7.844819931192178,50.7673016076539,24.31157004704615,-26.45573156060775,6.840126114291676
escs,GRC,36,402.36717414646205,390.87403715097514,-11.493136995486907,5.831600385492963,424.4030887082634,412.97082394516235,-11.432264763101045,5.560099691884271,446.45979279312525,443.68971269907405,-2.7700800940511954,5.583906013843473,484.4456775800166,463.1113962251564,-21.334281354860195,5.892160542309959,22.03591456180136,22.096786794187125,0.06087223238576556,5.791092452679239,44.0926186466632,52.815675548098966,8.723056901435768,6.589379615013714,82.07850343355452,72.23735907418116,-9.84114435937336,7.426203123292845,22.05670408486184,30.71888875391184,8.662184669050003,5.483973082476539,60.04258887175316,50.14057227999404,-9.902016591759121,5.97486801798635,37.985884786891326,19.421683526082198,-18.564201260809128,5.972210789335922
escs,HUN,36,412.0537950625786,410.0137478089526,-2.040047253626028,6.010743257385576,453.45672018337666,443.7682640542874,-9.688456129089275,5.819510833576748,492.1758096169503,469.0074876345367,-23.1683219824136,5.841358868130071,536.2174086072973,499.30205979962,-36.91534880767733,6.234062851820536,41.402925120798,33.754516245334834,-7.6484088754631685,7.0539774377416204,80.12201455437167,58.993739825584115,-21.12827472878756,7.687838598908859,124.16361354471871,89.28831199066751,-34.875301554051205,8.464146578571983,38.719089433573686,25.239223580249284,-13.479865853324402,6.635595371921472,82.76068842392071,55.53379574533269,-27.226892678588023,7.870989676983034,44.041598990347026,30.2945721650834,-13.747026825263625,6.701007773662224
escs,IRL,36,479.1276443690813,469.0893242733322,-10.0383200957491,4.673696378576085,504.01228012303727,487.9905587218752,-16.021721401162097,4.772322475845415,530.2530008974503,517.1584185507562,-13.094582346694096,4.2692581341312845,554.6006196447803,539.5375476427105,-15.063072002069816,4.766583399480363,24.884635753956026,18.901234448542972,-5.983401305413054,5.307267784158634,51.12535652836906,48.069094277423986,-3.0562622509450748,5.587990968271494,75.47297527569893,70.44822336937823,-5.024751906320702,5.609192374233156,26.240720774413035,29.167859828881017,2.9271390544679825,5.297461060287651,50.588339521742895,51.54698892083525,0.9586493990923515,5.4488586656073785,24.347618747329864,22.379129091954233,-1.968489655375631,5.323523140981207
escs,ISL,36,393.6568864783027,397.75751161975967,4.100625141456987,5.104000093420605,431.20996015060774,427.5378980985773,-3.672062052030469,5.609565228858919,449.42906847738993,451.16990569047914,1.7408372130892076,5.083759046759172,475.91249192897146,461.5281925219315,-14.384299407039975,5.1815250056454,37.553073672305096,29.780386478817555,-7.772687193487542,7.475675519496108,55.772181999087344,53.412394070719394,-2.3597879283679504,6.996338398635037,82.25560545066881,63.77068090217175,-18.484924548497062,7.447396465282127,18.21910832678224,23.63200759190184,5.412899265119599,7.110395607408241,44.70253177836371,33.9902944233542,-10.712237355009513,7.175725365237654,26.483423451581473,10.358286831452357,-16.125136620129116,6.919778528872789
escs,ISR,36,412.21613703672693,414.79302227411665,2.5768852373897175,6.416071128974178,458.010270317731,443.8026630191078,-14.207607298623202,7.0154739273063145,503.48658734458985,475.39737625508303,-28.08921108950682,6.5890287973508945,534.9598443587627,484.26341422295957,-50.6964301358031,6.9670671874261,45.794133281004136,29.009640744991145,-16.78449253601299,7.749270161586401,91.27045030786292,60.60435398096653,-30.666096326896387,7.828544998260056,122.7437073220357,69.47039194884299,-53.273315373192716,8.36362935734522,45.47631702685879,31.594713235975377,-13.88160379088341,7.1556849336514485,76.94957404103157,40.46075120385184,-36.488822837179725,7.865742622743756,31.473257014172766,8.86603796787647,-22.607219046296297,7.206510969063275
escs,ITA,36,442.02223839347835,437.8337130863339,-4.1885253071444595,5.133698847547148,475.0559771822226,466.81214281169014,-8.243834370532454,5.196917301715619,492.2996739574219,487.40719638535967,-4.892477572062205,5.001940278370679,521.2046170932651,516.4442952604652,-4.760321832799946,5.960331835780342,33.03373878874431,28.978429725356257,-4.0553090633880515,5.641301360248322,50.277435563943534,49.57348329902571,-0.7039522649178238,6.159558256826885,79.18237869978685,78.61058217413145,-0.571796525655401,7.154311224189308,17.243696775199226,20.595053573669453,3.3513567984702277,5.802512340756404,46.14863991104254,49.632152448775194,3.4835125377326577,6.783497370218779,28.904943135843315,29.037098875105745,0.13215573926242996,5.415149973678109
escs,JPN,36,477.8058974319665,470.91883738877414,-6.887060043192378,7.143679712755344,507.5887221348079,500.3739117105598,-7.214810424248071,6.004707611596235,529.8249696880773,518.6848166212499,-11.140153066827452,6.477551785959078,550.9700545207863,535.6832851893253,-15.286769331461073,6.892559254533609,29.782824702841406,29.45507432178568,-0.3277503810557256,6.432098294812567,52.01907225611079,47.765979232475736,-4.253093023635053,7.294029751468118,73.16415708881979,64.76444780055122,-8.399709288268568,9.159674728685848,22.236247553269386,18.310904910690056,-3.9253426425793307,6.479288875539357,43.38133238597838,35.30937347876554,-8.071958907212839,7.757636624040023,21.145084832708996,16.998468568075488,-4.146616264633508,6.456860621000224
escs,KOR,36,470.74478116591564,462.4632611286359,-8.281520037279734,7.717210495646051,503.4277524020164,501.7846966270499,-1.6430557749664558,7.020985458710691,530.0026012991184,521.8732523161774,-8.129348982940996,6.689311636563781,558.9646310432637,529.7351801096736,-29.2294509335901,6.21700285909493,32.6829712361007,39.32143549841396,6.6384642623132635,7.62765446600465,59.25782013320281,59.40999118754145,0.15217105433863765,8.03644646285047,88.21984987734803,67.27191898103773,-20.947930896310297,8.335652082394612,26.574848897102108,20.088555689127485,-6.486293207974622,7.280101746845419,55.53687864124733,27.95048348262376,-27.586395158623567,7.809893343547088,28.96202974414522,7.861927793496273,-21.10010195064895,8.031670907902413
escs,LTU,36,432.3248549671789,438.3533400343499,6.028485067171005,4.577064956420656,456.6344230141315,458.4657905120836,1.8313674979520442,4.449243016955523,486.8171231749981,490.00951562744723,3.1923924524491554,4.6926792848108745,518.3554689272627,497.0624141480242,-21.293054779238503,5.13293656407625,24.30956804695257,20.112450477733624,-4.197117569218946,5.451974409612327,54.49226820781912,51.656175593097316,-2.8360926147218066,5.863003872435772,86.03061396008374,58.70907411367423,-27.321539846409514,6.831403042341498,30.182700160866556,31.543725115363692,1.361024954497136,5.5312102581125115,61.721045913131185,38.5966236359406,-23.124422277190583,6.055078132268065,31.538345752264615,7.052898520576912,-24.4854472316877,5.496554592684371
escs,LVA,36,438.2131221033369,413.5404364349348,-24.672685668402096,4.356326788629894,462.3351439485082,436.47801021702264,-25.857133731485533,5.2478401068575415,487.158879750377,451.9793820035585,-35.17949774681853,5.092819163873056,515.7475660928811,465.5451954438137,-50.202370649067404,4.596906909169117,24.122021845171332,22.937573782087895,-1.1844480630834369,5.4243672435493675,48.94575764704017,38.438945568623645,-10.506812078416523,5.650989584654126,77.53444398954424,52.00475900887891,-25.529684980665337,5.799352361409258,24.823735801868832,15.501371786535747,-9.322364015333084,6.042898939842372,53.41242214437291,29.067185226791015,-24.345236917581897,6.0777979707477625,28.588686342504076,13.565813440255265,-15.02287290224881,5.87175692429157
escs,MEX,36,378.3920539922563,376.4278264837061,-1.9642275085502092,4.401302962955499,401.52517383425925,401.14619335322436,-0.3789804810348869,4.412946817876256,423.3208130966626,414.61114786839914,-8.709665228263475,6.031016981538995,459.0756710468564,446.8794508557956,-12.196220191060831,6.761214147123028,23.133119842002873,24.71836686951828,1.5852470275154076,4.729587551834977,44.92875910440631,38.183321384693066,-6.7454377197132445,6.330931487310124,80.68361705460003,70.4516243720895,-10.231992682510537,7.532712114159365,21.795639262403437,13.464954515174787,-8.33068474722865,5.895384520406607,57.55049721259716,45.73325750257121,-11.817239710025945,7.147597132421478,35.75485795019373,32.268302987396424,-3.4865549627973067,6.877391852710441
escs,NLD,36,414.39520741657407,401.68441793236536,-12.710789484208703,7.301674024780588,438.62169489411315,429.07810824185424,-9.54358665225891,7.492076222608335,483.00517631825807,466.63545895952194,-16.369717358736125,6.95378713692047,517.5986136674068,495.52441548323884,-22.074198184167926,6.201114944808844,24.22648747753909,27.393690309488925,3.167202831949833,7.4667217846593745,68.60996890168403,64.95104102715655,-3.6589278745274783,8.707029143848827,103.20340625083273,93.83999755087345,-9.36340869995928,8.976053055163336,44.38348142414496,37.557350717667624,-6.826130706477336,7.535635157139894,78.97691877329363,66.44630724138452,-12.530611531909116,8.38702060780154,34.59343734914867,28.88895652371689,-5.704480825431784,6.833248179517092
escs,NOR,36,434.30127154871224,416.95241450925016,-17.348857039462075,4.984891118029253,466.906256745411,453.35205045486055,-13.55420629055044,5.260682337047001,494.8375098739596,478.69379074660753,-16.143719127352085,5.4198145472549,523.167658240615,494.9159669936671,-28.25169124694787,5.61948660131587,32.60498519669863,36.3996359456104,3.7946507489117707,6.232039758502506,60.53623832524736,61.741376237357485,1.2051379121101249,6.456664394308445,88.86638669190265,77.96355248441702,-10.902834207485625,7.298000881115397,27.93125312854873,25.341740291747083,-2.589512836801646,6.155381600502971,56.261401495204005,41.56391653880661,-14.697484956397396,6.577159314133165,28.330148366655276,16.222176247059526,-12.10797211959575,6.4602699085210435
escs,NZL,36,456.66718497909795,467.8659282038022,11.19874322470423,4.707252076748381,494.5872910375741,488.48390775757423,-6.103383279999889,5.621142317285956,522.337294457757,530.6271607403755,8.289866282618505,6.1691574961300395,551.0955678496541,545.7341784158499,-5.36138943380422,5.159771639855637,37.9201060584761,20.61797955377209,-17.30212650470401,6.301434053336682,65.67010947865901,62.76123253657336,-2.908876942085655,6.997751113666724,94.42838287055613,77.86825021204766,-16.56013265850848,7.099197740892722,27.750003420182917,42.14325298280127,14.393249562618355,7.362408215475576,56.50827681208002,57.250270658275575,0.7419938461955553,7.365765615703218,28.758273391897102,15.10701767547431,-13.651255716422792,7.426225316736031
escs,POL,36,443.32828620613157,448.2294170591892,4.901130853057623,5.4066719454918415,476.7443370904101,469.9933852954647,-6.750951794945422,5.28298212657506,502.205132473506,506.3678234612177,4.162690987711699,6.011024105069608,541.8176294377084,525.1388378926077,-16.678791545100694,5.80866967308966,33.41605088427863,21.763968236275577,-11.652082648003056,5.5452003963101015,58.87684626737447,58.13840640202859,-0.7384398653458746,6.934430701939429,98.48934323157701,76.90942083341858,-21.57992239815843,7.9653135645339495,25.460795383095835,36.374438165753006,10.91364278265717,6.1811262705179235,65.07329234729836,55.14545259714299,-9.927839750155371,7.017261143540833,39.612496964202535,18.771014431389982,-20.841482532812552,6.594827938616937
escs,PRT,36,438.0811058919777,428.882060803145,-9.19904508883269,5.465772371007093,462.9246332957156,451.8147362484016,-11.109897047314007,6.001954274363082,483.3582534275748,475.568311103033,-7.789942324541812,5.518133558214032,527.0921737523441,508.88194765325096,-18.210226099093177,5.935533806004242,24.84352740373792,22.93267544525646,-1.9108519584814587,5.496139486864212,45.27714753559714,46.68625029988794,1.4091027642908003,5.627808199070028,89.01106786036647,79.99988685010585,-9.011181010260614,6.940667455422759,20.43362013185922,23.753574854631477,3.3199547227722555,6.2713850241264515,64.16754045662856,57.067211404849374,-7.100329051779184,6.9286568295827955,43.73392032476933,33.31363655021791,-10.420283774551422,6.480861352368267
escs,SVK,36,385.8391391540955,400.6707668704512,14.831627716355683,6.434427275626368,440.6859540211195,441.01884287742695,0.33288885630742016,6.272664038614165,459.2389385451126,464.34213940778716,5.103200862674555,6.145374914406188,504.07169047580567,503.3222661051673,-0.7494243706383941,5.8201985663935,54.84681486702398,40.34807600697572,-14.498738860048263,6.901625895766267,73.3997993910171,63.67137253733593,-9.72842685368117,8.03659178669658,118.23255132171005,102.65149923471606,-15.581052086993992,8.492643262699369,18.55298452399311,23.32329653036021,4.770312006367099,7.064024027482762,63.38573645468607,62.30342322774034,-1.082313226945729,7.850767804541857,44.83275193069296,38.98012669738013,-5.852625233312828,6.405933942458472
escs,SVN,36,429.04172462712876,419.9464094355968,-9.095315191531938,4.622705092873351,453.95195667670106,440.459449269449,-13.492507407252049,4.788827876903724,486.6292434974483,473.0801253135426,-13.549118183905648,4.225127368630231,508.8727599312706,478.01639770026475,-30.856362231005846,4.522354621419574,24.910232049572336,20.513039833852098,-4.3971922157202386,6.538675409321362,57.587518870319435,53.13371587794586,-4.453802992373575,5.828075704418809,79.83103530414182,58.06998826466793,-21.761047039473894,6.523320213130048,32.6772868207471,32.62067604409377,-0.05661077665332925,6.117990585705942,54.92080325456949,37.55694843081582,-17.36385482375367,6.311768728761538,22.24351643382239,4.936272386722055,-17.307244047100333,6.274751603279017
escs,SWE,36,435.1523478398484,420.92037074961644,-14.231977090231965,5.148577639240639,471.2698897128431,461.41813814079387,-9.851751572049238,5.793147692343649,510.3380033164585,504.2184058436004,-6.119597472858118,6.156761082471968,544.4663631113948,512.2607451027898,-32.20561800860503,5.948401369721678,36.1175418729946,40.497767391177405,4.3802255181828045,6.186306201397544,75.18565547661001,83.298035093984,8.112379617373989,6.816829636145796,109.31401527154635,91.34037435317335,-17.973640918373007,7.298275972753882,39.06811360361541,42.800267702806586,3.7321540991911775,6.742001964272147,73.19647339855176,50.84260696199594,-22.35386643655582,7.035783415581814,34.12835979493635,8.042339259189356,-26.086020535746997,6.30485377448767
escs,TUR,36,427.7079669923122,444.30204858094066,16.594081588628455,4.319214556592018,443.1934896044215,463.1231666385993,19.929677034177814,4.1401424114067815,457.0950870532355,476.1625557800495,19.067468726814013,4.854790379182514,496.832455038475,516.6534278764335,19.820972837958493,4.905389206484206,15.485522612109218,18.82111805765866,3.3355954455494405,5.085806007544584,29.38712006092324,31.860507199108902,2.473387138185661,5.527427685140965,69.12448804616277,72.35137929549276,3.226891249329995,6.4934045691484314,13.901597448814021,13.039389141450243,-0.8622083073637778,4.98252158733907,53.63896543405356,53.53026123783411,-0.10870419621944905,5.450221836797727,39.73736798523954,40.490872096383875,0.7535041111443377,5.745674496878219
escs,USA,36,459.46528441573594,449.6551156970595,-9.810168718676437,8.32672039297357,487.0390996266714,476.9628441880709,-10.07625543860047,9.10835758897809,512.5979218637161,503.61063937039273,-8.987282493323391,14.147382742420014,560.2211093173141,554.8820664163425,-5.339042900971663,16.979785512317676,27.573815210935386,27.307728491011325,-0.2660867199240613,10.208440261933177,53.13263744798017,53.955523673333104,0.8228862253529314,13.908371004452516,100.75582490157822,105.22695071928288,4.47112581770466,17.72817095902011,25.55882223704479,26.647795182321783,1.0889729452769927,13.792851120965649,73.18200969064283,77.91922222827155,4.7372125376287215,16.802515536151073,47.623187453598035,51.27142704594977,3.648239592351736,14.39740067824434
escs,OECD,36,433.8784234189029,430.1061382656488,-3.7722851532541313,1.3909786317842159,464.60396563219985,457.1056209603279,-7.498344671871962,1.4942405857721588,492.134118428599,484.0439028671375,-8.090215561461491,1.451101949381247,526.9164173268064,506.2552834053354,-20.66113392147099,1.532457691568737,30.72554221329695,26.999482694679063,-3.7260595186178875,1.0903936970688048,58.25569500969605,53.937764601488745,-4.317930408207303,1.1032755647549561,93.0379939079035,76.14914513968657,-16.88884876821693,1.272083210609343,27.53015279639909,26.938281906809685,-0.5918708895894049,1.1003469304989901,62.31245169460656,49.149662445007515,-13.162789249599044,1.1609046062248185,34.782298898207465,22.21138053819783,-12.570918360009635,1.1525204048313018
escs_h,AUS,36,454.9814481971067,450.64626934630405,-4.335178850802663,4.1513893264471555,484.7710524654095,483.847795818584,-0.9232566468255072,4.0865168616203436,521.8120746901471,514.7747613326803,-7.0373133574668145,4.4198294925043715,539.9200069609866,533.295264787463,-6.6247421735236,4.076398518772557,29.78960426830286,33.201526472279944,3.4119222039770847,5.15293350770855,66.83062649304054,64.12849198637632,-2.7021345066642226,5.1852277869825425,84.93855876387987,82.64899544115902,-2.289563322720852,4.938091051364026,37.04102222473768,30.926965514096374,-6.114056710641307,4.795871816927741,55.148954495577,49.44746896887908,-5.7014855266979225,4.62990039391315,18.10793227083933,18.520503454782705,0.4125711839433741,4.597043092386541
escs_h,AUT,36,431.74690902351267,427.55962471001385,-4.187284313498822,5.535073768376199,466.45737920378485,461.8228026731872,-4.634576530597656,5.798959758708433,503.53424934568886,486.59590819764645,-16.93834114804241,4.28103263615983,532.2847672675629,513.8391185952746,-18.445648672288257,4.993551383249172,34.71047018027223,34.26317796317342,-0.4472922170988127,6.470521989016553,71.78734032217619,59.0362834876326,-12.75105683454359,5.7291754013896385,100.53785824405017,86.27949388526079,-14.258364358789379,6.443286975759291,37.07687014190395,24.77310552445918,-12.303764617444774,5.917890798546998,65.82738806377793,52.016315922087394,-13.811072141690538,6.013094490911585,28.75051792187398,27.243210397628207,-1.5073075242457712,4.939883094613685
escs_h,BEL,36,428.14728939636433,432.5199571608001,4.372667764435789,5.817931678907864,463.38556461732577,459.8227249444585,-3.5628396728672556,5.485005798313979,502.5188374540588,498.6765513937065,-3.8422860603523077,5.703434790585662,532.0061457077065,519.6889632023974,-12.31718250530912,4.908397587656424,35.23827522096132,27.302767783658403,-7.935507437302917,6.108317105359102,74.37154805769451,66.1565942329065,-8.214953824788012,6.997177140641146,103.85885631134224,87.16900604159733,-16.68985026974491,7.153955893728129,39.133272836733184,38.8538264492481,-0.27944638748508055,5.888147049917624,68.62058109038091,59.866238257938925,-8.754342832441985,6.558619918086042,29.48730825364773,21.01241180869082,-8.474896444956908,6.114886855815758
escs_h,CAN,36,472.4220486194742,459.34977989355275,-13.072268725921447,4.103093285241582,499.5510509842126,490.6419100917004,-8.909140892512198,3.9412719565918835,524.7626136521703,515.7355002518776,-9.027113400292706,3.8878402685276985,543.0678887655907,526.1588305880061,-16.909058177584598,4.624938800879289,27.1290023647383,31.292130198147724,4.163127833409423,4.739176489353641,52.340565032695984,56.385720358324896,4.045155325628912,5.104317646383467,70.64584014611648,66.8090506944533,-3.8367894516631793,5.488359964922515,25.21156266795769,25.09359016017718,-0.11797250778051094,4.393576870987505,43.51683778137818,35.51692049630558,-7.999917285072598,5.3306487532359785,18.305275113420485,10.423330336128402,-7.881944777292084,4.673096164751531
escs_h,CHE,36,429.2656708006849,432.3802719625598,3.114601161874873,5.3497450797186605,466.5550736847769,461.5960947095053,-4.958978975271634,5.848901805802148,506.5993729892978,491.0267887681447,-15.572584221153136,5.504112654357947,541.6054210143294,525.0792747109197,-16.526146303409746,5.38920393381933,37.28940288409191,29.215822746945484,-8.073580137146429,6.355503868538348,77.33370218861282,58.64651680558491,-18.68718538302791,6.151158429654992,112.33975021364442,92.69900274836002,-19.640747465284406,7.136199939993982,40.04429930452092,29.43069405863942,-10.613605245881498,6.007741126463787,75.05034732955251,63.48318000141453,-11.567167328137977,6.920097899905534,35.006048025031596,34.052485942775114,-0.9535620822564823,6.281898706918306
escs_h,CHL,36,417.34887506884917,409.8745179984033,-7.474357070445876,6.198265918533855,439.4724023274339,426.65338047174043,-12.81902185569345,5.655355678206793,458.3529246416424,441.901712182125,-16.45121245951742,5.625588735172474,486.0787970604109,486.7342638818503,0.6554668214394042,5.832698907524681,22.12352725858467,16.77886247333713,-5.344664785247538,7.2591400092977505,41.004049572793136,32.02719418372166,-8.976855389071474,6.9896803627390725,68.72992199156171,76.85974588344702,8.129823891885309,8.200902012402219,18.88052231420847,15.24833171038453,-3.6321906038239398,6.633157827965669,46.60639473297704,60.080883410109905,13.474488677132868,6.342179640302074,27.725872418768567,44.83255169972538,17.10667928095681,6.739877524772732
escs_h,COL,36,369.11272302910106,363.6172815398928,-5.495441489208247,4.7518182760160945,391.8574833319406,393.33186223115393,1.4743788992133204,5.885856409508719,416.3064952465339,411.21427173906613,-5.092223507467793,6.878869176971986,465.5911844244969,454.4657105384907,-11.125473886006148,9.87652131138817,22.744760302839545,29.71458069126108,6.969820388421535,6.223372315987064,47.19377221743287,47.59699019917327,0.40321798174039714,6.898343088421221,96.47846139539581,90.84842899859781,-5.630032396798001,10.619841884577797,24.449011914593324,17.88240950791219,-6.566602406681135,5.262609298935053,73.73370109255625,61.13384830733672,-12.599852785219525,9.621350782821436,49.28468917796293,43.251438799424534,-6.033250378538398,9.089766791549224
escs_h,CZE,36,440.8578765643465,431.13548937005106,-9.722387194295436,5.350497896578291,477.48302427599276,460.43590404375357,-17.047120232239195,4.7997745739697635,498.67170315532985,481.13394244735053,-17.537760707979317,5.24672722106939,541.1225220136297,516.7355437562331,-24.38697825739655,5.383800508395987,36.62514771164631,29.300414673702438,-7.324733037943869,5.847857731184984,57.81382659098337,49.998453077299544,-7.815373513683824,5.8913093009115265,100.26464544928322,85.6000543861821,-14.664591063101128,7.352160999522408,21.18867887933706,20.698038403597103,-0.4906404757399585,5.600937135789803,63.63949773763691,56.29963971247967,-7.339858025157241,6.088217667962021,42.450818858299854,35.60160130888256,-6.849217549417297,6.174050520457176
escs_h,DEU,36,439.40817965046097,422.051960938473,-17.356218711987992,6.118152725428701,469.8874699739182,464.3590774222445,-5.528392551673676,7.550874088657673,498.9034874327684,496.1282092651559,-2.7752781676124982,6.390713025431527,539.463322455065,537.3454669617317,-2.117855493333309,6.836688993654403,30.479290323457104,42.30711648377149,11.827826160314384,7.547113784723599,59.49530778230733,74.07624832668292,14.580940544375586,7.199353070231222,100.05514280460412,115.29350602325876,15.23836321865464,8.0803363367181,29.01601745885023,31.769131842911424,2.7531143840611954,7.406038647103728,69.57585248114701,72.98638953948728,3.4105370583402674,7.667770179271798,40.55983502229678,41.21725769657586,0.6574226742790756,7.228983944936731
escs_h,DNK,36,452.5299394459568,429.3605610853048,-23.16937836065199,4.998654625989641,486.06417579971503,458.8434223597604,-27.22075343995465,5.337160318675117,510.8469703552144,484.0049012347355,-26.842069120478925,5.436511705721112,513.6319764779442,494.04037124228137,-19.591605235662882,5.95850532290116,33.534236353758146,29.482861274455626,-4.05137507930252,6.11044948671412,58.317030909257596,54.644340149430704,-3.6726907598268923,6.137540033628526,61.1020370319874,64.67981015697654,3.577773124989143,6.909326198406616,24.782794555499446,25.16147887497508,0.3786843194756351,6.230243142336318,27.567800678229265,35.196948882520914,7.629148204291649,6.625058729361477,2.785006122729817,10.035470007545836,7.2504638848160194,6.989196069947134
escs_h,ESP,36,440.354504043284,420.58676541400865,-19.767738629275357,4.095143689849295,462.7136329623906,443.76512320915225,-18.94850975323834,3.548146160426818,489.7505691673808,469.1346315831941,-20.615937584186668,3.5976395836178536,512.5679899899139,489.83874591812435,-22.729244071789594,3.632912675819858,22.359128919106546,23.178357795143643,0.8192288760370978,3.6861952004901077,49.39606512409673,48.547866169185426,-0.8481989549113038,4.314244740435862,72.21348594662993,69.25198050411578,-2.9615054425141523,4.75166486914184,27.036936204990184,25.369508374041782,-1.6674278309484016,3.932835006525502,49.85435702752337,46.073622708972124,-3.7807343185512465,4.315107794021191,22.817420822533187,20.704114334930342,-2.113306487602845,3.9531751624014393
escs_h,EST,36,479.73046253015343,461.7945775775876,-17.935884952565857,4.924550656867304,497.9395986046423,488.8590572761779,-9.080541328464392,5.3427990779596195,524.5660328469856,518.0997002055211,-6.466332641464533,5.259647936653651,545.8542099520571,535.3427255380433,-10.511484414013808,5.172658588388124,18.2091360744888,27.064479698590326,8.855343624101526,6.185721461364275,44.83557031683215,56.30512262793343,11.469552311101282,6.086015218583271,66.12374742190357,73.54814796045572,7.424400538552149,6.223844038201898,26.626434242343343,29.240642929343103,2.61420868699976,6.143242260441354,47.914611347414784,46.48366826186539,-1.4309430855493943,5.820271861137479,21.28817710507144,17.24302533252229,-4.045151772549151,5.741442300622287
escs_h,FIN,36,456.97221889859793,442.1929242242415,-14.779294674356436,4.323581666660367,477.18115351316555,467.98609609660195,-9.1950574165636,5.158465812022777,510.347285993925,498.35985837319066,-11.987427620734366,4.58702654962589,528.8976606837562,517.3438884079657,-11.553772275790493,4.6362373734774955,20.208934614567518,25.793171872360467,5.5842372577929495,5.813097648799934,53.37506709532704,56.16693414894915,2.791867053622113,5.322674148357166,71.92544178515814,75.15096418372411,3.225522398565971,5.5040581981814505,33.166132480759515,30.37376227658869,-2.792370204170826,5.708987923733214,51.71650717059062,49.35779231136365,-2.3587148592269642,6.0082660823188325,18.550374689831095,18.984030034774964,0.4336553449438689,5.603558329585485
escs_h,FRA,36,427.0018871097215,420.495039955112,-6.506847154609488,5.707307812214306,460.6459621190961,447.7873838242649,-12.858578294831204,5.752315034418942,488.36992127178735,478.08238740500144,-10.287533866785907,6.658387135689104,530.6629724165771,515.8167988959011,-14.846173520675961,6.191402829805999,33.64407500937456,27.292343869152965,-6.351731140221595,6.483381883882839,61.368034162065875,57.58734744988944,-3.7806867121764327,7.192058763922616,103.66108530685563,95.32175894078921,-8.339326366066416,7.754763014251131,27.72395915269131,30.29500358073647,2.571044428045159,6.480810229696976,70.01701029748105,68.02941507163625,-1.9875952258447995,6.890245200997203,42.29305114478975,37.734411490899774,-4.558639653889976,6.162580054079318
escs_h,GBR,36,468.4372206298076,469.7203394729492,1.283118843141608,5.135590799267351,487.9976961054639,490.5981574025618,2.6004612970979224,4.869964014839073,508.6724745151164,509.7134900098067,1.0410154946903276,4.908357549177639,540.0032598829124,536.256539012458,-3.7467208704543964,6.778966235819172,19.560475475656283,20.87781792961253,1.3173424539562468,6.4971155126415345,40.23525388530874,39.993150536857534,-0.2421033484512023,6.180623078088672,71.56603925310466,66.53619953950881,-5.029839713595848,7.983420516399891,20.674778409652454,19.115332607245005,-1.5594458024074491,6.173465497194672,52.00556377744838,45.65838160989629,-6.347182167552091,7.430720147970009,31.33078536779592,26.54304900265128,-4.787736365144639,6.987250727560268
escs_h,GRC,36,405.34479346535926,390.37497388280224,-14.969819582557022,5.930763853454679,427.1442185870452,413.41596310382454,-13.728255483220664,5.327277857080256,447.1284246566038,444.05590469818037,-3.0725199584234133,5.93219111169611,479.0073004454201,464.61059817098703,-14.396702274433096,5.827830049224915,21.79942512168588,23.04098922102238,1.2415640993365002,6.119462364509687,41.78363119124448,53.68093081537813,11.897299624133652,6.451044355250147,73.6625069800609,74.23562428818475,0.5731173081238552,7.660095117537634,19.9842060695586,30.639941594355747,10.655735524797148,5.646065557433914,51.86308185837502,51.194635067162366,-0.6684467912126522,6.053841861841984,31.87887578881642,20.554693472806623,-11.324182316009797,6.192662600233581
escs_h,HUN,36,418.1043825208541,408.9072253434741,-9.19715717737995,6.172378956997101,452.4369790692055,442.89256152878824,-9.544417540417271,5.209422317336603,491.14110671455035,470.7063883033141,-20.434718411236247,6.52196437662363,533.349585533234,500.521216425071,-32.828369108162974,6.170493525082078,34.332596548351454,33.985336185314154,-0.3472603630373001,6.830071325164389,73.03672419369636,61.79916295984003,-11.237561233856326,8.177156830871189,115.24520301237995,91.61399108159691,-23.63121193078304,8.46427451122381,38.70412764534491,27.813826774525875,-10.890300870819036,6.738980213289753,80.91260646402853,57.628654896282754,-23.283951567745774,7.682587621457922,42.2084788186836,29.814828121756875,-12.393650696926727,7.313647856483334
escs_h,IRL,36,481.73087816372936,468.0071556988867,-13.723722464842638,4.2038105995980946,507.32594577219214,487.95551491297385,-19.37043085921829,4.812443700811675,529.10427866842,518.1067662201435,-10.997512448276439,4.9517399357620455,549.9123456689044,540.156067864986,-9.756277803918465,4.17351784744633,25.595067608462763,19.948359214087066,-5.646708394375697,5.120842328431319,47.37340050469065,50.09961052125676,2.7262100165661067,5.47850502566808,68.18146750517502,72.14891216609922,3.967444660924201,4.977841958933861,21.77833289622789,30.15125130716969,8.3729184109418,5.41110517155435,42.58639989671226,52.20055295201216,9.614153055299901,5.392443068970666,20.808067000484368,22.04930164484248,1.2412346443581121,5.207990436660816
escs_h,ISL,36,398.0139069585657,395.3490090509379,-2.6648979076277897,5.317859278081547,431.1887519142841,426.98141520088,-4.207336713404118,5.904472195682517,457.3949588056845,451.7178807811937,-5.677078024490811,5.722203596610462,464.60889339089545,464.011115577933,-0.5977778129624198,5.133920109491656,33.174844955718484,31.632406149942074,-1.5424388057764098,8.080745793839794,59.381051847118805,56.368871730255805,-3.012180116863,7.879385327412075,66.59498643232973,68.66210652699502,2.0671200946652846,7.2090412759955464,26.20620689140032,24.736465580313734,-1.4697413110865867,8.109338055946504,33.42014147661125,37.02970037705294,3.609558900441691,7.606930717429148,7.213934585210927,12.293234796739204,5.0793002115282775,7.509063900497292
escs_h,ISR,36,417.8848362281686,411.9471417186197,-5.937694509548862,6.245526500614022,468.24535698004064,447.20083818066104,-21.044518799379603,6.867284322545821,510.3489029222648,475.1586948979642,-35.1902080243006,7.141890899597261,523.4634500324261,489.7193042791323,-33.744145753293765,6.428798611719414,50.36052075187218,35.25369646204133,-15.106824289830847,7.628165482965989,92.46406669409627,63.211553179344435,-29.25251351475184,7.841034555870222,105.57861380425746,77.77216256051261,-27.806451243744846,7.860518018421566,42.1035459422241,27.9578567173031,-14.145689224921004,7.70085067748005,55.21809305238528,42.518466098471286,-12.699626953913992,7.660397255191544,13.11454711016118,14.560609381168188,1.4460622710070083,7.1426825039297785
escs_h,ITA,36,447.74622238573755,436.90158172488754,-10.844640660850018,5.152954678775557,473.8165923143935,466.1690916673504,-7.647500647043103,4.8563869428197,492.11064053865437,489.1265791845646,-2.9840613540897607,5.3720548666651675,517.6023154866082,516.6739768658748,-0.9283386207333706,5.71980351036777,26.07036992865597,29.267509942462926,3.197140013806955,5.461862487862579,44.36441815291679,52.22499745967714,7.86057930676035,6.458727982001487,69.8560931008706,79.77239514098721,9.91630204011662,6.999797684996205,18.29404822426082,22.95748751721422,4.663439292953399,5.808136329849075,43.78572317221462,50.50488519852429,6.719162026309675,6.4100119520496985,25.4916749479538,27.547397681310077,2.0557227333562764,5.218370106666058
escs_h,JPN,36,483.434591278119,468.21602037480324,-15.218570903315765,7.558972106666993,510.59670015968004,497.1000293736097,-13.496670786070354,5.72717917727968,528.303585440023,519.5967960926732,-8.70678934734974,6.481931664925828,544.2162207482569,540.809328975871,-3.4068917723858476,6.805662067968518,27.162108881560936,28.884008998806422,1.721900117245486,6.838501116662042,44.86899416190384,51.38077571787005,6.511781555966209,7.87651067853559,60.78162947013789,72.59330860106782,11.811679130929932,9.187835340075177,17.70688528034291,22.496766719063622,4.7898814387207125,6.4535656952466285,33.61952058857695,43.709299602261396,10.08977901368445,7.342722955645872,15.91263530823404,21.212532883197774,5.299897574963733,6.427042784071123
escs_h,KOR,36,477.93869483104453,461.8371054201263,-16.101589410918223,7.097327255749703,503.6809095939784,500.2415601726152,-3.439349421363204,6.860927498942006,529.2576797570475,523.4663490702607,-5.791330686786864,6.636469598567458,554.2296900710529,530.2754254535935,-23.954264617459444,6.199558703174662,25.742214762933912,38.40445475248892,12.662239989555005,6.8602684491484744,51.31898492600292,61.629243650134335,10.310258724131415,8.083872266176188,76.29099524000847,68.43832003346718,-7.852675206541292,8.29652287626738,25.57677016306901,23.224788897645425,-2.3519812654235857,6.853213755470955,50.548780477074544,30.03386528097827,-20.514915196096275,7.114977668345793,24.972010314005537,6.809076383332842,-18.162933930672693,7.426326094633948
escs_h,LTU,36,434.84268387389295,437.0167086058764,2.1740247319834225,4.612654891790736,459.25984130189727,460.02032755972033,0.7604862578230609,4.4629691346458165,490.2798948935882,487.1690550607638,-3.1108398328244107,4.746683924254936,510.13756057613,500.2870422568578,-9.850518319272226,5.2815293864324,24.4171574280044,23.003618953843905,-1.4135384741604966,5.557758881056862,55.43721101969537,50.15234645488745,-5.284864564807918,5.9131055784001125,75.29487670223715,63.27033365098138,-12.024543051255769,6.861893428178957,31.02005359169097,27.14872750104355,-3.871326090647422,5.758536411288733,50.87771927423274,40.26671469713748,-10.611004577095258,5.872507885098773,19.857665682541768,13.11798719609393,-6.739678486447838,6.116747147696666
escs_h,LVA,36,440.9694351751917,412.33005673793724,-28.639378437254436,4.492593046052172,464.19982787054306,429.4155796208062,-34.784248249736834,5.383984126192482,488.04341595010817,459.18011587312685,-28.863300076981318,4.823871281790505,510.72718681269214,466.8485953610608,-43.87859145163134,4.799385845589256,23.230392695351348,17.085522882869043,-6.144869812482305,5.72056013710983,47.07398077491648,46.85005913518962,-0.22392163972686063,5.554446720015763,69.75775163750043,54.51853862312356,-15.239213014376872,5.996767488292525,23.843588079565126,29.764536252320575,5.920948172755448,6.144916304510993,46.527358942149085,37.43301574025452,-9.094343201894567,6.012019922719188,22.68377086258396,7.668479487933945,-15.015291374650014,6.2309290297603415
escs_h,MEX,36,381.0003744048375,376.3211564127148,-4.6792179921226875,4.40031041025123,401.5224834401804,399.43783119199827,-2.084652248182124,4.4307294388790375,422.3197996914199,416.5815421935051,-5.738257497914844,5.520278546931296,458.13572753131683,447.62696640558505,-10.50876112573178,6.940152846253924,20.52210903534297,23.116674779283414,2.594565743940443,4.63363857956396,41.319425286582444,40.260385780790266,-1.0590395057921782,6.1253634972080535,77.13535312647932,71.30580999287022,-5.829543133609093,7.729358095127834,20.797316251239476,17.14371100150685,-3.6536052497326246,5.115463493083582,56.613244091136345,48.18913521358681,-8.424108877549536,7.395449371389014,35.81592783989687,31.045424212079958,-4.770503627816915,6.421696652501962
escs_h,NLD,36,419.54421284981584,406.8633705945638,-12.68084225525206,7.732753635899326,437.4860789761786,430.98899198041426,-6.4970869957643345,7.634421017718971,487.9875413945926,471.35110246831783,-16.636438926274764,7.810599054199551,508.8495178498082,492.81300155837573,-16.036516291432463,6.17099192632218,17.94186612636285,24.12562138585043,6.1837552594875795,8.545352014980846,68.4433285447769,64.48773187375397,-3.9555966710229313,10.484639894962546,89.30530499999244,85.9496309638119,-3.3556740361805453,9.19270607234059,50.50146241841405,40.36211048790356,-10.139351930510493,7.461672658850361,71.36343887362962,61.82400957796146,-9.539429295668157,8.650483563909763,20.861976455215558,21.461899090057916,0.5999226348423576,8.623736028483387
escs_h,NOR,36,439.7647976509808,417.90569229686855,-21.859105354112273,5.038435361939737,469.1967590734042,448.4733034716525,-20.72345560175171,5.6497569207411455,496.9548911315368,481.4924934032603,-15.462397728276471,5.563508986326029,513.5044213843777,496.45472040677197,-17.04970097760571,5.4467611683784884,29.431961422423363,30.567611174783952,1.1356497523605888,6.61286587287144,57.19009348055589,63.58680110639185,6.396707625835965,6.985540949896962,73.73962373339664,78.5490281099034,4.8094043765067624,7.084566643485313,27.758132058132524,33.0191899316079,5.261057873475373,6.1982264650925005,44.30766231097328,47.98141693511946,3.6737546241461843,7.1063115091301805,16.549530252840754,14.962227003511561,-1.5873032493291923,6.507759025077737
escs_h,NZL,36,460.3168862458747,465.6700269048176,5.353140658942891,5.044751566518408,494.94470599318083,491.27519267284333,-3.6695133203375008,5.247844961560134,525.8595854625466,524.7875474848399,-1.0720379777067137,5.61231425499429,544.8271697859009,551.5389396885103,6.711769902609376,5.220503632114611,34.6278197473061,25.60516576802588,-9.022653979280218,6.390111093808017,65.54269921667185,59.11752058002253,-6.425178636649321,6.768012866275054,84.51028354002618,85.86891278369274,1.358629243666556,6.809760001716554,30.91487946936575,33.512354811996644,2.5974753426308936,6.807916783461049,49.882463792720095,60.26374701566685,10.381283222946756,6.8836180081097735,18.967584323354345,26.751392203670207,7.783807880315862,7.128669253545412
escs_h,POL,36,450.85419505651953,445.96489867803695,-4.889296378482584,5.246662336067563,475.44825531739434,470.7235238568363,-4.724731460558019,5.430837103098781,503.6117855568461,507.7583935054843,4.146607948638234,5.714004780944578,534.4840758167695,525.6447395577964,-8.839336258973162,6.142986131504205,24.594060260874784,24.758625178799527,0.16456491792474282,5.705439130109711,52.75759050032657,61.7934948274475,9.035904327120932,6.496728834684094,83.62988076025009,79.67984087975951,-3.9500398804905785,7.88881102721713,28.16353023945179,37.03486964864798,8.871339409196185,6.241433963837946,59.035820499375305,54.92121570095999,-4.114604798415314,7.32634606533008,30.87229025992351,17.886346052312007,-12.985944207611503,6.755222895538355
escs_h,PRT,36,438.3865254567776,427.3413429232538,-11.045182533523757,5.462516491133804,463.0807093930107,451.79768223208237,-11.283027160928327,5.87567582412749,489.05733922235294,475.85234558164285,-13.204993640710086,5.660783844214863,521.7349118903666,510.52956083954194,-11.205351050824618,5.320967435797214,24.69418393623303,24.456339308828596,-0.23784462740443502,5.191870312175728,50.67081376557538,48.51100265838906,-2.1598111071863215,5.713662882352228,83.34838643358903,83.18821791628824,-0.1601685173007894,6.605570465215349,25.97662982934235,24.054663349560464,-1.9219664797818865,5.681542161739954,58.654202497355996,58.731878607459635,0.07767611010363851,6.61451761548633,32.67757266801364,34.67721525789918,1.9996425898855392,5.809304133736685
escs_h,SVK,36,399.58535566019907,400.07396386453513,0.4886082043360602,6.2233873174081085,437.41433537495305,441.956304192879,4.54196881792592,6.165892086291934,458.91239467224875,466.17194507407504,7.259550401826289,5.855962479539527,498.8246336697227,504.35272566199455,5.528091992271868,5.9579866019342935,37.828979714754034,41.88234032834392,4.053360613589888,6.793955851369486,59.327039012049816,66.09798120953991,6.770942197490093,7.684389359319985,99.23927800952359,104.27876179745945,5.039483787935865,8.442514554756459,21.498059297295775,24.21564088119598,2.7175815839002055,6.363442382574405,61.41029829476954,62.39642146911554,0.9861231743459982,7.741228380630636,39.912238997473764,38.18078058791956,-1.7314584095542074,6.389926217796521
escs_h,SVN,36,431.993266971297,416.80133369177383,-15.191933279523141,4.783832576830844,458.31055986925656,438.4209316600428,-19.889628209213754,4.752859291037229,488.5302306307452,470.3057381840343,-18.22449244671094,4.453558090268343,499.8122391355305,486.85680831198187,-12.955430823548625,4.323073145901451,26.317292897959554,21.61959796826894,-4.697694929690613,6.70116666578354,56.53696365944829,53.50440449226041,-3.032559167187877,6.03297060507934,67.81897216423357,70.05547462020805,2.236502455974474,6.729674765442653,30.219670761488732,31.88480652399148,1.6651357625027465,6.218987638466051,41.50167926627402,48.435876651939104,6.934197385665087,6.236890441925375,11.282008504785285,16.55107012794763,5.269061623162344,6.111028018330231
escs_h,SWE,36,440.9779544757769,418.9688933273722,-22.009061148404726,5.300202534594995,474.53780859719654,461.9783507948114,-12.559457802385168,5.349147926961221,510.3746991329311,503.07758994534515,-7.2971091875859315,6.342917186253847,536.2539750587646,515.6132000387261,-20.640775020038518,6.44030441780301,33.55985412141952,43.009457467439105,9.449603346019586,6.310293674418738,69.39674465715409,84.10869661797292,14.711951960818837,7.111787687059964,95.27602058298757,96.64430671135385,1.3682861283662788,7.7636536689382165,35.83689053573458,41.09923915053381,5.2623486147992296,6.5550827556415285,61.71616646156806,53.63484924391474,-8.081317217653314,6.91120833776407,25.879275925833475,12.535610093380933,-13.343665832452542,7.160912624203091
escs_h,TUR,36,430.3905961847607,442.4911040834183,12.100507898657611,4.338197307831405,445.40607801404576,463.19676047151216,17.790682457466403,4.117213405785138,454.3108149831336,476.8032001383175,22.49238515518391,4.926218626577049,494.9300309603289,518.2376380269708,23.30760706664188,5.019412132204053,15.015481829285,20.70565638809375,5.690174558808751,5.094828234541305,23.920218798372918,34.31209605489918,10.39187725652626,5.551873242702298,64.53943477556814,75.74653394355241,11.207099167984268,6.369699174544523,8.904736969087917,13.606439666805425,4.701702697717508,4.888170145185148,49.52395294628314,55.04087755545866,5.516924609175518,6.077915846147461,40.619215977195225,41.43443788865323,0.8152219114580035,5.933524729652065
escs_h,USA,36,463.71157039955517,445.0071293223097,-18.704441077245463,8.02839890259396,488.19467090884393,480.07358998361826,-8.12108092522567,9.09596084881237,513.2243549813885,502.4233801602577,-10.800974821130808,13.089459574432107,555.3429786993449,559.73908976338,4.39611106403504,17.12357920550281,24.483100509288846,35.066460661308625,10.583360152019779,9.520992310879816,49.51278458183338,57.416250837948,7.903466256114619,12.798522868213379,91.63140829978985,114.7319604410703,23.100552141280446,17.940445101590022,25.029684072544534,22.34979017663938,-2.6798938959051526,12.293536408625407,67.14830779050104,79.66549977976169,12.517191989260652,17.21334650414115,42.11862371795648,57.31570960312231,15.197085885165826,13.061736251938564
escs_h,OECD,36,438.0792614790133,428.54392364742415,-9.535337831589175,1.3980776851859762,465.98334134694926,456.9462815667991,-9.037059780150173,1.470556154151778,493.84087049902035,484.15201174195744,-9.688858757062917,1.436150606346252,520.7420098783554,509.0361546535595,-11.705855224795869,1.5294304792969589,27.904079867935888,28.402357919374946,0.49827805143905834,1.0900673066518056,55.76160902000705,55.60808809453329,-0.15352092547376373,1.0821109559496587,82.66274839934201,80.49223100613533,-2.17051739320668,1.2430966743169556,27.857529152071162,27.20573017515834,-0.6517989769128221,0.9963770969179245,54.7586685314061,52.08987308676037,-2.668795444645731,1.1879442575983301,26.90113937933494,24.884142911602037,-2.016996467732902,1.1284633813468818
escs_pca,AUS,36,456.0557454102762,451.7277058975691,-4.328039512707107,3.9301493002561774,481.8670109017647,479.75226590411955,-2.1147449976451185,4.145703296277475,520.6011187509612,513.6917213104047,-6.909397440556518,4.643097264248576,542.9738197642521,537.4047555880583,-5.5690641761938195,4.023297938628989,25.811265491488577,28.024560006550452,2.2132945150618752,4.941299783429348,64.54537334068496,61.96401541283567,-2.5813579278492895,5.149872863588804,86.91807435397591,85.6770496904891,-1.2410246634868116,4.869228187331415,38.73410784919638,33.939455406285205,-4.794652442911172,4.9732354508321555,61.10680886248732,57.65248968393863,-3.454319178548687,4.779086569733003,22.372701013290953,23.713034277653424,1.3403332643624708,4.70162842402959
escs_pca,AUT,36,432.97060096836657,430.4942307021947,-2.476370266171841,5.456958631381893,466.37806453043675,459.546617193004,-6.831447337432735,5.7711015126419465,501.0287813873113,482.52374721086744,-18.50503417644387,4.8310080600242875,533.6285522698405,517.2810247715906,-16.34752749824986,4.792594157427156,33.40746356207028,29.05238649080932,-4.355077071260958,6.551785809398601,68.05818041894477,52.02951650867269,-16.02866391027208,5.790735176316479,100.6579513014739,86.78679406939587,-13.871157232078033,6.597338090736311,34.650716856874496,22.977130017863367,-11.67358683901113,6.2915586031960045,67.25048773940361,57.73440757858655,-9.516080160817062,5.936685541321431,32.599770882529114,34.75727756072318,2.1575066781940677,4.923382725831214
escs_pca,BEL,36,428.5803203707683,435.09672882932693,6.516408458558658,5.622776900428127,461.785653255219,455.38605006559,-6.399603189629033,5.42890157793439,500.5112575718637,495.89593559801614,-4.6153219738475855,5.869400326304947,535.1709828840333,524.3243300241055,-10.846652859927758,4.9651558425067295,33.2053328844508,20.289321236263124,-12.916011648187673,6.102996396626008,71.9309372010955,60.79920676868924,-11.131730432406265,7.192273762000559,106.59066251326507,89.22760119477857,-17.3630613184865,7.06438313106963,38.72560431664469,40.50988553242611,1.7842812157814194,6.040885054296399,73.38532962881429,68.93827995851544,-4.447049670298853,6.313621752581956,34.6597253121696,28.428394426089334,-6.231330886080265,5.988361749244756
escs_pca,CAN,36,473.0491561165978,459.5190624450473,-13.530093671550503,4.02395603021479,498.4982872538286,487.5007375962567,-10.99754965757188,3.934049551229695,522.556439301912,514.0531736248233,-8.50326567708862,3.874240619603678,545.7121361527857,530.813523481747,-14.898612671038677,4.635671058727806,25.449131137230744,27.98167515120942,2.5325440139786757,4.812135819551148,49.50728318531404,54.53411117977606,5.026827994462025,4.928825795091481,72.66298003618788,71.29446103669967,-1.3685189994882023,5.448269575144636,24.058152048083294,26.552436028566643,2.494283980483349,4.326835719144571,47.21384889895714,43.31278588549025,-3.9010630134668887,5.40553871734632,23.155696850873845,16.760349856923607,-6.395346993950238,4.505356524498334
escs_pca,CHE,36,430.1563921373152,433.4496164849256,3.293224347610419,5.5377658764881,464.0108790295026,457.68716935986913,-6.323709669633445,5.45652008059502,505.64724217250324,490.2270101814556,-15.420231991047615,5.961712128124384,544.1807282686389,528.711961071943,-15.468767196695808,5.083839429031155,33.854486892187296,24.23755287494357,-9.616934017243725,6.3190089421086695,75.49085003518803,56.77739369653,-18.713456338658034,6.625589299095755,114.0243361313236,95.26234458701754,-18.761991544306056,7.185507006936554,41.63636314300073,32.53984082158643,-9.096522321414298,5.809971951284525,80.1698492391363,71.02479171207396,-9.145057527062335,6.532905654657706,38.533486096135576,38.48495089048754,-0.048535205648036595,6.293399598903655
escs_pca,CHL,36,419.28503158807337,413.8213039775913,-5.463727610482067,6.025079827791767,439.42448393065206,423.6083474865056,-15.81613644414648,5.627161121929068,455.0958465656514,440.43549771073305,-14.660348854918368,5.793444058541287,487.4502559667988,487.30802326903876,-0.14223269776005054,5.427656858142838,20.139452342578686,9.787043508914342,-10.352408833664343,6.966074203817155,35.81081497757807,26.61419373314184,-9.19662124443623,7.151024432310464,68.16522437872545,73.4867192914475,5.321494912722045,7.868709508870777,15.671362634999383,16.827150224227495,1.1557875892281118,6.413851139752633,48.02577203614677,63.699675782533156,15.673903746386387,6.092619327015082,32.354409401147386,46.87252555830567,14.518116157158282,6.184541980212531
escs_pca,COL,36,371.07051097191004,369.28693335900687,-1.7835776129031728,4.711022106096543,392.6385442452377,390.94308509327425,-1.6954591519634619,6.103757511943988,414.4359707821516,408.5577283865618,-5.878242395589837,6.892863493614067,464.6985406683172,453.84917666601024,-10.84936400230697,10.0811122185868,21.56803327332769,21.65615173426743,0.08811846093973941,6.361386151128116,43.365459810241575,39.27079502755491,-4.094664782686664,6.893759951151116,93.6280296964072,84.56224330700331,-9.065786389403883,10.878906002360228,21.797426536913882,17.614643293287486,-4.182783243626396,5.726988364257327,72.05999642307953,62.90609157273589,-9.153904850343636,9.745872379762337,50.262569886165636,45.2914482794484,-4.971121606717233,9.670982653331333
escs_pca,CZE,36,442.8055074081164,434.66389564332366,-8.141611764792742,5.16168006081355,476.4051330934902,457.9665977404264,-18.4385353530638,4.883710257503563,497.31510553694534,478.24988229230604,-19.0652232446393,5.398140988649789,541.6184080993803,518.5618394102021,-23.05656868917822,5.465482100933667,33.59962568537376,23.302702097102657,-10.296923588271103,5.459291982656092,54.50959812882901,43.58598664898226,-10.923611479846755,5.838183218909807,98.81290069126403,83.8979437668783,-14.914956924385734,7.188195036451922,20.909972443455253,20.283284551879596,-0.6266878915756564,5.89175224821044,65.21327500589025,60.59524166977566,-4.618033336114593,6.457512267066739,44.30330256243501,40.31195711789606,-3.9913454445389505,6.5531512771884834
escs_pca,DEU,36,441.88644144924103,425.98833665134555,-15.898104797895485,6.049681678352978,470.3353610471084,462.9984247862312,-7.336936260877167,6.486627163774142,494.33489171445444,490.7580651277667,-3.57682658668773,7.4211785842475955,541.1191445009064,540.1775791906344,-0.9415653102719261,6.528396744117851,28.448919597867462,37.01008813488565,8.561168537018187,6.726911718503711,52.44845026521345,64.76972847642112,12.32127821120767,7.481428070319842,99.23270305166537,114.18924253928881,14.956539487623445,8.153031494810648,23.999530667346,27.759640341535487,3.7601096741894864,6.531365817320529,70.7837834537979,77.17915440440315,6.395370950605255,7.070971623575495,46.78425278645191,49.41951406286766,2.635261276415754,7.538330971968538
escs_pca,DNK,36,451.3054427161013,429.9220291993597,-21.383413516741598,4.915911176741677,485.58506420554386,458.00176232308047,-27.583301882463388,5.708547280298628,511.24015870503916,480.39507776081643,-30.84508094422273,5.8780029581585325,514.9593938631672,497.92629703244046,-17.03309683072672,6.046537464738719,34.279621489442455,28.07973312372074,-6.199888365721716,6.61466702250481,59.934715988937796,50.47304856145675,-9.461667427481046,5.9675385621311525,63.65395114706591,68.00426783308069,4.350316686014779,7.197241241324506,25.655094499495345,22.39331543773601,-3.2617790617593343,7.155819687411977,29.374329657623445,39.924534709359946,10.550205051736501,7.257599206801802,3.7192351581281002,17.53121927162394,13.81198411349584,7.553037512293411
escs_pca,ESP,36,441.39823975799226,422.55957384505535,-18.838665912936904,3.787954967474052,463.19492627347415,440.9199740433868,-22.274952230087365,3.7286329311240074,486.0393307593896,468.1293415677328,-17.90998919165679,4.058108005525898,514.7511542466706,491.7096349172696,-23.041519329400955,3.397023704621355,21.796686515481845,18.360400198331547,-3.436286317150298,3.792227415752421,44.6410910013973,45.56976772267749,0.9286767212801905,4.487905882676374,73.35291448867822,69.15006107221431,-4.20285341646391,4.58767212998303,22.844404485915454,27.209367524345943,4.3649630384304885,3.8854461761177688,51.55622797319636,50.78966087388277,-0.7665670993135905,4.302793010582378,28.711823487280913,23.580293349536827,-5.131530137744086,4.285695710402677
escs_pca,EST,36,480.90104073021575,462.3184223465347,-18.58261838368105,4.856634399911393,496.3240037325542,486.02793431205725,-10.296069420496963,5.3909171407559535,523.4599551232592,517.0969703214826,-6.3629848017766335,5.203934309828507,547.4091863495685,538.6630311369116,-8.746155212656845,5.21205666219473,15.422963002338411,23.709511965522676,8.286548963184265,6.026197141810503,42.55891439304344,54.77854797494789,12.219633581904453,6.189040101494855,66.50814561935283,76.3446087903771,9.836463171024263,6.152646447904898,27.135951390705024,31.06903600942521,3.933084618720187,6.158200492300274,51.08518261701441,52.635096824854415,1.549914207840004,5.8560434129496235,23.949231226309383,21.566060815429204,-2.3831704108801794,5.71883769271223
escs_pca,FIN,36,457.8487673767556,443.68003014933464,-14.168737227420934,4.340899142240639,474.82450246933183,464.52851177447644,-10.29599069485539,4.707716175432785,508.2501116912819,496.2349459673777,-12.015165723904204,5.034607987544591,532.4602230134866,521.4390465378765,-11.021176475610105,4.324772716396568,16.975735092576194,20.84848162514183,3.8727465325656354,5.31661755181035,50.40134431452635,52.55491581804309,2.153571503516744,5.557477720264546,74.61145563673094,77.7590163885418,3.1475607518108575,5.58849595525279,33.425609221950154,31.706434192901263,-1.7191750290488912,5.338408014220984,57.63572054415474,56.91053476339996,-0.725185780754785,5.453707190209439,24.21011132220459,25.204100570498703,0.9939892482941133,5.713880216181368
escs_pca,FRA,36,429.36590383447464,423.0371581258967,-6.328745708577912,5.668584294277516,456.9061010631549,444.0413541344793,-12.864746928675572,5.759220916504952,487.80177345572247,476.6877891913009,-11.11398426442156,6.978482514942503,532.6450237464437,518.4369119403472,-14.208111806096554,6.027220866148306,27.540197228680263,21.004196008582618,-6.536001220097646,6.7301020707549,58.43586962124776,53.65063106540426,-4.785238555843499,7.170456493353135,103.27911991196899,95.39975381445058,-7.879366097518414,7.5364246643127135,30.8956723925675,32.64643505682165,1.7507626642541503,6.837255206981989,75.73892268328875,74.39555780586797,-1.3433648774207825,7.084463633852878,44.843250290721244,41.749122749046315,-3.094127541674929,6.2124028753003575
escs_pca,GBR,36,472.3480854272887,471.33675993141117,-1.0113254958775428,5.200326786141092,484.05223896421205,486.36116127332934,2.3089223091172926,5.180813482147123,507.27332494755484,507.8172893924869,0.543964444932044,5.10488013564677,541.4377151120858,540.7694614108207,-0.6682537012651437,6.806353027223136,11.704153536923338,15.02440134191831,3.320247804994972,6.725654452798986,34.925239520266224,36.48052946107573,1.5552899408095087,6.64451689593203,69.0896296847971,69.43270147940947,0.3430717946123707,8.321516431211695,23.221085983342885,21.456128119157427,-1.7649578641854582,6.292419324221202,57.385476147873774,54.40830013749119,-2.9771760103825855,7.9266286210616075,34.16439016453088,32.952172018333755,-1.2122181461971238,7.065187107692152
escs_pca,GRC,36,407.39227834635415,392.80884670911564,-14.583431637238505,5.787679658649161,424.9986442970994,410.8196610830928,-14.178983214006621,5.459945926409558,443.4860722158886,441.4705201679832,-2.0155520479054303,5.880362886875848,482.73730179043093,467.39846038224715,-15.338841408183782,5.86947886050865,17.606365950745364,18.010814373977144,0.40444842323178065,5.933708003521771,36.09379386953451,48.661673458867426,12.567879589332918,6.475430984833817,75.3450234440769,74.58961367313145,-0.7554097709454481,7.688502635352751,18.487427918789145,30.650859084890282,12.163431166101137,5.3380587505314105,57.73865749333153,56.57879929915431,-1.1598581941772181,6.323416136679552,39.25122957454239,25.927940214264027,-13.323289360278366,6.226013027742191
escs_pca,HUN,36,419.8715257610622,411.9401490125689,-7.931376748493278,5.913380811625178,450.7321460941745,440.4214344910323,-10.310711603142181,5.510981347975421,489.1850443943842,467.2891367244271,-21.89590766995707,6.35002077578724,535.252986471893,503.3838094164254,-31.869177055467617,6.016182456655633,30.860620333112347,28.48128547846351,-2.379334854648839,6.851048291556249,69.3135186333221,55.34898771185827,-13.964530921463833,8.052662171609068,115.38146071083081,91.44366040385651,-23.937800306974296,8.09412009080057,38.45289830020975,26.867702233394766,-11.585196066814987,6.5316093727310784,84.52084037771847,62.96237492539302,-21.55846545232545,7.877058459023008,46.06794207750871,36.09467269199825,-9.973269385510463,6.744845936832773
escs_pca,IRL,36,482.1977514366904,468.683546029249,-13.514205407441409,4.13553890082589,506.18586551557445,485.5725107914054,-20.613354724169028,5.043110053983089,529.3282498812803,516.9190421533726,-12.409207727907642,4.794997715167381,550.342237007632,543.053629997676,-7.288607009955967,4.320954868508594,23.988114078884074,16.88896476215633,-7.099149316727743,5.2337182717389625,47.1304984445898,48.235496124123536,1.1049976795337386,5.383351296122454,68.14448557094154,74.370083968427,6.225598397485456,5.204986452743003,23.14238436570572,31.3465313619672,8.204146996261482,5.7431299161761,44.15637149205746,57.48111920627066,13.324747714213203,5.392201365032305,21.013987126351743,26.13458784430346,5.120600717951717,5.1538492657888355
escs_pca,ISL,36,398.18082110582304,394.7661450620607,-3.4146760437623698,5.24046743116795,429.3406042578946,424.5009369974884,-4.839667260406202,5.972487151178142,454.58452398493574,449.2601631209821,-5.324360863953643,5.650617172550731,469.1260001818864,469.5462095843527,0.42020940246629834,4.804676335224086,31.159783152071604,29.734791935427733,-1.4249912166438712,8.343066463090956,56.403702879112686,54.49401805892139,-1.9096848201912948,7.637479179355135,70.94517907606348,74.78006452229195,3.834885446228469,7.036168483109004,25.24391972704109,24.759226123493654,-0.4846936035474343,7.817368798110038,39.78539592399187,45.04527258686422,5.259876662872351,7.320980592379349,14.541476196950782,20.28604646337057,5.744570266419789,7.120342352328872
escs_pca,ISR,36,417.4609702714238,412.08422220019077,-5.37674807123301,6.922494425770037,463.98317291090706,438.7777480580773,-25.205424852829765,6.484755053854015,513.9280158584203,477.7088161475285,-36.21919971089176,7.993434336233592,524.5827202840061,495.4723714458243,-29.11034883818178,6.351794687004746,46.52220263948327,26.693525857886534,-19.828676781596734,8.214405575874173,96.46704558699638,65.62459394733779,-30.84245163965859,8.364328914163385,107.12175001258224,83.3881492456336,-23.73360076694864,8.326080139134127,49.94484294751311,38.93106808945126,-11.01377485806185,8.899859665471656,60.599547373098986,56.694623387747086,-3.9049239853518998,7.843671509126926,10.654704425585868,17.76355529829582,7.108850872709953,8.08782850315007
escs_pca,ITA,36,448.75619258507595,439.5042742871551,-9.251918297920838,5.238177820802621,473.0564501821438,465.0202879478741,-8.036162234269682,5.009455852659495,491.5560598023062,485.5497327470857,-6.006327055220481,5.607710597919041,517.8855558631212,518.7822414349524,0.896685571831199,5.599290584948666,24.30025759706798,25.516013660718937,1.2157560636509572,5.97328182765027,42.79986721723036,46.045458459930515,3.245591242700158,6.638823235959217,69.1293632780453,79.27796714779734,10.148603869752037,6.9661062990935365,18.49960962016238,20.529444799211575,2.0298351790491935,6.061915377281788,44.829105680977335,53.76195348707838,8.932847806101044,6.740697949001021,26.329496060814954,33.23250868786681,6.903012627051858,5.165568092874545
escs_pca,JPN,36,484.3024292586442,468.827262642881,-15.475166615763214,7.080356985509864,509.5619785910318,498.5699598949497,-10.992018696082084,6.860971240177692,527.3301490719152,514.8049639395598,-12.525185132355432,5.950659532730114,545.3411371070006,543.5176700827318,-1.8234670242687798,6.754245684266009,25.25954933238753,29.74269725206857,4.483147919681041,7.1917698331239865,43.02771981327088,45.977701296678845,2.949981483407967,7.508736731460609,61.038707848356296,74.69040743985086,13.651699591494562,9.003235994593853,17.76817048088335,16.235004044610275,-1.5331664362730741,6.698556479917799,35.77915851596877,44.947710187782285,9.168551671813518,7.699838162927103,18.010988035085415,28.71270614317201,10.701718108086595,6.0533525020164
escs_pca,KOR,36,478.6572892701714,463.5295154326486,-15.127773837522795,7.012224306722683,503.03128724137224,497.06700834217054,-5.964278899201702,7.262596444535617,528.817887416533,519.4902209890653,-9.327666427467761,7.0253478310832405,554.6182557552951,535.7355072994309,-18.882748455864203,6.269151202767263,24.373997971200843,33.53749290952195,9.163494938321108,7.2184290967305875,50.160598146361714,55.96070555641656,5.800107410054849,8.950786671466103,75.9609664851237,72.20599186678226,-3.75497461834145,7.797111158469807,25.786600175160867,22.42321264689462,-3.363387528266248,7.763294826590934,51.586968513922876,38.66849895726031,-12.918469556662565,7.387154842891244,25.800368338762006,16.245286310365692,-9.555082028396313,8.281111096804587
escs_pca,LTU,36,436.3813794049526,435.7515723289798,-0.6298070759727921,4.622866242282227,457.0636072185337,458.0438956785927,0.9802884600590005,4.419565704546633,488.5511317934362,484.3096884989137,-4.241443294522469,5.069853025143147,512.533254275136,506.40054119981016,-6.132713075325796,5.334937469502001,20.682227813581136,22.292323349612865,1.6100955360317286,5.50000914479829,52.16975238848357,48.55811616993388,-3.611636218549691,6.092744631159363,76.15187487018343,70.64896887083032,-5.502905999353118,6.879199074902213,31.487524574902437,26.265792820321014,-5.221731754581423,6.2595835352741895,55.469647056602284,48.35664552121745,-7.113001535384832,6.282305731023816,23.98212248169985,22.090852700896438,-1.8912697808034125,6.206350450804134
escs_pca,LVA,36,442.56576400237907,412.617753307468,-29.94801069491109,4.70716319915233,462.0990037086679,430.8430084182261,-31.25599529044183,4.890726673241942,486.2819732789814,451.7519500818686,-34.530023197112826,5.336007919193032,512.9717875927863,472.55397709252486,-40.41781050026145,4.539326550849293,19.533239706288885,18.225255110758162,-1.3079845955307228,5.516372842518437,43.716209276602385,39.13419677440065,-4.582012502201735,5.965141776410924,70.40602359040729,59.936223785056974,-10.469799805350313,5.972036887498249,24.182969570313496,20.908941663642487,-3.2740279066710087,5.80166270455036,50.87278388411839,41.710968674298826,-9.161815209819565,5.962052513862789,26.689814313804895,20.80202701065634,-5.887787303148556,6.326848835267395
escs_pca,MEX,36,383.49437022086073,380.23054038861375,-3.2638298322469836,4.2785502215169835,400.0532613653442,398.1614214092852,-1.891839956059016,4.886682196878896,421.35320846318007,412.917532949468,-8.435675513712056,5.557636728956745,458.0727650056804,448.66121854687015,-9.411546458810278,7.013756141445005,16.55889114448346,17.930881020671528,1.3719898761880671,5.148516472114869,37.85883824231932,32.686992560854364,-5.1718456814649585,6.362068547081481,74.57839478481961,68.43067815825648,-6.147716626563124,7.957487597205089,21.299947097835865,14.756111540182832,-6.543835557653033,5.512906173513946,58.01950364033614,50.499797137584935,-7.519706502751205,7.366385573924731,36.719556542500285,35.7436855974021,-0.9758709450981868,6.686319393276858
escs_pca,NLD,36,421.92338386699987,407.42199453643116,-14.501389330568713,7.422232022548433,435.05473500628284,429.74617144333007,-5.30856356295277,7.466198369960471,485.29970436686955,465.5190133013749,-19.780691065494636,8.025280124780691,511.570253581083,499.39167057262677,-12.178583008456258,6.066097859835347,13.131351139282964,22.324176906898924,9.19282576761596,8.082383926352918,63.3763204998696,58.0970187649437,-5.279301734925902,10.24244209148672,89.64686971408315,91.9696760361956,2.3228063221124415,9.251267966102796,50.24496936058664,35.77284185804477,-14.472127502541866,8.110201290069552,76.51551857480018,69.64549912929667,-6.870019445503516,7.993581126033929,26.270549214213542,33.872657271251896,7.602108057038354,8.174103015983324
escs_pca,NOR,36,438.713042839753,416.31690037385204,-22.396142465900937,4.874197820016819,466.56821554603556,447.3622511235226,-19.205964422512977,5.601916724094536,495.1249521987996,480.1163246017736,-15.008627597025963,5.567679324855161,519.0094145672936,500.52267293793693,-18.48674162935663,5.341817506101343,27.855172706282552,31.045350749670483,3.190178043387931,6.230903786159331,56.411909359046646,63.799424227921506,7.3875148688748595,6.9248864682460995,80.29637172754053,84.20577256408482,3.909400836544293,6.860267981441643,28.5567366527641,32.75407347825102,4.197336825486921,5.949968786963596,52.441199021257965,53.16042181441435,0.7192227931563835,7.043306468230824,23.88446236849387,20.406348336163326,-3.478114032330545,6.492890950202093
escs_pca,NZL,36,461.0664958759412,468.1530252037355,7.086529327794324,4.843251285384055,493.2730918209054,486.21173751108483,-7.061354309820558,5.707704817724349,522.7290781307563,523.2888749868464,0.5597968560900881,5.5536804378878095,548.8583568200307,555.6177741826032,6.759417362572435,5.021429913878776,32.206595944964214,18.05871230734929,-14.147883637614925,6.798095638885275,61.66258225481518,55.1358497831108,-6.526732471704378,6.614469206924949,87.79186094408956,87.4647489788677,-0.32711196522186015,6.866589781326111,29.45598630985096,37.07713747576152,7.6211511659105575,7.133995178244263,55.58526499912536,69.40603667151842,13.820771672393064,6.661660755392154,26.129278689274393,32.328899195756904,6.1996205064825105,6.821490841321527
escs_pca,POL,36,454.0249913867621,451.5903722497901,-2.434619136972003,5.1683682536208595,471.88255520528185,465.3342740579209,-6.548281147360967,5.465502493452782,501.3672477753097,503.35591585367604,1.988668078366345,6.03098416776266,537.1202034326516,529.8122201293427,-7.307983303308902,6.000261555118443,17.857563818519726,13.74390180813079,-4.113662010388936,5.7705613901001565,47.342256388547625,51.765543603885945,4.42328721533832,6.678684281335219,83.09521204588945,78.22184787955248,-4.87336416633697,7.787060760306905,29.484692570027896,38.02164179575515,8.536949225727255,6.3819723317130626,65.23764822736975,64.47794607142168,-0.7597021559480623,7.331000598842713,35.752955657341836,26.456304275666533,-9.296651381675304,6.957657817552909
escs_pca,PRT,36,440.5958910518827,429.47481269547643,-11.121078356406258,5.281771668393678,461.37689933592645,450.07130096095096,-11.305598374975489,5.970544178267373,487.8591248822025,473.57545332119827,-14.283671561004212,5.670274638198211,522.4064892100192,512.3858127310632,-10.020676478956034,5.510062415462696,20.78100828404373,20.596488265474584,-0.18452001856914535,5.459420451450947,47.26323383031968,44.10064062572183,-3.1625932045978473,5.467606507748208,81.81059815813641,82.9110000355868,1.1004018774503805,6.543927409444116,26.48222554627595,23.504152360247247,-2.978073186028702,5.986784213176984,61.02958987409268,62.31451177011221,1.284921896019533,6.7136330750711855,34.54736432781674,38.810359409864965,4.262995082048228,5.889847508486488
escs_pca,SVK,36,402.8754914956276,402.14091318385016,-0.7345783117774545,6.336629439070745,436.65314520705954,440.3864315642084,3.73328635714887,6.1349884892781565,453.2843607714828,462.4268911832901,9.142530411807286,6.516325351633266,501.9305689297122,507.60492267441106,5.674353744698863,5.894346806575652,33.77765371143188,38.24551838035817,4.467864668926289,7.1146847554025605,50.40886927585518,60.285977999439964,9.877108723584783,8.002490124981126,99.05507743408455,105.46400949056083,6.408932056476274,8.59451263476476,16.631215564423297,22.040459619081794,5.4092440546584974,7.326348529127069,65.27742372265269,67.21849111020266,1.9410673875499782,7.815479136819548,48.646208158229385,45.17803149112086,-3.468176667108523,6.945383253314299
escs_pca,SVN,36,432.4105107851172,418.0007903147636,-14.40972047035359,4.736821039220621,456.3150873371902,435.62035684652545,-20.694730490664767,4.753733675063253,487.9159956272905,469.04543833514316,-18.87055729214734,4.294435000352023,502.00296214161654,489.77701232234915,-12.225949819267385,4.359372266701452,23.904576552072946,17.61956653176182,-6.285010020311127,6.443179592557968,55.50548484217332,51.04464802037954,-4.460836821793777,6.167063863108415,69.59245135649932,71.77622200758556,2.1837706510862347,6.539651778923556,31.60090829010037,33.42508148861772,1.8241731985173502,6.011918504993255,45.68787480442638,54.15665547582374,8.468780671397361,6.4674794171596535,14.086966514326008,20.73157398720602,6.644607472880011,5.934467129408725
escs_pca,SWE,36,441.80286212815736,419.05034358132224,-22.75251854683512,5.1859279668973155,470.8268340874917,459.4676721282711,-11.359161959220614,5.987070564814135,509.9724018935268,498.24666123489226,-11.72574065863455,5.979881665502337,539.5445690633645,522.8786987248234,-16.66587033854114,6.264127988800376,29.023971959334347,40.417328546948795,11.393356587614448,6.67312306782052,68.16953976536948,79.19631765357002,11.026777888200542,6.678690722904774,97.74170693520725,103.82835514350104,6.086648208293795,7.6096480391001835,39.145567806035125,38.778989106621225,-0.36657869941389976,6.644601703799623,68.7177349758729,63.411026596552254,-5.306708379320646,7.029460129815555,29.57216716983777,24.63203748993103,-4.94012967990674,7.00771368621805
escs_pca,TUR,36,431.6077179746867,445.0614483268461,13.453730352159425,4.185967865808358,445.3780457322579,462.20109579621675,16.823050063958874,4.019520431261527,453.7002039709165,474.3703563738741,20.67015240295757,4.9313629216048405,494.36327784116804,519.1003967483854,24.737118907217337,5.107975860416828,13.770327757571135,17.139647469370537,3.3693197117994025,4.729850378916827,22.092485996229748,29.30890804702788,7.216422050798133,5.575378637929553,62.75555986648139,74.03894842153915,11.283388555057755,6.486838381489835,8.322158238658613,12.169260577657344,3.847102338998731,4.670203088364245,48.98523210891026,56.899300952168595,7.914068843258335,5.708402579125467,40.663073870251644,44.73004037451126,4.066966504259618,6.245278693206709
escs_pca,USA,36,464.633777269032,449.0499017841532,-15.583875484878831,7.958689633553179,485.24801365266813,475.92174262324227,-9.326271029425868,9.369339314712688,512.1689833057601,501.14849669247815,-11.020486613281946,13.519960876337608,558.4578922694548,560.9251698522046,2.46727758274983,16.224854829651644,20.614236383636097,26.87184083908902,6.257604455452924,9.95929792510272,47.5352060367281,52.098594908325026,4.563388871596928,13.40525157866633,93.82411500042257,111.87526806805144,18.051153067628874,17.14411905952707,26.920969653092005,25.226754069236,-1.6942155838560033,12.310019812434389,73.20987861678648,85.00342722896244,11.793548612175954,15.383371843218557,46.288908963694475,59.77667315972643,13.487764196031954,13.061143141397357
escs_pca,OECD,36,439.387281183358,430.3862810344187,-9.00100014893934,1.3874931753439328,464.30313606414876,454.31641389593204,-9.986722168216716,1.4959789980058662,492.20599104306046,481.48109358469264,-10.72489745836782,1.471493924420669,522.7484237249344,512.4971828835442,-10.2512408413902,1.4910871649266246,24.915854880790654,23.93013286151333,-0.9857220192773255,1.1236651265034225,52.81870985970245,51.094812550273865,-1.7238973094285868,1.1038039846830008,83.36114254157626,82.11090184912538,-1.2502406924508733,1.2373914900655902,27.9028549789118,27.164679688760536,-0.7381752901512648,1.0277216817801216,58.44528766078563,58.180768987612055,-0.26451867317357625,1.1919912084556785,30.542432681873816,31.01608929885152,0.4736566169777028,1.1013871856556112
hisei_h,AUS,36,461.6062132636351,463.84610895922106,2.2398956955859717,3.7736208619633445,497.86881171820653,493.16992939439143,-4.6988823238150985,3.9148786590508715,517.3964829946592,509.8547212342384,-7.541761760420798,4.74294672663454,542.7548657625357,534.3235621090157,-8.43130365351999,4.137737465513618,36.26259845457146,29.32382043517041,-6.938778019401049,4.650228791797094,55.79026973102411,46.00861227501753,-9.781657456006577,5.136236347647662,81.1486524989007,70.4774531497948,-10.671199349105905,4.747971784148472,19.527671276452658,16.684791839847122,-2.8428794366055357,5.467376249373982,44.88605404432925,41.15363271462439,-3.732421329704856,4.694001685669832,25.358382767876595,24.46884087477727,-0.8895418930993237,4.520927458558032
hisei_h,AUT,36,439.93959665,433.4012126402643,-6.538384009735694,5.426470365237097,479.3639465270373,475.0714976829231,-4.292448844114176,5.909929519288678,507.1563313645503,490.4222130236757,-16.734118340874602,4.831020755583087,530.0519068718553,512.4066936453471,-17.64521322650819,5.12997706956275,39.42434987703724,41.670285042658875,2.2459351656216384,6.981276677702757,67.21673471455021,57.021000383411476,-10.195734331138738,6.591140479523496,90.11231022185521,79.00548100508294,-11.106829216772269,6.624731063497271,27.79238483751297,15.350715340752595,-12.441669496760374,6.221076394843242,50.687960344817974,37.335195962424066,-13.352764382393907,6.351630287058089,22.895575507305004,21.984480621671473,-0.9110948856335312,5.935697758082679
hisei_h,BEL,36,433.3001700382086,436.9440804705531,3.643910432344512,5.120364109347163,473.64148067595335,479.96852832182014,6.327047645866799,5.047133628009229,509.3397800379789,504.9314697551548,-4.408310282824118,6.637908421101717,528.9708703802328,516.1754136726233,-12.795456707609446,5.099990764395625,40.34131063774481,43.024447851267,2.683137213522187,6.177774698144151,76.03960999977035,67.98738928460168,-8.052220715168673,7.433371198697912,95.67070034202425,79.23133320207035,-16.4393671399539,6.782079455096843,35.69829936202554,24.9629414333347,-10.735357928690838,6.779167353696665,55.32938970427942,36.20688535080334,-19.12250435347608,6.0183242201513725,19.63109034225389,11.243943917468641,-8.38714642478525,7.566486719473742
hisei_h,CAN,36,481.8806728634172,469.7719936842187,-12.108679179198475,3.973580288364363,513.444415414994,501.84320848673843,-11.601206928255522,3.7568378936628504,523.0007068768716,511.7792470087253,-11.221459868146326,4.079560330208395,543.6607645185559,528.8572422309363,-14.803522287619558,4.32970428822895,31.563742551576734,32.07121480251975,0.5074722509430138,4.936058441389037,41.1200340134544,42.00725332450653,0.887219311052128,5.072504996258863,61.780091655138605,59.085248546717615,-2.69484310842099,5.014952552424399,9.556291461877663,9.936038521986779,0.37974706010911596,4.500413619623035,30.21634910356188,27.01403374419786,-3.202315359364018,4.599223431970648,20.660057641684215,17.07799522221108,-3.582062419473136,4.566633387457985
hisei_h,CHE,36,436.075646745937,434.8064096717023,-1.2692370742346952,5.655837434860701,475.76313303372234,470.8940271555105,-4.869105878211826,5.519545982575821,512.427459048477,502.76699030903444,-9.660468739442535,5.256459980700844,537.9251151288315,524.3968024891558,-13.528312639675732,5.867291939799444,39.68748628778534,36.0876174838082,-3.599868803977138,6.297762248027377,76.35181230253997,67.96058063733224,-8.391231665207727,6.453400725437218,101.84946838289451,89.59039281745345,-12.259075565441066,7.426972290770022,36.664326014754636,31.872963153524047,-4.7913628612305885,5.5843059432064805,62.16198209510917,53.50277533364526,-8.659206761463906,6.974953018137682,25.497656080354535,21.629812180121213,-3.8678439002333214,7.011437856396054
hisei_h,CHL,36,427.88212734728023,419.21834349830704,-8.663783848973196,5.992497518933043,440.498059133455,434.30197453686685,-6.19608459658815,6.110741019053875,461.4111569907638,457.15656265047653,-4.2545943402872695,6.307429664524193,489.3704027128239,484.9140825415815,-4.456320171242396,5.157049024970454,12.615931786174759,15.083631038559805,2.467699252385046,7.783350667931682,33.52902964348361,37.93821915216947,4.409189508685856,7.634456827109569,61.48827536554361,65.69573904327449,4.207463677730878,7.354808827206604,20.91309785730885,22.854588113609662,1.9414902563008134,7.442324270098688,48.87234357936886,50.612108004714685,1.7397644253458253,7.1990949060753024,27.959245722060007,27.757519891105023,-0.20172583095498453,6.567649923983464
hisei_h,COL,36,377.8932095361398,373.35593817842494,-4.5372713577148716,4.942628651623464,397.31216860734196,398.43122044573994,1.1190518383979793,5.994859823764347,418.0939932635935,425.2854711516431,7.191477888049576,7.067363430121277,456.60194037939834,451.8375431212371,-4.764397258161239,8.889282169260044,19.41895907120213,25.07528226731491,5.65632319611278,5.9753787001446375,40.20078372745368,51.9295329732181,11.72874924576442,6.639080627182412,78.70873084325854,78.48160494281217,-0.22712590044636727,9.323882159470767,20.78182465625155,26.85425070590319,6.072426049651639,6.827571400922299,59.28977177205642,53.406322675497265,-5.883449096559154,8.995357891904554,38.50794711580486,26.552071969594074,-11.955875146210786,7.931045076784471
hisei_h,CZE,36,444.35051927700545,441.7944614626408,-2.5560578143646353,4.616857543644435,483.9332341919081,472.2284786153217,-11.704755576586422,5.203968958872902,506.3402978987906,490.7243058965252,-15.615992002265386,5.128713335650203,538.8984478251826,513.412052884724,-25.486394940458695,5.737545728600096,39.58271491490267,30.434017152680884,-9.148697762221783,5.372274980999178,61.98977862178516,48.929844433884384,-13.05993418790078,5.62668375255974,94.54792854817723,71.61759142208314,-22.930337126094088,6.757580620060016,22.407063706882496,18.495827281203496,-3.911236425679,5.832551613876352,54.96521363327456,41.18357426940227,-13.781639363872287,7.0093686358170855,32.55814992639206,22.687746988198775,-9.870402938193287,6.511242890660187
hisei_h,DEU,36,449.3575935895974,435.3146434167949,-14.042950172802477,6.090539345950831,483.9630099246607,479.69941255709836,-4.26359736756234,6.4166122221802935,502.5738019606297,504.68802527727877,2.1142233166490882,8.293243465784798,541.257959039944,536.7852685843577,-4.472690455586303,5.895312394185879,34.60541633506332,44.38476914030346,9.779352805240144,6.784834941934911,53.21620837103224,69.37338186048385,16.15717348945161,8.073857239766983,91.90036545034663,101.47062516756284,9.570259717216217,7.813696007889818,18.61079203596891,24.988612720180374,6.377820684211464,8.376673972081134,57.294949115283316,57.08585602725939,-0.209093088023927,7.084464198762466,38.6841570793144,32.09724330707901,-6.586913772235391,8.507131258948926
hisei_h,DNK,36,459.2695278286219,438.2374265365779,-21.03210129204399,5.727977225325556,489.82747615613044,466.19653152327663,-23.63094463285381,5.420344131982427,506.24515831058517,485.8286214989902,-20.416536811594995,6.934056473556754,520.050946756933,497.53538716558853,-22.515559591344413,5.891337371262822,30.55794832750862,27.959104986698726,-2.5988433408098928,7.239715982040794,46.975630481963314,47.59119496241224,0.6155644804489242,7.6158839867387895,60.781418928311155,59.29796062901058,-1.4834582993005725,7.1931113808134235,16.417682154454695,19.632089975713512,3.214407821258817,8.146061384334493,30.223470600802536,31.33885564231186,1.1153850415093238,7.295700188330515,13.805788446347838,11.706765666598347,-2.0990227797494914,7.788093750113877
hisei_h,ESP,36,447.863763316911,427.84678811780077,-20.01697519911022,3.9510113918236276,470.6328611556575,451.451125391057,-19.18173576460049,3.5166527422310865,491.4741488315708,474.44878220933003,-17.025366622240767,3.627666098459778,512.31615622502,485.87378588756803,-26.442370337451962,3.4457073335808612,22.769097838746582,23.604337273256146,0.835239434509564,3.8053309767608954,43.61038551465982,46.60199409152931,2.9916085768694956,4.474283558435486,64.45239290810905,58.026997769767306,-6.425395138341742,4.639923224407722,20.841287675913236,22.997656818273168,2.1563691423599316,3.7479472281797164,41.68329506936247,34.42266049651117,-7.260634572851302,3.997009978579554,20.84200739344924,11.425003678238,-9.41700371521124,4.001542438777045
hisei_h,EST,36,480.9577568334845,467.16779930933865,-13.789957524145848,5.328300674911857,507.4589200630779,500.93683585066117,-6.5220842124167575,5.548664591429275,532.3987865387362,522.273001421612,-10.125785117124224,4.759069667322782,541.3499406642627,527.8130893542723,-13.536851309990425,5.2204000622838285,26.501163229593487,33.769036541322535,7.267873311729048,6.888861051287343,51.44102970525178,55.105202112273425,3.6641724070216455,6.122966523093741,60.39218383077819,60.64529004493365,0.25310621415546564,6.462345390380067,24.939866475658295,21.33616557095088,-3.6037009047074164,6.456544843913035,33.89102060118471,26.87625350361112,-7.014767097573586,5.899757741086497,8.95115412552641,5.540087932660242,-3.4110661928661674,5.836461167431022
hisei_h,FIN,36,461.9071618906743,449.86327368547154,-12.043888205202734,4.199746681846504,485.0283889239392,480.57014712872035,-4.458241795218839,4.712116637085682,512.338924746459,505.2538221965303,-7.085102549928763,4.37028088472835,533.4106548387548,515.7359886765255,-17.6746661622293,4.940299826638816,23.12122703326498,30.70687344324878,7.585646409983802,5.117278033510065,50.431762855784804,55.39054851105882,4.9587856552740135,5.175543495485543,71.50349294808058,65.87271499105395,-5.630777957026623,6.077342228897379,27.310535822519824,24.683675067810032,-2.626860754709792,5.184063409091466,48.382265914815605,35.165841547805165,-13.21642436701044,5.925243498429182,21.07173009229578,10.482166479995135,-10.589563612300646,5.929444601512389
hisei_h,FRA,36,439.30146033294824,432.28174775899186,-7.019712573956383,5.43008582264303,472.00708101962493,464.9096272990843,-7.097453720540614,6.752399510916183,496.15231905257724,484.02188856043415,-12.130430492143091,6.617042339229851,532.0439368848168,515.9702325909527,-16.073704293864125,5.585821730418086,32.7056206866768,32.627879540092486,-0.07774114658431586,7.239107756094532,56.85085871962902,51.740140801442216,-5.1107179181868005,7.490732419875372,92.74247655186875,83.68848483196086,-9.053991719907884,6.842353982323012,24.14523803295221,19.112261261349726,-5.032976771602485,7.377943381407991,60.036855865191924,51.06060529186837,-8.976250573323554,6.4555514995027306,35.89161783223972,31.948344030518644,-3.943273801721073,6.323352439603763
hisei_h,GBR,36,475.37403683628116,473.1647431969988,-2.2092936392823503,4.700673261603464,497.2749643084729,502.38031076576345,5.10534645729058,5.46934741310517,518.7581548979842,521.8867562646362,3.128601366651992,5.258885487777298,534.2590561767346,528.2011172520968,-6.057938924637824,6.093391889311178,21.900927472191768,29.21556756876466,7.314640096572891,6.855478669246826,43.384118061703084,48.72201306763748,5.337895005934392,6.022111642485977,58.885019340453574,55.03637405509794,-3.848645285355637,7.115990182807307,21.483190589511317,19.506445498872818,-1.9767450906384987,6.135140241810979,36.9840918682618,25.820806486333282,-11.163285381928517,6.833516583595539,15.500901278750485,6.314360987460463,-9.186540291290022,6.530017642767381
hisei_h,GRC,36,412.29232990912914,393.1670500606557,-19.12527984847344,5.69533444010007,427.9198993544006,426.1696640429253,-1.7502353114753078,6.4507598450520645,456.9292704774416,451.0522149717518,-5.877055505689782,5.046985259084035,483.2765259487236,467.72400064398255,-15.552525304741039,5.342666336479916,15.627569445271423,33.00261398226964,17.375044536998214,6.411346593377465,44.63694056831237,57.88516491109608,13.248224342783715,6.09268763508649,70.98419603959448,74.55695058332678,3.5727545437323016,6.874820727164602,29.00937112304095,24.882550928826454,-4.1268201942144955,6.450193906711498,55.356626594323075,41.55433660105715,-13.802289993265923,6.466749682998285,26.347255471282125,16.671785672230698,-9.675469799051427,5.507414812917261
hisei_h,HUN,36,412.6867884036366,414.19550013876943,1.508711735132806,5.8142110082994005,468.58213052756236,452.80276124649333,-15.779369281069023,5.159506388597347,496.40363193896076,473.90151072458065,-22.50212121438011,6.403445435043581,535.1045100660992,500.91207343029555,-34.19243663580369,5.875608855316322,55.89534212392571,38.60726110772401,-17.2880810162017,6.201311879109112,83.7168435353241,59.706010585811235,-24.010832949512867,7.626092272478947,122.4177216624626,86.71657329152613,-35.701148370936465,8.425543414400153,27.821501411398394,21.09874947808723,-6.722751933311166,6.514007097637951,66.5223795385369,48.109312183802125,-18.41306735473477,7.158191363093271,38.70087812713849,27.010562705714896,-11.690315421423591,6.901427777123646
hisei_h,IRL,36,486.97242531847985,471.8358801405326,-15.136545177947255,4.16660253039778,514.4348597573073,502.942903024528,-11.491956732779329,5.053899440904598,531.7099492115982,522.3487064114136,-9.361242800184641,4.993359283912415,540.9483952569684,529.6556707142894,-11.292724542679025,4.38352778413474,27.462434438827444,31.107022883995626,3.644588445168182,5.661487651360698,44.73752389311823,50.51282627088114,5.775302377762912,5.673460845805516,53.97596993848856,57.81979057375688,3.8438206352683224,5.010231826991975,17.275089454290786,19.405803386885516,2.1307139325947304,6.661322694409888,26.51353549966111,26.71276768976126,0.19923219010015103,5.3625890274120085,9.238446045370324,7.3069643028757465,-1.9314817424945776,5.429283528582969
hisei_h,ISL,36,409.92478168500054,411.04960482416925,1.1248231391687114,5.548683977841137,443.95708206825583,434.56970922249593,-9.387372845759899,6.02780353511932,452.1861705879957,455.8368512300061,3.6506806420104,6.111981457046186,473.3125739579882,468.1020882587121,-5.2104856992760915,5.4213520176321595,34.03230038325539,23.520104398326698,-10.512195984928692,7.89590188827371,42.261388902995215,44.78724640583697,2.5258575028417525,7.902042900617133,63.387792272987625,57.052483434542935,-6.335308838444689,8.111915643764833,8.229088519739822,21.267142007510273,13.038053487770451,8.993634613656397,29.355491889732242,33.53237903621623,4.176887146483985,7.685308920054664,21.12640336999242,12.265237028705958,-8.861166341286463,7.747651593133885
hisei_h,ISR,36,428.11715661899206,427.4615149971767,-0.6556416218153345,6.838572436294215,485.37283894051205,460.9400997055157,-24.432739234996347,6.288898413350274,513.5381658643302,487.37441349056974,-26.163752373760417,6.747914201559011,523.9830062881889,494.33820040887923,-29.644805879309672,6.779665124677355,57.25568232152004,33.47858470833904,-23.777097613181,7.6898321180475,85.42100924533807,59.91289849339296,-25.50811075194511,8.467477922627317,95.86584966919682,66.87668541170258,-28.989164257494238,8.47626045795058,28.165326923818036,26.434313785053927,-1.7310131387641086,8.013167464659526,38.61016734767678,33.39810070336354,-5.212066644313239,7.234762634807815,10.444840423858745,6.963786918309614,-3.4810535055491307,7.000871758007518
hisei_h,ITA,36,452.0259464506644,449.5903231740441,-2.4356232766202766,4.944897444646273,474.8718311371273,471.0080604528228,-3.863770684304484,5.079770587732509,497.87572671172177,496.2181641402218,-1.657562571499966,5.656511600491409,516.169389369658,514.2051441009645,-1.964245268693503,5.593253373164371,22.845884686462835,21.417737278778723,-1.4281474076841114,6.12299998008001,45.849780261057404,46.62784096617766,0.7780607051202537,6.217437829990321,64.14344291899356,64.6148209269203,0.4713780079267451,6.886980213386678,23.003895574594573,25.21010368739893,2.206208112804358,6.185768952835537,41.29755823253073,43.19708364814158,1.8995254156108459,6.407347179678175,18.29366265793616,17.98697996074265,-0.3066826971935086,6.0322330741785235
hisei_h,JPN,36,493.2610444322968,482.05111142051544,-11.209933011781345,7.043589860659775,526.0517187288655,515.4485685742047,-10.603150154660739,6.158617550224868,519.7875441166923,508.382226629181,-11.405317487511297,6.072060709292128,541.627654757855,536.1912990848957,-5.43635567295928,7.630804064498595,32.79067429656867,33.39745715368924,0.6067828571205709,7.279998173576606,26.52649968439551,26.331115208665487,-0.19538447573002315,7.791000425563433,48.36661032555816,54.14018766438009,5.77357733882193,9.019495724088237,-6.264174612173155,-7.066341945023749,-0.8021673328505932,7.352861381468847,15.575936028989497,20.742730510690865,5.166794481701368,7.06990627112606,21.840110641162653,27.809072455714613,5.96896181455196,8.294439766406098
hisei_h,KOR,36,498.11748391987464,479.33059743447654,-18.7868864853981,6.707899559330851,513.9747486133697,510.5053119825253,-3.4694366308443705,6.187742231995575,521.6683859795837,518.4917638140064,-3.176622165577328,6.642812116965168,542.5224233731853,536.6236135098513,-5.898809863334009,5.9353770862919735,15.857264693495045,31.174714548048836,15.317449854553791,7.338946977671922,23.550902059709124,39.161166379529945,15.610264319820821,6.501896651845145,44.40493945331062,57.293016075374695,12.888076622064077,7.577453975266826,7.693637366214079,7.986451831481105,0.2928144652670257,6.970610455091727,28.54767475981557,26.118301527325848,-2.4293732324897235,6.529343121049878,20.854037393601494,18.131849695844743,-2.722187697756752,7.01390859720121
hisei_h,LTU,36,445.11049695136234,442.62269753048565,-2.4877994208766836,5.906450854303983,471.5752703665609,484.19012173883357,12.614851372272653,5.279187428208196,495.59564884290756,495.8071519422377,0.21150309933011613,5.322036276235268,512.6592319945408,507.2218356779622,-5.437396316578656,6.119393968206987,26.464773415198653,41.567424208347894,15.102650793149241,6.748268462772399,50.485151891545215,53.18445441175197,2.699302520206757,7.5731949896501005,67.54873504317847,64.59913814747651,-2.9495968957019585,7.496994002155755,24.020378476346565,11.617030203404074,-12.403348272942491,6.593236560308403,41.08396162797981,23.031713939128633,-18.05224768885118,6.9962781698093215,17.063583151633246,11.41468373572456,-5.648899415908685,7.127838243474606
hisei_h,LVA,36,446.64965803034295,416.14171838181045,-30.5079396485325,4.9622673528554415,470.481114867267,451.4922689608601,-18.988845906406937,5.5207019245229425,497.2461349709673,467.08393583672387,-30.16219913424345,4.887556177023509,510.56795992705247,457.66768158194674,-52.90027834510573,4.538357114648328,23.831456836924097,35.35055057904957,11.51909374212547,6.054504525005143,50.596476940624356,50.942217454913376,0.34574051428901953,6.035749813694419,63.91830189670945,41.525963200136204,-22.392338696573248,6.27383910863396,26.765020103700255,15.591666875863808,-11.173353227836447,6.569324258877433,40.08684505978536,6.175412621086633,-33.911432438698725,6.436842383284185,13.321824956085106,-9.416254254777176,-22.73807921086228,5.7619571253726605
hisei_h,MEX,36,387.79045389517023,383.56822802340673,-4.222225871763499,4.622337855862546,405.38287536019203,403.97781405700584,-1.4050613031861872,4.452956143711951,429.2479579630237,425.99017520658253,-3.257782756441145,5.691694165228853,447.08425608632905,441.31031068532155,-5.773945401007495,5.925805483760582,17.592421465021754,20.409586033599073,2.8171645685773186,5.100507190305117,41.45750406785343,42.42194718317573,0.9644431153223039,5.609537674628713,59.29380219115884,57.74208266191488,-1.551719529243961,6.447368131240523,23.86508260283167,22.012361149576655,-1.8527214532550147,5.777882433644328,41.70138072613709,37.33249662831581,-4.3688840978212795,6.0869673929456845,17.83629812330542,15.32013547873915,-2.5161626445662684,5.854278765072627
hisei_h,NLD,36,420.41257238734613,411.6978441655351,-8.714728221811015,7.658782218704485,465.4928243692158,447.1357933765686,-18.357030992647196,6.2535004490212724,492.9296737113779,475.0242045026096,-17.905469208768295,6.896767024105527,510.4830767143368,494.41308419886064,-16.069992515476144,6.010618832106773,45.080251981869644,35.437949211033455,-9.642302770836189,7.552077446470761,72.51710132403176,63.32636033707456,-9.190740986957195,8.500539502273316,90.07050432699059,82.71524003332551,-7.355264293665073,8.722421749535481,27.436849342162116,27.888411126041113,0.45156178387899715,7.767489709355597,44.990252345120936,47.27729082229206,2.287038477171123,7.506664673418949,17.553403002958824,19.388879696250946,1.8354766932921223,6.8141800577514715
hisei_h,NOR,36,445.9199572388764,425.5608092208164,-20.35914801806001,5.770372641352966,481.7726585531269,463.2159342355852,-18.556724317541693,4.816272951930314,502.7347131580694,476.37549759524137,-26.359215562828012,5.629895014826383,511.5405041269454,502.5159061423221,-9.024597984623313,5.985492372737322,35.8527013142505,37.65512501476879,1.8024237005182897,6.820567065557559,56.814755919193,50.814688374424875,-6.000067544768122,7.162339001973242,65.62054688806901,76.95509692150571,11.334550033436699,7.397996854979496,20.9620546049425,13.15956335965608,-7.802491245286422,6.421416913380746,29.767845573818512,39.29997190673693,9.532126332918416,7.096689416360629,8.80579096887601,26.140408547080852,17.334617578204842,7.251305431151473
hisei_h,NZL,36,466.8770701695504,476.54872726865295,9.67165709910256,5.462141726070436,506.0141779010279,509.1519870739724,3.1378091729445146,6.273663251918789,529.387837789554,533.7408721165208,4.3530343269667355,6.176752118851347,540.6266322042695,539.408627155427,-1.2180050488425422,5.6722151088655455,39.13710773147752,32.60325980531944,-6.5338479261580815,7.787584210510629,62.510767620003584,57.19214484786771,-5.318622772135875,7.586032798250055,73.74956203471925,62.85989988677392,-10.88966214794533,7.606355407406942,23.37365988852606,24.58888504254828,1.215225154022221,8.78162538019766,34.61245430324171,30.256640081454485,-4.355814221787227,7.613394654910973,11.238794414715652,5.667755038906205,-5.571039375809447,8.483078511673407
hisei_h,POL,36,458.4672743267262,459.845329093233,1.3780547665067502,5.596017376877097,480.5206775397052,481.4054041371066,0.884726597401368,5.313189890315171,513.7641210632289,519.2327571885056,5.468636125276703,6.2933956997265454,534.0439192447684,528.9300149822905,-5.113904262477945,5.384452605340627,22.053403212979088,21.56007504387356,-0.4933281691055278,6.23179959035703,55.29684673650263,59.387428095272526,4.090581358769896,7.611680064134448,75.57664491804219,69.08468588905745,-6.491959028984738,7.403479759995358,33.24344352352354,37.827353051398966,4.583909527875427,6.651102758770594,53.52324170506311,47.52461084518389,-5.998630859879221,6.824736756188534,20.279798181539565,9.697257793784923,-10.582540387754642,6.251697904975107
hisei_h,PRT,36,445.09682669356897,434.8320255925443,-10.26480110102466,5.886108026155666,464.94621416757735,460.39413065881456,-4.5520835087627916,6.5175535619556175,496.2870298854371,482.22138200318625,-14.065647882250857,4.856541386397041,519.4595402669446,511.0683463674826,-8.391193899461996,6.386655615970309,19.849387474008296,25.562105066270135,5.712717592261839,6.110501488782878,51.19020319186811,47.38935641064183,-3.8008467812262765,6.514066892219941,74.36271357337566,76.23632077493826,1.8736072015626064,7.188002937631633,31.34081571785981,21.827251344371696,-9.513564373488116,7.036791487688904,54.51332609936735,50.67421570866812,-3.8391103906992257,6.645858281281535,23.172510381507543,28.84696436429643,5.6744539827888865,7.470965597949329
hisei_h,SVK,36,395.1332002858943,409.64150930520844,14.50830901931414,7.342720028299693,447.41639952269196,446.68941655090055,-0.7269829717914149,5.735572804178397,470.5932651109579,476.29535391303926,5.702088802081391,5.709825926801321,503.64121350057013,505.0461222444741,1.4049087439039454,5.6708624781556995,52.28319923679769,37.04790724569209,-15.235291991105605,7.788277128297312,75.46006482506357,66.65384460783079,-8.806220217232777,8.049022390642177,108.50801321467574,95.40461293926572,-13.103400275410024,8.757176830389302,23.176865588265876,29.605937362138707,6.429071773872831,6.845595455316028,56.22481397787806,58.35670569357362,2.1318917156955663,7.382935804980778,33.04794838961219,28.75076833143491,-4.297180058177279,6.815770271674477
hisei_h,SVN,36,429.70000779228405,419.01468109137966,-10.685326700904398,4.875325467941424,465.19732500685694,448.5138492790118,-16.68347572784512,4.964362654448907,492.2415373997422,474.16011837650774,-18.081419023234446,5.077663551419549,503.3531290741104,495.65105007837127,-7.702078995739157,5.08722508053023,35.49731721457287,29.499168187632137,-5.99814902694073,6.8071306648252365,62.541529607458116,55.1454372851281,-7.39609232233002,6.987966931545193,73.65312128182629,76.63636898699158,2.9832477051652972,7.131670009111647,27.04421239288525,25.646269097495956,-1.3979432953892932,7.084781151725352,38.15580406725343,47.13720079935945,8.98139673210602,7.147132043102206,11.11159167436818,21.49093170186349,10.379340027495312,7.092291483125989
hisei_h,SWE,36,449.54835698160844,430.67046800243986,-18.877888979168574,5.614705867664877,490.42788463345425,477.6700934966249,-12.757791136829383,5.106312336861893,519.6901220127501,500.0647364342455,-19.625385578504563,6.918112399735764,526.5929790857784,517.5964726916237,-8.996506394154721,5.9963996541088145,40.8795276518458,46.999625494184976,6.120097842339177,6.688415570151599,70.14176503114177,69.39426843180561,-0.7474965993361593,7.361876505222976,77.04462210417007,86.9260046891838,9.881382585013725,7.275441960262026,29.26223737929596,22.394642937620638,-6.8675944416753225,8.025781841450952,36.16509445232426,39.92637919499883,3.761284742674569,6.8699116651687575,6.902857073028303,17.531736257378192,10.628879184349888,7.800657141955697
hisei_h,TUR,36,428.4551674136589,452.3410652522307,23.885897838571793,4.2271341563567235,444.9264808494874,462.97253602194115,18.046055172453748,4.398759313700476,462.0232946260829,482.27050646954956,20.247211843466687,4.525936157759467,493.40964343449343,518.010030152702,24.600386718208597,4.397338275678094,16.471313435828563,10.631470769710427,-5.839842666118136,4.676531045801213,33.56812721242402,29.929441217318903,-3.6386859951051136,5.0138795158872815,64.95447602083459,65.66896490047141,0.7144888796368178,5.378307048498935,17.096813776595457,19.297970447608474,2.201156671013017,5.0788468891969565,48.48316258500604,55.037494130760976,6.554331545754934,5.455310128022725,31.38634880841058,35.7395236831525,4.353174874741917,5.47288426501183
hisei_h,USA,36,469.7273239945208,453.9029939716397,-15.8243300228811,9.055631275614735,501.4913324866458,484.0701333172468,-17.42119916939896,9.019786561776641,516.5073860551861,516.4515070622311,-0.055878992954944806,21.507887869645412,554.0873570678398,554.2786873718685,0.19133030402872464,10.922819484226464,31.76400849212495,30.1671393456072,-1.5968691465177507,11.375677944095811,46.78006206066527,62.548513090591385,15.768451029926112,22.032701908228606,84.3600330733191,100.37569340022878,16.015660326909682,13.389545972854098,15.01605356854032,32.381373744984174,17.365320176443852,20.175260396598905,52.596024581194136,70.20855405462157,17.612529473427436,13.255427952303918,37.579971012653814,37.8271803096374,0.24720929698358418,20.27950505351174
hisei_h,OECD,36,444.42349386803124,437.2801291576952,-7.143364710336016,1.4422401195358936,475.5230082112609,468.5366504530821,-6.986357758178826,1.4483116786673897,497.87375195255106,489.71238690325544,-8.161365049295625,1.5613701240436415,519.6504690531258,508.1974589357918,-11.453010117333974,1.451082111911578,31.0995143432296,31.256521295386836,0.1570069521572357,1.1425637822263857,53.45025808451974,52.43225774556015,-1.0180003389595882,1.193899403609939,75.22697518509449,70.91732977809656,-4.30964540699793,1.2596049862287337,22.350743741290138,21.17573645017332,-1.1750072911168168,1.1428258417793606,44.1274608418649,39.660808482709726,-4.4666523591551766,1.1741939259064014,21.776717100574764,18.4850720325364,-3.2916450680383633,1.208732614728512
pared_h,AUS,36,467.4950519267794,461.8971782297378,-5.597873697041621,3.7988589628602933,498.61483831816497,497.74160624587455,-0.8732320722904205,4.76693292225473,518.3498458504573,519.9068409675191,1.5569951170617742,3.9529438842036524,517.688329564913,514.2201317156239,-3.4681978492891403,4.456729868457606,31.119786391385524,35.844428016136746,4.7246416247512215,5.353104725993297,50.85479392367779,58.00966273778124,7.154868814103452,5.203899356699538,50.193277638133665,52.322953485885975,2.12967584775231,5.127892291651057,19.735007532292265,22.16523472164449,2.4302271893522267,5.033803992865528,19.07349124674814,16.47852546974923,-2.5949657769989116,4.847752121939956,-0.6615162855441212,-5.686709251895263,-5.025192966351142,4.803082280672272
pared_h,AUT,36,452.308676947626,450.5265692908837,-1.782107656742312,5.5755487952989755,477.35365713008304,468.44501406187646,-8.908643068206572,4.904766159819434,494.8428495924983,479.8687416272246,-14.974107965273674,4.910710032839469,514.3353382557935,503.70681363180313,-10.628524623990415,5.595257749688047,25.044980182457067,17.918444770992714,-7.126535411464353,6.12166680646426,42.534172644872335,29.342172336340877,-13.192000308531458,6.107039272318934,62.02666130816765,53.180244340919465,-8.846416967248182,6.563176884039485,17.489192462415268,11.423727565348162,-6.0654648970671055,5.732957930126024,36.98168112571058,35.26179956992676,-1.7198815557838216,6.325689322108156,19.492488663295312,23.838072004578596,4.345583341283284,5.831865226265512
pared_h,BEL,36,448.20441564415535,447.6311370544328,-0.5732785897225199,5.714228962763933,487.9845338020897,480.1818736782349,-7.802660123854764,5.633880437268076,496.35189154043576,501.7351933816347,5.383301841198943,5.0905700031601695,500.8811345554994,501.9133987600725,1.0322642045730959,5.73596680046548,39.78011815793438,32.550736623802194,-7.229381534132187,7.198320946212203,48.14747589628037,54.1040563272018,5.956580430921434,6.600408795844612,52.676718911344025,54.28226170563962,1.6055427942955944,6.714369360870549,8.367357738345982,21.55331970339961,13.185961965053627,6.360038169602508,12.896600753409638,21.731525081837425,8.834924328427787,5.965530890840361,4.529243015063656,0.17820537843781495,-4.351037636625842,6.3312732867109345
pared_h,CAN,36,484.7156910010789,471.0224817512991,-13.693209249779784,4.026202781864731,512.8032395804763,499.580777036985,-13.222462543491304,3.886222772775024,522.136329779178,514.6477451865358,-7.488584592642269,4.084737628787146,520.0591466841151,517.7632643385249,-2.2958823455902575,3.970276917130097,28.087548579397435,28.55829528568605,0.47074670628861526,4.753322078850908,37.420638778099075,43.62526343523668,6.204624657137607,5.211980093598514,35.34345568303626,46.740782587225794,11.397326904189534,4.804382554882093,9.333090198701637,15.066968149550632,5.733877950848996,4.234104934744854,7.255907103638828,18.182487301539744,10.926580197900917,4.464232256627323,-2.07718309506281,3.1155191519891106,5.192702247051921,4.084595344527092
pared_h,CHE,36,454.7372905427628,449.79790932434014,-4.939381218422682,5.311915165479386,483.67533112472967,475.2101576651139,-8.465173459615755,5.563956301581726,506.59882323899456,499.90018769488677,-6.698635544107788,5.689730138549206,506.68089911409317,506.6237155244,-0.0571835896931816,4.97096998017363,28.938040581966856,25.412248340773818,-3.525792241193038,6.339898112877262,51.86153269623171,50.10227837054662,-1.7592543256850917,6.408085601404977,51.943608571330266,56.82580620005979,4.8821976287295215,6.321449266269155,22.92349211426485,24.690030029772807,1.766537915507957,6.1761502776208035,23.005567989363414,31.413557859285966,8.407989869922552,6.1547469306714415,0.08207587509856466,6.723527829513159,6.6414519544145945,5.802400166548417
pared_h,CHL,36,423.58770228829087,414.3054648476221,-9.28223744066878,6.05050888844885,452.1158280378394,431.24260447164187,-20.87322356619751,5.5685522771673055,464.94040300723157,457.7021775672154,-7.238225440016151,5.3910240149061215,462.1734872459795,466.05577939267505,3.8822921466955336,5.427003522488321,28.528125749548487,16.937139624019874,-11.590986125528612,6.360413217358423,41.352700718940724,43.39671271959329,2.0440120006525646,7.121459581393087,38.58578495768867,51.750314545053016,13.164529587364349,6.972820585854877,12.82457496939224,26.459573095573415,13.634998126181175,6.599289447038337,10.057659208140183,34.81317492103314,24.755515712892954,6.601102292700491,-2.7669157612520565,8.35360182545972,11.120517586711776,5.529860034450601
pared_h,COL,36,380.3323264588553,370.2221014447895,-10.110225014065804,5.174077273397265,395.3991259961008,400.4717362272684,5.07261023116763,5.547106698810362,430.3023467843617,423.5452746871914,-6.757072097170294,7.520008808798073,435.4576578694463,434.2471469340644,-1.2105109353818762,7.9590218736302125,15.06679953724552,30.249634782478893,15.182835245233372,5.820781846139591,49.97002032550649,53.323173242401914,3.353152916895425,7.503868736628443,55.12533141059099,64.02504548927486,8.899714078683871,8.15497404551866,34.90322078826097,23.07353845992302,-11.829682328337945,6.619893356374442,40.05853187334547,33.77541070679597,-6.283121166549506,7.463460522630526,5.155311085084503,10.701872246872949,5.546561161788445,6.541500580495232
pared_h,CZE,36,465.96880669340743,447.60057341288575,-18.36823328052168,5.014773123827358,471.67455022429283,459.02613613802043,-12.648414086272396,4.628806657551471,497.0684549162884,486.06730918782733,-11.00114572846104,5.41608137252809,525.7887823475836,499.9718040264239,-25.816978321159695,5.066455144251882,5.705743530885405,11.425562725134586,5.719819194249181,5.012184316511563,31.099648222880887,38.46673577494151,7.3670875520606245,5.717436964208235,59.8199756541761,52.37123061353809,-7.448745040638009,6.181550255748988,25.39390469199548,27.04117304980693,1.6472683578114484,6.183145366104636,54.114232123290684,40.945667888403506,-13.168564234887178,5.847833188883955,28.720327431295203,13.904494838596577,-14.815832592698627,5.899841561485231
pared_h,DEU,36,458.98566866586043,435.4319545263601,-23.553714139500357,5.854259586750168,484.04438082924696,486.1980116924069,2.153630863159947,6.285224959475875,508.9289414616104,498.752613034275,-10.17632842733542,6.661318046868815,503.95742113503474,517.1535202477867,13.196099112751938,7.446904545058154,25.05871216338661,50.76605716604684,25.707345002660233,6.789281298935042,49.943272795750104,63.32065850791486,13.377385712164752,7.021696858910184,44.97175246917433,81.72156572142667,36.749813252252345,7.754685070420896,24.884560632363495,12.554601341868011,-12.329959290495484,7.1008315585791095,19.913040305787717,30.955508555379822,11.042468249592105,7.7707503220224545,-4.97152032657578,18.40090721351181,23.372427540087592,7.508031528587207
pared_h,DNK,36,469.6621896165947,438.89717052007774,-30.765019096516937,5.134010333430412,499.2351177348117,468.7893189330548,-30.445798801756894,6.379436926864549,496.12846085999325,484.83374577782104,-11.294715082172218,5.513614664542983,501.2874556820695,482.84067178792003,-18.446783894149462,6.1783380090113695,29.57292811821693,29.89214841297718,0.3192202947602496,7.268856416259839,26.46627124339853,45.93657525774335,19.47030401434482,7.06308082251843,31.625266065474715,43.94350126784228,12.318235202367564,7.356610663649975,-3.106656874818401,16.04442684476617,19.151083719584573,7.570641530842685,2.0523379472577856,14.051352854865105,11.999014907607318,7.308824408805986,5.1589948220761865,-1.993073989901069,-7.152068811977255,7.250689746648555
pared_h,ESP,36,447.860273979617,427.3717911409679,-20.488482838649077,4.122365005030258,482.9361291149541,456.19579901624104,-26.74033009871306,3.635921733080808,488.3872181537248,472.566916735169,-15.8203014185558,3.6135868743475466,486.7716583494909,473.0512387085414,-13.720419640949501,3.3745409440781184,35.075855135337,28.82400787527312,-6.2518472600638795,4.376472847680484,40.52694417410769,45.19512559420109,4.668181420093397,4.479812851229163,38.911384369873886,45.67944756757348,6.768063197699597,4.3519900508599685,5.451089038770687,16.371117718927962,10.920028680157277,4.028998226142644,3.8355292345368865,16.855439692300358,13.019910457763471,3.9199091947136164,-1.6155598042338,0.484321973372397,2.099881777606197,3.8718095618355544
pared_h,EST,36,490.595700057596,466.5898680882331,-24.005831969362873,4.950039830874125,499.60079663905105,497.35222111600734,-2.248575523043712,5.844627842161587,527.4708980130047,522.3603638550064,-5.110534157998245,5.110722391538716,530.6729494933033,522.0209014720181,-8.652048021285282,5.170783481541063,9.005096581455053,30.76235302777416,21.757256446319108,6.810658848998138,36.875197955408716,55.77049576677327,18.895297811364557,5.736748089287156,40.07724943570738,55.431033383784964,15.353783948077584,6.316703281657111,27.870101373953663,25.008142738999105,-2.861958634954558,6.6689961277687875,31.07215285425233,24.668680356010803,-6.403472498241527,6.335128914099497,3.2020514802986666,-0.33946238298830167,-3.5415138632869683,5.894293208823789
pared_h,FIN,36,463.75370678370865,446.1933940749448,-17.56031270876383,4.696385985238993,502.2391190823047,479.72386956776944,-22.515249514535242,5.370767470608202,504.50432050465895,502.9635505131222,-1.540769991536763,4.331905497795526,503.3918141921778,500.34797275807944,-3.04384143409834,4.550640308572296,38.48541229859606,33.53047549282462,-4.954936805771439,6.52822795997727,40.75061372095033,56.77015643817744,16.01954271722711,5.685824190927518,39.63810740846911,54.15457868313456,14.516471274665449,5.737341365367083,2.2652014223542665,23.239680945352813,20.974479522998546,5.735270919508705,1.1526951098730478,20.62410319030993,19.471408080436884,5.64782045706132,-1.1125063124812187,-2.6155777550428807,-1.503071442561662,5.696138692951357
pared_h,FRA,36,444.5631575015644,433.60342336363993,-10.959734137924443,5.6217358887858495,476.01159411393746,456.1391101862194,-19.872483927718065,5.763592441122944,495.4214261718207,489.0288227055511,-6.392603466269634,6.323199244113117,492.7861768949292,494.78614434000445,1.9999674450752423,6.243643979978029,31.448436612373133,22.535686822579436,-8.912749789793697,6.602959853842111,50.85826867025627,55.4253993419112,4.56713067165493,6.9034333161841,48.223019393364815,61.18272097636459,12.959701582999777,6.377586514947842,19.409832057883143,32.88971251933177,13.47988046144863,6.720911289988096,16.774582780991683,38.64703415378516,21.872451372793474,6.481858814372361,-2.63524927689146,5.7573216344533815,8.39257091134484,5.732013486693214
pared_h,GBR,36,485.43723844526187,482.19011477250626,-3.247123672755606,5.123677553336704,499.72628347427565,495.7617318373962,-3.9645516368794347,4.990707193530532,513.7642847143984,523.8567857006119,10.092500986213508,5.943560206256686,512.7110562354239,524.1804916004251,11.469435365001118,5.64418769260446,14.28904502901371,13.571617064889978,-0.7174279641237327,6.2200253384122615,28.327046269136495,41.6666709281056,13.339624658969107,7.060408572141779,27.273817790162134,41.990376827918865,14.716559037756731,7.032492396469255,14.038001240122787,28.09505386321563,14.057052623092842,6.702008512539902,12.984772761148424,28.41875976302889,15.433987001880467,6.914809980417413,-1.0532284789743642,0.3237058998132625,1.3769343787876267,6.42620998307847
pared_h,GRC,36,412.4774060250169,400.92268632706526,-11.554719697951612,6.226414922903798,435.2720260446102,414.10314213807015,-21.16888390654003,6.073130805912516,458.9096042170685,449.9219260153744,-8.987678201694052,5.713379649688263,451.1761282333558,450.6806846541871,-0.49544357916875015,5.1371382147749145,22.79462001959332,13.1804558110048,-9.614164208588521,6.788960467623191,46.43219819205158,48.99923968830907,2.567041496257488,7.183943556979201,38.69872220833898,49.757998327121726,11.059276118782748,7.215244514472011,23.637578172458255,35.81878387730427,12.181205704846015,5.867153152079323,15.904102188745657,36.57754251611693,20.67344032737127,5.762457247702792,-7.7334759837126,0.7587586388126567,8.492234622525256,5.651423539238795
pared_h,HUN,36,440.5160657768409,425.6932771006183,-14.822788676222615,5.399030592758634,472.9767976360592,445.2749791984761,-27.701818437583086,5.817828977376741,491.48982661403977,478.35018059675565,-13.139646017284122,6.066674634195124,489.3034498070664,479.79730092365907,-9.50614888340732,5.23293860364342,32.46073185921834,19.581702097857868,-12.879029761360474,6.024958778955609,50.97376083719891,52.656903496137375,1.6831426589384648,7.520310399676792,48.787384030225525,54.104023823040755,5.316639792815231,7.024714239747385,18.513028977980564,33.0752013982795,14.562172420298939,7.2500084921512995,16.32665217100718,34.522321725182884,18.195669554175705,6.253520435096941,-2.186376806973385,1.4471203269033766,3.6334971338767614,6.389804444875094
pared_h,IRL,36,493.75505973686234,472.5826232204181,-21.172436516444236,5.025380542435419,519.1941656056547,512.3722368666142,-6.821928739040459,4.607029547352115,529.8819110606435,520.5812819162668,-9.300629144376671,4.547150096594691,525.66789222998,520.6689266301366,-4.998965599843359,4.111439568730845,25.43910586879241,39.789613646196074,14.350507777403664,5.527457727948755,36.126851323781146,47.998658695848654,11.871807372067508,6.064910240344464,31.91283249311764,48.08630340971844,16.1734709166008,5.2896139321767,10.687745454988738,8.209045049652582,-2.4787004053361557,5.3649726550835295,6.473726624325229,8.296689763522362,1.8229631391971335,5.132568733833463,-4.214018830663508,0.0876447138697813,4.301663544533289,5.135171852021272
pared_h,ISL,36,409.4953983528637,406.9551984495363,-2.540199903327391,5.418811221072282,441.73801699979686,435.3866724007613,-6.351344599035542,6.128246571600714,446.0022163439867,455.3536618234386,9.351445479451911,6.068764096168372,454.1376289739367,455.6913572835301,1.5537283095933958,5.106364794635494,32.242618646933224,28.43147395122498,-3.8111446957082435,8.28187197672999,36.50681799112308,48.39846337390235,11.891645382779274,8.457121429294485,44.64223062107308,48.73615883399379,4.093928212920709,7.216230500199502,4.264199344189853,19.966989422677376,15.702790078487523,8.558014760379494,12.399611974139855,20.30468488276881,7.905072908628956,7.6894838548759035,8.135412629950002,0.337695460091436,-7.797717169858566,7.910769555338713
pared_h,ISR,36,436.03193924525795,424.95160347317096,-11.080335772086983,6.816736885085934,481.98214433097985,458.7377556692819,-23.24438866169794,7.74824866620775,496.3110171942129,477.10461185118413,-19.20640534302879,6.436527259101127,494.7120664033476,473.81196183464954,-20.900104568698055,6.342451666022608,45.950205085721805,33.78615219611091,-12.164052889610893,9.336978308469037,60.27907794895501,52.15300837801321,-8.126069570941802,7.739556808989806,58.68012715808968,48.86035836147856,-9.819768796611122,7.353921774055432,14.32887286323321,18.366856181902307,4.037983318669097,7.904147966855364,12.729922072367884,15.07420616536765,2.344284092999766,7.517758444260502,-1.598950790865325,-3.292650016534657,-1.6936992256693317,6.583346945854017
pared_h,ITA,36,460.538952904685,450.65798626571876,-9.880966638966242,4.948646303769882,483.95482131257495,471.06562946110114,-12.88919185147381,4.863451333986185,489.9045654398322,491.4863917901983,1.5818263503661,5.878382956686144,495.95355028067127,501.8550119555822,5.901461674910934,5.592501635961879,23.415868407889924,20.407643195382413,-3.0082252125075115,5.670019034893016,29.365612535147108,40.82840552447945,11.462792989332343,6.674227983783305,35.41459737598616,51.19702568986341,15.782428313877247,6.663818321865726,5.949744127257185,20.420762329097037,14.471018201839852,6.305136165215184,11.998728968096236,30.789382494480996,18.79065352638476,5.853417477200721,6.048984840839052,10.368620165383959,4.319635324544907,6.085099887006855
pared_h,JPN,36,486.08573350353555,470.19498487892025,-15.890748624615298,6.949531653954373,513.9235029772675,501.95834719912665,-11.965155778140854,6.228289945407628,535.2424993017161,531.2377296438495,-4.004769657866518,7.392965101668,532.040279114231,525.1050785064278,-6.935200607803154,5.670800980420856,27.837769473731942,31.76336232020638,3.925592846474437,7.141661288776492,49.15676579818054,61.04274476492928,11.885978966748745,8.517971542084215,45.95454561069538,54.91009362750761,8.95554801681223,7.5356447580666295,21.318996324448598,29.279382444722906,7.960386120274308,6.79097793076854,18.116776136963438,23.146731307301224,5.029955170337786,6.507812415422393,-3.202220187485159,-6.13265113742168,-2.9304309499365213,6.88728745467543
pared_h,KOR,36,493.32390821355983,468.2956972087683,-25.028211004791558,7.005347113842142,499.4517745757621,514.91215052488,15.46037594911786,7.315938017199488,535.5862578430942,516.860904487522,-18.725353355572224,6.566830930531459,536.2335079811219,520.2373255029405,-15.996182478181368,5.566315758106283,6.127866362202321,46.61645331611162,40.4885869539093,8.259953608770896,42.26234962953442,48.565207278753675,6.302857649219256,7.573671320411338,42.90959976756213,51.94162829417221,9.032028526610084,6.671027138630355,36.1344832673321,1.9487539626420585,-34.18572930469004,7.283769586284449,36.78173340535981,5.325174978060602,-31.456558427299207,7.394017455767579,0.6472501380277095,3.3764210154185434,2.729170877390834,6.463203619633817
pared_h,LTU,36,445.2147596988499,444.3593057183945,-0.8554539804553656,4.788449488311479,470.4566884320249,475.16313756636885,4.706449134343927,4.586237340164405,492.0002218923617,484.32691531549864,-7.6733065768630695,4.7662953404557085,486.9548114016683,486.36366333282194,-0.5911480688463371,4.758796244771406,25.241928733175143,30.803831847974294,5.561903114799151,6.03962695727099,46.78546219351192,39.9676095971041,-6.817852596407818,6.397531894589648,41.740051702818405,42.00435761442735,0.26430591160894323,6.415420331846461,21.54353346033677,9.163777749129803,-12.379755711206968,5.078281867798855,16.498122969643266,11.200525766453058,-5.297597203190207,5.516558010112121,-5.0454104906935076,2.0367480173232537,7.082158508016761,5.546807317097186
pared_h,LVA,36,455.3981262209253,423.0230372274074,-32.37508899351786,4.96225269556385,459.5260279185759,426.35433768364555,-33.17169023493034,5.065320941343195,496.317532558738,460.18317883205134,-36.13435372668664,5.712747134202263,493.14129793584937,466.5254690039369,-26.61582893191246,5.412688462019238,4.1279016976506,3.33130045623804,-0.7966012414125601,5.799959149238832,40.91940633781279,37.16014160464389,-3.759264733168898,6.994299305335921,37.743171714924046,43.50243177652946,5.759260061605417,6.555046568565189,36.79150464016219,33.82884114840585,-2.962663491756338,6.824465722098135,33.615270017273446,40.17113132029142,6.555861303017977,6.335154996853697,-3.1762346228887397,6.342290171885577,9.518524794774317,7.044142811174238
pared_h,MEX,36,384.6643433197049,379.6926414309545,-4.971701888750431,4.600627089471825,408.2332282687522,406.7557821814843,-1.4774460872679356,4.6276703628381535,425.79884422137,421.5901189200202,-4.20872530134983,5.443228189068684,444.02531312961764,437.6844717420983,-6.340841387519333,6.370420044395567,23.568884949047238,27.06314075052987,3.4942558014826304,5.287547936504667,41.13450090166505,41.8974774890658,0.7629765874007504,6.212360707175009,59.360969809912646,57.99183031114393,-1.3691394987687175,6.9816272861679884,17.56561595261781,14.834336738535933,-2.7312792140818782,5.732925694636284,35.792084860865415,30.928689560614067,-4.863395300251348,6.719516685929043,18.226468908247607,16.094352822078132,-2.132116086169475,5.298443284534311
pared_h,NLD,36,439.8276304923649,410.91174023631464,-28.91589025605026,6.957596592822726,473.113672764843,437.64007783671525,-35.47359492812774,7.309358146500856,469.01879912685564,479.072294119563,10.053494992707385,7.11553040333578,474.8680279494068,476.6323342899465,1.764306340539747,7.1673771182112045,33.28604227247815,26.72833760040055,-6.557704672077598,8.528457891596261,29.191168634490772,68.16055388324841,38.96938524875764,8.157195326521945,35.04039745704188,65.72059405363186,30.68019659658998,8.421797944789196,-4.0948736379873765,41.43221628284786,45.52708992083524,8.306602034641084,1.7543551845637295,38.99225645323132,37.23790126866759,8.38938603795739,5.849228822551106,-2.4399598296165435,-8.289188652167649,8.27203815107385
pared_h,NOR,36,451.49613628606414,421.72897998491845,-29.76715630114569,5.3499315194240085,487.5836278942462,470.9026610088014,-16.680966885444832,5.688639415822014,491.70198602989103,482.1840339269694,-9.51795210292164,5.645352979420254,493.05760882633433,483.80959056181234,-9.248018264521988,5.135594029267536,36.08749160818199,49.173681023882935,13.086189415700943,6.9640274986558595,40.2058497438269,60.45505394205088,20.24920419822398,7.247524619513358,41.561472540270145,62.080610576893925,20.51913803662378,6.753185780200571,4.118358135644906,11.281372918167955,7.1630147825230495,7.088902123002964,5.473980932088148,12.906929553010979,7.432948620922831,6.437325593773008,1.3556227964432424,1.625556634843025,0.2699338383997827,6.688420738308248
pared_h,NZL,36,479.3281267768395,482.96033055851467,3.632203781675173,5.407294548512616,506.962776215135,502.5872580957027,-4.375518119432343,5.947575643817549,528.4653015008791,535.2108137483658,6.7455122474866585,6.1420449287476275,526.1389849334122,532.5475879545672,6.408603021155045,6.2812930445959365,27.63464943829552,19.626927537188056,-8.007721901107463,7.338181801406267,49.137174724039696,52.25048318985121,3.1133084658115138,7.646037509532123,46.81085815657275,49.587257396052536,2.7763992394797867,7.630252185995817,21.502525285744177,32.62355565266316,11.12103036691898,8.818247865682428,19.17620871827723,29.96032985886448,10.78412114058725,8.885885470507674,-2.3263165674669493,-2.6632257937986763,-0.33690922633172704,7.800917824910772
pared_h,POL,36,463.97089782516076,455.68115998581,-8.289737839350778,5.355239655773298,469.5713274284229,464.2941716057383,-5.277155822684563,5.674024368894034,512.54023810602,513.6923157809674,1.1520776749474635,6.612011488493048,519.4069448402263,517.9705739033949,-1.4363709368313948,5.349587160812319,5.600429603262137,8.61301161992829,3.012582016666153,6.501961721279133,48.56934028085914,58.011155795157435,9.441815514298298,7.557583627539611,55.43604701506558,62.28941391758492,6.85336690251934,6.869434853748667,42.968910677597,49.39814417522914,6.42923349763214,7.720812249520286,49.83561741180344,53.67640229765662,3.840784885853182,7.0420506970098575,6.86670673420644,4.278258122427485,-2.588448611778955,6.481060751630114
pared_h,PRT,36,442.3690436075922,429.61072236899247,-12.758321238599706,5.872941685011525,480.00254711793815,463.37260474318026,-16.62994237475789,4.861367191167033,494.7257487344856,485.15146870155206,-9.57428003293353,6.056308560496866,496.28391014588334,496.6297255251842,0.34581537930085915,5.015938978411909,37.633503510345825,33.76188237418781,-3.871621136158012,5.887173050920554,52.356705126893345,55.540746332559664,3.1840412056663183,6.009686115603083,53.914866538291065,67.01900315619176,13.104136617900693,5.9301855470667455,14.723201616547517,21.778863958371847,7.0556623418243305,5.975935756868255,16.281363027945236,33.25712078200395,16.975757754058716,5.661093916231632,1.5581614113977196,11.478256823632103,9.920095412234383,5.664486763724213
pared_h,SVK,36,428.9632177476393,417.0647521487934,-11.898465598845917,6.256861443253611,438.18562423107215,437.95304820150693,-0.23257602956522305,5.77473662637964,459.8728909749672,473.3583445326406,13.485453557673395,6.637956797383961,462.80636859937357,486.2161366805447,23.409768081171137,6.097374469909016,9.222406483432815,20.888296052713592,11.665889569280777,7.22796445883781,30.909673227327914,56.29359238384732,25.383919156519404,8.14876500692297,33.843150851734165,69.15138453175136,35.308233680017196,7.587647833969227,21.6872667438951,35.40529633113372,13.718029587238618,7.9329405080357915,24.620744368301352,48.263088479037776,23.642344110736424,7.467403809091253,2.9334776244062537,12.857792147904059,9.924314523497806,6.733320086208845
pared_h,SVN,36,445.88254669152946,427.4435312279159,-18.439015463613543,4.0354329163537095,466.48634041487304,449.6290267018937,-16.857313712979362,4.986695050427342,483.04580836408894,473.6206473259061,-9.425161038182864,4.638236628025401,483.48927260968605,468.2185168871696,-15.27075572251647,4.182825003340841,20.60379372334354,22.185495473977774,1.5817017506342346,5.850551531165839,37.16326167255944,46.17711609799012,9.01385442543068,5.585910467558988,37.6067259181566,40.774985659253666,3.168259741097067,5.854899079976116,16.559467949215907,23.991620624012352,7.432152674796445,6.921198355825313,17.00293219481306,18.589490185275896,1.5865579904628362,6.3004105857126715,0.44346424559715275,-5.402130438736458,-5.845594684333611,6.101718093930573
pared_h,SWE,36,460.13096882233856,430.22245620535693,-29.908512616981625,5.46740229714143,491.46810099959885,481.84023216178804,-9.627868837810809,5.917657080469235,508.2604663914807,501.81526898722143,-6.445197404259261,5.876391159068602,503.51702304705503,500.01069127346216,-3.5063317735928763,5.578875477629599,31.3371321772602,51.61777595643097,20.280643779170767,6.815634106664341,48.12949756914212,71.59281278186441,23.463315212722293,6.389857520056784,43.38605422471643,69.78823506810514,26.402180843388706,6.8544723042865545,16.79236539188192,19.975036825433442,3.1826714335515227,6.847246234640909,12.048922047456234,18.17045911167416,6.121537064217925,6.494533328576158,-4.743443344425685,-1.8045777137592836,2.9388656306664016,6.189324601822359
pared_h,TUR,36,443.6000485041359,451.07595665211903,7.475908147983148,4.238307371977605,446.8326814091782,463.82969426182774,16.99701285264956,4.148477091398493,458.868412008812,478.278070101296,19.409658092483994,4.974247633731637,476.1553851520618,511.29643592297714,35.14105077091534,4.847852043354378,3.232632905042192,12.753737609708532,9.521104704666339,4.714499095781482,15.268363504676074,27.20211344917687,11.933749944500796,5.9036736910826395,32.55533664792592,60.22047927085811,27.665142622932187,6.088421994469069,12.035730599633883,14.448375839468337,2.412645239834454,5.170821912793178,29.322703742883725,47.466741661149584,18.14403791826586,5.73866192755241,17.286973143249845,33.01836582168124,15.731392678431398,5.911831561263372
pared_h,USA,36,475.7827116794062,465.4129080169885,-10.369803662417667,7.805709075091921,504.2730951916903,497.8838305631069,-6.389264628583362,10.35482330539857,518.335587118376,516.606544276955,-1.7290428414210055,18.0779272238396,521.6263921862211,525.028526957047,3.40213477082591,11.570112956812524,28.490383512284115,32.47092254611847,3.980539033834358,10.24224724413194,42.55287543896977,51.19363625996647,8.640760820996697,16.759120629341666,45.843680506814835,59.615618940058404,13.77193843324357,10.831894648822997,14.062491926685658,18.72271371384799,4.6602217871623335,18.12735279728822,17.353296994530723,27.144696393939917,9.791399399409194,11.096083613956697,3.290805067845065,8.421982680091924,5.131177612246859,15.205374087983762
pared_h,OECD,36,452.41835883289815,438.9645197369282,-13.453839095969954,1.4051177093344038,477.07231980476143,466.22435399844943,-10.847965806312004,1.4232246047346844,494.0965619342105,488.9923047587552,-5.104257175455302,1.5372538404478717,496.53719865001005,493.76845462678995,-2.7687440232201084,1.4724639102871773,24.653960971863334,27.25983426152119,2.605873289657854,1.1219791792109735,41.67820310131238,50.02778502182696,8.34958192051458,1.1577112575851187,44.1188398171119,54.803934889861694,10.685095072749796,1.0593497354998604,17.024242129449043,22.76795076030577,5.743708630856727,1.191494603807059,19.464878845248563,27.544100628340505,8.079221783091942,1.0767272714855443,2.4406367157995192,4.776149868034736,2.3355131522352166,1.1486833133269185
homepos,AUS,36,453.2424567459013,467.44067567373384,14.198218927832556,4.7984960018102525,493.6360634129472,496.7830745858816,3.1470111729344126,4.409454952566472,516.858107957825,505.81838072809353,-11.039727229731511,4.128929839030004,533.6398114241185,502.205217054489,-31.434594369629508,4.070132293177623,40.39360666704579,29.342398912147683,-11.051207754898105,5.9058210361731955,63.615651211923634,38.377705054359616,-25.237946157564018,5.572207719926946,80.39735467821711,34.76454138075506,-45.63281329746205,5.423678113220121,23.222044544877853,9.035306142211931,-14.186738402665922,4.5930477875993745,40.00374801117131,5.422142468607381,-34.58160554256393,4.8012716819840024,16.781703466293457,-3.613163673604549,-20.394867139898007,4.958099338123422
homepos,AUT,36,416.53488157102055,429.3949174229077,12.860035851887176,6.098326685101092,474.5466413665149,467.704898401619,-6.8417429648959,6.389848078718262,506.8401536363459,485.37446051252283,-21.465693123823087,4.696257494503136,526.9571263128041,488.6888854867819,-38.268240826022236,4.843789049641465,58.01175979549426,38.30998097871115,-19.701778816783104,6.502670060092499,90.30527206532516,55.979543089615106,-34.32572897571005,6.842782439018126,110.42224474178352,59.293968063874125,-51.12827667790939,6.8292795260567,32.29351226983091,17.66956211090395,-14.623950158926963,6.705704996919255,52.41048494628926,20.983987085162976,-31.426497861126283,6.85571809855576,20.116972676458346,3.314424974259026,-16.80254770219932,5.806700960663616
homepos,BEL,36,417.22048501391464,429.5104887402924,12.290003726377734,7.251298490783417,470.93905042523585,467.00561022326394,-3.933440201971905,5.623127106006858,501.7796835975332,486.32208769570025,-15.457595901832974,4.8797867743151535,527.2373254643403,489.9277972797081,-37.3095281846322,5.758100345216072,53.71856541132106,37.49512148297153,-16.223443928349532,6.872135615247982,84.55919858361852,56.8115989554078,-27.747599628210722,7.342544228111047,110.01684045042563,60.41730853941573,-49.599531911009905,8.409825542430351,30.84063317229746,19.316477472436276,-11.524155699861183,6.1240352540370395,56.29827503910458,22.922187056444198,-33.37608798266038,7.227680004452695,25.457641866807126,3.605709584007923,-21.851932282799204,6.267213087338402
homepos,CAN,36,470.7959744031471,469.1354521633278,-1.6605222398193291,4.424375220440433,505.1059748586903,497.5608093086501,-7.545165550040167,3.713360749178234,522.9021385788425,508.1092364468847,-14.79290213195776,3.934453332038525,535.7784319254837,494.15012227308824,-41.628309652395444,4.693818607863692,34.31000045554315,28.425357145322288,-5.884643310220859,4.594413958589021,52.10616417569531,38.97378428355695,-13.13237989213836,5.129812828271456,64.9824575223366,25.014670109760505,-39.9677874125761,5.881670779619321,17.79616372015216,10.548427138234661,-7.247736581917497,4.582387132948272,30.672457066793463,-3.4106870355617844,-34.08314410235525,5.122559881560491,12.876293346641308,-13.959114173796445,-26.835407520437755,4.693474193132157
homepos,CHE,36,420.55686029448736,439.23254511533105,18.675684820843685,6.190848759959182,470.001101359547,471.7151816222812,1.7140802627341714,4.713140144428086,505.80401896459017,490.02915433047366,-15.774864634116511,5.662216223044412,537.6978212086235,484.0473098509465,-53.65051135767703,5.689867434257297,49.444241065059664,32.48263650695014,-16.96160455810952,6.377188946598652,85.24715867010283,50.79660921514264,-34.450549454960196,6.875395062736523,117.1409609141363,44.81476473561547,-72.32619617852083,7.279895250068533,35.80291760504317,18.313972708192495,-17.488944896850676,6.0047407858622535,67.69671984907663,12.33212822866533,-55.3645916204113,6.221633489510094,31.893802244033452,-5.981844479527166,-37.87564672356062,6.651275231801418
homepos,CHL,36,412.9762164131356,413.6952678366157,0.7190514234800958,5.423244044179731,443.11452738112195,432.38149436994655,-10.733033011175394,5.488898445370805,460.3752204083268,440.5756660419394,-19.799554366387383,5.75256714548206,482.6709199148534,464.98366878251534,-17.687251132338076,6.001690673030608,30.138310967986257,18.686226533330732,-11.452084434655525,5.855844973321473,47.39900399519117,26.880398205323747,-20.518605789867426,6.816010002170429,69.69470350171775,51.288400945899596,-18.406302555818158,6.997244308509051,17.260693027204915,8.194171671993013,-9.066521355211902,6.640579988813911,39.55639253373148,32.60217441256886,-6.954218121162626,6.2219578156364745,22.295699506526564,24.408002740575842,2.1123032340492784,6.821701791707782
homepos,COL,36,358.6978501547376,362.16366660208746,3.46581644734988,4.978736603985914,388.35358335208423,387.9685343125112,-0.38504903957300485,6.764588980480016,422.4545821224362,414.5183299878031,-7.936252134633094,7.4131692348866185,470.92037104290466,442.7215180254394,-28.19885301746524,8.31203727912277,29.655733197346684,25.804867710423814,-3.8508654869228707,6.968698654475131,63.75673196769863,52.35466338571564,-11.402068581982988,7.910307742969456,112.22252088816713,80.55785142335196,-31.664669464815162,9.664471660387632,34.10099877035195,26.54979567529182,-7.551203095060131,6.150446277537677,82.56678769082045,54.75298371292814,-27.813803977892306,8.211678390163817,48.46578892046849,28.203188037636323,-20.262600882832167,7.908318365861047
homepos,CZE,36,430.44174704986307,436.31985952411924,5.87811247425617,5.306298874579192,482.0729617889072,469.252022616078,-12.820939172829185,5.324533930839741,511.61333944249316,481.9868993112988,-29.62644013119433,5.084973986937472,530.1565434881297,485.6700093472532,-44.48653414087653,5.021781961844765,51.63121473904412,32.93216309195866,-18.69905164708546,5.514992783223059,81.17159239263,45.66703978717954,-35.50455260545046,6.237447059964446,99.71479643826653,49.35014982313383,-50.3646466151327,6.976251680671677,29.54037765358588,12.734876695220885,-16.805500958364995,5.334880036768048,48.08358169922242,16.417986731175176,-31.665594968047245,6.0488062223010255,18.543204045636536,3.6831100359542917,-14.860094009682244,5.773726610239232
homepos,DEU,36,414.12498096790796,412.944394622153,-1.1805863457549322,7.656897538110279,476.4994439666425,463.44511383287426,-13.054330133768246,6.9682784234183375,508.7979615125988,497.2429336632269,-11.555027849371925,7.321757158465378,537.2178116152198,510.9740395634059,-26.24377205181395,5.760187245459722,62.3744629987346,50.50071921072115,-11.87374378801345,6.747927966098096,94.67298054469093,84.29853904107377,-10.374441503617163,8.011801004340937,123.0928306473119,98.02964494125274,-25.06318570605916,8.667860407594278,32.29851754595632,33.797819830352616,1.4993022843962933,7.247999090947006,60.71836764857729,47.52892573053159,-13.189441918045702,7.744490418662429,28.419850102620966,13.731105900178978,-14.688744202441988,7.076437830715174
homepos,DNK,36,453.71517319170636,435.4185682529052,-18.29660493880118,5.717192201043292,484.8898101596475,467.76974734559315,-17.120062814054336,5.090884579211016,509.0295947601229,475.6924110650798,-33.33718369504311,5.143854317888926,512.7202527842829,465.9832825495008,-46.73697023478212,6.146698748727916,31.174636967941034,32.35117909268796,1.1765421247469234,6.346946598480732,55.314421568416584,40.273842812174614,-15.04057875624197,6.637052261163596,59.00507959257652,30.564714296595714,-28.440365295980808,6.917876482371866,24.139784600475554,7.922663719486661,-16.217120880988894,6.47034459997763,27.830442624635474,-1.786464796092241,-29.616907420727713,6.782314718201506,3.6906580241599216,-9.709128515578902,-13.399786539738823,7.064435531920795
homepos,ESP,36,432.2280752493085,428.11814241403334,-4.109932835275174,4.40500650058328,468.40158512016507,455.4940334160794,-12.907551704085677,3.5878087733666804,491.75116099073176,463.5254546928668,-28.225706297864974,3.1606207800820334,510.29479431832925,468.6975058048846,-41.59728851344465,3.540676293048397,36.173509870856535,27.375891002046103,-8.797618868810432,4.308397802038086,59.52308574142326,35.40731227883344,-24.11577346258982,4.130741271773981,78.0667190690207,40.57936339085125,-37.48735567816946,4.934343736674225,23.349575870566735,8.031421276787336,-15.318154593779399,3.4205576224818532,41.89320919816417,13.203472388805148,-28.689736809359026,3.796077672072085,18.54363332759744,5.172051112017812,-13.371582215579629,3.298042027334061
homepos,EST,36,474.32781014529945,479.3222243330956,4.994414187796167,5.034682889319069,507.8345961708483,497.39913105791095,-10.435465112937322,5.419267608703081,528.2272634636126,513.4984974760044,-14.728765987608199,4.900312883432743,536.7928475256829,510.5650448673785,-26.22780265830437,5.056318335416628,33.50678602554879,18.07690672481537,-15.429879300733422,5.850186526025022,53.899453318313206,34.17627314290887,-19.723180175404337,5.824655869006915,62.465037380383365,31.242820534282934,-31.22221684610043,5.966774447949925,20.392667292764408,16.099366418093496,-4.293300874670912,6.421605778653037,28.95825135483458,13.165913809467565,-15.792337545367015,6.010231682038671,8.565584062070172,-2.93345260862593,-11.499036670696103,5.087984226875236
homepos,FIN,36,449.394879183313,462.90130246238897,13.506423279075989,4.718600985435632,490.02862870972797,482.89635033372963,-7.1322783759983395,4.588160334042777,508.6736624865058,485.09981563063076,-23.573846855875047,4.744692688403922,518.4158331158017,477.93623380949714,-40.47959930630452,4.513007360588476,40.63374952641502,19.995047871340574,-20.63870165507445,5.248920675763699,59.27878330319281,22.198513168241806,-37.08027013495101,5.461182359107254,69.02095393248862,15.034931347108193,-53.98602258538043,5.193803060206915,18.64503377677779,2.203465296901231,-16.44156847987656,5.6261156348055685,28.387204406073597,-4.960116524232381,-33.347320930305976,5.232216757837971,9.742170629295805,-7.163581821133613,-16.905752450429418,5.593902398089253
homepos,FRA,36,412.1284690292059,419.56436316150496,7.43589413229904,5.947582766681586,460.0477597976319,453.6472967145698,-6.400463083062107,6.156961837627256,496.5550385109723,476.20932324554985,-20.345715265422427,6.723165007056779,528.5925470916793,485.4679092395878,-43.124637852091496,5.746706235180343,47.919290768425995,34.0829335530649,-13.836357215361097,6.676652149208715,84.42656948176636,56.6449600840449,-27.781609397721468,7.223130551375518,116.46407806247339,65.90354607808288,-50.56053198439051,7.2190170480883395,36.50727871334037,22.56202653098,-13.94525218236037,6.778260030732028,68.54478729404741,31.820612525017985,-36.724174769029425,6.503222613807651,32.03750858070704,9.258585994037986,-22.778922586669054,6.191349674242956
homepos,GBR,36,453.9049526038881,474.0921684032123,20.187215799324235,4.937280131663043,482.88418943279595,492.11086974890424,9.226680316108286,5.428972817621862,512.0656201795239,502.84978869420246,-9.215831485321416,5.436045785043935,541.6583017576039,515.9364565281464,-25.72184522945747,5.869872056681076,28.9792368289078,18.018701345691852,-10.96053548321595,6.424854767365903,58.16066757563569,28.757620290990076,-29.403047284645616,6.662459955841325,87.75334915371585,41.84428812493401,-45.909061028781835,6.973235067486406,29.181430746727887,10.738918945298224,-18.442511801429664,6.25916426704304,58.77411232480803,23.825586779242155,-34.94852554556587,7.059768080467288,29.592681578080146,13.086667833943931,-16.506013744136215,6.911468696613028
homepos,GRC,36,398.00535028003304,398.0707462626585,0.06539598262543223,5.808388827909155,432.48977672659055,430.79718398242005,-1.692592744170497,5.374797278803861,455.47478187182526,436.7342400567833,-18.74054181504198,5.761300340895461,469.18253331133303,431.2628594988661,-37.919673812466954,5.863623602632014,34.48442644655747,32.72643771976161,-1.7579887267958583,5.90628108983985,57.469431591792215,38.66349379412478,-18.805937797667433,6.610779011925832,71.17718303129982,33.19211323620764,-37.98506979509218,6.367605985507916,22.985005145234748,5.93705607436317,-17.047949070871578,5.362757348101651,36.69275658474234,0.46567551644602645,-36.227081068296314,6.146660964128529,13.707751439507593,-5.4713805579171435,-19.179131997424737,5.721927397910509
homepos,HUN,36,403.371127905638,411.8094442003709,8.438316294732886,6.06470370130046,464.87600642034795,453.9843089630529,-10.891697457295038,5.614247599020789,500.41873544947947,468.6739336014142,-31.744801848065265,5.795896607201749,522.965089525067,478.1170972218621,-44.84799230320493,5.36434562542629,61.50487851470997,42.17486476268216,-19.33001375202781,6.444098725220751,97.04760754384164,56.86448940104344,-40.18311814279819,7.861512253161399,119.59396161942917,66.30765302149129,-53.286308597937875,7.846456605540755,35.54272902913168,14.689624638361277,-20.8531043907704,6.063181888859816,58.0890831047192,24.132788258809125,-33.95629484591008,6.533254601890356,22.546354075587526,9.443163620447848,-13.103190455139679,6.131356498767576
homepos,IRL,36,474.43875350446143,469.29617508986337,-5.142578414598063,5.274414299055048,510.3966291418609,499.9001285362186,-10.496500605642325,4.341236468258034,532.2264401195607,513.8372581687802,-18.38918195078054,4.2508506072802374,549.5576034496158,522.0012716595388,-27.556331790077024,4.567249774117587,35.95787563739961,30.60395344635517,-5.35392219104444,5.408149745684607,57.787686615099325,44.54108307891682,-13.246603536182505,5.435987623747186,75.11884994515451,52.705096569675355,-22.413753375479153,6.032620969526503,21.829810977699715,13.937129632561646,-7.892681345138069,4.812924472496236,39.16097430775489,22.101143123320192,-17.0598311844347,5.255159082242892,17.331163330055176,8.164013490758544,-9.167149839296632,5.063773325125482
homepos,ISL,36,399.91801336796846,397.7616059137689,-2.1564074541995524,5.750129341542105,433.1066437697409,431.5578400909738,-1.5488036787671149,5.345718279342522,449.01049661283696,439.34074342608693,-9.669753186750029,4.732116637535288,464.69227954094424,430.9569283916256,-33.73535114931866,5.568035208633797,33.18863040177258,33.79623417720491,0.6076037754323309,8.125571663827117,49.092483244868596,41.579137512317985,-7.5133457325506114,7.106455462625075,64.7742661729759,33.19532247785667,-31.57894369511923,7.509873483100922,15.903852843096018,7.782903335113076,-8.120949507982942,6.58372541742065,31.585635771203336,-0.6009116993482337,-32.18654747055157,7.600452707900875,15.681782928107316,-8.38381503446131,-24.065597962568624,7.2212508766637615
homepos,ISR,36,408.62166098831534,406.65867879868154,-1.9629821896338058,6.842307522752045,465.44134814360666,449.63589559040173,-15.80545255320493,6.651750191850097,503.08061468230574,456.8188316541826,-46.26178302812315,6.98156168608077,524.8198190657213,457.54254666474856,-67.27727240097272,7.269454930254105,56.819687155291334,42.97721679172021,-13.842470363571124,7.219352170762721,94.45895369399041,50.16015285550102,-44.29880083848939,7.83922474798008,116.19815807740588,50.88386786606692,-65.31429021133896,8.650795755078276,37.63926653869906,7.182936063780812,-30.45633047491825,7.729947115171673,59.378470922114545,7.906651074346717,-51.471819847767826,7.7370269354052015,21.739204383415483,0.7237150105659055,-21.01548937284958,8.043403655732787
homepos,ITA,36,436.72090443963117,436.6558648958361,-0.06503954379508059,5.195927751323757,475.2386065868897,471.9889625362189,-3.249644050670838,5.304667128029418,499.20057807686163,491.4320864218686,-7.768491654993056,5.073014630743317,517.9032414128212,499.71392239955895,-18.189319013262264,5.692616814307519,38.517702147258525,35.33309764038269,-3.1846045068758357,5.898520354856234,62.479673637230505,54.77622152603245,-7.703452111198054,5.9930580896555385,81.18233697319002,63.05805750372283,-18.12427946946719,6.99230509784041,23.96197148997199,19.443123885649765,-4.518847604322225,5.447380264085495,42.6646348259315,27.72495986334014,-14.939674962591361,5.891310426176035,18.70266333595951,8.281835977690372,-10.420827358269138,5.72731356438148
homepos,JPN,36,473.7670161051873,484.4410977765491,10.674081671361819,7.480851960483496,513.5225615131236,509.9820733581778,-3.5404881549458196,5.584242794356902,532.4914654948968,517.7066883855304,-14.784777109366473,5.763651651720731,544.967772495261,506.85583890846556,-38.11193358679543,7.0276747178157954,39.75554540793632,25.540975581628665,-14.214569826307653,6.750287415130109,58.724449389709456,33.26559060898121,-25.458858780728242,7.186309849428399,71.20075639007375,22.414741131916408,-48.78601525815734,7.779017091091885,18.96890398177313,7.724615027352553,-11.244288954420579,6.47722909564415,31.44521098213743,-3.126234449712257,-34.57144543184968,6.956034397444212,12.476307000364296,-10.85084947706481,-23.327156477429106,6.217956554159106
homepos,KOR,36,460.21839175845315,472.90134510895757,12.68295335050442,8.951914974703676,512.6266127807031,502.31049709103434,-10.316115689668777,6.929108058723962,536.7256276869368,514.7306665888241,-21.994961098112753,5.786268482276613,553.600711262921,517.9208868238578,-35.67982443906317,6.754631023838132,52.408221022249926,29.40915198207666,-22.999069040173264,8.13274208728102,76.50723592848368,41.8293214798665,-34.67791444861718,9.422119966154998,93.38231950446776,45.019541714900285,-48.362777789567474,10.272691556218325,24.099014906233748,12.42016949778984,-11.678845408443909,6.9946434777175925,40.974098482217826,15.61038973282362,-25.363708749394206,8.340553290140358,16.875083575984082,3.19022023503378,-13.6848633409503,6.606076819166917
homepos,LTU,36,424.61430331273795,443.54181707519274,18.927513762454794,4.854625646714901,466.2246472309421,462.27704987607603,-3.9475973548660477,4.636183214674225,489.7753099410631,472.22732749838235,-17.547982442680734,4.226041132133057,510.62165431692154,481.01894238959466,-29.60271192732688,4.8000393203986835,41.61034391820406,18.735232800883267,-22.87511111732079,5.499493924309352,65.161006628325,28.68551042318965,-36.47549620513534,6.020655647567999,86.00735100418362,37.47712531440186,-48.53022568978176,6.172635399849813,23.550662710120964,9.950277622306384,-13.60038508781458,5.499507232468806,44.39700708597955,18.741892513518593,-25.65511457246096,5.681555813242678,20.846344375858585,8.791614891212209,-12.054729484646376,5.457916177833803
homepos,LVA,36,436.33715304221306,409.91716698520423,-26.419986057008828,5.073629289232776,470.124353543457,433.1080745943157,-37.01627894914128,5.186233911868706,487.7644349454187,437.8915262383428,-49.87290870707591,5.378361496005699,507.10640369552175,441.92910446979374,-65.177299225728,4.186396371496404,33.78720050124391,23.190907609111413,-10.596292892132496,6.009549740112594,51.42728190320556,27.974359253138488,-23.452922650067073,5.9936829966236695,70.76925065330872,32.01193748458947,-38.75731316871925,5.615532357413751,17.640081401961645,4.7834516440270765,-12.856629757934568,5.8892314008290505,36.982050152064815,8.821029875478052,-28.16102027658676,6.042410047236245,19.341968750103167,4.0375782314509765,-15.304390518652191,6.2257183968350756
homepos,MEX,36,374.40905065902905,381.788948979642,7.379898320612938,4.828167406137855,405.56365068796373,400.5912056388735,-4.972445049090254,4.428970986104325,425.80134266345976,418.606139622349,-7.195203041110744,4.987189896731132,456.72280096772056,431.9089728264679,-24.813828141252657,6.733601034540956,31.1546000289347,18.802256659231425,-12.352343369703274,5.035857051638988,51.392292004430786,36.81719064270698,-14.575101361723803,5.769648154351074,82.31375030869151,50.12002384682585,-32.19372646186566,7.858953872856764,20.23769197549608,18.014933983475554,-2.222757992020526,4.641400869302591,51.15915027975681,31.317767187594427,-19.84138309216238,6.715880930368095,30.921458304260728,13.302833204118873,-17.618625100141855,5.8479005247906635
homepos,NLD,36,399.83811179569506,405.99626209685596,6.158150301160902,7.357000248862395,452.41904985613155,445.6324064519689,-6.786643404162646,7.9467193253131665,487.02500435767405,460.15587057973863,-26.869133777935417,6.234577016791837,506.7232149424102,459.2004224794381,-47.52279246297212,6.82914762010601,52.58093806043651,39.636144355112975,-12.944793705323534,7.53181435647041,87.18689256197902,54.1596084828826,-33.027284079096425,8.003093090558675,106.88510314671517,53.20416038258211,-53.68094276413306,8.879331949762197,34.605954501542506,14.523464127769625,-20.08249037377288,7.801665582240492,54.30416508627866,13.568016027469138,-40.73614905880952,8.86644499808998,19.698210584736152,-0.9554481003004867,-20.65365868503664,7.489942866545189
homepos,NOR,36,432.03035838880777,430.46303025833504,-1.5673281304727311,5.400576718039654,476.37662255918406,458.4667030672813,-17.90991949190277,5.168981179469593,496.95766406724334,473.5768754634112,-23.380788603832116,5.374600855649287,506.39072642611234,465.3392124245732,-41.05151400153915,5.781793514464338,44.34626417037627,28.00367280894617,-16.342591361430102,6.642871246135564,64.92730567843556,43.113845205076196,-21.813460473359363,6.382221822937448,74.36036803730455,34.87618216623814,-39.484185871066416,7.255231139475671,20.581041508059293,15.110172396130025,-5.470869111929268,6.593892315339424,30.01410386692829,6.872509357291972,-23.14159450963632,6.770115148955115,9.433062358869,-8.237663038838054,-17.670725397707052,7.115986166641066
homepos,NZL,36,450.18103957110554,458.0261609495119,7.845121378406361,4.86783070688459,495.90772052450194,501.7979285410039,5.890208016501958,6.49635607416163,528.4079768426666,518.7717096414777,-9.636267201188844,5.635346328581321,534.7191274475801,523.2046417355145,-11.514485712065607,5.388567776245157,45.72668095339646,43.771767591492036,-1.954913361904424,7.094272388884842,78.22693727156116,60.74554869196584,-17.48138857959532,6.981756633236799,84.53808787647468,65.17848078600267,-19.35960709047201,7.011410501257161,32.500256318164695,16.973781100473804,-15.52647521769089,8.108315028197035,38.8114069230782,21.406713194510615,-17.404693728567587,8.197885227176545,6.311150604913507,4.432932094036812,-1.8782185108766951,7.092010063345118
homepos,POL,36,443.47325709856995,461.92354272333296,18.450285624763012,5.789752782659339,479.8842493873857,484.84672138484376,4.962471997458067,5.515630581058536,509.0222265463485,495.46820629920705,-13.554020247141466,5.062703915674002,525.8074035920465,493.25540273980533,-32.55200085224118,5.956514582578351,36.41099228881579,22.923178661510736,-13.487813627305055,6.306512955780139,65.54896944777855,33.54466357587405,-32.0043058719045,6.627293575876198,82.33414649347662,31.33186001647234,-51.00228647700428,7.260208988281411,29.137977158962748,10.621484914363311,-18.516492244599437,6.133527189735729,45.92315420466083,8.408681354961606,-37.514472849699224,6.396970365482099,16.785177045698084,-2.2128035594017037,-18.997980605099787,6.00134627087576
homepos,PRT,36,433.38090920307496,431.90258504490083,-1.4783241581741322,6.5990806699448195,465.6926598007236,456.5496092917638,-9.143050508959846,5.205102172217814,493.15003684164367,476.4912034762492,-16.658833365394457,5.249483895347487,516.7512195693473,487.4018804750755,-29.34933909427184,6.316147569364187,32.31175059764856,24.647024246862923,-7.664726350785639,6.181362993771727,59.769127638568605,44.58861843134841,-15.180509207220197,6.795951605194702,83.37031036627246,55.4992954301747,-27.871014936097765,8.113312935363902,27.45737704092004,19.941594184485485,-7.515782856434555,5.044946677020878,51.058559768623894,30.852271183311768,-20.206288585312127,6.3622316621699495,23.601182727703854,10.910676998826284,-12.69050572887757,6.420014628332767
homepos,SVK,36,370.54279378409245,404.37809212396735,33.835298339874896,7.38271231733535,443.1186766130967,454.4342968082436,11.315620195146892,5.573103524860083,480.3072769261729,465.47609846042144,-14.831178465751464,5.81371500812555,494.4192979638028,471.0791636990921,-23.34013426471074,5.653311865352222,72.57588282900429,50.05620468427626,-22.519678144728026,6.828379423191309,109.76448314208046,61.098006336454134,-48.66647680562633,7.96980134690521,123.87650417971045,66.7010715751248,-57.17543260458565,9.03784879796876,37.18860031307618,11.041801652177877,-26.146798660898302,6.555713991965492,51.30062135070616,16.64486689084854,-34.65575445985762,6.917289543363243,14.112021037629983,5.603065238670661,-8.508955798959322,6.439723280227885
homepos,SVN,36,424.8395598358883,424.09497314728867,-0.7445866885996111,5.139497406357963,468.09375136941753,455.7248556081472,-12.368895761270323,4.541770070468103,488.44107263950974,461.24372123392806,-27.197351405581685,4.67381019282592,494.19642736466795,447.949504481262,-46.246922883405944,4.8340602628999845,43.25419153352921,31.629882460858454,-11.624309072670755,6.428966551758975,63.601512803621404,37.14874808663929,-26.452764716982117,7.194352934727887,69.35686752877965,23.854531333973274,-45.502336194806375,7.286258131005681,20.3473212700922,5.518865625780831,-14.828455644311369,6.946172424435178,26.10267599525043,-7.775351126885181,-33.87802712213561,6.686601649664225,5.75535472515823,-13.294216752666012,-19.04957147782424,6.284629204636546
homepos,SWE,36,425.2943798125828,432.877565476787,7.583185664204223,5.820332542606292,481.9639671084865,474.87713045760313,-7.086836650883356,6.217550832364727,513.2896637687634,487.6219023742933,-25.667761394470062,5.928635356567762,532.6885312662604,481.474936540823,-51.21359472543736,5.62280590378531,56.66958729590358,41.999564980816146,-14.670022315087436,6.732994397247682,87.99528395618053,54.74433689750629,-33.25094705867424,7.190600462870923,107.39415145367761,48.59737106403601,-58.7967803896416,7.309298931975346,31.32569666027694,12.74477191669015,-18.58092474358679,6.571220195567007,50.72456415777403,6.59780608321987,-44.12675807455416,7.029586418558893,19.398867497497093,-6.146965833470278,-25.545833330967373,6.583374765199141
homepos,TUR,36,408.0160705883335,438.8033589822562,30.787288393922722,4.727822328285459,449.42224626347206,471.0580909896885,21.63584472621642,4.382990167773515,472.7043444023523,487.28404496782304,14.579700565470716,4.231250437564333,494.69193641269095,492.28484217375296,-2.4070942389379866,5.398247568731835,41.40617567513855,32.25473200743222,-9.151443667706332,5.210540646795637,64.68827381401883,48.48068598556675,-16.207587828452077,5.559365297807499,86.67586582435747,53.48148319149668,-33.194382632860794,6.724634148976655,23.28209813888028,16.225953978134537,-7.056144160745742,4.6430493451906125,45.26969014921893,21.226751184064465,-24.042938965154466,6.222871893990083,21.98759201033865,5.000797205929928,-16.98679480440872,5.625702654817564
homepos,USA,36,452.5589569347755,441.5109951561634,-11.047961778612091,10.159974369565639,488.7070406755644,488.66075231722715,-0.04628835833722178,10.927253297983421,521.0252017136988,509.1811335360418,-11.84406817765705,12.63207618508755,554.7647634088918,529.2837515525292,-25.481011856362557,14.750050299334397,36.1480837407888,47.14975716106371,11.001673420274912,11.958931226202465,68.46624477892331,67.6701383798783,-0.7961063990450157,12.123073417861052,102.20580647411632,87.7727563963659,-14.433050077750408,15.196720737309304,32.318161038134505,20.520381218814588,-11.797779819319917,14.225493257605278,66.05772273332751,40.6229992353022,-25.434723498025306,12.709654823106058,33.73956169519302,20.10261801648761,-13.636943678705407,14.522824327901498
homepos,OECD,36,427.8018881775953,433.39093038260654,5.589042205011253,1.4812359304749976,470.8209093890472,465.036552307373,-5.784357081674216,1.4754793131300343,497.38966228508826,478.61451797826146,-18.775144306826803,1.4419062780738445,517.0567582340976,481.6015869449686,-35.455171289129055,1.5372190077534524,43.01902121145186,31.64562192476644,-11.373399286685416,1.1581369051241803,69.58777410749299,45.22358759565498,-24.364186511838007,1.1225026814908783,89.25487005650241,48.21065656236202,-41.04421349414039,1.2703121109601399,26.568752896041126,13.57796567088854,-12.990787225152586,1.134082818468181,46.23584884505057,16.56503463759558,-29.67081420745499,1.245031922374827,19.667095949009443,2.9870689667070396,-16.680026982302405,1.093692174031016
homepos_h,AUS,36,464.7200978782519,459.3485091327199,-5.371588745531994,4.712492590274492,499.9030247266116,495.6101257825968,-4.29289894401478,4.421930086639378,514.9520760625418,509.0799016188733,-5.872174443668484,4.144494374869193,518.91837338487,509.47134599593636,-9.44702738893369,4.0113516792009545,35.182926848359585,36.2616166498769,1.0786898015173136,5.54590704135097,50.23197818428983,49.73139248615336,-0.5005856981364687,5.2734711760540804,54.198275506618074,50.122836863216435,-4.07543864340164,5.327312327580456,15.049051335930244,13.469775836276465,-1.5792754996537788,4.8107804221681025,19.015348658258482,13.86122021333954,-5.154128444918943,4.924503653449012,3.966297322328239,0.39144437706307256,-3.5748529452651665,5.010424677291059
homepos_h,AUT,36,428.8924880214403,426.3081284423294,-2.584359579110867,6.187849971641065,479.3972809089852,467.85597489481563,-11.54130601416955,5.674928086552749,508.877650100495,486.78149404569695,-22.09615605479803,4.791154529873301,509.8274741283752,491.0655401768504,-18.76193395152478,4.766997209169065,50.50479288754485,41.54784645248626,-8.95694643505859,6.13491967402686,79.98516207905477,60.473365603367526,-19.511796475687248,6.398016499598444,80.93498610693484,64.75741173452101,-16.17757437241383,7.199143081687887,29.48036919150992,18.925519150881264,-10.554850040628654,5.980552395334308,30.43019321938998,23.209565282034767,-7.220627937355214,6.2818859622676735,0.9498240278800608,4.284046131153502,3.3342221032734414,5.327296028170518
homepos_h,BEL,36,427.7661301479517,428.1179677995483,0.35183765159661107,7.106376347987416,479.8433864746788,466.4971590000547,-13.34622747462413,5.675347284587996,501.0929047824908,487.2522821058052,-13.840622676685598,4.932580897441272,510.6026504711164,496.28446597537214,-14.318184495744276,5.3129559425621595,52.07725632672723,38.379191200506334,-13.698065126220897,6.677973394894648,73.32677463453909,59.13431430625694,-14.192460328282152,7.972548851374057,82.83652032316476,68.16649817582379,-14.670022147340973,8.257442988594915,21.249518307811854,20.755123105750602,-0.4943952020612521,6.212120482864156,30.759263996437532,29.787306975317456,-0.9719570211200761,6.547887617141119,9.50974568862568,9.032183869566854,-0.4775618190588258,5.672153555482738
homepos_h,CAN,36,474.8955670126129,461.5332131653671,-13.3623538472458,4.469044076379555,508.8836435281931,492.3370782840031,-16.546565244189992,3.8475669121461133,526.6600350146439,511.50066955726953,-15.15936545737435,3.875054763887152,526.2997380148382,506.5228824620889,-19.77685555274934,4.574618191626024,33.98807651558016,30.803865118635933,-3.184211396944228,4.583130880512229,51.764468002031,49.967456391902275,-1.7970116101287275,5.157063527073626,51.404171002225326,44.98966929672174,-6.414501705503582,5.78531521274132,17.77639148645084,19.163591273266338,1.387199786815497,4.666331466100385,17.416094486645164,14.185804178085812,-3.2302903085593524,5.075719246198886,-0.36029699980567786,-4.977787095180526,-4.617490095374848,4.614423657654606
homepos_h,CHE,36,433.93837765222713,430.43395825733705,-3.5044193948900784,5.646055075501023,473.1097751377505,468.78449860080565,-4.325276536944841,5.072140011953621,503.10116181766654,490.8441152945123,-12.257046523154258,5.663542499620216,524.8874607150103,496.1990978102073,-28.688362904803,5.568582471917402,39.171397485523315,38.35054034346852,-0.8208571420547912,5.811160925443796,69.16278416543939,60.41015703717521,-8.75262712826418,6.48729905589716,90.94908306278322,65.76513955287024,-25.18394350991298,7.078751279940318,29.991386679916076,22.059616693706687,-7.931769986209389,5.811053658264053,51.7776855772599,27.41459920940172,-24.36308636785818,6.182732249416815,21.78629889734383,5.354982515695037,-16.43131638164879,6.9101502089037306
homepos_h,CHL,36,419.3481848706795,406.889774240502,-12.458410630177525,5.2767354436094696,446.38139380608243,429.38138961381657,-17.000004192265862,5.72146624286823,461.0414533473878,443.13412622984913,-17.90732711753867,5.915891002343254,474.66367912640663,475.8137001468482,1.1500210204415566,5.434023142062206,27.033208935402946,22.49161537331459,-4.541593562088355,5.934570327933597,41.69326847670825,36.24435198934715,-5.448916487361096,6.712548645045054,55.315494255727,68.92392590634617,13.608431650619167,6.743832854332363,14.660059541305305,13.752736616032559,-0.9073229252727462,6.5907264919542055,28.282285320324057,46.43231053303158,18.150025212707526,6.1763057007082365,13.622225779018754,32.67957391699902,19.057348137980263,6.540404445796147
homepos_h,COL,36,365.9608157166138,365.06429109173894,-0.8965246248748713,5.1571735161407,390.7026403042519,387.17456222854787,-3.528078075704002,5.9189995911054325,423.18025014824553,415.6202419816048,-7.560008166640728,7.387376877024582,468.017235366843,445.9210314740929,-22.09620389275011,8.10791390374304,24.741824587638167,22.11027113680894,-2.6315534508292266,5.72294990238263,57.219434431631726,50.555950889865834,-6.663483541765892,7.463998943701608,102.05641965022929,80.85674038235399,-21.199679267875297,9.362750661096964,32.477609843993555,28.445679753056897,-4.031930090936658,5.543448026492854,77.31459506259111,58.746469245545065,-18.568125817046045,8.068343366100457,44.836985218597555,30.300789492488157,-14.536195726109398,7.651092878534096
homepos_h,CZE,36,446.5492674859699,427.1229251674723,-19.426342318497575,5.2132160142806265,489.8552278250826,469.9680173786577,-19.887210446424888,5.1429235296080895,505.7528295979846,482.2389321846648,-23.513897413319796,4.850639782999007,513.2211534347349,495.5799596903118,-17.641193744423106,5.078826005131615,43.305960339112616,42.84509221118548,-0.46086812792713516,5.199943959934814,59.20356211201467,55.11600701719253,-4.087555094822143,6.0249113193650885,66.67188594876492,68.45703452283956,1.7851485740746398,6.616623119867163,15.89760177290206,12.270914806007045,-3.626686966895015,5.2593642249435675,23.36592560965231,25.611942311654076,2.2460167020017643,5.946237723782337,7.468323836750249,13.34102750564703,5.872703668896781,5.338968727543086
homepos_h,DEU,36,429.50195138964426,410.9998749681789,-18.502076421465347,7.944145947945174,481.2317964132666,467.50922651915727,-13.722569894109313,7.566137754603857,509.57269072615554,498.5180566870116,-11.054634039143934,6.470951058676057,519.1598645299587,513.0897415569615,-6.070122972997183,5.798856899077405,51.72984502362239,56.509351550978316,4.779506527355927,7.877961167803774,80.07073933651122,87.51818171883266,7.447442382321441,8.044285660417447,89.65791314031443,102.0898665887826,12.431953448468164,8.554952202362584,28.34089431288884,31.00883016785433,2.667935854965492,7.33292580146983,37.928068116692046,45.580515037804275,7.6524469211122295,7.793673004879925,9.587173803803205,14.571684869949944,4.984511066146739,6.805224769905718
homepos_h,DNK,36,463.410967670328,433.51772154567914,-29.89324612464884,6.157929995237553,492.81494017959113,467.1013618776039,-25.71357830198724,5.651895385884887,505.6899916012173,476.04083119531253,-29.64916040590475,5.4091517549650225,498.7493218611868,469.78205401524366,-28.967267845943127,5.80520485795475,29.403972509263195,33.58364033192483,4.179667822661639,7.468715622778853,42.27902393088938,42.52310964963335,0.24408571874396756,6.923565309605033,35.33835419085885,36.26433246956453,0.9259782787056778,7.139030823351679,12.875051421626182,8.939469317708511,-3.935582103917671,7.121351436583746,5.934381681595658,2.680692137639693,-3.253689543955965,7.5570373074244745,-6.940669740030524,-6.258777180068819,0.681892559961705,6.994133034123508
homepos_h,ESP,36,439.891528101967,421.1520664352659,-18.739461666701118,4.4103500886076725,472.35440700856026,450.34994459276476,-22.0044624157955,3.601213957629796,491.4016936245245,467.3850892384733,-24.0166043860512,3.459444522532935,499.9629364340893,478.51225274646333,-21.45068368762594,3.6161824473058735,32.462878906593154,29.197878157498906,-3.2650007490942485,4.329549880586731,51.51016552255752,46.23302280320746,-5.27714271935006,4.367793340796041,60.071408332122246,57.36018631119744,-2.711222020924808,5.22164255156589,19.047286615964367,17.035144645708556,-2.0121419702558114,3.6704359227762864,27.6085294255291,28.16230815369853,0.55377872816943,3.8716760993006907,8.561242809564732,11.127163507989973,2.5659206984252414,3.905612179500741
homepos_h,EST,36,485.89514799786696,471.3455782152695,-14.549569782597473,5.03958451408743,508.9357208135555,499.70216779884475,-9.233553014710765,5.1264222899916785,522.4504498565818,512.1556089819571,-10.294840874624697,4.780564426544265,529.9109723895516,518.0967717503803,-11.814200639171304,5.310744867814087,23.040572815688442,28.356589583575264,5.316016767886822,5.726668660275549,36.55530185871494,40.81003076668753,4.254728907972591,5.683638629366578,44.01582439168464,46.75119353511089,2.7353691434262544,5.988211913717525,13.5147290430265,12.453441183112266,-1.0612878599142341,5.72426651031738,20.975251575996197,18.39460395153563,-2.5806476244605676,6.026680611948673,7.460522532969696,5.9411627684233626,-1.5193597645463335,5.467911931832435
homepos_h,FIN,36,461.8672708225875,455.99174054114644,-5.875530281441058,4.745569507080551,495.07454485317504,478.5921761974067,-16.48236865576837,4.329650349879739,505.99867166588695,489.7050533859974,-16.29361827988953,4.451359508940453,505.76591409555186,486.96371708398465,-18.802197011567216,4.575688922072518,33.20727403058747,22.600435656260167,-10.606838374327303,4.8675130855447,44.13140084329938,33.71331284485096,-10.41808799844842,5.111978162762928,43.89864327296436,30.97197654283813,-12.926666730126225,5.302719701919665,10.924126812711915,11.112877188590796,0.18875037587888066,4.971732520762916,10.69136924237689,8.371540886577964,-2.3198283557989257,5.133564644117052,-0.23275757033502487,-2.7413363020128316,-2.5085787316778068,5.623274625039584
homepos_h,FRA,36,424.70589210295503,415.0421591591741,-9.663732943780929,6.254447396871644,468.4425830581549,454.7567965655747,-13.685786492580235,5.77945465761002,491.8844348876082,472.309958888079,-19.574475999529227,5.809640801115161,515.7514887761054,496.2206679238836,-19.53082085222178,6.275255476307598,43.73669095519984,39.71463740640065,-4.022053548799192,6.346235056235116,67.1785427846531,57.267799728904926,-9.910743055748178,7.178505288827037,91.04559667315031,81.17850876470962,-9.867087908440695,7.9235357935630315,23.44185182945327,17.553162322504285,-5.888689506948985,5.339246765568653,47.30890571795048,41.46387135830897,-5.8450343596415095,5.972884373794302,23.867053888497207,23.91070903580469,0.04365514730748288,6.0753609453576
homepos_h,GBR,36,463.6688782024982,468.5402577081468,4.8713795056485765,5.483954402308913,493.4328593244701,494.04161546627586,0.6087561418057703,5.3294180985631066,509.4561215922844,504.42542260125384,-5.030698991030533,5.478241409870608,526.5401963428833,519.4961708864789,-7.04402545640437,5.801165844544399,29.76398112197184,25.50135775812914,-4.262623363842703,6.952893675612903,45.787243389786184,35.885164893107074,-9.90207849667911,6.734868643684234,62.8713181403851,50.95591317833211,-11.915404962052989,7.540441849113022,16.02326226781434,10.383807134977939,-5.6394551328363995,6.491263630653412,33.10733701841325,25.454555420202972,-7.652781598210275,7.171157066829885,17.08407475059891,15.070748285225033,-2.0133264653738756,6.6125726028461385
homepos_h,GRC,36,410.0184026856493,398.2741354171526,-11.744267268496685,5.395516564539325,441.178516652853,426.58379764155126,-14.59471901130172,6.003592909093462,451.4377308921212,440.306965475407,-11.130765416714155,5.624064691978248,454.7505413666081,435.8811773981487,-18.869363968459425,5.912389337989277,31.160113967203653,28.30966222439874,-2.850451742804914,6.27531268944086,41.41932820647192,42.03283005825449,0.6135018517825728,6.497275500176642,44.73213868095884,37.60704198099614,-7.125096699962704,6.58817208179823,10.25921423926826,13.72316783385575,3.4639535945874904,6.014760188051367,13.572024713755189,9.2973797565974,-4.27464495715779,6.3900425279137,3.312810474486929,-4.4257880772583515,-7.73859855174528,5.988767826743137
homepos_h,HUN,36,416.696961285621,407.0751310899231,-9.621830195697896,6.533643801829185,469.42982219252826,452.64039248225646,-16.789429710271804,5.535284636523435,493.70282405279914,470.52198914972644,-23.180834903072707,4.755010226542591,514.4523333331679,485.2957138009112,-29.156619532256684,5.881543667315572,52.73286090690722,45.56526139233335,-7.1675995145738725,6.536524061877387,77.00586276717813,63.44685805980331,-13.559004707374818,7.573585294695556,97.7553720475469,78.22058271098808,-19.534789336558816,8.286169475873681,24.2730018602709,17.88159666746996,-6.3914051928009386,5.93727245809432,45.02251114063968,32.655321318654735,-12.367189821984944,6.681130945452525,20.749509280368777,14.773724651184773,-5.9757846291840035,5.815635381678788
homepos_h,IRL,36,486.0866844094332,466.54288943126267,-19.543794978170524,5.555421716723623,511.2907403373514,498.86648781882576,-12.424252518525634,4.191449611235004,529.9707300234707,515.4493344490627,-14.521395574407961,5.098653248265011,539.6159862972768,525.05183245882,-14.564153838456832,4.134913259359323,25.204055927918155,32.323598387563,7.1195424596448476,5.836317156283908,43.88404561403731,48.90644501780001,5.022399403762698,6.246411857271798,53.52930188784369,58.50894302755722,4.979641139713536,6.151611130627833,18.67998968611916,16.582846630237004,-2.0971430558821567,5.3279908669385145,28.325245959925535,26.185344639994213,-2.1399013199313224,5.038161187651781,9.645256273806377,9.602498009757209,-0.042758264049167494,5.621445359133047
homepos_h,ISL,36,409.6765584403597,390.8123633516339,-18.864195088725808,5.461319767236744,441.9448777124392,433.0191256051471,-8.925752107292112,5.36340810960854,448.0327560497056,439.8377188559383,-8.195037193767291,5.303095129612532,449.6249818175455,438.1567220790478,-11.468259738497693,5.461893785648426,32.26831927207943,42.20676225351325,9.938442981433816,7.881577383042165,38.356197609345884,49.025355504304414,10.66915789495853,7.483543085388691,39.948423377185776,47.34435872741396,7.395935350228186,7.195613373029984,6.087878337266455,6.818593250791173,0.730714913524718,7.446151300592787,7.680104105106347,5.1375964739007145,-2.5425076312056323,7.267501117675025,1.5922257678398921,-1.6809967768904586,-3.2732225447303507,7.447857898097908
homepos_h,ISR,36,419.494384818232,391.7231694834418,-27.771215334790213,7.474334468639493,475.2892235516987,439.6498157882335,-35.63940776346516,7.038220659647877,505.3445073785215,459.1744311475694,-46.17007623095208,6.830018622427789,501.5976737421089,463.56814428780353,-38.02952945430536,7.023612945564463,55.79483873346673,47.92664630479182,-7.8681924286749165,7.628588064968668,85.85012256028949,67.45126166412754,-18.39886089616195,7.455091351326394,82.10328892387683,71.8449748043618,-10.258314119515035,8.516460526807112,30.055283826822752,19.52461535933574,-10.530668467487011,7.5688876701038135,26.308450190410106,23.918328499569988,-2.390121690840118,7.8518822719688135,-3.7468336364126458,4.3937131402342455,8.140546776646891,8.018511969200713
homepos_h,ITA,36,449.969392434153,434.2256226417314,-15.74376979242163,5.294769621398179,475.79501002311065,472.20253162924746,-3.592478393863189,4.91353308320483,497.2778889628447,490.4506084843535,-6.827280478491218,5.4390377138926915,507.07790316395767,503.6212739050303,-3.4566292589273644,5.338118091414478,25.825617588957737,37.97690898751602,12.151291398558282,5.7502057684207015,47.30849652869175,56.22498584262219,8.916489313930441,6.083127799075357,57.10851072980465,69.39565126329889,12.287140533494238,6.927203049699852,21.482878939734007,18.248076855106167,-3.234802084627841,5.397718554642812,31.282893140846916,31.418742275782854,0.1358491349359383,5.391086235294582,9.800014201112907,13.170665420676688,3.370651219563781,5.617636720674004
homepos_h,JPN,36,488.2814803052288,477.28416568920755,-10.997314616021242,7.796243115205087,519.2557100643738,509.9077417038087,-9.347968360565119,5.859854726715866,527.7351048436669,515.9536739683789,-11.781430875288038,5.626804138230164,530.1799678245266,516.814876079029,-13.36509174549758,6.432774934666753,30.974229759145214,32.62357601460119,1.6493462554559777,7.348332395802545,39.45362453843826,38.66950827917139,-0.7841162592668738,7.107160524857954,41.89848751929786,39.53071038982138,-2.3677771294764796,8.256456039623222,8.479394779293045,6.0459322645702,-2.4334625147228452,5.9877026358932515,10.924257760152647,6.907134375220193,-4.017123384932455,6.293246921351725,2.4448629808596025,0.8612021106499924,-1.5836608702096102,5.760096098340683
homepos_h,KOR,36,476.7499923384492,472.4661332602801,-4.283859078169087,7.58030015400727,513.352175950056,504.21694822061744,-9.135227729438554,7.081736044860823,530.9294613807217,510.79020479243474,-20.13925658828697,5.803032398237756,544.5560269178877,521.8797068163437,-22.67632010154398,6.986036932454095,36.602183611606776,31.7508149603374,-4.851368651269375,7.448308646867078,54.17946904227252,38.32407153215461,-15.85539751011791,8.061499402314405,67.80603457943846,49.41357355606376,-18.3924610233747,9.003706528341944,17.577285430665746,6.573256571817211,-11.004028858848535,7.4200298013940875,31.20385096783167,17.66275859572636,-13.541092372105311,7.009136202942806,13.626565537165925,11.089502023909148,-2.5370635132567774,7.914468347424799
homepos_h,LTU,36,440.13986821219885,437.49279727369395,-2.6470709385048963,4.692395363918998,473.7301529117406,467.26527030845074,-6.46488260328988,4.599098675656673,484.79540114265376,473.54219293820097,-11.25320820445279,4.2276736847867395,494.20137889975496,482.8034957149568,-11.397883184798161,5.061861275435243,33.59028469954171,29.772473034756768,-3.8178116647849443,5.543896290906627,44.65553293045495,36.04939566450699,-8.606137265947964,5.6714516709233775,54.06151068755605,45.31069844126286,-8.750812246293194,6.13684946543026,11.065248230913237,6.27692262975022,-4.7883256011630175,5.702350843086299,20.47122598801434,15.538225406506086,-4.933000581508253,5.914200751130422,9.405977757101102,9.261302776755866,-0.1446749803452363,5.76307241646988
homepos_h,LVA,36,445.48822096674337,401.79889815270946,-43.689322814033915,4.746689591138904,476.13803164698146,432.01157820132687,-44.12645344565459,4.970851876294157,483.7730942527376,442.0709121849753,-41.702182067762294,4.944593225635377,496.3833488060271,447.8847006916467,-48.49864811438039,4.582765234395938,30.64981068023808,30.212680048617393,-0.4371306316206862,5.44705346250342,38.28487328599418,40.272014032265886,1.987140746271706,5.677952901385399,50.89512783928368,46.08580253893725,-4.80932530034643,5.602329084996547,7.635062605756099,10.059333983648491,2.424271377892392,5.53469496504222,20.2453171590456,15.873122490319862,-4.37219466872574,5.487525707648634,12.610254553289503,5.8137885066713695,-6.796466046618133,6.029927136281976
homepos_h,MEX,36,381.9370034448462,380.65856473192724,-1.2784387129189554,4.541254978050938,407.95115977184594,401.0879772858026,-6.863182486043343,4.545702694089971,424.6658178960762,418.5338105578905,-6.132007338185701,5.526024857920261,452.2258567455651,435.05315358917204,-17.172703156393084,6.56435502031544,26.01415632699973,20.429412553875324,-5.584743773124405,5.140278944109297,42.72881445122997,37.875245825963184,-4.853568625266789,5.858539056916915,70.28885330071884,54.39458885724473,-15.894264443474114,7.648478050748163,16.714658124230244,17.44583327208786,0.7311751478576163,5.15596545490992,44.27469697371912,33.96517630336941,-10.309520670349706,6.972553714155693,27.560038849488876,16.51934303128155,-11.040695818207325,5.963642462063382
homepos_h,NLD,36,407.61087414931933,419.16782819084074,11.556954041521408,8.354175699975531,466.85406575802733,451.6325946728906,-15.221471085136727,6.143670888580905,486.35233357421674,461.6291455351596,-24.723188039057163,6.121271422845296,486.465192117123,459.1873953287195,-27.27779678840352,6.918819552064803,59.24319160870797,32.46476648204986,-26.778425126658107,7.157033564410418,78.74145942489746,42.46131734431885,-36.28014208057861,8.257125677690938,78.85431796780374,40.01956713787882,-38.834750829924914,9.204019037500188,19.498267816189486,9.996550862268986,-9.5017169539205,6.518551840595963,19.61112635909577,7.554800655828961,-12.05632570326681,7.178128065824986,0.11285854290628664,-2.4417502064400254,-2.554608749346312,7.25885993914998
homepos_h,NOR,36,442.1699831923496,426.39411731427407,-15.775865878075535,5.720111078448011,481.0900225585523,458.55553756983335,-22.53448498871893,5.4697534021810625,499.56163233248,474.36348910777554,-25.198143224704438,5.469687666775553,490.22516343850265,470.6664055586342,-19.558757879868438,5.3650362267772715,38.920039366202616,32.16142025555929,-6.758619110643323,6.982109497119873,57.391649140130355,47.96937179350145,-9.422277346628903,6.91729808922445,48.05518024615297,44.27228824436016,-3.78289200179281,7.257950278549497,18.471609773927746,15.807951537942165,-2.663658235985581,6.899474510571315,9.135140879950352,12.110867988800873,2.9757271088505206,6.811131328586068,-9.336468893977393,-3.6970835491412912,5.639385344836102,6.702327450827304
homepos_h,NZL,36,461.36503368196253,456.96434421557376,-4.400689466388769,5.4336875897758325,506.0869089738079,496.0116853357957,-10.075223638012233,5.824560996859974,519.5976141943423,521.7051624812673,2.1075482869249527,5.173222345795512,525.4548796369558,528.6442940670124,3.1894144300566722,5.420320993620713,44.72187529184549,39.04734112022187,-5.67453417162362,6.8643656770398085,58.23258051237976,64.74081826569348,6.508237753313715,7.3189345085119974,64.08984595499328,71.67994985143869,7.590103896445413,7.3337410597959485,13.510705220534271,25.693477145471594,12.182771924937322,6.909262365724295,19.367970663147776,32.63260873121682,13.264638068069043,7.191719449637197,5.857265442613505,6.9391315857452245,1.0818661431317196,7.192696862121409
homepos_h,POL,36,456.4813353736581,458.34508630256994,1.863750928911827,5.579762106265081,492.1915763141844,482.5854754667627,-9.606100847421658,5.318583703633628,501.4716242057592,496.03409593442603,-5.4375282713331785,5.409331150551234,509.17931595395595,501.4588767485146,-7.720439205441323,5.918303067676996,35.71024094052625,24.240389164192834,-11.469851776333414,6.249466861578397,44.99028883210103,37.689009631856145,-7.301279200244885,6.642599790536397,52.69798058029782,43.11379044594476,-9.584190134353065,7.393270485005723,9.280047891574787,13.448620467663313,4.1685725760885255,6.010606397846757,16.987739639771586,18.87340128175192,1.8856616419803345,6.589174090259497,7.707691748196799,5.424780814088609,-2.28291093410819,6.091716789360356
homepos_h,PRT,36,438.89283536787786,429.0213137826913,-9.871521585186542,5.951898514063811,471.57122018299094,457.7545180147311,-13.816702168259837,5.6029979279577695,492.02354783773063,476.3971474396606,-15.626400398070018,5.6316503037862,507.6802163190781,489.911486678565,-17.76872964051313,5.571216388439468,32.67838481511315,28.73320423203984,-3.9451805830733093,5.540150427890721,53.13071246985278,47.37583365696927,-5.754878812883511,6.583865523117835,68.78738095120032,60.89017289587368,-7.897208055326637,7.051635122218349,20.452327654739634,18.64262942492943,-1.809698229810202,5.654692048866299,36.108996136087185,32.15696866383384,-3.9520274722533486,6.213455422873983,15.656668481347548,13.514339238904409,-2.1423292424431395,5.420756777997015
homepos_h,SVK,36,393.34202108581536,404.5186502108965,11.17662912508115,7.0191134186889785,454.00370687162604,452.9394388523935,-1.0642680192325429,5.6807966294403816,472.94795537284034,466.6082597130018,-6.339695659838526,5.18139410269606,481.94432180618605,479.0433648843624,-2.9009569218236493,5.802676326192133,60.661685785810654,48.42078864149697,-12.240897144313685,7.314009456768988,79.60593428702501,62.08960950210528,-17.516324784919725,7.65843024433065,88.60230072037065,74.52471467346598,-14.07758604690467,8.71311803576825,18.94424850121434,13.66882086060831,-5.275427640606029,5.541665623419455,27.94061493455998,26.103926031968996,-1.8366889025909856,6.99816435200637,8.996366433345646,12.435105171360686,3.43873873801504,6.279076889392383
homepos_h,SVN,36,438.6358073050158,416.0510146715962,-22.584792633419625,5.439538561406887,477.1829539760841,452.96714359061673,-24.215810385467364,4.309998010263025,481.67320001004816,464.2236040040946,-17.449596005953538,4.522414541513638,478.6953856011238,459.4963007273959,-19.199084873727884,4.963209017034187,38.54714667106834,36.91612891902044,-1.631017752047903,7.107253560014543,43.037392705032374,48.172589332498404,5.13519662746603,7.092761004752648,40.059578296108,43.445286055799734,3.3857077596917335,7.674790556551824,4.490246033964036,11.256460413477964,6.766214379513928,6.056085028251657,1.512431625039659,6.529157136779292,5.016725511739633,6.60465763784101,-2.9778144089243765,-4.727303276698672,-1.7494888677742955,6.455427513213311
homepos_h,SWE,36,437.0946823210008,424.3636133733379,-12.73106894766289,5.776325803937301,490.46880395392026,472.46005227264897,-18.008751681271292,5.930200921416595,513.2430655619658,493.355235890541,-19.887829671424754,5.888748850140292,515.9990014597718,489.62719359090363,-26.37180786886813,5.979856226846962,53.37412163291957,48.096438899311,-5.2776827336085645,6.4854529502817995,76.14838324096493,68.99162251720308,-7.156760723761849,7.156472463264385,78.9043191387711,65.26358021756566,-13.64073892120544,7.828439585292565,22.77426160804536,20.89518361789208,-1.8790779901532808,6.603043590982479,25.530197505851532,17.167141318254654,-8.363056187596879,6.68131388215898,2.7559358978061708,-3.7280422996374285,-6.4839781974436,6.887221601617543
homepos_h,TUR,36,417.3439938272062,434.72044876152484,17.376454934318645,4.750249301578362,450.71881316274255,465.03850249313444,14.319689330391896,4.574326063394799,469.7098471532581,489.1676652534562,19.457818100198097,4.159532302704791,487.9102581003801,501.4683319347349,13.558073834354843,5.650696868304146,33.37481933553644,30.318053731609677,-3.0567656039267668,5.359171862923439,52.36585332605193,54.447216491931385,2.081363165879452,5.556225168929611,70.56626427317384,66.74788317321014,-3.818381099963702,7.1025855626195105,18.991033990515497,24.129162760321712,5.138128769806215,4.727137406447235,37.1914449376374,36.42982944160047,-0.7616154960369315,6.616675045328873,18.200410947121906,12.300666681278756,-5.89974426584315,5.990135869167102
homepos_h,USA,36,457.9252880427728,440.2341116546742,-17.691176388098597,8.812039343272453,492.5604057687389,483.4426298661826,-9.117775902556332,11.813665214043793,527.0726363491452,511.07088584109204,-16.001750508053192,13.399659700059278,541.5862774111359,536.5271719704068,-5.059105440729127,14.801498589419213,34.63511772596617,43.20851821150838,8.573400485542209,11.254419796507888,69.14734830637249,70.83677418641784,1.6894258800453485,13.312421072557111,83.66098936836305,96.2930603157326,12.632070947369556,16.244704497777775,34.512230580406325,27.62825597490948,-6.883974605496846,12.28581633345563,49.025871642396886,53.08454210422423,4.05867046182734,13.537746666633158,14.513641061990564,25.456286129314748,10.942645067324184,16.130865790508874
homepos_h,OECD,36,439.0670380211524,429.1539601353005,-9.91307788585192,1.4656325196385351,476.90130896383516,463.90281498947735,-12.998493974357814,1.4582547680864126,495.067533008134,479.9493977000214,-15.118135308112585,1.4297826775025335,504.2245686063933,488.085028277924,-16.13954032846931,1.506172968609832,37.8342709426827,34.748854854176756,-3.0854160885059443,1.0659853781864197,56.00049498698147,50.79543756472086,-5.205057422260616,1.138741883545911,65.15753058524092,58.93106814262346,-6.226462442617461,1.2565154626389348,18.166224044298776,16.0465827105441,-2.119641333754675,1.0529109140151336,27.32325964255822,24.18221328844671,-3.1410463541115092,1.1637293836187814,9.157035598259444,8.135630577902612,-1.0214050203568323,1.13041429650432
books_h,AUS,36,445.60659378117424,442.87706396958555,-2.729529811588691,4.042205560537954,495.63170346650713,490.6679925914297,-4.963710875077425,4.177962361964919,514.9054995267046,506.7494161002666,-8.156083426437988,4.20454027098806,541.9664698690756,533.1813931551922,-8.785076713883427,4.300057267376507,50.02510968533291,47.79092862184414,-2.2341810634887693,4.58219195140053,69.29890574553038,63.872352130681044,-5.4265536148493325,4.747234034723706,96.35987608790143,90.30432918560648,-6.0555469022949495,5.056474616372685,19.273796060197476,16.081423508836906,-3.1923725513605703,4.752434096612315,46.33476640256852,42.513400563762346,-3.821365838806173,4.750486893616107,27.060970342371046,26.431977054925436,-0.6289932874456099,5.035209850497364
books_h,AUT,36,413.6795405360335,407.09801165271386,-6.581528883319663,5.619321251709016,475.13709132063894,463.3489658016857,-11.788125518953223,5.8831580727229,502.3041949539429,486.5124835067594,-15.791711447183502,4.756921958772317,534.5127912591468,514.2871662654901,-20.225624993656652,5.1749300346025,61.45755078460549,56.25095414897171,-5.20659663563378,5.875294948731285,88.62465441790935,79.41447185404556,-9.210182563863796,6.631437503383371,120.83325072311322,107.18915461277615,-13.644096110337074,6.70235686900763,27.167103633303867,23.16351770507386,-4.003585928230006,6.204120312543992,59.37569993850775,50.93820046380444,-8.437499474703309,6.2740901788582955,32.208596305203876,27.77468275873058,-4.4339135464732955,5.37962652464515
books_h,BEL,36,414.68048665180305,407.17908722022423,-7.501399431578818,5.8953584716909635,473.3085238148794,462.33203871467174,-10.97648510020764,6.124982873613861,501.66642368311494,491.2407628815334,-10.425660801581557,5.114996926742517,529.4997663993361,514.454772389723,-15.044994009613106,4.915247101796163,58.62803716307631,55.15295149444747,-3.475085668628836,5.934475953699625,86.98593703131182,84.06167566130921,-2.924261370002611,6.40072454035263,114.8192797475328,107.27568516949869,-7.543594578034117,6.928792934631404,28.357899868235524,28.90872416686174,0.5508242986262175,5.9650524103113325,56.19124258445652,52.122733675051236,-4.068508909405281,6.574870787105602,27.833342716221,23.21400950818949,-4.6193332080315095,5.352214714419422
books_h,CAN,36,462.2687044129451,450.6087427111831,-11.659961701762029,4.137118999381368,509.41265943806013,491.2287523690993,-18.18390706896082,3.7036625391702724,523.3559244526516,507.150676977247,-16.205247475404633,4.054104627155252,542.6666811815787,522.0075785332689,-20.65910264830984,4.406715787140702,47.143955025115105,40.62000965791627,-6.523945367198834,4.646777258349108,61.08722003970653,56.54193426606393,-4.545285773642597,4.959051460412575,80.3979767686336,71.39883582208574,-8.999140946547854,5.161180847125697,13.943265014591418,15.921924608147668,1.9786595935562499,4.19816526059568,33.2540217435185,30.778826164169477,-2.4751955793490232,4.988895560905813,19.310756728927082,14.856901556021807,-4.453855172905275,4.574648168336938
books_h,CHE,36,418.11686175491934,410.75316476488354,-7.363696990035805,5.32499903802522,474.3822323984058,462.37051321160953,-12.011719186796256,5.704334932841074,502.47844466585536,493.5413446657969,-8.937100000058479,5.4886837903133925,540.1163331466626,518.8146019900421,-21.301731156620463,6.34454728127031,56.26537064348652,51.61734844672607,-4.648022196760451,5.9729976940757386,84.36158291093604,82.78817990091336,-1.5734030100226732,6.6116063855431575,121.99947139174307,108.06143722515876,-13.938034166584316,7.614711596721102,28.09621226744951,31.170831454187294,3.0746191867377846,6.444256432260082,65.73410074825658,56.444088778432686,-9.290011969823894,7.310486249260606,37.637888480807064,25.273257324245385,-12.364631156561678,6.938485811113408
books_h,CHL,36,411.9181622846446,404.4730872402649,-7.445075044379735,5.167486849122372,435.2214877834559,428.8664332669467,-6.355054516509256,5.659717870715892,464.34365337859833,446.8231627468266,-17.520490631771736,5.434988369583169,488.0968681134118,472.3717191542008,-15.725148959211026,5.472421812412499,23.303325498811308,24.393346026681712,1.0900205278704043,5.860354808219152,52.42549109395377,42.35007550656171,-10.075415587392058,5.989634433105711,76.17870582876722,67.89863191393582,-8.280073914831405,6.753921658022789,29.122165595142462,17.956729479879993,-11.16543611526247,5.821484441965935,52.87538032995592,43.5052858872541,-9.37009444270182,5.76179972035444,23.75321473481346,25.548556407374104,1.7953416725606424,5.876818981897332
books_h,COL,36,371.6823091198976,369.0356297821022,-2.6466793377953763,5.447547670396816,395.41285336089425,390.80664958601307,-4.60620377488118,5.4383195679268,417.67285632152823,409.6632635363276,-8.009592785200653,6.689982195511544,458.28734159121586,439.66520539009906,-18.622136201116803,7.843435679280133,23.730544240996757,21.771019803910896,-1.9595244370858609,5.683961977611716,45.99054720163076,40.62763375422533,-5.3629134474054325,6.2294959085226145,86.60503247131831,70.62957560799691,-15.975456863321398,7.536048702540454,22.260002960634004,18.856613950314436,-3.403389010319568,5.586816872600432,62.874488230321546,48.858555804086016,-14.01593242623553,7.162661217303025,40.61448526968754,30.00194185377158,-10.612543415915962,7.023056174049978
books_h,CZE,36,423.01720392995924,408.62281868330314,-14.3943852466561,5.4888034063147435,487.5144373080387,464.7887485824773,-22.725688725561383,5.481006310275086,507.23926312428705,487.7525328165958,-19.486730307691232,4.488600590833221,537.1177638196007,512.442164603844,-24.67559921575662,5.727275775247713,64.49723337807943,56.16592989917423,-8.331303478905198,6.0216264267773365,84.22205919432774,79.12971413329268,-5.092345061035061,6.097801671098238,114.10055988964129,103.81934592054094,-10.28121396910035,7.668998057574103,19.72482581624832,22.963784234118457,3.238958417870137,5.042768123260061,49.60332651156186,47.65341602136671,-1.9499104901951512,6.8812321755123245,29.87850069531354,24.68963178724825,-5.188868908065292,5.681095752129987
books_h,DEU,36,412.32390150759875,397.06662217292063,-15.257279334678117,7.34728259480872,474.454084244584,458.91169005037284,-15.54239419421117,6.816204642557904,510.1342181001137,498.63700482090644,-11.497213279207244,6.487605682713025,541.3120773972296,532.2114522694912,-9.10062512773834,6.065446003646214,62.13018273698524,61.84506787745217,-0.28511485953306703,6.820897765770237,97.81031659251487,101.57038264798584,3.760066055470972,7.776658228633502,128.98817588963078,135.1448300965707,6.156654206939919,8.099173931050078,35.68013385552963,39.72531477053367,4.045180915004039,6.503373493291601,66.85799315264558,73.29976221911849,6.441769066472915,6.985316547873561,31.17785929711594,33.57444744858483,2.3965881514688867,6.4054263012327715
books_h,DNK,36,442.51070074885257,419.33948593719754,-23.171214811655034,5.049118094852028,489.1877600543209,456.2075875501155,-32.98017250420543,6.331069061329738,502.4301327579748,475.75828545006135,-26.671847307913424,5.452616548519275,526.7193670689446,494.8387045693729,-31.880662499571713,5.633544085896241,46.67705930546844,36.86810161291798,-9.808957692550457,7.0498804728615925,59.919432009122126,56.418799512863814,-3.500632496258312,6.36182524835833,84.20866632009202,75.49921863217537,-8.70944768791665,6.873679339663982,13.24237270365369,19.550697899945828,6.308325196292138,6.874223233371807,37.53160701462357,38.63111701925738,1.0995100046338138,7.3743685350837715,24.28923431096988,19.08041911931155,-5.208815191658331,7.115469170534112
books_h,ESP,36,425.4957021845115,409.5822226348844,-15.91347954962714,4.35739969239643,472.1604778646944,450.06963352984155,-22.090844334852875,3.593084108237316,491.1430458384233,469.6565875123376,-21.48645832608571,3.3608483967633487,514.4509744125596,487.61664694325134,-26.834327469308278,3.4782762512104135,46.6647756801829,40.48741089495725,-6.177364785225649,3.9046768789904704,65.64734365391179,60.07436487745324,-5.572978776458548,4.271221257078503,88.95527222804814,78.03442430836694,-10.920847919681208,4.636001897422898,18.982567973728898,19.58695398249599,0.6043860087670936,3.6453282384822128,42.290496547865246,37.54701341340969,-4.743483134455559,4.2138759945809765,23.307928574136348,17.96005943091369,-5.347869143222656,3.7156059792425085
books_h,EST,36,466.6840667347727,453.8944311346707,-12.78963560010203,5.134750162535412,506.5517900077545,497.5376095506669,-9.014180457087605,4.742845302410921,522.3620285267399,512.8158390430921,-9.546189483647822,5.381489661599078,551.5150884199677,536.878460430338,-14.636627989629687,4.928490945951271,39.86772327298166,43.64317841599615,3.77545514301449,5.848660180401588,55.67796179196705,58.921407908421386,3.2434461164543364,5.985109455190817,84.83102168519486,82.9840292956674,-1.8469923895274576,6.043427244571482,15.810238518985397,15.278229492425236,-0.5320090265601607,5.75808329396276,44.963298412213206,39.34085087967125,-5.622447532541955,5.425309116098502,29.153059893227805,24.062621387246015,-5.0904385059817905,5.367480737111203
books_h,FIN,36,444.42099910861555,431.36783452435685,-13.053164584258695,5.008777261915985,487.0946904693243,474.30488470774856,-12.789805761575735,4.330788638436662,507.2326631590283,490.4310944851867,-16.801568673841587,4.940544255514605,531.5257759636426,514.1303491663659,-17.395426797276627,4.790933512811428,42.673691360708624,42.9370501833918,0.26335882268317334,5.975443521298051,62.81166405041265,59.063259960829875,-3.7484040895827775,5.892570596652897,87.10477685502687,82.76251464200898,-4.342262213017889,6.095117949631059,20.13797268970402,16.126209777438085,-4.011762912265937,5.328921541016814,44.43108549431824,39.82546445861718,-4.605621035701056,5.163343211359763,24.293112804614218,23.6992546811791,-0.593858123435119,5.801644862848268
books_h,FRA,36,403.622708339132,395.38001889140185,-8.242689447730129,6.036712142414308,462.6424687352886,453.08368059367206,-9.55878814161656,5.613756182024522,499.17531544450446,482.5164510355395,-16.658864408964973,5.881830231550553,534.7004425817887,506.0008101846821,-28.699632397106598,6.4850186064189534,59.01976039615668,57.70366170227025,-1.316098693886424,5.972721008352153,95.55260710537246,87.13643214413761,-8.416174961234844,7.1456161304915184,131.0777342426567,110.62079129328012,-20.456942949376582,7.496612586400404,36.53284670921577,29.43277044186737,-7.100076267348399,5.85189386836619,72.0579738465,52.9171295910099,-19.1408442554901,6.50923157824188,35.525127137284244,23.484359149142534,-12.04076798814171,5.677710419676117
books_h,GBR,36,440.8686393114611,447.43401037338083,6.565371061919734,5.084453029179947,489.8105740946856,491.00856095853914,1.1979868638535436,4.8814113505550765,512.042276696495,505.96441089997154,-6.077865796523497,5.202001955334129,549.1395201602422,542.441542086988,-6.697978073254262,5.799449423025143,48.9419347832245,43.57455058515832,-5.367384198066176,5.80949725512304,71.17363738503391,58.53040052659067,-12.643236858443245,6.143820297883693,108.27088084878116,95.00753171360705,-13.26334913517411,7.157564702606864,22.231702601809424,14.955849941432337,-7.275852660377087,6.102930296263531,59.32894606555667,51.43298112844873,-7.895964937107941,6.367872785302047,37.09724346374725,36.4771311870164,-0.6201122767308505,6.5855976550276845
books_h,GRC,36,395.39797196492293,381.3050659888239,-14.092905976099019,5.674572889901279,433.117396895413,417.2275671090216,-15.889829786391374,5.729466044235731,452.2769252292802,438.84911050641085,-13.427814722869357,5.420822680093166,475.44846705122984,461.4959608845173,-13.952506166712567,5.8404811898894815,37.71942493049008,35.92250112019779,-1.7969238102922844,5.553695478758914,56.87895326435718,57.54404451758696,0.6650912532297824,6.035430139408534,80.05049508630684,80.19089489569342,0.14039980938657948,6.634812930801432,19.159528333867097,21.62154339738917,2.462015063522074,6.233444040736686,42.33107015581676,44.268393775495625,1.937323619678864,6.125515046791895,23.17154182194966,22.646850378106457,-0.5246914438432029,5.569009819503204
books_h,HUN,36,396.1087847327577,388.683187537716,-7.425597195041746,6.709314030937683,468.66260673257295,450.43183706476265,-18.230769667810307,5.0085349373227075,498.817892712121,476.50403286416395,-22.313859847957076,5.035361989849526,528.4135125148438,496.391974395106,-32.021538119737784,5.964107966689898,72.55382199981528,61.74864952704659,-10.805172472768696,7.085647371953492,102.70910797936331,87.820845326448,-14.888262652915316,7.417308053649355,132.30472778208613,107.70878685738997,-24.595940924696166,8.591012510999962,30.155285979548033,26.072195799401403,-4.08309018014663,5.445254296367795,59.75090578227084,45.96013733034337,-13.79076845192747,6.531727538765855,29.595619802722815,19.88794153094197,-9.707678271780846,5.7098588726821315
books_h,IRL,36,463.49334580192334,448.7345835850392,-14.758762216884122,4.979782060375103,515.1205557439037,498.78058545013164,-16.339970293772012,4.411586318261174,530.6689709178179,515.118865152769,-15.550105765048897,4.5647452319736725,557.8449507481748,543.7282485234776,-14.116702224697178,4.278294678918438,51.62720994198031,50.04600186509241,-1.5812080768879042,5.265032990999851,67.17562511589445,66.38428156772976,-0.79134354816469,5.161947752494643,94.35160494625144,94.99366493843851,0.6420599921870718,5.750975770422754,15.548415173914146,16.338279702637358,0.7898645287232124,5.239327695285622,42.72439500427113,44.94766307334609,2.2232680690749618,5.136405596622644,27.175979830356983,28.609383370708734,1.433403540351751,4.708319888330571
books_h,ISL,36,391.0366915949306,377.5082309692409,-13.528460625689661,5.500788865557259,433.1345603172179,420.2939793823506,-12.840580934867319,5.639082325266961,455.7234843859863,440.17998208140824,-15.543502304578055,5.589361329443405,468.53664146773417,463.41441886770747,-5.122222600026703,5.223020361083784,42.09786872228733,42.78574841310971,0.6878796908223777,7.854699249999788,64.68679279105567,62.67175111216737,-2.015041678888295,7.942130957414037,77.49994987280354,85.90618789846651,8.406238025662972,7.625946496408303,22.58892406876833,19.886002699057673,-2.702921369710655,6.924489780228574,35.402081150516224,43.1204394853568,7.718358334840573,7.672969766689014,12.813157081747892,23.234436786299124,10.421279704551232,7.689358606236329
books_h,ISR,36,412.1264847961969,383.43258468401234,-28.693900112184565,6.683306640773633,466.15317116760025,435.6440246946633,-30.509146472936948,6.44693599212012,501.96128066289293,467.643654649984,-34.31762601290893,8.023982300325777,525.4949951479622,488.13118626980815,-37.36380887815403,7.493164939194541,54.02668637140336,52.211440010650946,-1.8152463607524112,6.7587018338636256,89.83479586669591,84.21106996597162,-5.6237259007242955,8.510304485991023,113.36851035176532,104.69860158579574,-8.66990876596958,9.520679211227991,35.808109495292555,31.99962995532067,-3.8084795399718843,7.775193469956777,59.34182398036196,52.487161575144796,-6.854662405217162,8.809839399140634,23.533714485069403,20.487531619824118,-3.046182865245285,9.122331671950525
books_h,ITA,36,436.990311166083,423.3434729269523,-13.646838239130716,5.2135131357779505,476.759395175181,470.12707895789464,-6.632316217286359,5.094488947313049,498.48130321701274,491.6924938596368,-6.788809357375953,5.075459116579044,517.2188165790806,515.3726960202409,-1.8461205588396297,5.841698871309618,39.769084009097924,46.783606030942394,7.014522021844471,5.770809017794783,61.490992050929705,68.34902093268447,6.8580288817547626,6.473192601525123,80.22850541299746,92.02922309328865,11.800717680291186,6.759180015613101,21.721908041831778,21.56541490174207,-0.15649314008970805,5.236307641533788,40.45942140389955,45.245617062346255,4.786195658446708,5.662473301251492,18.737513362067766,23.68020216060419,4.942688798536423,6.055671290229044
books_h,JPN,36,477.6805560522345,463.55624150855556,-14.124314543678963,6.794260406011414,519.2355150329403,507.1961288723338,-12.039386160606455,5.995925666925796,528.3335961851803,515.2785907835812,-13.055005401599146,6.320809406940787,539.9826224314171,534.3873416186393,-5.595280812777787,6.445127523962663,41.554958980705614,43.639887363778236,2.084928383072622,6.717105059782803,50.65304013294572,51.72234927502559,1.0693091420798737,7.270442052520376,62.30206637918246,70.83110011008367,8.529033730901205,7.541487841320377,9.098081152240104,8.08246191124735,-1.0156192409927538,6.159067507415023,20.74710739847685,27.191212746305446,6.444105347828597,5.829231773064538,11.649026246236748,19.108750835058096,7.459724588821349,5.9094646176090615
books_h,KOR,36,471.0591511745994,469.2486585180468,-1.810492656552583,8.379540743029882,513.6852025130931,501.06703779090185,-12.618164722191295,8.88336446545339,531.8080719669514,514.1766743327491,-17.631397634202244,5.8157299512342915,546.5787174472484,524.0061141865107,-22.572603260737765,6.2340312257895105,42.62605133849382,31.818379272854987,-10.807672065638837,10.386239962643334,60.7489207923521,44.9280158147023,-15.820904977649803,8.207856071797828,75.519566272649,54.7574556684639,-20.762110604185104,9.577645948236261,18.12286945385828,13.109636541847312,-5.013232912010967,8.703705233806417,32.893514934155164,22.939076395608907,-9.954438538546256,9.632734535123635,14.770645480296889,9.829439853761595,-4.941205626535293,6.504808388484762
books_h,LTU,36,424.34117984583554,423.4924848191845,-0.8486950266510576,4.601838028263787,464.80595222595656,460.72098701921084,-4.084965206745721,4.674484045759529,488.9056084161246,478.8305978961768,-10.075010519947796,4.191269981184197,513.2681536084833,496.67321750058807,-16.59493610789525,4.9685797608539675,40.46477238012102,37.228502200026334,-3.236270180094685,5.788038601856417,64.56442857028908,55.33811307699237,-9.22631549329671,5.329382433771137,88.92697376264769,73.18073268140363,-15.746241081244065,5.8552002586805,24.099656190168055,18.10961087696604,-5.990045313202014,5.169380531004497,48.46220138252667,35.95223048137729,-12.50997090114938,6.449338640878405,24.362545192358617,17.842619604411247,-6.51992558794737,5.3512086185976875
books_h,LVA,36,434.1699729244777,388.5104713483973,-45.6595015760804,4.982453093596051,472.8074651458197,423.27758063815355,-49.52988450766617,5.3254970226520495,485.22581386775937,445.7471907020011,-39.47862316575828,4.498119696638934,509.4829965205237,466.4492879303678,-43.033708590155925,4.527648663700665,38.63749222134206,34.7671092897562,-3.8703829315858584,5.862418100639867,51.055840943281694,57.2367193536038,6.180878410322109,5.673680454190885,75.31302359604607,77.93881658197047,2.625792985924406,5.487663965238398,12.418348721939633,22.469610063847604,10.05126134190797,5.452453777514391,36.67553137470399,43.17170729221427,6.4961759175102785,5.794441227741188,24.257182652764364,20.70209722836667,-3.555085424397692,5.722749984260116
books_h,MEX,36,390.8850889050771,380.38124193576436,-10.503846969312747,4.6756127426418335,405.77504138923206,398.0214162689476,-7.753625120284482,4.203282036659022,422.14712116978455,416.1369118157451,-6.010209354039432,5.1567498479553855,444.43914621350893,439.2205364946085,-5.218609718900439,6.944281668616567,14.88995248415498,17.640174333183097,2.750221849028117,4.95879175752744,31.26203226470745,35.75566987998067,4.493637615273222,5.293519824430651,53.55405730843184,58.83929455884398,5.285237250412145,7.515367148272801,16.37207978055247,18.115495546797575,1.743415766245107,5.256443392954436,38.66410482427686,41.19912022566088,2.5350154013840154,7.322769154984367,22.29202504372439,23.083624678863305,0.7915996351389154,6.001360088710654
books_h,NLD,36,394.2459839026056,381.7384875351387,-12.5074963674669,8.396578286787195,452.40114713657397,436.7447414826922,-15.65640565388179,7.733078050373929,486.3506288546071,465.56022595701995,-20.79040289758717,6.120269515449815,513.9166878132405,488.54063730260697,-25.376050510633547,6.729047268645774,58.15516323396834,55.0062539475535,-3.1489092864148347,8.606471826708663,92.10464495200146,83.82173842188118,-8.282906530120286,8.450046377933186,119.67070391063494,106.80214976746825,-12.86855414316669,9.628158190161763,33.949481718033134,28.815484474327672,-5.133997243705462,8.013127665262903,61.51554067666659,51.79589581991473,-9.719644856751856,8.98450374538989,27.56605895863346,22.98041134558706,-4.5856476130463975,7.561156515752191
books_h,NOR,36,422.84558089919585,411.4145491184507,-11.431031780745172,5.1950939184619305,473.6927166512346,452.1930908695499,-21.4996257816847,4.6534772595250455,501.5852741068178,471.51723766579306,-30.06803644102473,5.736336790391996,515.3541904695976,494.91290376142297,-20.44128670817463,5.305338657794766,50.84713575203877,40.778541751099205,-10.068594000939562,5.974042820129145,78.73969320762197,60.10268854734236,-18.637004660279608,6.1374029743151475,92.50860957040175,83.4983546429723,-9.010254927429443,6.935362509284795,27.892557455583205,19.32414679624315,-8.568410659340056,6.118815301341581,41.66147381836298,42.7198128918731,1.058339073510119,5.980368045051516,13.768916362779771,23.395666095629945,9.626749732850174,6.9959888601300975
books_h,NZL,36,448.2111959711718,443.3697262602985,-4.841469710873298,5.44222067197768,498.50696273237634,490.38943985937647,-8.11752287299987,5.783182192374956,517.079130981549,524.5773042609997,7.4981732794506115,5.878471563508312,548.3449889319606,545.3209767049232,-3.024012227037474,5.34086918975237,50.29576676120453,47.01971359907806,-3.2760531621264732,7.453280302391469,68.8679350103773,81.20757800070112,12.339642990323824,7.20062721798489,100.1337929607888,101.95125044462478,1.8174574838359803,7.202120142289012,18.572168249172773,34.18786440162306,15.615696152450287,7.677126844075982,49.83802619958426,54.9315368455467,5.093510645962439,7.565117412386748,31.265857950411487,20.74367244392364,-10.522185506487848,7.613486165691476
books_h,POL,36,437.2207280495477,428.2201533260874,-9.00057472346026,5.990220721585955,483.5140897710315,479.5763649498573,-3.9377248211741858,5.394009673656444,506.21138136378585,501.2848508929872,-4.926530470798639,5.122466871651249,533.1016209818573,528.6539769233206,-4.447644058536753,6.082472455874122,46.29336172148379,51.35621162376981,5.062849902286018,6.117741757557017,68.99065331423814,73.06469756689967,4.074044252661523,6.79504975805865,95.88089293230959,100.43382359723299,4.5529306649233945,8.109639755148468,22.697291592754368,21.708485943129865,-0.9888056496245028,6.0760870411197345,49.587531210825816,49.07761197346318,-0.509919237362638,6.481345920363335,26.89023961807145,27.369126030333312,0.47888641226186124,6.628415531147523
books_h,PRT,36,424.7938589701641,412.99614201081056,-11.797716959353522,5.864835915604507,468.1563106918985,453.69375250339726,-14.462558188501248,7.062928824453772,494.5903556181088,483.02220405574934,-11.568151562359446,5.0949328952833115,522.3772907140028,503.3088370746347,-19.0684536393681,5.05988583406084,43.36245172173436,40.69761049258656,-2.6648412291477968,6.1546404005743796,69.79649664794468,70.02606204493881,0.2295653969941327,5.876560137806407,97.58343174383867,90.31269506382407,-7.270736680014608,6.846316344950586,26.434044926210323,29.32845155235225,2.894406626141926,6.71650760706548,54.22098002210432,49.61508457123751,-4.605895450866811,7.037355293600409,27.786935095893995,20.28663301888526,-7.500302077008733,5.743633983913784
books_h,SVK,36,367.821869844615,379.1612583822247,11.339388537609693,6.914186644529362,445.31199783327236,447.2362636388587,1.9242658055863444,6.092820717665982,478.8088124472579,470.12094196860596,-8.687870478651917,5.002618389017803,499.29156958423835,499.4157767378941,0.12420715365573187,5.828624437334967,77.49012798865743,68.07500525663401,-9.41512273202342,7.1374765403546885,110.98694260264293,90.9596835863814,-20.027259016261524,7.296496211034486,131.4696997396233,120.25451835566938,-11.215181383953933,8.6352899873667,33.496814613985485,22.884678329747384,-10.612136284238101,5.928094115720851,53.979571750965874,52.179513099035375,-1.8000586519304989,6.707249005989074,20.482757136980393,29.29483476928799,8.812077632307599,6.307028618364372
books_h,SVN,36,416.36939453269014,393.5755241446981,-22.793870387992058,4.039960763989131,465.79874541161416,444.93530672088275,-20.863438690731414,4.28384623389426,486.92424560283325,465.0429607834114,-21.881284819421865,4.368711315466686,507.20888547819203,486.7893865188935,-20.41949895929855,4.7383401182355,49.429350878923984,51.35978257618469,1.9304316972607083,5.258349495142058,70.55485107014309,71.46743663871328,0.9125855685701936,5.426552613916379,90.8394909455019,93.21386237419543,2.374371428693536,6.374146330709442,21.1255001912191,20.10765406252859,-1.0178461286905112,5.833447859408605,41.41014006657791,41.85407979801075,0.4439397314328417,6.0267664776698195,20.284639875358806,21.746425735482166,1.46178586012336,6.855600483951465
books_h,SWE,36,425.38412751942235,407.80502941757857,-17.579098101843783,5.990569890349779,480.453103663998,458.1554638999825,-22.297639764015457,5.798704365573376,508.75687193654875,489.6517708555517,-19.10510108099703,5.563177853135467,539.8676210073193,522.4245453180945,-17.44307568922477,5.900566140153442,55.06897614457578,50.35043448240398,-4.718541662171795,6.342989312165709,83.37274441712654,81.84674143797307,-1.5260029791534748,6.969715623119517,114.483493487897,114.61951590051612,0.13602241261912695,7.618258937420813,28.30376827255077,31.49630695556909,3.19253868301832,5.9301011351359145,59.414517343321236,64.26908141811212,4.854564074790886,6.795447965863621,31.11074907077047,32.77277446254304,1.6620253917725698,6.207686229840332
books_h,TUR,36,407.7635653207461,426.57924891229356,18.81568359154744,4.782848731474936,449.1812785364153,467.9149070625696,18.733628526154348,4.546459629563495,471.3223617017937,486.648109490563,15.32574778876932,4.018661966914716,496.66820656341224,508.5800021778887,11.911795614476432,4.892342074708624,41.41771321566911,41.33565815027601,-0.08205506539309937,5.267863074084077,63.55879638104752,60.06886057826936,-3.489935802778163,5.38514626205832,88.9046412426662,82.00075326559518,-6.903887977071022,6.139345049625301,22.141083165378422,18.733202427993355,-3.4078807373850672,4.707506335032357,47.48692802699709,40.665095115319176,-6.821832911677916,5.537042706633421,25.345844861618666,21.93189268732582,-3.413952174292845,5.3941541419222805
books_h,USA,36,440.473475157795,423.6332115322293,-16.840263625565683,8.151060669952463,488.51047517990116,479.24081702199675,-9.269658157904416,12.725267630859493,527.3265839191494,515.5480627203914,-11.778521198757971,14.791655086696679,561.0983597923662,551.4295361041528,-9.668823688213365,12.05708224553592,48.03700002210617,55.60760548976744,7.570605467661267,11.662853107508875,86.85310876135432,91.91485118816209,5.061742426807768,15.189568419235336,120.62488463457116,127.79632457192346,7.171439937352304,13.31865149496473,38.81610873924815,36.307245698394645,-2.5088630408535053,15.450080913354553,72.58788461246499,72.188719082156,-0.3991655303089914,11.643195384593596,33.77177587321684,35.88147338376135,2.109697510544514,11.726286485429785
books_h,OECD,36,424.31433054259213,413.650049615406,-10.664280927186155,1.4661941910852376,472.2974034530216,459.12228089784514,-13.175122555176472,1.5037199737115847,495.88310155259234,481.62069693817074,-14.262404614421598,1.4554758746295586,521.8212695125221,505.5552813457708,-16.2659881667513,1.4838926944633843,47.983072910429584,45.4722312824391,-2.5108416279904873,1.1180515042610357,71.56877101000028,67.97064732276469,-3.598123687235585,1.1549353539027787,97.50693896993009,91.90523173036483,-5.601707239565258,1.241949313612212,23.585698099570685,22.4984160403256,-1.0872820592450836,1.0906265506621793,49.52386605950051,46.43300044792574,-3.0908656115747704,1.2260669107066466,25.938167959929824,23.93458440760014,-2.003583552329683,1.0344045151820824
escs_cc,AUS,36,458.9756848542138,465.1508815204176,6.175196666203817,3.901610602796875,487.986239082664,492.92561426822857,4.939375185564586,4.423442967900144,521.7970091540059,523.3689759918451,1.571966837839227,4.285206839981524,552.9035724404894,533.2437552521084,-19.659817188381,4.323634068001663,29.010554228450246,27.77473274781092,-1.235821480639327,5.571168740018649,62.821324299792174,58.21809447142741,-4.603229828364761,5.002268315778365,93.92788758627555,68.09287373169073,-25.835013854584815,5.083281953256183,33.81077007134193,30.443361723616484,-3.367408347725444,5.069991795087474,64.91733335782533,40.318140983879815,-24.599192373945513,5.072393756312875,31.10656328648339,9.874779260263335,-21.231784026220055,4.658273521436097
escs_cc,AUT,36,438.9392440765922,440.36174563163166,1.422501555039446,5.473541357148949,472.17555570410315,471.8887301149186,-0.28682558918455925,5.317131052582945,509.88949703955734,494.34413868739546,-15.545358352161884,4.823672608566636,542.8051342386374,520.511196047748,-22.293938190889435,4.773447472388755,33.23631162751087,31.526984483286878,-1.7093271442239946,6.3509943135587825,70.9502529629652,53.98239305576376,-16.967859907201436,6.022141267862615,103.8658901620452,80.14945041611625,-23.71643974592895,6.663291386721184,37.71394133545431,22.455408572476887,-15.25853276297742,5.9291493758159985,70.62957853453432,48.62246593282937,-22.007112601704947,5.770621930077612,32.91563719908001,26.16705736035248,-6.7485798387275295,5.133610289652837
escs_cc,BEL,36,433.50335689978374,449.8640945004293,16.360737600645564,5.171770846953387,469.6155741966492,482.25783684184626,12.642262645197036,5.756110451930389,508.78875519449684,510.5533785663092,1.7646233718123767,4.943810492408757,543.6659332372534,524.2690075631094,-19.396925674143972,5.34066801522196,36.11221729686552,32.39374234141706,-3.718474955448464,6.221100774818262,75.28539829471318,60.689284065879995,-14.59611422883318,6.346970364301087,110.16257633746952,74.40491306268021,-35.75766327478931,6.887043203168406,39.173180997847645,28.29554172446293,-10.877639273384716,5.867452447897577,74.05035904060401,42.01117072126315,-32.03918831934086,7.153177723695238,34.87717804275637,13.715628996800216,-21.161549045956153,5.883655092845372
escs_cc,CAN,36,480.7843897215006,473.75359824349715,-7.030791478003437,3.8518111406740068,504.0946862420184,502.9011941067035,-1.193492135314898,3.8493494241434294,528.2755085310666,525.1576998050783,-3.1178087259883114,3.7868750054159475,550.463237435263,525.7463863926047,-24.716851042658277,4.872347474742818,23.310296520517834,29.147595863206256,5.837299342688421,4.683554282690979,47.49111880956603,51.404101561581115,3.9129827520150826,4.760168262127741,69.67884771376244,51.9927881491076,-17.68605956465484,5.426449132987852,24.180822289048194,22.25650569837486,-1.9243165906733353,4.5151917240743895,46.368551193244606,22.84519228590134,-23.523358907343265,5.425660583093645,22.187728904196412,0.5886865875264788,-21.599042316669934,4.873382569262057
escs_cc,CHE,36,433.8188018802697,448.83350440558405,15.014702525314362,5.3140266345222855,474.2899150684116,476.41930090152607,2.1293858331144975,5.608505494735443,511.0081549306909,504.7064841264144,-6.301670804276512,5.610247913603928,552.6097806215623,529.1417213768195,-23.46805924474279,5.484059598380937,40.471113188141985,27.58579649594206,-12.885316692199925,6.196745463286134,77.18935305042127,55.87297972083032,-21.316373329590952,6.510292389199058,118.79097874129263,80.30821697123542,-38.48276177005721,7.308967567048825,36.71823986227929,28.287183224888263,-8.431056637391027,6.308246250343539,78.31986555315065,52.72242047529337,-25.59744507785728,6.281734065244225,41.60162569087136,24.435237250405113,-17.166388440466246,6.607095604433328
escs_cc,CHL,36,418.90127757934454,422.8216627452513,3.920385165906737,6.244390228596612,445.68392208890475,435.3123540992971,-10.371567989607627,5.527314775140006,463.6433663352209,454.0547234983637,-9.588642836857161,5.70073786814105,495.3413712659262,492.8766277748961,-2.464743491030106,5.413937135938093,26.782644509560185,12.490691354045845,-14.29195315551434,7.290906120862753,44.74208875587628,31.233060753112408,-13.509028002763873,7.493983188432121,76.44009368658173,70.05496502964483,-6.3851286569368995,8.049069898355844,17.9594442463161,18.742369399066565,0.7829251527504653,6.615989575628034,49.65744917702155,57.564273675598976,7.9068244985774285,5.875081399692118,31.698004930705444,38.82190427653241,7.123899345826963,6.49056841965529
escs_cc,COL,36,369.7052682129938,372.17628578191426,2.4710175689204448,4.832749085555819,395.31262365122006,402.5615248033206,7.2489011521005295,6.2142087056819095,418.9910391849322,423.71335438770654,4.722315202774325,6.81078213214726,471.7841941240634,464.1515910207322,-7.632603103331178,9.56610044611188,25.607355438226268,30.385239021406345,4.777883583180078,6.339157208492869,49.28577097193839,51.53706860579234,2.2512976338539517,7.0311195890723575,102.07892591106956,91.97530523881797,-10.103620672251594,10.463876684542626,23.67841553371212,21.151829584385997,-2.5265859493261225,5.602037391904754,76.4715704728433,61.59006621741163,-14.881504255431665,9.566584154595894,52.793154939131185,40.43823663302563,-12.354918306105553,8.994633897604121
escs_cc,CZE,36,438.07139040572366,444.90650553412127,6.835115128397604,5.244909166558171,484.4306056888594,468.5217855818986,-15.908820106960775,4.767986284340289,506.08456542815856,490.20686511716366,-15.877700310994896,5.238852080659251,548.8784281316422,519.752011500768,-29.126416630874132,5.737380059721579,46.35921528313574,23.615280047777286,-22.743935235358453,5.768442467882621,68.01317502243498,45.300359583042415,-22.712815439392564,6.032945914624388,110.80703772591846,74.8455059666467,-35.961531759271764,7.633104119357601,21.65395973929923,21.685079535265128,0.031119795965899755,5.53522401630016,64.44782244278272,51.23022591886943,-13.217596523913294,6.551481407878027,42.7938627034835,29.545146383604294,-13.248716319879204,6.4453687597126414
escs_cc,DEU,36,450.4973037356038,442.6922484988462,-7.805055236757596,5.814643482016253,481.2007168508411,481.8253301039164,0.6246132530752675,6.82985396653205,506.6629465899755,511.02484918995816,4.36190259998267,7.268773380855621,553.9234030379,548.7957069283751,-5.127696109524891,5.924098932938949,30.703413115237367,39.13308160507006,8.429668489832693,7.1253464697246685,56.165642854371754,68.33260069111194,12.166957836740181,7.575081243504501,103.42609930229625,106.10345842952897,2.6773591272327195,7.744492137392173,25.462229739134393,29.199519086041867,3.737289346907474,7.504460846989194,72.72268618705888,66.97037682445892,-5.752309362599959,7.651201922305134,47.2604564479245,37.77085773841705,-9.489598709507447,7.443679949649053
escs_cc,DNK,36,457.51470524077797,444.7404702444158,-12.774234996362168,5.119685342292733,484.9040207853219,466.8746471053382,-18.029373679983678,5.882880832283078,513.4128386921575,493.83991126726767,-19.572927424889826,6.197996182693834,523.5942520973816,496.01906718840917,-27.57518490897246,6.805543893924341,27.38931554454402,22.134176860922413,-5.255138683621606,6.650607148598151,55.89813345137954,49.09944102285191,-6.79869242852763,6.916394207570771,66.07954685660377,51.278596943993534,-14.800949912610236,8.057119393832256,28.508817906835525,26.965264161929504,-1.5435537449060206,7.0238781527831975,38.690231312059744,29.14442008307113,-9.545811228988615,8.304383308461711,10.18141340522422,2.179155921141626,-8.002257484082595,8.271516993728973
escs_cc,ESP,36,444.96993520351725,430.4665768726721,-14.503358330845174,3.788496164263059,466.172540540006,451.8980310827483,-14.27450945725775,3.775471953501998,491.4598430436839,477.0161910595223,-14.44365198416159,3.2600121086202365,521.4118282243552,488.9304085061359,-32.481419718219286,3.459551348203434,21.202605336488734,21.431454210076225,0.2288488735874914,3.934295324040194,46.48990784016667,46.549614186850285,0.059706346683611855,4.049250779665415,76.44189302083785,58.46383163346386,-17.97806138737399,4.66394681882669,25.28730250367794,25.11815997677406,-0.16914252690387954,3.730566330341781,55.239287684349094,37.03237742338762,-18.20691026096147,4.353354287286471,29.951985180671166,11.914217446613566,-18.0377677340576,3.655010955915589
escs_cc,EST,36,481.19026573374424,468.7890414001589,-12.401224333585333,5.009923625658271,501.13743669616923,493.72883200117747,-7.408604694991766,5.318036601535755,527.0143555269649,525.6688142017395,-1.3455413252254402,4.8745953817296845,553.2791765788133,535.7826777519306,-17.49649882688277,5.307330050490205,19.947170962424984,24.93979060101855,4.992619638593567,6.4705252014833725,45.82408979322064,56.87977280158052,11.055683008359885,6.363583200974247,72.08891084506907,66.99363635177173,-5.095274493297339,6.540175634366367,25.87691883079565,31.939982200561968,6.0630633697663185,5.829877092578224,52.141739882644075,42.053845750753176,-10.087894131890899,5.957613866472988,26.264821051848422,10.113863550191207,-16.150957501657217,5.584929148845625
escs_cc,FIN,36,458.8357737875811,453.91777311036833,-4.918000677212774,4.382285830184596,481.83036932084406,477.54380465377,-4.28656466707406,4.549903429649976,513.658732843943,507.771459997674,-5.8872728462689565,4.896460610237746,540.4541192637178,517.8581242557278,-22.595995007989927,4.495009332127599,22.994595533263045,23.6260315434017,0.6314360101386569,5.414553119877234,54.822959056361945,53.85368688730561,-0.9692721690563388,5.718087003509198,81.6183454761368,63.94035114535952,-17.677994330777274,6.047063632203006,31.828363523098904,30.227655343903905,-1.6007081791949993,5.3450169319134755,58.623749942873744,40.31431960195781,-18.30943034091593,5.657689968094512,26.79538641977485,10.086664258053906,-16.708722161720942,5.948799676591102
escs_cc,FRA,36,434.11965668773354,439.0826851260355,4.96302843830199,5.682182925896111,469.66595063522107,462.1748268510187,-7.491123784202387,5.8052110126171055,499.5106582459757,493.8658456285337,-5.644812617442028,6.773920409326275,542.6715235828564,520.243817730034,-22.427705852822328,5.938841907295246,35.546293947487484,23.092141724983115,-12.45415222250437,6.377432223727343,65.39100155824215,54.78316050249806,-10.607841055744089,7.5510784306220335,108.5518668951228,81.16113260399847,-27.390734291124332,7.222290189568633,29.844707610754675,31.691018777514945,1.8463111667602696,6.930236328300672,73.0055729476353,58.06899087901536,-14.936582068619941,6.688097329158742,43.16086533688063,26.37797210150041,-16.78289323538022,5.962063882364518
escs_cc,GBR,36,474.8101769868189,481.73858278078814,6.928405793969262,4.861837956722982,496.0250795204603,503.3795636292034,7.354484108743122,5.577526472530288,508.19171760773986,521.2125338853832,13.020816277643348,5.205142086929601,556.5465758808296,544.4394289624145,-12.107146918415083,6.862494177792333,21.214902533641357,21.640980848415275,0.42607831477391755,6.701469260183615,33.381540620921015,39.47395110459511,6.092410483674094,6.311742861482313,81.73639889401065,62.70084618162641,-19.035552712384238,7.983183719625862,12.16663808727966,17.832970256179834,5.666332168900174,6.268996263449502,60.521496360369284,41.059865333211135,-19.46163102715815,7.920702619613193,48.354858273089626,23.226895077031305,-25.12796319605832,7.105849815722964
escs_cc,GRC,36,407.1106914861656,399.2912522961349,-7.819439190030664,6.488318397503264,430.2501708492773,422.11457397473544,-8.135596874541875,4.9395222224827435,453.98788928720177,452.8726461390963,-1.1152431481054919,5.998342189836236,490.2087133733192,471.44990287247236,-18.758810500846835,5.452701444153997,23.13947936311168,22.823321678600486,-0.3161576845111931,6.507803129391452,46.87719780103616,53.58139384296142,6.7041960419252575,7.035161765974117,83.09802188715362,72.15865057633752,-10.9393713108161,7.591598290694173,23.737718437924478,30.758072164360925,7.020353726436447,5.763014611263478,59.958542524041945,49.33532889773705,-10.623213626304896,6.1404395765626,36.22082408611746,18.577256733376124,-17.643567352741336,6.350670678546679
escs_cc,HUN,36,418.1000981052901,420.3937001139235,2.2936020086333997,5.971936075958233,460.4023153449633,451.01974551647436,-9.382569828488954,5.770664341553921,496.58489260987136,476.0160823947516,-20.568810215119754,5.873874629432422,539.8286019516605,504.62550373510464,-35.20309821655587,6.1172706780161406,42.30221723967334,30.62604540255084,-11.6761718371225,7.130634053355146,78.48479450458133,55.62238228082814,-22.86241222375319,7.987509168403003,121.72850384637044,84.23180362118123,-37.496700225189215,8.453757304832125,36.182577264908,24.996336878277297,-11.1862403866307,6.426891808329985,79.42628660669712,53.6057582186304,-25.82052838806672,7.875193425493784,43.24370934178911,28.609421340353094,-14.634288001436019,6.7989118714427
escs_cc,IRL,36,481.60010066794655,478.2975980214952,-3.3025026464513303,4.237672049346333,506.8311082808821,495.9404866385248,-10.890621642357303,4.667760141670192,530.7614444434801,522.8147103465828,-7.946734096897217,4.643648573951209,556.0742436723666,543.8811401613009,-12.193103511065715,4.73539631461877,25.231007612935535,17.642888617029637,-7.588118995905898,5.641241273209474,49.16134377553365,44.51711232508772,-4.644231450445929,5.453815369620061,74.47414300442009,65.58354213980579,-8.8906008646143,5.363124608018838,23.930336162598117,26.874223708058082,2.9438875454599653,5.764296542899512,49.24313539148455,47.940653522776145,-1.302481868708405,5.530696342890309,25.312799228886433,21.06642981471806,-4.246369414168374,5.471065569621434
escs_cc,ISL,36,404.6796249372484,414.90015545149254,10.22053051424416,5.407595748351106,439.5646488095691,440.2926190798136,0.7279702702444979,6.0441373461679255,454.66484031512425,464.16078556080004,9.495945245675784,5.4599763717792085,482.60896299506965,470.9935594122924,-11.615403582777219,5.5185600857132835,34.88502387232073,25.39246362832112,-9.492560243999609,8.15158616940748,49.98521537787589,49.26063010930745,-0.7245852685684397,7.190506455277991,77.9293380578213,56.0934039607998,-21.8359340970215,7.9675668411057545,15.100191505555165,23.868166480986325,8.76797497543116,7.755321182350733,43.04431418550057,30.700940332478677,-12.343373853021891,7.7665797429236,27.9441226799454,6.832773851492351,-21.11134882845305,7.427962060856752
escs_cc,ISR,36,421.25976878665796,423.3148430555003,2.055074268842361,6.772537416615359,466.3481482313191,468.34383829916885,1.9956900678497504,7.873879516305474,514.0371351565159,488.4630148354706,-25.574120321045314,7.896103662269972,540.3350090175139,497.58890681223164,-42.746102205282284,6.242092804065906,45.08837944466107,45.02899524366857,-0.05938420099250408,8.530760603447748,92.77736636985784,65.14817177997038,-27.62919458988746,9.28660728414233,119.07524023085602,74.27406375673141,-44.80117647412462,8.343482030237912,47.68898692519678,20.119176536301815,-27.569810388894965,9.3008854963242,73.98686078619494,29.24506851306284,-44.7417922731321,8.53932390840601,26.297873860998163,9.125891976761029,-17.171981884237134,7.954652638081187
escs_cc,ITA,36,446.439814573877,446.38415773078657,-0.05565684309044627,5.093235195776557,476.6229699007363,477.69242766838215,1.069457767645872,5.008837493120161,495.4147035864209,494.2613342535568,-1.153369332864088,5.396091298483869,522.7784699650973,521.0782416150626,-1.700228350034763,5.750575542626515,30.183155326859215,31.30826993759568,1.125114610736464,6.272900884151828,48.9748890125439,47.87717652277028,-1.0977124897736203,6.574414630403732,76.33865539122039,74.69408388427607,-1.6445715069443168,6.900361899019707,18.791733685684687,16.568906585174595,-2.2228271005100915,6.004905893848477,46.155500064361185,43.38581394668041,-2.769686117680777,6.836567763825411,27.363766378676495,26.81690736150581,-0.5468590171706857,5.22486775693036
escs_cc,JPN,36,482.61268901274326,477.32560468949424,-5.287084323249019,7.048626156179237,511.5037154873723,503.52601320667674,-7.977702280695553,6.243405954034306,533.1304797126533,525.2321979700017,-7.898281742651534,6.378174289580614,555.2594015486432,540.4473309761141,-14.812070572529024,6.686899055689603,28.891026474628955,26.200408517182478,-2.6906179574464772,7.090903586652397,50.51779069990986,47.90659328050747,-2.6111974194023873,7.7768921260594865,72.64671253589988,63.121726286619875,-9.524986249280005,9.10905959916955,21.6267642252809,21.706184763324995,0.07942053804409355,6.603037534663857,43.755686061270936,36.92131776943741,-6.834368291833528,7.954909895257749,22.128921835990035,15.21513300611241,-6.913788829877625,6.243976609537584
escs_cc,KOR,36,478.1768968249253,473.49997744292733,-4.676919381997948,7.101483297383252,510.12034174126086,510.6759393987766,0.5555976575157615,6.649576501944184,530.4530993898213,528.5773466245435,-1.8757527652778663,6.484208971937557,559.8819822171092,539.109074711318,-20.77290750579118,6.220966291492792,31.943444916335533,37.175961955849246,5.232517039513713,7.749264677895993,52.27620256489606,55.0773691816162,2.8011666167201383,7.905288698549794,81.70508539218399,65.60909726839068,-16.095988123793305,7.906343044569839,20.332757648560527,17.901407225766945,-2.4313504227935816,7.326721688571581,49.761640475848445,28.433135312541424,-21.32850516330702,7.816182630721411,29.428882827287918,10.531728086774478,-18.89715474051344,7.580636017135241
escs_cc,LTU,36,437.43191866452116,449.8254054459729,12.393486781451713,5.578255382502295,469.2407319853537,476.25723260684634,7.016500621492639,5.497956663956718,495.12712529902035,506.24361448627434,11.11648918725399,5.487860141239592,525.1286445918305,511.18487408931014,-13.943770502520351,6.409817950757373,31.80881332083258,26.431827160873496,-5.376986159959085,6.923585764983275,57.6952066344993,56.41820904030143,-1.2769975941978728,7.456957295751891,87.6967259273094,61.359468643337166,-26.337257283972235,8.100339001687292,25.886393313666712,29.98638187942793,4.099988565761219,6.998489959213497,55.88791260647681,34.92764148246368,-20.960271124013133,7.086486570270048,30.001519292810098,4.941259603035746,-25.06025968977435,7.147392000649577
escs_cc,LVA,36,442.9660929114375,423.6572166290269,-19.30887628241061,4.971015862846321,468.364050394637,446.75067393246053,-21.61337646217646,5.677998099699294,495.3068490313506,466.62613655560847,-28.680712475742155,5.045153544080296,519.4596570422931,475.74126308068014,-43.718393961612946,5.024949390084379,25.397957483199395,23.093457303433677,-2.304500179765718,6.054655974198014,52.34075611991307,42.96891992658154,-9.371836193331525,6.118793048178469,76.49356413085562,52.08404645165325,-24.409517679202366,6.513328921810167,26.94279863671367,19.875462623147865,-7.067336013565804,6.531554073259775,51.095606647656226,28.990589148219573,-22.105017499436652,6.920420858416685,24.15280801094256,9.115126525071707,-15.037681485870854,6.590400515619588
escs_cc,MEX,36,382.0899693335018,383.7346890059272,1.6447196724253672,4.435444639226989,403.4785187483465,405.61898791679096,2.14046916844444,4.498261487433253,426.25904808648045,422.00540703714023,-4.253641049340217,5.760085370686486,462.22242193254186,451.91487411601247,-10.307547816529393,6.570828987062973,21.388549414844732,21.884298910863826,0.49574949601909424,4.678349815646863,44.16907875297863,38.27071803121313,-5.898360721765499,6.203470489383963,80.13245259904,68.18018511008532,-11.952267488954675,7.546058362693861,22.780529338133896,16.386419120349302,-6.394110217784593,5.449176465339125,58.743903184195275,46.2958861992215,-12.448016984973776,6.9056012582698685,35.96337384606137,29.9094670788722,-6.053906767189172,6.455197835460285
escs_cc,NLD,36,426.11842688745236,420.8324998741946,-5.285927013257776,6.862579821812604,449.9791867460135,446.80839780376164,-3.1707889422518747,8.05343005622491,494.02521334172604,481.14986863511666,-12.875344706609383,6.535466097667558,523.4733529776519,503.1735278090259,-20.299825168625944,6.2106043692269575,23.860759858561075,25.975897929567026,2.1151380710059513,8.527955885394606,67.90678645427371,60.317368760922044,-7.58941769335167,8.601685096701507,97.35492609019944,82.34102793483135,-15.013898155368096,8.753223002630435,44.04602659571263,34.341470831355025,-9.704555764357607,8.09856221634515,73.49416623163839,56.36513000526431,-17.129036226374076,8.67769777751289,29.44813963592575,22.023659173909294,-7.424480462016454,6.991873072456708
escs_cc,NOR,36,445.88873283894884,430.5769672049928,-15.311765633956043,5.103149441177381,473.16350737865395,464.4311992523252,-8.732308126328746,5.552480372817679,500.2218509135493,488.17494256930934,-12.046908344239966,4.911107430537258,528.6956351240339,503.32426019256263,-25.371374931471223,5.61023894582294,27.27477453970519,33.85423204733247,6.579457507627275,6.429857804578181,54.33311807460052,57.59797536431656,3.2648572897160406,6.572958061056737,82.80690228508509,72.74729298756988,-10.059609297515209,7.117276867811509,27.05834353489532,23.743743316984098,-3.3146002179112237,5.978910927814784,55.532127745379874,38.89306094023741,-16.639066805142463,6.765900493394948,28.47378421048456,15.149317623253314,-13.324466587231246,6.0891201452783115
escs_cc,NZL,36,469.6803017703613,482.5658307104571,12.885528940095753,5.8739771790238455,505.17869974524217,505.8210044448465,0.642304699604324,5.891840221557225,529.9429840259393,543.0317566173164,13.088772591377165,5.926992850687296,557.2242089564368,555.9327136427135,-1.291495313723317,5.907183069600686,35.49839797488088,23.255173734389423,-12.243224240491458,7.758053839973233,60.26268225557785,60.465925906859276,0.20324365128142574,7.623918531424219,87.5439071860754,73.36688293225647,-14.177024253818928,8.460920624655547,24.764284280696973,37.21075217246986,12.446467891772887,7.469577942549474,52.04550921119453,50.11170919786705,-1.9338000133274775,8.027467840684595,27.281224930497558,12.90095702539719,-14.380267905100368,8.168977636469567
escs_cc,POL,36,449.82372966622114,459.34725849882005,9.523528832598913,5.526146704829179,482.0674358256845,481.7024723963881,-0.3649634292964379,5.509637274306667,509.06540261494746,517.3265482979275,8.261145682980043,6.309286799373627,547.6993797064499,535.6769727953495,-12.022406911100461,5.630840718427666,32.24370615946344,22.355213897568007,-9.888492261895436,5.87163004973413,59.24167294872633,57.97928979910747,-1.2623831496188629,7.738476425125568,97.87565004022876,76.3297142965293,-21.54593574369946,7.956572760359824,26.997966789262893,35.62407590153947,8.626109112276577,6.719525054127874,65.6319438807653,53.9745003989613,-11.657443481804009,7.258084767585074,38.633977091502416,18.35042449742183,-20.283552594080586,6.746051039466591
escs_cc,PRT,36,442.33101658555853,434.41165015480783,-7.919366430750699,5.250855771655749,467.2038378689552,463.12957433102974,-4.074263537925447,5.902465048140816,488.7715099969938,489.17237903757496,0.40086904058114214,6.07773343848471,529.6597874418724,515.2131240943547,-14.446663347517642,5.305434371598023,24.87282128339668,28.71792417622192,3.845102892825242,5.839445161289728,46.44049341143524,54.76072888276709,8.320235471331848,5.8734983917741435,87.3287708563139,80.80147393954678,-6.5272969167671135,6.610894729039902,21.56767212803856,26.042804706545173,4.475132578506614,5.855830462734103,62.45594957291721,52.08354976332485,-10.372399809592366,6.971782802083754,40.88827744487865,26.040745056779677,-14.847532388098976,6.725176968304286
escs_cc,SVK,36,397.0697167687135,415.6843403293694,18.6146235606559,6.920547647205826,449.63439812417647,447.36193101552044,-2.2724671086560306,5.840071087760901,469.95927988636697,475.46501362669835,5.5057337403313795,5.677160539684544,509.74141012149005,509.31752367979317,-0.4238864416968795,6.039812115006128,52.56468135546292,31.677590686151,-20.887090669311924,7.554661751783987,72.88956311765344,59.780673297328896,-13.108889820324542,7.991721061543086,112.67169335277649,93.63318335042374,-19.03851000235275,8.921731025949466,20.324881762190522,28.103082611177893,7.778200848987371,7.40971085413677,60.10701199731356,61.95559266427274,1.8485806669591796,7.695030078615989,39.78213023512304,33.85251005309484,-5.929620182028202,6.529944935372969
escs_cc,SVN,36,431.22239910626547,428.63248476095043,-2.5899143453150373,4.941477436384201,459.0024352103175,449.62641414860207,-9.376021061715448,4.86061993768745,488.7219649568727,481.6163170745452,-7.105647882327503,4.793369152754669,512.4911837637269,489.19091385054526,-23.300269913181637,5.054553819913544,27.780036104052094,20.993929387651654,-6.78610671640044,7.063724102830233,57.499565850607134,52.9838323135948,-4.515733537012331,6.642214196166329,81.2687846574615,60.558429089594895,-20.7103555678666,7.074892868230037,29.719529746555043,31.98990292594314,2.2703731793880984,6.795464687053984,53.488748553409394,39.56449970194323,-13.924248851466167,6.783253336661099,23.769218806854347,7.574596776000083,-16.194622030854262,6.767146769371776
escs_cc,SWE,36,443.8485149797699,433.7524376504842,-10.09607732928572,5.457925126296274,479.30415848408273,473.81732606294247,-5.486832421140264,5.027758119978986,518.857878642343,515.310235135673,-3.547643506670056,6.061117735493343,549.4025301385722,523.1016263018267,-26.30090383674542,5.794360195448286,35.45564350431286,40.06488841245825,4.609244908145392,6.023628439381308,75.00936366257324,81.55779748518876,6.548433822615522,6.970286542781538,105.55401515880229,89.3491886513425,-16.204826507459785,7.127043464720556,39.553720158260376,41.49290907273049,1.9391889144701153,6.515935377274563,70.09837165448943,49.28430023888425,-20.814071415605177,6.824898583435922,30.54465149622905,7.791391166153756,-22.753260330075296,6.53315254067199
escs_cc,TUR,36,428.8466305941546,447.42849841839825,18.58186782424366,4.463276474243342,444.49953053276977,469.48377143763156,24.984240904861792,4.156172506245538,458.4088892806719,481.79734287949725,23.38845359882538,4.910287115302799,498.37098987830524,522.0758069356726,23.704817057367393,4.683086088427492,15.65289993861515,22.055273019233255,6.402373080618105,5.148051787802627,29.562258686517293,34.36884446109896,4.8065857745816665,5.843064933208737,69.5243592841506,74.64730851727425,5.122949233123649,6.392818232427067,13.909358747902143,12.313571441865701,-1.595787306036442,5.134573626096985,53.871459345535456,52.592035498041014,-1.2794238474944422,5.409276943815654,39.96210059763331,40.27846405617531,0.3163634585419999,5.728684890325564
escs_cc,USA,36,466.7548917099449,463.6598691803985,-3.095022529546384,8.157665953425797,493.9850401740794,488.55975889940294,-5.425281274676479,8.486620120106197,517.6068568231742,518.9513374963806,1.3444806732063626,15.274904896478871,565.1674549890715,560.8724228510766,-4.295032137994895,15.861892284415166,27.230148464134402,24.899889719004523,-2.3302587451298784,9.170388789697824,50.85196511322937,55.29146831598221,4.439503202752839,14.9341636177536,98.4125632791267,97.21255367067815,-1.2000096084485534,16.092434997891257,23.621816649094967,30.391578596977684,6.769761947882717,15.558067436157817,71.1824148149923,72.31266395167363,1.1302491366813285,16.25380289491928,47.56059816589733,41.92108535469595,-5.639512811201385,13.282947704523309
escs_cc,OECD,36,441.0747015893862,441.3003359183802,0.2256343289939764,1.4186632158365504,471.14639405376073,468.3107712271115,-2.835622826649228,1.4927611054289776,498.0471757152526,494.32706230511724,-3.7201134101353546,1.4444005063724146,531.2790158768263,514.101530332962,-17.177485543864236,1.5350133567646578,30.071692464374514,27.01043530873132,-3.061257155643194,1.1551372430234916,56.97247412586641,53.02672638673705,-3.9457477391293594,1.170616665217404,90.20431428744007,72.80119441458184,-17.403119872858227,1.3658605268576285,26.9007816614919,26.016291078005736,-0.8844905834861656,1.1057402654869983,60.13262182306555,45.79075910585053,-14.341862717215015,1.2101251446352415,33.23184016157365,19.774468027844797,-13.457372133728853,1.1904141492939568
escs_h_cc,AUS,36,461.4741873943826,461.8435918908197,0.3694044964370846,4.049525436830168,490.07953683019775,492.4016994259065,2.3221625957087326,4.032521514306663,525.5065358163583,523.247872292069,-2.258663524289318,4.453939627074686,544.5934930871468,537.2013505374396,-7.392142549707273,4.163415606578662,28.605349435815164,30.55810753508677,1.9527580992716054,5.1755660021663585,64.03234842197568,61.40428040124941,-2.6280680207262748,5.231525890135304,83.11930569276419,75.35775864661973,-7.761547046144457,5.032298722265434,35.426998986160534,30.846172866162636,-4.580826119997898,4.923314003467566,54.513956256949044,44.79965111153298,-9.714305145416063,4.58473060959567,19.086957270788503,13.953478245370343,-5.1334790254181595,4.715656682610016
escs_h_cc,AUT,36,442.17049053214004,438.9765721365446,-3.1939183955954604,5.465902966801604,475.15244158814266,471.77493352099754,-3.377508067145129,5.448199765229794,510.156869313028,493.1745067222617,-16.982362590766286,4.820028410344089,536.3485743136973,523.1798524159943,-13.168721897702994,4.963800215393232,32.98195105600259,32.798361384452946,-0.18358967154964745,6.8609494575652,67.98637878088793,54.197934585717135,-13.788444195170797,5.8402209173021635,94.17808378155719,84.2032802794499,-9.974803502107292,6.8793122221876555,35.00442772488533,21.39957320126419,-13.604854523621142,6.174413341460813,61.19613272555459,51.40491889499697,-9.791213830557624,5.7485184101545475,26.191705000669252,30.005345693732778,3.813640693063526,5.343350826940132
escs_h_cc,BEL,36,436.4473023646876,449.3226163899361,12.875314025248542,5.175221774615808,472.76156230819214,480.1753962089015,7.413833900709335,5.429091483766895,510.77453187020154,509.2942974787378,-1.480234391463739,5.41213387165233,535.5867193487272,528.1636246268029,-7.423094721924372,5.256894659132636,36.314259943504666,30.852779818965338,-5.461480124539328,6.200608778516984,74.32722950551398,59.97168108880167,-14.355548416712317,6.715332522688247,99.13941698403963,78.84100823686674,-20.298408747172886,6.926515174247116,38.0129695620093,29.11890126983632,-8.894068292172982,5.728755168952186,62.825157040534954,47.988228417901404,-14.83692862263355,6.754235548983043,24.81218747852565,18.869327148065082,-5.942860330460569,6.157290476809643
escs_h_cc,CAN,36,481.0202214160769,470.89476554217555,-10.12545587390133,3.9350330897956236,505.9819744491497,500.8795515717317,-5.1024228774179505,3.9144251724982526,529.6530861256381,522.0508224956608,-7.602263629977301,3.927550306712576,546.959753461173,533.738525566524,-13.221227894649019,4.688775608772304,24.961753033072874,29.984786029556187,5.0230329964833125,4.755746973490363,48.632864709561105,51.15605695348518,2.523192243924072,5.037040713599288,65.93953204509612,62.84376002434844,-3.095772020747674,5.359588320703892,23.671111676488227,21.17127092392899,-2.499840752559237,4.6082994379306355,40.977779012023255,32.858973994792265,-8.11880501723099,5.278528437545808,17.306667335535032,11.687703070863279,-5.618964264671753,4.8659301005785425
escs_h_cc,CHE,36,436.19374046804353,446.4933194299897,10.299578961946168,5.531025076478246,476.339236248178,474.9747925967019,-1.3644436514761082,5.375987290284116,512.3641307327973,505.0093800415114,-7.354750691285915,5.83192333956768,546.8578549228135,532.6225579825789,-14.235296940234662,5.250187214201871,40.145495780134425,28.481473166712227,-11.664022613422198,6.039318776549714,76.17039026475383,58.51606061152169,-17.654329653232146,6.702588888373449,110.66411445477002,86.1292385525893,-24.534875902180715,7.132078600271288,36.02489448461942,30.034587444809468,-5.990307039809956,6.169929435394442,70.51861867463558,57.647765385877065,-12.87085328875851,6.335625600876435,34.493724190016174,27.613177941067597,-6.880546248948576,6.76914649193771
escs_h_cc,CHL,36,422.93407803142543,418.1033788650893,-4.830699166336103,6.237204474330589,445.5897978710711,436.85872237196617,-8.731075499104918,5.692642841995195,461.4179243570159,453.3892713989999,-8.028652958016039,5.578766064401818,493.6004241256117,496.74101804582534,3.1405939202136324,5.422271293437502,22.65571983964561,18.755343506876773,-3.900376332768836,7.2368811728860365,38.48384632559046,35.28589253391047,-3.1979537916799927,7.553713258996435,70.66634609418621,78.63763918073607,7.9712930865498635,8.143041333481333,15.828126485944853,16.530549027033697,0.7024225410888434,6.586561302126942,48.01062625454061,59.8822956738593,11.871669419318692,5.8125574735446905,32.182499768595754,43.35174664682561,11.169246878229856,6.601596920610592
escs_h_cc,COL,36,371.39875196288483,371.00721136468445,-0.391540598200379,4.744364211239913,395.7694383679854,403.76989267412443,8.000454306139034,6.474356796207755,419.49038269138737,422.794740550795,3.3043578594076166,6.6518312657495855,469.1049066467318,465.0222726706722,-4.08263397605964,9.289543272322673,24.370686405100564,32.76268130943997,8.391994904339406,6.602974356277845,48.09163072850249,51.78752918611053,3.6958984576080454,6.970362210362632,97.70615468384696,94.01506130598777,-3.6910933778591897,10.097615149042866,23.72094432340192,19.02484787667057,-4.6960964467313495,5.4101757679739135,73.33546827874639,61.25237999654782,-12.083088282198567,9.373876169593602,49.614523955344474,42.22753211987724,-7.386991835467235,8.516695354072485
escs_h_cc,CZE,36,445.3030879451958,442.57958275647724,-2.7235051887185477,5.395363729720072,482.41305092188367,468.53454230140943,-13.878508620474236,4.873318007399711,504.8555004615021,489.5466590272234,-15.30884143427869,5.34101695366232,544.8774980351566,522.7220026831085,-22.155495352048092,5.655467252633128,37.109962976687775,25.95495954493207,-11.155003431755706,6.32460216643709,59.552412516306205,46.96707627074613,-12.585336245560079,6.0038817296212805,99.57441008996084,80.14241992663108,-19.431990163329758,7.613272563946547,22.44244953961843,21.01211672581406,-1.4303328138043696,5.91170977824233,62.46444711327306,54.18746038169901,-8.276986731574048,6.605254813591763,40.02199757365462,33.17534365588495,-6.846653917769672,6.434915055060581
escs_h_cc,DEU,36,452.19313972797715,441.6182917957329,-10.574847932244268,5.981976038102488,484.46309080154185,482.6109863934036,-1.8521044081382456,6.28912736439599,507.65101564932775,508.36537300562003,0.7143573562922825,7.167131448491777,547.995687603534,551.7595371241518,3.763849520617896,6.2989510692337065,32.26995107356471,40.992694597670706,8.722743524105994,6.430991331733763,55.45787592135066,66.74708120988714,11.289205288536479,7.61865529116379,95.80254787555683,110.14124532841895,14.338697452862121,8.104150527382192,23.18792484778595,25.754386612216422,2.5664617644304712,7.243135945499431,63.53259680199212,69.14855073074824,5.61595392875612,7.426857784035387,40.34467195420618,43.39416411853182,3.049492164325642,7.568761907288558
escs_h_cc,DNK,36,458.34353142528346,444.81658185881423,-13.526949566469227,4.9424389155270925,491.47455971858517,464.1442224132103,-27.330337305374883,5.957015721766412,513.9610468141061,494.8583403000838,-19.102706514022316,6.001420723210166,515.6249405083364,497.65379996722766,-17.971140541108753,6.447692651710902,33.131028293301696,19.327640554396016,-13.80338773890568,6.534260225798333,55.61751538882258,50.04175844126957,-5.57575694755301,6.782703069358358,57.28140908305274,52.83721810841341,-4.4441909746393335,7.658993403692215,22.486487095520893,30.714117886873556,8.227630791352663,6.61690178670892,24.15038078975105,33.509577554017405,9.359196764266354,7.870283677472909,1.6638936942301599,2.795459667143848,1.131565972913688,7.646175754219183
escs_h_cc,ESP,36,446.47470047299674,428.0707564573543,-18.403944015642423,3.811128758652703,468.33074405847975,451.29684069733696,-17.03390336114279,3.7620401213070673,493.48431738706984,475.641853330092,-17.84246405697786,3.424079275196078,515.7228347047467,493.31361404833086,-22.409220656415812,3.585705603724846,21.856043585483,23.226084239982583,1.370040654499583,4.104677606355385,47.00961691407309,47.571096872737705,0.5614799586646129,4.337889989410939,69.24813423174983,65.24285759097657,-4.0052766407732605,4.806627964876281,25.15357332859009,24.34501263275512,-0.80856069583497,3.8052595289698656,47.39209064626682,42.016773350994,-5.375317295272822,4.341800509549424,22.238517317676735,17.671760718238875,-4.566756599437859,3.991718531749168
escs_h_cc,EST,36,484.018344003235,467.19798253709433,-16.82036146614064,5.014646498349758,500.3717723374445,494.98572733434656,-5.386045003097934,5.285226584061614,528.5228179895066,522.6884010039753,-5.834416985531334,5.007613060398711,549.7118616223352,539.0882261201652,-10.623635502169918,5.1023770779315765,16.35342833420946,27.787744797252344,11.434316463042883,6.2160466714030775,44.50447398627166,55.490418466881025,10.985944480609362,6.237977351031569,65.69351761910016,71.89024358307078,6.196725963970621,6.535294018690759,28.1510456520622,27.702673669628677,-0.4483719824335246,6.0705692725364555,49.3400892848907,44.10249878581843,-5.237590499072269,5.7499652192474064,21.189043632828497,16.399825116189753,-4.789218516638744,5.576645938228359
escs_h_cc,FIN,36,462.6552659062205,451.55113936654936,-11.104126539671142,4.4735579415283535,483.11622277849546,478.4121330014144,-4.7040897770810375,4.76805503682453,514.7553487438507,503.68138016777027,-11.07396857608046,4.580227072779248,534.250538287524,523.4435111667979,-10.807027120726161,4.318703755486204,20.460956872274863,26.86099363486509,6.400036762590226,5.504351460010651,52.100082837630325,52.13024080122098,0.03015796359065348,5.484667662252651,71.59527238130357,71.8923718002485,0.2970994189449243,5.74110207497801,31.639125965355465,25.269247166355882,-6.369878798999583,5.520348375755646,51.13431550902871,45.0313781653834,-6.1029373436453085,5.776271262111193,19.495189543673245,19.762130999027523,0.26694145535427793,5.530226744768694
escs_h_cc,FRA,36,438.9647929473984,436.7085636982338,-2.256229249164619,6.011745360714973,470.9444900137385,463.0130290054527,-7.931461008285794,5.712568824967357,499.0553646053043,493.53515074641064,-5.520213858893669,6.484294199840146,536.950401859697,522.1272047027958,-14.823197156901188,6.290403777553471,31.979697066340076,26.304465307218987,-5.67523175912109,6.656220126197099,60.09057165790583,56.82658704817688,-3.2639846097289507,7.235405564738598,97.98560891229847,85.418641004562,-12.566967907736469,7.715394880734127,28.11087459156576,30.522121740957893,2.411247149392132,6.76853154753151,66.0059118459584,59.114175697343036,-6.891736148615358,7.147901359025007,37.89503725439263,28.592053956385136,-9.302983298007497,6.1938745449178345
escs_h_cc,GBR,36,479.7816907486884,480.8482394491669,1.0665487004785064,5.120348639573135,494.8869468937711,501.111343249608,6.224396355836916,5.486734499409179,514.2864519497704,523.6116234564981,9.32517150672777,5.313954882612536,546.6032417965278,545.2230728149798,-1.3801689815479676,6.720373595173793,15.105256145082649,20.263103800441105,5.157847655358456,6.700289892863618,34.504761201081955,42.76338400733133,8.258622806249377,6.829620927774616,66.82155104783944,64.37483336581288,-2.4467176820265593,7.822441382011881,19.399505055999306,22.500280206890228,3.1007751508909216,6.659706436698264,51.71629490275677,44.11172956537179,-7.604565337384983,7.83206859043695,32.316789846757466,21.611449358481558,-10.705340488275908,6.785004257481743
escs_h_cc,GRC,36,410.69840681059475,397.74450324989436,-12.953903560700383,5.96188739813851,430.8754782319379,423.5022896967881,-7.3731885351497795,5.314365344643793,454.46519914038015,452.2978377896935,-2.167361350686633,5.494007248325719,485.5133986928299,472.2027875061077,-13.310611186722213,6.121718861095413,20.177071421343136,25.757786446893714,5.580715025550578,6.114105691671877,43.7667923297854,54.55333453979911,10.786542210013707,6.375660425543631,74.81499188223522,74.45828425621337,-0.35670762602184425,7.925553180124266,23.589720908442267,28.795548092905385,5.205827184463118,5.887069687252537,54.63792046089209,48.70049780931965,-5.93742265157244,6.2487288372018615,31.048199552449823,19.90494971641426,-11.143249836035562,6.563268312877673
escs_h_cc,HUN,36,422.6258782495273,419.0598116883498,-3.5660665611775357,5.823109425683791,456.847024783545,450.53284882108676,-6.3141759624582505,5.543996751150248,498.58730012465,476.18401140698654,-22.403288717663486,6.143777096612349,536.8540837296757,506.2785585115327,-30.575525218143014,5.994777049777791,34.221146534017684,31.47303713273693,-2.748109401280754,6.786289625924032,75.96142187512275,57.124199718636724,-18.83722215648603,7.9366295962361555,114.22820548014855,87.21874682318284,-27.009458656965705,8.161340479815301,41.74027534110507,25.6511625858998,-16.089112755205267,6.5012094305912775,80.00705894613084,55.74570969044591,-24.261349255684927,7.76750155973967,38.26678360502577,30.094547104546116,-8.172236500479656,6.869087556435739
escs_h_cc,IRL,36,483.7672409199892,477.7188507778521,-6.048390142137123,4.156997446277575,510.07682536520895,496.1150366610924,-13.961788704116543,4.700782167642657,531.0517282067531,522.1189304803966,-8.932797726356512,4.831351942792473,550.345007253359,544.9827562951807,-5.362250958178265,4.243054319262099,26.309584445219677,18.396185883240207,-7.91339856197947,5.270907494164747,47.284487286763714,44.40007970254435,-2.8844075842193604,5.538325571940848,66.57776633336967,67.26390551732861,0.686139183958943,5.116223436326946,20.974902841544036,26.003893819304146,5.02899097776011,5.505936362378502,40.268181888149975,48.8677196340884,8.599537745938427,5.362024654457665,19.29327904660594,22.863825814784253,3.570546768178314,5.324671840647251
escs_h_cc,ISL,36,408.05880630122647,413.5192416636137,5.460435362387216,5.326127840227805,440.5342596810066,440.72234833069496,0.1880886496883818,6.161813300012709,461.2463967460918,463.2898132235018,2.0434164774100054,5.730432022046905,471.68562065178213,472.8280595247253,1.1424388729431598,5.374307332596159,32.47545337978009,27.20310666708128,-5.272346712698813,7.860865916073338,53.18759044486533,49.77057155988813,-3.417018884977196,7.659267729676413,63.62681435055566,59.30881786111162,-4.317996489444042,7.634180071462349,20.712137065085233,22.567464892806857,1.8553278277216236,7.91036937577756,31.151360970775567,32.10571119403034,0.9543502232547745,7.870025019731008,10.439223905690335,9.538246301223484,-0.9009776044668509,7.875956772394469
escs_h_cc,ISR,36,422.4326543437357,420.47374080595307,-1.958913537782621,6.8720079003150065,474.0855836406733,465.80900902105014,-8.276574619623148,7.349623283949257,517.0787890884765,486.0748815803354,-31.003907508141083,7.6317003381529815,528.3591359395909,505.37097358978565,-22.988162349805293,6.543821333930059,51.65292929693754,45.33526821509697,-6.317661081840576,8.53876993978815,94.64613474474065,65.6011407743823,-29.044993970358348,8.538875161960947,105.92648159585515,84.89723278383256,-21.029248812022587,8.53518217569637,42.993205447803106,20.265872559285327,-22.72733288851778,8.26603231532297,54.273552298917615,39.5619645687356,-14.711587730182018,8.422486407403966,11.280346851114507,19.29609200945027,8.015745158335763,8.156421630716501
escs_h_cc,ITA,36,449.7901568049618,446.76368547915797,-3.0264713258038114,5.061550807889312,476.53784719414455,474.46948053781387,-2.0683666563306815,4.888122593957669,495.0981875081746,495.83682990863707,0.7386424004624814,5.2307730866976545,519.8340503359702,522.3134886422112,2.4794383062409224,5.684294063443253,26.74769038918284,27.705795058655873,0.958104669473034,5.83599392485243,45.30803070321279,49.07314442947911,3.765113726266314,6.407204433097785,70.04389353100851,75.5498031630531,5.505909632044592,6.974902735372154,18.56034031402995,21.367349370823234,2.8070090567932837,5.707673268825326,43.296203141825664,47.84400810439722,4.547804962571554,6.487241449065965,24.73586282779571,26.47665873357398,1.7407959057782705,5.089204683734027
escs_h_cc,JPN,36,487.7368722518669,475.36459460707164,-12.372277644795247,7.050107240422089,513.3614924294083,502.86347517819814,-10.498017251210115,6.158717580018236,533.0106969480279,522.7239199343928,-10.28677701363506,6.421120665081402,548.3686570318652,545.5927427416837,-2.775914290181504,6.648598935241554,25.62462017754138,27.498880571126442,1.874260393585061,6.85610281625909,45.273824696161064,47.359325327321194,2.08550063116013,8.07415147544901,60.631784779998284,70.22814813461198,9.5963633546137,8.96146703475883,19.649204518619683,19.86044475619475,0.2112402375750655,6.752254747040977,35.00716460245691,42.72926756348553,7.722102961028618,7.572391539976321,15.357960083837224,22.86882280729078,7.510862723453556,6.33244628820721
escs_h_cc,KOR,36,484.24285123609906,472.65699164399166,-11.585859592107397,7.080756057369177,507.01221703929116,512.1085893155152,5.096372276224088,7.287457389073489,532.0260858843527,528.1018814766537,-3.924204407698994,6.195900701026908,555.367112697652,539.0389139958725,-16.32819870177957,6.364542403234092,22.769365803192166,39.45159767152357,16.682231868331407,8.096018747983617,47.78323464825372,55.44488983266196,7.6616551844082394,8.590168112037288,71.12426146155292,66.38192235188075,-4.742339109672173,8.194385601614991,25.013868845061552,15.993292161138385,-9.020576683923167,7.628042404169116,48.35489565836074,26.930324680357177,-21.424570978003562,7.7003507274129115,23.341026813299187,10.937032519218793,-12.403994294080395,7.746188901763514
escs_h_cc,LTU,36,441.1050354097209,449.0121543335339,7.907118923812959,5.486163309054325,470.6356838819349,475.8304351257963,5.194751243861447,5.495088037270513,497.80021031633544,505.6729015338043,7.872691217468855,5.428069097097378,517.3819079087959,513.0273519153258,-4.354555993470171,6.3595892795724085,29.530648472213887,26.818280792262478,-2.7123676799514094,6.852294940434487,56.69517490661449,56.660747200270386,-0.03442770634410408,7.481503215983535,76.27687249907504,64.01519758179188,-12.261674917283159,8.035353672641014,27.164526434400603,29.8424664080079,2.677939973607298,6.526919899148752,46.74622402686115,37.196916789529396,-9.549307237331753,6.954832551306946,19.581697592460547,7.354450381521497,-12.22724721093905,7.171708438695037
escs_h_cc,LVA,36,446.43194975245734,422.0537834990249,-24.378166253432425,5.0871891196794055,469.150209608613,444.4420923878919,-24.708117220721135,5.664973066820299,496.616930383798,468.49737053125546,-28.119559852542523,5.039494127964568,513.886843511986,477.7702679296628,-36.11657558232315,5.046048086353751,22.71825985615563,22.38830888886693,-0.3299509672886991,6.306132039019691,50.1849806313406,46.4435870322305,-3.741393599110104,6.240882554464047,67.45489375952852,55.71648443063778,-11.73840932889074,6.504993067302316,27.466720775184974,24.05527814336357,-3.411442631821405,6.2753793030973,44.73663390337289,33.32817554177084,-11.408458361602051,7.16366959288544,17.269913128187916,9.27289739840727,-7.997015729780646,6.582605906483456
escs_h_cc,MEX,36,383.8755993911428,382.9513745789579,-0.9242248121849457,4.489740700202154,403.6542325056541,405.3989159112215,1.7446834055674003,4.605543733829213,425.6234731412102,422.31328189677845,-3.310191244431735,5.483261694606136,460.96402944998306,452.647760149334,-8.316269300649083,6.934813659573548,19.778633114511173,22.44754133226359,2.668908217752417,4.931894343335658,41.747873750067384,39.36190731782055,-2.385966432246832,6.138682267784639,77.08843005884019,69.69638557037607,-7.392044488464123,7.921255926912737,21.96924063555621,16.91436598555696,-5.0548746499992525,5.415212691857302,57.309796944329015,47.24884423811246,-10.060952706216554,7.311891305156921,35.340556308772804,30.334478252555506,-5.006078056217298,6.483475315276794
escs_h_cc,NLD,36,430.07770757450373,423.82266794132136,-6.255039633182378,7.026847522295838,450.97261079814405,442.8963119150018,-8.076298883142272,7.167576265026259,498.99836334156737,483.6102467903455,-15.388116551221856,6.807613371700561,513.5281057821402,501.6325112159101,-11.895594566230102,6.517148381797266,20.894903223640426,19.073643973680326,-1.8212592499601001,7.665478484104135,68.92065576706372,59.787578849024136,-9.133076918039585,9.070496933335038,83.45039820763652,77.80984327458876,-5.640554933047767,9.027049111763667,48.02575254342329,40.71393487534381,-7.3118176680794775,7.387368171123399,62.5554949839961,58.736199300908424,-3.819295683087674,8.209355166806835,14.529742440572795,18.022264425564618,3.492521984991823,7.316049379052509
escs_h_cc,NOR,36,448.1859063817839,430.5436128296312,-17.64229355215275,5.1223122355295105,479.27784496243555,463.24087905041387,-16.036965912021685,5.548261920584177,501.43648795154456,489.4316924671786,-12.004795484365957,5.631759288163047,519.0622566740542,503.2857734770714,-15.776483196982781,5.4934830703286766,31.091938580651703,32.69726622078267,1.6053276401309695,6.655018543691167,53.25058156976074,58.888079637547456,5.637498067786716,7.220428904524498,70.87635029227036,72.74216064744029,1.865810355169927,7.275124211412231,22.15864298910904,26.19081341676478,4.032170427655739,6.636283161196249,39.78441171161867,40.04489442665762,0.2604827150389539,6.6404644669143815,17.625768722509626,13.854081009892843,-3.7716877126167834,6.472829633858698
escs_h_cc,NZL,36,474.67831071775817,481.25292527664425,6.574614558886083,5.382745324656527,505.13291042112985,504.7259359351262,-0.40697448600366215,6.510796541910588,531.8472538153721,539.2895677743368,7.4423139589646325,5.912120500403393,550.3815040115832,562.0746379450663,11.693133933483182,5.474704903620924,30.45459970337172,23.473010658482018,-6.981589044889702,7.593682978840377,57.168943097614,58.03664249769254,0.8676994000785427,7.258599965379207,75.70319329382502,80.82171266842212,5.118519374597099,7.938357732240356,26.714343394242274,34.563631839210515,7.849288444968241,7.982106215658985,45.2485935904533,57.348702009940084,12.100108419486787,8.265824448354904,18.53425019621102,22.78507017072957,4.250819974518549,7.7178256524688855
escs_h_cc,POL,36,456.3202361887246,458.0498406715957,1.729604482871082,5.405209161245977,480.6939628956485,482.2418195696043,1.5478566739557778,5.42658084077385,509.8250814890092,517.5643555322282,7.739274043218984,6.143403621288331,541.804593430633,536.1988507990336,-5.605742631599355,6.3859381533625355,24.373726706923787,24.19197889800863,-0.18174780891515496,6.135226298262677,53.50484530028458,59.51451486063254,6.009669560347959,7.096991165847346,85.48435724190828,78.1490101274381,-7.335347114470181,8.260220262372378,29.131118593360792,35.32253596262391,6.191417369263117,6.966801200070252,61.11063053498449,53.95703122942946,-7.153599305555026,7.947723295861118,31.979511941623695,18.63449526680555,-13.345016674818144,7.216177152822587
escs_h_cc,PRT,36,442.60504199099813,434.0664578514153,-8.538584139582838,5.417822087964056,467.2076345363872,462.568168766897,-4.6394657694902435,6.114405629825421,494.6080211125699,489.46124680757794,-5.146774304991936,5.208199952749048,523.5669683066908,515.8296265660158,-7.737341740674992,5.375525606624705,24.602592545389108,28.50171091548175,3.8991183700926406,5.752918330552466,52.002979121571755,55.39478895616263,3.391809834590873,5.522316497854363,80.96192631569264,81.76316871460051,0.8012423989078741,6.562484483156519,27.400386576182644,26.893078040680884,-0.5073085355017604,5.9239037512447,56.359333770303536,53.26145779911876,-3.097875971184777,6.723761573128968,28.95894719412089,26.368379758437875,-2.5905674356830133,5.892971523042711
escs_h_cc,SVK,36,404.876487814606,412.93175996157714,8.055272146971163,6.443363200931134,446.2998156304573,449.24260337451807,2.9427877440607517,5.736306494987965,468.4933499443276,474.646322988322,6.15297304399445,6.128143348902419,506.7276985378527,510.9959196029922,4.268221065139528,5.684559626382282,41.423327815851316,36.310843412940805,-5.1124844029105105,6.803501686377251,63.61686212972158,61.71456302674485,-1.902299102976734,8.026583001695537,101.85121072324668,98.06415964141506,-3.7870510818316205,8.417452100337407,22.193534313870277,25.403719613804043,3.210185299933766,7.261314936359509,60.42788290739536,61.75331622847426,1.3254333210789042,7.518107211932671,38.23434859352509,36.34959661467021,-1.8847519788548794,6.413081107816238
escs_h_cc,SVN,36,433.4809003983839,425.7671139616835,-7.7137864367003885,4.900029939741754,463.42546160914026,447.96056283287146,-15.464898776268797,4.753542847557813,492.76728857839635,478.42547503638764,-14.341813542008708,4.993459198170996,501.75212899201995,496.81964444535936,-4.932484546660589,4.74959665460637,29.94456121075651,22.193448871187957,-7.751112339568554,6.866828475333273,59.28638818001251,52.65836107470413,-6.628027105308377,6.732041122695698,68.27122859363605,71.05253048367582,2.781301890039771,6.944352599251671,29.341826969255994,30.464912203516185,1.1230852342601914,6.818974485343852,38.32666738287954,48.85908161248786,10.532414229608321,6.5297526923621225,8.98484041362355,18.39416940897168,9.409328995348131,6.490752646899101
escs_h_cc,SWE,36,448.4058877662127,433.03190212527096,-15.373985640941726,5.245863869289372,482.5243469044155,471.3874061348236,-11.136940769591888,5.165678242543716,517.7484681242129,515.5079527296505,-2.240515394562408,6.171578221106757,542.7539591285397,526.0500182447811,-16.703940883758605,6.124452450156338,34.118459138202766,38.35550400955254,4.237044871349774,6.174163846601165,69.34258035800022,82.47605060437948,13.133470246379261,7.019076813697164,94.34807136232685,93.01811611951022,-1.3299552428166237,7.473284278717208,35.22412121979745,44.120546594826955,8.896425375029501,6.771516352702761,60.22961222412407,54.662612109957685,-5.567000114166383,7.057086813181585,25.005491004326608,10.54206551513073,-14.463425489195878,6.786190073648759
escs_h_cc,TUR,36,431.52111752479624,446.58024538827766,15.059127863481422,4.306198662290784,446.01645835844283,466.9394015665196,20.922943208076788,4.147859394814121,455.7393154963558,482.78122456591035,27.04190906955455,4.948676983222294,496.85319618118075,524.4719492501806,27.618753068999865,4.901778821540173,14.495340833646555,20.35915617824201,5.863815344595455,4.827191513525202,24.218197971559608,36.20097917763263,11.982781206073025,5.71116897837354,65.33207865638454,77.89170386190297,12.55962520551843,6.448034994119776,9.722857137913053,15.84182299939062,6.118965861477568,4.996907384005868,50.836737822737966,57.53254768366096,6.695809860922992,5.858084055150631,41.11388068482491,41.690724684270336,0.5768439994454226,6.116489807946493
escs_h_cc,USA,36,469.50980247346826,461.1458773403174,-8.363925133150872,7.91593030196081,492.25512793846764,491.4121278636965,-0.8430000747711119,8.83707626962543,522.2651369967103,512.8592363316855,-9.405900665024888,13.86739466150471,559.4966776789418,566.6733637655595,7.176686086617792,16.917134251516696,22.745325464999432,30.266250523379096,7.520925058379664,9.197186648245026,52.75533452324212,51.71335899136803,-1.0419755318740869,13.61859428493913,89.98687520547362,105.52748642524212,15.540611219768493,17.017231446433083,30.01000905824268,21.447108467988937,-8.562900590253744,13.418487757662879,67.2415497404742,75.26123590186303,8.019686161388833,17.158390991993596,37.23154068223151,53.81412743387409,16.58258675164258,14.153227322813185
escs_h_cc,OECD,36,444.43889376803315,439.84843692260546,-4.5904568454276955,1.4225340593771467,472.3403303778596,467.75982085453154,-4.580509523328033,1.500403099332286,499.50747469014397,493.54385146677134,-5.963623223372622,1.4059692946016045,525.2576573958579,516.8912812940774,-8.366376101780475,1.5442200078880477,27.9014366098263,27.91138393192596,0.00994732209966287,1.175582935214885,55.06858092211071,53.69541454416585,-1.3731663779448624,1.121523912924817,80.81876362782478,77.0428443714719,-3.7759192563528785,1.3709336134406183,27.167144312284414,25.78403061223988,-1.3831137000445324,1.0539415806433643,52.91732701799847,49.13146043954593,-3.7858665784525343,1.2469607160219975,25.75018270571406,23.34742982730605,-2.402752878408009,1.1434493473854532
